[2025-10-08T08:02:57.462+0000] {processor.py:161} INFO - Started process (PID=86) to work on /home/airflow/.local/lib/python3.12/site-packages/airflow/example_dags/example_setup_teardown.py
[2025-10-08T08:02:57.481+0000] {processor.py:830} INFO - Processing file /home/airflow/.local/lib/python3.12/site-packages/airflow/example_dags/example_setup_teardown.py for tasks to queue
[2025-10-08T08:02:57.524+0000] {logging_mixin.py:188} INFO - [2025-10-08T08:02:57.522+0000] {dagbag.py:545} INFO - Filling up the DagBag from /home/airflow/.local/lib/python3.12/site-packages/airflow/example_dags/example_setup_teardown.py
[2025-10-08T08:02:57.735+0000] {processor.py:840} INFO - DAG(s) 'example_setup_teardown' retrieved from /home/airflow/.local/lib/python3.12/site-packages/airflow/example_dags/example_setup_teardown.py
[2025-10-08T08:02:58.342+0000] {logging_mixin.py:188} INFO - [2025-10-08T08:02:58.341+0000] {override.py:1829} INFO - Created Permission View: can edit on DAG:example_setup_teardown
[2025-10-08T08:02:58.380+0000] {logging_mixin.py:188} INFO - [2025-10-08T08:02:58.379+0000] {override.py:1829} INFO - Created Permission View: can delete on DAG:example_setup_teardown
[2025-10-08T08:02:58.398+0000] {logging_mixin.py:188} INFO - [2025-10-08T08:02:58.398+0000] {override.py:1829} INFO - Created Permission View: can read on DAG:example_setup_teardown
[2025-10-08T08:02:58.401+0000] {logging_mixin.py:188} INFO - [2025-10-08T08:02:58.400+0000] {dag.py:3096} INFO - Sync 1 DAGs
[2025-10-08T08:02:58.497+0000] {logging_mixin.py:188} INFO - [2025-10-08T08:02:58.496+0000] {dag.py:3118} INFO - Creating ORM DAG for example_setup_teardown
[2025-10-08T08:02:58.625+0000] {logging_mixin.py:188} INFO - [2025-10-08T08:02:58.622+0000] {dag.py:3954} INFO - Setting next_dagrun for example_setup_teardown to 2025-10-07 00:00:00+00:00, run_after=2025-10-08 00:00:00+00:00
[2025-10-08T08:02:58.707+0000] {processor.py:183} INFO - Processing /home/airflow/.local/lib/python3.12/site-packages/airflow/example_dags/example_setup_teardown.py took 1.333 seconds
[2025-10-08T08:03:29.222+0000] {processor.py:161} INFO - Started process (PID=144) to work on /home/airflow/.local/lib/python3.12/site-packages/airflow/example_dags/example_setup_teardown.py
[2025-10-08T08:03:29.230+0000] {processor.py:830} INFO - Processing file /home/airflow/.local/lib/python3.12/site-packages/airflow/example_dags/example_setup_teardown.py for tasks to queue
[2025-10-08T08:03:29.233+0000] {logging_mixin.py:188} INFO - [2025-10-08T08:03:29.233+0000] {dagbag.py:545} INFO - Filling up the DagBag from /home/airflow/.local/lib/python3.12/site-packages/airflow/example_dags/example_setup_teardown.py
[2025-10-08T08:03:29.248+0000] {processor.py:840} INFO - DAG(s) 'example_setup_teardown' retrieved from /home/airflow/.local/lib/python3.12/site-packages/airflow/example_dags/example_setup_teardown.py
[2025-10-08T08:03:29.291+0000] {logging_mixin.py:188} INFO - [2025-10-08T08:03:29.290+0000] {dag.py:3096} INFO - Sync 1 DAGs
[2025-10-08T08:03:29.323+0000] {logging_mixin.py:188} INFO - [2025-10-08T08:03:29.322+0000] {dag.py:3954} INFO - Setting next_dagrun for example_setup_teardown to 2025-10-07 00:00:00+00:00, run_after=2025-10-08 00:00:00+00:00
[2025-10-08T08:03:29.353+0000] {processor.py:183} INFO - Processing /home/airflow/.local/lib/python3.12/site-packages/airflow/example_dags/example_setup_teardown.py took 0.146 seconds
[2025-10-08T08:03:59.568+0000] {processor.py:161} INFO - Started process (PID=202) to work on /home/airflow/.local/lib/python3.12/site-packages/airflow/example_dags/example_setup_teardown.py
[2025-10-08T08:03:59.570+0000] {processor.py:830} INFO - Processing file /home/airflow/.local/lib/python3.12/site-packages/airflow/example_dags/example_setup_teardown.py for tasks to queue
[2025-10-08T08:03:59.573+0000] {logging_mixin.py:188} INFO - [2025-10-08T08:03:59.572+0000] {dagbag.py:545} INFO - Filling up the DagBag from /home/airflow/.local/lib/python3.12/site-packages/airflow/example_dags/example_setup_teardown.py
[2025-10-08T08:03:59.583+0000] {processor.py:840} INFO - DAG(s) 'example_setup_teardown' retrieved from /home/airflow/.local/lib/python3.12/site-packages/airflow/example_dags/example_setup_teardown.py
[2025-10-08T08:03:59.613+0000] {logging_mixin.py:188} INFO - [2025-10-08T08:03:59.613+0000] {dag.py:3096} INFO - Sync 1 DAGs
[2025-10-08T08:03:59.649+0000] {logging_mixin.py:188} INFO - [2025-10-08T08:03:59.648+0000] {dag.py:3954} INFO - Setting next_dagrun for example_setup_teardown to 2025-10-07 00:00:00+00:00, run_after=2025-10-08 00:00:00+00:00
[2025-10-08T08:03:59.685+0000] {processor.py:183} INFO - Processing /home/airflow/.local/lib/python3.12/site-packages/airflow/example_dags/example_setup_teardown.py took 0.125 seconds
[2025-10-08T08:04:29.846+0000] {processor.py:161} INFO - Started process (PID=260) to work on /home/airflow/.local/lib/python3.12/site-packages/airflow/example_dags/example_setup_teardown.py
[2025-10-08T08:04:29.849+0000] {processor.py:830} INFO - Processing file /home/airflow/.local/lib/python3.12/site-packages/airflow/example_dags/example_setup_teardown.py for tasks to queue
[2025-10-08T08:04:29.855+0000] {logging_mixin.py:188} INFO - [2025-10-08T08:04:29.854+0000] {dagbag.py:545} INFO - Filling up the DagBag from /home/airflow/.local/lib/python3.12/site-packages/airflow/example_dags/example_setup_teardown.py
[2025-10-08T08:04:29.877+0000] {processor.py:840} INFO - DAG(s) 'example_setup_teardown' retrieved from /home/airflow/.local/lib/python3.12/site-packages/airflow/example_dags/example_setup_teardown.py
[2025-10-08T08:04:29.935+0000] {logging_mixin.py:188} INFO - [2025-10-08T08:04:29.934+0000] {dag.py:3096} INFO - Sync 1 DAGs
[2025-10-08T08:04:29.992+0000] {logging_mixin.py:188} INFO - [2025-10-08T08:04:29.991+0000] {dag.py:3954} INFO - Setting next_dagrun for example_setup_teardown to 2025-10-07 00:00:00+00:00, run_after=2025-10-08 00:00:00+00:00
[2025-10-08T08:04:30.064+0000] {processor.py:183} INFO - Processing /home/airflow/.local/lib/python3.12/site-packages/airflow/example_dags/example_setup_teardown.py took 0.234 seconds
[2025-10-08T08:05:01.095+0000] {processor.py:161} INFO - Started process (PID=318) to work on /home/airflow/.local/lib/python3.12/site-packages/airflow/example_dags/example_setup_teardown.py
[2025-10-08T08:05:01.098+0000] {processor.py:830} INFO - Processing file /home/airflow/.local/lib/python3.12/site-packages/airflow/example_dags/example_setup_teardown.py for tasks to queue
[2025-10-08T08:05:01.104+0000] {logging_mixin.py:188} INFO - [2025-10-08T08:05:01.103+0000] {dagbag.py:545} INFO - Filling up the DagBag from /home/airflow/.local/lib/python3.12/site-packages/airflow/example_dags/example_setup_teardown.py
[2025-10-08T08:05:01.123+0000] {processor.py:840} INFO - DAG(s) 'example_setup_teardown' retrieved from /home/airflow/.local/lib/python3.12/site-packages/airflow/example_dags/example_setup_teardown.py
[2025-10-08T08:05:01.162+0000] {logging_mixin.py:188} INFO - [2025-10-08T08:05:01.161+0000] {dag.py:3096} INFO - Sync 1 DAGs
[2025-10-08T08:05:01.193+0000] {logging_mixin.py:188} INFO - [2025-10-08T08:05:01.193+0000] {dag.py:3954} INFO - Setting next_dagrun for example_setup_teardown to 2025-10-07 00:00:00+00:00, run_after=2025-10-08 00:00:00+00:00
[2025-10-08T08:05:01.227+0000] {processor.py:183} INFO - Processing /home/airflow/.local/lib/python3.12/site-packages/airflow/example_dags/example_setup_teardown.py took 0.145 seconds
[2025-10-08T08:05:31.460+0000] {processor.py:161} INFO - Started process (PID=376) to work on /home/airflow/.local/lib/python3.12/site-packages/airflow/example_dags/example_setup_teardown.py
[2025-10-08T08:05:31.464+0000] {processor.py:830} INFO - Processing file /home/airflow/.local/lib/python3.12/site-packages/airflow/example_dags/example_setup_teardown.py for tasks to queue
[2025-10-08T08:05:31.468+0000] {logging_mixin.py:188} INFO - [2025-10-08T08:05:31.467+0000] {dagbag.py:545} INFO - Filling up the DagBag from /home/airflow/.local/lib/python3.12/site-packages/airflow/example_dags/example_setup_teardown.py
[2025-10-08T08:05:31.490+0000] {processor.py:840} INFO - DAG(s) 'example_setup_teardown' retrieved from /home/airflow/.local/lib/python3.12/site-packages/airflow/example_dags/example_setup_teardown.py
[2025-10-08T08:05:31.543+0000] {logging_mixin.py:188} INFO - [2025-10-08T08:05:31.543+0000] {dag.py:3096} INFO - Sync 1 DAGs
[2025-10-08T08:05:31.590+0000] {logging_mixin.py:188} INFO - [2025-10-08T08:05:31.590+0000] {dag.py:3954} INFO - Setting next_dagrun for example_setup_teardown to 2025-10-07 00:00:00+00:00, run_after=2025-10-08 00:00:00+00:00
[2025-10-08T08:05:31.627+0000] {processor.py:183} INFO - Processing /home/airflow/.local/lib/python3.12/site-packages/airflow/example_dags/example_setup_teardown.py took 0.187 seconds
[2025-10-08T08:06:01.718+0000] {processor.py:161} INFO - Started process (PID=434) to work on /home/airflow/.local/lib/python3.12/site-packages/airflow/example_dags/example_setup_teardown.py
[2025-10-08T08:06:01.720+0000] {processor.py:830} INFO - Processing file /home/airflow/.local/lib/python3.12/site-packages/airflow/example_dags/example_setup_teardown.py for tasks to queue
[2025-10-08T08:06:01.723+0000] {logging_mixin.py:188} INFO - [2025-10-08T08:06:01.723+0000] {dagbag.py:545} INFO - Filling up the DagBag from /home/airflow/.local/lib/python3.12/site-packages/airflow/example_dags/example_setup_teardown.py
[2025-10-08T08:06:01.734+0000] {processor.py:840} INFO - DAG(s) 'example_setup_teardown' retrieved from /home/airflow/.local/lib/python3.12/site-packages/airflow/example_dags/example_setup_teardown.py
[2025-10-08T08:06:01.765+0000] {logging_mixin.py:188} INFO - [2025-10-08T08:06:01.765+0000] {dag.py:3096} INFO - Sync 1 DAGs
[2025-10-08T08:06:01.795+0000] {logging_mixin.py:188} INFO - [2025-10-08T08:06:01.794+0000] {dag.py:3954} INFO - Setting next_dagrun for example_setup_teardown to 2025-10-07 00:00:00+00:00, run_after=2025-10-08 00:00:00+00:00
[2025-10-08T08:06:01.852+0000] {processor.py:183} INFO - Processing /home/airflow/.local/lib/python3.12/site-packages/airflow/example_dags/example_setup_teardown.py took 0.142 seconds
[2025-10-08T08:07:46.973+0000] {processor.py:161} INFO - Started process (PID=75) to work on /home/airflow/.local/lib/python3.12/site-packages/airflow/example_dags/example_setup_teardown.py
[2025-10-08T08:07:46.976+0000] {processor.py:830} INFO - Processing file /home/airflow/.local/lib/python3.12/site-packages/airflow/example_dags/example_setup_teardown.py for tasks to queue
[2025-10-08T08:07:46.980+0000] {logging_mixin.py:188} INFO - [2025-10-08T08:07:46.980+0000] {dagbag.py:545} INFO - Filling up the DagBag from /home/airflow/.local/lib/python3.12/site-packages/airflow/example_dags/example_setup_teardown.py
[2025-10-08T08:07:47.079+0000] {processor.py:840} INFO - DAG(s) 'example_setup_teardown' retrieved from /home/airflow/.local/lib/python3.12/site-packages/airflow/example_dags/example_setup_teardown.py
[2025-10-08T08:07:47.463+0000] {logging_mixin.py:188} INFO - [2025-10-08T08:07:47.462+0000] {dag.py:3096} INFO - Sync 1 DAGs
[2025-10-08T08:07:47.499+0000] {logging_mixin.py:188} INFO - [2025-10-08T08:07:47.498+0000] {dag.py:3954} INFO - Setting next_dagrun for example_setup_teardown to 2025-10-07 00:00:00+00:00, run_after=2025-10-08 00:00:00+00:00
[2025-10-08T08:07:47.538+0000] {processor.py:183} INFO - Processing /home/airflow/.local/lib/python3.12/site-packages/airflow/example_dags/example_setup_teardown.py took 0.576 seconds
[2025-10-08T08:08:17.646+0000] {processor.py:161} INFO - Started process (PID=133) to work on /home/airflow/.local/lib/python3.12/site-packages/airflow/example_dags/example_setup_teardown.py
[2025-10-08T08:08:17.650+0000] {processor.py:830} INFO - Processing file /home/airflow/.local/lib/python3.12/site-packages/airflow/example_dags/example_setup_teardown.py for tasks to queue
[2025-10-08T08:08:17.654+0000] {logging_mixin.py:188} INFO - [2025-10-08T08:08:17.653+0000] {dagbag.py:545} INFO - Filling up the DagBag from /home/airflow/.local/lib/python3.12/site-packages/airflow/example_dags/example_setup_teardown.py
[2025-10-08T08:08:17.671+0000] {processor.py:840} INFO - DAG(s) 'example_setup_teardown' retrieved from /home/airflow/.local/lib/python3.12/site-packages/airflow/example_dags/example_setup_teardown.py
[2025-10-08T08:08:17.723+0000] {logging_mixin.py:188} INFO - [2025-10-08T08:08:17.722+0000] {dag.py:3096} INFO - Sync 1 DAGs
[2025-10-08T08:08:17.758+0000] {logging_mixin.py:188} INFO - [2025-10-08T08:08:17.757+0000] {dag.py:3954} INFO - Setting next_dagrun for example_setup_teardown to 2025-10-07 00:00:00+00:00, run_after=2025-10-08 00:00:00+00:00
[2025-10-08T08:08:17.802+0000] {processor.py:183} INFO - Processing /home/airflow/.local/lib/python3.12/site-packages/airflow/example_dags/example_setup_teardown.py took 0.166 seconds
[2025-10-08T08:08:48.200+0000] {processor.py:161} INFO - Started process (PID=191) to work on /home/airflow/.local/lib/python3.12/site-packages/airflow/example_dags/example_setup_teardown.py
[2025-10-08T08:08:48.203+0000] {processor.py:830} INFO - Processing file /home/airflow/.local/lib/python3.12/site-packages/airflow/example_dags/example_setup_teardown.py for tasks to queue
[2025-10-08T08:08:48.208+0000] {logging_mixin.py:188} INFO - [2025-10-08T08:08:48.207+0000] {dagbag.py:545} INFO - Filling up the DagBag from /home/airflow/.local/lib/python3.12/site-packages/airflow/example_dags/example_setup_teardown.py
[2025-10-08T08:08:48.225+0000] {processor.py:840} INFO - DAG(s) 'example_setup_teardown' retrieved from /home/airflow/.local/lib/python3.12/site-packages/airflow/example_dags/example_setup_teardown.py
[2025-10-08T08:08:48.275+0000] {logging_mixin.py:188} INFO - [2025-10-08T08:08:48.274+0000] {dag.py:3096} INFO - Sync 1 DAGs
[2025-10-08T08:08:48.329+0000] {logging_mixin.py:188} INFO - [2025-10-08T08:08:48.329+0000] {dag.py:3954} INFO - Setting next_dagrun for example_setup_teardown to 2025-10-07 00:00:00+00:00, run_after=2025-10-08 00:00:00+00:00
[2025-10-08T08:08:48.367+0000] {processor.py:183} INFO - Processing /home/airflow/.local/lib/python3.12/site-packages/airflow/example_dags/example_setup_teardown.py took 0.183 seconds
[2025-10-08T08:09:18.562+0000] {processor.py:161} INFO - Started process (PID=249) to work on /home/airflow/.local/lib/python3.12/site-packages/airflow/example_dags/example_setup_teardown.py
[2025-10-08T08:09:18.566+0000] {processor.py:830} INFO - Processing file /home/airflow/.local/lib/python3.12/site-packages/airflow/example_dags/example_setup_teardown.py for tasks to queue
[2025-10-08T08:09:18.570+0000] {logging_mixin.py:188} INFO - [2025-10-08T08:09:18.569+0000] {dagbag.py:545} INFO - Filling up the DagBag from /home/airflow/.local/lib/python3.12/site-packages/airflow/example_dags/example_setup_teardown.py
[2025-10-08T08:09:18.588+0000] {processor.py:840} INFO - DAG(s) 'example_setup_teardown' retrieved from /home/airflow/.local/lib/python3.12/site-packages/airflow/example_dags/example_setup_teardown.py
[2025-10-08T08:09:18.655+0000] {logging_mixin.py:188} INFO - [2025-10-08T08:09:18.654+0000] {dag.py:3096} INFO - Sync 1 DAGs
[2025-10-08T08:09:18.726+0000] {logging_mixin.py:188} INFO - [2025-10-08T08:09:18.726+0000] {dag.py:3954} INFO - Setting next_dagrun for example_setup_teardown to 2025-10-07 00:00:00+00:00, run_after=2025-10-08 00:00:00+00:00
[2025-10-08T08:09:18.800+0000] {processor.py:183} INFO - Processing /home/airflow/.local/lib/python3.12/site-packages/airflow/example_dags/example_setup_teardown.py took 0.252 seconds
[2025-10-08T08:09:49.266+0000] {processor.py:161} INFO - Started process (PID=307) to work on /home/airflow/.local/lib/python3.12/site-packages/airflow/example_dags/example_setup_teardown.py
[2025-10-08T08:09:49.269+0000] {processor.py:830} INFO - Processing file /home/airflow/.local/lib/python3.12/site-packages/airflow/example_dags/example_setup_teardown.py for tasks to queue
[2025-10-08T08:09:49.274+0000] {logging_mixin.py:188} INFO - [2025-10-08T08:09:49.273+0000] {dagbag.py:545} INFO - Filling up the DagBag from /home/airflow/.local/lib/python3.12/site-packages/airflow/example_dags/example_setup_teardown.py
[2025-10-08T08:09:49.291+0000] {processor.py:840} INFO - DAG(s) 'example_setup_teardown' retrieved from /home/airflow/.local/lib/python3.12/site-packages/airflow/example_dags/example_setup_teardown.py
[2025-10-08T08:09:49.330+0000] {logging_mixin.py:188} INFO - [2025-10-08T08:09:49.330+0000] {dag.py:3096} INFO - Sync 1 DAGs
[2025-10-08T08:09:49.357+0000] {logging_mixin.py:188} INFO - [2025-10-08T08:09:49.357+0000] {dag.py:3954} INFO - Setting next_dagrun for example_setup_teardown to 2025-10-07 00:00:00+00:00, run_after=2025-10-08 00:00:00+00:00
[2025-10-08T08:09:49.387+0000] {processor.py:183} INFO - Processing /home/airflow/.local/lib/python3.12/site-packages/airflow/example_dags/example_setup_teardown.py took 0.136 seconds
[2025-10-08T08:10:19.729+0000] {processor.py:161} INFO - Started process (PID=365) to work on /home/airflow/.local/lib/python3.12/site-packages/airflow/example_dags/example_setup_teardown.py
[2025-10-08T08:10:19.731+0000] {processor.py:830} INFO - Processing file /home/airflow/.local/lib/python3.12/site-packages/airflow/example_dags/example_setup_teardown.py for tasks to queue
[2025-10-08T08:10:19.736+0000] {logging_mixin.py:188} INFO - [2025-10-08T08:10:19.735+0000] {dagbag.py:545} INFO - Filling up the DagBag from /home/airflow/.local/lib/python3.12/site-packages/airflow/example_dags/example_setup_teardown.py
[2025-10-08T08:10:19.746+0000] {processor.py:840} INFO - DAG(s) 'example_setup_teardown' retrieved from /home/airflow/.local/lib/python3.12/site-packages/airflow/example_dags/example_setup_teardown.py
[2025-10-08T08:10:19.778+0000] {logging_mixin.py:188} INFO - [2025-10-08T08:10:19.778+0000] {dag.py:3096} INFO - Sync 1 DAGs
[2025-10-08T08:10:19.816+0000] {logging_mixin.py:188} INFO - [2025-10-08T08:10:19.816+0000] {dag.py:3954} INFO - Setting next_dagrun for example_setup_teardown to 2025-10-07 00:00:00+00:00, run_after=2025-10-08 00:00:00+00:00
[2025-10-08T08:10:19.845+0000] {processor.py:183} INFO - Processing /home/airflow/.local/lib/python3.12/site-packages/airflow/example_dags/example_setup_teardown.py took 0.129 seconds
[2025-10-08T08:10:50.620+0000] {processor.py:161} INFO - Started process (PID=423) to work on /home/airflow/.local/lib/python3.12/site-packages/airflow/example_dags/example_setup_teardown.py
[2025-10-08T08:10:50.622+0000] {processor.py:830} INFO - Processing file /home/airflow/.local/lib/python3.12/site-packages/airflow/example_dags/example_setup_teardown.py for tasks to queue
[2025-10-08T08:10:50.626+0000] {logging_mixin.py:188} INFO - [2025-10-08T08:10:50.625+0000] {dagbag.py:545} INFO - Filling up the DagBag from /home/airflow/.local/lib/python3.12/site-packages/airflow/example_dags/example_setup_teardown.py
[2025-10-08T08:10:50.637+0000] {processor.py:840} INFO - DAG(s) 'example_setup_teardown' retrieved from /home/airflow/.local/lib/python3.12/site-packages/airflow/example_dags/example_setup_teardown.py
[2025-10-08T08:10:50.681+0000] {logging_mixin.py:188} INFO - [2025-10-08T08:10:50.680+0000] {dag.py:3096} INFO - Sync 1 DAGs
[2025-10-08T08:10:50.718+0000] {logging_mixin.py:188} INFO - [2025-10-08T08:10:50.717+0000] {dag.py:3954} INFO - Setting next_dagrun for example_setup_teardown to 2025-10-07 00:00:00+00:00, run_after=2025-10-08 00:00:00+00:00
[2025-10-08T08:10:50.748+0000] {processor.py:183} INFO - Processing /home/airflow/.local/lib/python3.12/site-packages/airflow/example_dags/example_setup_teardown.py took 0.138 seconds
[2025-10-08T08:11:21.509+0000] {processor.py:161} INFO - Started process (PID=481) to work on /home/airflow/.local/lib/python3.12/site-packages/airflow/example_dags/example_setup_teardown.py
[2025-10-08T08:11:21.513+0000] {processor.py:830} INFO - Processing file /home/airflow/.local/lib/python3.12/site-packages/airflow/example_dags/example_setup_teardown.py for tasks to queue
[2025-10-08T08:11:21.521+0000] {logging_mixin.py:188} INFO - [2025-10-08T08:11:21.520+0000] {dagbag.py:545} INFO - Filling up the DagBag from /home/airflow/.local/lib/python3.12/site-packages/airflow/example_dags/example_setup_teardown.py
[2025-10-08T08:11:21.543+0000] {processor.py:840} INFO - DAG(s) 'example_setup_teardown' retrieved from /home/airflow/.local/lib/python3.12/site-packages/airflow/example_dags/example_setup_teardown.py
[2025-10-08T08:11:21.579+0000] {logging_mixin.py:188} INFO - [2025-10-08T08:11:21.578+0000] {dag.py:3096} INFO - Sync 1 DAGs
[2025-10-08T08:11:21.614+0000] {logging_mixin.py:188} INFO - [2025-10-08T08:11:21.614+0000] {dag.py:3954} INFO - Setting next_dagrun for example_setup_teardown to 2025-10-07 00:00:00+00:00, run_after=2025-10-08 00:00:00+00:00
[2025-10-08T08:11:21.649+0000] {processor.py:183} INFO - Processing /home/airflow/.local/lib/python3.12/site-packages/airflow/example_dags/example_setup_teardown.py took 0.162 seconds
[2025-10-08T08:11:51.863+0000] {processor.py:161} INFO - Started process (PID=539) to work on /home/airflow/.local/lib/python3.12/site-packages/airflow/example_dags/example_setup_teardown.py
[2025-10-08T08:11:51.865+0000] {processor.py:830} INFO - Processing file /home/airflow/.local/lib/python3.12/site-packages/airflow/example_dags/example_setup_teardown.py for tasks to queue
[2025-10-08T08:11:51.869+0000] {logging_mixin.py:188} INFO - [2025-10-08T08:11:51.869+0000] {dagbag.py:545} INFO - Filling up the DagBag from /home/airflow/.local/lib/python3.12/site-packages/airflow/example_dags/example_setup_teardown.py
[2025-10-08T08:11:51.888+0000] {processor.py:840} INFO - DAG(s) 'example_setup_teardown' retrieved from /home/airflow/.local/lib/python3.12/site-packages/airflow/example_dags/example_setup_teardown.py
[2025-10-08T08:11:51.936+0000] {logging_mixin.py:188} INFO - [2025-10-08T08:11:51.936+0000] {dag.py:3096} INFO - Sync 1 DAGs
[2025-10-08T08:11:51.981+0000] {logging_mixin.py:188} INFO - [2025-10-08T08:11:51.981+0000] {dag.py:3954} INFO - Setting next_dagrun for example_setup_teardown to 2025-10-07 00:00:00+00:00, run_after=2025-10-08 00:00:00+00:00
[2025-10-08T08:11:52.010+0000] {processor.py:183} INFO - Processing /home/airflow/.local/lib/python3.12/site-packages/airflow/example_dags/example_setup_teardown.py took 0.166 seconds
[2025-10-08T08:12:22.337+0000] {processor.py:161} INFO - Started process (PID=597) to work on /home/airflow/.local/lib/python3.12/site-packages/airflow/example_dags/example_setup_teardown.py
[2025-10-08T08:12:22.339+0000] {processor.py:830} INFO - Processing file /home/airflow/.local/lib/python3.12/site-packages/airflow/example_dags/example_setup_teardown.py for tasks to queue
[2025-10-08T08:12:22.342+0000] {logging_mixin.py:188} INFO - [2025-10-08T08:12:22.342+0000] {dagbag.py:545} INFO - Filling up the DagBag from /home/airflow/.local/lib/python3.12/site-packages/airflow/example_dags/example_setup_teardown.py
[2025-10-08T08:12:22.352+0000] {processor.py:840} INFO - DAG(s) 'example_setup_teardown' retrieved from /home/airflow/.local/lib/python3.12/site-packages/airflow/example_dags/example_setup_teardown.py
[2025-10-08T08:12:22.386+0000] {logging_mixin.py:188} INFO - [2025-10-08T08:12:22.386+0000] {dag.py:3096} INFO - Sync 1 DAGs
[2025-10-08T08:12:22.431+0000] {logging_mixin.py:188} INFO - [2025-10-08T08:12:22.430+0000] {dag.py:3954} INFO - Setting next_dagrun for example_setup_teardown to 2025-10-07 00:00:00+00:00, run_after=2025-10-08 00:00:00+00:00
[2025-10-08T08:12:22.461+0000] {processor.py:183} INFO - Processing /home/airflow/.local/lib/python3.12/site-packages/airflow/example_dags/example_setup_teardown.py took 0.141 seconds
[2025-10-08T08:12:52.920+0000] {processor.py:161} INFO - Started process (PID=655) to work on /home/airflow/.local/lib/python3.12/site-packages/airflow/example_dags/example_setup_teardown.py
[2025-10-08T08:12:52.923+0000] {processor.py:830} INFO - Processing file /home/airflow/.local/lib/python3.12/site-packages/airflow/example_dags/example_setup_teardown.py for tasks to queue
[2025-10-08T08:12:52.927+0000] {logging_mixin.py:188} INFO - [2025-10-08T08:12:52.926+0000] {dagbag.py:545} INFO - Filling up the DagBag from /home/airflow/.local/lib/python3.12/site-packages/airflow/example_dags/example_setup_teardown.py
[2025-10-08T08:12:52.938+0000] {processor.py:840} INFO - DAG(s) 'example_setup_teardown' retrieved from /home/airflow/.local/lib/python3.12/site-packages/airflow/example_dags/example_setup_teardown.py
[2025-10-08T08:12:52.975+0000] {logging_mixin.py:188} INFO - [2025-10-08T08:12:52.975+0000] {dag.py:3096} INFO - Sync 1 DAGs
[2025-10-08T08:12:53.011+0000] {logging_mixin.py:188} INFO - [2025-10-08T08:12:53.011+0000] {dag.py:3954} INFO - Setting next_dagrun for example_setup_teardown to 2025-10-07 00:00:00+00:00, run_after=2025-10-08 00:00:00+00:00
[2025-10-08T08:12:53.045+0000] {processor.py:183} INFO - Processing /home/airflow/.local/lib/python3.12/site-packages/airflow/example_dags/example_setup_teardown.py took 0.139 seconds
[2025-10-08T08:13:23.190+0000] {processor.py:161} INFO - Started process (PID=713) to work on /home/airflow/.local/lib/python3.12/site-packages/airflow/example_dags/example_setup_teardown.py
[2025-10-08T08:13:23.194+0000] {processor.py:830} INFO - Processing file /home/airflow/.local/lib/python3.12/site-packages/airflow/example_dags/example_setup_teardown.py for tasks to queue
[2025-10-08T08:13:23.200+0000] {logging_mixin.py:188} INFO - [2025-10-08T08:13:23.198+0000] {dagbag.py:545} INFO - Filling up the DagBag from /home/airflow/.local/lib/python3.12/site-packages/airflow/example_dags/example_setup_teardown.py
[2025-10-08T08:13:23.215+0000] {processor.py:840} INFO - DAG(s) 'example_setup_teardown' retrieved from /home/airflow/.local/lib/python3.12/site-packages/airflow/example_dags/example_setup_teardown.py
[2025-10-08T08:13:23.251+0000] {logging_mixin.py:188} INFO - [2025-10-08T08:13:23.251+0000] {dag.py:3096} INFO - Sync 1 DAGs
[2025-10-08T08:13:23.284+0000] {logging_mixin.py:188} INFO - [2025-10-08T08:13:23.284+0000] {dag.py:3954} INFO - Setting next_dagrun for example_setup_teardown to 2025-10-07 00:00:00+00:00, run_after=2025-10-08 00:00:00+00:00
[2025-10-08T08:13:23.317+0000] {processor.py:183} INFO - Processing /home/airflow/.local/lib/python3.12/site-packages/airflow/example_dags/example_setup_teardown.py took 0.143 seconds
[2025-10-08T08:13:53.880+0000] {processor.py:161} INFO - Started process (PID=771) to work on /home/airflow/.local/lib/python3.12/site-packages/airflow/example_dags/example_setup_teardown.py
[2025-10-08T08:13:53.881+0000] {processor.py:830} INFO - Processing file /home/airflow/.local/lib/python3.12/site-packages/airflow/example_dags/example_setup_teardown.py for tasks to queue
[2025-10-08T08:13:53.884+0000] {logging_mixin.py:188} INFO - [2025-10-08T08:13:53.884+0000] {dagbag.py:545} INFO - Filling up the DagBag from /home/airflow/.local/lib/python3.12/site-packages/airflow/example_dags/example_setup_teardown.py
[2025-10-08T08:13:53.895+0000] {processor.py:840} INFO - DAG(s) 'example_setup_teardown' retrieved from /home/airflow/.local/lib/python3.12/site-packages/airflow/example_dags/example_setup_teardown.py
[2025-10-08T08:13:53.924+0000] {logging_mixin.py:188} INFO - [2025-10-08T08:13:53.924+0000] {dag.py:3096} INFO - Sync 1 DAGs
[2025-10-08T08:13:53.960+0000] {logging_mixin.py:188} INFO - [2025-10-08T08:13:53.959+0000] {dag.py:3954} INFO - Setting next_dagrun for example_setup_teardown to 2025-10-07 00:00:00+00:00, run_after=2025-10-08 00:00:00+00:00
[2025-10-08T08:13:54.004+0000] {processor.py:183} INFO - Processing /home/airflow/.local/lib/python3.12/site-packages/airflow/example_dags/example_setup_teardown.py took 0.133 seconds
[2025-10-08T08:14:24.365+0000] {processor.py:161} INFO - Started process (PID=829) to work on /home/airflow/.local/lib/python3.12/site-packages/airflow/example_dags/example_setup_teardown.py
[2025-10-08T08:14:24.367+0000] {processor.py:830} INFO - Processing file /home/airflow/.local/lib/python3.12/site-packages/airflow/example_dags/example_setup_teardown.py for tasks to queue
[2025-10-08T08:14:24.370+0000] {logging_mixin.py:188} INFO - [2025-10-08T08:14:24.370+0000] {dagbag.py:545} INFO - Filling up the DagBag from /home/airflow/.local/lib/python3.12/site-packages/airflow/example_dags/example_setup_teardown.py
[2025-10-08T08:14:24.380+0000] {processor.py:840} INFO - DAG(s) 'example_setup_teardown' retrieved from /home/airflow/.local/lib/python3.12/site-packages/airflow/example_dags/example_setup_teardown.py
[2025-10-08T08:14:24.419+0000] {logging_mixin.py:188} INFO - [2025-10-08T08:14:24.419+0000] {dag.py:3096} INFO - Sync 1 DAGs
[2025-10-08T08:14:24.449+0000] {logging_mixin.py:188} INFO - [2025-10-08T08:14:24.449+0000] {dag.py:3954} INFO - Setting next_dagrun for example_setup_teardown to 2025-10-07 00:00:00+00:00, run_after=2025-10-08 00:00:00+00:00
[2025-10-08T08:14:24.481+0000] {processor.py:183} INFO - Processing /home/airflow/.local/lib/python3.12/site-packages/airflow/example_dags/example_setup_teardown.py took 0.125 seconds
[2025-10-08T08:14:55.141+0000] {processor.py:161} INFO - Started process (PID=886) to work on /home/airflow/.local/lib/python3.12/site-packages/airflow/example_dags/example_setup_teardown.py
[2025-10-08T08:14:55.144+0000] {processor.py:830} INFO - Processing file /home/airflow/.local/lib/python3.12/site-packages/airflow/example_dags/example_setup_teardown.py for tasks to queue
[2025-10-08T08:14:55.149+0000] {logging_mixin.py:188} INFO - [2025-10-08T08:14:55.148+0000] {dagbag.py:545} INFO - Filling up the DagBag from /home/airflow/.local/lib/python3.12/site-packages/airflow/example_dags/example_setup_teardown.py
[2025-10-08T08:14:55.164+0000] {processor.py:840} INFO - DAG(s) 'example_setup_teardown' retrieved from /home/airflow/.local/lib/python3.12/site-packages/airflow/example_dags/example_setup_teardown.py
[2025-10-08T08:14:55.213+0000] {logging_mixin.py:188} INFO - [2025-10-08T08:14:55.213+0000] {dag.py:3096} INFO - Sync 1 DAGs
[2025-10-08T08:14:55.251+0000] {logging_mixin.py:188} INFO - [2025-10-08T08:14:55.251+0000] {dag.py:3954} INFO - Setting next_dagrun for example_setup_teardown to 2025-10-07 00:00:00+00:00, run_after=2025-10-08 00:00:00+00:00
[2025-10-08T08:14:55.280+0000] {processor.py:183} INFO - Processing /home/airflow/.local/lib/python3.12/site-packages/airflow/example_dags/example_setup_teardown.py took 0.153 seconds
[2025-10-08T08:15:25.899+0000] {processor.py:161} INFO - Started process (PID=944) to work on /home/airflow/.local/lib/python3.12/site-packages/airflow/example_dags/example_setup_teardown.py
[2025-10-08T08:15:25.915+0000] {processor.py:830} INFO - Processing file /home/airflow/.local/lib/python3.12/site-packages/airflow/example_dags/example_setup_teardown.py for tasks to queue
[2025-10-08T08:15:25.942+0000] {logging_mixin.py:188} INFO - [2025-10-08T08:15:25.941+0000] {dagbag.py:545} INFO - Filling up the DagBag from /home/airflow/.local/lib/python3.12/site-packages/airflow/example_dags/example_setup_teardown.py
[2025-10-08T08:15:25.980+0000] {processor.py:840} INFO - DAG(s) 'example_setup_teardown' retrieved from /home/airflow/.local/lib/python3.12/site-packages/airflow/example_dags/example_setup_teardown.py
[2025-10-08T08:15:26.089+0000] {logging_mixin.py:188} INFO - [2025-10-08T08:15:26.088+0000] {dag.py:3096} INFO - Sync 1 DAGs
[2025-10-08T08:15:26.163+0000] {logging_mixin.py:188} INFO - [2025-10-08T08:15:26.162+0000] {dag.py:3954} INFO - Setting next_dagrun for example_setup_teardown to 2025-10-07 00:00:00+00:00, run_after=2025-10-08 00:00:00+00:00
[2025-10-08T08:15:26.212+0000] {processor.py:183} INFO - Processing /home/airflow/.local/lib/python3.12/site-packages/airflow/example_dags/example_setup_teardown.py took 0.347 seconds
[2025-10-08T08:15:56.492+0000] {processor.py:161} INFO - Started process (PID=1002) to work on /home/airflow/.local/lib/python3.12/site-packages/airflow/example_dags/example_setup_teardown.py
[2025-10-08T08:15:56.494+0000] {processor.py:830} INFO - Processing file /home/airflow/.local/lib/python3.12/site-packages/airflow/example_dags/example_setup_teardown.py for tasks to queue
[2025-10-08T08:15:56.497+0000] {logging_mixin.py:188} INFO - [2025-10-08T08:15:56.497+0000] {dagbag.py:545} INFO - Filling up the DagBag from /home/airflow/.local/lib/python3.12/site-packages/airflow/example_dags/example_setup_teardown.py
[2025-10-08T08:15:56.510+0000] {processor.py:840} INFO - DAG(s) 'example_setup_teardown' retrieved from /home/airflow/.local/lib/python3.12/site-packages/airflow/example_dags/example_setup_teardown.py
[2025-10-08T08:15:56.551+0000] {logging_mixin.py:188} INFO - [2025-10-08T08:15:56.551+0000] {dag.py:3096} INFO - Sync 1 DAGs
[2025-10-08T08:15:56.582+0000] {logging_mixin.py:188} INFO - [2025-10-08T08:15:56.582+0000] {dag.py:3954} INFO - Setting next_dagrun for example_setup_teardown to 2025-10-07 00:00:00+00:00, run_after=2025-10-08 00:00:00+00:00
[2025-10-08T08:15:56.648+0000] {processor.py:183} INFO - Processing /home/airflow/.local/lib/python3.12/site-packages/airflow/example_dags/example_setup_teardown.py took 0.168 seconds
[2025-10-08T08:16:27.004+0000] {processor.py:161} INFO - Started process (PID=1060) to work on /home/airflow/.local/lib/python3.12/site-packages/airflow/example_dags/example_setup_teardown.py
[2025-10-08T08:16:27.008+0000] {processor.py:830} INFO - Processing file /home/airflow/.local/lib/python3.12/site-packages/airflow/example_dags/example_setup_teardown.py for tasks to queue
[2025-10-08T08:16:27.011+0000] {logging_mixin.py:188} INFO - [2025-10-08T08:16:27.011+0000] {dagbag.py:545} INFO - Filling up the DagBag from /home/airflow/.local/lib/python3.12/site-packages/airflow/example_dags/example_setup_teardown.py
[2025-10-08T08:16:27.021+0000] {processor.py:840} INFO - DAG(s) 'example_setup_teardown' retrieved from /home/airflow/.local/lib/python3.12/site-packages/airflow/example_dags/example_setup_teardown.py
[2025-10-08T08:16:27.049+0000] {logging_mixin.py:188} INFO - [2025-10-08T08:16:27.049+0000] {dag.py:3096} INFO - Sync 1 DAGs
[2025-10-08T08:16:27.077+0000] {logging_mixin.py:188} INFO - [2025-10-08T08:16:27.077+0000] {dag.py:3954} INFO - Setting next_dagrun for example_setup_teardown to 2025-10-07 00:00:00+00:00, run_after=2025-10-08 00:00:00+00:00
[2025-10-08T08:16:27.104+0000] {processor.py:183} INFO - Processing /home/airflow/.local/lib/python3.12/site-packages/airflow/example_dags/example_setup_teardown.py took 0.116 seconds
[2025-10-08T08:16:57.181+0000] {processor.py:161} INFO - Started process (PID=1118) to work on /home/airflow/.local/lib/python3.12/site-packages/airflow/example_dags/example_setup_teardown.py
[2025-10-08T08:16:57.183+0000] {processor.py:830} INFO - Processing file /home/airflow/.local/lib/python3.12/site-packages/airflow/example_dags/example_setup_teardown.py for tasks to queue
[2025-10-08T08:16:57.187+0000] {logging_mixin.py:188} INFO - [2025-10-08T08:16:57.186+0000] {dagbag.py:545} INFO - Filling up the DagBag from /home/airflow/.local/lib/python3.12/site-packages/airflow/example_dags/example_setup_teardown.py
[2025-10-08T08:16:57.201+0000] {processor.py:840} INFO - DAG(s) 'example_setup_teardown' retrieved from /home/airflow/.local/lib/python3.12/site-packages/airflow/example_dags/example_setup_teardown.py
[2025-10-08T08:16:57.234+0000] {logging_mixin.py:188} INFO - [2025-10-08T08:16:57.234+0000] {dag.py:3096} INFO - Sync 1 DAGs
[2025-10-08T08:16:57.274+0000] {logging_mixin.py:188} INFO - [2025-10-08T08:16:57.273+0000] {dag.py:3954} INFO - Setting next_dagrun for example_setup_teardown to 2025-10-07 00:00:00+00:00, run_after=2025-10-08 00:00:00+00:00
[2025-10-08T08:16:57.316+0000] {processor.py:183} INFO - Processing /home/airflow/.local/lib/python3.12/site-packages/airflow/example_dags/example_setup_teardown.py took 0.145 seconds
[2025-10-08T08:17:27.773+0000] {processor.py:161} INFO - Started process (PID=1176) to work on /home/airflow/.local/lib/python3.12/site-packages/airflow/example_dags/example_setup_teardown.py
[2025-10-08T08:17:27.779+0000] {processor.py:830} INFO - Processing file /home/airflow/.local/lib/python3.12/site-packages/airflow/example_dags/example_setup_teardown.py for tasks to queue
[2025-10-08T08:17:27.786+0000] {logging_mixin.py:188} INFO - [2025-10-08T08:17:27.785+0000] {dagbag.py:545} INFO - Filling up the DagBag from /home/airflow/.local/lib/python3.12/site-packages/airflow/example_dags/example_setup_teardown.py
[2025-10-08T08:17:27.807+0000] {processor.py:840} INFO - DAG(s) 'example_setup_teardown' retrieved from /home/airflow/.local/lib/python3.12/site-packages/airflow/example_dags/example_setup_teardown.py
[2025-10-08T08:17:27.868+0000] {logging_mixin.py:188} INFO - [2025-10-08T08:17:27.868+0000] {dag.py:3096} INFO - Sync 1 DAGs
[2025-10-08T08:17:27.903+0000] {logging_mixin.py:188} INFO - [2025-10-08T08:17:27.903+0000] {dag.py:3954} INFO - Setting next_dagrun for example_setup_teardown to 2025-10-07 00:00:00+00:00, run_after=2025-10-08 00:00:00+00:00
[2025-10-08T08:17:27.960+0000] {processor.py:183} INFO - Processing /home/airflow/.local/lib/python3.12/site-packages/airflow/example_dags/example_setup_teardown.py took 0.204 seconds
[2025-10-08T08:17:58.611+0000] {processor.py:161} INFO - Started process (PID=1235) to work on /home/airflow/.local/lib/python3.12/site-packages/airflow/example_dags/example_setup_teardown.py
[2025-10-08T08:17:58.614+0000] {processor.py:830} INFO - Processing file /home/airflow/.local/lib/python3.12/site-packages/airflow/example_dags/example_setup_teardown.py for tasks to queue
[2025-10-08T08:17:58.618+0000] {logging_mixin.py:188} INFO - [2025-10-08T08:17:58.617+0000] {dagbag.py:545} INFO - Filling up the DagBag from /home/airflow/.local/lib/python3.12/site-packages/airflow/example_dags/example_setup_teardown.py
[2025-10-08T08:17:58.627+0000] {processor.py:840} INFO - DAG(s) 'example_setup_teardown' retrieved from /home/airflow/.local/lib/python3.12/site-packages/airflow/example_dags/example_setup_teardown.py
[2025-10-08T08:17:58.659+0000] {logging_mixin.py:188} INFO - [2025-10-08T08:17:58.659+0000] {dag.py:3096} INFO - Sync 1 DAGs
[2025-10-08T08:17:58.692+0000] {logging_mixin.py:188} INFO - [2025-10-08T08:17:58.692+0000] {dag.py:3954} INFO - Setting next_dagrun for example_setup_teardown to 2025-10-07 00:00:00+00:00, run_after=2025-10-08 00:00:00+00:00
[2025-10-08T08:17:58.926+0000] {processor.py:183} INFO - Processing /home/airflow/.local/lib/python3.12/site-packages/airflow/example_dags/example_setup_teardown.py took 0.328 seconds
[2025-10-08T08:18:29.110+0000] {processor.py:161} INFO - Started process (PID=1295) to work on /home/airflow/.local/lib/python3.12/site-packages/airflow/example_dags/example_setup_teardown.py
[2025-10-08T08:18:29.113+0000] {processor.py:830} INFO - Processing file /home/airflow/.local/lib/python3.12/site-packages/airflow/example_dags/example_setup_teardown.py for tasks to queue
[2025-10-08T08:18:29.118+0000] {logging_mixin.py:188} INFO - [2025-10-08T08:18:29.117+0000] {dagbag.py:545} INFO - Filling up the DagBag from /home/airflow/.local/lib/python3.12/site-packages/airflow/example_dags/example_setup_teardown.py
[2025-10-08T08:18:29.134+0000] {processor.py:840} INFO - DAG(s) 'example_setup_teardown' retrieved from /home/airflow/.local/lib/python3.12/site-packages/airflow/example_dags/example_setup_teardown.py
[2025-10-08T08:18:29.186+0000] {logging_mixin.py:188} INFO - [2025-10-08T08:18:29.185+0000] {dag.py:3096} INFO - Sync 1 DAGs
[2025-10-08T08:18:29.233+0000] {logging_mixin.py:188} INFO - [2025-10-08T08:18:29.233+0000] {dag.py:3954} INFO - Setting next_dagrun for example_setup_teardown to 2025-10-07 00:00:00+00:00, run_after=2025-10-08 00:00:00+00:00
[2025-10-08T08:18:29.265+0000] {processor.py:183} INFO - Processing /home/airflow/.local/lib/python3.12/site-packages/airflow/example_dags/example_setup_teardown.py took 0.170 seconds
[2025-10-08T08:18:59.822+0000] {processor.py:161} INFO - Started process (PID=1354) to work on /home/airflow/.local/lib/python3.12/site-packages/airflow/example_dags/example_setup_teardown.py
[2025-10-08T08:18:59.825+0000] {processor.py:830} INFO - Processing file /home/airflow/.local/lib/python3.12/site-packages/airflow/example_dags/example_setup_teardown.py for tasks to queue
[2025-10-08T08:18:59.829+0000] {logging_mixin.py:188} INFO - [2025-10-08T08:18:59.829+0000] {dagbag.py:545} INFO - Filling up the DagBag from /home/airflow/.local/lib/python3.12/site-packages/airflow/example_dags/example_setup_teardown.py
[2025-10-08T08:18:59.843+0000] {processor.py:840} INFO - DAG(s) 'example_setup_teardown' retrieved from /home/airflow/.local/lib/python3.12/site-packages/airflow/example_dags/example_setup_teardown.py
[2025-10-08T08:18:59.879+0000] {logging_mixin.py:188} INFO - [2025-10-08T08:18:59.879+0000] {dag.py:3096} INFO - Sync 1 DAGs
[2025-10-08T08:18:59.918+0000] {logging_mixin.py:188} INFO - [2025-10-08T08:18:59.917+0000] {dag.py:3954} INFO - Setting next_dagrun for example_setup_teardown to 2025-10-07 00:00:00+00:00, run_after=2025-10-08 00:00:00+00:00
[2025-10-08T08:18:59.974+0000] {processor.py:183} INFO - Processing /home/airflow/.local/lib/python3.12/site-packages/airflow/example_dags/example_setup_teardown.py took 0.165 seconds
[2025-10-08T08:19:31.541+0000] {processor.py:161} INFO - Started process (PID=1413) to work on /home/airflow/.local/lib/python3.12/site-packages/airflow/example_dags/example_setup_teardown.py
[2025-10-08T08:19:31.544+0000] {processor.py:830} INFO - Processing file /home/airflow/.local/lib/python3.12/site-packages/airflow/example_dags/example_setup_teardown.py for tasks to queue
[2025-10-08T08:19:31.548+0000] {logging_mixin.py:188} INFO - [2025-10-08T08:19:31.547+0000] {dagbag.py:545} INFO - Filling up the DagBag from /home/airflow/.local/lib/python3.12/site-packages/airflow/example_dags/example_setup_teardown.py
[2025-10-08T08:19:31.561+0000] {processor.py:840} INFO - DAG(s) 'example_setup_teardown' retrieved from /home/airflow/.local/lib/python3.12/site-packages/airflow/example_dags/example_setup_teardown.py
[2025-10-08T08:19:31.603+0000] {logging_mixin.py:188} INFO - [2025-10-08T08:19:31.602+0000] {dag.py:3096} INFO - Sync 1 DAGs
[2025-10-08T08:19:31.807+0000] {logging_mixin.py:188} INFO - [2025-10-08T08:19:31.807+0000] {dag.py:3954} INFO - Setting next_dagrun for example_setup_teardown to 2025-10-07 00:00:00+00:00, run_after=2025-10-08 00:00:00+00:00
[2025-10-08T08:19:31.834+0000] {processor.py:183} INFO - Processing /home/airflow/.local/lib/python3.12/site-packages/airflow/example_dags/example_setup_teardown.py took 0.304 seconds
[2025-10-08T08:20:02.941+0000] {processor.py:161} INFO - Started process (PID=1472) to work on /home/airflow/.local/lib/python3.12/site-packages/airflow/example_dags/example_setup_teardown.py
[2025-10-08T08:20:02.944+0000] {processor.py:830} INFO - Processing file /home/airflow/.local/lib/python3.12/site-packages/airflow/example_dags/example_setup_teardown.py for tasks to queue
[2025-10-08T08:20:02.949+0000] {logging_mixin.py:188} INFO - [2025-10-08T08:20:02.948+0000] {dagbag.py:545} INFO - Filling up the DagBag from /home/airflow/.local/lib/python3.12/site-packages/airflow/example_dags/example_setup_teardown.py
[2025-10-08T08:20:02.965+0000] {processor.py:840} INFO - DAG(s) 'example_setup_teardown' retrieved from /home/airflow/.local/lib/python3.12/site-packages/airflow/example_dags/example_setup_teardown.py
[2025-10-08T08:20:03.013+0000] {logging_mixin.py:188} INFO - [2025-10-08T08:20:03.012+0000] {dag.py:3096} INFO - Sync 1 DAGs
[2025-10-08T08:20:03.062+0000] {logging_mixin.py:188} INFO - [2025-10-08T08:20:03.061+0000] {dag.py:3954} INFO - Setting next_dagrun for example_setup_teardown to 2025-10-07 00:00:00+00:00, run_after=2025-10-08 00:00:00+00:00
[2025-10-08T08:20:03.303+0000] {processor.py:183} INFO - Processing /home/airflow/.local/lib/python3.12/site-packages/airflow/example_dags/example_setup_teardown.py took 0.393 seconds
[2025-10-08T08:20:33.655+0000] {processor.py:161} INFO - Started process (PID=1531) to work on /home/airflow/.local/lib/python3.12/site-packages/airflow/example_dags/example_setup_teardown.py
[2025-10-08T08:20:33.658+0000] {processor.py:830} INFO - Processing file /home/airflow/.local/lib/python3.12/site-packages/airflow/example_dags/example_setup_teardown.py for tasks to queue
[2025-10-08T08:20:33.663+0000] {logging_mixin.py:188} INFO - [2025-10-08T08:20:33.662+0000] {dagbag.py:545} INFO - Filling up the DagBag from /home/airflow/.local/lib/python3.12/site-packages/airflow/example_dags/example_setup_teardown.py
[2025-10-08T08:20:33.675+0000] {processor.py:840} INFO - DAG(s) 'example_setup_teardown' retrieved from /home/airflow/.local/lib/python3.12/site-packages/airflow/example_dags/example_setup_teardown.py
[2025-10-08T08:20:33.707+0000] {logging_mixin.py:188} INFO - [2025-10-08T08:20:33.707+0000] {dag.py:3096} INFO - Sync 1 DAGs
[2025-10-08T08:20:33.739+0000] {logging_mixin.py:188} INFO - [2025-10-08T08:20:33.738+0000] {dag.py:3954} INFO - Setting next_dagrun for example_setup_teardown to 2025-10-07 00:00:00+00:00, run_after=2025-10-08 00:00:00+00:00
[2025-10-08T08:20:33.770+0000] {processor.py:183} INFO - Processing /home/airflow/.local/lib/python3.12/site-packages/airflow/example_dags/example_setup_teardown.py took 0.131 seconds
[2025-10-08T08:21:04.181+0000] {processor.py:161} INFO - Started process (PID=1590) to work on /home/airflow/.local/lib/python3.12/site-packages/airflow/example_dags/example_setup_teardown.py
[2025-10-08T08:21:04.183+0000] {processor.py:830} INFO - Processing file /home/airflow/.local/lib/python3.12/site-packages/airflow/example_dags/example_setup_teardown.py for tasks to queue
[2025-10-08T08:21:04.189+0000] {logging_mixin.py:188} INFO - [2025-10-08T08:21:04.188+0000] {dagbag.py:545} INFO - Filling up the DagBag from /home/airflow/.local/lib/python3.12/site-packages/airflow/example_dags/example_setup_teardown.py
[2025-10-08T08:21:04.206+0000] {processor.py:840} INFO - DAG(s) 'example_setup_teardown' retrieved from /home/airflow/.local/lib/python3.12/site-packages/airflow/example_dags/example_setup_teardown.py
[2025-10-08T08:21:04.248+0000] {logging_mixin.py:188} INFO - [2025-10-08T08:21:04.248+0000] {dag.py:3096} INFO - Sync 1 DAGs
[2025-10-08T08:21:04.282+0000] {logging_mixin.py:188} INFO - [2025-10-08T08:21:04.282+0000] {dag.py:3954} INFO - Setting next_dagrun for example_setup_teardown to 2025-10-07 00:00:00+00:00, run_after=2025-10-08 00:00:00+00:00
[2025-10-08T08:21:04.330+0000] {processor.py:183} INFO - Processing /home/airflow/.local/lib/python3.12/site-packages/airflow/example_dags/example_setup_teardown.py took 0.164 seconds
[2025-10-08T08:21:34.481+0000] {processor.py:161} INFO - Started process (PID=1649) to work on /home/airflow/.local/lib/python3.12/site-packages/airflow/example_dags/example_setup_teardown.py
[2025-10-08T08:21:34.483+0000] {processor.py:830} INFO - Processing file /home/airflow/.local/lib/python3.12/site-packages/airflow/example_dags/example_setup_teardown.py for tasks to queue
[2025-10-08T08:21:34.486+0000] {logging_mixin.py:188} INFO - [2025-10-08T08:21:34.486+0000] {dagbag.py:545} INFO - Filling up the DagBag from /home/airflow/.local/lib/python3.12/site-packages/airflow/example_dags/example_setup_teardown.py
[2025-10-08T08:21:34.497+0000] {processor.py:840} INFO - DAG(s) 'example_setup_teardown' retrieved from /home/airflow/.local/lib/python3.12/site-packages/airflow/example_dags/example_setup_teardown.py
[2025-10-08T08:21:34.532+0000] {logging_mixin.py:188} INFO - [2025-10-08T08:21:34.531+0000] {dag.py:3096} INFO - Sync 1 DAGs
[2025-10-08T08:21:34.562+0000] {logging_mixin.py:188} INFO - [2025-10-08T08:21:34.562+0000] {dag.py:3954} INFO - Setting next_dagrun for example_setup_teardown to 2025-10-07 00:00:00+00:00, run_after=2025-10-08 00:00:00+00:00
[2025-10-08T08:21:34.590+0000] {processor.py:183} INFO - Processing /home/airflow/.local/lib/python3.12/site-packages/airflow/example_dags/example_setup_teardown.py took 0.116 seconds
[2025-10-08T08:22:05.034+0000] {processor.py:161} INFO - Started process (PID=1708) to work on /home/airflow/.local/lib/python3.12/site-packages/airflow/example_dags/example_setup_teardown.py
[2025-10-08T08:22:05.037+0000] {processor.py:830} INFO - Processing file /home/airflow/.local/lib/python3.12/site-packages/airflow/example_dags/example_setup_teardown.py for tasks to queue
[2025-10-08T08:22:05.047+0000] {logging_mixin.py:188} INFO - [2025-10-08T08:22:05.046+0000] {dagbag.py:545} INFO - Filling up the DagBag from /home/airflow/.local/lib/python3.12/site-packages/airflow/example_dags/example_setup_teardown.py
[2025-10-08T08:22:05.073+0000] {processor.py:840} INFO - DAG(s) 'example_setup_teardown' retrieved from /home/airflow/.local/lib/python3.12/site-packages/airflow/example_dags/example_setup_teardown.py
[2025-10-08T08:22:05.131+0000] {logging_mixin.py:188} INFO - [2025-10-08T08:22:05.130+0000] {dag.py:3096} INFO - Sync 1 DAGs
[2025-10-08T08:22:05.171+0000] {logging_mixin.py:188} INFO - [2025-10-08T08:22:05.170+0000] {dag.py:3954} INFO - Setting next_dagrun for example_setup_teardown to 2025-10-07 00:00:00+00:00, run_after=2025-10-08 00:00:00+00:00
[2025-10-08T08:22:05.229+0000] {processor.py:183} INFO - Processing /home/airflow/.local/lib/python3.12/site-packages/airflow/example_dags/example_setup_teardown.py took 0.212 seconds
[2025-10-08T08:22:35.657+0000] {processor.py:161} INFO - Started process (PID=1767) to work on /home/airflow/.local/lib/python3.12/site-packages/airflow/example_dags/example_setup_teardown.py
[2025-10-08T08:22:35.660+0000] {processor.py:830} INFO - Processing file /home/airflow/.local/lib/python3.12/site-packages/airflow/example_dags/example_setup_teardown.py for tasks to queue
[2025-10-08T08:22:35.666+0000] {logging_mixin.py:188} INFO - [2025-10-08T08:22:35.665+0000] {dagbag.py:545} INFO - Filling up the DagBag from /home/airflow/.local/lib/python3.12/site-packages/airflow/example_dags/example_setup_teardown.py
[2025-10-08T08:22:35.684+0000] {processor.py:840} INFO - DAG(s) 'example_setup_teardown' retrieved from /home/airflow/.local/lib/python3.12/site-packages/airflow/example_dags/example_setup_teardown.py
[2025-10-08T08:22:35.726+0000] {logging_mixin.py:188} INFO - [2025-10-08T08:22:35.726+0000] {dag.py:3096} INFO - Sync 1 DAGs
[2025-10-08T08:22:35.769+0000] {logging_mixin.py:188} INFO - [2025-10-08T08:22:35.769+0000] {dag.py:3954} INFO - Setting next_dagrun for example_setup_teardown to 2025-10-07 00:00:00+00:00, run_after=2025-10-08 00:00:00+00:00
[2025-10-08T08:22:35.818+0000] {processor.py:183} INFO - Processing /home/airflow/.local/lib/python3.12/site-packages/airflow/example_dags/example_setup_teardown.py took 0.179 seconds
[2025-10-08T08:23:06.835+0000] {processor.py:161} INFO - Started process (PID=1826) to work on /home/airflow/.local/lib/python3.12/site-packages/airflow/example_dags/example_setup_teardown.py
[2025-10-08T08:23:06.837+0000] {processor.py:830} INFO - Processing file /home/airflow/.local/lib/python3.12/site-packages/airflow/example_dags/example_setup_teardown.py for tasks to queue
[2025-10-08T08:23:06.841+0000] {logging_mixin.py:188} INFO - [2025-10-08T08:23:06.840+0000] {dagbag.py:545} INFO - Filling up the DagBag from /home/airflow/.local/lib/python3.12/site-packages/airflow/example_dags/example_setup_teardown.py
[2025-10-08T08:23:06.853+0000] {processor.py:840} INFO - DAG(s) 'example_setup_teardown' retrieved from /home/airflow/.local/lib/python3.12/site-packages/airflow/example_dags/example_setup_teardown.py
[2025-10-08T08:23:06.890+0000] {logging_mixin.py:188} INFO - [2025-10-08T08:23:06.890+0000] {dag.py:3096} INFO - Sync 1 DAGs
[2025-10-08T08:23:06.932+0000] {logging_mixin.py:188} INFO - [2025-10-08T08:23:06.932+0000] {dag.py:3954} INFO - Setting next_dagrun for example_setup_teardown to 2025-10-07 00:00:00+00:00, run_after=2025-10-08 00:00:00+00:00
[2025-10-08T08:23:06.964+0000] {processor.py:183} INFO - Processing /home/airflow/.local/lib/python3.12/site-packages/airflow/example_dags/example_setup_teardown.py took 0.142 seconds
[2025-10-08T08:23:37.787+0000] {processor.py:161} INFO - Started process (PID=1885) to work on /home/airflow/.local/lib/python3.12/site-packages/airflow/example_dags/example_setup_teardown.py
[2025-10-08T08:23:37.789+0000] {processor.py:830} INFO - Processing file /home/airflow/.local/lib/python3.12/site-packages/airflow/example_dags/example_setup_teardown.py for tasks to queue
[2025-10-08T08:23:37.793+0000] {logging_mixin.py:188} INFO - [2025-10-08T08:23:37.793+0000] {dagbag.py:545} INFO - Filling up the DagBag from /home/airflow/.local/lib/python3.12/site-packages/airflow/example_dags/example_setup_teardown.py
[2025-10-08T08:23:37.809+0000] {processor.py:840} INFO - DAG(s) 'example_setup_teardown' retrieved from /home/airflow/.local/lib/python3.12/site-packages/airflow/example_dags/example_setup_teardown.py
[2025-10-08T08:23:37.857+0000] {logging_mixin.py:188} INFO - [2025-10-08T08:23:37.857+0000] {dag.py:3096} INFO - Sync 1 DAGs
[2025-10-08T08:23:37.890+0000] {logging_mixin.py:188} INFO - [2025-10-08T08:23:37.890+0000] {dag.py:3954} INFO - Setting next_dagrun for example_setup_teardown to 2025-10-07 00:00:00+00:00, run_after=2025-10-08 00:00:00+00:00
[2025-10-08T08:23:37.923+0000] {processor.py:183} INFO - Processing /home/airflow/.local/lib/python3.12/site-packages/airflow/example_dags/example_setup_teardown.py took 0.155 seconds
[2025-10-08T08:24:08.411+0000] {processor.py:161} INFO - Started process (PID=1944) to work on /home/airflow/.local/lib/python3.12/site-packages/airflow/example_dags/example_setup_teardown.py
[2025-10-08T08:24:08.413+0000] {processor.py:830} INFO - Processing file /home/airflow/.local/lib/python3.12/site-packages/airflow/example_dags/example_setup_teardown.py for tasks to queue
[2025-10-08T08:24:08.418+0000] {logging_mixin.py:188} INFO - [2025-10-08T08:24:08.417+0000] {dagbag.py:545} INFO - Filling up the DagBag from /home/airflow/.local/lib/python3.12/site-packages/airflow/example_dags/example_setup_teardown.py
[2025-10-08T08:24:08.434+0000] {processor.py:840} INFO - DAG(s) 'example_setup_teardown' retrieved from /home/airflow/.local/lib/python3.12/site-packages/airflow/example_dags/example_setup_teardown.py
[2025-10-08T08:24:08.484+0000] {logging_mixin.py:188} INFO - [2025-10-08T08:24:08.483+0000] {dag.py:3096} INFO - Sync 1 DAGs
[2025-10-08T08:24:08.522+0000] {logging_mixin.py:188} INFO - [2025-10-08T08:24:08.522+0000] {dag.py:3954} INFO - Setting next_dagrun for example_setup_teardown to 2025-10-07 00:00:00+00:00, run_after=2025-10-08 00:00:00+00:00
[2025-10-08T08:24:08.580+0000] {processor.py:183} INFO - Processing /home/airflow/.local/lib/python3.12/site-packages/airflow/example_dags/example_setup_teardown.py took 0.182 seconds
[2025-10-08T08:24:38.986+0000] {processor.py:161} INFO - Started process (PID=2003) to work on /home/airflow/.local/lib/python3.12/site-packages/airflow/example_dags/example_setup_teardown.py
[2025-10-08T08:24:38.989+0000] {processor.py:830} INFO - Processing file /home/airflow/.local/lib/python3.12/site-packages/airflow/example_dags/example_setup_teardown.py for tasks to queue
[2025-10-08T08:24:38.995+0000] {logging_mixin.py:188} INFO - [2025-10-08T08:24:38.994+0000] {dagbag.py:545} INFO - Filling up the DagBag from /home/airflow/.local/lib/python3.12/site-packages/airflow/example_dags/example_setup_teardown.py
[2025-10-08T08:24:39.013+0000] {processor.py:840} INFO - DAG(s) 'example_setup_teardown' retrieved from /home/airflow/.local/lib/python3.12/site-packages/airflow/example_dags/example_setup_teardown.py
[2025-10-08T08:24:39.061+0000] {logging_mixin.py:188} INFO - [2025-10-08T08:24:39.061+0000] {dag.py:3096} INFO - Sync 1 DAGs
[2025-10-08T08:24:39.111+0000] {logging_mixin.py:188} INFO - [2025-10-08T08:24:39.110+0000] {dag.py:3954} INFO - Setting next_dagrun for example_setup_teardown to 2025-10-07 00:00:00+00:00, run_after=2025-10-08 00:00:00+00:00
[2025-10-08T08:24:39.168+0000] {processor.py:183} INFO - Processing /home/airflow/.local/lib/python3.12/site-packages/airflow/example_dags/example_setup_teardown.py took 0.197 seconds
[2025-10-08T08:25:09.274+0000] {processor.py:161} INFO - Started process (PID=2062) to work on /home/airflow/.local/lib/python3.12/site-packages/airflow/example_dags/example_setup_teardown.py
[2025-10-08T08:25:09.277+0000] {processor.py:830} INFO - Processing file /home/airflow/.local/lib/python3.12/site-packages/airflow/example_dags/example_setup_teardown.py for tasks to queue
[2025-10-08T08:25:09.282+0000] {logging_mixin.py:188} INFO - [2025-10-08T08:25:09.281+0000] {dagbag.py:545} INFO - Filling up the DagBag from /home/airflow/.local/lib/python3.12/site-packages/airflow/example_dags/example_setup_teardown.py
[2025-10-08T08:25:09.299+0000] {processor.py:840} INFO - DAG(s) 'example_setup_teardown' retrieved from /home/airflow/.local/lib/python3.12/site-packages/airflow/example_dags/example_setup_teardown.py
[2025-10-08T08:25:09.352+0000] {logging_mixin.py:188} INFO - [2025-10-08T08:25:09.351+0000] {dag.py:3096} INFO - Sync 1 DAGs
[2025-10-08T08:25:09.390+0000] {logging_mixin.py:188} INFO - [2025-10-08T08:25:09.389+0000] {dag.py:3954} INFO - Setting next_dagrun for example_setup_teardown to 2025-10-07 00:00:00+00:00, run_after=2025-10-08 00:00:00+00:00
[2025-10-08T08:25:09.425+0000] {processor.py:183} INFO - Processing /home/airflow/.local/lib/python3.12/site-packages/airflow/example_dags/example_setup_teardown.py took 0.165 seconds
[2025-10-08T08:25:40.808+0000] {processor.py:161} INFO - Started process (PID=2121) to work on /home/airflow/.local/lib/python3.12/site-packages/airflow/example_dags/example_setup_teardown.py
[2025-10-08T08:25:40.812+0000] {processor.py:830} INFO - Processing file /home/airflow/.local/lib/python3.12/site-packages/airflow/example_dags/example_setup_teardown.py for tasks to queue
[2025-10-08T08:25:40.818+0000] {logging_mixin.py:188} INFO - [2025-10-08T08:25:40.817+0000] {dagbag.py:545} INFO - Filling up the DagBag from /home/airflow/.local/lib/python3.12/site-packages/airflow/example_dags/example_setup_teardown.py
[2025-10-08T08:25:40.843+0000] {processor.py:840} INFO - DAG(s) 'example_setup_teardown' retrieved from /home/airflow/.local/lib/python3.12/site-packages/airflow/example_dags/example_setup_teardown.py
[2025-10-08T08:25:40.901+0000] {logging_mixin.py:188} INFO - [2025-10-08T08:25:40.900+0000] {dag.py:3096} INFO - Sync 1 DAGs
[2025-10-08T08:25:40.931+0000] {logging_mixin.py:188} INFO - [2025-10-08T08:25:40.931+0000] {dag.py:3954} INFO - Setting next_dagrun for example_setup_teardown to 2025-10-07 00:00:00+00:00, run_after=2025-10-08 00:00:00+00:00
[2025-10-08T08:25:40.960+0000] {processor.py:183} INFO - Processing /home/airflow/.local/lib/python3.12/site-packages/airflow/example_dags/example_setup_teardown.py took 0.168 seconds
[2025-10-08T08:26:11.596+0000] {processor.py:161} INFO - Started process (PID=2180) to work on /home/airflow/.local/lib/python3.12/site-packages/airflow/example_dags/example_setup_teardown.py
[2025-10-08T08:26:11.598+0000] {processor.py:830} INFO - Processing file /home/airflow/.local/lib/python3.12/site-packages/airflow/example_dags/example_setup_teardown.py for tasks to queue
[2025-10-08T08:26:11.601+0000] {logging_mixin.py:188} INFO - [2025-10-08T08:26:11.600+0000] {dagbag.py:545} INFO - Filling up the DagBag from /home/airflow/.local/lib/python3.12/site-packages/airflow/example_dags/example_setup_teardown.py
[2025-10-08T08:26:11.613+0000] {processor.py:840} INFO - DAG(s) 'example_setup_teardown' retrieved from /home/airflow/.local/lib/python3.12/site-packages/airflow/example_dags/example_setup_teardown.py
[2025-10-08T08:26:11.644+0000] {logging_mixin.py:188} INFO - [2025-10-08T08:26:11.643+0000] {dag.py:3096} INFO - Sync 1 DAGs
[2025-10-08T08:26:11.673+0000] {logging_mixin.py:188} INFO - [2025-10-08T08:26:11.673+0000] {dag.py:3954} INFO - Setting next_dagrun for example_setup_teardown to 2025-10-07 00:00:00+00:00, run_after=2025-10-08 00:00:00+00:00
[2025-10-08T08:26:11.700+0000] {processor.py:183} INFO - Processing /home/airflow/.local/lib/python3.12/site-packages/airflow/example_dags/example_setup_teardown.py took 0.120 seconds
[2025-10-08T08:26:42.049+0000] {processor.py:161} INFO - Started process (PID=2239) to work on /home/airflow/.local/lib/python3.12/site-packages/airflow/example_dags/example_setup_teardown.py
[2025-10-08T08:26:42.051+0000] {processor.py:830} INFO - Processing file /home/airflow/.local/lib/python3.12/site-packages/airflow/example_dags/example_setup_teardown.py for tasks to queue
[2025-10-08T08:26:42.055+0000] {logging_mixin.py:188} INFO - [2025-10-08T08:26:42.054+0000] {dagbag.py:545} INFO - Filling up the DagBag from /home/airflow/.local/lib/python3.12/site-packages/airflow/example_dags/example_setup_teardown.py
[2025-10-08T08:26:42.067+0000] {processor.py:840} INFO - DAG(s) 'example_setup_teardown' retrieved from /home/airflow/.local/lib/python3.12/site-packages/airflow/example_dags/example_setup_teardown.py
[2025-10-08T08:26:42.104+0000] {logging_mixin.py:188} INFO - [2025-10-08T08:26:42.104+0000] {dag.py:3096} INFO - Sync 1 DAGs
[2025-10-08T08:26:42.137+0000] {logging_mixin.py:188} INFO - [2025-10-08T08:26:42.137+0000] {dag.py:3954} INFO - Setting next_dagrun for example_setup_teardown to 2025-10-07 00:00:00+00:00, run_after=2025-10-08 00:00:00+00:00
[2025-10-08T08:26:42.168+0000] {processor.py:183} INFO - Processing /home/airflow/.local/lib/python3.12/site-packages/airflow/example_dags/example_setup_teardown.py took 0.129 seconds
[2025-10-08T08:27:12.853+0000] {processor.py:161} INFO - Started process (PID=2298) to work on /home/airflow/.local/lib/python3.12/site-packages/airflow/example_dags/example_setup_teardown.py
[2025-10-08T08:27:12.855+0000] {processor.py:830} INFO - Processing file /home/airflow/.local/lib/python3.12/site-packages/airflow/example_dags/example_setup_teardown.py for tasks to queue
[2025-10-08T08:27:12.860+0000] {logging_mixin.py:188} INFO - [2025-10-08T08:27:12.859+0000] {dagbag.py:545} INFO - Filling up the DagBag from /home/airflow/.local/lib/python3.12/site-packages/airflow/example_dags/example_setup_teardown.py
[2025-10-08T08:27:12.873+0000] {processor.py:840} INFO - DAG(s) 'example_setup_teardown' retrieved from /home/airflow/.local/lib/python3.12/site-packages/airflow/example_dags/example_setup_teardown.py
[2025-10-08T08:27:12.908+0000] {logging_mixin.py:188} INFO - [2025-10-08T08:27:12.908+0000] {dag.py:3096} INFO - Sync 1 DAGs
[2025-10-08T08:27:12.938+0000] {logging_mixin.py:188} INFO - [2025-10-08T08:27:12.937+0000] {dag.py:3954} INFO - Setting next_dagrun for example_setup_teardown to 2025-10-07 00:00:00+00:00, run_after=2025-10-08 00:00:00+00:00
[2025-10-08T08:27:12.969+0000] {processor.py:183} INFO - Processing /home/airflow/.local/lib/python3.12/site-packages/airflow/example_dags/example_setup_teardown.py took 0.129 seconds
[2025-10-08T08:27:44.595+0000] {processor.py:161} INFO - Started process (PID=2357) to work on /home/airflow/.local/lib/python3.12/site-packages/airflow/example_dags/example_setup_teardown.py
[2025-10-08T08:27:44.598+0000] {processor.py:830} INFO - Processing file /home/airflow/.local/lib/python3.12/site-packages/airflow/example_dags/example_setup_teardown.py for tasks to queue
[2025-10-08T08:27:44.610+0000] {logging_mixin.py:188} INFO - [2025-10-08T08:27:44.609+0000] {dagbag.py:545} INFO - Filling up the DagBag from /home/airflow/.local/lib/python3.12/site-packages/airflow/example_dags/example_setup_teardown.py
[2025-10-08T08:27:44.629+0000] {processor.py:840} INFO - DAG(s) 'example_setup_teardown' retrieved from /home/airflow/.local/lib/python3.12/site-packages/airflow/example_dags/example_setup_teardown.py
[2025-10-08T08:27:44.679+0000] {logging_mixin.py:188} INFO - [2025-10-08T08:27:44.679+0000] {dag.py:3096} INFO - Sync 1 DAGs
[2025-10-08T08:27:44.731+0000] {logging_mixin.py:188} INFO - [2025-10-08T08:27:44.731+0000] {dag.py:3954} INFO - Setting next_dagrun for example_setup_teardown to 2025-10-07 00:00:00+00:00, run_after=2025-10-08 00:00:00+00:00
[2025-10-08T08:27:44.786+0000] {processor.py:183} INFO - Processing /home/airflow/.local/lib/python3.12/site-packages/airflow/example_dags/example_setup_teardown.py took 0.200 seconds
[2025-10-08T08:28:15.257+0000] {processor.py:161} INFO - Started process (PID=2416) to work on /home/airflow/.local/lib/python3.12/site-packages/airflow/example_dags/example_setup_teardown.py
[2025-10-08T08:28:15.259+0000] {processor.py:830} INFO - Processing file /home/airflow/.local/lib/python3.12/site-packages/airflow/example_dags/example_setup_teardown.py for tasks to queue
[2025-10-08T08:28:15.262+0000] {logging_mixin.py:188} INFO - [2025-10-08T08:28:15.262+0000] {dagbag.py:545} INFO - Filling up the DagBag from /home/airflow/.local/lib/python3.12/site-packages/airflow/example_dags/example_setup_teardown.py
[2025-10-08T08:28:15.273+0000] {processor.py:840} INFO - DAG(s) 'example_setup_teardown' retrieved from /home/airflow/.local/lib/python3.12/site-packages/airflow/example_dags/example_setup_teardown.py
[2025-10-08T08:28:15.305+0000] {logging_mixin.py:188} INFO - [2025-10-08T08:28:15.305+0000] {dag.py:3096} INFO - Sync 1 DAGs
[2025-10-08T08:28:15.339+0000] {logging_mixin.py:188} INFO - [2025-10-08T08:28:15.339+0000] {dag.py:3954} INFO - Setting next_dagrun for example_setup_teardown to 2025-10-07 00:00:00+00:00, run_after=2025-10-08 00:00:00+00:00
[2025-10-08T08:28:15.390+0000] {processor.py:183} INFO - Processing /home/airflow/.local/lib/python3.12/site-packages/airflow/example_dags/example_setup_teardown.py took 0.143 seconds
[2025-10-08T08:28:45.938+0000] {processor.py:161} INFO - Started process (PID=2473) to work on /home/airflow/.local/lib/python3.12/site-packages/airflow/example_dags/example_setup_teardown.py
[2025-10-08T08:28:45.941+0000] {processor.py:830} INFO - Processing file /home/airflow/.local/lib/python3.12/site-packages/airflow/example_dags/example_setup_teardown.py for tasks to queue
[2025-10-08T08:28:45.947+0000] {logging_mixin.py:188} INFO - [2025-10-08T08:28:45.946+0000] {dagbag.py:545} INFO - Filling up the DagBag from /home/airflow/.local/lib/python3.12/site-packages/airflow/example_dags/example_setup_teardown.py
[2025-10-08T08:28:45.966+0000] {processor.py:840} INFO - DAG(s) 'example_setup_teardown' retrieved from /home/airflow/.local/lib/python3.12/site-packages/airflow/example_dags/example_setup_teardown.py
[2025-10-08T08:28:46.021+0000] {logging_mixin.py:188} INFO - [2025-10-08T08:28:46.020+0000] {dag.py:3096} INFO - Sync 1 DAGs
[2025-10-08T08:28:46.070+0000] {logging_mixin.py:188} INFO - [2025-10-08T08:28:46.069+0000] {dag.py:3954} INFO - Setting next_dagrun for example_setup_teardown to 2025-10-07 00:00:00+00:00, run_after=2025-10-08 00:00:00+00:00
[2025-10-08T08:28:46.118+0000] {processor.py:183} INFO - Processing /home/airflow/.local/lib/python3.12/site-packages/airflow/example_dags/example_setup_teardown.py took 0.197 seconds
[2025-10-08T08:29:16.271+0000] {processor.py:161} INFO - Started process (PID=2532) to work on /home/airflow/.local/lib/python3.12/site-packages/airflow/example_dags/example_setup_teardown.py
[2025-10-08T08:29:16.272+0000] {processor.py:830} INFO - Processing file /home/airflow/.local/lib/python3.12/site-packages/airflow/example_dags/example_setup_teardown.py for tasks to queue
[2025-10-08T08:29:16.276+0000] {logging_mixin.py:188} INFO - [2025-10-08T08:29:16.275+0000] {dagbag.py:545} INFO - Filling up the DagBag from /home/airflow/.local/lib/python3.12/site-packages/airflow/example_dags/example_setup_teardown.py
[2025-10-08T08:29:16.288+0000] {processor.py:840} INFO - DAG(s) 'example_setup_teardown' retrieved from /home/airflow/.local/lib/python3.12/site-packages/airflow/example_dags/example_setup_teardown.py
[2025-10-08T08:29:16.325+0000] {logging_mixin.py:188} INFO - [2025-10-08T08:29:16.325+0000] {dag.py:3096} INFO - Sync 1 DAGs
[2025-10-08T08:29:16.359+0000] {logging_mixin.py:188} INFO - [2025-10-08T08:29:16.359+0000] {dag.py:3954} INFO - Setting next_dagrun for example_setup_teardown to 2025-10-07 00:00:00+00:00, run_after=2025-10-08 00:00:00+00:00
[2025-10-08T08:29:16.393+0000] {processor.py:183} INFO - Processing /home/airflow/.local/lib/python3.12/site-packages/airflow/example_dags/example_setup_teardown.py took 0.135 seconds
[2025-10-08T08:29:46.562+0000] {processor.py:161} INFO - Started process (PID=2591) to work on /home/airflow/.local/lib/python3.12/site-packages/airflow/example_dags/example_setup_teardown.py
[2025-10-08T08:29:46.564+0000] {processor.py:830} INFO - Processing file /home/airflow/.local/lib/python3.12/site-packages/airflow/example_dags/example_setup_teardown.py for tasks to queue
[2025-10-08T08:29:46.568+0000] {logging_mixin.py:188} INFO - [2025-10-08T08:29:46.567+0000] {dagbag.py:545} INFO - Filling up the DagBag from /home/airflow/.local/lib/python3.12/site-packages/airflow/example_dags/example_setup_teardown.py
[2025-10-08T08:29:46.582+0000] {processor.py:840} INFO - DAG(s) 'example_setup_teardown' retrieved from /home/airflow/.local/lib/python3.12/site-packages/airflow/example_dags/example_setup_teardown.py
[2025-10-08T08:29:46.618+0000] {logging_mixin.py:188} INFO - [2025-10-08T08:29:46.618+0000] {dag.py:3096} INFO - Sync 1 DAGs
[2025-10-08T08:29:46.654+0000] {logging_mixin.py:188} INFO - [2025-10-08T08:29:46.653+0000] {dag.py:3954} INFO - Setting next_dagrun for example_setup_teardown to 2025-10-07 00:00:00+00:00, run_after=2025-10-08 00:00:00+00:00
[2025-10-08T08:29:46.704+0000] {processor.py:183} INFO - Processing /home/airflow/.local/lib/python3.12/site-packages/airflow/example_dags/example_setup_teardown.py took 0.156 seconds
[2025-10-08T08:33:04.045+0000] {processor.py:161} INFO - Started process (PID=2668) to work on /home/airflow/.local/lib/python3.12/site-packages/airflow/example_dags/example_setup_teardown.py
[2025-10-08T08:33:04.047+0000] {processor.py:830} INFO - Processing file /home/airflow/.local/lib/python3.12/site-packages/airflow/example_dags/example_setup_teardown.py for tasks to queue
[2025-10-08T08:33:04.050+0000] {logging_mixin.py:188} INFO - [2025-10-08T08:33:04.049+0000] {dagbag.py:545} INFO - Filling up the DagBag from /home/airflow/.local/lib/python3.12/site-packages/airflow/example_dags/example_setup_teardown.py
[2025-10-08T08:33:04.063+0000] {processor.py:840} INFO - DAG(s) 'example_setup_teardown' retrieved from /home/airflow/.local/lib/python3.12/site-packages/airflow/example_dags/example_setup_teardown.py
[2025-10-08T08:33:04.087+0000] {logging_mixin.py:188} INFO - [2025-10-08T08:33:04.086+0000] {dag.py:3096} INFO - Sync 1 DAGs
[2025-10-08T08:33:04.120+0000] {logging_mixin.py:188} INFO - [2025-10-08T08:33:04.120+0000] {dag.py:3954} INFO - Setting next_dagrun for example_setup_teardown to 2025-10-07 00:00:00+00:00, run_after=2025-10-08 00:00:00+00:00
[2025-10-08T08:33:04.465+0000] {processor.py:183} INFO - Processing /home/airflow/.local/lib/python3.12/site-packages/airflow/example_dags/example_setup_teardown.py took 0.427 seconds
[2025-10-08T08:33:34.726+0000] {processor.py:161} INFO - Started process (PID=2727) to work on /home/airflow/.local/lib/python3.12/site-packages/airflow/example_dags/example_setup_teardown.py
[2025-10-08T08:33:34.726+0000] {processor.py:830} INFO - Processing file /home/airflow/.local/lib/python3.12/site-packages/airflow/example_dags/example_setup_teardown.py for tasks to queue
[2025-10-08T08:33:34.728+0000] {logging_mixin.py:188} INFO - [2025-10-08T08:33:34.728+0000] {dagbag.py:545} INFO - Filling up the DagBag from /home/airflow/.local/lib/python3.12/site-packages/airflow/example_dags/example_setup_teardown.py
[2025-10-08T08:33:34.735+0000] {processor.py:840} INFO - DAG(s) 'example_setup_teardown' retrieved from /home/airflow/.local/lib/python3.12/site-packages/airflow/example_dags/example_setup_teardown.py
[2025-10-08T08:33:34.754+0000] {logging_mixin.py:188} INFO - [2025-10-08T08:33:34.754+0000] {dag.py:3096} INFO - Sync 1 DAGs
[2025-10-08T08:33:34.775+0000] {logging_mixin.py:188} INFO - [2025-10-08T08:33:34.775+0000] {dag.py:3954} INFO - Setting next_dagrun for example_setup_teardown to 2025-10-07 00:00:00+00:00, run_after=2025-10-08 00:00:00+00:00
[2025-10-08T08:33:34.795+0000] {processor.py:183} INFO - Processing /home/airflow/.local/lib/python3.12/site-packages/airflow/example_dags/example_setup_teardown.py took 0.075 seconds
[2025-10-08T08:34:05.366+0000] {processor.py:161} INFO - Started process (PID=2786) to work on /home/airflow/.local/lib/python3.12/site-packages/airflow/example_dags/example_setup_teardown.py
[2025-10-08T08:34:05.367+0000] {processor.py:830} INFO - Processing file /home/airflow/.local/lib/python3.12/site-packages/airflow/example_dags/example_setup_teardown.py for tasks to queue
[2025-10-08T08:34:05.369+0000] {logging_mixin.py:188} INFO - [2025-10-08T08:34:05.368+0000] {dagbag.py:545} INFO - Filling up the DagBag from /home/airflow/.local/lib/python3.12/site-packages/airflow/example_dags/example_setup_teardown.py
[2025-10-08T08:34:05.376+0000] {processor.py:840} INFO - DAG(s) 'example_setup_teardown' retrieved from /home/airflow/.local/lib/python3.12/site-packages/airflow/example_dags/example_setup_teardown.py
[2025-10-08T08:34:05.398+0000] {logging_mixin.py:188} INFO - [2025-10-08T08:34:05.398+0000] {dag.py:3096} INFO - Sync 1 DAGs
[2025-10-08T08:34:05.420+0000] {logging_mixin.py:188} INFO - [2025-10-08T08:34:05.420+0000] {dag.py:3954} INFO - Setting next_dagrun for example_setup_teardown to 2025-10-07 00:00:00+00:00, run_after=2025-10-08 00:00:00+00:00
[2025-10-08T08:34:05.449+0000] {processor.py:183} INFO - Processing /home/airflow/.local/lib/python3.12/site-packages/airflow/example_dags/example_setup_teardown.py took 0.090 seconds
[2025-10-08T08:34:36.557+0000] {processor.py:161} INFO - Started process (PID=2845) to work on /home/airflow/.local/lib/python3.12/site-packages/airflow/example_dags/example_setup_teardown.py
[2025-10-08T08:34:36.560+0000] {processor.py:830} INFO - Processing file /home/airflow/.local/lib/python3.12/site-packages/airflow/example_dags/example_setup_teardown.py for tasks to queue
[2025-10-08T08:34:36.567+0000] {logging_mixin.py:188} INFO - [2025-10-08T08:34:36.566+0000] {dagbag.py:545} INFO - Filling up the DagBag from /home/airflow/.local/lib/python3.12/site-packages/airflow/example_dags/example_setup_teardown.py
[2025-10-08T08:34:36.590+0000] {processor.py:840} INFO - DAG(s) 'example_setup_teardown' retrieved from /home/airflow/.local/lib/python3.12/site-packages/airflow/example_dags/example_setup_teardown.py
[2025-10-08T08:34:36.627+0000] {logging_mixin.py:188} INFO - [2025-10-08T08:34:36.626+0000] {dag.py:3096} INFO - Sync 1 DAGs
[2025-10-08T08:34:36.654+0000] {logging_mixin.py:188} INFO - [2025-10-08T08:34:36.653+0000] {dag.py:3954} INFO - Setting next_dagrun for example_setup_teardown to 2025-10-07 00:00:00+00:00, run_after=2025-10-08 00:00:00+00:00
[2025-10-08T08:34:36.676+0000] {processor.py:183} INFO - Processing /home/airflow/.local/lib/python3.12/site-packages/airflow/example_dags/example_setup_teardown.py took 0.129 seconds
[2025-10-08T08:35:07.176+0000] {processor.py:161} INFO - Started process (PID=2904) to work on /home/airflow/.local/lib/python3.12/site-packages/airflow/example_dags/example_setup_teardown.py
[2025-10-08T08:35:07.177+0000] {processor.py:830} INFO - Processing file /home/airflow/.local/lib/python3.12/site-packages/airflow/example_dags/example_setup_teardown.py for tasks to queue
[2025-10-08T08:35:07.180+0000] {logging_mixin.py:188} INFO - [2025-10-08T08:35:07.180+0000] {dagbag.py:545} INFO - Filling up the DagBag from /home/airflow/.local/lib/python3.12/site-packages/airflow/example_dags/example_setup_teardown.py
[2025-10-08T08:35:07.192+0000] {processor.py:840} INFO - DAG(s) 'example_setup_teardown' retrieved from /home/airflow/.local/lib/python3.12/site-packages/airflow/example_dags/example_setup_teardown.py
[2025-10-08T08:35:07.221+0000] {logging_mixin.py:188} INFO - [2025-10-08T08:35:07.221+0000] {dag.py:3096} INFO - Sync 1 DAGs
[2025-10-08T08:35:07.258+0000] {logging_mixin.py:188} INFO - [2025-10-08T08:35:07.258+0000] {dag.py:3954} INFO - Setting next_dagrun for example_setup_teardown to 2025-10-07 00:00:00+00:00, run_after=2025-10-08 00:00:00+00:00
[2025-10-08T08:35:07.290+0000] {processor.py:183} INFO - Processing /home/airflow/.local/lib/python3.12/site-packages/airflow/example_dags/example_setup_teardown.py took 0.123 seconds
[2025-10-08T08:35:37.434+0000] {processor.py:161} INFO - Started process (PID=2963) to work on /home/airflow/.local/lib/python3.12/site-packages/airflow/example_dags/example_setup_teardown.py
[2025-10-08T08:35:37.435+0000] {processor.py:830} INFO - Processing file /home/airflow/.local/lib/python3.12/site-packages/airflow/example_dags/example_setup_teardown.py for tasks to queue
[2025-10-08T08:35:37.438+0000] {logging_mixin.py:188} INFO - [2025-10-08T08:35:37.438+0000] {dagbag.py:545} INFO - Filling up the DagBag from /home/airflow/.local/lib/python3.12/site-packages/airflow/example_dags/example_setup_teardown.py
[2025-10-08T08:35:37.446+0000] {processor.py:840} INFO - DAG(s) 'example_setup_teardown' retrieved from /home/airflow/.local/lib/python3.12/site-packages/airflow/example_dags/example_setup_teardown.py
[2025-10-08T08:35:37.473+0000] {logging_mixin.py:188} INFO - [2025-10-08T08:35:37.473+0000] {dag.py:3096} INFO - Sync 1 DAGs
[2025-10-08T08:35:37.504+0000] {logging_mixin.py:188} INFO - [2025-10-08T08:35:37.504+0000] {dag.py:3954} INFO - Setting next_dagrun for example_setup_teardown to 2025-10-07 00:00:00+00:00, run_after=2025-10-08 00:00:00+00:00
[2025-10-08T08:35:37.536+0000] {processor.py:183} INFO - Processing /home/airflow/.local/lib/python3.12/site-packages/airflow/example_dags/example_setup_teardown.py took 0.109 seconds
[2025-10-08T08:36:07.958+0000] {processor.py:161} INFO - Started process (PID=3022) to work on /home/airflow/.local/lib/python3.12/site-packages/airflow/example_dags/example_setup_teardown.py
[2025-10-08T08:36:07.960+0000] {processor.py:830} INFO - Processing file /home/airflow/.local/lib/python3.12/site-packages/airflow/example_dags/example_setup_teardown.py for tasks to queue
[2025-10-08T08:36:07.965+0000] {logging_mixin.py:188} INFO - [2025-10-08T08:36:07.965+0000] {dagbag.py:545} INFO - Filling up the DagBag from /home/airflow/.local/lib/python3.12/site-packages/airflow/example_dags/example_setup_teardown.py
[2025-10-08T08:36:07.976+0000] {processor.py:840} INFO - DAG(s) 'example_setup_teardown' retrieved from /home/airflow/.local/lib/python3.12/site-packages/airflow/example_dags/example_setup_teardown.py
[2025-10-08T08:36:08.002+0000] {logging_mixin.py:188} INFO - [2025-10-08T08:36:08.001+0000] {dag.py:3096} INFO - Sync 1 DAGs
[2025-10-08T08:36:08.025+0000] {logging_mixin.py:188} INFO - [2025-10-08T08:36:08.025+0000] {dag.py:3954} INFO - Setting next_dagrun for example_setup_teardown to 2025-10-07 00:00:00+00:00, run_after=2025-10-08 00:00:00+00:00
[2025-10-08T08:36:08.049+0000] {processor.py:183} INFO - Processing /home/airflow/.local/lib/python3.12/site-packages/airflow/example_dags/example_setup_teardown.py took 0.104 seconds
[2025-10-08T08:36:38.554+0000] {processor.py:161} INFO - Started process (PID=3081) to work on /home/airflow/.local/lib/python3.12/site-packages/airflow/example_dags/example_setup_teardown.py
[2025-10-08T08:36:38.556+0000] {processor.py:830} INFO - Processing file /home/airflow/.local/lib/python3.12/site-packages/airflow/example_dags/example_setup_teardown.py for tasks to queue
[2025-10-08T08:36:38.561+0000] {logging_mixin.py:188} INFO - [2025-10-08T08:36:38.561+0000] {dagbag.py:545} INFO - Filling up the DagBag from /home/airflow/.local/lib/python3.12/site-packages/airflow/example_dags/example_setup_teardown.py
[2025-10-08T08:36:38.578+0000] {processor.py:840} INFO - DAG(s) 'example_setup_teardown' retrieved from /home/airflow/.local/lib/python3.12/site-packages/airflow/example_dags/example_setup_teardown.py
[2025-10-08T08:36:38.612+0000] {logging_mixin.py:188} INFO - [2025-10-08T08:36:38.612+0000] {dag.py:3096} INFO - Sync 1 DAGs
[2025-10-08T08:36:38.636+0000] {logging_mixin.py:188} INFO - [2025-10-08T08:36:38.636+0000] {dag.py:3954} INFO - Setting next_dagrun for example_setup_teardown to 2025-10-07 00:00:00+00:00, run_after=2025-10-08 00:00:00+00:00
[2025-10-08T08:36:38.658+0000] {processor.py:183} INFO - Processing /home/airflow/.local/lib/python3.12/site-packages/airflow/example_dags/example_setup_teardown.py took 0.118 seconds
[2025-10-08T08:37:09.339+0000] {processor.py:161} INFO - Started process (PID=3140) to work on /home/airflow/.local/lib/python3.12/site-packages/airflow/example_dags/example_setup_teardown.py
[2025-10-08T08:37:09.351+0000] {processor.py:830} INFO - Processing file /home/airflow/.local/lib/python3.12/site-packages/airflow/example_dags/example_setup_teardown.py for tasks to queue
[2025-10-08T08:37:09.357+0000] {logging_mixin.py:188} INFO - [2025-10-08T08:37:09.356+0000] {dagbag.py:545} INFO - Filling up the DagBag from /home/airflow/.local/lib/python3.12/site-packages/airflow/example_dags/example_setup_teardown.py
[2025-10-08T08:37:09.370+0000] {processor.py:840} INFO - DAG(s) 'example_setup_teardown' retrieved from /home/airflow/.local/lib/python3.12/site-packages/airflow/example_dags/example_setup_teardown.py
[2025-10-08T08:37:09.400+0000] {logging_mixin.py:188} INFO - [2025-10-08T08:37:09.399+0000] {dag.py:3096} INFO - Sync 1 DAGs
[2025-10-08T08:37:09.427+0000] {logging_mixin.py:188} INFO - [2025-10-08T08:37:09.426+0000] {dag.py:3954} INFO - Setting next_dagrun for example_setup_teardown to 2025-10-07 00:00:00+00:00, run_after=2025-10-08 00:00:00+00:00
[2025-10-08T08:37:09.452+0000] {processor.py:183} INFO - Processing /home/airflow/.local/lib/python3.12/site-packages/airflow/example_dags/example_setup_teardown.py took 0.144 seconds
[2025-10-08T08:37:40.409+0000] {processor.py:161} INFO - Started process (PID=3199) to work on /home/airflow/.local/lib/python3.12/site-packages/airflow/example_dags/example_setup_teardown.py
[2025-10-08T08:37:40.411+0000] {processor.py:830} INFO - Processing file /home/airflow/.local/lib/python3.12/site-packages/airflow/example_dags/example_setup_teardown.py for tasks to queue
[2025-10-08T08:37:40.415+0000] {logging_mixin.py:188} INFO - [2025-10-08T08:37:40.414+0000] {dagbag.py:545} INFO - Filling up the DagBag from /home/airflow/.local/lib/python3.12/site-packages/airflow/example_dags/example_setup_teardown.py
[2025-10-08T08:37:40.427+0000] {processor.py:840} INFO - DAG(s) 'example_setup_teardown' retrieved from /home/airflow/.local/lib/python3.12/site-packages/airflow/example_dags/example_setup_teardown.py
[2025-10-08T08:37:40.467+0000] {logging_mixin.py:188} INFO - [2025-10-08T08:37:40.466+0000] {dag.py:3096} INFO - Sync 1 DAGs
[2025-10-08T08:37:40.502+0000] {logging_mixin.py:188} INFO - [2025-10-08T08:37:40.502+0000] {dag.py:3954} INFO - Setting next_dagrun for example_setup_teardown to 2025-10-07 00:00:00+00:00, run_after=2025-10-08 00:00:00+00:00
[2025-10-08T08:37:40.529+0000] {processor.py:183} INFO - Processing /home/airflow/.local/lib/python3.12/site-packages/airflow/example_dags/example_setup_teardown.py took 0.129 seconds
[2025-10-08T08:38:11.106+0000] {processor.py:161} INFO - Started process (PID=3258) to work on /home/airflow/.local/lib/python3.12/site-packages/airflow/example_dags/example_setup_teardown.py
[2025-10-08T08:38:11.108+0000] {processor.py:830} INFO - Processing file /home/airflow/.local/lib/python3.12/site-packages/airflow/example_dags/example_setup_teardown.py for tasks to queue
[2025-10-08T08:38:11.113+0000] {logging_mixin.py:188} INFO - [2025-10-08T08:38:11.112+0000] {dagbag.py:545} INFO - Filling up the DagBag from /home/airflow/.local/lib/python3.12/site-packages/airflow/example_dags/example_setup_teardown.py
[2025-10-08T08:38:11.127+0000] {processor.py:840} INFO - DAG(s) 'example_setup_teardown' retrieved from /home/airflow/.local/lib/python3.12/site-packages/airflow/example_dags/example_setup_teardown.py
[2025-10-08T08:38:11.160+0000] {logging_mixin.py:188} INFO - [2025-10-08T08:38:11.160+0000] {dag.py:3096} INFO - Sync 1 DAGs
[2025-10-08T08:38:11.189+0000] {logging_mixin.py:188} INFO - [2025-10-08T08:38:11.189+0000] {dag.py:3954} INFO - Setting next_dagrun for example_setup_teardown to 2025-10-07 00:00:00+00:00, run_after=2025-10-08 00:00:00+00:00
[2025-10-08T08:38:11.215+0000] {processor.py:183} INFO - Processing /home/airflow/.local/lib/python3.12/site-packages/airflow/example_dags/example_setup_teardown.py took 0.124 seconds
[2025-10-08T08:38:41.337+0000] {processor.py:161} INFO - Started process (PID=3317) to work on /home/airflow/.local/lib/python3.12/site-packages/airflow/example_dags/example_setup_teardown.py
[2025-10-08T08:38:41.341+0000] {processor.py:830} INFO - Processing file /home/airflow/.local/lib/python3.12/site-packages/airflow/example_dags/example_setup_teardown.py for tasks to queue
[2025-10-08T08:38:41.347+0000] {logging_mixin.py:188} INFO - [2025-10-08T08:38:41.346+0000] {dagbag.py:545} INFO - Filling up the DagBag from /home/airflow/.local/lib/python3.12/site-packages/airflow/example_dags/example_setup_teardown.py
[2025-10-08T08:38:41.365+0000] {processor.py:840} INFO - DAG(s) 'example_setup_teardown' retrieved from /home/airflow/.local/lib/python3.12/site-packages/airflow/example_dags/example_setup_teardown.py
[2025-10-08T08:38:41.419+0000] {logging_mixin.py:188} INFO - [2025-10-08T08:38:41.418+0000] {dag.py:3096} INFO - Sync 1 DAGs
[2025-10-08T08:38:41.454+0000] {logging_mixin.py:188} INFO - [2025-10-08T08:38:41.454+0000] {dag.py:3954} INFO - Setting next_dagrun for example_setup_teardown to 2025-10-07 00:00:00+00:00, run_after=2025-10-08 00:00:00+00:00
[2025-10-08T08:38:41.478+0000] {processor.py:183} INFO - Processing /home/airflow/.local/lib/python3.12/site-packages/airflow/example_dags/example_setup_teardown.py took 0.157 seconds
[2025-10-08T08:39:12.447+0000] {processor.py:161} INFO - Started process (PID=3377) to work on /home/airflow/.local/lib/python3.12/site-packages/airflow/example_dags/example_setup_teardown.py
[2025-10-08T08:39:12.449+0000] {processor.py:830} INFO - Processing file /home/airflow/.local/lib/python3.12/site-packages/airflow/example_dags/example_setup_teardown.py for tasks to queue
[2025-10-08T08:39:12.452+0000] {logging_mixin.py:188} INFO - [2025-10-08T08:39:12.451+0000] {dagbag.py:545} INFO - Filling up the DagBag from /home/airflow/.local/lib/python3.12/site-packages/airflow/example_dags/example_setup_teardown.py
[2025-10-08T08:39:12.459+0000] {processor.py:840} INFO - DAG(s) 'example_setup_teardown' retrieved from /home/airflow/.local/lib/python3.12/site-packages/airflow/example_dags/example_setup_teardown.py
[2025-10-08T08:39:12.488+0000] {logging_mixin.py:188} INFO - [2025-10-08T08:39:12.488+0000] {dag.py:3096} INFO - Sync 1 DAGs
[2025-10-08T08:39:12.514+0000] {logging_mixin.py:188} INFO - [2025-10-08T08:39:12.514+0000] {dag.py:3954} INFO - Setting next_dagrun for example_setup_teardown to 2025-10-07 00:00:00+00:00, run_after=2025-10-08 00:00:00+00:00
[2025-10-08T08:39:12.563+0000] {processor.py:183} INFO - Processing /home/airflow/.local/lib/python3.12/site-packages/airflow/example_dags/example_setup_teardown.py took 0.126 seconds
[2025-10-08T08:39:42.805+0000] {processor.py:161} INFO - Started process (PID=3442) to work on /home/airflow/.local/lib/python3.12/site-packages/airflow/example_dags/example_setup_teardown.py
[2025-10-08T08:39:42.807+0000] {processor.py:830} INFO - Processing file /home/airflow/.local/lib/python3.12/site-packages/airflow/example_dags/example_setup_teardown.py for tasks to queue
[2025-10-08T08:39:42.813+0000] {logging_mixin.py:188} INFO - [2025-10-08T08:39:42.812+0000] {dagbag.py:545} INFO - Filling up the DagBag from /home/airflow/.local/lib/python3.12/site-packages/airflow/example_dags/example_setup_teardown.py
[2025-10-08T08:39:42.830+0000] {processor.py:840} INFO - DAG(s) 'example_setup_teardown' retrieved from /home/airflow/.local/lib/python3.12/site-packages/airflow/example_dags/example_setup_teardown.py
[2025-10-08T08:39:42.875+0000] {logging_mixin.py:188} INFO - [2025-10-08T08:39:42.874+0000] {dag.py:3096} INFO - Sync 1 DAGs
[2025-10-08T08:39:42.907+0000] {logging_mixin.py:188} INFO - [2025-10-08T08:39:42.907+0000] {dag.py:3954} INFO - Setting next_dagrun for example_setup_teardown to 2025-10-07 00:00:00+00:00, run_after=2025-10-08 00:00:00+00:00
[2025-10-08T08:39:42.937+0000] {processor.py:183} INFO - Processing /home/airflow/.local/lib/python3.12/site-packages/airflow/example_dags/example_setup_teardown.py took 0.150 seconds
[2025-10-08T08:40:13.429+0000] {processor.py:161} INFO - Started process (PID=3501) to work on /home/airflow/.local/lib/python3.12/site-packages/airflow/example_dags/example_setup_teardown.py
[2025-10-08T08:40:13.431+0000] {processor.py:830} INFO - Processing file /home/airflow/.local/lib/python3.12/site-packages/airflow/example_dags/example_setup_teardown.py for tasks to queue
[2025-10-08T08:40:13.435+0000] {logging_mixin.py:188} INFO - [2025-10-08T08:40:13.434+0000] {dagbag.py:545} INFO - Filling up the DagBag from /home/airflow/.local/lib/python3.12/site-packages/airflow/example_dags/example_setup_teardown.py
[2025-10-08T08:40:13.448+0000] {processor.py:840} INFO - DAG(s) 'example_setup_teardown' retrieved from /home/airflow/.local/lib/python3.12/site-packages/airflow/example_dags/example_setup_teardown.py
[2025-10-08T08:40:13.485+0000] {logging_mixin.py:188} INFO - [2025-10-08T08:40:13.485+0000] {dag.py:3096} INFO - Sync 1 DAGs
[2025-10-08T08:40:13.519+0000] {logging_mixin.py:188} INFO - [2025-10-08T08:40:13.519+0000] {dag.py:3954} INFO - Setting next_dagrun for example_setup_teardown to 2025-10-07 00:00:00+00:00, run_after=2025-10-08 00:00:00+00:00
[2025-10-08T08:40:13.548+0000] {processor.py:183} INFO - Processing /home/airflow/.local/lib/python3.12/site-packages/airflow/example_dags/example_setup_teardown.py took 0.134 seconds
[2025-10-08T08:40:43.705+0000] {processor.py:161} INFO - Started process (PID=3566) to work on /home/airflow/.local/lib/python3.12/site-packages/airflow/example_dags/example_setup_teardown.py
[2025-10-08T08:40:43.707+0000] {processor.py:830} INFO - Processing file /home/airflow/.local/lib/python3.12/site-packages/airflow/example_dags/example_setup_teardown.py for tasks to queue
[2025-10-08T08:40:43.714+0000] {logging_mixin.py:188} INFO - [2025-10-08T08:40:43.712+0000] {dagbag.py:545} INFO - Filling up the DagBag from /home/airflow/.local/lib/python3.12/site-packages/airflow/example_dags/example_setup_teardown.py
[2025-10-08T08:40:43.723+0000] {processor.py:840} INFO - DAG(s) 'example_setup_teardown' retrieved from /home/airflow/.local/lib/python3.12/site-packages/airflow/example_dags/example_setup_teardown.py
[2025-10-08T08:40:43.744+0000] {logging_mixin.py:188} INFO - [2025-10-08T08:40:43.744+0000] {dag.py:3096} INFO - Sync 1 DAGs
[2025-10-08T08:40:43.766+0000] {logging_mixin.py:188} INFO - [2025-10-08T08:40:43.766+0000] {dag.py:3954} INFO - Setting next_dagrun for example_setup_teardown to 2025-10-07 00:00:00+00:00, run_after=2025-10-08 00:00:00+00:00
[2025-10-08T08:40:43.789+0000] {processor.py:183} INFO - Processing /home/airflow/.local/lib/python3.12/site-packages/airflow/example_dags/example_setup_teardown.py took 0.098 seconds
[2025-10-08T08:41:14.106+0000] {processor.py:161} INFO - Started process (PID=3625) to work on /home/airflow/.local/lib/python3.12/site-packages/airflow/example_dags/example_setup_teardown.py
[2025-10-08T08:41:14.108+0000] {processor.py:830} INFO - Processing file /home/airflow/.local/lib/python3.12/site-packages/airflow/example_dags/example_setup_teardown.py for tasks to queue
[2025-10-08T08:41:14.112+0000] {logging_mixin.py:188} INFO - [2025-10-08T08:41:14.111+0000] {dagbag.py:545} INFO - Filling up the DagBag from /home/airflow/.local/lib/python3.12/site-packages/airflow/example_dags/example_setup_teardown.py
[2025-10-08T08:41:14.122+0000] {processor.py:840} INFO - DAG(s) 'example_setup_teardown' retrieved from /home/airflow/.local/lib/python3.12/site-packages/airflow/example_dags/example_setup_teardown.py
[2025-10-08T08:41:14.152+0000] {logging_mixin.py:188} INFO - [2025-10-08T08:41:14.151+0000] {dag.py:3096} INFO - Sync 1 DAGs
[2025-10-08T08:41:14.185+0000] {logging_mixin.py:188} INFO - [2025-10-08T08:41:14.184+0000] {dag.py:3954} INFO - Setting next_dagrun for example_setup_teardown to 2025-10-07 00:00:00+00:00, run_after=2025-10-08 00:00:00+00:00
[2025-10-08T08:41:14.217+0000] {processor.py:183} INFO - Processing /home/airflow/.local/lib/python3.12/site-packages/airflow/example_dags/example_setup_teardown.py took 0.119 seconds
[2025-10-08T08:41:44.962+0000] {processor.py:161} INFO - Started process (PID=3684) to work on /home/airflow/.local/lib/python3.12/site-packages/airflow/example_dags/example_setup_teardown.py
[2025-10-08T08:41:44.964+0000] {processor.py:830} INFO - Processing file /home/airflow/.local/lib/python3.12/site-packages/airflow/example_dags/example_setup_teardown.py for tasks to queue
[2025-10-08T08:41:44.967+0000] {logging_mixin.py:188} INFO - [2025-10-08T08:41:44.966+0000] {dagbag.py:545} INFO - Filling up the DagBag from /home/airflow/.local/lib/python3.12/site-packages/airflow/example_dags/example_setup_teardown.py
[2025-10-08T08:41:44.975+0000] {processor.py:840} INFO - DAG(s) 'example_setup_teardown' retrieved from /home/airflow/.local/lib/python3.12/site-packages/airflow/example_dags/example_setup_teardown.py
[2025-10-08T08:41:44.998+0000] {logging_mixin.py:188} INFO - [2025-10-08T08:41:44.998+0000] {dag.py:3096} INFO - Sync 1 DAGs
[2025-10-08T08:41:45.024+0000] {logging_mixin.py:188} INFO - [2025-10-08T08:41:45.024+0000] {dag.py:3954} INFO - Setting next_dagrun for example_setup_teardown to 2025-10-07 00:00:00+00:00, run_after=2025-10-08 00:00:00+00:00
[2025-10-08T08:41:45.045+0000] {processor.py:183} INFO - Processing /home/airflow/.local/lib/python3.12/site-packages/airflow/example_dags/example_setup_teardown.py took 0.092 seconds
[2025-10-08T08:42:15.584+0000] {processor.py:161} INFO - Started process (PID=3743) to work on /home/airflow/.local/lib/python3.12/site-packages/airflow/example_dags/example_setup_teardown.py
[2025-10-08T08:42:15.585+0000] {processor.py:830} INFO - Processing file /home/airflow/.local/lib/python3.12/site-packages/airflow/example_dags/example_setup_teardown.py for tasks to queue
[2025-10-08T08:42:15.588+0000] {logging_mixin.py:188} INFO - [2025-10-08T08:42:15.588+0000] {dagbag.py:545} INFO - Filling up the DagBag from /home/airflow/.local/lib/python3.12/site-packages/airflow/example_dags/example_setup_teardown.py
[2025-10-08T08:42:15.596+0000] {processor.py:840} INFO - DAG(s) 'example_setup_teardown' retrieved from /home/airflow/.local/lib/python3.12/site-packages/airflow/example_dags/example_setup_teardown.py
[2025-10-08T08:42:15.618+0000] {logging_mixin.py:188} INFO - [2025-10-08T08:42:15.618+0000] {dag.py:3096} INFO - Sync 1 DAGs
[2025-10-08T08:42:15.651+0000] {logging_mixin.py:188} INFO - [2025-10-08T08:42:15.651+0000] {dag.py:3954} INFO - Setting next_dagrun for example_setup_teardown to 2025-10-07 00:00:00+00:00, run_after=2025-10-08 00:00:00+00:00
[2025-10-08T08:42:15.678+0000] {processor.py:183} INFO - Processing /home/airflow/.local/lib/python3.12/site-packages/airflow/example_dags/example_setup_teardown.py took 0.102 seconds
[2025-10-08T08:42:46.071+0000] {processor.py:161} INFO - Started process (PID=3802) to work on /home/airflow/.local/lib/python3.12/site-packages/airflow/example_dags/example_setup_teardown.py
[2025-10-08T08:42:46.072+0000] {processor.py:830} INFO - Processing file /home/airflow/.local/lib/python3.12/site-packages/airflow/example_dags/example_setup_teardown.py for tasks to queue
[2025-10-08T08:42:46.075+0000] {logging_mixin.py:188} INFO - [2025-10-08T08:42:46.075+0000] {dagbag.py:545} INFO - Filling up the DagBag from /home/airflow/.local/lib/python3.12/site-packages/airflow/example_dags/example_setup_teardown.py
[2025-10-08T08:42:46.085+0000] {processor.py:840} INFO - DAG(s) 'example_setup_teardown' retrieved from /home/airflow/.local/lib/python3.12/site-packages/airflow/example_dags/example_setup_teardown.py
[2025-10-08T08:42:46.109+0000] {logging_mixin.py:188} INFO - [2025-10-08T08:42:46.109+0000] {dag.py:3096} INFO - Sync 1 DAGs
[2025-10-08T08:42:46.134+0000] {logging_mixin.py:188} INFO - [2025-10-08T08:42:46.134+0000] {dag.py:3954} INFO - Setting next_dagrun for example_setup_teardown to 2025-10-07 00:00:00+00:00, run_after=2025-10-08 00:00:00+00:00
[2025-10-08T08:42:46.155+0000] {processor.py:183} INFO - Processing /home/airflow/.local/lib/python3.12/site-packages/airflow/example_dags/example_setup_teardown.py took 0.091 seconds
[2025-10-08T08:43:17.207+0000] {processor.py:161} INFO - Started process (PID=3861) to work on /home/airflow/.local/lib/python3.12/site-packages/airflow/example_dags/example_setup_teardown.py
[2025-10-08T08:43:17.209+0000] {processor.py:830} INFO - Processing file /home/airflow/.local/lib/python3.12/site-packages/airflow/example_dags/example_setup_teardown.py for tasks to queue
[2025-10-08T08:43:17.212+0000] {logging_mixin.py:188} INFO - [2025-10-08T08:43:17.211+0000] {dagbag.py:545} INFO - Filling up the DagBag from /home/airflow/.local/lib/python3.12/site-packages/airflow/example_dags/example_setup_teardown.py
[2025-10-08T08:43:17.221+0000] {processor.py:840} INFO - DAG(s) 'example_setup_teardown' retrieved from /home/airflow/.local/lib/python3.12/site-packages/airflow/example_dags/example_setup_teardown.py
[2025-10-08T08:43:17.254+0000] {logging_mixin.py:188} INFO - [2025-10-08T08:43:17.254+0000] {dag.py:3096} INFO - Sync 1 DAGs
[2025-10-08T08:43:17.313+0000] {logging_mixin.py:188} INFO - [2025-10-08T08:43:17.313+0000] {dag.py:3954} INFO - Setting next_dagrun for example_setup_teardown to 2025-10-07 00:00:00+00:00, run_after=2025-10-08 00:00:00+00:00
[2025-10-08T08:43:17.364+0000] {processor.py:183} INFO - Processing /home/airflow/.local/lib/python3.12/site-packages/airflow/example_dags/example_setup_teardown.py took 0.168 seconds
[2025-10-08T08:43:47.424+0000] {processor.py:161} INFO - Started process (PID=3920) to work on /home/airflow/.local/lib/python3.12/site-packages/airflow/example_dags/example_setup_teardown.py
[2025-10-08T08:43:47.426+0000] {processor.py:830} INFO - Processing file /home/airflow/.local/lib/python3.12/site-packages/airflow/example_dags/example_setup_teardown.py for tasks to queue
[2025-10-08T08:43:47.429+0000] {logging_mixin.py:188} INFO - [2025-10-08T08:43:47.429+0000] {dagbag.py:545} INFO - Filling up the DagBag from /home/airflow/.local/lib/python3.12/site-packages/airflow/example_dags/example_setup_teardown.py
[2025-10-08T08:43:47.438+0000] {processor.py:840} INFO - DAG(s) 'example_setup_teardown' retrieved from /home/airflow/.local/lib/python3.12/site-packages/airflow/example_dags/example_setup_teardown.py
[2025-10-08T08:43:47.465+0000] {logging_mixin.py:188} INFO - [2025-10-08T08:43:47.465+0000] {dag.py:3096} INFO - Sync 1 DAGs
[2025-10-08T08:43:47.494+0000] {logging_mixin.py:188} INFO - [2025-10-08T08:43:47.494+0000] {dag.py:3954} INFO - Setting next_dagrun for example_setup_teardown to 2025-10-07 00:00:00+00:00, run_after=2025-10-08 00:00:00+00:00
[2025-10-08T08:43:47.525+0000] {processor.py:183} INFO - Processing /home/airflow/.local/lib/python3.12/site-packages/airflow/example_dags/example_setup_teardown.py took 0.109 seconds
[2025-10-08T08:44:18.188+0000] {processor.py:161} INFO - Started process (PID=3979) to work on /home/airflow/.local/lib/python3.12/site-packages/airflow/example_dags/example_setup_teardown.py
[2025-10-08T08:44:18.190+0000] {processor.py:830} INFO - Processing file /home/airflow/.local/lib/python3.12/site-packages/airflow/example_dags/example_setup_teardown.py for tasks to queue
[2025-10-08T08:44:18.194+0000] {logging_mixin.py:188} INFO - [2025-10-08T08:44:18.193+0000] {dagbag.py:545} INFO - Filling up the DagBag from /home/airflow/.local/lib/python3.12/site-packages/airflow/example_dags/example_setup_teardown.py
[2025-10-08T08:44:18.203+0000] {processor.py:840} INFO - DAG(s) 'example_setup_teardown' retrieved from /home/airflow/.local/lib/python3.12/site-packages/airflow/example_dags/example_setup_teardown.py
[2025-10-08T08:44:18.229+0000] {logging_mixin.py:188} INFO - [2025-10-08T08:44:18.228+0000] {dag.py:3096} INFO - Sync 1 DAGs
[2025-10-08T08:44:18.255+0000] {logging_mixin.py:188} INFO - [2025-10-08T08:44:18.254+0000] {dag.py:3954} INFO - Setting next_dagrun for example_setup_teardown to 2025-10-07 00:00:00+00:00, run_after=2025-10-08 00:00:00+00:00
[2025-10-08T08:44:18.278+0000] {processor.py:183} INFO - Processing /home/airflow/.local/lib/python3.12/site-packages/airflow/example_dags/example_setup_teardown.py took 0.099 seconds
[2025-10-08T08:44:48.402+0000] {processor.py:161} INFO - Started process (PID=4038) to work on /home/airflow/.local/lib/python3.12/site-packages/airflow/example_dags/example_setup_teardown.py
[2025-10-08T08:44:48.404+0000] {processor.py:830} INFO - Processing file /home/airflow/.local/lib/python3.12/site-packages/airflow/example_dags/example_setup_teardown.py for tasks to queue
[2025-10-08T08:44:48.408+0000] {logging_mixin.py:188} INFO - [2025-10-08T08:44:48.407+0000] {dagbag.py:545} INFO - Filling up the DagBag from /home/airflow/.local/lib/python3.12/site-packages/airflow/example_dags/example_setup_teardown.py
[2025-10-08T08:44:48.420+0000] {processor.py:840} INFO - DAG(s) 'example_setup_teardown' retrieved from /home/airflow/.local/lib/python3.12/site-packages/airflow/example_dags/example_setup_teardown.py
[2025-10-08T08:44:48.451+0000] {logging_mixin.py:188} INFO - [2025-10-08T08:44:48.451+0000] {dag.py:3096} INFO - Sync 1 DAGs
[2025-10-08T08:44:48.485+0000] {logging_mixin.py:188} INFO - [2025-10-08T08:44:48.484+0000] {dag.py:3954} INFO - Setting next_dagrun for example_setup_teardown to 2025-10-07 00:00:00+00:00, run_after=2025-10-08 00:00:00+00:00
[2025-10-08T08:44:48.517+0000] {processor.py:183} INFO - Processing /home/airflow/.local/lib/python3.12/site-packages/airflow/example_dags/example_setup_teardown.py took 0.127 seconds
[2025-10-08T08:45:18.826+0000] {processor.py:161} INFO - Started process (PID=4097) to work on /home/airflow/.local/lib/python3.12/site-packages/airflow/example_dags/example_setup_teardown.py
[2025-10-08T08:45:18.829+0000] {processor.py:830} INFO - Processing file /home/airflow/.local/lib/python3.12/site-packages/airflow/example_dags/example_setup_teardown.py for tasks to queue
[2025-10-08T08:45:18.832+0000] {logging_mixin.py:188} INFO - [2025-10-08T08:45:18.831+0000] {dagbag.py:545} INFO - Filling up the DagBag from /home/airflow/.local/lib/python3.12/site-packages/airflow/example_dags/example_setup_teardown.py
[2025-10-08T08:45:18.842+0000] {processor.py:840} INFO - DAG(s) 'example_setup_teardown' retrieved from /home/airflow/.local/lib/python3.12/site-packages/airflow/example_dags/example_setup_teardown.py
[2025-10-08T08:45:18.878+0000] {logging_mixin.py:188} INFO - [2025-10-08T08:45:18.877+0000] {dag.py:3096} INFO - Sync 1 DAGs
[2025-10-08T08:45:18.920+0000] {logging_mixin.py:188} INFO - [2025-10-08T08:45:18.920+0000] {dag.py:3954} INFO - Setting next_dagrun for example_setup_teardown to 2025-10-07 00:00:00+00:00, run_after=2025-10-08 00:00:00+00:00
[2025-10-08T08:45:18.957+0000] {processor.py:183} INFO - Processing /home/airflow/.local/lib/python3.12/site-packages/airflow/example_dags/example_setup_teardown.py took 0.143 seconds
[2025-10-08T08:45:49.933+0000] {processor.py:161} INFO - Started process (PID=4156) to work on /home/airflow/.local/lib/python3.12/site-packages/airflow/example_dags/example_setup_teardown.py
[2025-10-08T08:45:49.934+0000] {processor.py:830} INFO - Processing file /home/airflow/.local/lib/python3.12/site-packages/airflow/example_dags/example_setup_teardown.py for tasks to queue
[2025-10-08T08:45:49.937+0000] {logging_mixin.py:188} INFO - [2025-10-08T08:45:49.937+0000] {dagbag.py:545} INFO - Filling up the DagBag from /home/airflow/.local/lib/python3.12/site-packages/airflow/example_dags/example_setup_teardown.py
[2025-10-08T08:45:49.945+0000] {processor.py:840} INFO - DAG(s) 'example_setup_teardown' retrieved from /home/airflow/.local/lib/python3.12/site-packages/airflow/example_dags/example_setup_teardown.py
[2025-10-08T08:45:49.972+0000] {logging_mixin.py:188} INFO - [2025-10-08T08:45:49.972+0000] {dag.py:3096} INFO - Sync 1 DAGs
[2025-10-08T08:45:49.999+0000] {logging_mixin.py:188} INFO - [2025-10-08T08:45:49.999+0000] {dag.py:3954} INFO - Setting next_dagrun for example_setup_teardown to 2025-10-07 00:00:00+00:00, run_after=2025-10-08 00:00:00+00:00
[2025-10-08T08:45:50.025+0000] {processor.py:183} INFO - Processing /home/airflow/.local/lib/python3.12/site-packages/airflow/example_dags/example_setup_teardown.py took 0.100 seconds
[2025-10-08T08:46:20.686+0000] {processor.py:161} INFO - Started process (PID=4215) to work on /home/airflow/.local/lib/python3.12/site-packages/airflow/example_dags/example_setup_teardown.py
[2025-10-08T08:46:20.688+0000] {processor.py:830} INFO - Processing file /home/airflow/.local/lib/python3.12/site-packages/airflow/example_dags/example_setup_teardown.py for tasks to queue
[2025-10-08T08:46:20.693+0000] {logging_mixin.py:188} INFO - [2025-10-08T08:46:20.692+0000] {dagbag.py:545} INFO - Filling up the DagBag from /home/airflow/.local/lib/python3.12/site-packages/airflow/example_dags/example_setup_teardown.py
[2025-10-08T08:46:20.706+0000] {processor.py:840} INFO - DAG(s) 'example_setup_teardown' retrieved from /home/airflow/.local/lib/python3.12/site-packages/airflow/example_dags/example_setup_teardown.py
[2025-10-08T08:46:20.744+0000] {logging_mixin.py:188} INFO - [2025-10-08T08:46:20.743+0000] {dag.py:3096} INFO - Sync 1 DAGs
[2025-10-08T08:46:20.781+0000] {logging_mixin.py:188} INFO - [2025-10-08T08:46:20.780+0000] {dag.py:3954} INFO - Setting next_dagrun for example_setup_teardown to 2025-10-07 00:00:00+00:00, run_after=2025-10-08 00:00:00+00:00
[2025-10-08T08:46:20.811+0000] {processor.py:183} INFO - Processing /home/airflow/.local/lib/python3.12/site-packages/airflow/example_dags/example_setup_teardown.py took 0.141 seconds
[2025-10-08T08:46:51.099+0000] {processor.py:161} INFO - Started process (PID=4274) to work on /home/airflow/.local/lib/python3.12/site-packages/airflow/example_dags/example_setup_teardown.py
[2025-10-08T08:46:51.101+0000] {processor.py:830} INFO - Processing file /home/airflow/.local/lib/python3.12/site-packages/airflow/example_dags/example_setup_teardown.py for tasks to queue
[2025-10-08T08:46:51.106+0000] {logging_mixin.py:188} INFO - [2025-10-08T08:46:51.105+0000] {dagbag.py:545} INFO - Filling up the DagBag from /home/airflow/.local/lib/python3.12/site-packages/airflow/example_dags/example_setup_teardown.py
[2025-10-08T08:46:51.118+0000] {processor.py:840} INFO - DAG(s) 'example_setup_teardown' retrieved from /home/airflow/.local/lib/python3.12/site-packages/airflow/example_dags/example_setup_teardown.py
[2025-10-08T08:46:51.145+0000] {logging_mixin.py:188} INFO - [2025-10-08T08:46:51.145+0000] {dag.py:3096} INFO - Sync 1 DAGs
[2025-10-08T08:46:51.173+0000] {logging_mixin.py:188} INFO - [2025-10-08T08:46:51.173+0000] {dag.py:3954} INFO - Setting next_dagrun for example_setup_teardown to 2025-10-07 00:00:00+00:00, run_after=2025-10-08 00:00:00+00:00
[2025-10-08T08:46:51.198+0000] {processor.py:183} INFO - Processing /home/airflow/.local/lib/python3.12/site-packages/airflow/example_dags/example_setup_teardown.py took 0.112 seconds
[2025-10-08T08:47:21.686+0000] {processor.py:161} INFO - Started process (PID=4333) to work on /home/airflow/.local/lib/python3.12/site-packages/airflow/example_dags/example_setup_teardown.py
[2025-10-08T08:47:21.688+0000] {processor.py:830} INFO - Processing file /home/airflow/.local/lib/python3.12/site-packages/airflow/example_dags/example_setup_teardown.py for tasks to queue
[2025-10-08T08:47:21.691+0000] {logging_mixin.py:188} INFO - [2025-10-08T08:47:21.691+0000] {dagbag.py:545} INFO - Filling up the DagBag from /home/airflow/.local/lib/python3.12/site-packages/airflow/example_dags/example_setup_teardown.py
[2025-10-08T08:47:21.703+0000] {processor.py:840} INFO - DAG(s) 'example_setup_teardown' retrieved from /home/airflow/.local/lib/python3.12/site-packages/airflow/example_dags/example_setup_teardown.py
[2025-10-08T08:47:21.739+0000] {logging_mixin.py:188} INFO - [2025-10-08T08:47:21.738+0000] {dag.py:3096} INFO - Sync 1 DAGs
[2025-10-08T08:47:21.776+0000] {logging_mixin.py:188} INFO - [2025-10-08T08:47:21.776+0000] {dag.py:3954} INFO - Setting next_dagrun for example_setup_teardown to 2025-10-07 00:00:00+00:00, run_after=2025-10-08 00:00:00+00:00
[2025-10-08T08:47:21.815+0000] {processor.py:183} INFO - Processing /home/airflow/.local/lib/python3.12/site-packages/airflow/example_dags/example_setup_teardown.py took 0.137 seconds
[2025-10-08T08:47:52.052+0000] {processor.py:161} INFO - Started process (PID=4392) to work on /home/airflow/.local/lib/python3.12/site-packages/airflow/example_dags/example_setup_teardown.py
[2025-10-08T08:47:52.055+0000] {processor.py:830} INFO - Processing file /home/airflow/.local/lib/python3.12/site-packages/airflow/example_dags/example_setup_teardown.py for tasks to queue
[2025-10-08T08:47:52.061+0000] {logging_mixin.py:188} INFO - [2025-10-08T08:47:52.059+0000] {dagbag.py:545} INFO - Filling up the DagBag from /home/airflow/.local/lib/python3.12/site-packages/airflow/example_dags/example_setup_teardown.py
[2025-10-08T08:47:52.081+0000] {processor.py:840} INFO - DAG(s) 'example_setup_teardown' retrieved from /home/airflow/.local/lib/python3.12/site-packages/airflow/example_dags/example_setup_teardown.py
[2025-10-08T08:47:52.128+0000] {logging_mixin.py:188} INFO - [2025-10-08T08:47:52.127+0000] {dag.py:3096} INFO - Sync 1 DAGs
[2025-10-08T08:47:52.165+0000] {logging_mixin.py:188} INFO - [2025-10-08T08:47:52.165+0000] {dag.py:3954} INFO - Setting next_dagrun for example_setup_teardown to 2025-10-07 00:00:00+00:00, run_after=2025-10-08 00:00:00+00:00
[2025-10-08T08:47:52.205+0000] {processor.py:183} INFO - Processing /home/airflow/.local/lib/python3.12/site-packages/airflow/example_dags/example_setup_teardown.py took 0.167 seconds
[2025-10-08T08:48:22.633+0000] {processor.py:161} INFO - Started process (PID=4451) to work on /home/airflow/.local/lib/python3.12/site-packages/airflow/example_dags/example_setup_teardown.py
[2025-10-08T08:48:22.635+0000] {processor.py:830} INFO - Processing file /home/airflow/.local/lib/python3.12/site-packages/airflow/example_dags/example_setup_teardown.py for tasks to queue
[2025-10-08T08:48:22.637+0000] {logging_mixin.py:188} INFO - [2025-10-08T08:48:22.637+0000] {dagbag.py:545} INFO - Filling up the DagBag from /home/airflow/.local/lib/python3.12/site-packages/airflow/example_dags/example_setup_teardown.py
[2025-10-08T08:48:22.646+0000] {processor.py:840} INFO - DAG(s) 'example_setup_teardown' retrieved from /home/airflow/.local/lib/python3.12/site-packages/airflow/example_dags/example_setup_teardown.py
[2025-10-08T08:48:22.675+0000] {logging_mixin.py:188} INFO - [2025-10-08T08:48:22.675+0000] {dag.py:3096} INFO - Sync 1 DAGs
[2025-10-08T08:48:22.705+0000] {logging_mixin.py:188} INFO - [2025-10-08T08:48:22.705+0000] {dag.py:3954} INFO - Setting next_dagrun for example_setup_teardown to 2025-10-07 00:00:00+00:00, run_after=2025-10-08 00:00:00+00:00
[2025-10-08T08:48:22.732+0000] {processor.py:183} INFO - Processing /home/airflow/.local/lib/python3.12/site-packages/airflow/example_dags/example_setup_teardown.py took 0.106 seconds
[2025-10-08T08:48:53.783+0000] {processor.py:161} INFO - Started process (PID=4510) to work on /home/airflow/.local/lib/python3.12/site-packages/airflow/example_dags/example_setup_teardown.py
[2025-10-08T08:48:53.784+0000] {processor.py:830} INFO - Processing file /home/airflow/.local/lib/python3.12/site-packages/airflow/example_dags/example_setup_teardown.py for tasks to queue
[2025-10-08T08:48:53.787+0000] {logging_mixin.py:188} INFO - [2025-10-08T08:48:53.786+0000] {dagbag.py:545} INFO - Filling up the DagBag from /home/airflow/.local/lib/python3.12/site-packages/airflow/example_dags/example_setup_teardown.py
[2025-10-08T08:48:53.801+0000] {processor.py:840} INFO - DAG(s) 'example_setup_teardown' retrieved from /home/airflow/.local/lib/python3.12/site-packages/airflow/example_dags/example_setup_teardown.py
[2025-10-08T08:48:53.836+0000] {logging_mixin.py:188} INFO - [2025-10-08T08:48:53.836+0000] {dag.py:3096} INFO - Sync 1 DAGs
[2025-10-08T08:48:53.868+0000] {logging_mixin.py:188} INFO - [2025-10-08T08:48:53.867+0000] {dag.py:3954} INFO - Setting next_dagrun for example_setup_teardown to 2025-10-07 00:00:00+00:00, run_after=2025-10-08 00:00:00+00:00
[2025-10-08T08:48:53.898+0000] {processor.py:183} INFO - Processing /home/airflow/.local/lib/python3.12/site-packages/airflow/example_dags/example_setup_teardown.py took 0.123 seconds
[2025-10-08T08:49:24.135+0000] {processor.py:161} INFO - Started process (PID=4569) to work on /home/airflow/.local/lib/python3.12/site-packages/airflow/example_dags/example_setup_teardown.py
[2025-10-08T08:49:24.136+0000] {processor.py:830} INFO - Processing file /home/airflow/.local/lib/python3.12/site-packages/airflow/example_dags/example_setup_teardown.py for tasks to queue
[2025-10-08T08:49:24.140+0000] {logging_mixin.py:188} INFO - [2025-10-08T08:49:24.139+0000] {dagbag.py:545} INFO - Filling up the DagBag from /home/airflow/.local/lib/python3.12/site-packages/airflow/example_dags/example_setup_teardown.py
[2025-10-08T08:49:24.150+0000] {processor.py:840} INFO - DAG(s) 'example_setup_teardown' retrieved from /home/airflow/.local/lib/python3.12/site-packages/airflow/example_dags/example_setup_teardown.py
[2025-10-08T08:49:24.174+0000] {logging_mixin.py:188} INFO - [2025-10-08T08:49:24.173+0000] {dag.py:3096} INFO - Sync 1 DAGs
[2025-10-08T08:49:24.201+0000] {logging_mixin.py:188} INFO - [2025-10-08T08:49:24.200+0000] {dag.py:3954} INFO - Setting next_dagrun for example_setup_teardown to 2025-10-07 00:00:00+00:00, run_after=2025-10-08 00:00:00+00:00
[2025-10-08T08:49:24.235+0000] {processor.py:183} INFO - Processing /home/airflow/.local/lib/python3.12/site-packages/airflow/example_dags/example_setup_teardown.py took 0.107 seconds
[2025-10-08T08:49:54.314+0000] {processor.py:161} INFO - Started process (PID=4628) to work on /home/airflow/.local/lib/python3.12/site-packages/airflow/example_dags/example_setup_teardown.py
[2025-10-08T08:49:54.315+0000] {processor.py:830} INFO - Processing file /home/airflow/.local/lib/python3.12/site-packages/airflow/example_dags/example_setup_teardown.py for tasks to queue
[2025-10-08T08:49:54.318+0000] {logging_mixin.py:188} INFO - [2025-10-08T08:49:54.318+0000] {dagbag.py:545} INFO - Filling up the DagBag from /home/airflow/.local/lib/python3.12/site-packages/airflow/example_dags/example_setup_teardown.py
[2025-10-08T08:49:54.328+0000] {processor.py:840} INFO - DAG(s) 'example_setup_teardown' retrieved from /home/airflow/.local/lib/python3.12/site-packages/airflow/example_dags/example_setup_teardown.py
[2025-10-08T08:49:54.351+0000] {logging_mixin.py:188} INFO - [2025-10-08T08:49:54.351+0000] {dag.py:3096} INFO - Sync 1 DAGs
[2025-10-08T08:49:54.381+0000] {logging_mixin.py:188} INFO - [2025-10-08T08:49:54.381+0000] {dag.py:3954} INFO - Setting next_dagrun for example_setup_teardown to 2025-10-07 00:00:00+00:00, run_after=2025-10-08 00:00:00+00:00
[2025-10-08T08:49:54.402+0000] {processor.py:183} INFO - Processing /home/airflow/.local/lib/python3.12/site-packages/airflow/example_dags/example_setup_teardown.py took 0.096 seconds
[2025-10-08T08:50:24.832+0000] {processor.py:161} INFO - Started process (PID=4687) to work on /home/airflow/.local/lib/python3.12/site-packages/airflow/example_dags/example_setup_teardown.py
[2025-10-08T08:50:24.834+0000] {processor.py:830} INFO - Processing file /home/airflow/.local/lib/python3.12/site-packages/airflow/example_dags/example_setup_teardown.py for tasks to queue
[2025-10-08T08:50:24.837+0000] {logging_mixin.py:188} INFO - [2025-10-08T08:50:24.836+0000] {dagbag.py:545} INFO - Filling up the DagBag from /home/airflow/.local/lib/python3.12/site-packages/airflow/example_dags/example_setup_teardown.py
[2025-10-08T08:50:24.847+0000] {processor.py:840} INFO - DAG(s) 'example_setup_teardown' retrieved from /home/airflow/.local/lib/python3.12/site-packages/airflow/example_dags/example_setup_teardown.py
[2025-10-08T08:50:24.873+0000] {logging_mixin.py:188} INFO - [2025-10-08T08:50:24.873+0000] {dag.py:3096} INFO - Sync 1 DAGs
[2025-10-08T08:50:24.900+0000] {logging_mixin.py:188} INFO - [2025-10-08T08:50:24.900+0000] {dag.py:3954} INFO - Setting next_dagrun for example_setup_teardown to 2025-10-07 00:00:00+00:00, run_after=2025-10-08 00:00:00+00:00
[2025-10-08T08:50:24.929+0000] {processor.py:183} INFO - Processing /home/airflow/.local/lib/python3.12/site-packages/airflow/example_dags/example_setup_teardown.py took 0.106 seconds
[2025-10-08T08:50:55.157+0000] {processor.py:161} INFO - Started process (PID=4746) to work on /home/airflow/.local/lib/python3.12/site-packages/airflow/example_dags/example_setup_teardown.py
[2025-10-08T08:50:55.158+0000] {processor.py:830} INFO - Processing file /home/airflow/.local/lib/python3.12/site-packages/airflow/example_dags/example_setup_teardown.py for tasks to queue
[2025-10-08T08:50:55.161+0000] {logging_mixin.py:188} INFO - [2025-10-08T08:50:55.160+0000] {dagbag.py:545} INFO - Filling up the DagBag from /home/airflow/.local/lib/python3.12/site-packages/airflow/example_dags/example_setup_teardown.py
[2025-10-08T08:50:55.169+0000] {processor.py:840} INFO - DAG(s) 'example_setup_teardown' retrieved from /home/airflow/.local/lib/python3.12/site-packages/airflow/example_dags/example_setup_teardown.py
[2025-10-08T08:50:55.194+0000] {logging_mixin.py:188} INFO - [2025-10-08T08:50:55.194+0000] {dag.py:3096} INFO - Sync 1 DAGs
[2025-10-08T08:50:55.220+0000] {logging_mixin.py:188} INFO - [2025-10-08T08:50:55.220+0000] {dag.py:3954} INFO - Setting next_dagrun for example_setup_teardown to 2025-10-07 00:00:00+00:00, run_after=2025-10-08 00:00:00+00:00
[2025-10-08T08:50:55.243+0000] {processor.py:183} INFO - Processing /home/airflow/.local/lib/python3.12/site-packages/airflow/example_dags/example_setup_teardown.py took 0.093 seconds
[2025-10-08T08:52:28.344+0000] {processor.py:161} INFO - Started process (PID=82) to work on /home/airflow/.local/lib/python3.12/site-packages/airflow/example_dags/example_setup_teardown.py
[2025-10-08T08:52:28.348+0000] {processor.py:830} INFO - Processing file /home/airflow/.local/lib/python3.12/site-packages/airflow/example_dags/example_setup_teardown.py for tasks to queue
[2025-10-08T08:52:28.351+0000] {logging_mixin.py:188} INFO - [2025-10-08T08:52:28.350+0000] {dagbag.py:545} INFO - Filling up the DagBag from /home/airflow/.local/lib/python3.12/site-packages/airflow/example_dags/example_setup_teardown.py
[2025-10-08T08:52:28.364+0000] {processor.py:840} INFO - DAG(s) 'example_setup_teardown' retrieved from /home/airflow/.local/lib/python3.12/site-packages/airflow/example_dags/example_setup_teardown.py
[2025-10-08T08:52:28.627+0000] {logging_mixin.py:188} INFO - [2025-10-08T08:52:28.626+0000] {dag.py:3096} INFO - Sync 1 DAGs
[2025-10-08T08:52:28.698+0000] {logging_mixin.py:188} INFO - [2025-10-08T08:52:28.698+0000] {dag.py:3954} INFO - Setting next_dagrun for example_setup_teardown to 2025-10-07 00:00:00+00:00, run_after=2025-10-08 00:00:00+00:00
[2025-10-08T08:52:28.759+0000] {processor.py:183} INFO - Processing /home/airflow/.local/lib/python3.12/site-packages/airflow/example_dags/example_setup_teardown.py took 0.426 seconds
[2025-10-08T08:52:58.954+0000] {processor.py:161} INFO - Started process (PID=141) to work on /home/airflow/.local/lib/python3.12/site-packages/airflow/example_dags/example_setup_teardown.py
[2025-10-08T08:52:58.956+0000] {processor.py:830} INFO - Processing file /home/airflow/.local/lib/python3.12/site-packages/airflow/example_dags/example_setup_teardown.py for tasks to queue
[2025-10-08T08:52:58.959+0000] {logging_mixin.py:188} INFO - [2025-10-08T08:52:58.959+0000] {dagbag.py:545} INFO - Filling up the DagBag from /home/airflow/.local/lib/python3.12/site-packages/airflow/example_dags/example_setup_teardown.py
[2025-10-08T08:52:58.968+0000] {processor.py:840} INFO - DAG(s) 'example_setup_teardown' retrieved from /home/airflow/.local/lib/python3.12/site-packages/airflow/example_dags/example_setup_teardown.py
[2025-10-08T08:52:58.993+0000] {logging_mixin.py:188} INFO - [2025-10-08T08:52:58.993+0000] {dag.py:3096} INFO - Sync 1 DAGs
[2025-10-08T08:52:59.022+0000] {logging_mixin.py:188} INFO - [2025-10-08T08:52:59.022+0000] {dag.py:3954} INFO - Setting next_dagrun for example_setup_teardown to 2025-10-07 00:00:00+00:00, run_after=2025-10-08 00:00:00+00:00
[2025-10-08T08:52:59.059+0000] {processor.py:183} INFO - Processing /home/airflow/.local/lib/python3.12/site-packages/airflow/example_dags/example_setup_teardown.py took 0.114 seconds
[2025-10-08T08:53:29.779+0000] {processor.py:161} INFO - Started process (PID=200) to work on /home/airflow/.local/lib/python3.12/site-packages/airflow/example_dags/example_setup_teardown.py
[2025-10-08T08:53:29.781+0000] {processor.py:830} INFO - Processing file /home/airflow/.local/lib/python3.12/site-packages/airflow/example_dags/example_setup_teardown.py for tasks to queue
[2025-10-08T08:53:29.783+0000] {logging_mixin.py:188} INFO - [2025-10-08T08:53:29.783+0000] {dagbag.py:545} INFO - Filling up the DagBag from /home/airflow/.local/lib/python3.12/site-packages/airflow/example_dags/example_setup_teardown.py
[2025-10-08T08:53:29.791+0000] {processor.py:840} INFO - DAG(s) 'example_setup_teardown' retrieved from /home/airflow/.local/lib/python3.12/site-packages/airflow/example_dags/example_setup_teardown.py
[2025-10-08T08:53:29.814+0000] {logging_mixin.py:188} INFO - [2025-10-08T08:53:29.814+0000] {dag.py:3096} INFO - Sync 1 DAGs
[2025-10-08T08:53:29.838+0000] {logging_mixin.py:188} INFO - [2025-10-08T08:53:29.837+0000] {dag.py:3954} INFO - Setting next_dagrun for example_setup_teardown to 2025-10-07 00:00:00+00:00, run_after=2025-10-08 00:00:00+00:00
[2025-10-08T08:53:29.860+0000] {processor.py:183} INFO - Processing /home/airflow/.local/lib/python3.12/site-packages/airflow/example_dags/example_setup_teardown.py took 0.090 seconds
[2025-10-08T08:54:00.391+0000] {processor.py:161} INFO - Started process (PID=259) to work on /home/airflow/.local/lib/python3.12/site-packages/airflow/example_dags/example_setup_teardown.py
[2025-10-08T08:54:00.394+0000] {processor.py:830} INFO - Processing file /home/airflow/.local/lib/python3.12/site-packages/airflow/example_dags/example_setup_teardown.py for tasks to queue
[2025-10-08T08:54:00.397+0000] {logging_mixin.py:188} INFO - [2025-10-08T08:54:00.397+0000] {dagbag.py:545} INFO - Filling up the DagBag from /home/airflow/.local/lib/python3.12/site-packages/airflow/example_dags/example_setup_teardown.py
[2025-10-08T08:54:00.408+0000] {processor.py:840} INFO - DAG(s) 'example_setup_teardown' retrieved from /home/airflow/.local/lib/python3.12/site-packages/airflow/example_dags/example_setup_teardown.py
[2025-10-08T08:54:00.434+0000] {logging_mixin.py:188} INFO - [2025-10-08T08:54:00.434+0000] {dag.py:3096} INFO - Sync 1 DAGs
[2025-10-08T08:54:00.461+0000] {logging_mixin.py:188} INFO - [2025-10-08T08:54:00.461+0000] {dag.py:3954} INFO - Setting next_dagrun for example_setup_teardown to 2025-10-07 00:00:00+00:00, run_after=2025-10-08 00:00:00+00:00
[2025-10-08T08:54:00.485+0000] {processor.py:183} INFO - Processing /home/airflow/.local/lib/python3.12/site-packages/airflow/example_dags/example_setup_teardown.py took 0.104 seconds
[2025-10-08T08:54:31.265+0000] {processor.py:161} INFO - Started process (PID=318) to work on /home/airflow/.local/lib/python3.12/site-packages/airflow/example_dags/example_setup_teardown.py
[2025-10-08T08:54:31.267+0000] {processor.py:830} INFO - Processing file /home/airflow/.local/lib/python3.12/site-packages/airflow/example_dags/example_setup_teardown.py for tasks to queue
[2025-10-08T08:54:31.269+0000] {logging_mixin.py:188} INFO - [2025-10-08T08:54:31.269+0000] {dagbag.py:545} INFO - Filling up the DagBag from /home/airflow/.local/lib/python3.12/site-packages/airflow/example_dags/example_setup_teardown.py
[2025-10-08T08:54:31.284+0000] {processor.py:840} INFO - DAG(s) 'example_setup_teardown' retrieved from /home/airflow/.local/lib/python3.12/site-packages/airflow/example_dags/example_setup_teardown.py
[2025-10-08T08:54:31.316+0000] {logging_mixin.py:188} INFO - [2025-10-08T08:54:31.315+0000] {dag.py:3096} INFO - Sync 1 DAGs
[2025-10-08T08:54:31.342+0000] {logging_mixin.py:188} INFO - [2025-10-08T08:54:31.342+0000] {dag.py:3954} INFO - Setting next_dagrun for example_setup_teardown to 2025-10-07 00:00:00+00:00, run_after=2025-10-08 00:00:00+00:00
[2025-10-08T08:54:31.535+0000] {processor.py:183} INFO - Processing /home/airflow/.local/lib/python3.12/site-packages/airflow/example_dags/example_setup_teardown.py took 0.278 seconds
[2025-10-08T08:55:02.046+0000] {processor.py:161} INFO - Started process (PID=377) to work on /home/airflow/.local/lib/python3.12/site-packages/airflow/example_dags/example_setup_teardown.py
[2025-10-08T08:55:02.047+0000] {processor.py:830} INFO - Processing file /home/airflow/.local/lib/python3.12/site-packages/airflow/example_dags/example_setup_teardown.py for tasks to queue
[2025-10-08T08:55:02.050+0000] {logging_mixin.py:188} INFO - [2025-10-08T08:55:02.049+0000] {dagbag.py:545} INFO - Filling up the DagBag from /home/airflow/.local/lib/python3.12/site-packages/airflow/example_dags/example_setup_teardown.py
[2025-10-08T08:55:02.057+0000] {processor.py:840} INFO - DAG(s) 'example_setup_teardown' retrieved from /home/airflow/.local/lib/python3.12/site-packages/airflow/example_dags/example_setup_teardown.py
[2025-10-08T08:55:02.083+0000] {logging_mixin.py:188} INFO - [2025-10-08T08:55:02.082+0000] {dag.py:3096} INFO - Sync 1 DAGs
[2025-10-08T08:55:02.112+0000] {logging_mixin.py:188} INFO - [2025-10-08T08:55:02.112+0000] {dag.py:3954} INFO - Setting next_dagrun for example_setup_teardown to 2025-10-07 00:00:00+00:00, run_after=2025-10-08 00:00:00+00:00
[2025-10-08T08:55:02.131+0000] {processor.py:183} INFO - Processing /home/airflow/.local/lib/python3.12/site-packages/airflow/example_dags/example_setup_teardown.py took 0.092 seconds
[2025-10-08T08:55:32.737+0000] {processor.py:161} INFO - Started process (PID=436) to work on /home/airflow/.local/lib/python3.12/site-packages/airflow/example_dags/example_setup_teardown.py
[2025-10-08T08:55:32.740+0000] {processor.py:830} INFO - Processing file /home/airflow/.local/lib/python3.12/site-packages/airflow/example_dags/example_setup_teardown.py for tasks to queue
[2025-10-08T08:55:32.744+0000] {logging_mixin.py:188} INFO - [2025-10-08T08:55:32.744+0000] {dagbag.py:545} INFO - Filling up the DagBag from /home/airflow/.local/lib/python3.12/site-packages/airflow/example_dags/example_setup_teardown.py
[2025-10-08T08:55:32.755+0000] {processor.py:840} INFO - DAG(s) 'example_setup_teardown' retrieved from /home/airflow/.local/lib/python3.12/site-packages/airflow/example_dags/example_setup_teardown.py
[2025-10-08T08:55:32.783+0000] {logging_mixin.py:188} INFO - [2025-10-08T08:55:32.783+0000] {dag.py:3096} INFO - Sync 1 DAGs
[2025-10-08T08:55:32.811+0000] {logging_mixin.py:188} INFO - [2025-10-08T08:55:32.811+0000] {dag.py:3954} INFO - Setting next_dagrun for example_setup_teardown to 2025-10-07 00:00:00+00:00, run_after=2025-10-08 00:00:00+00:00
[2025-10-08T08:55:32.841+0000] {processor.py:183} INFO - Processing /home/airflow/.local/lib/python3.12/site-packages/airflow/example_dags/example_setup_teardown.py took 0.113 seconds
[2025-10-08T08:56:03.626+0000] {processor.py:161} INFO - Started process (PID=495) to work on /home/airflow/.local/lib/python3.12/site-packages/airflow/example_dags/example_setup_teardown.py
[2025-10-08T08:56:03.627+0000] {processor.py:830} INFO - Processing file /home/airflow/.local/lib/python3.12/site-packages/airflow/example_dags/example_setup_teardown.py for tasks to queue
[2025-10-08T08:56:03.631+0000] {logging_mixin.py:188} INFO - [2025-10-08T08:56:03.631+0000] {dagbag.py:545} INFO - Filling up the DagBag from /home/airflow/.local/lib/python3.12/site-packages/airflow/example_dags/example_setup_teardown.py
[2025-10-08T08:56:03.643+0000] {processor.py:840} INFO - DAG(s) 'example_setup_teardown' retrieved from /home/airflow/.local/lib/python3.12/site-packages/airflow/example_dags/example_setup_teardown.py
[2025-10-08T08:56:03.676+0000] {logging_mixin.py:188} INFO - [2025-10-08T08:56:03.675+0000] {dag.py:3096} INFO - Sync 1 DAGs
[2025-10-08T08:56:03.708+0000] {logging_mixin.py:188} INFO - [2025-10-08T08:56:03.707+0000] {dag.py:3954} INFO - Setting next_dagrun for example_setup_teardown to 2025-10-07 00:00:00+00:00, run_after=2025-10-08 00:00:00+00:00
[2025-10-08T08:56:03.739+0000] {processor.py:183} INFO - Processing /home/airflow/.local/lib/python3.12/site-packages/airflow/example_dags/example_setup_teardown.py took 0.123 seconds
[2025-10-08T08:56:33.890+0000] {processor.py:161} INFO - Started process (PID=554) to work on /home/airflow/.local/lib/python3.12/site-packages/airflow/example_dags/example_setup_teardown.py
[2025-10-08T08:56:33.892+0000] {processor.py:830} INFO - Processing file /home/airflow/.local/lib/python3.12/site-packages/airflow/example_dags/example_setup_teardown.py for tasks to queue
[2025-10-08T08:56:33.897+0000] {logging_mixin.py:188} INFO - [2025-10-08T08:56:33.896+0000] {dagbag.py:545} INFO - Filling up the DagBag from /home/airflow/.local/lib/python3.12/site-packages/airflow/example_dags/example_setup_teardown.py
[2025-10-08T08:56:33.911+0000] {processor.py:840} INFO - DAG(s) 'example_setup_teardown' retrieved from /home/airflow/.local/lib/python3.12/site-packages/airflow/example_dags/example_setup_teardown.py
[2025-10-08T08:56:33.955+0000] {logging_mixin.py:188} INFO - [2025-10-08T08:56:33.955+0000] {dag.py:3096} INFO - Sync 1 DAGs
[2025-10-08T08:56:33.981+0000] {logging_mixin.py:188} INFO - [2025-10-08T08:56:33.981+0000] {dag.py:3954} INFO - Setting next_dagrun for example_setup_teardown to 2025-10-07 00:00:00+00:00, run_after=2025-10-08 00:00:00+00:00
[2025-10-08T08:56:34.005+0000] {processor.py:183} INFO - Processing /home/airflow/.local/lib/python3.12/site-packages/airflow/example_dags/example_setup_teardown.py took 0.130 seconds
[2025-10-08T08:57:04.624+0000] {processor.py:161} INFO - Started process (PID=613) to work on /home/airflow/.local/lib/python3.12/site-packages/airflow/example_dags/example_setup_teardown.py
[2025-10-08T08:57:04.628+0000] {processor.py:830} INFO - Processing file /home/airflow/.local/lib/python3.12/site-packages/airflow/example_dags/example_setup_teardown.py for tasks to queue
[2025-10-08T08:57:04.634+0000] {logging_mixin.py:188} INFO - [2025-10-08T08:57:04.633+0000] {dagbag.py:545} INFO - Filling up the DagBag from /home/airflow/.local/lib/python3.12/site-packages/airflow/example_dags/example_setup_teardown.py
[2025-10-08T08:57:04.654+0000] {processor.py:840} INFO - DAG(s) 'example_setup_teardown' retrieved from /home/airflow/.local/lib/python3.12/site-packages/airflow/example_dags/example_setup_teardown.py
[2025-10-08T08:57:04.694+0000] {logging_mixin.py:188} INFO - [2025-10-08T08:57:04.693+0000] {dag.py:3096} INFO - Sync 1 DAGs
[2025-10-08T08:57:04.731+0000] {logging_mixin.py:188} INFO - [2025-10-08T08:57:04.731+0000] {dag.py:3954} INFO - Setting next_dagrun for example_setup_teardown to 2025-10-07 00:00:00+00:00, run_after=2025-10-08 00:00:00+00:00
[2025-10-08T08:57:04.776+0000] {processor.py:183} INFO - Processing /home/airflow/.local/lib/python3.12/site-packages/airflow/example_dags/example_setup_teardown.py took 0.166 seconds
[2025-10-08T08:57:34.935+0000] {processor.py:161} INFO - Started process (PID=672) to work on /home/airflow/.local/lib/python3.12/site-packages/airflow/example_dags/example_setup_teardown.py
[2025-10-08T08:57:34.936+0000] {processor.py:830} INFO - Processing file /home/airflow/.local/lib/python3.12/site-packages/airflow/example_dags/example_setup_teardown.py for tasks to queue
[2025-10-08T08:57:34.939+0000] {logging_mixin.py:188} INFO - [2025-10-08T08:57:34.939+0000] {dagbag.py:545} INFO - Filling up the DagBag from /home/airflow/.local/lib/python3.12/site-packages/airflow/example_dags/example_setup_teardown.py
[2025-10-08T08:57:34.950+0000] {processor.py:840} INFO - DAG(s) 'example_setup_teardown' retrieved from /home/airflow/.local/lib/python3.12/site-packages/airflow/example_dags/example_setup_teardown.py
[2025-10-08T08:57:34.978+0000] {logging_mixin.py:188} INFO - [2025-10-08T08:57:34.978+0000] {dag.py:3096} INFO - Sync 1 DAGs
[2025-10-08T08:57:35.004+0000] {logging_mixin.py:188} INFO - [2025-10-08T08:57:35.004+0000] {dag.py:3954} INFO - Setting next_dagrun for example_setup_teardown to 2025-10-07 00:00:00+00:00, run_after=2025-10-08 00:00:00+00:00
[2025-10-08T08:57:35.033+0000] {processor.py:183} INFO - Processing /home/airflow/.local/lib/python3.12/site-packages/airflow/example_dags/example_setup_teardown.py took 0.107 seconds
[2025-10-08T08:58:05.279+0000] {processor.py:161} INFO - Started process (PID=731) to work on /home/airflow/.local/lib/python3.12/site-packages/airflow/example_dags/example_setup_teardown.py
[2025-10-08T08:58:05.281+0000] {processor.py:830} INFO - Processing file /home/airflow/.local/lib/python3.12/site-packages/airflow/example_dags/example_setup_teardown.py for tasks to queue
[2025-10-08T08:58:05.283+0000] {logging_mixin.py:188} INFO - [2025-10-08T08:58:05.283+0000] {dagbag.py:545} INFO - Filling up the DagBag from /home/airflow/.local/lib/python3.12/site-packages/airflow/example_dags/example_setup_teardown.py
[2025-10-08T08:58:05.292+0000] {processor.py:840} INFO - DAG(s) 'example_setup_teardown' retrieved from /home/airflow/.local/lib/python3.12/site-packages/airflow/example_dags/example_setup_teardown.py
[2025-10-08T08:58:05.319+0000] {logging_mixin.py:188} INFO - [2025-10-08T08:58:05.319+0000] {dag.py:3096} INFO - Sync 1 DAGs
[2025-10-08T08:58:05.348+0000] {logging_mixin.py:188} INFO - [2025-10-08T08:58:05.348+0000] {dag.py:3954} INFO - Setting next_dagrun for example_setup_teardown to 2025-10-07 00:00:00+00:00, run_after=2025-10-08 00:00:00+00:00
[2025-10-08T08:58:05.372+0000] {processor.py:183} INFO - Processing /home/airflow/.local/lib/python3.12/site-packages/airflow/example_dags/example_setup_teardown.py took 0.102 seconds
[2025-10-08T08:58:35.493+0000] {processor.py:161} INFO - Started process (PID=790) to work on /home/airflow/.local/lib/python3.12/site-packages/airflow/example_dags/example_setup_teardown.py
[2025-10-08T08:58:35.494+0000] {processor.py:830} INFO - Processing file /home/airflow/.local/lib/python3.12/site-packages/airflow/example_dags/example_setup_teardown.py for tasks to queue
[2025-10-08T08:58:35.498+0000] {logging_mixin.py:188} INFO - [2025-10-08T08:58:35.497+0000] {dagbag.py:545} INFO - Filling up the DagBag from /home/airflow/.local/lib/python3.12/site-packages/airflow/example_dags/example_setup_teardown.py
[2025-10-08T08:58:35.506+0000] {processor.py:840} INFO - DAG(s) 'example_setup_teardown' retrieved from /home/airflow/.local/lib/python3.12/site-packages/airflow/example_dags/example_setup_teardown.py
[2025-10-08T08:58:35.530+0000] {logging_mixin.py:188} INFO - [2025-10-08T08:58:35.530+0000] {dag.py:3096} INFO - Sync 1 DAGs
[2025-10-08T08:58:35.554+0000] {logging_mixin.py:188} INFO - [2025-10-08T08:58:35.554+0000] {dag.py:3954} INFO - Setting next_dagrun for example_setup_teardown to 2025-10-07 00:00:00+00:00, run_after=2025-10-08 00:00:00+00:00
[2025-10-08T08:58:35.579+0000] {processor.py:183} INFO - Processing /home/airflow/.local/lib/python3.12/site-packages/airflow/example_dags/example_setup_teardown.py took 0.093 seconds
[2025-10-08T08:59:05.826+0000] {processor.py:161} INFO - Started process (PID=849) to work on /home/airflow/.local/lib/python3.12/site-packages/airflow/example_dags/example_setup_teardown.py
[2025-10-08T08:59:05.828+0000] {processor.py:830} INFO - Processing file /home/airflow/.local/lib/python3.12/site-packages/airflow/example_dags/example_setup_teardown.py for tasks to queue
[2025-10-08T08:59:05.833+0000] {logging_mixin.py:188} INFO - [2025-10-08T08:59:05.832+0000] {dagbag.py:545} INFO - Filling up the DagBag from /home/airflow/.local/lib/python3.12/site-packages/airflow/example_dags/example_setup_teardown.py
[2025-10-08T08:59:05.841+0000] {processor.py:840} INFO - DAG(s) 'example_setup_teardown' retrieved from /home/airflow/.local/lib/python3.12/site-packages/airflow/example_dags/example_setup_teardown.py
[2025-10-08T08:59:05.873+0000] {logging_mixin.py:188} INFO - [2025-10-08T08:59:05.872+0000] {dag.py:3096} INFO - Sync 1 DAGs
[2025-10-08T08:59:05.897+0000] {logging_mixin.py:188} INFO - [2025-10-08T08:59:05.897+0000] {dag.py:3954} INFO - Setting next_dagrun for example_setup_teardown to 2025-10-07 00:00:00+00:00, run_after=2025-10-08 00:00:00+00:00
[2025-10-08T08:59:05.919+0000] {processor.py:183} INFO - Processing /home/airflow/.local/lib/python3.12/site-packages/airflow/example_dags/example_setup_teardown.py took 0.103 seconds
[2025-10-08T08:59:36.376+0000] {processor.py:161} INFO - Started process (PID=908) to work on /home/airflow/.local/lib/python3.12/site-packages/airflow/example_dags/example_setup_teardown.py
[2025-10-08T08:59:36.379+0000] {processor.py:830} INFO - Processing file /home/airflow/.local/lib/python3.12/site-packages/airflow/example_dags/example_setup_teardown.py for tasks to queue
[2025-10-08T08:59:36.383+0000] {logging_mixin.py:188} INFO - [2025-10-08T08:59:36.383+0000] {dagbag.py:545} INFO - Filling up the DagBag from /home/airflow/.local/lib/python3.12/site-packages/airflow/example_dags/example_setup_teardown.py
[2025-10-08T08:59:36.397+0000] {processor.py:840} INFO - DAG(s) 'example_setup_teardown' retrieved from /home/airflow/.local/lib/python3.12/site-packages/airflow/example_dags/example_setup_teardown.py
[2025-10-08T08:59:36.443+0000] {logging_mixin.py:188} INFO - [2025-10-08T08:59:36.442+0000] {dag.py:3096} INFO - Sync 1 DAGs
[2025-10-08T08:59:36.488+0000] {logging_mixin.py:188} INFO - [2025-10-08T08:59:36.488+0000] {dag.py:3954} INFO - Setting next_dagrun for example_setup_teardown to 2025-10-07 00:00:00+00:00, run_after=2025-10-08 00:00:00+00:00
[2025-10-08T08:59:36.523+0000] {processor.py:183} INFO - Processing /home/airflow/.local/lib/python3.12/site-packages/airflow/example_dags/example_setup_teardown.py took 0.158 seconds
[2025-10-08T09:00:06.677+0000] {processor.py:161} INFO - Started process (PID=967) to work on /home/airflow/.local/lib/python3.12/site-packages/airflow/example_dags/example_setup_teardown.py
[2025-10-08T09:00:06.679+0000] {processor.py:830} INFO - Processing file /home/airflow/.local/lib/python3.12/site-packages/airflow/example_dags/example_setup_teardown.py for tasks to queue
[2025-10-08T09:00:06.682+0000] {logging_mixin.py:188} INFO - [2025-10-08T09:00:06.682+0000] {dagbag.py:545} INFO - Filling up the DagBag from /home/airflow/.local/lib/python3.12/site-packages/airflow/example_dags/example_setup_teardown.py
[2025-10-08T09:00:06.691+0000] {processor.py:840} INFO - DAG(s) 'example_setup_teardown' retrieved from /home/airflow/.local/lib/python3.12/site-packages/airflow/example_dags/example_setup_teardown.py
[2025-10-08T09:00:06.714+0000] {logging_mixin.py:188} INFO - [2025-10-08T09:00:06.714+0000] {dag.py:3096} INFO - Sync 1 DAGs
[2025-10-08T09:00:06.738+0000] {logging_mixin.py:188} INFO - [2025-10-08T09:00:06.737+0000] {dag.py:3954} INFO - Setting next_dagrun for example_setup_teardown to 2025-10-07 00:00:00+00:00, run_after=2025-10-08 00:00:00+00:00
[2025-10-08T09:00:06.759+0000] {processor.py:183} INFO - Processing /home/airflow/.local/lib/python3.12/site-packages/airflow/example_dags/example_setup_teardown.py took 0.088 seconds
[2025-10-08T09:00:37.054+0000] {processor.py:161} INFO - Started process (PID=1026) to work on /home/airflow/.local/lib/python3.12/site-packages/airflow/example_dags/example_setup_teardown.py
[2025-10-08T09:00:37.056+0000] {processor.py:830} INFO - Processing file /home/airflow/.local/lib/python3.12/site-packages/airflow/example_dags/example_setup_teardown.py for tasks to queue
[2025-10-08T09:00:37.059+0000] {logging_mixin.py:188} INFO - [2025-10-08T09:00:37.059+0000] {dagbag.py:545} INFO - Filling up the DagBag from /home/airflow/.local/lib/python3.12/site-packages/airflow/example_dags/example_setup_teardown.py
[2025-10-08T09:00:37.072+0000] {processor.py:840} INFO - DAG(s) 'example_setup_teardown' retrieved from /home/airflow/.local/lib/python3.12/site-packages/airflow/example_dags/example_setup_teardown.py
[2025-10-08T09:00:37.102+0000] {logging_mixin.py:188} INFO - [2025-10-08T09:00:37.102+0000] {dag.py:3096} INFO - Sync 1 DAGs
[2025-10-08T09:00:37.139+0000] {logging_mixin.py:188} INFO - [2025-10-08T09:00:37.139+0000] {dag.py:3954} INFO - Setting next_dagrun for example_setup_teardown to 2025-10-07 00:00:00+00:00, run_after=2025-10-08 00:00:00+00:00
[2025-10-08T09:00:37.177+0000] {processor.py:183} INFO - Processing /home/airflow/.local/lib/python3.12/site-packages/airflow/example_dags/example_setup_teardown.py took 0.132 seconds
[2025-10-08T09:01:07.400+0000] {processor.py:161} INFO - Started process (PID=1085) to work on /home/airflow/.local/lib/python3.12/site-packages/airflow/example_dags/example_setup_teardown.py
[2025-10-08T09:01:07.402+0000] {processor.py:830} INFO - Processing file /home/airflow/.local/lib/python3.12/site-packages/airflow/example_dags/example_setup_teardown.py for tasks to queue
[2025-10-08T09:01:07.407+0000] {logging_mixin.py:188} INFO - [2025-10-08T09:01:07.406+0000] {dagbag.py:545} INFO - Filling up the DagBag from /home/airflow/.local/lib/python3.12/site-packages/airflow/example_dags/example_setup_teardown.py
[2025-10-08T09:01:07.416+0000] {processor.py:840} INFO - DAG(s) 'example_setup_teardown' retrieved from /home/airflow/.local/lib/python3.12/site-packages/airflow/example_dags/example_setup_teardown.py
[2025-10-08T09:01:07.442+0000] {logging_mixin.py:188} INFO - [2025-10-08T09:01:07.441+0000] {dag.py:3096} INFO - Sync 1 DAGs
[2025-10-08T09:01:07.468+0000] {logging_mixin.py:188} INFO - [2025-10-08T09:01:07.467+0000] {dag.py:3954} INFO - Setting next_dagrun for example_setup_teardown to 2025-10-07 00:00:00+00:00, run_after=2025-10-08 00:00:00+00:00
[2025-10-08T09:01:07.493+0000] {processor.py:183} INFO - Processing /home/airflow/.local/lib/python3.12/site-packages/airflow/example_dags/example_setup_teardown.py took 0.101 seconds
[2025-10-08T09:01:37.770+0000] {processor.py:161} INFO - Started process (PID=1144) to work on /home/airflow/.local/lib/python3.12/site-packages/airflow/example_dags/example_setup_teardown.py
[2025-10-08T09:01:37.772+0000] {processor.py:830} INFO - Processing file /home/airflow/.local/lib/python3.12/site-packages/airflow/example_dags/example_setup_teardown.py for tasks to queue
[2025-10-08T09:01:37.775+0000] {logging_mixin.py:188} INFO - [2025-10-08T09:01:37.774+0000] {dagbag.py:545} INFO - Filling up the DagBag from /home/airflow/.local/lib/python3.12/site-packages/airflow/example_dags/example_setup_teardown.py
[2025-10-08T09:01:37.784+0000] {processor.py:840} INFO - DAG(s) 'example_setup_teardown' retrieved from /home/airflow/.local/lib/python3.12/site-packages/airflow/example_dags/example_setup_teardown.py
[2025-10-08T09:01:37.812+0000] {logging_mixin.py:188} INFO - [2025-10-08T09:01:37.812+0000] {dag.py:3096} INFO - Sync 1 DAGs
[2025-10-08T09:01:37.838+0000] {logging_mixin.py:188} INFO - [2025-10-08T09:01:37.838+0000] {dag.py:3954} INFO - Setting next_dagrun for example_setup_teardown to 2025-10-07 00:00:00+00:00, run_after=2025-10-08 00:00:00+00:00
[2025-10-08T09:01:37.868+0000] {processor.py:183} INFO - Processing /home/airflow/.local/lib/python3.12/site-packages/airflow/example_dags/example_setup_teardown.py took 0.105 seconds
[2025-10-08T09:02:08.651+0000] {processor.py:161} INFO - Started process (PID=1203) to work on /home/airflow/.local/lib/python3.12/site-packages/airflow/example_dags/example_setup_teardown.py
[2025-10-08T09:02:08.653+0000] {processor.py:830} INFO - Processing file /home/airflow/.local/lib/python3.12/site-packages/airflow/example_dags/example_setup_teardown.py for tasks to queue
[2025-10-08T09:02:08.656+0000] {logging_mixin.py:188} INFO - [2025-10-08T09:02:08.656+0000] {dagbag.py:545} INFO - Filling up the DagBag from /home/airflow/.local/lib/python3.12/site-packages/airflow/example_dags/example_setup_teardown.py
[2025-10-08T09:02:08.668+0000] {processor.py:840} INFO - DAG(s) 'example_setup_teardown' retrieved from /home/airflow/.local/lib/python3.12/site-packages/airflow/example_dags/example_setup_teardown.py
[2025-10-08T09:02:08.718+0000] {logging_mixin.py:188} INFO - [2025-10-08T09:02:08.718+0000] {dag.py:3096} INFO - Sync 1 DAGs
[2025-10-08T09:02:08.746+0000] {logging_mixin.py:188} INFO - [2025-10-08T09:02:08.746+0000] {dag.py:3954} INFO - Setting next_dagrun for example_setup_teardown to 2025-10-07 00:00:00+00:00, run_after=2025-10-08 00:00:00+00:00
[2025-10-08T09:02:08.791+0000] {processor.py:183} INFO - Processing /home/airflow/.local/lib/python3.12/site-packages/airflow/example_dags/example_setup_teardown.py took 0.148 seconds
[2025-10-08T09:02:38.987+0000] {processor.py:161} INFO - Started process (PID=1262) to work on /home/airflow/.local/lib/python3.12/site-packages/airflow/example_dags/example_setup_teardown.py
[2025-10-08T09:02:38.990+0000] {processor.py:830} INFO - Processing file /home/airflow/.local/lib/python3.12/site-packages/airflow/example_dags/example_setup_teardown.py for tasks to queue
[2025-10-08T09:02:38.994+0000] {logging_mixin.py:188} INFO - [2025-10-08T09:02:38.994+0000] {dagbag.py:545} INFO - Filling up the DagBag from /home/airflow/.local/lib/python3.12/site-packages/airflow/example_dags/example_setup_teardown.py
[2025-10-08T09:02:39.010+0000] {processor.py:840} INFO - DAG(s) 'example_setup_teardown' retrieved from /home/airflow/.local/lib/python3.12/site-packages/airflow/example_dags/example_setup_teardown.py
[2025-10-08T09:02:39.065+0000] {logging_mixin.py:188} INFO - [2025-10-08T09:02:39.065+0000] {dag.py:3096} INFO - Sync 1 DAGs
[2025-10-08T09:02:39.108+0000] {logging_mixin.py:188} INFO - [2025-10-08T09:02:39.107+0000] {dag.py:3954} INFO - Setting next_dagrun for example_setup_teardown to 2025-10-07 00:00:00+00:00, run_after=2025-10-08 00:00:00+00:00
[2025-10-08T09:02:39.148+0000] {processor.py:183} INFO - Processing /home/airflow/.local/lib/python3.12/site-packages/airflow/example_dags/example_setup_teardown.py took 0.175 seconds
[2025-10-08T09:03:09.363+0000] {processor.py:161} INFO - Started process (PID=1321) to work on /home/airflow/.local/lib/python3.12/site-packages/airflow/example_dags/example_setup_teardown.py
[2025-10-08T09:03:09.365+0000] {processor.py:830} INFO - Processing file /home/airflow/.local/lib/python3.12/site-packages/airflow/example_dags/example_setup_teardown.py for tasks to queue
[2025-10-08T09:03:09.370+0000] {logging_mixin.py:188} INFO - [2025-10-08T09:03:09.370+0000] {dagbag.py:545} INFO - Filling up the DagBag from /home/airflow/.local/lib/python3.12/site-packages/airflow/example_dags/example_setup_teardown.py
[2025-10-08T09:03:09.383+0000] {processor.py:840} INFO - DAG(s) 'example_setup_teardown' retrieved from /home/airflow/.local/lib/python3.12/site-packages/airflow/example_dags/example_setup_teardown.py
[2025-10-08T09:03:09.444+0000] {logging_mixin.py:188} INFO - [2025-10-08T09:03:09.443+0000] {dag.py:3096} INFO - Sync 1 DAGs
[2025-10-08T09:03:09.479+0000] {logging_mixin.py:188} INFO - [2025-10-08T09:03:09.479+0000] {dag.py:3954} INFO - Setting next_dagrun for example_setup_teardown to 2025-10-07 00:00:00+00:00, run_after=2025-10-08 00:00:00+00:00
[2025-10-08T09:03:09.506+0000] {processor.py:183} INFO - Processing /home/airflow/.local/lib/python3.12/site-packages/airflow/example_dags/example_setup_teardown.py took 0.151 seconds
[2025-10-08T09:03:40.511+0000] {processor.py:161} INFO - Started process (PID=1380) to work on /home/airflow/.local/lib/python3.12/site-packages/airflow/example_dags/example_setup_teardown.py
[2025-10-08T09:03:40.513+0000] {processor.py:830} INFO - Processing file /home/airflow/.local/lib/python3.12/site-packages/airflow/example_dags/example_setup_teardown.py for tasks to queue
[2025-10-08T09:03:40.517+0000] {logging_mixin.py:188} INFO - [2025-10-08T09:03:40.517+0000] {dagbag.py:545} INFO - Filling up the DagBag from /home/airflow/.local/lib/python3.12/site-packages/airflow/example_dags/example_setup_teardown.py
[2025-10-08T09:03:40.529+0000] {processor.py:840} INFO - DAG(s) 'example_setup_teardown' retrieved from /home/airflow/.local/lib/python3.12/site-packages/airflow/example_dags/example_setup_teardown.py
[2025-10-08T09:03:40.559+0000] {logging_mixin.py:188} INFO - [2025-10-08T09:03:40.559+0000] {dag.py:3096} INFO - Sync 1 DAGs
[2025-10-08T09:03:40.776+0000] {logging_mixin.py:188} INFO - [2025-10-08T09:03:40.775+0000] {dag.py:3954} INFO - Setting next_dagrun for example_setup_teardown to 2025-10-07 00:00:00+00:00, run_after=2025-10-08 00:00:00+00:00
[2025-10-08T09:03:40.809+0000] {processor.py:183} INFO - Processing /home/airflow/.local/lib/python3.12/site-packages/airflow/example_dags/example_setup_teardown.py took 0.306 seconds
[2025-10-08T09:04:10.883+0000] {processor.py:161} INFO - Started process (PID=1439) to work on /home/airflow/.local/lib/python3.12/site-packages/airflow/example_dags/example_setup_teardown.py
[2025-10-08T09:04:10.885+0000] {processor.py:830} INFO - Processing file /home/airflow/.local/lib/python3.12/site-packages/airflow/example_dags/example_setup_teardown.py for tasks to queue
[2025-10-08T09:04:10.888+0000] {logging_mixin.py:188} INFO - [2025-10-08T09:04:10.888+0000] {dagbag.py:545} INFO - Filling up the DagBag from /home/airflow/.local/lib/python3.12/site-packages/airflow/example_dags/example_setup_teardown.py
[2025-10-08T09:04:10.895+0000] {processor.py:840} INFO - DAG(s) 'example_setup_teardown' retrieved from /home/airflow/.local/lib/python3.12/site-packages/airflow/example_dags/example_setup_teardown.py
[2025-10-08T09:04:10.914+0000] {logging_mixin.py:188} INFO - [2025-10-08T09:04:10.913+0000] {dag.py:3096} INFO - Sync 1 DAGs
[2025-10-08T09:04:10.933+0000] {logging_mixin.py:188} INFO - [2025-10-08T09:04:10.933+0000] {dag.py:3954} INFO - Setting next_dagrun for example_setup_teardown to 2025-10-07 00:00:00+00:00, run_after=2025-10-08 00:00:00+00:00
[2025-10-08T09:04:11.178+0000] {processor.py:183} INFO - Processing /home/airflow/.local/lib/python3.12/site-packages/airflow/example_dags/example_setup_teardown.py took 0.303 seconds
