[2025-10-08T08:02:49.883+0000] {processor.py:161} INFO - Started process (PID=70) to work on /home/airflow/.local/lib/python3.12/site-packages/airflow/example_dags/example_params_ui_tutorial.py
[2025-10-08T08:02:49.892+0000] {processor.py:830} INFO - Processing file /home/airflow/.local/lib/python3.12/site-packages/airflow/example_dags/example_params_ui_tutorial.py for tasks to queue
[2025-10-08T08:02:49.953+0000] {logging_mixin.py:188} INFO - [2025-10-08T08:02:49.948+0000] {dagbag.py:545} INFO - Filling up the DagBag from /home/airflow/.local/lib/python3.12/site-packages/airflow/example_dags/example_params_ui_tutorial.py
[2025-10-08T08:02:50.910+0000] {processor.py:840} INFO - DAG(s) 'example_params_ui_tutorial' retrieved from /home/airflow/.local/lib/python3.12/site-packages/airflow/example_dags/example_params_ui_tutorial.py
[2025-10-08T08:02:52.616+0000] {logging_mixin.py:188} INFO - [2025-10-08T08:02:52.610+0000] {override.py:1829} INFO - Created Permission View: can edit on DAG:example_params_ui_tutorial
[2025-10-08T08:02:52.648+0000] {logging_mixin.py:188} INFO - [2025-10-08T08:02:52.648+0000] {override.py:1829} INFO - Created Permission View: can delete on DAG:example_params_ui_tutorial
[2025-10-08T08:02:52.672+0000] {logging_mixin.py:188} INFO - [2025-10-08T08:02:52.671+0000] {override.py:1829} INFO - Created Permission View: can read on DAG:example_params_ui_tutorial
[2025-10-08T08:02:52.673+0000] {logging_mixin.py:188} INFO - [2025-10-08T08:02:52.673+0000] {dag.py:3096} INFO - Sync 1 DAGs
[2025-10-08T08:02:52.715+0000] {logging_mixin.py:188} INFO - [2025-10-08T08:02:52.714+0000] {dag.py:3118} INFO - Creating ORM DAG for example_params_ui_tutorial
[2025-10-08T08:02:52.721+0000] {logging_mixin.py:188} INFO - [2025-10-08T08:02:52.721+0000] {dag.py:3954} INFO - Setting next_dagrun for example_params_ui_tutorial to None, run_after=None
[2025-10-08T08:02:52.781+0000] {processor.py:183} INFO - Processing /home/airflow/.local/lib/python3.12/site-packages/airflow/example_dags/example_params_ui_tutorial.py took 2.996 seconds
[2025-10-08T08:03:23.579+0000] {processor.py:161} INFO - Started process (PID=134) to work on /home/airflow/.local/lib/python3.12/site-packages/airflow/example_dags/example_params_ui_tutorial.py
[2025-10-08T08:03:23.586+0000] {processor.py:830} INFO - Processing file /home/airflow/.local/lib/python3.12/site-packages/airflow/example_dags/example_params_ui_tutorial.py for tasks to queue
[2025-10-08T08:03:23.631+0000] {logging_mixin.py:188} INFO - [2025-10-08T08:03:23.628+0000] {dagbag.py:545} INFO - Filling up the DagBag from /home/airflow/.local/lib/python3.12/site-packages/airflow/example_dags/example_params_ui_tutorial.py
[2025-10-08T08:03:24.333+0000] {processor.py:840} INFO - DAG(s) 'example_params_ui_tutorial' retrieved from /home/airflow/.local/lib/python3.12/site-packages/airflow/example_dags/example_params_ui_tutorial.py
[2025-10-08T08:03:25.063+0000] {logging_mixin.py:188} INFO - [2025-10-08T08:03:25.062+0000] {dag.py:3096} INFO - Sync 1 DAGs
[2025-10-08T08:03:25.137+0000] {logging_mixin.py:188} INFO - [2025-10-08T08:03:25.136+0000] {dag.py:3954} INFO - Setting next_dagrun for example_params_ui_tutorial to None, run_after=None
[2025-10-08T08:03:25.187+0000] {processor.py:183} INFO - Processing /home/airflow/.local/lib/python3.12/site-packages/airflow/example_dags/example_params_ui_tutorial.py took 1.648 seconds
[2025-10-08T08:03:55.286+0000] {processor.py:161} INFO - Started process (PID=192) to work on /home/airflow/.local/lib/python3.12/site-packages/airflow/example_dags/example_params_ui_tutorial.py
[2025-10-08T08:03:55.289+0000] {processor.py:830} INFO - Processing file /home/airflow/.local/lib/python3.12/site-packages/airflow/example_dags/example_params_ui_tutorial.py for tasks to queue
[2025-10-08T08:03:55.294+0000] {logging_mixin.py:188} INFO - [2025-10-08T08:03:55.293+0000] {dagbag.py:545} INFO - Filling up the DagBag from /home/airflow/.local/lib/python3.12/site-packages/airflow/example_dags/example_params_ui_tutorial.py
[2025-10-08T08:03:55.319+0000] {processor.py:840} INFO - DAG(s) 'example_params_ui_tutorial' retrieved from /home/airflow/.local/lib/python3.12/site-packages/airflow/example_dags/example_params_ui_tutorial.py
[2025-10-08T08:03:55.389+0000] {logging_mixin.py:188} INFO - [2025-10-08T08:03:55.389+0000] {dag.py:3096} INFO - Sync 1 DAGs
[2025-10-08T08:03:55.408+0000] {logging_mixin.py:188} INFO - [2025-10-08T08:03:55.407+0000] {dag.py:3954} INFO - Setting next_dagrun for example_params_ui_tutorial to None, run_after=None
[2025-10-08T08:03:55.441+0000] {processor.py:183} INFO - Processing /home/airflow/.local/lib/python3.12/site-packages/airflow/example_dags/example_params_ui_tutorial.py took 0.169 seconds
[2025-10-08T08:04:25.568+0000] {processor.py:161} INFO - Started process (PID=250) to work on /home/airflow/.local/lib/python3.12/site-packages/airflow/example_dags/example_params_ui_tutorial.py
[2025-10-08T08:04:25.570+0000] {processor.py:830} INFO - Processing file /home/airflow/.local/lib/python3.12/site-packages/airflow/example_dags/example_params_ui_tutorial.py for tasks to queue
[2025-10-08T08:04:25.574+0000] {logging_mixin.py:188} INFO - [2025-10-08T08:04:25.574+0000] {dagbag.py:545} INFO - Filling up the DagBag from /home/airflow/.local/lib/python3.12/site-packages/airflow/example_dags/example_params_ui_tutorial.py
[2025-10-08T08:04:25.599+0000] {processor.py:840} INFO - DAG(s) 'example_params_ui_tutorial' retrieved from /home/airflow/.local/lib/python3.12/site-packages/airflow/example_dags/example_params_ui_tutorial.py
[2025-10-08T08:04:25.791+0000] {logging_mixin.py:188} INFO - [2025-10-08T08:04:25.791+0000] {dag.py:3096} INFO - Sync 1 DAGs
[2025-10-08T08:04:25.846+0000] {logging_mixin.py:188} INFO - [2025-10-08T08:04:25.840+0000] {dag.py:3954} INFO - Setting next_dagrun for example_params_ui_tutorial to None, run_after=None
[2025-10-08T08:04:25.917+0000] {processor.py:183} INFO - Processing /home/airflow/.local/lib/python3.12/site-packages/airflow/example_dags/example_params_ui_tutorial.py took 0.364 seconds
[2025-10-08T08:04:56.387+0000] {processor.py:161} INFO - Started process (PID=308) to work on /home/airflow/.local/lib/python3.12/site-packages/airflow/example_dags/example_params_ui_tutorial.py
[2025-10-08T08:04:56.393+0000] {processor.py:830} INFO - Processing file /home/airflow/.local/lib/python3.12/site-packages/airflow/example_dags/example_params_ui_tutorial.py for tasks to queue
[2025-10-08T08:04:56.398+0000] {logging_mixin.py:188} INFO - [2025-10-08T08:04:56.397+0000] {dagbag.py:545} INFO - Filling up the DagBag from /home/airflow/.local/lib/python3.12/site-packages/airflow/example_dags/example_params_ui_tutorial.py
[2025-10-08T08:04:56.420+0000] {processor.py:840} INFO - DAG(s) 'example_params_ui_tutorial' retrieved from /home/airflow/.local/lib/python3.12/site-packages/airflow/example_dags/example_params_ui_tutorial.py
[2025-10-08T08:04:56.509+0000] {logging_mixin.py:188} INFO - [2025-10-08T08:04:56.508+0000] {dag.py:3096} INFO - Sync 1 DAGs
[2025-10-08T08:04:56.529+0000] {logging_mixin.py:188} INFO - [2025-10-08T08:04:56.529+0000] {dag.py:3954} INFO - Setting next_dagrun for example_params_ui_tutorial to None, run_after=None
[2025-10-08T08:04:56.556+0000] {processor.py:183} INFO - Processing /home/airflow/.local/lib/python3.12/site-packages/airflow/example_dags/example_params_ui_tutorial.py took 0.184 seconds
[2025-10-08T08:05:26.995+0000] {processor.py:161} INFO - Started process (PID=366) to work on /home/airflow/.local/lib/python3.12/site-packages/airflow/example_dags/example_params_ui_tutorial.py
[2025-10-08T08:05:27.014+0000] {processor.py:830} INFO - Processing file /home/airflow/.local/lib/python3.12/site-packages/airflow/example_dags/example_params_ui_tutorial.py for tasks to queue
[2025-10-08T08:05:27.033+0000] {logging_mixin.py:188} INFO - [2025-10-08T08:05:27.032+0000] {dagbag.py:545} INFO - Filling up the DagBag from /home/airflow/.local/lib/python3.12/site-packages/airflow/example_dags/example_params_ui_tutorial.py
[2025-10-08T08:05:27.078+0000] {processor.py:840} INFO - DAG(s) 'example_params_ui_tutorial' retrieved from /home/airflow/.local/lib/python3.12/site-packages/airflow/example_dags/example_params_ui_tutorial.py
[2025-10-08T08:05:27.200+0000] {logging_mixin.py:188} INFO - [2025-10-08T08:05:27.199+0000] {dag.py:3096} INFO - Sync 1 DAGs
[2025-10-08T08:05:27.265+0000] {logging_mixin.py:188} INFO - [2025-10-08T08:05:27.264+0000] {dag.py:3954} INFO - Setting next_dagrun for example_params_ui_tutorial to None, run_after=None
[2025-10-08T08:05:27.354+0000] {processor.py:183} INFO - Processing /home/airflow/.local/lib/python3.12/site-packages/airflow/example_dags/example_params_ui_tutorial.py took 0.371 seconds
[2025-10-08T08:05:57.559+0000] {processor.py:161} INFO - Started process (PID=424) to work on /home/airflow/.local/lib/python3.12/site-packages/airflow/example_dags/example_params_ui_tutorial.py
[2025-10-08T08:05:57.562+0000] {processor.py:830} INFO - Processing file /home/airflow/.local/lib/python3.12/site-packages/airflow/example_dags/example_params_ui_tutorial.py for tasks to queue
[2025-10-08T08:05:57.568+0000] {logging_mixin.py:188} INFO - [2025-10-08T08:05:57.567+0000] {dagbag.py:545} INFO - Filling up the DagBag from /home/airflow/.local/lib/python3.12/site-packages/airflow/example_dags/example_params_ui_tutorial.py
[2025-10-08T08:05:57.599+0000] {processor.py:840} INFO - DAG(s) 'example_params_ui_tutorial' retrieved from /home/airflow/.local/lib/python3.12/site-packages/airflow/example_dags/example_params_ui_tutorial.py
[2025-10-08T08:05:57.700+0000] {logging_mixin.py:188} INFO - [2025-10-08T08:05:57.699+0000] {dag.py:3096} INFO - Sync 1 DAGs
[2025-10-08T08:05:57.717+0000] {logging_mixin.py:188} INFO - [2025-10-08T08:05:57.717+0000] {dag.py:3954} INFO - Setting next_dagrun for example_params_ui_tutorial to None, run_after=None
[2025-10-08T08:05:57.747+0000] {processor.py:183} INFO - Processing /home/airflow/.local/lib/python3.12/site-packages/airflow/example_dags/example_params_ui_tutorial.py took 0.203 seconds
[2025-10-08T08:07:43.855+0000] {processor.py:161} INFO - Started process (PID=65) to work on /home/airflow/.local/lib/python3.12/site-packages/airflow/example_dags/example_params_ui_tutorial.py
[2025-10-08T08:07:43.864+0000] {processor.py:830} INFO - Processing file /home/airflow/.local/lib/python3.12/site-packages/airflow/example_dags/example_params_ui_tutorial.py for tasks to queue
[2025-10-08T08:07:43.874+0000] {logging_mixin.py:188} INFO - [2025-10-08T08:07:43.873+0000] {dagbag.py:545} INFO - Filling up the DagBag from /home/airflow/.local/lib/python3.12/site-packages/airflow/example_dags/example_params_ui_tutorial.py
[2025-10-08T08:07:43.940+0000] {processor.py:840} INFO - DAG(s) 'example_params_ui_tutorial' retrieved from /home/airflow/.local/lib/python3.12/site-packages/airflow/example_dags/example_params_ui_tutorial.py
[2025-10-08T08:07:44.240+0000] {logging_mixin.py:188} INFO - [2025-10-08T08:07:44.239+0000] {dag.py:3096} INFO - Sync 1 DAGs
[2025-10-08T08:07:44.263+0000] {logging_mixin.py:188} INFO - [2025-10-08T08:07:44.263+0000] {dag.py:3954} INFO - Setting next_dagrun for example_params_ui_tutorial to None, run_after=None
[2025-10-08T08:07:44.315+0000] {processor.py:183} INFO - Processing /home/airflow/.local/lib/python3.12/site-packages/airflow/example_dags/example_params_ui_tutorial.py took 0.488 seconds
[2025-10-08T08:08:14.423+0000] {processor.py:161} INFO - Started process (PID=123) to work on /home/airflow/.local/lib/python3.12/site-packages/airflow/example_dags/example_params_ui_tutorial.py
[2025-10-08T08:08:14.425+0000] {processor.py:830} INFO - Processing file /home/airflow/.local/lib/python3.12/site-packages/airflow/example_dags/example_params_ui_tutorial.py for tasks to queue
[2025-10-08T08:08:14.428+0000] {logging_mixin.py:188} INFO - [2025-10-08T08:08:14.427+0000] {dagbag.py:545} INFO - Filling up the DagBag from /home/airflow/.local/lib/python3.12/site-packages/airflow/example_dags/example_params_ui_tutorial.py
[2025-10-08T08:08:14.449+0000] {processor.py:840} INFO - DAG(s) 'example_params_ui_tutorial' retrieved from /home/airflow/.local/lib/python3.12/site-packages/airflow/example_dags/example_params_ui_tutorial.py
[2025-10-08T08:08:14.526+0000] {logging_mixin.py:188} INFO - [2025-10-08T08:08:14.525+0000] {dag.py:3096} INFO - Sync 1 DAGs
[2025-10-08T08:08:14.541+0000] {logging_mixin.py:188} INFO - [2025-10-08T08:08:14.541+0000] {dag.py:3954} INFO - Setting next_dagrun for example_params_ui_tutorial to None, run_after=None
[2025-10-08T08:08:14.571+0000] {processor.py:183} INFO - Processing /home/airflow/.local/lib/python3.12/site-packages/airflow/example_dags/example_params_ui_tutorial.py took 0.156 seconds
[2025-10-08T08:08:44.895+0000] {processor.py:161} INFO - Started process (PID=181) to work on /home/airflow/.local/lib/python3.12/site-packages/airflow/example_dags/example_params_ui_tutorial.py
[2025-10-08T08:08:44.897+0000] {processor.py:830} INFO - Processing file /home/airflow/.local/lib/python3.12/site-packages/airflow/example_dags/example_params_ui_tutorial.py for tasks to queue
[2025-10-08T08:08:44.899+0000] {logging_mixin.py:188} INFO - [2025-10-08T08:08:44.899+0000] {dagbag.py:545} INFO - Filling up the DagBag from /home/airflow/.local/lib/python3.12/site-packages/airflow/example_dags/example_params_ui_tutorial.py
[2025-10-08T08:08:44.920+0000] {processor.py:840} INFO - DAG(s) 'example_params_ui_tutorial' retrieved from /home/airflow/.local/lib/python3.12/site-packages/airflow/example_dags/example_params_ui_tutorial.py
[2025-10-08T08:08:44.990+0000] {logging_mixin.py:188} INFO - [2025-10-08T08:08:44.990+0000] {dag.py:3096} INFO - Sync 1 DAGs
[2025-10-08T08:08:45.007+0000] {logging_mixin.py:188} INFO - [2025-10-08T08:08:45.007+0000] {dag.py:3954} INFO - Setting next_dagrun for example_params_ui_tutorial to None, run_after=None
[2025-10-08T08:08:45.033+0000] {processor.py:183} INFO - Processing /home/airflow/.local/lib/python3.12/site-packages/airflow/example_dags/example_params_ui_tutorial.py took 0.145 seconds
[2025-10-08T08:09:16.029+0000] {processor.py:161} INFO - Started process (PID=239) to work on /home/airflow/.local/lib/python3.12/site-packages/airflow/example_dags/example_params_ui_tutorial.py
[2025-10-08T08:09:16.031+0000] {processor.py:830} INFO - Processing file /home/airflow/.local/lib/python3.12/site-packages/airflow/example_dags/example_params_ui_tutorial.py for tasks to queue
[2025-10-08T08:09:16.035+0000] {logging_mixin.py:188} INFO - [2025-10-08T08:09:16.035+0000] {dagbag.py:545} INFO - Filling up the DagBag from /home/airflow/.local/lib/python3.12/site-packages/airflow/example_dags/example_params_ui_tutorial.py
[2025-10-08T08:09:16.064+0000] {processor.py:840} INFO - DAG(s) 'example_params_ui_tutorial' retrieved from /home/airflow/.local/lib/python3.12/site-packages/airflow/example_dags/example_params_ui_tutorial.py
[2025-10-08T08:09:16.173+0000] {logging_mixin.py:188} INFO - [2025-10-08T08:09:16.173+0000] {dag.py:3096} INFO - Sync 1 DAGs
[2025-10-08T08:09:16.195+0000] {logging_mixin.py:188} INFO - [2025-10-08T08:09:16.195+0000] {dag.py:3954} INFO - Setting next_dagrun for example_params_ui_tutorial to None, run_after=None
[2025-10-08T08:09:16.248+0000] {processor.py:183} INFO - Processing /home/airflow/.local/lib/python3.12/site-packages/airflow/example_dags/example_params_ui_tutorial.py took 0.234 seconds
[2025-10-08T08:09:46.367+0000] {processor.py:161} INFO - Started process (PID=297) to work on /home/airflow/.local/lib/python3.12/site-packages/airflow/example_dags/example_params_ui_tutorial.py
[2025-10-08T08:09:46.370+0000] {processor.py:830} INFO - Processing file /home/airflow/.local/lib/python3.12/site-packages/airflow/example_dags/example_params_ui_tutorial.py for tasks to queue
[2025-10-08T08:09:46.375+0000] {logging_mixin.py:188} INFO - [2025-10-08T08:09:46.374+0000] {dagbag.py:545} INFO - Filling up the DagBag from /home/airflow/.local/lib/python3.12/site-packages/airflow/example_dags/example_params_ui_tutorial.py
[2025-10-08T08:09:46.400+0000] {processor.py:840} INFO - DAG(s) 'example_params_ui_tutorial' retrieved from /home/airflow/.local/lib/python3.12/site-packages/airflow/example_dags/example_params_ui_tutorial.py
[2025-10-08T08:09:46.474+0000] {logging_mixin.py:188} INFO - [2025-10-08T08:09:46.474+0000] {dag.py:3096} INFO - Sync 1 DAGs
[2025-10-08T08:09:46.492+0000] {logging_mixin.py:188} INFO - [2025-10-08T08:09:46.492+0000] {dag.py:3954} INFO - Setting next_dagrun for example_params_ui_tutorial to None, run_after=None
[2025-10-08T08:09:46.521+0000] {processor.py:183} INFO - Processing /home/airflow/.local/lib/python3.12/site-packages/airflow/example_dags/example_params_ui_tutorial.py took 0.166 seconds
[2025-10-08T08:10:16.806+0000] {processor.py:161} INFO - Started process (PID=355) to work on /home/airflow/.local/lib/python3.12/site-packages/airflow/example_dags/example_params_ui_tutorial.py
[2025-10-08T08:10:16.809+0000] {processor.py:830} INFO - Processing file /home/airflow/.local/lib/python3.12/site-packages/airflow/example_dags/example_params_ui_tutorial.py for tasks to queue
[2025-10-08T08:10:16.813+0000] {logging_mixin.py:188} INFO - [2025-10-08T08:10:16.813+0000] {dagbag.py:545} INFO - Filling up the DagBag from /home/airflow/.local/lib/python3.12/site-packages/airflow/example_dags/example_params_ui_tutorial.py
[2025-10-08T08:10:16.830+0000] {processor.py:840} INFO - DAG(s) 'example_params_ui_tutorial' retrieved from /home/airflow/.local/lib/python3.12/site-packages/airflow/example_dags/example_params_ui_tutorial.py
[2025-10-08T08:10:16.933+0000] {logging_mixin.py:188} INFO - [2025-10-08T08:10:16.933+0000] {dag.py:3096} INFO - Sync 1 DAGs
[2025-10-08T08:10:16.959+0000] {logging_mixin.py:188} INFO - [2025-10-08T08:10:16.959+0000] {dag.py:3954} INFO - Setting next_dagrun for example_params_ui_tutorial to None, run_after=None
[2025-10-08T08:10:16.992+0000] {processor.py:183} INFO - Processing /home/airflow/.local/lib/python3.12/site-packages/airflow/example_dags/example_params_ui_tutorial.py took 0.197 seconds
[2025-10-08T08:10:47.425+0000] {processor.py:161} INFO - Started process (PID=413) to work on /home/airflow/.local/lib/python3.12/site-packages/airflow/example_dags/example_params_ui_tutorial.py
[2025-10-08T08:10:47.427+0000] {processor.py:830} INFO - Processing file /home/airflow/.local/lib/python3.12/site-packages/airflow/example_dags/example_params_ui_tutorial.py for tasks to queue
[2025-10-08T08:10:47.430+0000] {logging_mixin.py:188} INFO - [2025-10-08T08:10:47.430+0000] {dagbag.py:545} INFO - Filling up the DagBag from /home/airflow/.local/lib/python3.12/site-packages/airflow/example_dags/example_params_ui_tutorial.py
[2025-10-08T08:10:47.448+0000] {processor.py:840} INFO - DAG(s) 'example_params_ui_tutorial' retrieved from /home/airflow/.local/lib/python3.12/site-packages/airflow/example_dags/example_params_ui_tutorial.py
[2025-10-08T08:10:47.523+0000] {logging_mixin.py:188} INFO - [2025-10-08T08:10:47.523+0000] {dag.py:3096} INFO - Sync 1 DAGs
[2025-10-08T08:10:47.539+0000] {logging_mixin.py:188} INFO - [2025-10-08T08:10:47.539+0000] {dag.py:3954} INFO - Setting next_dagrun for example_params_ui_tutorial to None, run_after=None
[2025-10-08T08:10:47.582+0000] {processor.py:183} INFO - Processing /home/airflow/.local/lib/python3.12/site-packages/airflow/example_dags/example_params_ui_tutorial.py took 0.168 seconds
[2025-10-08T08:11:18.194+0000] {processor.py:161} INFO - Started process (PID=471) to work on /home/airflow/.local/lib/python3.12/site-packages/airflow/example_dags/example_params_ui_tutorial.py
[2025-10-08T08:11:18.197+0000] {processor.py:830} INFO - Processing file /home/airflow/.local/lib/python3.12/site-packages/airflow/example_dags/example_params_ui_tutorial.py for tasks to queue
[2025-10-08T08:11:18.201+0000] {logging_mixin.py:188} INFO - [2025-10-08T08:11:18.200+0000] {dagbag.py:545} INFO - Filling up the DagBag from /home/airflow/.local/lib/python3.12/site-packages/airflow/example_dags/example_params_ui_tutorial.py
[2025-10-08T08:11:18.217+0000] {processor.py:840} INFO - DAG(s) 'example_params_ui_tutorial' retrieved from /home/airflow/.local/lib/python3.12/site-packages/airflow/example_dags/example_params_ui_tutorial.py
[2025-10-08T08:11:18.284+0000] {logging_mixin.py:188} INFO - [2025-10-08T08:11:18.284+0000] {dag.py:3096} INFO - Sync 1 DAGs
[2025-10-08T08:11:18.302+0000] {logging_mixin.py:188} INFO - [2025-10-08T08:11:18.301+0000] {dag.py:3954} INFO - Setting next_dagrun for example_params_ui_tutorial to None, run_after=None
[2025-10-08T08:11:18.329+0000] {processor.py:183} INFO - Processing /home/airflow/.local/lib/python3.12/site-packages/airflow/example_dags/example_params_ui_tutorial.py took 0.142 seconds
[2025-10-08T08:11:48.640+0000] {processor.py:161} INFO - Started process (PID=529) to work on /home/airflow/.local/lib/python3.12/site-packages/airflow/example_dags/example_params_ui_tutorial.py
[2025-10-08T08:11:48.642+0000] {processor.py:830} INFO - Processing file /home/airflow/.local/lib/python3.12/site-packages/airflow/example_dags/example_params_ui_tutorial.py for tasks to queue
[2025-10-08T08:11:48.646+0000] {logging_mixin.py:188} INFO - [2025-10-08T08:11:48.645+0000] {dagbag.py:545} INFO - Filling up the DagBag from /home/airflow/.local/lib/python3.12/site-packages/airflow/example_dags/example_params_ui_tutorial.py
[2025-10-08T08:11:48.675+0000] {processor.py:840} INFO - DAG(s) 'example_params_ui_tutorial' retrieved from /home/airflow/.local/lib/python3.12/site-packages/airflow/example_dags/example_params_ui_tutorial.py
[2025-10-08T08:11:48.774+0000] {logging_mixin.py:188} INFO - [2025-10-08T08:11:48.774+0000] {dag.py:3096} INFO - Sync 1 DAGs
[2025-10-08T08:11:48.791+0000] {logging_mixin.py:188} INFO - [2025-10-08T08:11:48.790+0000] {dag.py:3954} INFO - Setting next_dagrun for example_params_ui_tutorial to None, run_after=None
[2025-10-08T08:11:48.834+0000] {processor.py:183} INFO - Processing /home/airflow/.local/lib/python3.12/site-packages/airflow/example_dags/example_params_ui_tutorial.py took 0.203 seconds
[2025-10-08T08:12:19.031+0000] {processor.py:161} INFO - Started process (PID=587) to work on /home/airflow/.local/lib/python3.12/site-packages/airflow/example_dags/example_params_ui_tutorial.py
[2025-10-08T08:12:19.034+0000] {processor.py:830} INFO - Processing file /home/airflow/.local/lib/python3.12/site-packages/airflow/example_dags/example_params_ui_tutorial.py for tasks to queue
[2025-10-08T08:12:19.037+0000] {logging_mixin.py:188} INFO - [2025-10-08T08:12:19.037+0000] {dagbag.py:545} INFO - Filling up the DagBag from /home/airflow/.local/lib/python3.12/site-packages/airflow/example_dags/example_params_ui_tutorial.py
[2025-10-08T08:12:19.055+0000] {processor.py:840} INFO - DAG(s) 'example_params_ui_tutorial' retrieved from /home/airflow/.local/lib/python3.12/site-packages/airflow/example_dags/example_params_ui_tutorial.py
[2025-10-08T08:12:19.134+0000] {logging_mixin.py:188} INFO - [2025-10-08T08:12:19.134+0000] {dag.py:3096} INFO - Sync 1 DAGs
[2025-10-08T08:12:19.155+0000] {logging_mixin.py:188} INFO - [2025-10-08T08:12:19.155+0000] {dag.py:3954} INFO - Setting next_dagrun for example_params_ui_tutorial to None, run_after=None
[2025-10-08T08:12:19.191+0000] {processor.py:183} INFO - Processing /home/airflow/.local/lib/python3.12/site-packages/airflow/example_dags/example_params_ui_tutorial.py took 0.170 seconds
[2025-10-08T08:12:49.678+0000] {processor.py:161} INFO - Started process (PID=645) to work on /home/airflow/.local/lib/python3.12/site-packages/airflow/example_dags/example_params_ui_tutorial.py
[2025-10-08T08:12:49.680+0000] {processor.py:830} INFO - Processing file /home/airflow/.local/lib/python3.12/site-packages/airflow/example_dags/example_params_ui_tutorial.py for tasks to queue
[2025-10-08T08:12:49.685+0000] {logging_mixin.py:188} INFO - [2025-10-08T08:12:49.684+0000] {dagbag.py:545} INFO - Filling up the DagBag from /home/airflow/.local/lib/python3.12/site-packages/airflow/example_dags/example_params_ui_tutorial.py
[2025-10-08T08:12:49.705+0000] {processor.py:840} INFO - DAG(s) 'example_params_ui_tutorial' retrieved from /home/airflow/.local/lib/python3.12/site-packages/airflow/example_dags/example_params_ui_tutorial.py
[2025-10-08T08:12:49.828+0000] {logging_mixin.py:188} INFO - [2025-10-08T08:12:49.828+0000] {dag.py:3096} INFO - Sync 1 DAGs
[2025-10-08T08:12:49.856+0000] {logging_mixin.py:188} INFO - [2025-10-08T08:12:49.855+0000] {dag.py:3954} INFO - Setting next_dagrun for example_params_ui_tutorial to None, run_after=None
[2025-10-08T08:12:49.896+0000] {processor.py:183} INFO - Processing /home/airflow/.local/lib/python3.12/site-packages/airflow/example_dags/example_params_ui_tutorial.py took 0.231 seconds
[2025-10-08T08:13:20.829+0000] {processor.py:161} INFO - Started process (PID=703) to work on /home/airflow/.local/lib/python3.12/site-packages/airflow/example_dags/example_params_ui_tutorial.py
[2025-10-08T08:13:20.830+0000] {processor.py:830} INFO - Processing file /home/airflow/.local/lib/python3.12/site-packages/airflow/example_dags/example_params_ui_tutorial.py for tasks to queue
[2025-10-08T08:13:20.833+0000] {logging_mixin.py:188} INFO - [2025-10-08T08:13:20.833+0000] {dagbag.py:545} INFO - Filling up the DagBag from /home/airflow/.local/lib/python3.12/site-packages/airflow/example_dags/example_params_ui_tutorial.py
[2025-10-08T08:13:20.850+0000] {processor.py:840} INFO - DAG(s) 'example_params_ui_tutorial' retrieved from /home/airflow/.local/lib/python3.12/site-packages/airflow/example_dags/example_params_ui_tutorial.py
[2025-10-08T08:13:20.931+0000] {logging_mixin.py:188} INFO - [2025-10-08T08:13:20.931+0000] {dag.py:3096} INFO - Sync 1 DAGs
[2025-10-08T08:13:20.948+0000] {logging_mixin.py:188} INFO - [2025-10-08T08:13:20.948+0000] {dag.py:3954} INFO - Setting next_dagrun for example_params_ui_tutorial to None, run_after=None
[2025-10-08T08:13:20.978+0000] {processor.py:183} INFO - Processing /home/airflow/.local/lib/python3.12/site-packages/airflow/example_dags/example_params_ui_tutorial.py took 0.157 seconds
[2025-10-08T08:13:51.393+0000] {processor.py:161} INFO - Started process (PID=761) to work on /home/airflow/.local/lib/python3.12/site-packages/airflow/example_dags/example_params_ui_tutorial.py
[2025-10-08T08:13:51.395+0000] {processor.py:830} INFO - Processing file /home/airflow/.local/lib/python3.12/site-packages/airflow/example_dags/example_params_ui_tutorial.py for tasks to queue
[2025-10-08T08:13:51.398+0000] {logging_mixin.py:188} INFO - [2025-10-08T08:13:51.398+0000] {dagbag.py:545} INFO - Filling up the DagBag from /home/airflow/.local/lib/python3.12/site-packages/airflow/example_dags/example_params_ui_tutorial.py
[2025-10-08T08:13:51.428+0000] {processor.py:840} INFO - DAG(s) 'example_params_ui_tutorial' retrieved from /home/airflow/.local/lib/python3.12/site-packages/airflow/example_dags/example_params_ui_tutorial.py
[2025-10-08T08:13:51.515+0000] {logging_mixin.py:188} INFO - [2025-10-08T08:13:51.515+0000] {dag.py:3096} INFO - Sync 1 DAGs
[2025-10-08T08:13:51.534+0000] {logging_mixin.py:188} INFO - [2025-10-08T08:13:51.534+0000] {dag.py:3954} INFO - Setting next_dagrun for example_params_ui_tutorial to None, run_after=None
[2025-10-08T08:13:51.566+0000] {processor.py:183} INFO - Processing /home/airflow/.local/lib/python3.12/site-packages/airflow/example_dags/example_params_ui_tutorial.py took 0.186 seconds
[2025-10-08T08:14:22.344+0000] {processor.py:161} INFO - Started process (PID=819) to work on /home/airflow/.local/lib/python3.12/site-packages/airflow/example_dags/example_params_ui_tutorial.py
[2025-10-08T08:14:22.347+0000] {processor.py:830} INFO - Processing file /home/airflow/.local/lib/python3.12/site-packages/airflow/example_dags/example_params_ui_tutorial.py for tasks to queue
[2025-10-08T08:14:22.352+0000] {logging_mixin.py:188} INFO - [2025-10-08T08:14:22.351+0000] {dagbag.py:545} INFO - Filling up the DagBag from /home/airflow/.local/lib/python3.12/site-packages/airflow/example_dags/example_params_ui_tutorial.py
[2025-10-08T08:14:22.392+0000] {processor.py:840} INFO - DAG(s) 'example_params_ui_tutorial' retrieved from /home/airflow/.local/lib/python3.12/site-packages/airflow/example_dags/example_params_ui_tutorial.py
[2025-10-08T08:14:22.457+0000] {logging_mixin.py:188} INFO - [2025-10-08T08:14:22.457+0000] {dag.py:3096} INFO - Sync 1 DAGs
[2025-10-08T08:14:22.474+0000] {logging_mixin.py:188} INFO - [2025-10-08T08:14:22.474+0000] {dag.py:3954} INFO - Setting next_dagrun for example_params_ui_tutorial to None, run_after=None
[2025-10-08T08:14:22.500+0000] {processor.py:183} INFO - Processing /home/airflow/.local/lib/python3.12/site-packages/airflow/example_dags/example_params_ui_tutorial.py took 0.170 seconds
[2025-10-08T08:14:52.916+0000] {processor.py:161} INFO - Started process (PID=876) to work on /home/airflow/.local/lib/python3.12/site-packages/airflow/example_dags/example_params_ui_tutorial.py
[2025-10-08T08:14:52.918+0000] {processor.py:830} INFO - Processing file /home/airflow/.local/lib/python3.12/site-packages/airflow/example_dags/example_params_ui_tutorial.py for tasks to queue
[2025-10-08T08:14:52.922+0000] {logging_mixin.py:188} INFO - [2025-10-08T08:14:52.921+0000] {dagbag.py:545} INFO - Filling up the DagBag from /home/airflow/.local/lib/python3.12/site-packages/airflow/example_dags/example_params_ui_tutorial.py
[2025-10-08T08:14:52.939+0000] {processor.py:840} INFO - DAG(s) 'example_params_ui_tutorial' retrieved from /home/airflow/.local/lib/python3.12/site-packages/airflow/example_dags/example_params_ui_tutorial.py
[2025-10-08T08:14:53.047+0000] {logging_mixin.py:188} INFO - [2025-10-08T08:14:53.047+0000] {dag.py:3096} INFO - Sync 1 DAGs
[2025-10-08T08:14:53.070+0000] {logging_mixin.py:188} INFO - [2025-10-08T08:14:53.070+0000] {dag.py:3954} INFO - Setting next_dagrun for example_params_ui_tutorial to None, run_after=None
[2025-10-08T08:14:53.112+0000] {processor.py:183} INFO - Processing /home/airflow/.local/lib/python3.12/site-packages/airflow/example_dags/example_params_ui_tutorial.py took 0.209 seconds
[2025-10-08T08:15:23.362+0000] {processor.py:161} INFO - Started process (PID=934) to work on /home/airflow/.local/lib/python3.12/site-packages/airflow/example_dags/example_params_ui_tutorial.py
[2025-10-08T08:15:23.364+0000] {processor.py:830} INFO - Processing file /home/airflow/.local/lib/python3.12/site-packages/airflow/example_dags/example_params_ui_tutorial.py for tasks to queue
[2025-10-08T08:15:23.367+0000] {logging_mixin.py:188} INFO - [2025-10-08T08:15:23.367+0000] {dagbag.py:545} INFO - Filling up the DagBag from /home/airflow/.local/lib/python3.12/site-packages/airflow/example_dags/example_params_ui_tutorial.py
[2025-10-08T08:15:23.384+0000] {processor.py:840} INFO - DAG(s) 'example_params_ui_tutorial' retrieved from /home/airflow/.local/lib/python3.12/site-packages/airflow/example_dags/example_params_ui_tutorial.py
[2025-10-08T08:15:23.451+0000] {logging_mixin.py:188} INFO - [2025-10-08T08:15:23.451+0000] {dag.py:3096} INFO - Sync 1 DAGs
[2025-10-08T08:15:23.469+0000] {logging_mixin.py:188} INFO - [2025-10-08T08:15:23.469+0000] {dag.py:3954} INFO - Setting next_dagrun for example_params_ui_tutorial to None, run_after=None
[2025-10-08T08:15:23.495+0000] {processor.py:183} INFO - Processing /home/airflow/.local/lib/python3.12/site-packages/airflow/example_dags/example_params_ui_tutorial.py took 0.142 seconds
[2025-10-08T08:15:53.700+0000] {processor.py:161} INFO - Started process (PID=992) to work on /home/airflow/.local/lib/python3.12/site-packages/airflow/example_dags/example_params_ui_tutorial.py
[2025-10-08T08:15:53.702+0000] {processor.py:830} INFO - Processing file /home/airflow/.local/lib/python3.12/site-packages/airflow/example_dags/example_params_ui_tutorial.py for tasks to queue
[2025-10-08T08:15:53.706+0000] {logging_mixin.py:188} INFO - [2025-10-08T08:15:53.705+0000] {dagbag.py:545} INFO - Filling up the DagBag from /home/airflow/.local/lib/python3.12/site-packages/airflow/example_dags/example_params_ui_tutorial.py
[2025-10-08T08:15:53.729+0000] {processor.py:840} INFO - DAG(s) 'example_params_ui_tutorial' retrieved from /home/airflow/.local/lib/python3.12/site-packages/airflow/example_dags/example_params_ui_tutorial.py
[2025-10-08T08:15:53.818+0000] {logging_mixin.py:188} INFO - [2025-10-08T08:15:53.817+0000] {dag.py:3096} INFO - Sync 1 DAGs
[2025-10-08T08:15:53.837+0000] {logging_mixin.py:188} INFO - [2025-10-08T08:15:53.836+0000] {dag.py:3954} INFO - Setting next_dagrun for example_params_ui_tutorial to None, run_after=None
[2025-10-08T08:15:53.877+0000] {processor.py:183} INFO - Processing /home/airflow/.local/lib/python3.12/site-packages/airflow/example_dags/example_params_ui_tutorial.py took 0.189 seconds
[2025-10-08T08:16:24.906+0000] {processor.py:161} INFO - Started process (PID=1050) to work on /home/airflow/.local/lib/python3.12/site-packages/airflow/example_dags/example_params_ui_tutorial.py
[2025-10-08T08:16:24.908+0000] {processor.py:830} INFO - Processing file /home/airflow/.local/lib/python3.12/site-packages/airflow/example_dags/example_params_ui_tutorial.py for tasks to queue
[2025-10-08T08:16:24.911+0000] {logging_mixin.py:188} INFO - [2025-10-08T08:16:24.911+0000] {dagbag.py:545} INFO - Filling up the DagBag from /home/airflow/.local/lib/python3.12/site-packages/airflow/example_dags/example_params_ui_tutorial.py
[2025-10-08T08:16:24.930+0000] {processor.py:840} INFO - DAG(s) 'example_params_ui_tutorial' retrieved from /home/airflow/.local/lib/python3.12/site-packages/airflow/example_dags/example_params_ui_tutorial.py
[2025-10-08T08:16:25.008+0000] {logging_mixin.py:188} INFO - [2025-10-08T08:16:25.008+0000] {dag.py:3096} INFO - Sync 1 DAGs
[2025-10-08T08:16:25.037+0000] {logging_mixin.py:188} INFO - [2025-10-08T08:16:25.036+0000] {dag.py:3954} INFO - Setting next_dagrun for example_params_ui_tutorial to None, run_after=None
[2025-10-08T08:16:25.073+0000] {processor.py:183} INFO - Processing /home/airflow/.local/lib/python3.12/site-packages/airflow/example_dags/example_params_ui_tutorial.py took 0.176 seconds
[2025-10-08T08:16:55.309+0000] {processor.py:161} INFO - Started process (PID=1108) to work on /home/airflow/.local/lib/python3.12/site-packages/airflow/example_dags/example_params_ui_tutorial.py
[2025-10-08T08:16:55.310+0000] {processor.py:830} INFO - Processing file /home/airflow/.local/lib/python3.12/site-packages/airflow/example_dags/example_params_ui_tutorial.py for tasks to queue
[2025-10-08T08:16:55.314+0000] {logging_mixin.py:188} INFO - [2025-10-08T08:16:55.313+0000] {dagbag.py:545} INFO - Filling up the DagBag from /home/airflow/.local/lib/python3.12/site-packages/airflow/example_dags/example_params_ui_tutorial.py
[2025-10-08T08:16:55.332+0000] {processor.py:840} INFO - DAG(s) 'example_params_ui_tutorial' retrieved from /home/airflow/.local/lib/python3.12/site-packages/airflow/example_dags/example_params_ui_tutorial.py
[2025-10-08T08:16:55.417+0000] {logging_mixin.py:188} INFO - [2025-10-08T08:16:55.417+0000] {dag.py:3096} INFO - Sync 1 DAGs
[2025-10-08T08:16:55.444+0000] {logging_mixin.py:188} INFO - [2025-10-08T08:16:55.443+0000] {dag.py:3954} INFO - Setting next_dagrun for example_params_ui_tutorial to None, run_after=None
[2025-10-08T08:16:55.519+0000] {processor.py:183} INFO - Processing /home/airflow/.local/lib/python3.12/site-packages/airflow/example_dags/example_params_ui_tutorial.py took 0.220 seconds
[2025-10-08T08:17:26.129+0000] {processor.py:161} INFO - Started process (PID=1166) to work on /home/airflow/.local/lib/python3.12/site-packages/airflow/example_dags/example_params_ui_tutorial.py
[2025-10-08T08:17:26.131+0000] {processor.py:830} INFO - Processing file /home/airflow/.local/lib/python3.12/site-packages/airflow/example_dags/example_params_ui_tutorial.py for tasks to queue
[2025-10-08T08:17:26.136+0000] {logging_mixin.py:188} INFO - [2025-10-08T08:17:26.135+0000] {dagbag.py:545} INFO - Filling up the DagBag from /home/airflow/.local/lib/python3.12/site-packages/airflow/example_dags/example_params_ui_tutorial.py
[2025-10-08T08:17:26.159+0000] {processor.py:840} INFO - DAG(s) 'example_params_ui_tutorial' retrieved from /home/airflow/.local/lib/python3.12/site-packages/airflow/example_dags/example_params_ui_tutorial.py
[2025-10-08T08:17:26.273+0000] {logging_mixin.py:188} INFO - [2025-10-08T08:17:26.273+0000] {dag.py:3096} INFO - Sync 1 DAGs
[2025-10-08T08:17:26.302+0000] {logging_mixin.py:188} INFO - [2025-10-08T08:17:26.302+0000] {dag.py:3954} INFO - Setting next_dagrun for example_params_ui_tutorial to None, run_after=None
[2025-10-08T08:17:26.343+0000] {processor.py:183} INFO - Processing /home/airflow/.local/lib/python3.12/site-packages/airflow/example_dags/example_params_ui_tutorial.py took 0.227 seconds
[2025-10-08T08:17:56.691+0000] {processor.py:161} INFO - Started process (PID=1225) to work on /home/airflow/.local/lib/python3.12/site-packages/airflow/example_dags/example_params_ui_tutorial.py
[2025-10-08T08:17:56.694+0000] {processor.py:830} INFO - Processing file /home/airflow/.local/lib/python3.12/site-packages/airflow/example_dags/example_params_ui_tutorial.py for tasks to queue
[2025-10-08T08:17:56.698+0000] {logging_mixin.py:188} INFO - [2025-10-08T08:17:56.698+0000] {dagbag.py:545} INFO - Filling up the DagBag from /home/airflow/.local/lib/python3.12/site-packages/airflow/example_dags/example_params_ui_tutorial.py
[2025-10-08T08:17:56.720+0000] {processor.py:840} INFO - DAG(s) 'example_params_ui_tutorial' retrieved from /home/airflow/.local/lib/python3.12/site-packages/airflow/example_dags/example_params_ui_tutorial.py
[2025-10-08T08:17:56.787+0000] {logging_mixin.py:188} INFO - [2025-10-08T08:17:56.787+0000] {dag.py:3096} INFO - Sync 1 DAGs
[2025-10-08T08:17:56.806+0000] {logging_mixin.py:188} INFO - [2025-10-08T08:17:56.806+0000] {dag.py:3954} INFO - Setting next_dagrun for example_params_ui_tutorial to None, run_after=None
[2025-10-08T08:17:56.858+0000] {processor.py:183} INFO - Processing /home/airflow/.local/lib/python3.12/site-packages/airflow/example_dags/example_params_ui_tutorial.py took 0.181 seconds
[2025-10-08T08:18:27.911+0000] {processor.py:161} INFO - Started process (PID=1285) to work on /home/airflow/.local/lib/python3.12/site-packages/airflow/example_dags/example_params_ui_tutorial.py
[2025-10-08T08:18:27.914+0000] {processor.py:830} INFO - Processing file /home/airflow/.local/lib/python3.12/site-packages/airflow/example_dags/example_params_ui_tutorial.py for tasks to queue
[2025-10-08T08:18:27.921+0000] {logging_mixin.py:188} INFO - [2025-10-08T08:18:27.920+0000] {dagbag.py:545} INFO - Filling up the DagBag from /home/airflow/.local/lib/python3.12/site-packages/airflow/example_dags/example_params_ui_tutorial.py
[2025-10-08T08:18:27.961+0000] {processor.py:840} INFO - DAG(s) 'example_params_ui_tutorial' retrieved from /home/airflow/.local/lib/python3.12/site-packages/airflow/example_dags/example_params_ui_tutorial.py
[2025-10-08T08:18:28.058+0000] {logging_mixin.py:188} INFO - [2025-10-08T08:18:28.057+0000] {dag.py:3096} INFO - Sync 1 DAGs
[2025-10-08T08:18:28.081+0000] {logging_mixin.py:188} INFO - [2025-10-08T08:18:28.081+0000] {dag.py:3954} INFO - Setting next_dagrun for example_params_ui_tutorial to None, run_after=None
[2025-10-08T08:18:28.112+0000] {processor.py:183} INFO - Processing /home/airflow/.local/lib/python3.12/site-packages/airflow/example_dags/example_params_ui_tutorial.py took 0.220 seconds
[2025-10-08T08:18:58.758+0000] {processor.py:161} INFO - Started process (PID=1344) to work on /home/airflow/.local/lib/python3.12/site-packages/airflow/example_dags/example_params_ui_tutorial.py
[2025-10-08T08:18:58.760+0000] {processor.py:830} INFO - Processing file /home/airflow/.local/lib/python3.12/site-packages/airflow/example_dags/example_params_ui_tutorial.py for tasks to queue
[2025-10-08T08:18:58.764+0000] {logging_mixin.py:188} INFO - [2025-10-08T08:18:58.764+0000] {dagbag.py:545} INFO - Filling up the DagBag from /home/airflow/.local/lib/python3.12/site-packages/airflow/example_dags/example_params_ui_tutorial.py
[2025-10-08T08:18:58.790+0000] {processor.py:840} INFO - DAG(s) 'example_params_ui_tutorial' retrieved from /home/airflow/.local/lib/python3.12/site-packages/airflow/example_dags/example_params_ui_tutorial.py
[2025-10-08T08:18:58.865+0000] {logging_mixin.py:188} INFO - [2025-10-08T08:18:58.865+0000] {dag.py:3096} INFO - Sync 1 DAGs
[2025-10-08T08:18:58.884+0000] {logging_mixin.py:188} INFO - [2025-10-08T08:18:58.884+0000] {dag.py:3954} INFO - Setting next_dagrun for example_params_ui_tutorial to None, run_after=None
[2025-10-08T08:18:58.926+0000] {processor.py:183} INFO - Processing /home/airflow/.local/lib/python3.12/site-packages/airflow/example_dags/example_params_ui_tutorial.py took 0.178 seconds
[2025-10-08T08:19:29.545+0000] {processor.py:161} INFO - Started process (PID=1403) to work on /home/airflow/.local/lib/python3.12/site-packages/airflow/example_dags/example_params_ui_tutorial.py
[2025-10-08T08:19:29.549+0000] {processor.py:830} INFO - Processing file /home/airflow/.local/lib/python3.12/site-packages/airflow/example_dags/example_params_ui_tutorial.py for tasks to queue
[2025-10-08T08:19:29.553+0000] {logging_mixin.py:188} INFO - [2025-10-08T08:19:29.552+0000] {dagbag.py:545} INFO - Filling up the DagBag from /home/airflow/.local/lib/python3.12/site-packages/airflow/example_dags/example_params_ui_tutorial.py
[2025-10-08T08:19:29.572+0000] {processor.py:840} INFO - DAG(s) 'example_params_ui_tutorial' retrieved from /home/airflow/.local/lib/python3.12/site-packages/airflow/example_dags/example_params_ui_tutorial.py
[2025-10-08T08:19:29.649+0000] {logging_mixin.py:188} INFO - [2025-10-08T08:19:29.648+0000] {dag.py:3096} INFO - Sync 1 DAGs
[2025-10-08T08:19:29.875+0000] {logging_mixin.py:188} INFO - [2025-10-08T08:19:29.875+0000] {dag.py:3954} INFO - Setting next_dagrun for example_params_ui_tutorial to None, run_after=None
[2025-10-08T08:19:29.903+0000] {processor.py:183} INFO - Processing /home/airflow/.local/lib/python3.12/site-packages/airflow/example_dags/example_params_ui_tutorial.py took 0.367 seconds
[2025-10-08T08:20:00.428+0000] {processor.py:161} INFO - Started process (PID=1462) to work on /home/airflow/.local/lib/python3.12/site-packages/airflow/example_dags/example_params_ui_tutorial.py
[2025-10-08T08:20:00.432+0000] {processor.py:830} INFO - Processing file /home/airflow/.local/lib/python3.12/site-packages/airflow/example_dags/example_params_ui_tutorial.py for tasks to queue
[2025-10-08T08:20:00.437+0000] {logging_mixin.py:188} INFO - [2025-10-08T08:20:00.436+0000] {dagbag.py:545} INFO - Filling up the DagBag from /home/airflow/.local/lib/python3.12/site-packages/airflow/example_dags/example_params_ui_tutorial.py
[2025-10-08T08:20:00.463+0000] {processor.py:840} INFO - DAG(s) 'example_params_ui_tutorial' retrieved from /home/airflow/.local/lib/python3.12/site-packages/airflow/example_dags/example_params_ui_tutorial.py
[2025-10-08T08:20:00.556+0000] {logging_mixin.py:188} INFO - [2025-10-08T08:20:00.556+0000] {dag.py:3096} INFO - Sync 1 DAGs
[2025-10-08T08:20:00.574+0000] {logging_mixin.py:188} INFO - [2025-10-08T08:20:00.574+0000] {dag.py:3954} INFO - Setting next_dagrun for example_params_ui_tutorial to None, run_after=None
[2025-10-08T08:20:00.601+0000] {processor.py:183} INFO - Processing /home/airflow/.local/lib/python3.12/site-packages/airflow/example_dags/example_params_ui_tutorial.py took 0.188 seconds
[2025-10-08T08:20:31.132+0000] {processor.py:161} INFO - Started process (PID=1521) to work on /home/airflow/.local/lib/python3.12/site-packages/airflow/example_dags/example_params_ui_tutorial.py
[2025-10-08T08:20:31.135+0000] {processor.py:830} INFO - Processing file /home/airflow/.local/lib/python3.12/site-packages/airflow/example_dags/example_params_ui_tutorial.py for tasks to queue
[2025-10-08T08:20:31.138+0000] {logging_mixin.py:188} INFO - [2025-10-08T08:20:31.138+0000] {dagbag.py:545} INFO - Filling up the DagBag from /home/airflow/.local/lib/python3.12/site-packages/airflow/example_dags/example_params_ui_tutorial.py
[2025-10-08T08:20:31.160+0000] {processor.py:840} INFO - DAG(s) 'example_params_ui_tutorial' retrieved from /home/airflow/.local/lib/python3.12/site-packages/airflow/example_dags/example_params_ui_tutorial.py
[2025-10-08T08:20:31.236+0000] {logging_mixin.py:188} INFO - [2025-10-08T08:20:31.236+0000] {dag.py:3096} INFO - Sync 1 DAGs
[2025-10-08T08:20:31.255+0000] {logging_mixin.py:188} INFO - [2025-10-08T08:20:31.254+0000] {dag.py:3954} INFO - Setting next_dagrun for example_params_ui_tutorial to None, run_after=None
[2025-10-08T08:20:31.305+0000] {processor.py:183} INFO - Processing /home/airflow/.local/lib/python3.12/site-packages/airflow/example_dags/example_params_ui_tutorial.py took 0.186 seconds
[2025-10-08T08:21:02.007+0000] {processor.py:161} INFO - Started process (PID=1580) to work on /home/airflow/.local/lib/python3.12/site-packages/airflow/example_dags/example_params_ui_tutorial.py
[2025-10-08T08:21:02.011+0000] {processor.py:830} INFO - Processing file /home/airflow/.local/lib/python3.12/site-packages/airflow/example_dags/example_params_ui_tutorial.py for tasks to queue
[2025-10-08T08:21:02.016+0000] {logging_mixin.py:188} INFO - [2025-10-08T08:21:02.015+0000] {dagbag.py:545} INFO - Filling up the DagBag from /home/airflow/.local/lib/python3.12/site-packages/airflow/example_dags/example_params_ui_tutorial.py
[2025-10-08T08:21:02.253+0000] {processor.py:840} INFO - DAG(s) 'example_params_ui_tutorial' retrieved from /home/airflow/.local/lib/python3.12/site-packages/airflow/example_dags/example_params_ui_tutorial.py
[2025-10-08T08:21:02.321+0000] {logging_mixin.py:188} INFO - [2025-10-08T08:21:02.321+0000] {dag.py:3096} INFO - Sync 1 DAGs
[2025-10-08T08:21:02.339+0000] {logging_mixin.py:188} INFO - [2025-10-08T08:21:02.339+0000] {dag.py:3954} INFO - Setting next_dagrun for example_params_ui_tutorial to None, run_after=None
[2025-10-08T08:21:02.368+0000] {processor.py:183} INFO - Processing /home/airflow/.local/lib/python3.12/site-packages/airflow/example_dags/example_params_ui_tutorial.py took 0.379 seconds
[2025-10-08T08:21:32.482+0000] {processor.py:161} INFO - Started process (PID=1638) to work on /home/airflow/.local/lib/python3.12/site-packages/airflow/example_dags/example_params_ui_tutorial.py
[2025-10-08T08:21:32.484+0000] {processor.py:830} INFO - Processing file /home/airflow/.local/lib/python3.12/site-packages/airflow/example_dags/example_params_ui_tutorial.py for tasks to queue
[2025-10-08T08:21:32.487+0000] {logging_mixin.py:188} INFO - [2025-10-08T08:21:32.487+0000] {dagbag.py:545} INFO - Filling up the DagBag from /home/airflow/.local/lib/python3.12/site-packages/airflow/example_dags/example_params_ui_tutorial.py
[2025-10-08T08:21:32.505+0000] {processor.py:840} INFO - DAG(s) 'example_params_ui_tutorial' retrieved from /home/airflow/.local/lib/python3.12/site-packages/airflow/example_dags/example_params_ui_tutorial.py
[2025-10-08T08:21:32.569+0000] {logging_mixin.py:188} INFO - [2025-10-08T08:21:32.568+0000] {dag.py:3096} INFO - Sync 1 DAGs
[2025-10-08T08:21:32.593+0000] {logging_mixin.py:188} INFO - [2025-10-08T08:21:32.592+0000] {dag.py:3954} INFO - Setting next_dagrun for example_params_ui_tutorial to None, run_after=None
[2025-10-08T08:21:32.642+0000] {processor.py:183} INFO - Processing /home/airflow/.local/lib/python3.12/site-packages/airflow/example_dags/example_params_ui_tutorial.py took 0.169 seconds
[2025-10-08T08:22:02.784+0000] {processor.py:161} INFO - Started process (PID=1697) to work on /home/airflow/.local/lib/python3.12/site-packages/airflow/example_dags/example_params_ui_tutorial.py
[2025-10-08T08:22:02.786+0000] {processor.py:830} INFO - Processing file /home/airflow/.local/lib/python3.12/site-packages/airflow/example_dags/example_params_ui_tutorial.py for tasks to queue
[2025-10-08T08:22:02.791+0000] {logging_mixin.py:188} INFO - [2025-10-08T08:22:02.790+0000] {dagbag.py:545} INFO - Filling up the DagBag from /home/airflow/.local/lib/python3.12/site-packages/airflow/example_dags/example_params_ui_tutorial.py
[2025-10-08T08:22:02.814+0000] {processor.py:840} INFO - DAG(s) 'example_params_ui_tutorial' retrieved from /home/airflow/.local/lib/python3.12/site-packages/airflow/example_dags/example_params_ui_tutorial.py
[2025-10-08T08:22:02.882+0000] {logging_mixin.py:188} INFO - [2025-10-08T08:22:02.882+0000] {dag.py:3096} INFO - Sync 1 DAGs
[2025-10-08T08:22:02.900+0000] {logging_mixin.py:188} INFO - [2025-10-08T08:22:02.899+0000] {dag.py:3954} INFO - Setting next_dagrun for example_params_ui_tutorial to None, run_after=None
[2025-10-08T08:22:02.957+0000] {processor.py:183} INFO - Processing /home/airflow/.local/lib/python3.12/site-packages/airflow/example_dags/example_params_ui_tutorial.py took 0.185 seconds
[2025-10-08T08:22:33.364+0000] {processor.py:161} INFO - Started process (PID=1756) to work on /home/airflow/.local/lib/python3.12/site-packages/airflow/example_dags/example_params_ui_tutorial.py
[2025-10-08T08:22:33.367+0000] {processor.py:830} INFO - Processing file /home/airflow/.local/lib/python3.12/site-packages/airflow/example_dags/example_params_ui_tutorial.py for tasks to queue
[2025-10-08T08:22:33.371+0000] {logging_mixin.py:188} INFO - [2025-10-08T08:22:33.370+0000] {dagbag.py:545} INFO - Filling up the DagBag from /home/airflow/.local/lib/python3.12/site-packages/airflow/example_dags/example_params_ui_tutorial.py
[2025-10-08T08:22:33.398+0000] {processor.py:840} INFO - DAG(s) 'example_params_ui_tutorial' retrieved from /home/airflow/.local/lib/python3.12/site-packages/airflow/example_dags/example_params_ui_tutorial.py
[2025-10-08T08:22:33.494+0000] {logging_mixin.py:188} INFO - [2025-10-08T08:22:33.493+0000] {dag.py:3096} INFO - Sync 1 DAGs
[2025-10-08T08:22:33.518+0000] {logging_mixin.py:188} INFO - [2025-10-08T08:22:33.518+0000] {dag.py:3954} INFO - Setting next_dagrun for example_params_ui_tutorial to None, run_after=None
[2025-10-08T08:22:33.561+0000] {processor.py:183} INFO - Processing /home/airflow/.local/lib/python3.12/site-packages/airflow/example_dags/example_params_ui_tutorial.py took 0.210 seconds
[2025-10-08T08:23:04.353+0000] {processor.py:161} INFO - Started process (PID=1816) to work on /home/airflow/.local/lib/python3.12/site-packages/airflow/example_dags/example_params_ui_tutorial.py
[2025-10-08T08:23:04.355+0000] {processor.py:830} INFO - Processing file /home/airflow/.local/lib/python3.12/site-packages/airflow/example_dags/example_params_ui_tutorial.py for tasks to queue
[2025-10-08T08:23:04.360+0000] {logging_mixin.py:188} INFO - [2025-10-08T08:23:04.359+0000] {dagbag.py:545} INFO - Filling up the DagBag from /home/airflow/.local/lib/python3.12/site-packages/airflow/example_dags/example_params_ui_tutorial.py
[2025-10-08T08:23:04.383+0000] {processor.py:840} INFO - DAG(s) 'example_params_ui_tutorial' retrieved from /home/airflow/.local/lib/python3.12/site-packages/airflow/example_dags/example_params_ui_tutorial.py
[2025-10-08T08:23:04.451+0000] {logging_mixin.py:188} INFO - [2025-10-08T08:23:04.451+0000] {dag.py:3096} INFO - Sync 1 DAGs
[2025-10-08T08:23:04.468+0000] {logging_mixin.py:188} INFO - [2025-10-08T08:23:04.468+0000] {dag.py:3954} INFO - Setting next_dagrun for example_params_ui_tutorial to None, run_after=None
[2025-10-08T08:23:04.497+0000] {processor.py:183} INFO - Processing /home/airflow/.local/lib/python3.12/site-packages/airflow/example_dags/example_params_ui_tutorial.py took 0.157 seconds
[2025-10-08T08:23:34.675+0000] {processor.py:161} INFO - Started process (PID=1875) to work on /home/airflow/.local/lib/python3.12/site-packages/airflow/example_dags/example_params_ui_tutorial.py
[2025-10-08T08:23:34.680+0000] {processor.py:830} INFO - Processing file /home/airflow/.local/lib/python3.12/site-packages/airflow/example_dags/example_params_ui_tutorial.py for tasks to queue
[2025-10-08T08:23:34.687+0000] {logging_mixin.py:188} INFO - [2025-10-08T08:23:34.686+0000] {dagbag.py:545} INFO - Filling up the DagBag from /home/airflow/.local/lib/python3.12/site-packages/airflow/example_dags/example_params_ui_tutorial.py
[2025-10-08T08:23:34.712+0000] {processor.py:840} INFO - DAG(s) 'example_params_ui_tutorial' retrieved from /home/airflow/.local/lib/python3.12/site-packages/airflow/example_dags/example_params_ui_tutorial.py
[2025-10-08T08:23:34.787+0000] {logging_mixin.py:188} INFO - [2025-10-08T08:23:34.786+0000] {dag.py:3096} INFO - Sync 1 DAGs
[2025-10-08T08:23:34.806+0000] {logging_mixin.py:188} INFO - [2025-10-08T08:23:34.806+0000] {dag.py:3954} INFO - Setting next_dagrun for example_params_ui_tutorial to None, run_after=None
[2025-10-08T08:23:34.843+0000] {processor.py:183} INFO - Processing /home/airflow/.local/lib/python3.12/site-packages/airflow/example_dags/example_params_ui_tutorial.py took 0.179 seconds
[2025-10-08T08:24:05.456+0000] {processor.py:161} INFO - Started process (PID=1934) to work on /home/airflow/.local/lib/python3.12/site-packages/airflow/example_dags/example_params_ui_tutorial.py
[2025-10-08T08:24:05.459+0000] {processor.py:830} INFO - Processing file /home/airflow/.local/lib/python3.12/site-packages/airflow/example_dags/example_params_ui_tutorial.py for tasks to queue
[2025-10-08T08:24:05.465+0000] {logging_mixin.py:188} INFO - [2025-10-08T08:24:05.464+0000] {dagbag.py:545} INFO - Filling up the DagBag from /home/airflow/.local/lib/python3.12/site-packages/airflow/example_dags/example_params_ui_tutorial.py
[2025-10-08T08:24:05.489+0000] {processor.py:840} INFO - DAG(s) 'example_params_ui_tutorial' retrieved from /home/airflow/.local/lib/python3.12/site-packages/airflow/example_dags/example_params_ui_tutorial.py
[2025-10-08T08:24:05.556+0000] {logging_mixin.py:188} INFO - [2025-10-08T08:24:05.555+0000] {dag.py:3096} INFO - Sync 1 DAGs
[2025-10-08T08:24:05.575+0000] {logging_mixin.py:188} INFO - [2025-10-08T08:24:05.574+0000] {dag.py:3954} INFO - Setting next_dagrun for example_params_ui_tutorial to None, run_after=None
[2025-10-08T08:24:05.610+0000] {processor.py:183} INFO - Processing /home/airflow/.local/lib/python3.12/site-packages/airflow/example_dags/example_params_ui_tutorial.py took 0.170 seconds
[2025-10-08T08:24:36.318+0000] {processor.py:161} INFO - Started process (PID=1993) to work on /home/airflow/.local/lib/python3.12/site-packages/airflow/example_dags/example_params_ui_tutorial.py
[2025-10-08T08:24:36.321+0000] {processor.py:830} INFO - Processing file /home/airflow/.local/lib/python3.12/site-packages/airflow/example_dags/example_params_ui_tutorial.py for tasks to queue
[2025-10-08T08:24:36.340+0000] {logging_mixin.py:188} INFO - [2025-10-08T08:24:36.338+0000] {dagbag.py:545} INFO - Filling up the DagBag from /home/airflow/.local/lib/python3.12/site-packages/airflow/example_dags/example_params_ui_tutorial.py
[2025-10-08T08:24:36.428+0000] {processor.py:840} INFO - DAG(s) 'example_params_ui_tutorial' retrieved from /home/airflow/.local/lib/python3.12/site-packages/airflow/example_dags/example_params_ui_tutorial.py
[2025-10-08T08:24:36.549+0000] {logging_mixin.py:188} INFO - [2025-10-08T08:24:36.548+0000] {dag.py:3096} INFO - Sync 1 DAGs
[2025-10-08T08:24:36.577+0000] {logging_mixin.py:188} INFO - [2025-10-08T08:24:36.576+0000] {dag.py:3954} INFO - Setting next_dagrun for example_params_ui_tutorial to None, run_after=None
[2025-10-08T08:24:36.614+0000] {processor.py:183} INFO - Processing /home/airflow/.local/lib/python3.12/site-packages/airflow/example_dags/example_params_ui_tutorial.py took 0.329 seconds
[2025-10-08T08:25:07.214+0000] {processor.py:161} INFO - Started process (PID=2052) to work on /home/airflow/.local/lib/python3.12/site-packages/airflow/example_dags/example_params_ui_tutorial.py
[2025-10-08T08:25:07.216+0000] {processor.py:830} INFO - Processing file /home/airflow/.local/lib/python3.12/site-packages/airflow/example_dags/example_params_ui_tutorial.py for tasks to queue
[2025-10-08T08:25:07.220+0000] {logging_mixin.py:188} INFO - [2025-10-08T08:25:07.219+0000] {dagbag.py:545} INFO - Filling up the DagBag from /home/airflow/.local/lib/python3.12/site-packages/airflow/example_dags/example_params_ui_tutorial.py
[2025-10-08T08:25:07.243+0000] {processor.py:840} INFO - DAG(s) 'example_params_ui_tutorial' retrieved from /home/airflow/.local/lib/python3.12/site-packages/airflow/example_dags/example_params_ui_tutorial.py
[2025-10-08T08:25:07.326+0000] {logging_mixin.py:188} INFO - [2025-10-08T08:25:07.325+0000] {dag.py:3096} INFO - Sync 1 DAGs
[2025-10-08T08:25:07.347+0000] {logging_mixin.py:188} INFO - [2025-10-08T08:25:07.346+0000] {dag.py:3954} INFO - Setting next_dagrun for example_params_ui_tutorial to None, run_after=None
[2025-10-08T08:25:07.406+0000] {processor.py:183} INFO - Processing /home/airflow/.local/lib/python3.12/site-packages/airflow/example_dags/example_params_ui_tutorial.py took 0.205 seconds
[2025-10-08T08:25:37.847+0000] {processor.py:161} INFO - Started process (PID=2109) to work on /home/airflow/.local/lib/python3.12/site-packages/airflow/example_dags/example_params_ui_tutorial.py
[2025-10-08T08:25:37.852+0000] {processor.py:830} INFO - Processing file /home/airflow/.local/lib/python3.12/site-packages/airflow/example_dags/example_params_ui_tutorial.py for tasks to queue
[2025-10-08T08:25:37.860+0000] {logging_mixin.py:188} INFO - [2025-10-08T08:25:37.859+0000] {dagbag.py:545} INFO - Filling up the DagBag from /home/airflow/.local/lib/python3.12/site-packages/airflow/example_dags/example_params_ui_tutorial.py
[2025-10-08T08:25:37.890+0000] {processor.py:840} INFO - DAG(s) 'example_params_ui_tutorial' retrieved from /home/airflow/.local/lib/python3.12/site-packages/airflow/example_dags/example_params_ui_tutorial.py
[2025-10-08T08:25:37.974+0000] {logging_mixin.py:188} INFO - [2025-10-08T08:25:37.974+0000] {dag.py:3096} INFO - Sync 1 DAGs
[2025-10-08T08:25:37.992+0000] {logging_mixin.py:188} INFO - [2025-10-08T08:25:37.992+0000] {dag.py:3954} INFO - Setting next_dagrun for example_params_ui_tutorial to None, run_after=None
[2025-10-08T08:25:38.022+0000] {processor.py:183} INFO - Processing /home/airflow/.local/lib/python3.12/site-packages/airflow/example_dags/example_params_ui_tutorial.py took 0.200 seconds
[2025-10-08T08:26:08.165+0000] {processor.py:161} INFO - Started process (PID=2167) to work on /home/airflow/.local/lib/python3.12/site-packages/airflow/example_dags/example_params_ui_tutorial.py
[2025-10-08T08:26:08.169+0000] {processor.py:830} INFO - Processing file /home/airflow/.local/lib/python3.12/site-packages/airflow/example_dags/example_params_ui_tutorial.py for tasks to queue
[2025-10-08T08:26:08.177+0000] {logging_mixin.py:188} INFO - [2025-10-08T08:26:08.176+0000] {dagbag.py:545} INFO - Filling up the DagBag from /home/airflow/.local/lib/python3.12/site-packages/airflow/example_dags/example_params_ui_tutorial.py
[2025-10-08T08:26:08.204+0000] {processor.py:840} INFO - DAG(s) 'example_params_ui_tutorial' retrieved from /home/airflow/.local/lib/python3.12/site-packages/airflow/example_dags/example_params_ui_tutorial.py
[2025-10-08T08:26:08.285+0000] {logging_mixin.py:188} INFO - [2025-10-08T08:26:08.284+0000] {dag.py:3096} INFO - Sync 1 DAGs
[2025-10-08T08:26:08.305+0000] {logging_mixin.py:188} INFO - [2025-10-08T08:26:08.305+0000] {dag.py:3954} INFO - Setting next_dagrun for example_params_ui_tutorial to None, run_after=None
[2025-10-08T08:26:08.338+0000] {processor.py:183} INFO - Processing /home/airflow/.local/lib/python3.12/site-packages/airflow/example_dags/example_params_ui_tutorial.py took 0.188 seconds
[2025-10-08T08:26:38.989+0000] {processor.py:161} INFO - Started process (PID=2227) to work on /home/airflow/.local/lib/python3.12/site-packages/airflow/example_dags/example_params_ui_tutorial.py
[2025-10-08T08:26:38.991+0000] {processor.py:830} INFO - Processing file /home/airflow/.local/lib/python3.12/site-packages/airflow/example_dags/example_params_ui_tutorial.py for tasks to queue
[2025-10-08T08:26:38.994+0000] {logging_mixin.py:188} INFO - [2025-10-08T08:26:38.993+0000] {dagbag.py:545} INFO - Filling up the DagBag from /home/airflow/.local/lib/python3.12/site-packages/airflow/example_dags/example_params_ui_tutorial.py
[2025-10-08T08:26:39.039+0000] {processor.py:840} INFO - DAG(s) 'example_params_ui_tutorial' retrieved from /home/airflow/.local/lib/python3.12/site-packages/airflow/example_dags/example_params_ui_tutorial.py
[2025-10-08T08:26:39.117+0000] {logging_mixin.py:188} INFO - [2025-10-08T08:26:39.116+0000] {dag.py:3096} INFO - Sync 1 DAGs
[2025-10-08T08:26:39.136+0000] {logging_mixin.py:188} INFO - [2025-10-08T08:26:39.135+0000] {dag.py:3954} INFO - Setting next_dagrun for example_params_ui_tutorial to None, run_after=None
[2025-10-08T08:26:39.170+0000] {processor.py:183} INFO - Processing /home/airflow/.local/lib/python3.12/site-packages/airflow/example_dags/example_params_ui_tutorial.py took 0.194 seconds
[2025-10-08T08:27:09.364+0000] {processor.py:161} INFO - Started process (PID=2286) to work on /home/airflow/.local/lib/python3.12/site-packages/airflow/example_dags/example_params_ui_tutorial.py
[2025-10-08T08:27:09.366+0000] {processor.py:830} INFO - Processing file /home/airflow/.local/lib/python3.12/site-packages/airflow/example_dags/example_params_ui_tutorial.py for tasks to queue
[2025-10-08T08:27:09.371+0000] {logging_mixin.py:188} INFO - [2025-10-08T08:27:09.370+0000] {dagbag.py:545} INFO - Filling up the DagBag from /home/airflow/.local/lib/python3.12/site-packages/airflow/example_dags/example_params_ui_tutorial.py
[2025-10-08T08:27:09.394+0000] {processor.py:840} INFO - DAG(s) 'example_params_ui_tutorial' retrieved from /home/airflow/.local/lib/python3.12/site-packages/airflow/example_dags/example_params_ui_tutorial.py
[2025-10-08T08:27:09.496+0000] {logging_mixin.py:188} INFO - [2025-10-08T08:27:09.495+0000] {dag.py:3096} INFO - Sync 1 DAGs
[2025-10-08T08:27:09.521+0000] {logging_mixin.py:188} INFO - [2025-10-08T08:27:09.521+0000] {dag.py:3954} INFO - Setting next_dagrun for example_params_ui_tutorial to None, run_after=None
[2025-10-08T08:27:09.569+0000] {processor.py:183} INFO - Processing /home/airflow/.local/lib/python3.12/site-packages/airflow/example_dags/example_params_ui_tutorial.py took 0.219 seconds
[2025-10-08T08:27:39.778+0000] {processor.py:161} INFO - Started process (PID=2344) to work on /home/airflow/.local/lib/python3.12/site-packages/airflow/example_dags/example_params_ui_tutorial.py
[2025-10-08T08:27:39.782+0000] {processor.py:830} INFO - Processing file /home/airflow/.local/lib/python3.12/site-packages/airflow/example_dags/example_params_ui_tutorial.py for tasks to queue
[2025-10-08T08:27:39.788+0000] {logging_mixin.py:188} INFO - [2025-10-08T08:27:39.787+0000] {dagbag.py:545} INFO - Filling up the DagBag from /home/airflow/.local/lib/python3.12/site-packages/airflow/example_dags/example_params_ui_tutorial.py
[2025-10-08T08:27:39.820+0000] {processor.py:840} INFO - DAG(s) 'example_params_ui_tutorial' retrieved from /home/airflow/.local/lib/python3.12/site-packages/airflow/example_dags/example_params_ui_tutorial.py
[2025-10-08T08:27:39.901+0000] {logging_mixin.py:188} INFO - [2025-10-08T08:27:39.901+0000] {dag.py:3096} INFO - Sync 1 DAGs
[2025-10-08T08:27:39.921+0000] {logging_mixin.py:188} INFO - [2025-10-08T08:27:39.920+0000] {dag.py:3954} INFO - Setting next_dagrun for example_params_ui_tutorial to None, run_after=None
[2025-10-08T08:27:39.965+0000] {processor.py:183} INFO - Processing /home/airflow/.local/lib/python3.12/site-packages/airflow/example_dags/example_params_ui_tutorial.py took 0.217 seconds
[2025-10-08T08:28:10.117+0000] {processor.py:161} INFO - Started process (PID=2403) to work on /home/airflow/.local/lib/python3.12/site-packages/airflow/example_dags/example_params_ui_tutorial.py
[2025-10-08T08:28:10.120+0000] {processor.py:830} INFO - Processing file /home/airflow/.local/lib/python3.12/site-packages/airflow/example_dags/example_params_ui_tutorial.py for tasks to queue
[2025-10-08T08:28:10.130+0000] {logging_mixin.py:188} INFO - [2025-10-08T08:28:10.129+0000] {dagbag.py:545} INFO - Filling up the DagBag from /home/airflow/.local/lib/python3.12/site-packages/airflow/example_dags/example_params_ui_tutorial.py
[2025-10-08T08:28:10.152+0000] {processor.py:840} INFO - DAG(s) 'example_params_ui_tutorial' retrieved from /home/airflow/.local/lib/python3.12/site-packages/airflow/example_dags/example_params_ui_tutorial.py
[2025-10-08T08:28:10.222+0000] {logging_mixin.py:188} INFO - [2025-10-08T08:28:10.221+0000] {dag.py:3096} INFO - Sync 1 DAGs
[2025-10-08T08:28:10.243+0000] {logging_mixin.py:188} INFO - [2025-10-08T08:28:10.243+0000] {dag.py:3954} INFO - Setting next_dagrun for example_params_ui_tutorial to None, run_after=None
[2025-10-08T08:28:10.300+0000] {processor.py:183} INFO - Processing /home/airflow/.local/lib/python3.12/site-packages/airflow/example_dags/example_params_ui_tutorial.py took 0.200 seconds
[2025-10-08T08:28:40.477+0000] {processor.py:161} INFO - Started process (PID=2462) to work on /home/airflow/.local/lib/python3.12/site-packages/airflow/example_dags/example_params_ui_tutorial.py
[2025-10-08T08:28:40.480+0000] {processor.py:830} INFO - Processing file /home/airflow/.local/lib/python3.12/site-packages/airflow/example_dags/example_params_ui_tutorial.py for tasks to queue
[2025-10-08T08:28:40.486+0000] {logging_mixin.py:188} INFO - [2025-10-08T08:28:40.485+0000] {dagbag.py:545} INFO - Filling up the DagBag from /home/airflow/.local/lib/python3.12/site-packages/airflow/example_dags/example_params_ui_tutorial.py
[2025-10-08T08:28:40.513+0000] {processor.py:840} INFO - DAG(s) 'example_params_ui_tutorial' retrieved from /home/airflow/.local/lib/python3.12/site-packages/airflow/example_dags/example_params_ui_tutorial.py
[2025-10-08T08:28:40.619+0000] {logging_mixin.py:188} INFO - [2025-10-08T08:28:40.618+0000] {dag.py:3096} INFO - Sync 1 DAGs
[2025-10-08T08:28:40.649+0000] {logging_mixin.py:188} INFO - [2025-10-08T08:28:40.649+0000] {dag.py:3954} INFO - Setting next_dagrun for example_params_ui_tutorial to None, run_after=None
[2025-10-08T08:28:40.717+0000] {processor.py:183} INFO - Processing /home/airflow/.local/lib/python3.12/site-packages/airflow/example_dags/example_params_ui_tutorial.py took 0.254 seconds
[2025-10-08T08:29:11.103+0000] {processor.py:161} INFO - Started process (PID=2521) to work on /home/airflow/.local/lib/python3.12/site-packages/airflow/example_dags/example_params_ui_tutorial.py
[2025-10-08T08:29:11.105+0000] {processor.py:830} INFO - Processing file /home/airflow/.local/lib/python3.12/site-packages/airflow/example_dags/example_params_ui_tutorial.py for tasks to queue
[2025-10-08T08:29:11.109+0000] {logging_mixin.py:188} INFO - [2025-10-08T08:29:11.108+0000] {dagbag.py:545} INFO - Filling up the DagBag from /home/airflow/.local/lib/python3.12/site-packages/airflow/example_dags/example_params_ui_tutorial.py
[2025-10-08T08:29:11.132+0000] {processor.py:840} INFO - DAG(s) 'example_params_ui_tutorial' retrieved from /home/airflow/.local/lib/python3.12/site-packages/airflow/example_dags/example_params_ui_tutorial.py
[2025-10-08T08:29:11.257+0000] {logging_mixin.py:188} INFO - [2025-10-08T08:29:11.256+0000] {dag.py:3096} INFO - Sync 1 DAGs
[2025-10-08T08:29:11.278+0000] {logging_mixin.py:188} INFO - [2025-10-08T08:29:11.277+0000] {dag.py:3954} INFO - Setting next_dagrun for example_params_ui_tutorial to None, run_after=None
[2025-10-08T08:29:11.331+0000] {processor.py:183} INFO - Processing /home/airflow/.local/lib/python3.12/site-packages/airflow/example_dags/example_params_ui_tutorial.py took 0.245 seconds
[2025-10-08T08:29:42.344+0000] {processor.py:161} INFO - Started process (PID=2581) to work on /home/airflow/.local/lib/python3.12/site-packages/airflow/example_dags/example_params_ui_tutorial.py
[2025-10-08T08:29:42.346+0000] {processor.py:830} INFO - Processing file /home/airflow/.local/lib/python3.12/site-packages/airflow/example_dags/example_params_ui_tutorial.py for tasks to queue
[2025-10-08T08:29:42.351+0000] {logging_mixin.py:188} INFO - [2025-10-08T08:29:42.350+0000] {dagbag.py:545} INFO - Filling up the DagBag from /home/airflow/.local/lib/python3.12/site-packages/airflow/example_dags/example_params_ui_tutorial.py
[2025-10-08T08:29:42.372+0000] {processor.py:840} INFO - DAG(s) 'example_params_ui_tutorial' retrieved from /home/airflow/.local/lib/python3.12/site-packages/airflow/example_dags/example_params_ui_tutorial.py
[2025-10-08T08:29:42.443+0000] {logging_mixin.py:188} INFO - [2025-10-08T08:29:42.442+0000] {dag.py:3096} INFO - Sync 1 DAGs
[2025-10-08T08:29:42.466+0000] {logging_mixin.py:188} INFO - [2025-10-08T08:29:42.466+0000] {dag.py:3954} INFO - Setting next_dagrun for example_params_ui_tutorial to None, run_after=None
[2025-10-08T08:29:42.497+0000] {processor.py:183} INFO - Processing /home/airflow/.local/lib/python3.12/site-packages/airflow/example_dags/example_params_ui_tutorial.py took 0.165 seconds
[2025-10-08T08:30:12.638+0000] {processor.py:161} INFO - Started process (PID=2640) to work on /home/airflow/.local/lib/python3.12/site-packages/airflow/example_dags/example_params_ui_tutorial.py
[2025-10-08T08:30:12.639+0000] {processor.py:830} INFO - Processing file /home/airflow/.local/lib/python3.12/site-packages/airflow/example_dags/example_params_ui_tutorial.py for tasks to queue
[2025-10-08T08:30:12.641+0000] {logging_mixin.py:188} INFO - [2025-10-08T08:30:12.640+0000] {dagbag.py:545} INFO - Filling up the DagBag from /home/airflow/.local/lib/python3.12/site-packages/airflow/example_dags/example_params_ui_tutorial.py
[2025-10-08T08:30:12.653+0000] {processor.py:840} INFO - DAG(s) 'example_params_ui_tutorial' retrieved from /home/airflow/.local/lib/python3.12/site-packages/airflow/example_dags/example_params_ui_tutorial.py
[2025-10-08T08:30:12.699+0000] {logging_mixin.py:188} INFO - [2025-10-08T08:30:12.699+0000] {dag.py:3096} INFO - Sync 1 DAGs
[2025-10-08T08:30:12.711+0000] {logging_mixin.py:188} INFO - [2025-10-08T08:30:12.711+0000] {dag.py:3954} INFO - Setting next_dagrun for example_params_ui_tutorial to None, run_after=None
[2025-10-08T08:30:12.731+0000] {processor.py:183} INFO - Processing /home/airflow/.local/lib/python3.12/site-packages/airflow/example_dags/example_params_ui_tutorial.py took 0.100 seconds
[2025-10-08T08:33:03.207+0000] {processor.py:161} INFO - Started process (PID=2658) to work on /home/airflow/.local/lib/python3.12/site-packages/airflow/example_dags/example_params_ui_tutorial.py
[2025-10-08T08:33:03.209+0000] {processor.py:830} INFO - Processing file /home/airflow/.local/lib/python3.12/site-packages/airflow/example_dags/example_params_ui_tutorial.py for tasks to queue
[2025-10-08T08:33:03.212+0000] {logging_mixin.py:188} INFO - [2025-10-08T08:33:03.211+0000] {dagbag.py:545} INFO - Filling up the DagBag from /home/airflow/.local/lib/python3.12/site-packages/airflow/example_dags/example_params_ui_tutorial.py
[2025-10-08T08:33:03.225+0000] {processor.py:840} INFO - DAG(s) 'example_params_ui_tutorial' retrieved from /home/airflow/.local/lib/python3.12/site-packages/airflow/example_dags/example_params_ui_tutorial.py
[2025-10-08T08:33:03.271+0000] {logging_mixin.py:188} INFO - [2025-10-08T08:33:03.270+0000] {dag.py:3096} INFO - Sync 1 DAGs
[2025-10-08T08:33:03.283+0000] {logging_mixin.py:188} INFO - [2025-10-08T08:33:03.283+0000] {dag.py:3954} INFO - Setting next_dagrun for example_params_ui_tutorial to None, run_after=None
[2025-10-08T08:33:03.306+0000] {processor.py:183} INFO - Processing /home/airflow/.local/lib/python3.12/site-packages/airflow/example_dags/example_params_ui_tutorial.py took 0.105 seconds
[2025-10-08T08:33:34.024+0000] {processor.py:161} INFO - Started process (PID=2717) to work on /home/airflow/.local/lib/python3.12/site-packages/airflow/example_dags/example_params_ui_tutorial.py
[2025-10-08T08:33:34.025+0000] {processor.py:830} INFO - Processing file /home/airflow/.local/lib/python3.12/site-packages/airflow/example_dags/example_params_ui_tutorial.py for tasks to queue
[2025-10-08T08:33:34.027+0000] {logging_mixin.py:188} INFO - [2025-10-08T08:33:34.026+0000] {dagbag.py:545} INFO - Filling up the DagBag from /home/airflow/.local/lib/python3.12/site-packages/airflow/example_dags/example_params_ui_tutorial.py
[2025-10-08T08:33:34.037+0000] {processor.py:840} INFO - DAG(s) 'example_params_ui_tutorial' retrieved from /home/airflow/.local/lib/python3.12/site-packages/airflow/example_dags/example_params_ui_tutorial.py
[2025-10-08T08:33:34.080+0000] {logging_mixin.py:188} INFO - [2025-10-08T08:33:34.080+0000] {dag.py:3096} INFO - Sync 1 DAGs
[2025-10-08T08:33:34.092+0000] {logging_mixin.py:188} INFO - [2025-10-08T08:33:34.092+0000] {dag.py:3954} INFO - Setting next_dagrun for example_params_ui_tutorial to None, run_after=None
[2025-10-08T08:33:34.115+0000] {processor.py:183} INFO - Processing /home/airflow/.local/lib/python3.12/site-packages/airflow/example_dags/example_params_ui_tutorial.py took 0.096 seconds
[2025-10-08T08:34:04.609+0000] {processor.py:161} INFO - Started process (PID=2776) to work on /home/airflow/.local/lib/python3.12/site-packages/airflow/example_dags/example_params_ui_tutorial.py
[2025-10-08T08:34:04.610+0000] {processor.py:830} INFO - Processing file /home/airflow/.local/lib/python3.12/site-packages/airflow/example_dags/example_params_ui_tutorial.py for tasks to queue
[2025-10-08T08:34:04.612+0000] {logging_mixin.py:188} INFO - [2025-10-08T08:34:04.612+0000] {dagbag.py:545} INFO - Filling up the DagBag from /home/airflow/.local/lib/python3.12/site-packages/airflow/example_dags/example_params_ui_tutorial.py
[2025-10-08T08:34:04.623+0000] {processor.py:840} INFO - DAG(s) 'example_params_ui_tutorial' retrieved from /home/airflow/.local/lib/python3.12/site-packages/airflow/example_dags/example_params_ui_tutorial.py
[2025-10-08T08:34:04.666+0000] {logging_mixin.py:188} INFO - [2025-10-08T08:34:04.666+0000] {dag.py:3096} INFO - Sync 1 DAGs
[2025-10-08T08:34:04.678+0000] {logging_mixin.py:188} INFO - [2025-10-08T08:34:04.677+0000] {dag.py:3954} INFO - Setting next_dagrun for example_params_ui_tutorial to None, run_after=None
[2025-10-08T08:34:04.695+0000] {processor.py:183} INFO - Processing /home/airflow/.local/lib/python3.12/site-packages/airflow/example_dags/example_params_ui_tutorial.py took 0.092 seconds
[2025-10-08T08:34:35.210+0000] {processor.py:161} INFO - Started process (PID=2835) to work on /home/airflow/.local/lib/python3.12/site-packages/airflow/example_dags/example_params_ui_tutorial.py
[2025-10-08T08:34:35.211+0000] {processor.py:830} INFO - Processing file /home/airflow/.local/lib/python3.12/site-packages/airflow/example_dags/example_params_ui_tutorial.py for tasks to queue
[2025-10-08T08:34:35.214+0000] {logging_mixin.py:188} INFO - [2025-10-08T08:34:35.214+0000] {dagbag.py:545} INFO - Filling up the DagBag from /home/airflow/.local/lib/python3.12/site-packages/airflow/example_dags/example_params_ui_tutorial.py
[2025-10-08T08:34:35.230+0000] {processor.py:840} INFO - DAG(s) 'example_params_ui_tutorial' retrieved from /home/airflow/.local/lib/python3.12/site-packages/airflow/example_dags/example_params_ui_tutorial.py
[2025-10-08T08:34:35.292+0000] {logging_mixin.py:188} INFO - [2025-10-08T08:34:35.292+0000] {dag.py:3096} INFO - Sync 1 DAGs
[2025-10-08T08:34:35.309+0000] {logging_mixin.py:188} INFO - [2025-10-08T08:34:35.308+0000] {dag.py:3954} INFO - Setting next_dagrun for example_params_ui_tutorial to None, run_after=None
[2025-10-08T08:34:35.337+0000] {processor.py:183} INFO - Processing /home/airflow/.local/lib/python3.12/site-packages/airflow/example_dags/example_params_ui_tutorial.py took 0.135 seconds
[2025-10-08T08:35:06.260+0000] {processor.py:161} INFO - Started process (PID=2894) to work on /home/airflow/.local/lib/python3.12/site-packages/airflow/example_dags/example_params_ui_tutorial.py
[2025-10-08T08:35:06.261+0000] {processor.py:830} INFO - Processing file /home/airflow/.local/lib/python3.12/site-packages/airflow/example_dags/example_params_ui_tutorial.py for tasks to queue
[2025-10-08T08:35:06.265+0000] {logging_mixin.py:188} INFO - [2025-10-08T08:35:06.264+0000] {dagbag.py:545} INFO - Filling up the DagBag from /home/airflow/.local/lib/python3.12/site-packages/airflow/example_dags/example_params_ui_tutorial.py
[2025-10-08T08:35:06.279+0000] {processor.py:840} INFO - DAG(s) 'example_params_ui_tutorial' retrieved from /home/airflow/.local/lib/python3.12/site-packages/airflow/example_dags/example_params_ui_tutorial.py
[2025-10-08T08:35:06.340+0000] {logging_mixin.py:188} INFO - [2025-10-08T08:35:06.340+0000] {dag.py:3096} INFO - Sync 1 DAGs
[2025-10-08T08:35:06.357+0000] {logging_mixin.py:188} INFO - [2025-10-08T08:35:06.357+0000] {dag.py:3954} INFO - Setting next_dagrun for example_params_ui_tutorial to None, run_after=None
[2025-10-08T08:35:06.385+0000] {processor.py:183} INFO - Processing /home/airflow/.local/lib/python3.12/site-packages/airflow/example_dags/example_params_ui_tutorial.py took 0.132 seconds
[2025-10-08T08:35:36.560+0000] {processor.py:161} INFO - Started process (PID=2953) to work on /home/airflow/.local/lib/python3.12/site-packages/airflow/example_dags/example_params_ui_tutorial.py
[2025-10-08T08:35:36.561+0000] {processor.py:830} INFO - Processing file /home/airflow/.local/lib/python3.12/site-packages/airflow/example_dags/example_params_ui_tutorial.py for tasks to queue
[2025-10-08T08:35:36.564+0000] {logging_mixin.py:188} INFO - [2025-10-08T08:35:36.564+0000] {dagbag.py:545} INFO - Filling up the DagBag from /home/airflow/.local/lib/python3.12/site-packages/airflow/example_dags/example_params_ui_tutorial.py
[2025-10-08T08:35:36.577+0000] {processor.py:840} INFO - DAG(s) 'example_params_ui_tutorial' retrieved from /home/airflow/.local/lib/python3.12/site-packages/airflow/example_dags/example_params_ui_tutorial.py
[2025-10-08T08:35:36.630+0000] {logging_mixin.py:188} INFO - [2025-10-08T08:35:36.630+0000] {dag.py:3096} INFO - Sync 1 DAGs
[2025-10-08T08:35:36.645+0000] {logging_mixin.py:188} INFO - [2025-10-08T08:35:36.645+0000] {dag.py:3954} INFO - Setting next_dagrun for example_params_ui_tutorial to None, run_after=None
[2025-10-08T08:35:36.669+0000] {processor.py:183} INFO - Processing /home/airflow/.local/lib/python3.12/site-packages/airflow/example_dags/example_params_ui_tutorial.py took 0.116 seconds
[2025-10-08T08:36:07.150+0000] {processor.py:161} INFO - Started process (PID=3012) to work on /home/airflow/.local/lib/python3.12/site-packages/airflow/example_dags/example_params_ui_tutorial.py
[2025-10-08T08:36:07.151+0000] {processor.py:830} INFO - Processing file /home/airflow/.local/lib/python3.12/site-packages/airflow/example_dags/example_params_ui_tutorial.py for tasks to queue
[2025-10-08T08:36:07.154+0000] {logging_mixin.py:188} INFO - [2025-10-08T08:36:07.153+0000] {dagbag.py:545} INFO - Filling up the DagBag from /home/airflow/.local/lib/python3.12/site-packages/airflow/example_dags/example_params_ui_tutorial.py
[2025-10-08T08:36:07.170+0000] {processor.py:840} INFO - DAG(s) 'example_params_ui_tutorial' retrieved from /home/airflow/.local/lib/python3.12/site-packages/airflow/example_dags/example_params_ui_tutorial.py
[2025-10-08T08:36:07.239+0000] {logging_mixin.py:188} INFO - [2025-10-08T08:36:07.238+0000] {dag.py:3096} INFO - Sync 1 DAGs
[2025-10-08T08:36:07.257+0000] {logging_mixin.py:188} INFO - [2025-10-08T08:36:07.257+0000] {dag.py:3954} INFO - Setting next_dagrun for example_params_ui_tutorial to None, run_after=None
[2025-10-08T08:36:07.286+0000] {processor.py:183} INFO - Processing /home/airflow/.local/lib/python3.12/site-packages/airflow/example_dags/example_params_ui_tutorial.py took 0.145 seconds
[2025-10-08T08:36:37.466+0000] {processor.py:161} INFO - Started process (PID=3071) to work on /home/airflow/.local/lib/python3.12/site-packages/airflow/example_dags/example_params_ui_tutorial.py
[2025-10-08T08:36:37.467+0000] {processor.py:830} INFO - Processing file /home/airflow/.local/lib/python3.12/site-packages/airflow/example_dags/example_params_ui_tutorial.py for tasks to queue
[2025-10-08T08:36:37.470+0000] {logging_mixin.py:188} INFO - [2025-10-08T08:36:37.470+0000] {dagbag.py:545} INFO - Filling up the DagBag from /home/airflow/.local/lib/python3.12/site-packages/airflow/example_dags/example_params_ui_tutorial.py
[2025-10-08T08:36:37.483+0000] {processor.py:840} INFO - DAG(s) 'example_params_ui_tutorial' retrieved from /home/airflow/.local/lib/python3.12/site-packages/airflow/example_dags/example_params_ui_tutorial.py
[2025-10-08T08:36:37.538+0000] {logging_mixin.py:188} INFO - [2025-10-08T08:36:37.538+0000] {dag.py:3096} INFO - Sync 1 DAGs
[2025-10-08T08:36:37.552+0000] {logging_mixin.py:188} INFO - [2025-10-08T08:36:37.552+0000] {dag.py:3954} INFO - Setting next_dagrun for example_params_ui_tutorial to None, run_after=None
[2025-10-08T08:36:37.576+0000] {processor.py:183} INFO - Processing /home/airflow/.local/lib/python3.12/site-packages/airflow/example_dags/example_params_ui_tutorial.py took 0.117 seconds
[2025-10-08T08:37:08.239+0000] {processor.py:161} INFO - Started process (PID=3130) to work on /home/airflow/.local/lib/python3.12/site-packages/airflow/example_dags/example_params_ui_tutorial.py
[2025-10-08T08:37:08.241+0000] {processor.py:830} INFO - Processing file /home/airflow/.local/lib/python3.12/site-packages/airflow/example_dags/example_params_ui_tutorial.py for tasks to queue
[2025-10-08T08:37:08.244+0000] {logging_mixin.py:188} INFO - [2025-10-08T08:37:08.243+0000] {dagbag.py:545} INFO - Filling up the DagBag from /home/airflow/.local/lib/python3.12/site-packages/airflow/example_dags/example_params_ui_tutorial.py
[2025-10-08T08:37:08.259+0000] {processor.py:840} INFO - DAG(s) 'example_params_ui_tutorial' retrieved from /home/airflow/.local/lib/python3.12/site-packages/airflow/example_dags/example_params_ui_tutorial.py
[2025-10-08T08:37:08.328+0000] {logging_mixin.py:188} INFO - [2025-10-08T08:37:08.327+0000] {dag.py:3096} INFO - Sync 1 DAGs
[2025-10-08T08:37:08.346+0000] {logging_mixin.py:188} INFO - [2025-10-08T08:37:08.346+0000] {dag.py:3954} INFO - Setting next_dagrun for example_params_ui_tutorial to None, run_after=None
[2025-10-08T08:37:08.378+0000] {processor.py:183} INFO - Processing /home/airflow/.local/lib/python3.12/site-packages/airflow/example_dags/example_params_ui_tutorial.py took 0.147 seconds
[2025-10-08T08:37:38.567+0000] {processor.py:161} INFO - Started process (PID=3189) to work on /home/airflow/.local/lib/python3.12/site-packages/airflow/example_dags/example_params_ui_tutorial.py
[2025-10-08T08:37:38.569+0000] {processor.py:830} INFO - Processing file /home/airflow/.local/lib/python3.12/site-packages/airflow/example_dags/example_params_ui_tutorial.py for tasks to queue
[2025-10-08T08:37:38.572+0000] {logging_mixin.py:188} INFO - [2025-10-08T08:37:38.572+0000] {dagbag.py:545} INFO - Filling up the DagBag from /home/airflow/.local/lib/python3.12/site-packages/airflow/example_dags/example_params_ui_tutorial.py
[2025-10-08T08:37:38.598+0000] {processor.py:840} INFO - DAG(s) 'example_params_ui_tutorial' retrieved from /home/airflow/.local/lib/python3.12/site-packages/airflow/example_dags/example_params_ui_tutorial.py
[2025-10-08T08:37:38.671+0000] {logging_mixin.py:188} INFO - [2025-10-08T08:37:38.671+0000] {dag.py:3096} INFO - Sync 1 DAGs
[2025-10-08T08:37:38.687+0000] {logging_mixin.py:188} INFO - [2025-10-08T08:37:38.687+0000] {dag.py:3954} INFO - Setting next_dagrun for example_params_ui_tutorial to None, run_after=None
[2025-10-08T08:37:38.718+0000] {processor.py:183} INFO - Processing /home/airflow/.local/lib/python3.12/site-packages/airflow/example_dags/example_params_ui_tutorial.py took 0.163 seconds
[2025-10-08T08:38:09.049+0000] {processor.py:161} INFO - Started process (PID=3248) to work on /home/airflow/.local/lib/python3.12/site-packages/airflow/example_dags/example_params_ui_tutorial.py
[2025-10-08T08:38:09.050+0000] {processor.py:830} INFO - Processing file /home/airflow/.local/lib/python3.12/site-packages/airflow/example_dags/example_params_ui_tutorial.py for tasks to queue
[2025-10-08T08:38:09.053+0000] {logging_mixin.py:188} INFO - [2025-10-08T08:38:09.053+0000] {dagbag.py:545} INFO - Filling up the DagBag from /home/airflow/.local/lib/python3.12/site-packages/airflow/example_dags/example_params_ui_tutorial.py
[2025-10-08T08:38:09.067+0000] {processor.py:840} INFO - DAG(s) 'example_params_ui_tutorial' retrieved from /home/airflow/.local/lib/python3.12/site-packages/airflow/example_dags/example_params_ui_tutorial.py
[2025-10-08T08:38:09.124+0000] {logging_mixin.py:188} INFO - [2025-10-08T08:38:09.124+0000] {dag.py:3096} INFO - Sync 1 DAGs
[2025-10-08T08:38:09.138+0000] {logging_mixin.py:188} INFO - [2025-10-08T08:38:09.138+0000] {dag.py:3954} INFO - Setting next_dagrun for example_params_ui_tutorial to None, run_after=None
[2025-10-08T08:38:09.161+0000] {processor.py:183} INFO - Processing /home/airflow/.local/lib/python3.12/site-packages/airflow/example_dags/example_params_ui_tutorial.py took 0.119 seconds
[2025-10-08T08:38:39.694+0000] {processor.py:161} INFO - Started process (PID=3307) to work on /home/airflow/.local/lib/python3.12/site-packages/airflow/example_dags/example_params_ui_tutorial.py
[2025-10-08T08:38:39.696+0000] {processor.py:830} INFO - Processing file /home/airflow/.local/lib/python3.12/site-packages/airflow/example_dags/example_params_ui_tutorial.py for tasks to queue
[2025-10-08T08:38:39.701+0000] {logging_mixin.py:188} INFO - [2025-10-08T08:38:39.700+0000] {dagbag.py:545} INFO - Filling up the DagBag from /home/airflow/.local/lib/python3.12/site-packages/airflow/example_dags/example_params_ui_tutorial.py
[2025-10-08T08:38:39.736+0000] {processor.py:840} INFO - DAG(s) 'example_params_ui_tutorial' retrieved from /home/airflow/.local/lib/python3.12/site-packages/airflow/example_dags/example_params_ui_tutorial.py
[2025-10-08T08:38:39.830+0000] {logging_mixin.py:188} INFO - [2025-10-08T08:38:39.829+0000] {dag.py:3096} INFO - Sync 1 DAGs
[2025-10-08T08:38:39.857+0000] {logging_mixin.py:188} INFO - [2025-10-08T08:38:39.857+0000] {dag.py:3954} INFO - Setting next_dagrun for example_params_ui_tutorial to None, run_after=None
[2025-10-08T08:38:39.924+0000] {processor.py:183} INFO - Processing /home/airflow/.local/lib/python3.12/site-packages/airflow/example_dags/example_params_ui_tutorial.py took 0.237 seconds
[2025-10-08T08:39:10.442+0000] {processor.py:161} INFO - Started process (PID=3367) to work on /home/airflow/.local/lib/python3.12/site-packages/airflow/example_dags/example_params_ui_tutorial.py
[2025-10-08T08:39:10.444+0000] {processor.py:830} INFO - Processing file /home/airflow/.local/lib/python3.12/site-packages/airflow/example_dags/example_params_ui_tutorial.py for tasks to queue
[2025-10-08T08:39:10.447+0000] {logging_mixin.py:188} INFO - [2025-10-08T08:39:10.447+0000] {dagbag.py:545} INFO - Filling up the DagBag from /home/airflow/.local/lib/python3.12/site-packages/airflow/example_dags/example_params_ui_tutorial.py
[2025-10-08T08:39:10.471+0000] {processor.py:840} INFO - DAG(s) 'example_params_ui_tutorial' retrieved from /home/airflow/.local/lib/python3.12/site-packages/airflow/example_dags/example_params_ui_tutorial.py
[2025-10-08T08:39:10.553+0000] {logging_mixin.py:188} INFO - [2025-10-08T08:39:10.553+0000] {dag.py:3096} INFO - Sync 1 DAGs
[2025-10-08T08:39:10.574+0000] {logging_mixin.py:188} INFO - [2025-10-08T08:39:10.574+0000] {dag.py:3954} INFO - Setting next_dagrun for example_params_ui_tutorial to None, run_after=None
[2025-10-08T08:39:10.611+0000] {processor.py:183} INFO - Processing /home/airflow/.local/lib/python3.12/site-packages/airflow/example_dags/example_params_ui_tutorial.py took 0.184 seconds
[2025-10-08T08:39:40.676+0000] {processor.py:161} INFO - Started process (PID=3432) to work on /home/airflow/.local/lib/python3.12/site-packages/airflow/example_dags/example_params_ui_tutorial.py
[2025-10-08T08:39:40.677+0000] {processor.py:830} INFO - Processing file /home/airflow/.local/lib/python3.12/site-packages/airflow/example_dags/example_params_ui_tutorial.py for tasks to queue
[2025-10-08T08:39:40.679+0000] {logging_mixin.py:188} INFO - [2025-10-08T08:39:40.679+0000] {dagbag.py:545} INFO - Filling up the DagBag from /home/airflow/.local/lib/python3.12/site-packages/airflow/example_dags/example_params_ui_tutorial.py
[2025-10-08T08:39:40.692+0000] {processor.py:840} INFO - DAG(s) 'example_params_ui_tutorial' retrieved from /home/airflow/.local/lib/python3.12/site-packages/airflow/example_dags/example_params_ui_tutorial.py
[2025-10-08T08:39:40.745+0000] {logging_mixin.py:188} INFO - [2025-10-08T08:39:40.744+0000] {dag.py:3096} INFO - Sync 1 DAGs
[2025-10-08T08:39:40.758+0000] {logging_mixin.py:188} INFO - [2025-10-08T08:39:40.757+0000] {dag.py:3954} INFO - Setting next_dagrun for example_params_ui_tutorial to None, run_after=None
[2025-10-08T08:39:40.780+0000] {processor.py:183} INFO - Processing /home/airflow/.local/lib/python3.12/site-packages/airflow/example_dags/example_params_ui_tutorial.py took 0.112 seconds
[2025-10-08T08:40:10.964+0000] {processor.py:161} INFO - Started process (PID=3491) to work on /home/airflow/.local/lib/python3.12/site-packages/airflow/example_dags/example_params_ui_tutorial.py
[2025-10-08T08:40:10.966+0000] {processor.py:830} INFO - Processing file /home/airflow/.local/lib/python3.12/site-packages/airflow/example_dags/example_params_ui_tutorial.py for tasks to queue
[2025-10-08T08:40:10.969+0000] {logging_mixin.py:188} INFO - [2025-10-08T08:40:10.968+0000] {dagbag.py:545} INFO - Filling up the DagBag from /home/airflow/.local/lib/python3.12/site-packages/airflow/example_dags/example_params_ui_tutorial.py
[2025-10-08T08:40:10.982+0000] {processor.py:840} INFO - DAG(s) 'example_params_ui_tutorial' retrieved from /home/airflow/.local/lib/python3.12/site-packages/airflow/example_dags/example_params_ui_tutorial.py
[2025-10-08T08:40:11.036+0000] {logging_mixin.py:188} INFO - [2025-10-08T08:40:11.036+0000] {dag.py:3096} INFO - Sync 1 DAGs
[2025-10-08T08:40:11.050+0000] {logging_mixin.py:188} INFO - [2025-10-08T08:40:11.050+0000] {dag.py:3954} INFO - Setting next_dagrun for example_params_ui_tutorial to None, run_after=None
[2025-10-08T08:40:11.074+0000] {processor.py:183} INFO - Processing /home/airflow/.local/lib/python3.12/site-packages/airflow/example_dags/example_params_ui_tutorial.py took 0.116 seconds
[2025-10-08T08:40:41.768+0000] {processor.py:161} INFO - Started process (PID=3556) to work on /home/airflow/.local/lib/python3.12/site-packages/airflow/example_dags/example_params_ui_tutorial.py
[2025-10-08T08:40:41.769+0000] {processor.py:830} INFO - Processing file /home/airflow/.local/lib/python3.12/site-packages/airflow/example_dags/example_params_ui_tutorial.py for tasks to queue
[2025-10-08T08:40:41.774+0000] {logging_mixin.py:188} INFO - [2025-10-08T08:40:41.773+0000] {dagbag.py:545} INFO - Filling up the DagBag from /home/airflow/.local/lib/python3.12/site-packages/airflow/example_dags/example_params_ui_tutorial.py
[2025-10-08T08:40:41.789+0000] {processor.py:840} INFO - DAG(s) 'example_params_ui_tutorial' retrieved from /home/airflow/.local/lib/python3.12/site-packages/airflow/example_dags/example_params_ui_tutorial.py
[2025-10-08T08:40:41.853+0000] {logging_mixin.py:188} INFO - [2025-10-08T08:40:41.852+0000] {dag.py:3096} INFO - Sync 1 DAGs
[2025-10-08T08:40:41.868+0000] {logging_mixin.py:188} INFO - [2025-10-08T08:40:41.868+0000] {dag.py:3954} INFO - Setting next_dagrun for example_params_ui_tutorial to None, run_after=None
[2025-10-08T08:40:41.888+0000] {processor.py:183} INFO - Processing /home/airflow/.local/lib/python3.12/site-packages/airflow/example_dags/example_params_ui_tutorial.py took 0.129 seconds
[2025-10-08T08:41:12.198+0000] {processor.py:161} INFO - Started process (PID=3615) to work on /home/airflow/.local/lib/python3.12/site-packages/airflow/example_dags/example_params_ui_tutorial.py
[2025-10-08T08:41:12.199+0000] {processor.py:830} INFO - Processing file /home/airflow/.local/lib/python3.12/site-packages/airflow/example_dags/example_params_ui_tutorial.py for tasks to queue
[2025-10-08T08:41:12.202+0000] {logging_mixin.py:188} INFO - [2025-10-08T08:41:12.202+0000] {dagbag.py:545} INFO - Filling up the DagBag from /home/airflow/.local/lib/python3.12/site-packages/airflow/example_dags/example_params_ui_tutorial.py
[2025-10-08T08:41:12.216+0000] {processor.py:840} INFO - DAG(s) 'example_params_ui_tutorial' retrieved from /home/airflow/.local/lib/python3.12/site-packages/airflow/example_dags/example_params_ui_tutorial.py
[2025-10-08T08:41:12.269+0000] {logging_mixin.py:188} INFO - [2025-10-08T08:41:12.269+0000] {dag.py:3096} INFO - Sync 1 DAGs
[2025-10-08T08:41:12.284+0000] {logging_mixin.py:188} INFO - [2025-10-08T08:41:12.284+0000] {dag.py:3954} INFO - Setting next_dagrun for example_params_ui_tutorial to None, run_after=None
[2025-10-08T08:41:12.310+0000] {processor.py:183} INFO - Processing /home/airflow/.local/lib/python3.12/site-packages/airflow/example_dags/example_params_ui_tutorial.py took 0.119 seconds
[2025-10-08T08:41:42.918+0000] {processor.py:161} INFO - Started process (PID=3674) to work on /home/airflow/.local/lib/python3.12/site-packages/airflow/example_dags/example_params_ui_tutorial.py
[2025-10-08T08:41:42.920+0000] {processor.py:830} INFO - Processing file /home/airflow/.local/lib/python3.12/site-packages/airflow/example_dags/example_params_ui_tutorial.py for tasks to queue
[2025-10-08T08:41:42.923+0000] {logging_mixin.py:188} INFO - [2025-10-08T08:41:42.922+0000] {dagbag.py:545} INFO - Filling up the DagBag from /home/airflow/.local/lib/python3.12/site-packages/airflow/example_dags/example_params_ui_tutorial.py
[2025-10-08T08:41:42.937+0000] {processor.py:840} INFO - DAG(s) 'example_params_ui_tutorial' retrieved from /home/airflow/.local/lib/python3.12/site-packages/airflow/example_dags/example_params_ui_tutorial.py
[2025-10-08T08:41:42.995+0000] {logging_mixin.py:188} INFO - [2025-10-08T08:41:42.994+0000] {dag.py:3096} INFO - Sync 1 DAGs
[2025-10-08T08:41:43.013+0000] {logging_mixin.py:188} INFO - [2025-10-08T08:41:43.012+0000] {dag.py:3954} INFO - Setting next_dagrun for example_params_ui_tutorial to None, run_after=None
[2025-10-08T08:41:43.048+0000] {processor.py:183} INFO - Processing /home/airflow/.local/lib/python3.12/site-packages/airflow/example_dags/example_params_ui_tutorial.py took 0.138 seconds
[2025-10-08T08:42:13.750+0000] {processor.py:161} INFO - Started process (PID=3733) to work on /home/airflow/.local/lib/python3.12/site-packages/airflow/example_dags/example_params_ui_tutorial.py
[2025-10-08T08:42:13.752+0000] {processor.py:830} INFO - Processing file /home/airflow/.local/lib/python3.12/site-packages/airflow/example_dags/example_params_ui_tutorial.py for tasks to queue
[2025-10-08T08:42:13.756+0000] {logging_mixin.py:188} INFO - [2025-10-08T08:42:13.755+0000] {dagbag.py:545} INFO - Filling up the DagBag from /home/airflow/.local/lib/python3.12/site-packages/airflow/example_dags/example_params_ui_tutorial.py
[2025-10-08T08:42:13.775+0000] {processor.py:840} INFO - DAG(s) 'example_params_ui_tutorial' retrieved from /home/airflow/.local/lib/python3.12/site-packages/airflow/example_dags/example_params_ui_tutorial.py
[2025-10-08T08:42:13.876+0000] {logging_mixin.py:188} INFO - [2025-10-08T08:42:13.875+0000] {dag.py:3096} INFO - Sync 1 DAGs
[2025-10-08T08:42:13.894+0000] {logging_mixin.py:188} INFO - [2025-10-08T08:42:13.894+0000] {dag.py:3954} INFO - Setting next_dagrun for example_params_ui_tutorial to None, run_after=None
[2025-10-08T08:42:13.947+0000] {processor.py:183} INFO - Processing /home/airflow/.local/lib/python3.12/site-packages/airflow/example_dags/example_params_ui_tutorial.py took 0.207 seconds
[2025-10-08T08:42:44.116+0000] {processor.py:161} INFO - Started process (PID=3792) to work on /home/airflow/.local/lib/python3.12/site-packages/airflow/example_dags/example_params_ui_tutorial.py
[2025-10-08T08:42:44.118+0000] {processor.py:830} INFO - Processing file /home/airflow/.local/lib/python3.12/site-packages/airflow/example_dags/example_params_ui_tutorial.py for tasks to queue
[2025-10-08T08:42:44.120+0000] {logging_mixin.py:188} INFO - [2025-10-08T08:42:44.120+0000] {dagbag.py:545} INFO - Filling up the DagBag from /home/airflow/.local/lib/python3.12/site-packages/airflow/example_dags/example_params_ui_tutorial.py
[2025-10-08T08:42:44.133+0000] {processor.py:840} INFO - DAG(s) 'example_params_ui_tutorial' retrieved from /home/airflow/.local/lib/python3.12/site-packages/airflow/example_dags/example_params_ui_tutorial.py
[2025-10-08T08:42:44.185+0000] {logging_mixin.py:188} INFO - [2025-10-08T08:42:44.185+0000] {dag.py:3096} INFO - Sync 1 DAGs
[2025-10-08T08:42:44.199+0000] {logging_mixin.py:188} INFO - [2025-10-08T08:42:44.199+0000] {dag.py:3954} INFO - Setting next_dagrun for example_params_ui_tutorial to None, run_after=None
[2025-10-08T08:42:44.222+0000] {processor.py:183} INFO - Processing /home/airflow/.local/lib/python3.12/site-packages/airflow/example_dags/example_params_ui_tutorial.py took 0.114 seconds
[2025-10-08T08:43:15.161+0000] {processor.py:161} INFO - Started process (PID=3851) to work on /home/airflow/.local/lib/python3.12/site-packages/airflow/example_dags/example_params_ui_tutorial.py
[2025-10-08T08:43:15.163+0000] {processor.py:830} INFO - Processing file /home/airflow/.local/lib/python3.12/site-packages/airflow/example_dags/example_params_ui_tutorial.py for tasks to queue
[2025-10-08T08:43:15.166+0000] {logging_mixin.py:188} INFO - [2025-10-08T08:43:15.165+0000] {dagbag.py:545} INFO - Filling up the DagBag from /home/airflow/.local/lib/python3.12/site-packages/airflow/example_dags/example_params_ui_tutorial.py
[2025-10-08T08:43:15.182+0000] {processor.py:840} INFO - DAG(s) 'example_params_ui_tutorial' retrieved from /home/airflow/.local/lib/python3.12/site-packages/airflow/example_dags/example_params_ui_tutorial.py
[2025-10-08T08:43:15.248+0000] {logging_mixin.py:188} INFO - [2025-10-08T08:43:15.247+0000] {dag.py:3096} INFO - Sync 1 DAGs
[2025-10-08T08:43:15.263+0000] {logging_mixin.py:188} INFO - [2025-10-08T08:43:15.262+0000] {dag.py:3954} INFO - Setting next_dagrun for example_params_ui_tutorial to None, run_after=None
[2025-10-08T08:43:15.297+0000] {processor.py:183} INFO - Processing /home/airflow/.local/lib/python3.12/site-packages/airflow/example_dags/example_params_ui_tutorial.py took 0.144 seconds
[2025-10-08T08:43:45.520+0000] {processor.py:161} INFO - Started process (PID=3910) to work on /home/airflow/.local/lib/python3.12/site-packages/airflow/example_dags/example_params_ui_tutorial.py
[2025-10-08T08:43:45.521+0000] {processor.py:830} INFO - Processing file /home/airflow/.local/lib/python3.12/site-packages/airflow/example_dags/example_params_ui_tutorial.py for tasks to queue
[2025-10-08T08:43:45.524+0000] {logging_mixin.py:188} INFO - [2025-10-08T08:43:45.524+0000] {dagbag.py:545} INFO - Filling up the DagBag from /home/airflow/.local/lib/python3.12/site-packages/airflow/example_dags/example_params_ui_tutorial.py
[2025-10-08T08:43:45.539+0000] {processor.py:840} INFO - DAG(s) 'example_params_ui_tutorial' retrieved from /home/airflow/.local/lib/python3.12/site-packages/airflow/example_dags/example_params_ui_tutorial.py
[2025-10-08T08:43:45.599+0000] {logging_mixin.py:188} INFO - [2025-10-08T08:43:45.599+0000] {dag.py:3096} INFO - Sync 1 DAGs
[2025-10-08T08:43:45.619+0000] {logging_mixin.py:188} INFO - [2025-10-08T08:43:45.618+0000] {dag.py:3954} INFO - Setting next_dagrun for example_params_ui_tutorial to None, run_after=None
[2025-10-08T08:43:45.643+0000] {processor.py:183} INFO - Processing /home/airflow/.local/lib/python3.12/site-packages/airflow/example_dags/example_params_ui_tutorial.py took 0.130 seconds
[2025-10-08T08:44:16.161+0000] {processor.py:161} INFO - Started process (PID=3969) to work on /home/airflow/.local/lib/python3.12/site-packages/airflow/example_dags/example_params_ui_tutorial.py
[2025-10-08T08:44:16.163+0000] {processor.py:830} INFO - Processing file /home/airflow/.local/lib/python3.12/site-packages/airflow/example_dags/example_params_ui_tutorial.py for tasks to queue
[2025-10-08T08:44:16.165+0000] {logging_mixin.py:188} INFO - [2025-10-08T08:44:16.165+0000] {dagbag.py:545} INFO - Filling up the DagBag from /home/airflow/.local/lib/python3.12/site-packages/airflow/example_dags/example_params_ui_tutorial.py
[2025-10-08T08:44:16.178+0000] {processor.py:840} INFO - DAG(s) 'example_params_ui_tutorial' retrieved from /home/airflow/.local/lib/python3.12/site-packages/airflow/example_dags/example_params_ui_tutorial.py
[2025-10-08T08:44:16.234+0000] {logging_mixin.py:188} INFO - [2025-10-08T08:44:16.233+0000] {dag.py:3096} INFO - Sync 1 DAGs
[2025-10-08T08:44:16.252+0000] {logging_mixin.py:188} INFO - [2025-10-08T08:44:16.251+0000] {dag.py:3954} INFO - Setting next_dagrun for example_params_ui_tutorial to None, run_after=None
[2025-10-08T08:44:16.285+0000] {processor.py:183} INFO - Processing /home/airflow/.local/lib/python3.12/site-packages/airflow/example_dags/example_params_ui_tutorial.py took 0.131 seconds
[2025-10-08T08:44:46.389+0000] {processor.py:161} INFO - Started process (PID=4029) to work on /home/airflow/.local/lib/python3.12/site-packages/airflow/example_dags/example_params_ui_tutorial.py
[2025-10-08T08:44:46.391+0000] {processor.py:830} INFO - Processing file /home/airflow/.local/lib/python3.12/site-packages/airflow/example_dags/example_params_ui_tutorial.py for tasks to queue
[2025-10-08T08:44:46.394+0000] {logging_mixin.py:188} INFO - [2025-10-08T08:44:46.393+0000] {dagbag.py:545} INFO - Filling up the DagBag from /home/airflow/.local/lib/python3.12/site-packages/airflow/example_dags/example_params_ui_tutorial.py
[2025-10-08T08:44:46.407+0000] {processor.py:840} INFO - DAG(s) 'example_params_ui_tutorial' retrieved from /home/airflow/.local/lib/python3.12/site-packages/airflow/example_dags/example_params_ui_tutorial.py
[2025-10-08T08:44:46.458+0000] {logging_mixin.py:188} INFO - [2025-10-08T08:44:46.458+0000] {dag.py:3096} INFO - Sync 1 DAGs
[2025-10-08T08:44:46.474+0000] {logging_mixin.py:188} INFO - [2025-10-08T08:44:46.473+0000] {dag.py:3954} INFO - Setting next_dagrun for example_params_ui_tutorial to None, run_after=None
[2025-10-08T08:44:46.498+0000] {processor.py:183} INFO - Processing /home/airflow/.local/lib/python3.12/site-packages/airflow/example_dags/example_params_ui_tutorial.py took 0.117 seconds
[2025-10-08T08:45:16.696+0000] {processor.py:161} INFO - Started process (PID=4087) to work on /home/airflow/.local/lib/python3.12/site-packages/airflow/example_dags/example_params_ui_tutorial.py
[2025-10-08T08:45:16.697+0000] {processor.py:830} INFO - Processing file /home/airflow/.local/lib/python3.12/site-packages/airflow/example_dags/example_params_ui_tutorial.py for tasks to queue
[2025-10-08T08:45:16.701+0000] {logging_mixin.py:188} INFO - [2025-10-08T08:45:16.700+0000] {dagbag.py:545} INFO - Filling up the DagBag from /home/airflow/.local/lib/python3.12/site-packages/airflow/example_dags/example_params_ui_tutorial.py
[2025-10-08T08:45:16.715+0000] {processor.py:840} INFO - DAG(s) 'example_params_ui_tutorial' retrieved from /home/airflow/.local/lib/python3.12/site-packages/airflow/example_dags/example_params_ui_tutorial.py
[2025-10-08T08:45:16.637+0000] {logging_mixin.py:188} INFO - [2025-10-08T08:45:16.636+0000] {dag.py:3096} INFO - Sync 1 DAGs
[2025-10-08T08:45:16.650+0000] {logging_mixin.py:188} INFO - [2025-10-08T08:45:16.650+0000] {dag.py:3954} INFO - Setting next_dagrun for example_params_ui_tutorial to None, run_after=None
[2025-10-08T08:45:16.674+0000] {processor.py:183} INFO - Processing /home/airflow/.local/lib/python3.12/site-packages/airflow/example_dags/example_params_ui_tutorial.py took 0.118 seconds
[2025-10-08T08:45:46.977+0000] {processor.py:161} INFO - Started process (PID=4146) to work on /home/airflow/.local/lib/python3.12/site-packages/airflow/example_dags/example_params_ui_tutorial.py
[2025-10-08T08:45:46.978+0000] {processor.py:830} INFO - Processing file /home/airflow/.local/lib/python3.12/site-packages/airflow/example_dags/example_params_ui_tutorial.py for tasks to queue
[2025-10-08T08:45:46.982+0000] {logging_mixin.py:188} INFO - [2025-10-08T08:45:46.981+0000] {dagbag.py:545} INFO - Filling up the DagBag from /home/airflow/.local/lib/python3.12/site-packages/airflow/example_dags/example_params_ui_tutorial.py
[2025-10-08T08:45:46.998+0000] {processor.py:840} INFO - DAG(s) 'example_params_ui_tutorial' retrieved from /home/airflow/.local/lib/python3.12/site-packages/airflow/example_dags/example_params_ui_tutorial.py
[2025-10-08T08:45:47.052+0000] {logging_mixin.py:188} INFO - [2025-10-08T08:45:47.052+0000] {dag.py:3096} INFO - Sync 1 DAGs
[2025-10-08T08:45:47.068+0000] {logging_mixin.py:188} INFO - [2025-10-08T08:45:47.067+0000] {dag.py:3954} INFO - Setting next_dagrun for example_params_ui_tutorial to None, run_after=None
[2025-10-08T08:45:47.091+0000] {processor.py:183} INFO - Processing /home/airflow/.local/lib/python3.12/site-packages/airflow/example_dags/example_params_ui_tutorial.py took 0.122 seconds
[2025-10-08T08:46:17.523+0000] {processor.py:161} INFO - Started process (PID=4205) to work on /home/airflow/.local/lib/python3.12/site-packages/airflow/example_dags/example_params_ui_tutorial.py
[2025-10-08T08:46:17.524+0000] {processor.py:830} INFO - Processing file /home/airflow/.local/lib/python3.12/site-packages/airflow/example_dags/example_params_ui_tutorial.py for tasks to queue
[2025-10-08T08:46:17.527+0000] {logging_mixin.py:188} INFO - [2025-10-08T08:46:17.526+0000] {dagbag.py:545} INFO - Filling up the DagBag from /home/airflow/.local/lib/python3.12/site-packages/airflow/example_dags/example_params_ui_tutorial.py
[2025-10-08T08:46:17.540+0000] {processor.py:840} INFO - DAG(s) 'example_params_ui_tutorial' retrieved from /home/airflow/.local/lib/python3.12/site-packages/airflow/example_dags/example_params_ui_tutorial.py
[2025-10-08T08:46:17.596+0000] {logging_mixin.py:188} INFO - [2025-10-08T08:46:17.596+0000] {dag.py:3096} INFO - Sync 1 DAGs
[2025-10-08T08:46:17.609+0000] {logging_mixin.py:188} INFO - [2025-10-08T08:46:17.609+0000] {dag.py:3954} INFO - Setting next_dagrun for example_params_ui_tutorial to None, run_after=None
[2025-10-08T08:46:17.632+0000] {processor.py:183} INFO - Processing /home/airflow/.local/lib/python3.12/site-packages/airflow/example_dags/example_params_ui_tutorial.py took 0.116 seconds
[2025-10-08T08:46:48.062+0000] {processor.py:161} INFO - Started process (PID=4264) to work on /home/airflow/.local/lib/python3.12/site-packages/airflow/example_dags/example_params_ui_tutorial.py
[2025-10-08T08:46:48.064+0000] {processor.py:830} INFO - Processing file /home/airflow/.local/lib/python3.12/site-packages/airflow/example_dags/example_params_ui_tutorial.py for tasks to queue
[2025-10-08T08:46:48.068+0000] {logging_mixin.py:188} INFO - [2025-10-08T08:46:48.067+0000] {dagbag.py:545} INFO - Filling up the DagBag from /home/airflow/.local/lib/python3.12/site-packages/airflow/example_dags/example_params_ui_tutorial.py
[2025-10-08T08:46:48.084+0000] {processor.py:840} INFO - DAG(s) 'example_params_ui_tutorial' retrieved from /home/airflow/.local/lib/python3.12/site-packages/airflow/example_dags/example_params_ui_tutorial.py
[2025-10-08T08:46:48.145+0000] {logging_mixin.py:188} INFO - [2025-10-08T08:46:48.144+0000] {dag.py:3096} INFO - Sync 1 DAGs
[2025-10-08T08:46:48.168+0000] {logging_mixin.py:188} INFO - [2025-10-08T08:46:48.168+0000] {dag.py:3954} INFO - Setting next_dagrun for example_params_ui_tutorial to None, run_after=None
[2025-10-08T08:46:48.200+0000] {processor.py:183} INFO - Processing /home/airflow/.local/lib/python3.12/site-packages/airflow/example_dags/example_params_ui_tutorial.py took 0.145 seconds
[2025-10-08T08:47:18.458+0000] {processor.py:161} INFO - Started process (PID=4323) to work on /home/airflow/.local/lib/python3.12/site-packages/airflow/example_dags/example_params_ui_tutorial.py
[2025-10-08T08:47:18.461+0000] {processor.py:830} INFO - Processing file /home/airflow/.local/lib/python3.12/site-packages/airflow/example_dags/example_params_ui_tutorial.py for tasks to queue
[2025-10-08T08:47:18.468+0000] {logging_mixin.py:188} INFO - [2025-10-08T08:47:18.467+0000] {dagbag.py:545} INFO - Filling up the DagBag from /home/airflow/.local/lib/python3.12/site-packages/airflow/example_dags/example_params_ui_tutorial.py
[2025-10-08T08:47:18.494+0000] {processor.py:840} INFO - DAG(s) 'example_params_ui_tutorial' retrieved from /home/airflow/.local/lib/python3.12/site-packages/airflow/example_dags/example_params_ui_tutorial.py
[2025-10-08T08:47:18.579+0000] {logging_mixin.py:188} INFO - [2025-10-08T08:47:18.578+0000] {dag.py:3096} INFO - Sync 1 DAGs
[2025-10-08T08:47:18.604+0000] {logging_mixin.py:188} INFO - [2025-10-08T08:47:18.603+0000] {dag.py:3954} INFO - Setting next_dagrun for example_params_ui_tutorial to None, run_after=None
[2025-10-08T08:47:18.644+0000] {processor.py:183} INFO - Processing /home/airflow/.local/lib/python3.12/site-packages/airflow/example_dags/example_params_ui_tutorial.py took 0.198 seconds
[2025-10-08T08:47:49.408+0000] {processor.py:161} INFO - Started process (PID=4382) to work on /home/airflow/.local/lib/python3.12/site-packages/airflow/example_dags/example_params_ui_tutorial.py
[2025-10-08T08:47:49.410+0000] {processor.py:830} INFO - Processing file /home/airflow/.local/lib/python3.12/site-packages/airflow/example_dags/example_params_ui_tutorial.py for tasks to queue
[2025-10-08T08:47:49.414+0000] {logging_mixin.py:188} INFO - [2025-10-08T08:47:49.413+0000] {dagbag.py:545} INFO - Filling up the DagBag from /home/airflow/.local/lib/python3.12/site-packages/airflow/example_dags/example_params_ui_tutorial.py
[2025-10-08T08:47:49.429+0000] {processor.py:840} INFO - DAG(s) 'example_params_ui_tutorial' retrieved from /home/airflow/.local/lib/python3.12/site-packages/airflow/example_dags/example_params_ui_tutorial.py
[2025-10-08T08:47:49.489+0000] {logging_mixin.py:188} INFO - [2025-10-08T08:47:49.489+0000] {dag.py:3096} INFO - Sync 1 DAGs
[2025-10-08T08:47:49.505+0000] {logging_mixin.py:188} INFO - [2025-10-08T08:47:49.505+0000] {dag.py:3954} INFO - Setting next_dagrun for example_params_ui_tutorial to None, run_after=None
[2025-10-08T08:47:49.527+0000] {processor.py:183} INFO - Processing /home/airflow/.local/lib/python3.12/site-packages/airflow/example_dags/example_params_ui_tutorial.py took 0.128 seconds
[2025-10-08T08:48:19.704+0000] {processor.py:161} INFO - Started process (PID=4441) to work on /home/airflow/.local/lib/python3.12/site-packages/airflow/example_dags/example_params_ui_tutorial.py
[2025-10-08T08:48:19.705+0000] {processor.py:830} INFO - Processing file /home/airflow/.local/lib/python3.12/site-packages/airflow/example_dags/example_params_ui_tutorial.py for tasks to queue
[2025-10-08T08:48:19.709+0000] {logging_mixin.py:188} INFO - [2025-10-08T08:48:19.708+0000] {dagbag.py:545} INFO - Filling up the DagBag from /home/airflow/.local/lib/python3.12/site-packages/airflow/example_dags/example_params_ui_tutorial.py
[2025-10-08T08:48:19.726+0000] {processor.py:840} INFO - DAG(s) 'example_params_ui_tutorial' retrieved from /home/airflow/.local/lib/python3.12/site-packages/airflow/example_dags/example_params_ui_tutorial.py
[2025-10-08T08:48:19.785+0000] {logging_mixin.py:188} INFO - [2025-10-08T08:48:19.785+0000] {dag.py:3096} INFO - Sync 1 DAGs
[2025-10-08T08:48:19.800+0000] {logging_mixin.py:188} INFO - [2025-10-08T08:48:19.800+0000] {dag.py:3954} INFO - Setting next_dagrun for example_params_ui_tutorial to None, run_after=None
[2025-10-08T08:48:19.826+0000] {processor.py:183} INFO - Processing /home/airflow/.local/lib/python3.12/site-packages/airflow/example_dags/example_params_ui_tutorial.py took 0.131 seconds
[2025-10-08T08:48:50.634+0000] {processor.py:161} INFO - Started process (PID=4500) to work on /home/airflow/.local/lib/python3.12/site-packages/airflow/example_dags/example_params_ui_tutorial.py
[2025-10-08T08:48:50.636+0000] {processor.py:830} INFO - Processing file /home/airflow/.local/lib/python3.12/site-packages/airflow/example_dags/example_params_ui_tutorial.py for tasks to queue
[2025-10-08T08:48:50.655+0000] {logging_mixin.py:188} INFO - [2025-10-08T08:48:50.654+0000] {dagbag.py:545} INFO - Filling up the DagBag from /home/airflow/.local/lib/python3.12/site-packages/airflow/example_dags/example_params_ui_tutorial.py
[2025-10-08T08:48:50.707+0000] {processor.py:840} INFO - DAG(s) 'example_params_ui_tutorial' retrieved from /home/airflow/.local/lib/python3.12/site-packages/airflow/example_dags/example_params_ui_tutorial.py
[2025-10-08T08:48:50.871+0000] {logging_mixin.py:188} INFO - [2025-10-08T08:48:50.870+0000] {dag.py:3096} INFO - Sync 1 DAGs
[2025-10-08T08:48:50.889+0000] {logging_mixin.py:188} INFO - [2025-10-08T08:48:50.888+0000] {dag.py:3954} INFO - Setting next_dagrun for example_params_ui_tutorial to None, run_after=None
[2025-10-08T08:48:50.921+0000] {processor.py:183} INFO - Processing /home/airflow/.local/lib/python3.12/site-packages/airflow/example_dags/example_params_ui_tutorial.py took 0.309 seconds
[2025-10-08T08:49:21.095+0000] {processor.py:161} INFO - Started process (PID=4559) to work on /home/airflow/.local/lib/python3.12/site-packages/airflow/example_dags/example_params_ui_tutorial.py
[2025-10-08T08:49:21.096+0000] {processor.py:830} INFO - Processing file /home/airflow/.local/lib/python3.12/site-packages/airflow/example_dags/example_params_ui_tutorial.py for tasks to queue
[2025-10-08T08:49:21.099+0000] {logging_mixin.py:188} INFO - [2025-10-08T08:49:21.098+0000] {dagbag.py:545} INFO - Filling up the DagBag from /home/airflow/.local/lib/python3.12/site-packages/airflow/example_dags/example_params_ui_tutorial.py
[2025-10-08T08:49:21.112+0000] {processor.py:840} INFO - DAG(s) 'example_params_ui_tutorial' retrieved from /home/airflow/.local/lib/python3.12/site-packages/airflow/example_dags/example_params_ui_tutorial.py
[2025-10-08T08:49:21.176+0000] {logging_mixin.py:188} INFO - [2025-10-08T08:49:21.176+0000] {dag.py:3096} INFO - Sync 1 DAGs
[2025-10-08T08:49:21.192+0000] {logging_mixin.py:188} INFO - [2025-10-08T08:49:21.192+0000] {dag.py:3954} INFO - Setting next_dagrun for example_params_ui_tutorial to None, run_after=None
[2025-10-08T08:49:21.225+0000] {processor.py:183} INFO - Processing /home/airflow/.local/lib/python3.12/site-packages/airflow/example_dags/example_params_ui_tutorial.py took 0.138 seconds
[2025-10-08T08:49:51.327+0000] {processor.py:161} INFO - Started process (PID=4618) to work on /home/airflow/.local/lib/python3.12/site-packages/airflow/example_dags/example_params_ui_tutorial.py
[2025-10-08T08:49:51.329+0000] {processor.py:830} INFO - Processing file /home/airflow/.local/lib/python3.12/site-packages/airflow/example_dags/example_params_ui_tutorial.py for tasks to queue
[2025-10-08T08:49:51.333+0000] {logging_mixin.py:188} INFO - [2025-10-08T08:49:51.332+0000] {dagbag.py:545} INFO - Filling up the DagBag from /home/airflow/.local/lib/python3.12/site-packages/airflow/example_dags/example_params_ui_tutorial.py
[2025-10-08T08:49:51.352+0000] {processor.py:840} INFO - DAG(s) 'example_params_ui_tutorial' retrieved from /home/airflow/.local/lib/python3.12/site-packages/airflow/example_dags/example_params_ui_tutorial.py
[2025-10-08T08:49:51.434+0000] {logging_mixin.py:188} INFO - [2025-10-08T08:49:51.433+0000] {dag.py:3096} INFO - Sync 1 DAGs
[2025-10-08T08:49:51.455+0000] {logging_mixin.py:188} INFO - [2025-10-08T08:49:51.455+0000] {dag.py:3954} INFO - Setting next_dagrun for example_params_ui_tutorial to None, run_after=None
[2025-10-08T08:49:51.488+0000] {processor.py:183} INFO - Processing /home/airflow/.local/lib/python3.12/site-packages/airflow/example_dags/example_params_ui_tutorial.py took 0.173 seconds
[2025-10-08T08:50:21.821+0000] {processor.py:161} INFO - Started process (PID=4677) to work on /home/airflow/.local/lib/python3.12/site-packages/airflow/example_dags/example_params_ui_tutorial.py
[2025-10-08T08:50:21.822+0000] {processor.py:830} INFO - Processing file /home/airflow/.local/lib/python3.12/site-packages/airflow/example_dags/example_params_ui_tutorial.py for tasks to queue
[2025-10-08T08:50:21.826+0000] {logging_mixin.py:188} INFO - [2025-10-08T08:50:21.825+0000] {dagbag.py:545} INFO - Filling up the DagBag from /home/airflow/.local/lib/python3.12/site-packages/airflow/example_dags/example_params_ui_tutorial.py
[2025-10-08T08:50:21.842+0000] {processor.py:840} INFO - DAG(s) 'example_params_ui_tutorial' retrieved from /home/airflow/.local/lib/python3.12/site-packages/airflow/example_dags/example_params_ui_tutorial.py
[2025-10-08T08:50:21.893+0000] {logging_mixin.py:188} INFO - [2025-10-08T08:50:21.893+0000] {dag.py:3096} INFO - Sync 1 DAGs
[2025-10-08T08:50:21.908+0000] {logging_mixin.py:188} INFO - [2025-10-08T08:50:21.908+0000] {dag.py:3954} INFO - Setting next_dagrun for example_params_ui_tutorial to None, run_after=None
[2025-10-08T08:50:21.933+0000] {processor.py:183} INFO - Processing /home/airflow/.local/lib/python3.12/site-packages/airflow/example_dags/example_params_ui_tutorial.py took 0.120 seconds
[2025-10-08T08:50:52.294+0000] {processor.py:161} INFO - Started process (PID=4736) to work on /home/airflow/.local/lib/python3.12/site-packages/airflow/example_dags/example_params_ui_tutorial.py
[2025-10-08T08:50:52.296+0000] {processor.py:830} INFO - Processing file /home/airflow/.local/lib/python3.12/site-packages/airflow/example_dags/example_params_ui_tutorial.py for tasks to queue
[2025-10-08T08:50:52.298+0000] {logging_mixin.py:188} INFO - [2025-10-08T08:50:52.298+0000] {dagbag.py:545} INFO - Filling up the DagBag from /home/airflow/.local/lib/python3.12/site-packages/airflow/example_dags/example_params_ui_tutorial.py
[2025-10-08T08:50:52.312+0000] {processor.py:840} INFO - DAG(s) 'example_params_ui_tutorial' retrieved from /home/airflow/.local/lib/python3.12/site-packages/airflow/example_dags/example_params_ui_tutorial.py
[2025-10-08T08:50:52.365+0000] {logging_mixin.py:188} INFO - [2025-10-08T08:50:52.365+0000] {dag.py:3096} INFO - Sync 1 DAGs
[2025-10-08T08:50:52.380+0000] {logging_mixin.py:188} INFO - [2025-10-08T08:50:52.379+0000] {dag.py:3954} INFO - Setting next_dagrun for example_params_ui_tutorial to None, run_after=None
[2025-10-08T08:50:52.406+0000] {processor.py:183} INFO - Processing /home/airflow/.local/lib/python3.12/site-packages/airflow/example_dags/example_params_ui_tutorial.py took 0.118 seconds
[2025-10-08T08:52:24.048+0000] {processor.py:161} INFO - Started process (PID=72) to work on /home/airflow/.local/lib/python3.12/site-packages/airflow/example_dags/example_params_ui_tutorial.py
[2025-10-08T08:52:24.054+0000] {processor.py:830} INFO - Processing file /home/airflow/.local/lib/python3.12/site-packages/airflow/example_dags/example_params_ui_tutorial.py for tasks to queue
[2025-10-08T08:52:24.070+0000] {logging_mixin.py:188} INFO - [2025-10-08T08:52:24.067+0000] {dagbag.py:545} INFO - Filling up the DagBag from /home/airflow/.local/lib/python3.12/site-packages/airflow/example_dags/example_params_ui_tutorial.py
[2025-10-08T08:52:24.234+0000] {processor.py:840} INFO - DAG(s) 'example_params_ui_tutorial' retrieved from /home/airflow/.local/lib/python3.12/site-packages/airflow/example_dags/example_params_ui_tutorial.py
[2025-10-08T08:52:24.632+0000] {logging_mixin.py:188} INFO - [2025-10-08T08:52:24.632+0000] {dag.py:3096} INFO - Sync 1 DAGs
[2025-10-08T08:52:24.671+0000] {logging_mixin.py:188} INFO - [2025-10-08T08:52:24.670+0000] {dag.py:3954} INFO - Setting next_dagrun for example_params_ui_tutorial to None, run_after=None
[2025-10-08T08:52:24.733+0000] {processor.py:183} INFO - Processing /home/airflow/.local/lib/python3.12/site-packages/airflow/example_dags/example_params_ui_tutorial.py took 0.730 seconds
[2025-10-08T08:52:55.603+0000] {processor.py:161} INFO - Started process (PID=131) to work on /home/airflow/.local/lib/python3.12/site-packages/airflow/example_dags/example_params_ui_tutorial.py
[2025-10-08T08:52:55.605+0000] {processor.py:830} INFO - Processing file /home/airflow/.local/lib/python3.12/site-packages/airflow/example_dags/example_params_ui_tutorial.py for tasks to queue
[2025-10-08T08:52:55.608+0000] {logging_mixin.py:188} INFO - [2025-10-08T08:52:55.608+0000] {dagbag.py:545} INFO - Filling up the DagBag from /home/airflow/.local/lib/python3.12/site-packages/airflow/example_dags/example_params_ui_tutorial.py
[2025-10-08T08:52:55.626+0000] {processor.py:840} INFO - DAG(s) 'example_params_ui_tutorial' retrieved from /home/airflow/.local/lib/python3.12/site-packages/airflow/example_dags/example_params_ui_tutorial.py
[2025-10-08T08:52:55.703+0000] {logging_mixin.py:188} INFO - [2025-10-08T08:52:55.702+0000] {dag.py:3096} INFO - Sync 1 DAGs
[2025-10-08T08:52:55.725+0000] {logging_mixin.py:188} INFO - [2025-10-08T08:52:55.725+0000] {dag.py:3954} INFO - Setting next_dagrun for example_params_ui_tutorial to None, run_after=None
[2025-10-08T08:52:55.760+0000] {processor.py:183} INFO - Processing /home/airflow/.local/lib/python3.12/site-packages/airflow/example_dags/example_params_ui_tutorial.py took 0.164 seconds
[2025-10-08T08:53:25.856+0000] {processor.py:161} INFO - Started process (PID=190) to work on /home/airflow/.local/lib/python3.12/site-packages/airflow/example_dags/example_params_ui_tutorial.py
[2025-10-08T08:53:25.858+0000] {processor.py:830} INFO - Processing file /home/airflow/.local/lib/python3.12/site-packages/airflow/example_dags/example_params_ui_tutorial.py for tasks to queue
[2025-10-08T08:53:25.861+0000] {logging_mixin.py:188} INFO - [2025-10-08T08:53:25.861+0000] {dagbag.py:545} INFO - Filling up the DagBag from /home/airflow/.local/lib/python3.12/site-packages/airflow/example_dags/example_params_ui_tutorial.py
[2025-10-08T08:53:25.874+0000] {processor.py:840} INFO - DAG(s) 'example_params_ui_tutorial' retrieved from /home/airflow/.local/lib/python3.12/site-packages/airflow/example_dags/example_params_ui_tutorial.py
[2025-10-08T08:53:25.925+0000] {logging_mixin.py:188} INFO - [2025-10-08T08:53:25.925+0000] {dag.py:3096} INFO - Sync 1 DAGs
[2025-10-08T08:53:25.938+0000] {logging_mixin.py:188} INFO - [2025-10-08T08:53:25.938+0000] {dag.py:3954} INFO - Setting next_dagrun for example_params_ui_tutorial to None, run_after=None
[2025-10-08T08:53:25.965+0000] {processor.py:183} INFO - Processing /home/airflow/.local/lib/python3.12/site-packages/airflow/example_dags/example_params_ui_tutorial.py took 0.120 seconds
[2025-10-08T08:53:56.096+0000] {processor.py:161} INFO - Started process (PID=249) to work on /home/airflow/.local/lib/python3.12/site-packages/airflow/example_dags/example_params_ui_tutorial.py
[2025-10-08T08:53:56.098+0000] {processor.py:830} INFO - Processing file /home/airflow/.local/lib/python3.12/site-packages/airflow/example_dags/example_params_ui_tutorial.py for tasks to queue
[2025-10-08T08:53:56.101+0000] {logging_mixin.py:188} INFO - [2025-10-08T08:53:56.101+0000] {dagbag.py:545} INFO - Filling up the DagBag from /home/airflow/.local/lib/python3.12/site-packages/airflow/example_dags/example_params_ui_tutorial.py
[2025-10-08T08:53:56.115+0000] {processor.py:840} INFO - DAG(s) 'example_params_ui_tutorial' retrieved from /home/airflow/.local/lib/python3.12/site-packages/airflow/example_dags/example_params_ui_tutorial.py
[2025-10-08T08:53:56.181+0000] {logging_mixin.py:188} INFO - [2025-10-08T08:53:56.180+0000] {dag.py:3096} INFO - Sync 1 DAGs
[2025-10-08T08:53:56.226+0000] {logging_mixin.py:188} INFO - [2025-10-08T08:53:56.226+0000] {dag.py:3954} INFO - Setting next_dagrun for example_params_ui_tutorial to None, run_after=None
[2025-10-08T08:53:56.315+0000] {processor.py:183} INFO - Processing /home/airflow/.local/lib/python3.12/site-packages/airflow/example_dags/example_params_ui_tutorial.py took 0.222 seconds
[2025-10-08T08:54:27.422+0000] {processor.py:161} INFO - Started process (PID=308) to work on /home/airflow/.local/lib/python3.12/site-packages/airflow/example_dags/example_params_ui_tutorial.py
[2025-10-08T08:54:27.424+0000] {processor.py:830} INFO - Processing file /home/airflow/.local/lib/python3.12/site-packages/airflow/example_dags/example_params_ui_tutorial.py for tasks to queue
[2025-10-08T08:54:27.427+0000] {logging_mixin.py:188} INFO - [2025-10-08T08:54:27.426+0000] {dagbag.py:545} INFO - Filling up the DagBag from /home/airflow/.local/lib/python3.12/site-packages/airflow/example_dags/example_params_ui_tutorial.py
[2025-10-08T08:54:27.446+0000] {processor.py:840} INFO - DAG(s) 'example_params_ui_tutorial' retrieved from /home/airflow/.local/lib/python3.12/site-packages/airflow/example_dags/example_params_ui_tutorial.py
[2025-10-08T08:54:27.503+0000] {logging_mixin.py:188} INFO - [2025-10-08T08:54:27.503+0000] {dag.py:3096} INFO - Sync 1 DAGs
[2025-10-08T08:54:27.517+0000] {logging_mixin.py:188} INFO - [2025-10-08T08:54:27.517+0000] {dag.py:3954} INFO - Setting next_dagrun for example_params_ui_tutorial to None, run_after=None
[2025-10-08T08:54:27.545+0000] {processor.py:183} INFO - Processing /home/airflow/.local/lib/python3.12/site-packages/airflow/example_dags/example_params_ui_tutorial.py took 0.131 seconds
[2025-10-08T08:54:58.126+0000] {processor.py:161} INFO - Started process (PID=367) to work on /home/airflow/.local/lib/python3.12/site-packages/airflow/example_dags/example_params_ui_tutorial.py
[2025-10-08T08:54:58.128+0000] {processor.py:830} INFO - Processing file /home/airflow/.local/lib/python3.12/site-packages/airflow/example_dags/example_params_ui_tutorial.py for tasks to queue
[2025-10-08T08:54:58.131+0000] {logging_mixin.py:188} INFO - [2025-10-08T08:54:58.130+0000] {dagbag.py:545} INFO - Filling up the DagBag from /home/airflow/.local/lib/python3.12/site-packages/airflow/example_dags/example_params_ui_tutorial.py
[2025-10-08T08:54:58.148+0000] {processor.py:840} INFO - DAG(s) 'example_params_ui_tutorial' retrieved from /home/airflow/.local/lib/python3.12/site-packages/airflow/example_dags/example_params_ui_tutorial.py
[2025-10-08T08:54:58.233+0000] {logging_mixin.py:188} INFO - [2025-10-08T08:54:58.232+0000] {dag.py:3096} INFO - Sync 1 DAGs
[2025-10-08T08:54:58.248+0000] {logging_mixin.py:188} INFO - [2025-10-08T08:54:58.248+0000] {dag.py:3954} INFO - Setting next_dagrun for example_params_ui_tutorial to None, run_after=None
[2025-10-08T08:54:58.272+0000] {processor.py:183} INFO - Processing /home/airflow/.local/lib/python3.12/site-packages/airflow/example_dags/example_params_ui_tutorial.py took 0.153 seconds
[2025-10-08T08:55:29.271+0000] {processor.py:161} INFO - Started process (PID=426) to work on /home/airflow/.local/lib/python3.12/site-packages/airflow/example_dags/example_params_ui_tutorial.py
[2025-10-08T08:55:29.273+0000] {processor.py:830} INFO - Processing file /home/airflow/.local/lib/python3.12/site-packages/airflow/example_dags/example_params_ui_tutorial.py for tasks to queue
[2025-10-08T08:55:29.276+0000] {logging_mixin.py:188} INFO - [2025-10-08T08:55:29.276+0000] {dagbag.py:545} INFO - Filling up the DagBag from /home/airflow/.local/lib/python3.12/site-packages/airflow/example_dags/example_params_ui_tutorial.py
[2025-10-08T08:55:29.307+0000] {processor.py:840} INFO - DAG(s) 'example_params_ui_tutorial' retrieved from /home/airflow/.local/lib/python3.12/site-packages/airflow/example_dags/example_params_ui_tutorial.py
[2025-10-08T08:55:29.404+0000] {logging_mixin.py:188} INFO - [2025-10-08T08:55:29.403+0000] {dag.py:3096} INFO - Sync 1 DAGs
[2025-10-08T08:55:29.429+0000] {logging_mixin.py:188} INFO - [2025-10-08T08:55:29.429+0000] {dag.py:3954} INFO - Setting next_dagrun for example_params_ui_tutorial to None, run_after=None
[2025-10-08T08:55:29.471+0000] {processor.py:183} INFO - Processing /home/airflow/.local/lib/python3.12/site-packages/airflow/example_dags/example_params_ui_tutorial.py took 0.211 seconds
[2025-10-08T08:56:00.142+0000] {processor.py:161} INFO - Started process (PID=485) to work on /home/airflow/.local/lib/python3.12/site-packages/airflow/example_dags/example_params_ui_tutorial.py
[2025-10-08T08:56:00.144+0000] {processor.py:830} INFO - Processing file /home/airflow/.local/lib/python3.12/site-packages/airflow/example_dags/example_params_ui_tutorial.py for tasks to queue
[2025-10-08T08:56:00.148+0000] {logging_mixin.py:188} INFO - [2025-10-08T08:56:00.148+0000] {dagbag.py:545} INFO - Filling up the DagBag from /home/airflow/.local/lib/python3.12/site-packages/airflow/example_dags/example_params_ui_tutorial.py
[2025-10-08T08:56:00.169+0000] {processor.py:840} INFO - DAG(s) 'example_params_ui_tutorial' retrieved from /home/airflow/.local/lib/python3.12/site-packages/airflow/example_dags/example_params_ui_tutorial.py
[2025-10-08T08:56:00.258+0000] {logging_mixin.py:188} INFO - [2025-10-08T08:56:00.257+0000] {dag.py:3096} INFO - Sync 1 DAGs
[2025-10-08T08:56:00.288+0000] {logging_mixin.py:188} INFO - [2025-10-08T08:56:00.287+0000] {dag.py:3954} INFO - Setting next_dagrun for example_params_ui_tutorial to None, run_after=None
[2025-10-08T08:56:00.333+0000] {processor.py:183} INFO - Processing /home/airflow/.local/lib/python3.12/site-packages/airflow/example_dags/example_params_ui_tutorial.py took 0.200 seconds
[2025-10-08T08:56:31.031+0000] {processor.py:161} INFO - Started process (PID=544) to work on /home/airflow/.local/lib/python3.12/site-packages/airflow/example_dags/example_params_ui_tutorial.py
[2025-10-08T08:56:31.032+0000] {processor.py:830} INFO - Processing file /home/airflow/.local/lib/python3.12/site-packages/airflow/example_dags/example_params_ui_tutorial.py for tasks to queue
[2025-10-08T08:56:31.035+0000] {logging_mixin.py:188} INFO - [2025-10-08T08:56:31.034+0000] {dagbag.py:545} INFO - Filling up the DagBag from /home/airflow/.local/lib/python3.12/site-packages/airflow/example_dags/example_params_ui_tutorial.py
[2025-10-08T08:56:31.053+0000] {processor.py:840} INFO - DAG(s) 'example_params_ui_tutorial' retrieved from /home/airflow/.local/lib/python3.12/site-packages/airflow/example_dags/example_params_ui_tutorial.py
[2025-10-08T08:56:31.109+0000] {logging_mixin.py:188} INFO - [2025-10-08T08:56:31.109+0000] {dag.py:3096} INFO - Sync 1 DAGs
[2025-10-08T08:56:31.128+0000] {logging_mixin.py:188} INFO - [2025-10-08T08:56:31.127+0000] {dag.py:3954} INFO - Setting next_dagrun for example_params_ui_tutorial to None, run_after=None
[2025-10-08T08:56:31.161+0000] {processor.py:183} INFO - Processing /home/airflow/.local/lib/python3.12/site-packages/airflow/example_dags/example_params_ui_tutorial.py took 0.138 seconds
[2025-10-08T08:57:01.455+0000] {processor.py:161} INFO - Started process (PID=603) to work on /home/airflow/.local/lib/python3.12/site-packages/airflow/example_dags/example_params_ui_tutorial.py
[2025-10-08T08:57:01.457+0000] {processor.py:830} INFO - Processing file /home/airflow/.local/lib/python3.12/site-packages/airflow/example_dags/example_params_ui_tutorial.py for tasks to queue
[2025-10-08T08:57:01.461+0000] {logging_mixin.py:188} INFO - [2025-10-08T08:57:01.461+0000] {dagbag.py:545} INFO - Filling up the DagBag from /home/airflow/.local/lib/python3.12/site-packages/airflow/example_dags/example_params_ui_tutorial.py
[2025-10-08T08:57:01.496+0000] {processor.py:840} INFO - DAG(s) 'example_params_ui_tutorial' retrieved from /home/airflow/.local/lib/python3.12/site-packages/airflow/example_dags/example_params_ui_tutorial.py
[2025-10-08T08:57:01.561+0000] {logging_mixin.py:188} INFO - [2025-10-08T08:57:01.561+0000] {dag.py:3096} INFO - Sync 1 DAGs
[2025-10-08T08:57:01.580+0000] {logging_mixin.py:188} INFO - [2025-10-08T08:57:01.579+0000] {dag.py:3954} INFO - Setting next_dagrun for example_params_ui_tutorial to None, run_after=None
[2025-10-08T08:57:01.606+0000] {processor.py:183} INFO - Processing /home/airflow/.local/lib/python3.12/site-packages/airflow/example_dags/example_params_ui_tutorial.py took 0.158 seconds
[2025-10-08T08:57:31.965+0000] {processor.py:161} INFO - Started process (PID=662) to work on /home/airflow/.local/lib/python3.12/site-packages/airflow/example_dags/example_params_ui_tutorial.py
[2025-10-08T08:57:31.968+0000] {processor.py:830} INFO - Processing file /home/airflow/.local/lib/python3.12/site-packages/airflow/example_dags/example_params_ui_tutorial.py for tasks to queue
[2025-10-08T08:57:31.970+0000] {logging_mixin.py:188} INFO - [2025-10-08T08:57:31.970+0000] {dagbag.py:545} INFO - Filling up the DagBag from /home/airflow/.local/lib/python3.12/site-packages/airflow/example_dags/example_params_ui_tutorial.py
[2025-10-08T08:57:31.991+0000] {processor.py:840} INFO - DAG(s) 'example_params_ui_tutorial' retrieved from /home/airflow/.local/lib/python3.12/site-packages/airflow/example_dags/example_params_ui_tutorial.py
[2025-10-08T08:57:32.052+0000] {logging_mixin.py:188} INFO - [2025-10-08T08:57:32.051+0000] {dag.py:3096} INFO - Sync 1 DAGs
[2025-10-08T08:57:32.067+0000] {logging_mixin.py:188} INFO - [2025-10-08T08:57:32.066+0000] {dag.py:3954} INFO - Setting next_dagrun for example_params_ui_tutorial to None, run_after=None
[2025-10-08T08:57:32.106+0000] {processor.py:183} INFO - Processing /home/airflow/.local/lib/python3.12/site-packages/airflow/example_dags/example_params_ui_tutorial.py took 0.151 seconds
[2025-10-08T08:58:02.234+0000] {processor.py:161} INFO - Started process (PID=721) to work on /home/airflow/.local/lib/python3.12/site-packages/airflow/example_dags/example_params_ui_tutorial.py
[2025-10-08T08:58:02.236+0000] {processor.py:830} INFO - Processing file /home/airflow/.local/lib/python3.12/site-packages/airflow/example_dags/example_params_ui_tutorial.py for tasks to queue
[2025-10-08T08:58:02.239+0000] {logging_mixin.py:188} INFO - [2025-10-08T08:58:02.238+0000] {dagbag.py:545} INFO - Filling up the DagBag from /home/airflow/.local/lib/python3.12/site-packages/airflow/example_dags/example_params_ui_tutorial.py
[2025-10-08T08:58:02.253+0000] {processor.py:840} INFO - DAG(s) 'example_params_ui_tutorial' retrieved from /home/airflow/.local/lib/python3.12/site-packages/airflow/example_dags/example_params_ui_tutorial.py
[2025-10-08T08:58:02.310+0000] {logging_mixin.py:188} INFO - [2025-10-08T08:58:02.310+0000] {dag.py:3096} INFO - Sync 1 DAGs
[2025-10-08T08:58:02.324+0000] {logging_mixin.py:188} INFO - [2025-10-08T08:58:02.324+0000] {dag.py:3954} INFO - Setting next_dagrun for example_params_ui_tutorial to None, run_after=None
[2025-10-08T08:58:02.348+0000] {processor.py:183} INFO - Processing /home/airflow/.local/lib/python3.12/site-packages/airflow/example_dags/example_params_ui_tutorial.py took 0.121 seconds
[2025-10-08T08:58:32.637+0000] {processor.py:161} INFO - Started process (PID=780) to work on /home/airflow/.local/lib/python3.12/site-packages/airflow/example_dags/example_params_ui_tutorial.py
[2025-10-08T08:58:32.639+0000] {processor.py:830} INFO - Processing file /home/airflow/.local/lib/python3.12/site-packages/airflow/example_dags/example_params_ui_tutorial.py for tasks to queue
[2025-10-08T08:58:32.642+0000] {logging_mixin.py:188} INFO - [2025-10-08T08:58:32.642+0000] {dagbag.py:545} INFO - Filling up the DagBag from /home/airflow/.local/lib/python3.12/site-packages/airflow/example_dags/example_params_ui_tutorial.py
[2025-10-08T08:58:32.659+0000] {processor.py:840} INFO - DAG(s) 'example_params_ui_tutorial' retrieved from /home/airflow/.local/lib/python3.12/site-packages/airflow/example_dags/example_params_ui_tutorial.py
[2025-10-08T08:58:32.725+0000] {logging_mixin.py:188} INFO - [2025-10-08T08:58:32.724+0000] {dag.py:3096} INFO - Sync 1 DAGs
[2025-10-08T08:58:32.740+0000] {logging_mixin.py:188} INFO - [2025-10-08T08:58:32.740+0000] {dag.py:3954} INFO - Setting next_dagrun for example_params_ui_tutorial to None, run_after=None
[2025-10-08T08:58:32.761+0000] {processor.py:183} INFO - Processing /home/airflow/.local/lib/python3.12/site-packages/airflow/example_dags/example_params_ui_tutorial.py took 0.132 seconds
[2025-10-08T08:59:02.926+0000] {processor.py:161} INFO - Started process (PID=839) to work on /home/airflow/.local/lib/python3.12/site-packages/airflow/example_dags/example_params_ui_tutorial.py
[2025-10-08T08:59:02.928+0000] {processor.py:830} INFO - Processing file /home/airflow/.local/lib/python3.12/site-packages/airflow/example_dags/example_params_ui_tutorial.py for tasks to queue
[2025-10-08T08:59:02.930+0000] {logging_mixin.py:188} INFO - [2025-10-08T08:59:02.930+0000] {dagbag.py:545} INFO - Filling up the DagBag from /home/airflow/.local/lib/python3.12/site-packages/airflow/example_dags/example_params_ui_tutorial.py
[2025-10-08T08:59:02.944+0000] {processor.py:840} INFO - DAG(s) 'example_params_ui_tutorial' retrieved from /home/airflow/.local/lib/python3.12/site-packages/airflow/example_dags/example_params_ui_tutorial.py
[2025-10-08T08:59:02.998+0000] {logging_mixin.py:188} INFO - [2025-10-08T08:59:02.998+0000] {dag.py:3096} INFO - Sync 1 DAGs
[2025-10-08T08:59:03.015+0000] {logging_mixin.py:188} INFO - [2025-10-08T08:59:03.014+0000] {dag.py:3954} INFO - Setting next_dagrun for example_params_ui_tutorial to None, run_after=None
[2025-10-08T08:59:03.042+0000] {processor.py:183} INFO - Processing /home/airflow/.local/lib/python3.12/site-packages/airflow/example_dags/example_params_ui_tutorial.py took 0.122 seconds
[2025-10-08T08:59:33.295+0000] {processor.py:161} INFO - Started process (PID=898) to work on /home/airflow/.local/lib/python3.12/site-packages/airflow/example_dags/example_params_ui_tutorial.py
[2025-10-08T08:59:33.298+0000] {processor.py:830} INFO - Processing file /home/airflow/.local/lib/python3.12/site-packages/airflow/example_dags/example_params_ui_tutorial.py for tasks to queue
[2025-10-08T08:59:33.301+0000] {logging_mixin.py:188} INFO - [2025-10-08T08:59:33.301+0000] {dagbag.py:545} INFO - Filling up the DagBag from /home/airflow/.local/lib/python3.12/site-packages/airflow/example_dags/example_params_ui_tutorial.py
[2025-10-08T08:59:33.324+0000] {processor.py:840} INFO - DAG(s) 'example_params_ui_tutorial' retrieved from /home/airflow/.local/lib/python3.12/site-packages/airflow/example_dags/example_params_ui_tutorial.py
[2025-10-08T08:59:33.414+0000] {logging_mixin.py:188} INFO - [2025-10-08T08:59:33.414+0000] {dag.py:3096} INFO - Sync 1 DAGs
[2025-10-08T08:59:33.436+0000] {logging_mixin.py:188} INFO - [2025-10-08T08:59:33.435+0000] {dag.py:3954} INFO - Setting next_dagrun for example_params_ui_tutorial to None, run_after=None
[2025-10-08T08:59:33.467+0000] {processor.py:183} INFO - Processing /home/airflow/.local/lib/python3.12/site-packages/airflow/example_dags/example_params_ui_tutorial.py took 0.184 seconds
[2025-10-08T09:00:03.562+0000] {processor.py:161} INFO - Started process (PID=957) to work on /home/airflow/.local/lib/python3.12/site-packages/airflow/example_dags/example_params_ui_tutorial.py
[2025-10-08T09:00:03.564+0000] {processor.py:830} INFO - Processing file /home/airflow/.local/lib/python3.12/site-packages/airflow/example_dags/example_params_ui_tutorial.py for tasks to queue
[2025-10-08T09:00:03.567+0000] {logging_mixin.py:188} INFO - [2025-10-08T09:00:03.567+0000] {dagbag.py:545} INFO - Filling up the DagBag from /home/airflow/.local/lib/python3.12/site-packages/airflow/example_dags/example_params_ui_tutorial.py
[2025-10-08T09:00:03.586+0000] {processor.py:840} INFO - DAG(s) 'example_params_ui_tutorial' retrieved from /home/airflow/.local/lib/python3.12/site-packages/airflow/example_dags/example_params_ui_tutorial.py
[2025-10-08T09:00:03.657+0000] {logging_mixin.py:188} INFO - [2025-10-08T09:00:03.656+0000] {dag.py:3096} INFO - Sync 1 DAGs
[2025-10-08T09:00:03.674+0000] {logging_mixin.py:188} INFO - [2025-10-08T09:00:03.673+0000] {dag.py:3954} INFO - Setting next_dagrun for example_params_ui_tutorial to None, run_after=None
[2025-10-08T09:00:03.702+0000] {processor.py:183} INFO - Processing /home/airflow/.local/lib/python3.12/site-packages/airflow/example_dags/example_params_ui_tutorial.py took 0.149 seconds
[2025-10-08T09:00:34.009+0000] {processor.py:161} INFO - Started process (PID=1016) to work on /home/airflow/.local/lib/python3.12/site-packages/airflow/example_dags/example_params_ui_tutorial.py
[2025-10-08T09:00:34.011+0000] {processor.py:830} INFO - Processing file /home/airflow/.local/lib/python3.12/site-packages/airflow/example_dags/example_params_ui_tutorial.py for tasks to queue
[2025-10-08T09:00:34.014+0000] {logging_mixin.py:188} INFO - [2025-10-08T09:00:34.014+0000] {dagbag.py:545} INFO - Filling up the DagBag from /home/airflow/.local/lib/python3.12/site-packages/airflow/example_dags/example_params_ui_tutorial.py
[2025-10-08T09:00:34.033+0000] {processor.py:840} INFO - DAG(s) 'example_params_ui_tutorial' retrieved from /home/airflow/.local/lib/python3.12/site-packages/airflow/example_dags/example_params_ui_tutorial.py
[2025-10-08T09:00:34.110+0000] {logging_mixin.py:188} INFO - [2025-10-08T09:00:34.109+0000] {dag.py:3096} INFO - Sync 1 DAGs
[2025-10-08T09:00:34.131+0000] {logging_mixin.py:188} INFO - [2025-10-08T09:00:34.131+0000] {dag.py:3954} INFO - Setting next_dagrun for example_params_ui_tutorial to None, run_after=None
[2025-10-08T09:00:34.172+0000] {processor.py:183} INFO - Processing /home/airflow/.local/lib/python3.12/site-packages/airflow/example_dags/example_params_ui_tutorial.py took 0.171 seconds
[2025-10-08T09:01:04.358+0000] {processor.py:161} INFO - Started process (PID=1075) to work on /home/airflow/.local/lib/python3.12/site-packages/airflow/example_dags/example_params_ui_tutorial.py
[2025-10-08T09:01:04.360+0000] {processor.py:830} INFO - Processing file /home/airflow/.local/lib/python3.12/site-packages/airflow/example_dags/example_params_ui_tutorial.py for tasks to queue
[2025-10-08T09:01:04.364+0000] {logging_mixin.py:188} INFO - [2025-10-08T09:01:04.364+0000] {dagbag.py:545} INFO - Filling up the DagBag from /home/airflow/.local/lib/python3.12/site-packages/airflow/example_dags/example_params_ui_tutorial.py
[2025-10-08T09:01:04.380+0000] {processor.py:840} INFO - DAG(s) 'example_params_ui_tutorial' retrieved from /home/airflow/.local/lib/python3.12/site-packages/airflow/example_dags/example_params_ui_tutorial.py
[2025-10-08T09:01:04.437+0000] {logging_mixin.py:188} INFO - [2025-10-08T09:01:04.436+0000] {dag.py:3096} INFO - Sync 1 DAGs
[2025-10-08T09:01:04.453+0000] {logging_mixin.py:188} INFO - [2025-10-08T09:01:04.453+0000] {dag.py:3954} INFO - Setting next_dagrun for example_params_ui_tutorial to None, run_after=None
[2025-10-08T09:01:04.479+0000] {processor.py:183} INFO - Processing /home/airflow/.local/lib/python3.12/site-packages/airflow/example_dags/example_params_ui_tutorial.py took 0.130 seconds
[2025-10-08T09:01:34.747+0000] {processor.py:161} INFO - Started process (PID=1134) to work on /home/airflow/.local/lib/python3.12/site-packages/airflow/example_dags/example_params_ui_tutorial.py
[2025-10-08T09:01:34.749+0000] {processor.py:830} INFO - Processing file /home/airflow/.local/lib/python3.12/site-packages/airflow/example_dags/example_params_ui_tutorial.py for tasks to queue
[2025-10-08T09:01:34.752+0000] {logging_mixin.py:188} INFO - [2025-10-08T09:01:34.752+0000] {dagbag.py:545} INFO - Filling up the DagBag from /home/airflow/.local/lib/python3.12/site-packages/airflow/example_dags/example_params_ui_tutorial.py
[2025-10-08T09:01:34.779+0000] {processor.py:840} INFO - DAG(s) 'example_params_ui_tutorial' retrieved from /home/airflow/.local/lib/python3.12/site-packages/airflow/example_dags/example_params_ui_tutorial.py
[2025-10-08T09:01:34.841+0000] {logging_mixin.py:188} INFO - [2025-10-08T09:01:34.841+0000] {dag.py:3096} INFO - Sync 1 DAGs
[2025-10-08T09:01:34.857+0000] {logging_mixin.py:188} INFO - [2025-10-08T09:01:34.857+0000] {dag.py:3954} INFO - Setting next_dagrun for example_params_ui_tutorial to None, run_after=None
[2025-10-08T09:01:34.887+0000] {processor.py:183} INFO - Processing /home/airflow/.local/lib/python3.12/site-packages/airflow/example_dags/example_params_ui_tutorial.py took 0.151 seconds
[2025-10-08T09:02:05.567+0000] {processor.py:161} INFO - Started process (PID=1193) to work on /home/airflow/.local/lib/python3.12/site-packages/airflow/example_dags/example_params_ui_tutorial.py
[2025-10-08T09:02:05.570+0000] {processor.py:830} INFO - Processing file /home/airflow/.local/lib/python3.12/site-packages/airflow/example_dags/example_params_ui_tutorial.py for tasks to queue
[2025-10-08T09:02:05.575+0000] {logging_mixin.py:188} INFO - [2025-10-08T09:02:05.574+0000] {dagbag.py:545} INFO - Filling up the DagBag from /home/airflow/.local/lib/python3.12/site-packages/airflow/example_dags/example_params_ui_tutorial.py
[2025-10-08T09:02:05.598+0000] {processor.py:840} INFO - DAG(s) 'example_params_ui_tutorial' retrieved from /home/airflow/.local/lib/python3.12/site-packages/airflow/example_dags/example_params_ui_tutorial.py
[2025-10-08T09:02:05.664+0000] {logging_mixin.py:188} INFO - [2025-10-08T09:02:05.664+0000] {dag.py:3096} INFO - Sync 1 DAGs
[2025-10-08T09:02:05.680+0000] {logging_mixin.py:188} INFO - [2025-10-08T09:02:05.679+0000] {dag.py:3954} INFO - Setting next_dagrun for example_params_ui_tutorial to None, run_after=None
[2025-10-08T09:02:05.711+0000] {processor.py:183} INFO - Processing /home/airflow/.local/lib/python3.12/site-packages/airflow/example_dags/example_params_ui_tutorial.py took 0.158 seconds
[2025-10-08T09:02:36.070+0000] {processor.py:161} INFO - Started process (PID=1252) to work on /home/airflow/.local/lib/python3.12/site-packages/airflow/example_dags/example_params_ui_tutorial.py
[2025-10-08T09:02:36.073+0000] {processor.py:830} INFO - Processing file /home/airflow/.local/lib/python3.12/site-packages/airflow/example_dags/example_params_ui_tutorial.py for tasks to queue
[2025-10-08T09:02:36.075+0000] {logging_mixin.py:188} INFO - [2025-10-08T09:02:36.075+0000] {dagbag.py:545} INFO - Filling up the DagBag from /home/airflow/.local/lib/python3.12/site-packages/airflow/example_dags/example_params_ui_tutorial.py
[2025-10-08T09:02:36.089+0000] {processor.py:840} INFO - DAG(s) 'example_params_ui_tutorial' retrieved from /home/airflow/.local/lib/python3.12/site-packages/airflow/example_dags/example_params_ui_tutorial.py
[2025-10-08T09:02:36.227+0000] {logging_mixin.py:188} INFO - [2025-10-08T09:02:36.226+0000] {dag.py:3096} INFO - Sync 1 DAGs
[2025-10-08T09:02:36.243+0000] {logging_mixin.py:188} INFO - [2025-10-08T09:02:36.242+0000] {dag.py:3954} INFO - Setting next_dagrun for example_params_ui_tutorial to None, run_after=None
[2025-10-08T09:02:36.582+0000] {processor.py:183} INFO - Processing /home/airflow/.local/lib/python3.12/site-packages/airflow/example_dags/example_params_ui_tutorial.py took 0.519 seconds
[2025-10-08T09:03:07.176+0000] {processor.py:161} INFO - Started process (PID=1311) to work on /home/airflow/.local/lib/python3.12/site-packages/airflow/example_dags/example_params_ui_tutorial.py
[2025-10-08T09:03:07.178+0000] {processor.py:830} INFO - Processing file /home/airflow/.local/lib/python3.12/site-packages/airflow/example_dags/example_params_ui_tutorial.py for tasks to queue
[2025-10-08T09:03:07.181+0000] {logging_mixin.py:188} INFO - [2025-10-08T09:03:07.180+0000] {dagbag.py:545} INFO - Filling up the DagBag from /home/airflow/.local/lib/python3.12/site-packages/airflow/example_dags/example_params_ui_tutorial.py
[2025-10-08T09:03:07.196+0000] {processor.py:840} INFO - DAG(s) 'example_params_ui_tutorial' retrieved from /home/airflow/.local/lib/python3.12/site-packages/airflow/example_dags/example_params_ui_tutorial.py
[2025-10-08T09:03:07.263+0000] {logging_mixin.py:188} INFO - [2025-10-08T09:03:07.262+0000] {dag.py:3096} INFO - Sync 1 DAGs
[2025-10-08T09:03:07.280+0000] {logging_mixin.py:188} INFO - [2025-10-08T09:03:07.279+0000] {dag.py:3954} INFO - Setting next_dagrun for example_params_ui_tutorial to None, run_after=None
[2025-10-08T09:03:07.310+0000] {processor.py:183} INFO - Processing /home/airflow/.local/lib/python3.12/site-packages/airflow/example_dags/example_params_ui_tutorial.py took 0.141 seconds
[2025-10-08T09:03:37.741+0000] {processor.py:161} INFO - Started process (PID=1370) to work on /home/airflow/.local/lib/python3.12/site-packages/airflow/example_dags/example_params_ui_tutorial.py
[2025-10-08T09:03:37.744+0000] {processor.py:830} INFO - Processing file /home/airflow/.local/lib/python3.12/site-packages/airflow/example_dags/example_params_ui_tutorial.py for tasks to queue
[2025-10-08T09:03:37.747+0000] {logging_mixin.py:188} INFO - [2025-10-08T09:03:37.747+0000] {dagbag.py:545} INFO - Filling up the DagBag from /home/airflow/.local/lib/python3.12/site-packages/airflow/example_dags/example_params_ui_tutorial.py
[2025-10-08T09:03:37.767+0000] {processor.py:840} INFO - DAG(s) 'example_params_ui_tutorial' retrieved from /home/airflow/.local/lib/python3.12/site-packages/airflow/example_dags/example_params_ui_tutorial.py
[2025-10-08T09:03:37.843+0000] {logging_mixin.py:188} INFO - [2025-10-08T09:03:37.842+0000] {dag.py:3096} INFO - Sync 1 DAGs
[2025-10-08T09:03:37.859+0000] {logging_mixin.py:188} INFO - [2025-10-08T09:03:37.859+0000] {dag.py:3954} INFO - Setting next_dagrun for example_params_ui_tutorial to None, run_after=None
[2025-10-08T09:03:38.063+0000] {processor.py:183} INFO - Processing /home/airflow/.local/lib/python3.12/site-packages/airflow/example_dags/example_params_ui_tutorial.py took 0.331 seconds
[2025-10-08T09:04:08.491+0000] {processor.py:161} INFO - Started process (PID=1429) to work on /home/airflow/.local/lib/python3.12/site-packages/airflow/example_dags/example_params_ui_tutorial.py
[2025-10-08T09:04:08.494+0000] {processor.py:830} INFO - Processing file /home/airflow/.local/lib/python3.12/site-packages/airflow/example_dags/example_params_ui_tutorial.py for tasks to queue
[2025-10-08T09:04:08.498+0000] {logging_mixin.py:188} INFO - [2025-10-08T09:04:08.497+0000] {dagbag.py:545} INFO - Filling up the DagBag from /home/airflow/.local/lib/python3.12/site-packages/airflow/example_dags/example_params_ui_tutorial.py
[2025-10-08T09:04:08.519+0000] {processor.py:840} INFO - DAG(s) 'example_params_ui_tutorial' retrieved from /home/airflow/.local/lib/python3.12/site-packages/airflow/example_dags/example_params_ui_tutorial.py
[2025-10-08T09:04:08.601+0000] {logging_mixin.py:188} INFO - [2025-10-08T09:04:08.601+0000] {dag.py:3096} INFO - Sync 1 DAGs
[2025-10-08T09:04:08.622+0000] {logging_mixin.py:188} INFO - [2025-10-08T09:04:08.622+0000] {dag.py:3954} INFO - Setting next_dagrun for example_params_ui_tutorial to None, run_after=None
[2025-10-08T09:04:08.653+0000] {processor.py:183} INFO - Processing /home/airflow/.local/lib/python3.12/site-packages/airflow/example_dags/example_params_ui_tutorial.py took 0.174 seconds
