[2025-10-08T08:03:05.923+0000] {processor.py:161} INFO - Started process (PID=114) to work on /home/airflow/.local/lib/python3.12/site-packages/airflow/example_dags/example_kubernetes_executor.py
[2025-10-08T08:03:05.925+0000] {processor.py:830} INFO - Processing file /home/airflow/.local/lib/python3.12/site-packages/airflow/example_dags/example_kubernetes_executor.py for tasks to queue
[2025-10-08T08:03:05.929+0000] {logging_mixin.py:188} INFO - [2025-10-08T08:03:05.928+0000] {dagbag.py:545} INFO - Filling up the DagBag from /home/airflow/.local/lib/python3.12/site-packages/airflow/example_dags/example_kubernetes_executor.py
[2025-10-08T08:03:06.066+0000] {processor.py:840} INFO - DAG(s) 'example_kubernetes_executor' retrieved from /home/airflow/.local/lib/python3.12/site-packages/airflow/example_dags/example_kubernetes_executor.py
[2025-10-08T08:03:07.161+0000] {logging_mixin.py:188} INFO - [2025-10-08T08:03:07.159+0000] {override.py:1829} INFO - Created Permission View: can edit on DAG:example_kubernetes_executor
[2025-10-08T08:03:07.214+0000] {logging_mixin.py:188} INFO - [2025-10-08T08:03:07.213+0000] {override.py:1829} INFO - Created Permission View: can delete on DAG:example_kubernetes_executor
[2025-10-08T08:03:07.249+0000] {logging_mixin.py:188} INFO - [2025-10-08T08:03:07.248+0000] {override.py:1829} INFO - Created Permission View: can read on DAG:example_kubernetes_executor
[2025-10-08T08:03:07.268+0000] {logging_mixin.py:188} INFO - [2025-10-08T08:03:07.267+0000] {dag.py:3096} INFO - Sync 1 DAGs
[2025-10-08T08:03:07.315+0000] {logging_mixin.py:188} INFO - [2025-10-08T08:03:07.315+0000] {dag.py:3118} INFO - Creating ORM DAG for example_kubernetes_executor
[2025-10-08T08:03:07.331+0000] {logging_mixin.py:188} INFO - [2025-10-08T08:03:07.330+0000] {dag.py:3954} INFO - Setting next_dagrun for example_kubernetes_executor to None, run_after=None
[2025-10-08T08:03:07.378+0000] {processor.py:183} INFO - Processing /home/airflow/.local/lib/python3.12/site-packages/airflow/example_dags/example_kubernetes_executor.py took 1.466 seconds
[2025-10-08T08:03:37.797+0000] {processor.py:161} INFO - Started process (PID=172) to work on /home/airflow/.local/lib/python3.12/site-packages/airflow/example_dags/example_kubernetes_executor.py
[2025-10-08T08:03:37.798+0000] {processor.py:830} INFO - Processing file /home/airflow/.local/lib/python3.12/site-packages/airflow/example_dags/example_kubernetes_executor.py for tasks to queue
[2025-10-08T08:03:37.801+0000] {logging_mixin.py:188} INFO - [2025-10-08T08:03:37.801+0000] {dagbag.py:545} INFO - Filling up the DagBag from /home/airflow/.local/lib/python3.12/site-packages/airflow/example_dags/example_kubernetes_executor.py
[2025-10-08T08:03:37.817+0000] {processor.py:840} INFO - DAG(s) 'example_kubernetes_executor' retrieved from /home/airflow/.local/lib/python3.12/site-packages/airflow/example_dags/example_kubernetes_executor.py
[2025-10-08T08:03:37.872+0000] {logging_mixin.py:188} INFO - [2025-10-08T08:03:37.871+0000] {dag.py:3096} INFO - Sync 1 DAGs
[2025-10-08T08:03:37.889+0000] {logging_mixin.py:188} INFO - [2025-10-08T08:03:37.888+0000] {dag.py:3954} INFO - Setting next_dagrun for example_kubernetes_executor to None, run_after=None
[2025-10-08T08:03:37.918+0000] {processor.py:183} INFO - Processing /home/airflow/.local/lib/python3.12/site-packages/airflow/example_dags/example_kubernetes_executor.py took 0.130 seconds
[2025-10-08T08:04:08.484+0000] {processor.py:161} INFO - Started process (PID=230) to work on /home/airflow/.local/lib/python3.12/site-packages/airflow/example_dags/example_kubernetes_executor.py
[2025-10-08T08:04:08.486+0000] {processor.py:830} INFO - Processing file /home/airflow/.local/lib/python3.12/site-packages/airflow/example_dags/example_kubernetes_executor.py for tasks to queue
[2025-10-08T08:04:08.489+0000] {logging_mixin.py:188} INFO - [2025-10-08T08:04:08.489+0000] {dagbag.py:545} INFO - Filling up the DagBag from /home/airflow/.local/lib/python3.12/site-packages/airflow/example_dags/example_kubernetes_executor.py
[2025-10-08T08:04:08.530+0000] {processor.py:840} INFO - DAG(s) 'example_kubernetes_executor' retrieved from /home/airflow/.local/lib/python3.12/site-packages/airflow/example_dags/example_kubernetes_executor.py
[2025-10-08T08:04:08.619+0000] {logging_mixin.py:188} INFO - [2025-10-08T08:04:08.618+0000] {dag.py:3096} INFO - Sync 1 DAGs
[2025-10-08T08:04:08.638+0000] {logging_mixin.py:188} INFO - [2025-10-08T08:04:08.637+0000] {dag.py:3954} INFO - Setting next_dagrun for example_kubernetes_executor to None, run_after=None
[2025-10-08T08:04:08.684+0000] {processor.py:183} INFO - Processing /home/airflow/.local/lib/python3.12/site-packages/airflow/example_dags/example_kubernetes_executor.py took 0.213 seconds
[2025-10-08T08:04:38.946+0000] {processor.py:161} INFO - Started process (PID=288) to work on /home/airflow/.local/lib/python3.12/site-packages/airflow/example_dags/example_kubernetes_executor.py
[2025-10-08T08:04:38.948+0000] {processor.py:830} INFO - Processing file /home/airflow/.local/lib/python3.12/site-packages/airflow/example_dags/example_kubernetes_executor.py for tasks to queue
[2025-10-08T08:04:38.953+0000] {logging_mixin.py:188} INFO - [2025-10-08T08:04:38.952+0000] {dagbag.py:545} INFO - Filling up the DagBag from /home/airflow/.local/lib/python3.12/site-packages/airflow/example_dags/example_kubernetes_executor.py
[2025-10-08T08:04:38.977+0000] {processor.py:840} INFO - DAG(s) 'example_kubernetes_executor' retrieved from /home/airflow/.local/lib/python3.12/site-packages/airflow/example_dags/example_kubernetes_executor.py
[2025-10-08T08:04:39.031+0000] {logging_mixin.py:188} INFO - [2025-10-08T08:04:39.031+0000] {dag.py:3096} INFO - Sync 1 DAGs
[2025-10-08T08:04:39.049+0000] {logging_mixin.py:188} INFO - [2025-10-08T08:04:39.048+0000] {dag.py:3954} INFO - Setting next_dagrun for example_kubernetes_executor to None, run_after=None
[2025-10-08T08:04:39.076+0000] {processor.py:183} INFO - Processing /home/airflow/.local/lib/python3.12/site-packages/airflow/example_dags/example_kubernetes_executor.py took 0.140 seconds
[2025-10-08T08:05:09.345+0000] {processor.py:161} INFO - Started process (PID=346) to work on /home/airflow/.local/lib/python3.12/site-packages/airflow/example_dags/example_kubernetes_executor.py
[2025-10-08T08:05:09.349+0000] {processor.py:830} INFO - Processing file /home/airflow/.local/lib/python3.12/site-packages/airflow/example_dags/example_kubernetes_executor.py for tasks to queue
[2025-10-08T08:05:09.356+0000] {logging_mixin.py:188} INFO - [2025-10-08T08:05:09.355+0000] {dagbag.py:545} INFO - Filling up the DagBag from /home/airflow/.local/lib/python3.12/site-packages/airflow/example_dags/example_kubernetes_executor.py
[2025-10-08T08:05:09.389+0000] {processor.py:840} INFO - DAG(s) 'example_kubernetes_executor' retrieved from /home/airflow/.local/lib/python3.12/site-packages/airflow/example_dags/example_kubernetes_executor.py
[2025-10-08T08:05:09.472+0000] {logging_mixin.py:188} INFO - [2025-10-08T08:05:09.471+0000] {dag.py:3096} INFO - Sync 1 DAGs
[2025-10-08T08:05:09.510+0000] {logging_mixin.py:188} INFO - [2025-10-08T08:05:09.509+0000] {dag.py:3954} INFO - Setting next_dagrun for example_kubernetes_executor to None, run_after=None
[2025-10-08T08:05:09.550+0000] {processor.py:183} INFO - Processing /home/airflow/.local/lib/python3.12/site-packages/airflow/example_dags/example_kubernetes_executor.py took 0.223 seconds
[2025-10-08T08:05:40.022+0000] {processor.py:161} INFO - Started process (PID=404) to work on /home/airflow/.local/lib/python3.12/site-packages/airflow/example_dags/example_kubernetes_executor.py
[2025-10-08T08:05:40.023+0000] {processor.py:830} INFO - Processing file /home/airflow/.local/lib/python3.12/site-packages/airflow/example_dags/example_kubernetes_executor.py for tasks to queue
[2025-10-08T08:05:40.027+0000] {logging_mixin.py:188} INFO - [2025-10-08T08:05:40.027+0000] {dagbag.py:545} INFO - Filling up the DagBag from /home/airflow/.local/lib/python3.12/site-packages/airflow/example_dags/example_kubernetes_executor.py
[2025-10-08T08:05:40.047+0000] {processor.py:840} INFO - DAG(s) 'example_kubernetes_executor' retrieved from /home/airflow/.local/lib/python3.12/site-packages/airflow/example_dags/example_kubernetes_executor.py
[2025-10-08T08:05:40.108+0000] {logging_mixin.py:188} INFO - [2025-10-08T08:05:40.107+0000] {dag.py:3096} INFO - Sync 1 DAGs
[2025-10-08T08:05:40.127+0000] {logging_mixin.py:188} INFO - [2025-10-08T08:05:40.127+0000] {dag.py:3954} INFO - Setting next_dagrun for example_kubernetes_executor to None, run_after=None
[2025-10-08T08:05:40.158+0000] {processor.py:183} INFO - Processing /home/airflow/.local/lib/python3.12/site-packages/airflow/example_dags/example_kubernetes_executor.py took 0.146 seconds
[2025-10-08T08:06:10.772+0000] {processor.py:161} INFO - Started process (PID=462) to work on /home/airflow/.local/lib/python3.12/site-packages/airflow/example_dags/example_kubernetes_executor.py
[2025-10-08T08:06:10.774+0000] {processor.py:830} INFO - Processing file /home/airflow/.local/lib/python3.12/site-packages/airflow/example_dags/example_kubernetes_executor.py for tasks to queue
[2025-10-08T08:06:10.778+0000] {logging_mixin.py:188} INFO - [2025-10-08T08:06:10.777+0000] {dagbag.py:545} INFO - Filling up the DagBag from /home/airflow/.local/lib/python3.12/site-packages/airflow/example_dags/example_kubernetes_executor.py
[2025-10-08T08:06:10.796+0000] {processor.py:840} INFO - DAG(s) 'example_kubernetes_executor' retrieved from /home/airflow/.local/lib/python3.12/site-packages/airflow/example_dags/example_kubernetes_executor.py
[2025-10-08T08:06:10.850+0000] {logging_mixin.py:188} INFO - [2025-10-08T08:06:10.850+0000] {dag.py:3096} INFO - Sync 1 DAGs
[2025-10-08T08:06:10.868+0000] {logging_mixin.py:188} INFO - [2025-10-08T08:06:10.868+0000] {dag.py:3954} INFO - Setting next_dagrun for example_kubernetes_executor to None, run_after=None
[2025-10-08T08:06:10.903+0000] {processor.py:183} INFO - Processing /home/airflow/.local/lib/python3.12/site-packages/airflow/example_dags/example_kubernetes_executor.py took 0.139 seconds
[2025-10-08T08:07:51.697+0000] {processor.py:161} INFO - Started process (PID=103) to work on /home/airflow/.local/lib/python3.12/site-packages/airflow/example_dags/example_kubernetes_executor.py
[2025-10-08T08:07:51.700+0000] {processor.py:830} INFO - Processing file /home/airflow/.local/lib/python3.12/site-packages/airflow/example_dags/example_kubernetes_executor.py for tasks to queue
[2025-10-08T08:07:51.703+0000] {logging_mixin.py:188} INFO - [2025-10-08T08:07:51.703+0000] {dagbag.py:545} INFO - Filling up the DagBag from /home/airflow/.local/lib/python3.12/site-packages/airflow/example_dags/example_kubernetes_executor.py
[2025-10-08T08:07:51.725+0000] {processor.py:840} INFO - DAG(s) 'example_kubernetes_executor' retrieved from /home/airflow/.local/lib/python3.12/site-packages/airflow/example_dags/example_kubernetes_executor.py
[2025-10-08T08:07:51.949+0000] {logging_mixin.py:188} INFO - [2025-10-08T08:07:51.949+0000] {dag.py:3096} INFO - Sync 1 DAGs
[2025-10-08T08:07:51.970+0000] {logging_mixin.py:188} INFO - [2025-10-08T08:07:51.969+0000] {dag.py:3954} INFO - Setting next_dagrun for example_kubernetes_executor to None, run_after=None
[2025-10-08T08:07:52.012+0000] {processor.py:183} INFO - Processing /home/airflow/.local/lib/python3.12/site-packages/airflow/example_dags/example_kubernetes_executor.py took 0.325 seconds
[2025-10-08T08:08:22.874+0000] {processor.py:161} INFO - Started process (PID=161) to work on /home/airflow/.local/lib/python3.12/site-packages/airflow/example_dags/example_kubernetes_executor.py
[2025-10-08T08:08:22.877+0000] {processor.py:830} INFO - Processing file /home/airflow/.local/lib/python3.12/site-packages/airflow/example_dags/example_kubernetes_executor.py for tasks to queue
[2025-10-08T08:08:22.882+0000] {logging_mixin.py:188} INFO - [2025-10-08T08:08:22.881+0000] {dagbag.py:545} INFO - Filling up the DagBag from /home/airflow/.local/lib/python3.12/site-packages/airflow/example_dags/example_kubernetes_executor.py
[2025-10-08T08:08:22.904+0000] {processor.py:840} INFO - DAG(s) 'example_kubernetes_executor' retrieved from /home/airflow/.local/lib/python3.12/site-packages/airflow/example_dags/example_kubernetes_executor.py
[2025-10-08T08:08:22.970+0000] {logging_mixin.py:188} INFO - [2025-10-08T08:08:22.969+0000] {dag.py:3096} INFO - Sync 1 DAGs
[2025-10-08T08:08:22.990+0000] {logging_mixin.py:188} INFO - [2025-10-08T08:08:22.990+0000] {dag.py:3954} INFO - Setting next_dagrun for example_kubernetes_executor to None, run_after=None
[2025-10-08T08:08:23.025+0000] {processor.py:183} INFO - Processing /home/airflow/.local/lib/python3.12/site-packages/airflow/example_dags/example_kubernetes_executor.py took 0.158 seconds
[2025-10-08T08:08:54.175+0000] {processor.py:161} INFO - Started process (PID=219) to work on /home/airflow/.local/lib/python3.12/site-packages/airflow/example_dags/example_kubernetes_executor.py
[2025-10-08T08:08:54.177+0000] {processor.py:830} INFO - Processing file /home/airflow/.local/lib/python3.12/site-packages/airflow/example_dags/example_kubernetes_executor.py for tasks to queue
[2025-10-08T08:08:54.184+0000] {logging_mixin.py:188} INFO - [2025-10-08T08:08:54.183+0000] {dagbag.py:545} INFO - Filling up the DagBag from /home/airflow/.local/lib/python3.12/site-packages/airflow/example_dags/example_kubernetes_executor.py
[2025-10-08T08:08:54.206+0000] {processor.py:840} INFO - DAG(s) 'example_kubernetes_executor' retrieved from /home/airflow/.local/lib/python3.12/site-packages/airflow/example_dags/example_kubernetes_executor.py
[2025-10-08T08:08:54.262+0000] {logging_mixin.py:188} INFO - [2025-10-08T08:08:54.262+0000] {dag.py:3096} INFO - Sync 1 DAGs
[2025-10-08T08:08:54.279+0000] {logging_mixin.py:188} INFO - [2025-10-08T08:08:54.278+0000] {dag.py:3954} INFO - Setting next_dagrun for example_kubernetes_executor to None, run_after=None
[2025-10-08T08:08:54.306+0000] {processor.py:183} INFO - Processing /home/airflow/.local/lib/python3.12/site-packages/airflow/example_dags/example_kubernetes_executor.py took 0.153 seconds
[2025-10-08T08:09:24.562+0000] {processor.py:161} INFO - Started process (PID=277) to work on /home/airflow/.local/lib/python3.12/site-packages/airflow/example_dags/example_kubernetes_executor.py
[2025-10-08T08:09:24.563+0000] {processor.py:830} INFO - Processing file /home/airflow/.local/lib/python3.12/site-packages/airflow/example_dags/example_kubernetes_executor.py for tasks to queue
[2025-10-08T08:09:24.566+0000] {logging_mixin.py:188} INFO - [2025-10-08T08:09:24.566+0000] {dagbag.py:545} INFO - Filling up the DagBag from /home/airflow/.local/lib/python3.12/site-packages/airflow/example_dags/example_kubernetes_executor.py
[2025-10-08T08:09:24.587+0000] {processor.py:840} INFO - DAG(s) 'example_kubernetes_executor' retrieved from /home/airflow/.local/lib/python3.12/site-packages/airflow/example_dags/example_kubernetes_executor.py
[2025-10-08T08:09:24.645+0000] {logging_mixin.py:188} INFO - [2025-10-08T08:09:24.645+0000] {dag.py:3096} INFO - Sync 1 DAGs
[2025-10-08T08:09:24.664+0000] {logging_mixin.py:188} INFO - [2025-10-08T08:09:24.664+0000] {dag.py:3954} INFO - Setting next_dagrun for example_kubernetes_executor to None, run_after=None
[2025-10-08T08:09:24.694+0000] {processor.py:183} INFO - Processing /home/airflow/.local/lib/python3.12/site-packages/airflow/example_dags/example_kubernetes_executor.py took 0.141 seconds
[2025-10-08T08:09:55.303+0000] {processor.py:161} INFO - Started process (PID=335) to work on /home/airflow/.local/lib/python3.12/site-packages/airflow/example_dags/example_kubernetes_executor.py
[2025-10-08T08:09:55.307+0000] {processor.py:830} INFO - Processing file /home/airflow/.local/lib/python3.12/site-packages/airflow/example_dags/example_kubernetes_executor.py for tasks to queue
[2025-10-08T08:09:55.328+0000] {logging_mixin.py:188} INFO - [2025-10-08T08:09:55.327+0000] {dagbag.py:545} INFO - Filling up the DagBag from /home/airflow/.local/lib/python3.12/site-packages/airflow/example_dags/example_kubernetes_executor.py
[2025-10-08T08:09:55.379+0000] {processor.py:840} INFO - DAG(s) 'example_kubernetes_executor' retrieved from /home/airflow/.local/lib/python3.12/site-packages/airflow/example_dags/example_kubernetes_executor.py
[2025-10-08T08:09:55.583+0000] {logging_mixin.py:188} INFO - [2025-10-08T08:09:55.582+0000] {dag.py:3096} INFO - Sync 1 DAGs
[2025-10-08T08:09:55.709+0000] {logging_mixin.py:188} INFO - [2025-10-08T08:09:55.708+0000] {dag.py:3954} INFO - Setting next_dagrun for example_kubernetes_executor to None, run_after=None
[2025-10-08T08:09:55.783+0000] {processor.py:183} INFO - Processing /home/airflow/.local/lib/python3.12/site-packages/airflow/example_dags/example_kubernetes_executor.py took 0.504 seconds
[2025-10-08T08:10:26.514+0000] {processor.py:161} INFO - Started process (PID=393) to work on /home/airflow/.local/lib/python3.12/site-packages/airflow/example_dags/example_kubernetes_executor.py
[2025-10-08T08:10:26.516+0000] {processor.py:830} INFO - Processing file /home/airflow/.local/lib/python3.12/site-packages/airflow/example_dags/example_kubernetes_executor.py for tasks to queue
[2025-10-08T08:10:26.522+0000] {logging_mixin.py:188} INFO - [2025-10-08T08:10:26.521+0000] {dagbag.py:545} INFO - Filling up the DagBag from /home/airflow/.local/lib/python3.12/site-packages/airflow/example_dags/example_kubernetes_executor.py
[2025-10-08T08:10:26.545+0000] {processor.py:840} INFO - DAG(s) 'example_kubernetes_executor' retrieved from /home/airflow/.local/lib/python3.12/site-packages/airflow/example_dags/example_kubernetes_executor.py
[2025-10-08T08:10:26.623+0000] {logging_mixin.py:188} INFO - [2025-10-08T08:10:26.623+0000] {dag.py:3096} INFO - Sync 1 DAGs
[2025-10-08T08:10:26.643+0000] {logging_mixin.py:188} INFO - [2025-10-08T08:10:26.643+0000] {dag.py:3954} INFO - Setting next_dagrun for example_kubernetes_executor to None, run_after=None
[2025-10-08T08:10:26.677+0000] {processor.py:183} INFO - Processing /home/airflow/.local/lib/python3.12/site-packages/airflow/example_dags/example_kubernetes_executor.py took 0.179 seconds
[2025-10-08T08:10:56.963+0000] {processor.py:161} INFO - Started process (PID=451) to work on /home/airflow/.local/lib/python3.12/site-packages/airflow/example_dags/example_kubernetes_executor.py
[2025-10-08T08:10:56.967+0000] {processor.py:830} INFO - Processing file /home/airflow/.local/lib/python3.12/site-packages/airflow/example_dags/example_kubernetes_executor.py for tasks to queue
[2025-10-08T08:10:56.972+0000] {logging_mixin.py:188} INFO - [2025-10-08T08:10:56.972+0000] {dagbag.py:545} INFO - Filling up the DagBag from /home/airflow/.local/lib/python3.12/site-packages/airflow/example_dags/example_kubernetes_executor.py
[2025-10-08T08:10:56.988+0000] {processor.py:840} INFO - DAG(s) 'example_kubernetes_executor' retrieved from /home/airflow/.local/lib/python3.12/site-packages/airflow/example_dags/example_kubernetes_executor.py
[2025-10-08T08:10:57.049+0000] {logging_mixin.py:188} INFO - [2025-10-08T08:10:57.049+0000] {dag.py:3096} INFO - Sync 1 DAGs
[2025-10-08T08:10:57.079+0000] {logging_mixin.py:188} INFO - [2025-10-08T08:10:57.078+0000] {dag.py:3954} INFO - Setting next_dagrun for example_kubernetes_executor to None, run_after=None
[2025-10-08T08:10:57.142+0000] {processor.py:183} INFO - Processing /home/airflow/.local/lib/python3.12/site-packages/airflow/example_dags/example_kubernetes_executor.py took 0.192 seconds
[2025-10-08T08:11:27.697+0000] {processor.py:161} INFO - Started process (PID=509) to work on /home/airflow/.local/lib/python3.12/site-packages/airflow/example_dags/example_kubernetes_executor.py
[2025-10-08T08:11:27.698+0000] {processor.py:830} INFO - Processing file /home/airflow/.local/lib/python3.12/site-packages/airflow/example_dags/example_kubernetes_executor.py for tasks to queue
[2025-10-08T08:11:27.701+0000] {logging_mixin.py:188} INFO - [2025-10-08T08:11:27.701+0000] {dagbag.py:545} INFO - Filling up the DagBag from /home/airflow/.local/lib/python3.12/site-packages/airflow/example_dags/example_kubernetes_executor.py
[2025-10-08T08:11:27.719+0000] {processor.py:840} INFO - DAG(s) 'example_kubernetes_executor' retrieved from /home/airflow/.local/lib/python3.12/site-packages/airflow/example_dags/example_kubernetes_executor.py
[2025-10-08T08:11:27.769+0000] {logging_mixin.py:188} INFO - [2025-10-08T08:11:27.768+0000] {dag.py:3096} INFO - Sync 1 DAGs
[2025-10-08T08:11:27.786+0000] {logging_mixin.py:188} INFO - [2025-10-08T08:11:27.786+0000] {dag.py:3954} INFO - Setting next_dagrun for example_kubernetes_executor to None, run_after=None
[2025-10-08T08:11:27.844+0000] {processor.py:183} INFO - Processing /home/airflow/.local/lib/python3.12/site-packages/airflow/example_dags/example_kubernetes_executor.py took 0.155 seconds
[2025-10-08T08:11:58.487+0000] {processor.py:161} INFO - Started process (PID=567) to work on /home/airflow/.local/lib/python3.12/site-packages/airflow/example_dags/example_kubernetes_executor.py
[2025-10-08T08:11:58.489+0000] {processor.py:830} INFO - Processing file /home/airflow/.local/lib/python3.12/site-packages/airflow/example_dags/example_kubernetes_executor.py for tasks to queue
[2025-10-08T08:11:58.496+0000] {logging_mixin.py:188} INFO - [2025-10-08T08:11:58.495+0000] {dagbag.py:545} INFO - Filling up the DagBag from /home/airflow/.local/lib/python3.12/site-packages/airflow/example_dags/example_kubernetes_executor.py
[2025-10-08T08:11:58.520+0000] {processor.py:840} INFO - DAG(s) 'example_kubernetes_executor' retrieved from /home/airflow/.local/lib/python3.12/site-packages/airflow/example_dags/example_kubernetes_executor.py
[2025-10-08T08:11:58.572+0000] {logging_mixin.py:188} INFO - [2025-10-08T08:11:58.572+0000] {dag.py:3096} INFO - Sync 1 DAGs
[2025-10-08T08:11:58.590+0000] {logging_mixin.py:188} INFO - [2025-10-08T08:11:58.589+0000] {dag.py:3954} INFO - Setting next_dagrun for example_kubernetes_executor to None, run_after=None
[2025-10-08T08:11:58.625+0000] {processor.py:183} INFO - Processing /home/airflow/.local/lib/python3.12/site-packages/airflow/example_dags/example_kubernetes_executor.py took 0.147 seconds
[2025-10-08T08:12:29.064+0000] {processor.py:161} INFO - Started process (PID=625) to work on /home/airflow/.local/lib/python3.12/site-packages/airflow/example_dags/example_kubernetes_executor.py
[2025-10-08T08:12:29.066+0000] {processor.py:830} INFO - Processing file /home/airflow/.local/lib/python3.12/site-packages/airflow/example_dags/example_kubernetes_executor.py for tasks to queue
[2025-10-08T08:12:29.069+0000] {logging_mixin.py:188} INFO - [2025-10-08T08:12:29.068+0000] {dagbag.py:545} INFO - Filling up the DagBag from /home/airflow/.local/lib/python3.12/site-packages/airflow/example_dags/example_kubernetes_executor.py
[2025-10-08T08:12:29.085+0000] {processor.py:840} INFO - DAG(s) 'example_kubernetes_executor' retrieved from /home/airflow/.local/lib/python3.12/site-packages/airflow/example_dags/example_kubernetes_executor.py
[2025-10-08T08:12:29.140+0000] {logging_mixin.py:188} INFO - [2025-10-08T08:12:29.139+0000] {dag.py:3096} INFO - Sync 1 DAGs
[2025-10-08T08:12:29.170+0000] {logging_mixin.py:188} INFO - [2025-10-08T08:12:29.169+0000] {dag.py:3954} INFO - Setting next_dagrun for example_kubernetes_executor to None, run_after=None
[2025-10-08T08:12:29.217+0000] {processor.py:183} INFO - Processing /home/airflow/.local/lib/python3.12/site-packages/airflow/example_dags/example_kubernetes_executor.py took 0.161 seconds
[2025-10-08T08:12:59.535+0000] {processor.py:161} INFO - Started process (PID=683) to work on /home/airflow/.local/lib/python3.12/site-packages/airflow/example_dags/example_kubernetes_executor.py
[2025-10-08T08:12:59.537+0000] {processor.py:830} INFO - Processing file /home/airflow/.local/lib/python3.12/site-packages/airflow/example_dags/example_kubernetes_executor.py for tasks to queue
[2025-10-08T08:12:59.540+0000] {logging_mixin.py:188} INFO - [2025-10-08T08:12:59.539+0000] {dagbag.py:545} INFO - Filling up the DagBag from /home/airflow/.local/lib/python3.12/site-packages/airflow/example_dags/example_kubernetes_executor.py
[2025-10-08T08:12:59.556+0000] {processor.py:840} INFO - DAG(s) 'example_kubernetes_executor' retrieved from /home/airflow/.local/lib/python3.12/site-packages/airflow/example_dags/example_kubernetes_executor.py
[2025-10-08T08:12:59.608+0000] {logging_mixin.py:188} INFO - [2025-10-08T08:12:59.608+0000] {dag.py:3096} INFO - Sync 1 DAGs
[2025-10-08T08:12:59.629+0000] {logging_mixin.py:188} INFO - [2025-10-08T08:12:59.628+0000] {dag.py:3954} INFO - Setting next_dagrun for example_kubernetes_executor to None, run_after=None
[2025-10-08T08:12:59.656+0000] {processor.py:183} INFO - Processing /home/airflow/.local/lib/python3.12/site-packages/airflow/example_dags/example_kubernetes_executor.py took 0.129 seconds
[2025-10-08T08:13:30.827+0000] {processor.py:161} INFO - Started process (PID=741) to work on /home/airflow/.local/lib/python3.12/site-packages/airflow/example_dags/example_kubernetes_executor.py
[2025-10-08T08:13:30.829+0000] {processor.py:830} INFO - Processing file /home/airflow/.local/lib/python3.12/site-packages/airflow/example_dags/example_kubernetes_executor.py for tasks to queue
[2025-10-08T08:13:30.834+0000] {logging_mixin.py:188} INFO - [2025-10-08T08:13:30.833+0000] {dagbag.py:545} INFO - Filling up the DagBag from /home/airflow/.local/lib/python3.12/site-packages/airflow/example_dags/example_kubernetes_executor.py
[2025-10-08T08:13:30.854+0000] {processor.py:840} INFO - DAG(s) 'example_kubernetes_executor' retrieved from /home/airflow/.local/lib/python3.12/site-packages/airflow/example_dags/example_kubernetes_executor.py
[2025-10-08T08:13:30.914+0000] {logging_mixin.py:188} INFO - [2025-10-08T08:13:30.913+0000] {dag.py:3096} INFO - Sync 1 DAGs
[2025-10-08T08:13:30.935+0000] {logging_mixin.py:188} INFO - [2025-10-08T08:13:30.934+0000] {dag.py:3954} INFO - Setting next_dagrun for example_kubernetes_executor to None, run_after=None
[2025-10-08T08:13:30.983+0000] {processor.py:183} INFO - Processing /home/airflow/.local/lib/python3.12/site-packages/airflow/example_dags/example_kubernetes_executor.py took 0.169 seconds
[2025-10-08T08:14:02.134+0000] {processor.py:161} INFO - Started process (PID=799) to work on /home/airflow/.local/lib/python3.12/site-packages/airflow/example_dags/example_kubernetes_executor.py
[2025-10-08T08:14:02.135+0000] {processor.py:830} INFO - Processing file /home/airflow/.local/lib/python3.12/site-packages/airflow/example_dags/example_kubernetes_executor.py for tasks to queue
[2025-10-08T08:14:02.139+0000] {logging_mixin.py:188} INFO - [2025-10-08T08:14:02.139+0000] {dagbag.py:545} INFO - Filling up the DagBag from /home/airflow/.local/lib/python3.12/site-packages/airflow/example_dags/example_kubernetes_executor.py
[2025-10-08T08:14:02.159+0000] {processor.py:840} INFO - DAG(s) 'example_kubernetes_executor' retrieved from /home/airflow/.local/lib/python3.12/site-packages/airflow/example_dags/example_kubernetes_executor.py
[2025-10-08T08:14:02.217+0000] {logging_mixin.py:188} INFO - [2025-10-08T08:14:02.217+0000] {dag.py:3096} INFO - Sync 1 DAGs
[2025-10-08T08:14:02.236+0000] {logging_mixin.py:188} INFO - [2025-10-08T08:14:02.236+0000] {dag.py:3954} INFO - Setting next_dagrun for example_kubernetes_executor to None, run_after=None
[2025-10-08T08:14:02.273+0000] {processor.py:183} INFO - Processing /home/airflow/.local/lib/python3.12/site-packages/airflow/example_dags/example_kubernetes_executor.py took 0.148 seconds
[2025-10-08T08:14:32.607+0000] {processor.py:161} INFO - Started process (PID=857) to work on /home/airflow/.local/lib/python3.12/site-packages/airflow/example_dags/example_kubernetes_executor.py
[2025-10-08T08:14:32.610+0000] {processor.py:830} INFO - Processing file /home/airflow/.local/lib/python3.12/site-packages/airflow/example_dags/example_kubernetes_executor.py for tasks to queue
[2025-10-08T08:14:32.613+0000] {logging_mixin.py:188} INFO - [2025-10-08T08:14:32.613+0000] {dagbag.py:545} INFO - Filling up the DagBag from /home/airflow/.local/lib/python3.12/site-packages/airflow/example_dags/example_kubernetes_executor.py
[2025-10-08T08:14:32.634+0000] {processor.py:840} INFO - DAG(s) 'example_kubernetes_executor' retrieved from /home/airflow/.local/lib/python3.12/site-packages/airflow/example_dags/example_kubernetes_executor.py
[2025-10-08T08:14:32.721+0000] {logging_mixin.py:188} INFO - [2025-10-08T08:14:32.721+0000] {dag.py:3096} INFO - Sync 1 DAGs
[2025-10-08T08:14:32.744+0000] {logging_mixin.py:188} INFO - [2025-10-08T08:14:32.743+0000] {dag.py:3954} INFO - Setting next_dagrun for example_kubernetes_executor to None, run_after=None
[2025-10-08T08:14:32.780+0000] {processor.py:183} INFO - Processing /home/airflow/.local/lib/python3.12/site-packages/airflow/example_dags/example_kubernetes_executor.py took 0.188 seconds
[2025-10-08T08:15:03.281+0000] {processor.py:161} INFO - Started process (PID=914) to work on /home/airflow/.local/lib/python3.12/site-packages/airflow/example_dags/example_kubernetes_executor.py
[2025-10-08T08:15:03.283+0000] {processor.py:830} INFO - Processing file /home/airflow/.local/lib/python3.12/site-packages/airflow/example_dags/example_kubernetes_executor.py for tasks to queue
[2025-10-08T08:15:03.287+0000] {logging_mixin.py:188} INFO - [2025-10-08T08:15:03.287+0000] {dagbag.py:545} INFO - Filling up the DagBag from /home/airflow/.local/lib/python3.12/site-packages/airflow/example_dags/example_kubernetes_executor.py
[2025-10-08T08:15:03.316+0000] {processor.py:840} INFO - DAG(s) 'example_kubernetes_executor' retrieved from /home/airflow/.local/lib/python3.12/site-packages/airflow/example_dags/example_kubernetes_executor.py
[2025-10-08T08:15:03.412+0000] {logging_mixin.py:188} INFO - [2025-10-08T08:15:03.411+0000] {dag.py:3096} INFO - Sync 1 DAGs
[2025-10-08T08:15:03.462+0000] {logging_mixin.py:188} INFO - [2025-10-08T08:15:03.461+0000] {dag.py:3954} INFO - Setting next_dagrun for example_kubernetes_executor to None, run_after=None
[2025-10-08T08:15:03.511+0000] {processor.py:183} INFO - Processing /home/airflow/.local/lib/python3.12/site-packages/airflow/example_dags/example_kubernetes_executor.py took 0.240 seconds
[2025-10-08T08:15:34.148+0000] {processor.py:161} INFO - Started process (PID=972) to work on /home/airflow/.local/lib/python3.12/site-packages/airflow/example_dags/example_kubernetes_executor.py
[2025-10-08T08:15:34.151+0000] {processor.py:830} INFO - Processing file /home/airflow/.local/lib/python3.12/site-packages/airflow/example_dags/example_kubernetes_executor.py for tasks to queue
[2025-10-08T08:15:34.154+0000] {logging_mixin.py:188} INFO - [2025-10-08T08:15:34.154+0000] {dagbag.py:545} INFO - Filling up the DagBag from /home/airflow/.local/lib/python3.12/site-packages/airflow/example_dags/example_kubernetes_executor.py
[2025-10-08T08:15:34.172+0000] {processor.py:840} INFO - DAG(s) 'example_kubernetes_executor' retrieved from /home/airflow/.local/lib/python3.12/site-packages/airflow/example_dags/example_kubernetes_executor.py
[2025-10-08T08:15:34.251+0000] {logging_mixin.py:188} INFO - [2025-10-08T08:15:34.250+0000] {dag.py:3096} INFO - Sync 1 DAGs
[2025-10-08T08:15:34.277+0000] {logging_mixin.py:188} INFO - [2025-10-08T08:15:34.276+0000] {dag.py:3954} INFO - Setting next_dagrun for example_kubernetes_executor to None, run_after=None
[2025-10-08T08:15:34.324+0000] {processor.py:183} INFO - Processing /home/airflow/.local/lib/python3.12/site-packages/airflow/example_dags/example_kubernetes_executor.py took 0.185 seconds
[2025-10-08T08:16:05.060+0000] {processor.py:161} INFO - Started process (PID=1030) to work on /home/airflow/.local/lib/python3.12/site-packages/airflow/example_dags/example_kubernetes_executor.py
[2025-10-08T08:16:05.062+0000] {processor.py:830} INFO - Processing file /home/airflow/.local/lib/python3.12/site-packages/airflow/example_dags/example_kubernetes_executor.py for tasks to queue
[2025-10-08T08:16:05.066+0000] {logging_mixin.py:188} INFO - [2025-10-08T08:16:05.065+0000] {dagbag.py:545} INFO - Filling up the DagBag from /home/airflow/.local/lib/python3.12/site-packages/airflow/example_dags/example_kubernetes_executor.py
[2025-10-08T08:16:05.090+0000] {processor.py:840} INFO - DAG(s) 'example_kubernetes_executor' retrieved from /home/airflow/.local/lib/python3.12/site-packages/airflow/example_dags/example_kubernetes_executor.py
[2025-10-08T08:16:05.169+0000] {logging_mixin.py:188} INFO - [2025-10-08T08:16:05.168+0000] {dag.py:3096} INFO - Sync 1 DAGs
[2025-10-08T08:16:05.186+0000] {logging_mixin.py:188} INFO - [2025-10-08T08:16:05.186+0000] {dag.py:3954} INFO - Setting next_dagrun for example_kubernetes_executor to None, run_after=None
[2025-10-08T08:16:05.218+0000] {processor.py:183} INFO - Processing /home/airflow/.local/lib/python3.12/site-packages/airflow/example_dags/example_kubernetes_executor.py took 0.169 seconds
[2025-10-08T08:16:36.092+0000] {processor.py:161} INFO - Started process (PID=1088) to work on /home/airflow/.local/lib/python3.12/site-packages/airflow/example_dags/example_kubernetes_executor.py
[2025-10-08T08:16:36.094+0000] {processor.py:830} INFO - Processing file /home/airflow/.local/lib/python3.12/site-packages/airflow/example_dags/example_kubernetes_executor.py for tasks to queue
[2025-10-08T08:16:36.098+0000] {logging_mixin.py:188} INFO - [2025-10-08T08:16:36.098+0000] {dagbag.py:545} INFO - Filling up the DagBag from /home/airflow/.local/lib/python3.12/site-packages/airflow/example_dags/example_kubernetes_executor.py
[2025-10-08T08:16:36.128+0000] {processor.py:840} INFO - DAG(s) 'example_kubernetes_executor' retrieved from /home/airflow/.local/lib/python3.12/site-packages/airflow/example_dags/example_kubernetes_executor.py
[2025-10-08T08:16:36.215+0000] {logging_mixin.py:188} INFO - [2025-10-08T08:16:36.214+0000] {dag.py:3096} INFO - Sync 1 DAGs
[2025-10-08T08:16:36.245+0000] {logging_mixin.py:188} INFO - [2025-10-08T08:16:36.245+0000] {dag.py:3954} INFO - Setting next_dagrun for example_kubernetes_executor to None, run_after=None
[2025-10-08T08:16:36.290+0000] {processor.py:183} INFO - Processing /home/airflow/.local/lib/python3.12/site-packages/airflow/example_dags/example_kubernetes_executor.py took 0.207 seconds
[2025-10-08T08:17:06.924+0000] {processor.py:161} INFO - Started process (PID=1146) to work on /home/airflow/.local/lib/python3.12/site-packages/airflow/example_dags/example_kubernetes_executor.py
[2025-10-08T08:17:06.926+0000] {processor.py:830} INFO - Processing file /home/airflow/.local/lib/python3.12/site-packages/airflow/example_dags/example_kubernetes_executor.py for tasks to queue
[2025-10-08T08:17:06.929+0000] {logging_mixin.py:188} INFO - [2025-10-08T08:17:06.929+0000] {dagbag.py:545} INFO - Filling up the DagBag from /home/airflow/.local/lib/python3.12/site-packages/airflow/example_dags/example_kubernetes_executor.py
[2025-10-08T08:17:06.947+0000] {processor.py:840} INFO - DAG(s) 'example_kubernetes_executor' retrieved from /home/airflow/.local/lib/python3.12/site-packages/airflow/example_dags/example_kubernetes_executor.py
[2025-10-08T08:17:07.029+0000] {logging_mixin.py:188} INFO - [2025-10-08T08:17:07.028+0000] {dag.py:3096} INFO - Sync 1 DAGs
[2025-10-08T08:17:07.052+0000] {logging_mixin.py:188} INFO - [2025-10-08T08:17:07.052+0000] {dag.py:3954} INFO - Setting next_dagrun for example_kubernetes_executor to None, run_after=None
[2025-10-08T08:17:07.105+0000] {processor.py:183} INFO - Processing /home/airflow/.local/lib/python3.12/site-packages/airflow/example_dags/example_kubernetes_executor.py took 0.190 seconds
[2025-10-08T08:17:37.769+0000] {processor.py:161} INFO - Started process (PID=1204) to work on /home/airflow/.local/lib/python3.12/site-packages/airflow/example_dags/example_kubernetes_executor.py
[2025-10-08T08:17:37.771+0000] {processor.py:830} INFO - Processing file /home/airflow/.local/lib/python3.12/site-packages/airflow/example_dags/example_kubernetes_executor.py for tasks to queue
[2025-10-08T08:17:37.775+0000] {logging_mixin.py:188} INFO - [2025-10-08T08:17:37.774+0000] {dagbag.py:545} INFO - Filling up the DagBag from /home/airflow/.local/lib/python3.12/site-packages/airflow/example_dags/example_kubernetes_executor.py
[2025-10-08T08:17:37.815+0000] {processor.py:840} INFO - DAG(s) 'example_kubernetes_executor' retrieved from /home/airflow/.local/lib/python3.12/site-packages/airflow/example_dags/example_kubernetes_executor.py
[2025-10-08T08:17:37.963+0000] {logging_mixin.py:188} INFO - [2025-10-08T08:17:37.963+0000] {dag.py:3096} INFO - Sync 1 DAGs
[2025-10-08T08:17:37.989+0000] {logging_mixin.py:188} INFO - [2025-10-08T08:17:37.988+0000] {dag.py:3954} INFO - Setting next_dagrun for example_kubernetes_executor to None, run_after=None
[2025-10-08T08:17:38.020+0000] {processor.py:183} INFO - Processing /home/airflow/.local/lib/python3.12/site-packages/airflow/example_dags/example_kubernetes_executor.py took 0.260 seconds
[2025-10-08T08:18:08.516+0000] {processor.py:161} INFO - Started process (PID=1263) to work on /home/airflow/.local/lib/python3.12/site-packages/airflow/example_dags/example_kubernetes_executor.py
[2025-10-08T08:18:08.518+0000] {processor.py:830} INFO - Processing file /home/airflow/.local/lib/python3.12/site-packages/airflow/example_dags/example_kubernetes_executor.py for tasks to queue
[2025-10-08T08:18:08.520+0000] {logging_mixin.py:188} INFO - [2025-10-08T08:18:08.520+0000] {dagbag.py:545} INFO - Filling up the DagBag from /home/airflow/.local/lib/python3.12/site-packages/airflow/example_dags/example_kubernetes_executor.py
[2025-10-08T08:18:08.537+0000] {processor.py:840} INFO - DAG(s) 'example_kubernetes_executor' retrieved from /home/airflow/.local/lib/python3.12/site-packages/airflow/example_dags/example_kubernetes_executor.py
[2025-10-08T08:18:08.615+0000] {logging_mixin.py:188} INFO - [2025-10-08T08:18:08.615+0000] {dag.py:3096} INFO - Sync 1 DAGs
[2025-10-08T08:18:08.634+0000] {logging_mixin.py:188} INFO - [2025-10-08T08:18:08.634+0000] {dag.py:3954} INFO - Setting next_dagrun for example_kubernetes_executor to None, run_after=None
[2025-10-08T08:18:08.687+0000] {processor.py:183} INFO - Processing /home/airflow/.local/lib/python3.12/site-packages/airflow/example_dags/example_kubernetes_executor.py took 0.179 seconds
[2025-10-08T08:18:39.914+0000] {processor.py:161} INFO - Started process (PID=1323) to work on /home/airflow/.local/lib/python3.12/site-packages/airflow/example_dags/example_kubernetes_executor.py
[2025-10-08T08:18:39.916+0000] {processor.py:830} INFO - Processing file /home/airflow/.local/lib/python3.12/site-packages/airflow/example_dags/example_kubernetes_executor.py for tasks to queue
[2025-10-08T08:18:39.921+0000] {logging_mixin.py:188} INFO - [2025-10-08T08:18:39.920+0000] {dagbag.py:545} INFO - Filling up the DagBag from /home/airflow/.local/lib/python3.12/site-packages/airflow/example_dags/example_kubernetes_executor.py
[2025-10-08T08:18:39.940+0000] {processor.py:840} INFO - DAG(s) 'example_kubernetes_executor' retrieved from /home/airflow/.local/lib/python3.12/site-packages/airflow/example_dags/example_kubernetes_executor.py
[2025-10-08T08:18:40.223+0000] {logging_mixin.py:188} INFO - [2025-10-08T08:18:40.223+0000] {dag.py:3096} INFO - Sync 1 DAGs
[2025-10-08T08:18:40.243+0000] {logging_mixin.py:188} INFO - [2025-10-08T08:18:40.243+0000] {dag.py:3954} INFO - Setting next_dagrun for example_kubernetes_executor to None, run_after=None
[2025-10-08T08:18:40.273+0000] {processor.py:183} INFO - Processing /home/airflow/.local/lib/python3.12/site-packages/airflow/example_dags/example_kubernetes_executor.py took 0.370 seconds
[2025-10-08T08:19:11.231+0000] {processor.py:161} INFO - Started process (PID=1382) to work on /home/airflow/.local/lib/python3.12/site-packages/airflow/example_dags/example_kubernetes_executor.py
[2025-10-08T08:19:11.233+0000] {processor.py:830} INFO - Processing file /home/airflow/.local/lib/python3.12/site-packages/airflow/example_dags/example_kubernetes_executor.py for tasks to queue
[2025-10-08T08:19:11.237+0000] {logging_mixin.py:188} INFO - [2025-10-08T08:19:11.236+0000] {dagbag.py:545} INFO - Filling up the DagBag from /home/airflow/.local/lib/python3.12/site-packages/airflow/example_dags/example_kubernetes_executor.py
[2025-10-08T08:19:11.255+0000] {processor.py:840} INFO - DAG(s) 'example_kubernetes_executor' retrieved from /home/airflow/.local/lib/python3.12/site-packages/airflow/example_dags/example_kubernetes_executor.py
[2025-10-08T08:19:11.317+0000] {logging_mixin.py:188} INFO - [2025-10-08T08:19:11.316+0000] {dag.py:3096} INFO - Sync 1 DAGs
[2025-10-08T08:19:11.336+0000] {logging_mixin.py:188} INFO - [2025-10-08T08:19:11.336+0000] {dag.py:3954} INFO - Setting next_dagrun for example_kubernetes_executor to None, run_after=None
[2025-10-08T08:19:11.546+0000] {processor.py:183} INFO - Processing /home/airflow/.local/lib/python3.12/site-packages/airflow/example_dags/example_kubernetes_executor.py took 0.323 seconds
[2025-10-08T08:19:41.931+0000] {processor.py:161} INFO - Started process (PID=1441) to work on /home/airflow/.local/lib/python3.12/site-packages/airflow/example_dags/example_kubernetes_executor.py
[2025-10-08T08:19:41.933+0000] {processor.py:830} INFO - Processing file /home/airflow/.local/lib/python3.12/site-packages/airflow/example_dags/example_kubernetes_executor.py for tasks to queue
[2025-10-08T08:19:41.937+0000] {logging_mixin.py:188} INFO - [2025-10-08T08:19:41.936+0000] {dagbag.py:545} INFO - Filling up the DagBag from /home/airflow/.local/lib/python3.12/site-packages/airflow/example_dags/example_kubernetes_executor.py
[2025-10-08T08:19:41.957+0000] {processor.py:840} INFO - DAG(s) 'example_kubernetes_executor' retrieved from /home/airflow/.local/lib/python3.12/site-packages/airflow/example_dags/example_kubernetes_executor.py
[2025-10-08T08:19:42.037+0000] {logging_mixin.py:188} INFO - [2025-10-08T08:19:42.037+0000] {dag.py:3096} INFO - Sync 1 DAGs
[2025-10-08T08:19:42.060+0000] {logging_mixin.py:188} INFO - [2025-10-08T08:19:42.059+0000] {dag.py:3954} INFO - Setting next_dagrun for example_kubernetes_executor to None, run_after=None
[2025-10-08T08:19:42.094+0000] {processor.py:183} INFO - Processing /home/airflow/.local/lib/python3.12/site-packages/airflow/example_dags/example_kubernetes_executor.py took 0.173 seconds
[2025-10-08T08:20:12.956+0000] {processor.py:161} INFO - Started process (PID=1500) to work on /home/airflow/.local/lib/python3.12/site-packages/airflow/example_dags/example_kubernetes_executor.py
[2025-10-08T08:20:12.959+0000] {processor.py:830} INFO - Processing file /home/airflow/.local/lib/python3.12/site-packages/airflow/example_dags/example_kubernetes_executor.py for tasks to queue
[2025-10-08T08:20:12.963+0000] {logging_mixin.py:188} INFO - [2025-10-08T08:20:12.963+0000] {dagbag.py:545} INFO - Filling up the DagBag from /home/airflow/.local/lib/python3.12/site-packages/airflow/example_dags/example_kubernetes_executor.py
[2025-10-08T08:20:12.989+0000] {processor.py:840} INFO - DAG(s) 'example_kubernetes_executor' retrieved from /home/airflow/.local/lib/python3.12/site-packages/airflow/example_dags/example_kubernetes_executor.py
[2025-10-08T08:20:13.257+0000] {logging_mixin.py:188} INFO - [2025-10-08T08:20:13.257+0000] {dag.py:3096} INFO - Sync 1 DAGs
[2025-10-08T08:20:13.276+0000] {logging_mixin.py:188} INFO - [2025-10-08T08:20:13.275+0000] {dag.py:3954} INFO - Setting next_dagrun for example_kubernetes_executor to None, run_after=None
[2025-10-08T08:20:13.316+0000] {processor.py:183} INFO - Processing /home/airflow/.local/lib/python3.12/site-packages/airflow/example_dags/example_kubernetes_executor.py took 0.371 seconds
[2025-10-08T08:20:43.526+0000] {processor.py:161} INFO - Started process (PID=1558) to work on /home/airflow/.local/lib/python3.12/site-packages/airflow/example_dags/example_kubernetes_executor.py
[2025-10-08T08:20:43.529+0000] {processor.py:830} INFO - Processing file /home/airflow/.local/lib/python3.12/site-packages/airflow/example_dags/example_kubernetes_executor.py for tasks to queue
[2025-10-08T08:20:43.537+0000] {logging_mixin.py:188} INFO - [2025-10-08T08:20:43.536+0000] {dagbag.py:545} INFO - Filling up the DagBag from /home/airflow/.local/lib/python3.12/site-packages/airflow/example_dags/example_kubernetes_executor.py
[2025-10-08T08:20:43.563+0000] {processor.py:840} INFO - DAG(s) 'example_kubernetes_executor' retrieved from /home/airflow/.local/lib/python3.12/site-packages/airflow/example_dags/example_kubernetes_executor.py
[2025-10-08T08:20:43.826+0000] {logging_mixin.py:188} INFO - [2025-10-08T08:20:43.826+0000] {dag.py:3096} INFO - Sync 1 DAGs
[2025-10-08T08:20:43.840+0000] {logging_mixin.py:188} INFO - [2025-10-08T08:20:43.840+0000] {dag.py:3954} INFO - Setting next_dagrun for example_kubernetes_executor to None, run_after=None
[2025-10-08T08:20:43.877+0000] {processor.py:183} INFO - Processing /home/airflow/.local/lib/python3.12/site-packages/airflow/example_dags/example_kubernetes_executor.py took 0.370 seconds
[2025-10-08T08:21:14.776+0000] {processor.py:161} INFO - Started process (PID=1618) to work on /home/airflow/.local/lib/python3.12/site-packages/airflow/example_dags/example_kubernetes_executor.py
[2025-10-08T08:21:14.778+0000] {processor.py:830} INFO - Processing file /home/airflow/.local/lib/python3.12/site-packages/airflow/example_dags/example_kubernetes_executor.py for tasks to queue
[2025-10-08T08:21:14.783+0000] {logging_mixin.py:188} INFO - [2025-10-08T08:21:14.782+0000] {dagbag.py:545} INFO - Filling up the DagBag from /home/airflow/.local/lib/python3.12/site-packages/airflow/example_dags/example_kubernetes_executor.py
[2025-10-08T08:21:14.808+0000] {processor.py:840} INFO - DAG(s) 'example_kubernetes_executor' retrieved from /home/airflow/.local/lib/python3.12/site-packages/airflow/example_dags/example_kubernetes_executor.py
[2025-10-08T08:21:14.875+0000] {logging_mixin.py:188} INFO - [2025-10-08T08:21:14.874+0000] {dag.py:3096} INFO - Sync 1 DAGs
[2025-10-08T08:21:14.894+0000] {logging_mixin.py:188} INFO - [2025-10-08T08:21:14.893+0000] {dag.py:3954} INFO - Setting next_dagrun for example_kubernetes_executor to None, run_after=None
[2025-10-08T08:21:14.943+0000] {processor.py:183} INFO - Processing /home/airflow/.local/lib/python3.12/site-packages/airflow/example_dags/example_kubernetes_executor.py took 0.180 seconds
[2025-10-08T08:21:45.387+0000] {processor.py:161} INFO - Started process (PID=1677) to work on /home/airflow/.local/lib/python3.12/site-packages/airflow/example_dags/example_kubernetes_executor.py
[2025-10-08T08:21:45.389+0000] {processor.py:830} INFO - Processing file /home/airflow/.local/lib/python3.12/site-packages/airflow/example_dags/example_kubernetes_executor.py for tasks to queue
[2025-10-08T08:21:45.392+0000] {logging_mixin.py:188} INFO - [2025-10-08T08:21:45.392+0000] {dagbag.py:545} INFO - Filling up the DagBag from /home/airflow/.local/lib/python3.12/site-packages/airflow/example_dags/example_kubernetes_executor.py
[2025-10-08T08:21:45.412+0000] {processor.py:840} INFO - DAG(s) 'example_kubernetes_executor' retrieved from /home/airflow/.local/lib/python3.12/site-packages/airflow/example_dags/example_kubernetes_executor.py
[2025-10-08T08:21:45.473+0000] {logging_mixin.py:188} INFO - [2025-10-08T08:21:45.472+0000] {dag.py:3096} INFO - Sync 1 DAGs
[2025-10-08T08:21:45.492+0000] {logging_mixin.py:188} INFO - [2025-10-08T08:21:45.492+0000] {dag.py:3954} INFO - Setting next_dagrun for example_kubernetes_executor to None, run_after=None
[2025-10-08T08:21:45.540+0000] {processor.py:183} INFO - Processing /home/airflow/.local/lib/python3.12/site-packages/airflow/example_dags/example_kubernetes_executor.py took 0.162 seconds
[2025-10-08T08:22:15.862+0000] {processor.py:161} INFO - Started process (PID=1735) to work on /home/airflow/.local/lib/python3.12/site-packages/airflow/example_dags/example_kubernetes_executor.py
[2025-10-08T08:22:15.868+0000] {processor.py:830} INFO - Processing file /home/airflow/.local/lib/python3.12/site-packages/airflow/example_dags/example_kubernetes_executor.py for tasks to queue
[2025-10-08T08:22:15.877+0000] {logging_mixin.py:188} INFO - [2025-10-08T08:22:15.876+0000] {dagbag.py:545} INFO - Filling up the DagBag from /home/airflow/.local/lib/python3.12/site-packages/airflow/example_dags/example_kubernetes_executor.py
[2025-10-08T08:22:15.938+0000] {processor.py:840} INFO - DAG(s) 'example_kubernetes_executor' retrieved from /home/airflow/.local/lib/python3.12/site-packages/airflow/example_dags/example_kubernetes_executor.py
[2025-10-08T08:22:16.156+0000] {logging_mixin.py:188} INFO - [2025-10-08T08:22:16.155+0000] {dag.py:3096} INFO - Sync 1 DAGs
[2025-10-08T08:22:16.230+0000] {logging_mixin.py:188} INFO - [2025-10-08T08:22:16.229+0000] {dag.py:3954} INFO - Setting next_dagrun for example_kubernetes_executor to None, run_after=None
[2025-10-08T08:22:16.328+0000] {processor.py:183} INFO - Processing /home/airflow/.local/lib/python3.12/site-packages/airflow/example_dags/example_kubernetes_executor.py took 0.500 seconds
[2025-10-08T08:22:47.185+0000] {processor.py:161} INFO - Started process (PID=1801) to work on /home/airflow/.local/lib/python3.12/site-packages/airflow/example_dags/example_kubernetes_executor.py
[2025-10-08T08:22:47.187+0000] {processor.py:830} INFO - Processing file /home/airflow/.local/lib/python3.12/site-packages/airflow/example_dags/example_kubernetes_executor.py for tasks to queue
[2025-10-08T08:22:47.190+0000] {logging_mixin.py:188} INFO - [2025-10-08T08:22:47.190+0000] {dagbag.py:545} INFO - Filling up the DagBag from /home/airflow/.local/lib/python3.12/site-packages/airflow/example_dags/example_kubernetes_executor.py
[2025-10-08T08:22:47.206+0000] {processor.py:840} INFO - DAG(s) 'example_kubernetes_executor' retrieved from /home/airflow/.local/lib/python3.12/site-packages/airflow/example_dags/example_kubernetes_executor.py
[2025-10-08T08:22:47.265+0000] {logging_mixin.py:188} INFO - [2025-10-08T08:22:47.264+0000] {dag.py:3096} INFO - Sync 1 DAGs
[2025-10-08T08:22:47.282+0000] {logging_mixin.py:188} INFO - [2025-10-08T08:22:47.282+0000] {dag.py:3954} INFO - Setting next_dagrun for example_kubernetes_executor to None, run_after=None
[2025-10-08T08:22:47.329+0000] {processor.py:183} INFO - Processing /home/airflow/.local/lib/python3.12/site-packages/airflow/example_dags/example_kubernetes_executor.py took 0.154 seconds
[2025-10-08T08:23:17.682+0000] {processor.py:161} INFO - Started process (PID=1860) to work on /home/airflow/.local/lib/python3.12/site-packages/airflow/example_dags/example_kubernetes_executor.py
[2025-10-08T08:23:17.686+0000] {processor.py:830} INFO - Processing file /home/airflow/.local/lib/python3.12/site-packages/airflow/example_dags/example_kubernetes_executor.py for tasks to queue
[2025-10-08T08:23:17.692+0000] {logging_mixin.py:188} INFO - [2025-10-08T08:23:17.691+0000] {dagbag.py:545} INFO - Filling up the DagBag from /home/airflow/.local/lib/python3.12/site-packages/airflow/example_dags/example_kubernetes_executor.py
[2025-10-08T08:23:17.718+0000] {processor.py:840} INFO - DAG(s) 'example_kubernetes_executor' retrieved from /home/airflow/.local/lib/python3.12/site-packages/airflow/example_dags/example_kubernetes_executor.py
[2025-10-08T08:23:17.788+0000] {logging_mixin.py:188} INFO - [2025-10-08T08:23:17.787+0000] {dag.py:3096} INFO - Sync 1 DAGs
[2025-10-08T08:23:17.813+0000] {logging_mixin.py:188} INFO - [2025-10-08T08:23:17.813+0000] {dag.py:3954} INFO - Setting next_dagrun for example_kubernetes_executor to None, run_after=None
[2025-10-08T08:23:17.849+0000] {processor.py:183} INFO - Processing /home/airflow/.local/lib/python3.12/site-packages/airflow/example_dags/example_kubernetes_executor.py took 0.180 seconds
[2025-10-08T08:23:48.099+0000] {processor.py:161} INFO - Started process (PID=1918) to work on /home/airflow/.local/lib/python3.12/site-packages/airflow/example_dags/example_kubernetes_executor.py
[2025-10-08T08:23:48.102+0000] {processor.py:830} INFO - Processing file /home/airflow/.local/lib/python3.12/site-packages/airflow/example_dags/example_kubernetes_executor.py for tasks to queue
[2025-10-08T08:23:48.108+0000] {logging_mixin.py:188} INFO - [2025-10-08T08:23:48.107+0000] {dagbag.py:545} INFO - Filling up the DagBag from /home/airflow/.local/lib/python3.12/site-packages/airflow/example_dags/example_kubernetes_executor.py
[2025-10-08T08:23:48.133+0000] {processor.py:840} INFO - DAG(s) 'example_kubernetes_executor' retrieved from /home/airflow/.local/lib/python3.12/site-packages/airflow/example_dags/example_kubernetes_executor.py
[2025-10-08T08:23:48.221+0000] {logging_mixin.py:188} INFO - [2025-10-08T08:23:48.220+0000] {dag.py:3096} INFO - Sync 1 DAGs
[2025-10-08T08:23:48.252+0000] {logging_mixin.py:188} INFO - [2025-10-08T08:23:48.251+0000] {dag.py:3954} INFO - Setting next_dagrun for example_kubernetes_executor to None, run_after=None
[2025-10-08T08:23:48.301+0000] {processor.py:183} INFO - Processing /home/airflow/.local/lib/python3.12/site-packages/airflow/example_dags/example_kubernetes_executor.py took 0.217 seconds
[2025-10-08T08:24:18.882+0000] {processor.py:161} INFO - Started process (PID=1977) to work on /home/airflow/.local/lib/python3.12/site-packages/airflow/example_dags/example_kubernetes_executor.py
[2025-10-08T08:24:18.886+0000] {processor.py:830} INFO - Processing file /home/airflow/.local/lib/python3.12/site-packages/airflow/example_dags/example_kubernetes_executor.py for tasks to queue
[2025-10-08T08:24:18.892+0000] {logging_mixin.py:188} INFO - [2025-10-08T08:24:18.891+0000] {dagbag.py:545} INFO - Filling up the DagBag from /home/airflow/.local/lib/python3.12/site-packages/airflow/example_dags/example_kubernetes_executor.py
[2025-10-08T08:24:18.920+0000] {processor.py:840} INFO - DAG(s) 'example_kubernetes_executor' retrieved from /home/airflow/.local/lib/python3.12/site-packages/airflow/example_dags/example_kubernetes_executor.py
[2025-10-08T08:24:19.001+0000] {logging_mixin.py:188} INFO - [2025-10-08T08:24:19.001+0000] {dag.py:3096} INFO - Sync 1 DAGs
[2025-10-08T08:24:19.019+0000] {logging_mixin.py:188} INFO - [2025-10-08T08:24:19.018+0000] {dag.py:3954} INFO - Setting next_dagrun for example_kubernetes_executor to None, run_after=None
[2025-10-08T08:24:19.052+0000] {processor.py:183} INFO - Processing /home/airflow/.local/lib/python3.12/site-packages/airflow/example_dags/example_kubernetes_executor.py took 0.187 seconds
[2025-10-08T08:24:49.433+0000] {processor.py:161} INFO - Started process (PID=2037) to work on /home/airflow/.local/lib/python3.12/site-packages/airflow/example_dags/example_kubernetes_executor.py
[2025-10-08T08:24:49.436+0000] {processor.py:830} INFO - Processing file /home/airflow/.local/lib/python3.12/site-packages/airflow/example_dags/example_kubernetes_executor.py for tasks to queue
[2025-10-08T08:24:49.440+0000] {logging_mixin.py:188} INFO - [2025-10-08T08:24:49.440+0000] {dagbag.py:545} INFO - Filling up the DagBag from /home/airflow/.local/lib/python3.12/site-packages/airflow/example_dags/example_kubernetes_executor.py
[2025-10-08T08:24:49.458+0000] {processor.py:840} INFO - DAG(s) 'example_kubernetes_executor' retrieved from /home/airflow/.local/lib/python3.12/site-packages/airflow/example_dags/example_kubernetes_executor.py
[2025-10-08T08:24:49.542+0000] {logging_mixin.py:188} INFO - [2025-10-08T08:24:49.542+0000] {dag.py:3096} INFO - Sync 1 DAGs
[2025-10-08T08:24:49.567+0000] {logging_mixin.py:188} INFO - [2025-10-08T08:24:49.566+0000] {dag.py:3954} INFO - Setting next_dagrun for example_kubernetes_executor to None, run_after=None
[2025-10-08T08:24:49.631+0000] {processor.py:183} INFO - Processing /home/airflow/.local/lib/python3.12/site-packages/airflow/example_dags/example_kubernetes_executor.py took 0.208 seconds
[2025-10-08T08:25:19.777+0000] {processor.py:161} INFO - Started process (PID=2096) to work on /home/airflow/.local/lib/python3.12/site-packages/airflow/example_dags/example_kubernetes_executor.py
[2025-10-08T08:25:19.781+0000] {processor.py:830} INFO - Processing file /home/airflow/.local/lib/python3.12/site-packages/airflow/example_dags/example_kubernetes_executor.py for tasks to queue
[2025-10-08T08:25:19.788+0000] {logging_mixin.py:188} INFO - [2025-10-08T08:25:19.787+0000] {dagbag.py:545} INFO - Filling up the DagBag from /home/airflow/.local/lib/python3.12/site-packages/airflow/example_dags/example_kubernetes_executor.py
[2025-10-08T08:25:19.825+0000] {processor.py:840} INFO - DAG(s) 'example_kubernetes_executor' retrieved from /home/airflow/.local/lib/python3.12/site-packages/airflow/example_dags/example_kubernetes_executor.py
[2025-10-08T08:25:19.901+0000] {logging_mixin.py:188} INFO - [2025-10-08T08:25:19.900+0000] {dag.py:3096} INFO - Sync 1 DAGs
[2025-10-08T08:25:19.930+0000] {logging_mixin.py:188} INFO - [2025-10-08T08:25:19.930+0000] {dag.py:3954} INFO - Setting next_dagrun for example_kubernetes_executor to None, run_after=None
[2025-10-08T08:25:19.964+0000] {processor.py:183} INFO - Processing /home/airflow/.local/lib/python3.12/site-packages/airflow/example_dags/example_kubernetes_executor.py took 0.205 seconds
[2025-10-08T08:25:50.696+0000] {processor.py:161} INFO - Started process (PID=2154) to work on /home/airflow/.local/lib/python3.12/site-packages/airflow/example_dags/example_kubernetes_executor.py
[2025-10-08T08:25:50.698+0000] {processor.py:830} INFO - Processing file /home/airflow/.local/lib/python3.12/site-packages/airflow/example_dags/example_kubernetes_executor.py for tasks to queue
[2025-10-08T08:25:50.702+0000] {logging_mixin.py:188} INFO - [2025-10-08T08:25:50.701+0000] {dagbag.py:545} INFO - Filling up the DagBag from /home/airflow/.local/lib/python3.12/site-packages/airflow/example_dags/example_kubernetes_executor.py
[2025-10-08T08:25:50.721+0000] {processor.py:840} INFO - DAG(s) 'example_kubernetes_executor' retrieved from /home/airflow/.local/lib/python3.12/site-packages/airflow/example_dags/example_kubernetes_executor.py
[2025-10-08T08:25:50.785+0000] {logging_mixin.py:188} INFO - [2025-10-08T08:25:50.785+0000] {dag.py:3096} INFO - Sync 1 DAGs
[2025-10-08T08:25:50.802+0000] {logging_mixin.py:188} INFO - [2025-10-08T08:25:50.802+0000] {dag.py:3954} INFO - Setting next_dagrun for example_kubernetes_executor to None, run_after=None
[2025-10-08T08:25:50.830+0000] {processor.py:183} INFO - Processing /home/airflow/.local/lib/python3.12/site-packages/airflow/example_dags/example_kubernetes_executor.py took 0.147 seconds
[2025-10-08T08:26:21.057+0000] {processor.py:161} INFO - Started process (PID=2213) to work on /home/airflow/.local/lib/python3.12/site-packages/airflow/example_dags/example_kubernetes_executor.py
[2025-10-08T08:26:21.062+0000] {processor.py:830} INFO - Processing file /home/airflow/.local/lib/python3.12/site-packages/airflow/example_dags/example_kubernetes_executor.py for tasks to queue
[2025-10-08T08:26:21.066+0000] {logging_mixin.py:188} INFO - [2025-10-08T08:26:21.065+0000] {dagbag.py:545} INFO - Filling up the DagBag from /home/airflow/.local/lib/python3.12/site-packages/airflow/example_dags/example_kubernetes_executor.py
[2025-10-08T08:26:21.086+0000] {processor.py:840} INFO - DAG(s) 'example_kubernetes_executor' retrieved from /home/airflow/.local/lib/python3.12/site-packages/airflow/example_dags/example_kubernetes_executor.py
[2025-10-08T08:26:21.144+0000] {logging_mixin.py:188} INFO - [2025-10-08T08:26:21.144+0000] {dag.py:3096} INFO - Sync 1 DAGs
[2025-10-08T08:26:21.164+0000] {logging_mixin.py:188} INFO - [2025-10-08T08:26:21.164+0000] {dag.py:3954} INFO - Setting next_dagrun for example_kubernetes_executor to None, run_after=None
[2025-10-08T08:26:21.195+0000] {processor.py:183} INFO - Processing /home/airflow/.local/lib/python3.12/site-packages/airflow/example_dags/example_kubernetes_executor.py took 0.149 seconds
[2025-10-08T08:26:52.057+0000] {processor.py:161} INFO - Started process (PID=2272) to work on /home/airflow/.local/lib/python3.12/site-packages/airflow/example_dags/example_kubernetes_executor.py
[2025-10-08T08:26:52.060+0000] {processor.py:830} INFO - Processing file /home/airflow/.local/lib/python3.12/site-packages/airflow/example_dags/example_kubernetes_executor.py for tasks to queue
[2025-10-08T08:26:52.067+0000] {logging_mixin.py:188} INFO - [2025-10-08T08:26:52.066+0000] {dagbag.py:545} INFO - Filling up the DagBag from /home/airflow/.local/lib/python3.12/site-packages/airflow/example_dags/example_kubernetes_executor.py
[2025-10-08T08:26:52.097+0000] {processor.py:840} INFO - DAG(s) 'example_kubernetes_executor' retrieved from /home/airflow/.local/lib/python3.12/site-packages/airflow/example_dags/example_kubernetes_executor.py
[2025-10-08T08:26:52.185+0000] {logging_mixin.py:188} INFO - [2025-10-08T08:26:52.185+0000] {dag.py:3096} INFO - Sync 1 DAGs
[2025-10-08T08:26:52.203+0000] {logging_mixin.py:188} INFO - [2025-10-08T08:26:52.202+0000] {dag.py:3954} INFO - Setting next_dagrun for example_kubernetes_executor to None, run_after=None
[2025-10-08T08:26:52.268+0000] {processor.py:183} INFO - Processing /home/airflow/.local/lib/python3.12/site-packages/airflow/example_dags/example_kubernetes_executor.py took 0.229 seconds
[2025-10-08T08:27:22.547+0000] {processor.py:161} INFO - Started process (PID=2331) to work on /home/airflow/.local/lib/python3.12/site-packages/airflow/example_dags/example_kubernetes_executor.py
[2025-10-08T08:27:22.551+0000] {processor.py:830} INFO - Processing file /home/airflow/.local/lib/python3.12/site-packages/airflow/example_dags/example_kubernetes_executor.py for tasks to queue
[2025-10-08T08:27:22.559+0000] {logging_mixin.py:188} INFO - [2025-10-08T08:27:22.558+0000] {dagbag.py:545} INFO - Filling up the DagBag from /home/airflow/.local/lib/python3.12/site-packages/airflow/example_dags/example_kubernetes_executor.py
[2025-10-08T08:27:22.588+0000] {processor.py:840} INFO - DAG(s) 'example_kubernetes_executor' retrieved from /home/airflow/.local/lib/python3.12/site-packages/airflow/example_dags/example_kubernetes_executor.py
[2025-10-08T08:27:22.666+0000] {logging_mixin.py:188} INFO - [2025-10-08T08:27:22.665+0000] {dag.py:3096} INFO - Sync 1 DAGs
[2025-10-08T08:27:22.687+0000] {logging_mixin.py:188} INFO - [2025-10-08T08:27:22.686+0000] {dag.py:3954} INFO - Setting next_dagrun for example_kubernetes_executor to None, run_after=None
[2025-10-08T08:27:22.719+0000] {processor.py:183} INFO - Processing /home/airflow/.local/lib/python3.12/site-packages/airflow/example_dags/example_kubernetes_executor.py took 0.188 seconds
[2025-10-08T08:27:52.933+0000] {processor.py:161} INFO - Started process (PID=2390) to work on /home/airflow/.local/lib/python3.12/site-packages/airflow/example_dags/example_kubernetes_executor.py
[2025-10-08T08:27:52.936+0000] {processor.py:830} INFO - Processing file /home/airflow/.local/lib/python3.12/site-packages/airflow/example_dags/example_kubernetes_executor.py for tasks to queue
[2025-10-08T08:27:52.943+0000] {logging_mixin.py:188} INFO - [2025-10-08T08:27:52.942+0000] {dagbag.py:545} INFO - Filling up the DagBag from /home/airflow/.local/lib/python3.12/site-packages/airflow/example_dags/example_kubernetes_executor.py
[2025-10-08T08:27:52.969+0000] {processor.py:840} INFO - DAG(s) 'example_kubernetes_executor' retrieved from /home/airflow/.local/lib/python3.12/site-packages/airflow/example_dags/example_kubernetes_executor.py
[2025-10-08T08:27:53.030+0000] {logging_mixin.py:188} INFO - [2025-10-08T08:27:53.029+0000] {dag.py:3096} INFO - Sync 1 DAGs
[2025-10-08T08:27:53.050+0000] {logging_mixin.py:188} INFO - [2025-10-08T08:27:53.049+0000] {dag.py:3954} INFO - Setting next_dagrun for example_kubernetes_executor to None, run_after=None
[2025-10-08T08:27:53.083+0000] {processor.py:183} INFO - Processing /home/airflow/.local/lib/python3.12/site-packages/airflow/example_dags/example_kubernetes_executor.py took 0.161 seconds
[2025-10-08T08:28:23.434+0000] {processor.py:161} INFO - Started process (PID=2449) to work on /home/airflow/.local/lib/python3.12/site-packages/airflow/example_dags/example_kubernetes_executor.py
[2025-10-08T08:28:23.436+0000] {processor.py:830} INFO - Processing file /home/airflow/.local/lib/python3.12/site-packages/airflow/example_dags/example_kubernetes_executor.py for tasks to queue
[2025-10-08T08:28:23.441+0000] {logging_mixin.py:188} INFO - [2025-10-08T08:28:23.440+0000] {dagbag.py:545} INFO - Filling up the DagBag from /home/airflow/.local/lib/python3.12/site-packages/airflow/example_dags/example_kubernetes_executor.py
[2025-10-08T08:28:23.460+0000] {processor.py:840} INFO - DAG(s) 'example_kubernetes_executor' retrieved from /home/airflow/.local/lib/python3.12/site-packages/airflow/example_dags/example_kubernetes_executor.py
[2025-10-08T08:28:23.526+0000] {logging_mixin.py:188} INFO - [2025-10-08T08:28:23.526+0000] {dag.py:3096} INFO - Sync 1 DAGs
[2025-10-08T08:28:23.544+0000] {logging_mixin.py:188} INFO - [2025-10-08T08:28:23.544+0000] {dag.py:3954} INFO - Setting next_dagrun for example_kubernetes_executor to None, run_after=None
[2025-10-08T08:28:23.590+0000] {processor.py:183} INFO - Processing /home/airflow/.local/lib/python3.12/site-packages/airflow/example_dags/example_kubernetes_executor.py took 0.165 seconds
[2025-10-08T08:28:54.340+0000] {processor.py:161} INFO - Started process (PID=2508) to work on /home/airflow/.local/lib/python3.12/site-packages/airflow/example_dags/example_kubernetes_executor.py
[2025-10-08T08:28:54.342+0000] {processor.py:830} INFO - Processing file /home/airflow/.local/lib/python3.12/site-packages/airflow/example_dags/example_kubernetes_executor.py for tasks to queue
[2025-10-08T08:28:54.347+0000] {logging_mixin.py:188} INFO - [2025-10-08T08:28:54.346+0000] {dagbag.py:545} INFO - Filling up the DagBag from /home/airflow/.local/lib/python3.12/site-packages/airflow/example_dags/example_kubernetes_executor.py
[2025-10-08T08:28:54.368+0000] {processor.py:840} INFO - DAG(s) 'example_kubernetes_executor' retrieved from /home/airflow/.local/lib/python3.12/site-packages/airflow/example_dags/example_kubernetes_executor.py
[2025-10-08T08:28:54.451+0000] {logging_mixin.py:188} INFO - [2025-10-08T08:28:54.450+0000] {dag.py:3096} INFO - Sync 1 DAGs
[2025-10-08T08:28:54.470+0000] {logging_mixin.py:188} INFO - [2025-10-08T08:28:54.469+0000] {dag.py:3954} INFO - Setting next_dagrun for example_kubernetes_executor to None, run_after=None
[2025-10-08T08:28:54.501+0000] {processor.py:183} INFO - Processing /home/airflow/.local/lib/python3.12/site-packages/airflow/example_dags/example_kubernetes_executor.py took 0.179 seconds
[2025-10-08T08:29:25.167+0000] {processor.py:161} INFO - Started process (PID=2567) to work on /home/airflow/.local/lib/python3.12/site-packages/airflow/example_dags/example_kubernetes_executor.py
[2025-10-08T08:29:25.170+0000] {processor.py:830} INFO - Processing file /home/airflow/.local/lib/python3.12/site-packages/airflow/example_dags/example_kubernetes_executor.py for tasks to queue
[2025-10-08T08:29:25.175+0000] {logging_mixin.py:188} INFO - [2025-10-08T08:29:25.175+0000] {dagbag.py:545} INFO - Filling up the DagBag from /home/airflow/.local/lib/python3.12/site-packages/airflow/example_dags/example_kubernetes_executor.py
[2025-10-08T08:29:25.213+0000] {processor.py:840} INFO - DAG(s) 'example_kubernetes_executor' retrieved from /home/airflow/.local/lib/python3.12/site-packages/airflow/example_dags/example_kubernetes_executor.py
[2025-10-08T08:29:25.306+0000] {logging_mixin.py:188} INFO - [2025-10-08T08:29:25.306+0000] {dag.py:3096} INFO - Sync 1 DAGs
[2025-10-08T08:29:25.331+0000] {logging_mixin.py:188} INFO - [2025-10-08T08:29:25.330+0000] {dag.py:3954} INFO - Setting next_dagrun for example_kubernetes_executor to None, run_after=None
[2025-10-08T08:29:25.384+0000] {processor.py:183} INFO - Processing /home/airflow/.local/lib/python3.12/site-packages/airflow/example_dags/example_kubernetes_executor.py took 0.231 seconds
[2025-10-08T08:29:56.372+0000] {processor.py:161} INFO - Started process (PID=2626) to work on /home/airflow/.local/lib/python3.12/site-packages/airflow/example_dags/example_kubernetes_executor.py
[2025-10-08T08:29:56.373+0000] {processor.py:830} INFO - Processing file /home/airflow/.local/lib/python3.12/site-packages/airflow/example_dags/example_kubernetes_executor.py for tasks to queue
[2025-10-08T08:29:56.377+0000] {logging_mixin.py:188} INFO - [2025-10-08T08:29:56.377+0000] {dagbag.py:545} INFO - Filling up the DagBag from /home/airflow/.local/lib/python3.12/site-packages/airflow/example_dags/example_kubernetes_executor.py
[2025-10-08T08:29:56.396+0000] {processor.py:840} INFO - DAG(s) 'example_kubernetes_executor' retrieved from /home/airflow/.local/lib/python3.12/site-packages/airflow/example_dags/example_kubernetes_executor.py
[2025-10-08T08:29:56.468+0000] {logging_mixin.py:188} INFO - [2025-10-08T08:29:56.467+0000] {dag.py:3096} INFO - Sync 1 DAGs
[2025-10-08T08:29:56.490+0000] {logging_mixin.py:188} INFO - [2025-10-08T08:29:56.489+0000] {dag.py:3954} INFO - Setting next_dagrun for example_kubernetes_executor to None, run_after=None
[2025-10-08T08:29:56.524+0000] {processor.py:183} INFO - Processing /home/airflow/.local/lib/python3.12/site-packages/airflow/example_dags/example_kubernetes_executor.py took 0.163 seconds
[2025-10-08T08:33:07.465+0000] {processor.py:161} INFO - Started process (PID=2696) to work on /home/airflow/.local/lib/python3.12/site-packages/airflow/example_dags/example_kubernetes_executor.py
[2025-10-08T08:33:07.467+0000] {processor.py:830} INFO - Processing file /home/airflow/.local/lib/python3.12/site-packages/airflow/example_dags/example_kubernetes_executor.py for tasks to queue
[2025-10-08T08:33:07.470+0000] {logging_mixin.py:188} INFO - [2025-10-08T08:33:07.469+0000] {dagbag.py:545} INFO - Filling up the DagBag from /home/airflow/.local/lib/python3.12/site-packages/airflow/example_dags/example_kubernetes_executor.py
[2025-10-08T08:33:07.490+0000] {processor.py:840} INFO - DAG(s) 'example_kubernetes_executor' retrieved from /home/airflow/.local/lib/python3.12/site-packages/airflow/example_dags/example_kubernetes_executor.py
[2025-10-08T08:33:07.536+0000] {logging_mixin.py:188} INFO - [2025-10-08T08:33:07.535+0000] {dag.py:3096} INFO - Sync 1 DAGs
[2025-10-08T08:33:07.550+0000] {logging_mixin.py:188} INFO - [2025-10-08T08:33:07.549+0000] {dag.py:3954} INFO - Setting next_dagrun for example_kubernetes_executor to None, run_after=None
[2025-10-08T08:33:07.691+0000] {processor.py:183} INFO - Processing /home/airflow/.local/lib/python3.12/site-packages/airflow/example_dags/example_kubernetes_executor.py took 0.232 seconds
[2025-10-08T08:33:37.773+0000] {processor.py:161} INFO - Started process (PID=2756) to work on /home/airflow/.local/lib/python3.12/site-packages/airflow/example_dags/example_kubernetes_executor.py
[2025-10-08T08:33:37.774+0000] {processor.py:830} INFO - Processing file /home/airflow/.local/lib/python3.12/site-packages/airflow/example_dags/example_kubernetes_executor.py for tasks to queue
[2025-10-08T08:33:37.776+0000] {logging_mixin.py:188} INFO - [2025-10-08T08:33:37.776+0000] {dagbag.py:545} INFO - Filling up the DagBag from /home/airflow/.local/lib/python3.12/site-packages/airflow/example_dags/example_kubernetes_executor.py
[2025-10-08T08:33:37.789+0000] {processor.py:840} INFO - DAG(s) 'example_kubernetes_executor' retrieved from /home/airflow/.local/lib/python3.12/site-packages/airflow/example_dags/example_kubernetes_executor.py
[2025-10-08T08:33:37.827+0000] {logging_mixin.py:188} INFO - [2025-10-08T08:33:37.827+0000] {dag.py:3096} INFO - Sync 1 DAGs
[2025-10-08T08:33:37.842+0000] {logging_mixin.py:188} INFO - [2025-10-08T08:33:37.842+0000] {dag.py:3954} INFO - Setting next_dagrun for example_kubernetes_executor to None, run_after=None
[2025-10-08T08:33:37.872+0000] {processor.py:183} INFO - Processing /home/airflow/.local/lib/python3.12/site-packages/airflow/example_dags/example_kubernetes_executor.py took 0.105 seconds
[2025-10-08T08:34:08.432+0000] {processor.py:161} INFO - Started process (PID=2815) to work on /home/airflow/.local/lib/python3.12/site-packages/airflow/example_dags/example_kubernetes_executor.py
[2025-10-08T08:34:08.434+0000] {processor.py:830} INFO - Processing file /home/airflow/.local/lib/python3.12/site-packages/airflow/example_dags/example_kubernetes_executor.py for tasks to queue
[2025-10-08T08:34:08.437+0000] {logging_mixin.py:188} INFO - [2025-10-08T08:34:08.437+0000] {dagbag.py:545} INFO - Filling up the DagBag from /home/airflow/.local/lib/python3.12/site-packages/airflow/example_dags/example_kubernetes_executor.py
[2025-10-08T08:34:08.452+0000] {processor.py:840} INFO - DAG(s) 'example_kubernetes_executor' retrieved from /home/airflow/.local/lib/python3.12/site-packages/airflow/example_dags/example_kubernetes_executor.py
[2025-10-08T08:34:08.496+0000] {logging_mixin.py:188} INFO - [2025-10-08T08:34:08.495+0000] {dag.py:3096} INFO - Sync 1 DAGs
[2025-10-08T08:34:08.510+0000] {logging_mixin.py:188} INFO - [2025-10-08T08:34:08.510+0000] {dag.py:3954} INFO - Setting next_dagrun for example_kubernetes_executor to None, run_after=None
[2025-10-08T08:34:08.535+0000] {processor.py:183} INFO - Processing /home/airflow/.local/lib/python3.12/site-packages/airflow/example_dags/example_kubernetes_executor.py took 0.110 seconds
[2025-10-08T08:34:39.679+0000] {processor.py:161} INFO - Started process (PID=2874) to work on /home/airflow/.local/lib/python3.12/site-packages/airflow/example_dags/example_kubernetes_executor.py
[2025-10-08T08:34:39.682+0000] {processor.py:830} INFO - Processing file /home/airflow/.local/lib/python3.12/site-packages/airflow/example_dags/example_kubernetes_executor.py for tasks to queue
[2025-10-08T08:34:39.686+0000] {logging_mixin.py:188} INFO - [2025-10-08T08:34:39.685+0000] {dagbag.py:545} INFO - Filling up the DagBag from /home/airflow/.local/lib/python3.12/site-packages/airflow/example_dags/example_kubernetes_executor.py
[2025-10-08T08:34:39.738+0000] {processor.py:840} INFO - DAG(s) 'example_kubernetes_executor' retrieved from /home/airflow/.local/lib/python3.12/site-packages/airflow/example_dags/example_kubernetes_executor.py
[2025-10-08T08:34:39.937+0000] {logging_mixin.py:188} INFO - [2025-10-08T08:34:39.936+0000] {dag.py:3096} INFO - Sync 1 DAGs
[2025-10-08T08:34:39.995+0000] {logging_mixin.py:188} INFO - [2025-10-08T08:34:39.994+0000] {dag.py:3954} INFO - Setting next_dagrun for example_kubernetes_executor to None, run_after=None
[2025-10-08T08:34:40.038+0000] {processor.py:183} INFO - Processing /home/airflow/.local/lib/python3.12/site-packages/airflow/example_dags/example_kubernetes_executor.py took 0.390 seconds
[2025-10-08T08:35:10.571+0000] {processor.py:161} INFO - Started process (PID=2933) to work on /home/airflow/.local/lib/python3.12/site-packages/airflow/example_dags/example_kubernetes_executor.py
[2025-10-08T08:35:10.572+0000] {processor.py:830} INFO - Processing file /home/airflow/.local/lib/python3.12/site-packages/airflow/example_dags/example_kubernetes_executor.py for tasks to queue
[2025-10-08T08:35:10.577+0000] {logging_mixin.py:188} INFO - [2025-10-08T08:35:10.576+0000] {dagbag.py:545} INFO - Filling up the DagBag from /home/airflow/.local/lib/python3.12/site-packages/airflow/example_dags/example_kubernetes_executor.py
[2025-10-08T08:35:10.595+0000] {processor.py:840} INFO - DAG(s) 'example_kubernetes_executor' retrieved from /home/airflow/.local/lib/python3.12/site-packages/airflow/example_dags/example_kubernetes_executor.py
[2025-10-08T08:35:10.661+0000] {logging_mixin.py:188} INFO - [2025-10-08T08:35:10.661+0000] {dag.py:3096} INFO - Sync 1 DAGs
[2025-10-08T08:35:10.680+0000] {logging_mixin.py:188} INFO - [2025-10-08T08:35:10.679+0000] {dag.py:3954} INFO - Setting next_dagrun for example_kubernetes_executor to None, run_after=None
[2025-10-08T08:35:10.707+0000] {processor.py:183} INFO - Processing /home/airflow/.local/lib/python3.12/site-packages/airflow/example_dags/example_kubernetes_executor.py took 0.147 seconds
[2025-10-08T08:35:40.976+0000] {processor.py:161} INFO - Started process (PID=2992) to work on /home/airflow/.local/lib/python3.12/site-packages/airflow/example_dags/example_kubernetes_executor.py
[2025-10-08T08:35:40.978+0000] {processor.py:830} INFO - Processing file /home/airflow/.local/lib/python3.12/site-packages/airflow/example_dags/example_kubernetes_executor.py for tasks to queue
[2025-10-08T08:35:40.981+0000] {logging_mixin.py:188} INFO - [2025-10-08T08:35:40.980+0000] {dagbag.py:545} INFO - Filling up the DagBag from /home/airflow/.local/lib/python3.12/site-packages/airflow/example_dags/example_kubernetes_executor.py
[2025-10-08T08:35:40.996+0000] {processor.py:840} INFO - DAG(s) 'example_kubernetes_executor' retrieved from /home/airflow/.local/lib/python3.12/site-packages/airflow/example_dags/example_kubernetes_executor.py
[2025-10-08T08:35:41.039+0000] {logging_mixin.py:188} INFO - [2025-10-08T08:35:41.038+0000] {dag.py:3096} INFO - Sync 1 DAGs
[2025-10-08T08:35:41.054+0000] {logging_mixin.py:188} INFO - [2025-10-08T08:35:41.054+0000] {dag.py:3954} INFO - Setting next_dagrun for example_kubernetes_executor to None, run_after=None
[2025-10-08T08:35:41.078+0000] {processor.py:183} INFO - Processing /home/airflow/.local/lib/python3.12/site-packages/airflow/example_dags/example_kubernetes_executor.py took 0.109 seconds
[2025-10-08T08:36:11.421+0000] {processor.py:161} INFO - Started process (PID=3051) to work on /home/airflow/.local/lib/python3.12/site-packages/airflow/example_dags/example_kubernetes_executor.py
[2025-10-08T08:36:11.422+0000] {processor.py:830} INFO - Processing file /home/airflow/.local/lib/python3.12/site-packages/airflow/example_dags/example_kubernetes_executor.py for tasks to queue
[2025-10-08T08:36:11.426+0000] {logging_mixin.py:188} INFO - [2025-10-08T08:36:11.425+0000] {dagbag.py:545} INFO - Filling up the DagBag from /home/airflow/.local/lib/python3.12/site-packages/airflow/example_dags/example_kubernetes_executor.py
[2025-10-08T08:36:11.449+0000] {processor.py:840} INFO - DAG(s) 'example_kubernetes_executor' retrieved from /home/airflow/.local/lib/python3.12/site-packages/airflow/example_dags/example_kubernetes_executor.py
[2025-10-08T08:36:11.500+0000] {logging_mixin.py:188} INFO - [2025-10-08T08:36:11.500+0000] {dag.py:3096} INFO - Sync 1 DAGs
[2025-10-08T08:36:11.513+0000] {logging_mixin.py:188} INFO - [2025-10-08T08:36:11.513+0000] {dag.py:3954} INFO - Setting next_dagrun for example_kubernetes_executor to None, run_after=None
[2025-10-08T08:36:11.540+0000] {processor.py:183} INFO - Processing /home/airflow/.local/lib/python3.12/site-packages/airflow/example_dags/example_kubernetes_executor.py took 0.127 seconds
[2025-10-08T08:36:41.982+0000] {processor.py:161} INFO - Started process (PID=3110) to work on /home/airflow/.local/lib/python3.12/site-packages/airflow/example_dags/example_kubernetes_executor.py
[2025-10-08T08:36:41.983+0000] {processor.py:830} INFO - Processing file /home/airflow/.local/lib/python3.12/site-packages/airflow/example_dags/example_kubernetes_executor.py for tasks to queue
[2025-10-08T08:36:41.986+0000] {logging_mixin.py:188} INFO - [2025-10-08T08:36:41.985+0000] {dagbag.py:545} INFO - Filling up the DagBag from /home/airflow/.local/lib/python3.12/site-packages/airflow/example_dags/example_kubernetes_executor.py
[2025-10-08T08:36:41.999+0000] {processor.py:840} INFO - DAG(s) 'example_kubernetes_executor' retrieved from /home/airflow/.local/lib/python3.12/site-packages/airflow/example_dags/example_kubernetes_executor.py
[2025-10-08T08:36:42.059+0000] {logging_mixin.py:188} INFO - [2025-10-08T08:36:42.058+0000] {dag.py:3096} INFO - Sync 1 DAGs
[2025-10-08T08:36:42.088+0000] {logging_mixin.py:188} INFO - [2025-10-08T08:36:42.087+0000] {dag.py:3954} INFO - Setting next_dagrun for example_kubernetes_executor to None, run_after=None
[2025-10-08T08:36:42.136+0000] {processor.py:183} INFO - Processing /home/airflow/.local/lib/python3.12/site-packages/airflow/example_dags/example_kubernetes_executor.py took 0.160 seconds
[2025-10-08T08:37:12.578+0000] {processor.py:161} INFO - Started process (PID=3169) to work on /home/airflow/.local/lib/python3.12/site-packages/airflow/example_dags/example_kubernetes_executor.py
[2025-10-08T08:37:12.580+0000] {processor.py:830} INFO - Processing file /home/airflow/.local/lib/python3.12/site-packages/airflow/example_dags/example_kubernetes_executor.py for tasks to queue
[2025-10-08T08:37:12.584+0000] {logging_mixin.py:188} INFO - [2025-10-08T08:37:12.583+0000] {dagbag.py:545} INFO - Filling up the DagBag from /home/airflow/.local/lib/python3.12/site-packages/airflow/example_dags/example_kubernetes_executor.py
[2025-10-08T08:37:12.600+0000] {processor.py:840} INFO - DAG(s) 'example_kubernetes_executor' retrieved from /home/airflow/.local/lib/python3.12/site-packages/airflow/example_dags/example_kubernetes_executor.py
[2025-10-08T08:37:12.649+0000] {logging_mixin.py:188} INFO - [2025-10-08T08:37:12.648+0000] {dag.py:3096} INFO - Sync 1 DAGs
[2025-10-08T08:37:12.668+0000] {logging_mixin.py:188} INFO - [2025-10-08T08:37:12.667+0000] {dag.py:3954} INFO - Setting next_dagrun for example_kubernetes_executor to None, run_after=None
[2025-10-08T08:37:12.697+0000] {processor.py:183} INFO - Processing /home/airflow/.local/lib/python3.12/site-packages/airflow/example_dags/example_kubernetes_executor.py took 0.126 seconds
[2025-10-08T08:37:43.052+0000] {processor.py:161} INFO - Started process (PID=3228) to work on /home/airflow/.local/lib/python3.12/site-packages/airflow/example_dags/example_kubernetes_executor.py
[2025-10-08T08:37:43.054+0000] {processor.py:830} INFO - Processing file /home/airflow/.local/lib/python3.12/site-packages/airflow/example_dags/example_kubernetes_executor.py for tasks to queue
[2025-10-08T08:37:43.057+0000] {logging_mixin.py:188} INFO - [2025-10-08T08:37:43.056+0000] {dagbag.py:545} INFO - Filling up the DagBag from /home/airflow/.local/lib/python3.12/site-packages/airflow/example_dags/example_kubernetes_executor.py
[2025-10-08T08:37:43.073+0000] {processor.py:840} INFO - DAG(s) 'example_kubernetes_executor' retrieved from /home/airflow/.local/lib/python3.12/site-packages/airflow/example_dags/example_kubernetes_executor.py
[2025-10-08T08:37:43.123+0000] {logging_mixin.py:188} INFO - [2025-10-08T08:37:43.123+0000] {dag.py:3096} INFO - Sync 1 DAGs
[2025-10-08T08:37:43.144+0000] {logging_mixin.py:188} INFO - [2025-10-08T08:37:43.144+0000] {dag.py:3954} INFO - Setting next_dagrun for example_kubernetes_executor to None, run_after=None
[2025-10-08T08:37:43.178+0000] {processor.py:183} INFO - Processing /home/airflow/.local/lib/python3.12/site-packages/airflow/example_dags/example_kubernetes_executor.py took 0.135 seconds
[2025-10-08T08:38:14.665+0000] {processor.py:161} INFO - Started process (PID=3287) to work on /home/airflow/.local/lib/python3.12/site-packages/airflow/example_dags/example_kubernetes_executor.py
[2025-10-08T08:38:14.667+0000] {processor.py:830} INFO - Processing file /home/airflow/.local/lib/python3.12/site-packages/airflow/example_dags/example_kubernetes_executor.py for tasks to queue
[2025-10-08T08:38:14.670+0000] {logging_mixin.py:188} INFO - [2025-10-08T08:38:14.670+0000] {dagbag.py:545} INFO - Filling up the DagBag from /home/airflow/.local/lib/python3.12/site-packages/airflow/example_dags/example_kubernetes_executor.py
[2025-10-08T08:38:14.688+0000] {processor.py:840} INFO - DAG(s) 'example_kubernetes_executor' retrieved from /home/airflow/.local/lib/python3.12/site-packages/airflow/example_dags/example_kubernetes_executor.py
[2025-10-08T08:38:14.736+0000] {logging_mixin.py:188} INFO - [2025-10-08T08:38:14.736+0000] {dag.py:3096} INFO - Sync 1 DAGs
[2025-10-08T08:38:14.749+0000] {logging_mixin.py:188} INFO - [2025-10-08T08:38:14.749+0000] {dag.py:3954} INFO - Setting next_dagrun for example_kubernetes_executor to None, run_after=None
[2025-10-08T08:38:14.773+0000] {processor.py:183} INFO - Processing /home/airflow/.local/lib/python3.12/site-packages/airflow/example_dags/example_kubernetes_executor.py took 0.122 seconds
[2025-10-08T08:38:45.498+0000] {processor.py:161} INFO - Started process (PID=3346) to work on /home/airflow/.local/lib/python3.12/site-packages/airflow/example_dags/example_kubernetes_executor.py
[2025-10-08T08:38:45.501+0000] {processor.py:830} INFO - Processing file /home/airflow/.local/lib/python3.12/site-packages/airflow/example_dags/example_kubernetes_executor.py for tasks to queue
[2025-10-08T08:38:45.504+0000] {logging_mixin.py:188} INFO - [2025-10-08T08:38:45.503+0000] {dagbag.py:545} INFO - Filling up the DagBag from /home/airflow/.local/lib/python3.12/site-packages/airflow/example_dags/example_kubernetes_executor.py
[2025-10-08T08:38:45.525+0000] {processor.py:840} INFO - DAG(s) 'example_kubernetes_executor' retrieved from /home/airflow/.local/lib/python3.12/site-packages/airflow/example_dags/example_kubernetes_executor.py
[2025-10-08T08:38:45.595+0000] {logging_mixin.py:188} INFO - [2025-10-08T08:38:45.595+0000] {dag.py:3096} INFO - Sync 1 DAGs
[2025-10-08T08:38:45.615+0000] {logging_mixin.py:188} INFO - [2025-10-08T08:38:45.614+0000] {dag.py:3954} INFO - Setting next_dagrun for example_kubernetes_executor to None, run_after=None
[2025-10-08T08:38:45.639+0000] {processor.py:183} INFO - Processing /home/airflow/.local/lib/python3.12/site-packages/airflow/example_dags/example_kubernetes_executor.py took 0.156 seconds
[2025-10-08T08:39:15.890+0000] {processor.py:161} INFO - Started process (PID=3406) to work on /home/airflow/.local/lib/python3.12/site-packages/airflow/example_dags/example_kubernetes_executor.py
[2025-10-08T08:39:15.896+0000] {processor.py:830} INFO - Processing file /home/airflow/.local/lib/python3.12/site-packages/airflow/example_dags/example_kubernetes_executor.py for tasks to queue
[2025-10-08T08:39:15.903+0000] {logging_mixin.py:188} INFO - [2025-10-08T08:39:15.902+0000] {dagbag.py:545} INFO - Filling up the DagBag from /home/airflow/.local/lib/python3.12/site-packages/airflow/example_dags/example_kubernetes_executor.py
[2025-10-08T08:39:15.940+0000] {processor.py:840} INFO - DAG(s) 'example_kubernetes_executor' retrieved from /home/airflow/.local/lib/python3.12/site-packages/airflow/example_dags/example_kubernetes_executor.py
[2025-10-08T08:39:16.025+0000] {logging_mixin.py:188} INFO - [2025-10-08T08:39:16.025+0000] {dag.py:3096} INFO - Sync 1 DAGs
[2025-10-08T08:39:16.049+0000] {logging_mixin.py:188} INFO - [2025-10-08T08:39:16.049+0000] {dag.py:3954} INFO - Setting next_dagrun for example_kubernetes_executor to None, run_after=None
[2025-10-08T08:39:16.093+0000] {processor.py:183} INFO - Processing /home/airflow/.local/lib/python3.12/site-packages/airflow/example_dags/example_kubernetes_executor.py took 0.215 seconds
[2025-10-08T08:39:46.835+0000] {processor.py:161} INFO - Started process (PID=3471) to work on /home/airflow/.local/lib/python3.12/site-packages/airflow/example_dags/example_kubernetes_executor.py
[2025-10-08T08:39:46.837+0000] {processor.py:830} INFO - Processing file /home/airflow/.local/lib/python3.12/site-packages/airflow/example_dags/example_kubernetes_executor.py for tasks to queue
[2025-10-08T08:39:46.840+0000] {logging_mixin.py:188} INFO - [2025-10-08T08:39:46.839+0000] {dagbag.py:545} INFO - Filling up the DagBag from /home/airflow/.local/lib/python3.12/site-packages/airflow/example_dags/example_kubernetes_executor.py
[2025-10-08T08:39:46.856+0000] {processor.py:840} INFO - DAG(s) 'example_kubernetes_executor' retrieved from /home/airflow/.local/lib/python3.12/site-packages/airflow/example_dags/example_kubernetes_executor.py
[2025-10-08T08:39:46.908+0000] {logging_mixin.py:188} INFO - [2025-10-08T08:39:46.908+0000] {dag.py:3096} INFO - Sync 1 DAGs
[2025-10-08T08:39:46.927+0000] {logging_mixin.py:188} INFO - [2025-10-08T08:39:46.927+0000] {dag.py:3954} INFO - Setting next_dagrun for example_kubernetes_executor to None, run_after=None
[2025-10-08T08:39:46.953+0000] {processor.py:183} INFO - Processing /home/airflow/.local/lib/python3.12/site-packages/airflow/example_dags/example_kubernetes_executor.py took 0.127 seconds
[2025-10-08T08:40:17.601+0000] {processor.py:161} INFO - Started process (PID=3530) to work on /home/airflow/.local/lib/python3.12/site-packages/airflow/example_dags/example_kubernetes_executor.py
[2025-10-08T08:40:17.603+0000] {processor.py:830} INFO - Processing file /home/airflow/.local/lib/python3.12/site-packages/airflow/example_dags/example_kubernetes_executor.py for tasks to queue
[2025-10-08T08:40:17.606+0000] {logging_mixin.py:188} INFO - [2025-10-08T08:40:17.606+0000] {dagbag.py:545} INFO - Filling up the DagBag from /home/airflow/.local/lib/python3.12/site-packages/airflow/example_dags/example_kubernetes_executor.py
[2025-10-08T08:40:17.623+0000] {processor.py:840} INFO - DAG(s) 'example_kubernetes_executor' retrieved from /home/airflow/.local/lib/python3.12/site-packages/airflow/example_dags/example_kubernetes_executor.py
[2025-10-08T08:40:17.674+0000] {logging_mixin.py:188} INFO - [2025-10-08T08:40:17.673+0000] {dag.py:3096} INFO - Sync 1 DAGs
[2025-10-08T08:40:17.694+0000] {logging_mixin.py:188} INFO - [2025-10-08T08:40:17.694+0000] {dag.py:3954} INFO - Setting next_dagrun for example_kubernetes_executor to None, run_after=None
[2025-10-08T08:40:17.721+0000] {processor.py:183} INFO - Processing /home/airflow/.local/lib/python3.12/site-packages/airflow/example_dags/example_kubernetes_executor.py took 0.131 seconds
[2025-10-08T08:40:47.832+0000] {processor.py:161} INFO - Started process (PID=3595) to work on /home/airflow/.local/lib/python3.12/site-packages/airflow/example_dags/example_kubernetes_executor.py
[2025-10-08T08:40:47.833+0000] {processor.py:830} INFO - Processing file /home/airflow/.local/lib/python3.12/site-packages/airflow/example_dags/example_kubernetes_executor.py for tasks to queue
[2025-10-08T08:40:47.836+0000] {logging_mixin.py:188} INFO - [2025-10-08T08:40:47.836+0000] {dagbag.py:545} INFO - Filling up the DagBag from /home/airflow/.local/lib/python3.12/site-packages/airflow/example_dags/example_kubernetes_executor.py
[2025-10-08T08:40:47.851+0000] {processor.py:840} INFO - DAG(s) 'example_kubernetes_executor' retrieved from /home/airflow/.local/lib/python3.12/site-packages/airflow/example_dags/example_kubernetes_executor.py
[2025-10-08T08:40:47.901+0000] {logging_mixin.py:188} INFO - [2025-10-08T08:40:47.901+0000] {dag.py:3096} INFO - Sync 1 DAGs
[2025-10-08T08:40:47.919+0000] {logging_mixin.py:188} INFO - [2025-10-08T08:40:47.918+0000] {dag.py:3954} INFO - Setting next_dagrun for example_kubernetes_executor to None, run_after=None
[2025-10-08T08:40:47.953+0000] {processor.py:183} INFO - Processing /home/airflow/.local/lib/python3.12/site-packages/airflow/example_dags/example_kubernetes_executor.py took 0.129 seconds
[2025-10-08T08:41:18.560+0000] {processor.py:161} INFO - Started process (PID=3654) to work on /home/airflow/.local/lib/python3.12/site-packages/airflow/example_dags/example_kubernetes_executor.py
[2025-10-08T08:41:18.562+0000] {processor.py:830} INFO - Processing file /home/airflow/.local/lib/python3.12/site-packages/airflow/example_dags/example_kubernetes_executor.py for tasks to queue
[2025-10-08T08:41:18.565+0000] {logging_mixin.py:188} INFO - [2025-10-08T08:41:18.565+0000] {dagbag.py:545} INFO - Filling up the DagBag from /home/airflow/.local/lib/python3.12/site-packages/airflow/example_dags/example_kubernetes_executor.py
[2025-10-08T08:41:18.580+0000] {processor.py:840} INFO - DAG(s) 'example_kubernetes_executor' retrieved from /home/airflow/.local/lib/python3.12/site-packages/airflow/example_dags/example_kubernetes_executor.py
[2025-10-08T08:41:18.629+0000] {logging_mixin.py:188} INFO - [2025-10-08T08:41:18.628+0000] {dag.py:3096} INFO - Sync 1 DAGs
[2025-10-08T08:41:18.647+0000] {logging_mixin.py:188} INFO - [2025-10-08T08:41:18.647+0000] {dag.py:3954} INFO - Setting next_dagrun for example_kubernetes_executor to None, run_after=None
[2025-10-08T08:41:18.675+0000] {processor.py:183} INFO - Processing /home/airflow/.local/lib/python3.12/site-packages/airflow/example_dags/example_kubernetes_executor.py took 0.126 seconds
[2025-10-08T08:41:49.174+0000] {processor.py:161} INFO - Started process (PID=3713) to work on /home/airflow/.local/lib/python3.12/site-packages/airflow/example_dags/example_kubernetes_executor.py
[2025-10-08T08:41:49.177+0000] {processor.py:830} INFO - Processing file /home/airflow/.local/lib/python3.12/site-packages/airflow/example_dags/example_kubernetes_executor.py for tasks to queue
[2025-10-08T08:41:49.181+0000] {logging_mixin.py:188} INFO - [2025-10-08T08:41:49.180+0000] {dagbag.py:545} INFO - Filling up the DagBag from /home/airflow/.local/lib/python3.12/site-packages/airflow/example_dags/example_kubernetes_executor.py
[2025-10-08T08:41:49.195+0000] {processor.py:840} INFO - DAG(s) 'example_kubernetes_executor' retrieved from /home/airflow/.local/lib/python3.12/site-packages/airflow/example_dags/example_kubernetes_executor.py
[2025-10-08T08:41:49.239+0000] {logging_mixin.py:188} INFO - [2025-10-08T08:41:49.239+0000] {dag.py:3096} INFO - Sync 1 DAGs
[2025-10-08T08:41:49.252+0000] {logging_mixin.py:188} INFO - [2025-10-08T08:41:49.252+0000] {dag.py:3954} INFO - Setting next_dagrun for example_kubernetes_executor to None, run_after=None
[2025-10-08T08:41:49.274+0000] {processor.py:183} INFO - Processing /home/airflow/.local/lib/python3.12/site-packages/airflow/example_dags/example_kubernetes_executor.py took 0.112 seconds
[2025-10-08T08:42:19.686+0000] {processor.py:161} INFO - Started process (PID=3772) to work on /home/airflow/.local/lib/python3.12/site-packages/airflow/example_dags/example_kubernetes_executor.py
[2025-10-08T08:42:19.688+0000] {processor.py:830} INFO - Processing file /home/airflow/.local/lib/python3.12/site-packages/airflow/example_dags/example_kubernetes_executor.py for tasks to queue
[2025-10-08T08:42:19.690+0000] {logging_mixin.py:188} INFO - [2025-10-08T08:42:19.690+0000] {dagbag.py:545} INFO - Filling up the DagBag from /home/airflow/.local/lib/python3.12/site-packages/airflow/example_dags/example_kubernetes_executor.py
[2025-10-08T08:42:19.703+0000] {processor.py:840} INFO - DAG(s) 'example_kubernetes_executor' retrieved from /home/airflow/.local/lib/python3.12/site-packages/airflow/example_dags/example_kubernetes_executor.py
[2025-10-08T08:42:19.749+0000] {logging_mixin.py:188} INFO - [2025-10-08T08:42:19.749+0000] {dag.py:3096} INFO - Sync 1 DAGs
[2025-10-08T08:42:19.766+0000] {logging_mixin.py:188} INFO - [2025-10-08T08:42:19.766+0000] {dag.py:3954} INFO - Setting next_dagrun for example_kubernetes_executor to None, run_after=None
[2025-10-08T08:42:19.785+0000] {processor.py:183} INFO - Processing /home/airflow/.local/lib/python3.12/site-packages/airflow/example_dags/example_kubernetes_executor.py took 0.105 seconds
[2025-10-08T08:42:50.130+0000] {processor.py:161} INFO - Started process (PID=3831) to work on /home/airflow/.local/lib/python3.12/site-packages/airflow/example_dags/example_kubernetes_executor.py
[2025-10-08T08:42:50.134+0000] {processor.py:830} INFO - Processing file /home/airflow/.local/lib/python3.12/site-packages/airflow/example_dags/example_kubernetes_executor.py for tasks to queue
[2025-10-08T08:42:50.141+0000] {logging_mixin.py:188} INFO - [2025-10-08T08:42:50.140+0000] {dagbag.py:545} INFO - Filling up the DagBag from /home/airflow/.local/lib/python3.12/site-packages/airflow/example_dags/example_kubernetes_executor.py
[2025-10-08T08:42:50.212+0000] {processor.py:840} INFO - DAG(s) 'example_kubernetes_executor' retrieved from /home/airflow/.local/lib/python3.12/site-packages/airflow/example_dags/example_kubernetes_executor.py
[2025-10-08T08:42:50.420+0000] {logging_mixin.py:188} INFO - [2025-10-08T08:42:50.420+0000] {dag.py:3096} INFO - Sync 1 DAGs
[2025-10-08T08:42:50.464+0000] {logging_mixin.py:188} INFO - [2025-10-08T08:42:50.464+0000] {dag.py:3954} INFO - Setting next_dagrun for example_kubernetes_executor to None, run_after=None
[2025-10-08T08:42:50.520+0000] {processor.py:183} INFO - Processing /home/airflow/.local/lib/python3.12/site-packages/airflow/example_dags/example_kubernetes_executor.py took 0.416 seconds
[2025-10-08T08:43:21.309+0000] {processor.py:161} INFO - Started process (PID=3890) to work on /home/airflow/.local/lib/python3.12/site-packages/airflow/example_dags/example_kubernetes_executor.py
[2025-10-08T08:43:21.311+0000] {processor.py:830} INFO - Processing file /home/airflow/.local/lib/python3.12/site-packages/airflow/example_dags/example_kubernetes_executor.py for tasks to queue
[2025-10-08T08:43:21.315+0000] {logging_mixin.py:188} INFO - [2025-10-08T08:43:21.314+0000] {dagbag.py:545} INFO - Filling up the DagBag from /home/airflow/.local/lib/python3.12/site-packages/airflow/example_dags/example_kubernetes_executor.py
[2025-10-08T08:43:21.331+0000] {processor.py:840} INFO - DAG(s) 'example_kubernetes_executor' retrieved from /home/airflow/.local/lib/python3.12/site-packages/airflow/example_dags/example_kubernetes_executor.py
[2025-10-08T08:43:21.388+0000] {logging_mixin.py:188} INFO - [2025-10-08T08:43:21.388+0000] {dag.py:3096} INFO - Sync 1 DAGs
[2025-10-08T08:43:21.406+0000] {logging_mixin.py:188} INFO - [2025-10-08T08:43:21.406+0000] {dag.py:3954} INFO - Setting next_dagrun for example_kubernetes_executor to None, run_after=None
[2025-10-08T08:43:21.435+0000] {processor.py:183} INFO - Processing /home/airflow/.local/lib/python3.12/site-packages/airflow/example_dags/example_kubernetes_executor.py took 0.132 seconds
[2025-10-08T08:43:51.720+0000] {processor.py:161} INFO - Started process (PID=3949) to work on /home/airflow/.local/lib/python3.12/site-packages/airflow/example_dags/example_kubernetes_executor.py
[2025-10-08T08:43:51.722+0000] {processor.py:830} INFO - Processing file /home/airflow/.local/lib/python3.12/site-packages/airflow/example_dags/example_kubernetes_executor.py for tasks to queue
[2025-10-08T08:43:51.724+0000] {logging_mixin.py:188} INFO - [2025-10-08T08:43:51.724+0000] {dagbag.py:545} INFO - Filling up the DagBag from /home/airflow/.local/lib/python3.12/site-packages/airflow/example_dags/example_kubernetes_executor.py
[2025-10-08T08:43:51.738+0000] {processor.py:840} INFO - DAG(s) 'example_kubernetes_executor' retrieved from /home/airflow/.local/lib/python3.12/site-packages/airflow/example_dags/example_kubernetes_executor.py
[2025-10-08T08:43:51.788+0000] {logging_mixin.py:188} INFO - [2025-10-08T08:43:51.787+0000] {dag.py:3096} INFO - Sync 1 DAGs
[2025-10-08T08:43:51.812+0000] {logging_mixin.py:188} INFO - [2025-10-08T08:43:51.812+0000] {dag.py:3954} INFO - Setting next_dagrun for example_kubernetes_executor to None, run_after=None
[2025-10-08T08:43:51.848+0000] {processor.py:183} INFO - Processing /home/airflow/.local/lib/python3.12/site-packages/airflow/example_dags/example_kubernetes_executor.py took 0.136 seconds
[2025-10-08T08:44:22.731+0000] {processor.py:161} INFO - Started process (PID=4008) to work on /home/airflow/.local/lib/python3.12/site-packages/airflow/example_dags/example_kubernetes_executor.py
[2025-10-08T08:44:22.733+0000] {processor.py:830} INFO - Processing file /home/airflow/.local/lib/python3.12/site-packages/airflow/example_dags/example_kubernetes_executor.py for tasks to queue
[2025-10-08T08:44:22.738+0000] {logging_mixin.py:188} INFO - [2025-10-08T08:44:22.737+0000] {dagbag.py:545} INFO - Filling up the DagBag from /home/airflow/.local/lib/python3.12/site-packages/airflow/example_dags/example_kubernetes_executor.py
[2025-10-08T08:44:22.758+0000] {processor.py:840} INFO - DAG(s) 'example_kubernetes_executor' retrieved from /home/airflow/.local/lib/python3.12/site-packages/airflow/example_dags/example_kubernetes_executor.py
[2025-10-08T08:44:22.819+0000] {logging_mixin.py:188} INFO - [2025-10-08T08:44:22.819+0000] {dag.py:3096} INFO - Sync 1 DAGs
[2025-10-08T08:44:22.836+0000] {logging_mixin.py:188} INFO - [2025-10-08T08:44:22.836+0000] {dag.py:3954} INFO - Setting next_dagrun for example_kubernetes_executor to None, run_after=None
[2025-10-08T08:44:22.863+0000] {processor.py:183} INFO - Processing /home/airflow/.local/lib/python3.12/site-packages/airflow/example_dags/example_kubernetes_executor.py took 0.139 seconds
[2025-10-08T08:44:53.434+0000] {processor.py:161} INFO - Started process (PID=4067) to work on /home/airflow/.local/lib/python3.12/site-packages/airflow/example_dags/example_kubernetes_executor.py
[2025-10-08T08:44:53.436+0000] {processor.py:830} INFO - Processing file /home/airflow/.local/lib/python3.12/site-packages/airflow/example_dags/example_kubernetes_executor.py for tasks to queue
[2025-10-08T08:44:53.438+0000] {logging_mixin.py:188} INFO - [2025-10-08T08:44:53.438+0000] {dagbag.py:545} INFO - Filling up the DagBag from /home/airflow/.local/lib/python3.12/site-packages/airflow/example_dags/example_kubernetes_executor.py
[2025-10-08T08:44:53.455+0000] {processor.py:840} INFO - DAG(s) 'example_kubernetes_executor' retrieved from /home/airflow/.local/lib/python3.12/site-packages/airflow/example_dags/example_kubernetes_executor.py
[2025-10-08T08:44:53.512+0000] {logging_mixin.py:188} INFO - [2025-10-08T08:44:53.512+0000] {dag.py:3096} INFO - Sync 1 DAGs
[2025-10-08T08:44:53.527+0000] {logging_mixin.py:188} INFO - [2025-10-08T08:44:53.526+0000] {dag.py:3954} INFO - Setting next_dagrun for example_kubernetes_executor to None, run_after=None
[2025-10-08T08:44:53.549+0000] {processor.py:183} INFO - Processing /home/airflow/.local/lib/python3.12/site-packages/airflow/example_dags/example_kubernetes_executor.py took 0.122 seconds
[2025-10-08T08:45:23.832+0000] {processor.py:161} INFO - Started process (PID=4126) to work on /home/airflow/.local/lib/python3.12/site-packages/airflow/example_dags/example_kubernetes_executor.py
[2025-10-08T08:45:23.833+0000] {processor.py:830} INFO - Processing file /home/airflow/.local/lib/python3.12/site-packages/airflow/example_dags/example_kubernetes_executor.py for tasks to queue
[2025-10-08T08:45:23.836+0000] {logging_mixin.py:188} INFO - [2025-10-08T08:45:23.835+0000] {dagbag.py:545} INFO - Filling up the DagBag from /home/airflow/.local/lib/python3.12/site-packages/airflow/example_dags/example_kubernetes_executor.py
[2025-10-08T08:45:23.852+0000] {processor.py:840} INFO - DAG(s) 'example_kubernetes_executor' retrieved from /home/airflow/.local/lib/python3.12/site-packages/airflow/example_dags/example_kubernetes_executor.py
[2025-10-08T08:45:23.901+0000] {logging_mixin.py:188} INFO - [2025-10-08T08:45:23.901+0000] {dag.py:3096} INFO - Sync 1 DAGs
[2025-10-08T08:45:23.917+0000] {logging_mixin.py:188} INFO - [2025-10-08T08:45:23.917+0000] {dag.py:3954} INFO - Setting next_dagrun for example_kubernetes_executor to None, run_after=None
[2025-10-08T08:45:23.946+0000] {processor.py:183} INFO - Processing /home/airflow/.local/lib/python3.12/site-packages/airflow/example_dags/example_kubernetes_executor.py took 0.123 seconds
[2025-10-08T08:45:54.359+0000] {processor.py:161} INFO - Started process (PID=4185) to work on /home/airflow/.local/lib/python3.12/site-packages/airflow/example_dags/example_kubernetes_executor.py
[2025-10-08T08:45:54.361+0000] {processor.py:830} INFO - Processing file /home/airflow/.local/lib/python3.12/site-packages/airflow/example_dags/example_kubernetes_executor.py for tasks to queue
[2025-10-08T08:45:54.363+0000] {logging_mixin.py:188} INFO - [2025-10-08T08:45:54.363+0000] {dagbag.py:545} INFO - Filling up the DagBag from /home/airflow/.local/lib/python3.12/site-packages/airflow/example_dags/example_kubernetes_executor.py
[2025-10-08T08:45:54.384+0000] {processor.py:840} INFO - DAG(s) 'example_kubernetes_executor' retrieved from /home/airflow/.local/lib/python3.12/site-packages/airflow/example_dags/example_kubernetes_executor.py
[2025-10-08T08:45:54.436+0000] {logging_mixin.py:188} INFO - [2025-10-08T08:45:54.435+0000] {dag.py:3096} INFO - Sync 1 DAGs
[2025-10-08T08:45:54.454+0000] {logging_mixin.py:188} INFO - [2025-10-08T08:45:54.454+0000] {dag.py:3954} INFO - Setting next_dagrun for example_kubernetes_executor to None, run_after=None
[2025-10-08T08:45:54.479+0000] {processor.py:183} INFO - Processing /home/airflow/.local/lib/python3.12/site-packages/airflow/example_dags/example_kubernetes_executor.py took 0.127 seconds
[2025-10-08T08:46:25.268+0000] {processor.py:161} INFO - Started process (PID=4244) to work on /home/airflow/.local/lib/python3.12/site-packages/airflow/example_dags/example_kubernetes_executor.py
[2025-10-08T08:46:25.270+0000] {processor.py:830} INFO - Processing file /home/airflow/.local/lib/python3.12/site-packages/airflow/example_dags/example_kubernetes_executor.py for tasks to queue
[2025-10-08T08:46:25.272+0000] {logging_mixin.py:188} INFO - [2025-10-08T08:46:25.272+0000] {dagbag.py:545} INFO - Filling up the DagBag from /home/airflow/.local/lib/python3.12/site-packages/airflow/example_dags/example_kubernetes_executor.py
[2025-10-08T08:46:25.285+0000] {processor.py:840} INFO - DAG(s) 'example_kubernetes_executor' retrieved from /home/airflow/.local/lib/python3.12/site-packages/airflow/example_dags/example_kubernetes_executor.py
[2025-10-08T08:46:25.330+0000] {logging_mixin.py:188} INFO - [2025-10-08T08:46:25.330+0000] {dag.py:3096} INFO - Sync 1 DAGs
[2025-10-08T08:46:25.344+0000] {logging_mixin.py:188} INFO - [2025-10-08T08:46:25.344+0000] {dag.py:3954} INFO - Setting next_dagrun for example_kubernetes_executor to None, run_after=None
[2025-10-08T08:46:25.364+0000] {processor.py:183} INFO - Processing /home/airflow/.local/lib/python3.12/site-packages/airflow/example_dags/example_kubernetes_executor.py took 0.102 seconds
[2025-10-08T08:46:55.839+0000] {processor.py:161} INFO - Started process (PID=4303) to work on /home/airflow/.local/lib/python3.12/site-packages/airflow/example_dags/example_kubernetes_executor.py
[2025-10-08T08:46:55.841+0000] {processor.py:830} INFO - Processing file /home/airflow/.local/lib/python3.12/site-packages/airflow/example_dags/example_kubernetes_executor.py for tasks to queue
[2025-10-08T08:46:55.844+0000] {logging_mixin.py:188} INFO - [2025-10-08T08:46:55.843+0000] {dagbag.py:545} INFO - Filling up the DagBag from /home/airflow/.local/lib/python3.12/site-packages/airflow/example_dags/example_kubernetes_executor.py
[2025-10-08T08:46:55.859+0000] {processor.py:840} INFO - DAG(s) 'example_kubernetes_executor' retrieved from /home/airflow/.local/lib/python3.12/site-packages/airflow/example_dags/example_kubernetes_executor.py
[2025-10-08T08:46:55.905+0000] {logging_mixin.py:188} INFO - [2025-10-08T08:46:55.905+0000] {dag.py:3096} INFO - Sync 1 DAGs
[2025-10-08T08:46:55.920+0000] {logging_mixin.py:188} INFO - [2025-10-08T08:46:55.920+0000] {dag.py:3954} INFO - Setting next_dagrun for example_kubernetes_executor to None, run_after=None
[2025-10-08T08:46:55.946+0000] {processor.py:183} INFO - Processing /home/airflow/.local/lib/python3.12/site-packages/airflow/example_dags/example_kubernetes_executor.py took 0.118 seconds
[2025-10-08T08:47:26.100+0000] {processor.py:161} INFO - Started process (PID=4362) to work on /home/airflow/.local/lib/python3.12/site-packages/airflow/example_dags/example_kubernetes_executor.py
[2025-10-08T08:47:26.102+0000] {processor.py:830} INFO - Processing file /home/airflow/.local/lib/python3.12/site-packages/airflow/example_dags/example_kubernetes_executor.py for tasks to queue
[2025-10-08T08:47:26.104+0000] {logging_mixin.py:188} INFO - [2025-10-08T08:47:26.104+0000] {dagbag.py:545} INFO - Filling up the DagBag from /home/airflow/.local/lib/python3.12/site-packages/airflow/example_dags/example_kubernetes_executor.py
[2025-10-08T08:47:26.118+0000] {processor.py:840} INFO - DAG(s) 'example_kubernetes_executor' retrieved from /home/airflow/.local/lib/python3.12/site-packages/airflow/example_dags/example_kubernetes_executor.py
[2025-10-08T08:47:26.162+0000] {logging_mixin.py:188} INFO - [2025-10-08T08:47:26.162+0000] {dag.py:3096} INFO - Sync 1 DAGs
[2025-10-08T08:47:26.179+0000] {logging_mixin.py:188} INFO - [2025-10-08T08:47:26.178+0000] {dag.py:3954} INFO - Setting next_dagrun for example_kubernetes_executor to None, run_after=None
[2025-10-08T08:47:26.206+0000] {processor.py:183} INFO - Processing /home/airflow/.local/lib/python3.12/site-packages/airflow/example_dags/example_kubernetes_executor.py took 0.113 seconds
[2025-10-08T08:47:56.805+0000] {processor.py:161} INFO - Started process (PID=4421) to work on /home/airflow/.local/lib/python3.12/site-packages/airflow/example_dags/example_kubernetes_executor.py
[2025-10-08T08:47:56.807+0000] {processor.py:830} INFO - Processing file /home/airflow/.local/lib/python3.12/site-packages/airflow/example_dags/example_kubernetes_executor.py for tasks to queue
[2025-10-08T08:47:56.810+0000] {logging_mixin.py:188} INFO - [2025-10-08T08:47:56.810+0000] {dagbag.py:545} INFO - Filling up the DagBag from /home/airflow/.local/lib/python3.12/site-packages/airflow/example_dags/example_kubernetes_executor.py
[2025-10-08T08:47:56.828+0000] {processor.py:840} INFO - DAG(s) 'example_kubernetes_executor' retrieved from /home/airflow/.local/lib/python3.12/site-packages/airflow/example_dags/example_kubernetes_executor.py
[2025-10-08T08:47:56.890+0000] {logging_mixin.py:188} INFO - [2025-10-08T08:47:56.890+0000] {dag.py:3096} INFO - Sync 1 DAGs
[2025-10-08T08:47:56.910+0000] {logging_mixin.py:188} INFO - [2025-10-08T08:47:56.909+0000] {dag.py:3954} INFO - Setting next_dagrun for example_kubernetes_executor to None, run_after=None
[2025-10-08T08:47:56.936+0000] {processor.py:183} INFO - Processing /home/airflow/.local/lib/python3.12/site-packages/airflow/example_dags/example_kubernetes_executor.py took 0.140 seconds
[2025-10-08T08:48:27.485+0000] {processor.py:161} INFO - Started process (PID=4480) to work on /home/airflow/.local/lib/python3.12/site-packages/airflow/example_dags/example_kubernetes_executor.py
[2025-10-08T08:48:27.487+0000] {processor.py:830} INFO - Processing file /home/airflow/.local/lib/python3.12/site-packages/airflow/example_dags/example_kubernetes_executor.py for tasks to queue
[2025-10-08T08:48:27.491+0000] {logging_mixin.py:188} INFO - [2025-10-08T08:48:27.490+0000] {dagbag.py:545} INFO - Filling up the DagBag from /home/airflow/.local/lib/python3.12/site-packages/airflow/example_dags/example_kubernetes_executor.py
[2025-10-08T08:48:27.513+0000] {processor.py:840} INFO - DAG(s) 'example_kubernetes_executor' retrieved from /home/airflow/.local/lib/python3.12/site-packages/airflow/example_dags/example_kubernetes_executor.py
[2025-10-08T08:48:27.563+0000] {logging_mixin.py:188} INFO - [2025-10-08T08:48:27.563+0000] {dag.py:3096} INFO - Sync 1 DAGs
[2025-10-08T08:48:27.579+0000] {logging_mixin.py:188} INFO - [2025-10-08T08:48:27.579+0000] {dag.py:3954} INFO - Setting next_dagrun for example_kubernetes_executor to None, run_after=None
[2025-10-08T08:48:27.611+0000] {processor.py:183} INFO - Processing /home/airflow/.local/lib/python3.12/site-packages/airflow/example_dags/example_kubernetes_executor.py took 0.134 seconds
[2025-10-08T08:48:57.946+0000] {processor.py:161} INFO - Started process (PID=4539) to work on /home/airflow/.local/lib/python3.12/site-packages/airflow/example_dags/example_kubernetes_executor.py
[2025-10-08T08:48:57.948+0000] {processor.py:830} INFO - Processing file /home/airflow/.local/lib/python3.12/site-packages/airflow/example_dags/example_kubernetes_executor.py for tasks to queue
[2025-10-08T08:48:57.951+0000] {logging_mixin.py:188} INFO - [2025-10-08T08:48:57.950+0000] {dagbag.py:545} INFO - Filling up the DagBag from /home/airflow/.local/lib/python3.12/site-packages/airflow/example_dags/example_kubernetes_executor.py
[2025-10-08T08:48:57.964+0000] {processor.py:840} INFO - DAG(s) 'example_kubernetes_executor' retrieved from /home/airflow/.local/lib/python3.12/site-packages/airflow/example_dags/example_kubernetes_executor.py
[2025-10-08T08:48:58.008+0000] {logging_mixin.py:188} INFO - [2025-10-08T08:48:58.008+0000] {dag.py:3096} INFO - Sync 1 DAGs
[2025-10-08T08:48:58.029+0000] {logging_mixin.py:188} INFO - [2025-10-08T08:48:58.028+0000] {dag.py:3954} INFO - Setting next_dagrun for example_kubernetes_executor to None, run_after=None
[2025-10-08T08:48:58.062+0000] {processor.py:183} INFO - Processing /home/airflow/.local/lib/python3.12/site-packages/airflow/example_dags/example_kubernetes_executor.py took 0.123 seconds
[2025-10-08T08:49:28.649+0000] {processor.py:161} INFO - Started process (PID=4598) to work on /home/airflow/.local/lib/python3.12/site-packages/airflow/example_dags/example_kubernetes_executor.py
[2025-10-08T08:49:28.651+0000] {processor.py:830} INFO - Processing file /home/airflow/.local/lib/python3.12/site-packages/airflow/example_dags/example_kubernetes_executor.py for tasks to queue
[2025-10-08T08:49:28.653+0000] {logging_mixin.py:188} INFO - [2025-10-08T08:49:28.653+0000] {dagbag.py:545} INFO - Filling up the DagBag from /home/airflow/.local/lib/python3.12/site-packages/airflow/example_dags/example_kubernetes_executor.py
[2025-10-08T08:49:28.666+0000] {processor.py:840} INFO - DAG(s) 'example_kubernetes_executor' retrieved from /home/airflow/.local/lib/python3.12/site-packages/airflow/example_dags/example_kubernetes_executor.py
[2025-10-08T08:49:28.711+0000] {logging_mixin.py:188} INFO - [2025-10-08T08:49:28.711+0000] {dag.py:3096} INFO - Sync 1 DAGs
[2025-10-08T08:49:28.725+0000] {logging_mixin.py:188} INFO - [2025-10-08T08:49:28.725+0000] {dag.py:3954} INFO - Setting next_dagrun for example_kubernetes_executor to None, run_after=None
[2025-10-08T08:49:28.748+0000] {processor.py:183} INFO - Processing /home/airflow/.local/lib/python3.12/site-packages/airflow/example_dags/example_kubernetes_executor.py took 0.107 seconds
[2025-10-08T08:49:59.003+0000] {processor.py:161} INFO - Started process (PID=4657) to work on /home/airflow/.local/lib/python3.12/site-packages/airflow/example_dags/example_kubernetes_executor.py
[2025-10-08T08:49:59.005+0000] {processor.py:830} INFO - Processing file /home/airflow/.local/lib/python3.12/site-packages/airflow/example_dags/example_kubernetes_executor.py for tasks to queue
[2025-10-08T08:49:59.007+0000] {logging_mixin.py:188} INFO - [2025-10-08T08:49:59.007+0000] {dagbag.py:545} INFO - Filling up the DagBag from /home/airflow/.local/lib/python3.12/site-packages/airflow/example_dags/example_kubernetes_executor.py
[2025-10-08T08:49:59.021+0000] {processor.py:840} INFO - DAG(s) 'example_kubernetes_executor' retrieved from /home/airflow/.local/lib/python3.12/site-packages/airflow/example_dags/example_kubernetes_executor.py
[2025-10-08T08:49:59.072+0000] {logging_mixin.py:188} INFO - [2025-10-08T08:49:59.072+0000] {dag.py:3096} INFO - Sync 1 DAGs
[2025-10-08T08:49:59.087+0000] {logging_mixin.py:188} INFO - [2025-10-08T08:49:59.086+0000] {dag.py:3954} INFO - Setting next_dagrun for example_kubernetes_executor to None, run_after=None
[2025-10-08T08:49:59.108+0000] {processor.py:183} INFO - Processing /home/airflow/.local/lib/python3.12/site-packages/airflow/example_dags/example_kubernetes_executor.py took 0.112 seconds
[2025-10-08T08:50:29.472+0000] {processor.py:161} INFO - Started process (PID=4716) to work on /home/airflow/.local/lib/python3.12/site-packages/airflow/example_dags/example_kubernetes_executor.py
[2025-10-08T08:50:29.474+0000] {processor.py:830} INFO - Processing file /home/airflow/.local/lib/python3.12/site-packages/airflow/example_dags/example_kubernetes_executor.py for tasks to queue
[2025-10-08T08:50:29.476+0000] {logging_mixin.py:188} INFO - [2025-10-08T08:50:29.476+0000] {dagbag.py:545} INFO - Filling up the DagBag from /home/airflow/.local/lib/python3.12/site-packages/airflow/example_dags/example_kubernetes_executor.py
[2025-10-08T08:50:29.489+0000] {processor.py:840} INFO - DAG(s) 'example_kubernetes_executor' retrieved from /home/airflow/.local/lib/python3.12/site-packages/airflow/example_dags/example_kubernetes_executor.py
[2025-10-08T08:50:29.545+0000] {logging_mixin.py:188} INFO - [2025-10-08T08:50:29.545+0000] {dag.py:3096} INFO - Sync 1 DAGs
[2025-10-08T08:50:29.562+0000] {logging_mixin.py:188} INFO - [2025-10-08T08:50:29.562+0000] {dag.py:3954} INFO - Setting next_dagrun for example_kubernetes_executor to None, run_after=None
[2025-10-08T08:50:29.589+0000] {processor.py:183} INFO - Processing /home/airflow/.local/lib/python3.12/site-packages/airflow/example_dags/example_kubernetes_executor.py took 0.127 seconds
[2025-10-08T08:50:59.862+0000] {processor.py:161} INFO - Started process (PID=4775) to work on /home/airflow/.local/lib/python3.12/site-packages/airflow/example_dags/example_kubernetes_executor.py
[2025-10-08T08:50:59.866+0000] {processor.py:830} INFO - Processing file /home/airflow/.local/lib/python3.12/site-packages/airflow/example_dags/example_kubernetes_executor.py for tasks to queue
[2025-10-08T08:50:59.871+0000] {logging_mixin.py:188} INFO - [2025-10-08T08:50:59.870+0000] {dagbag.py:545} INFO - Filling up the DagBag from /home/airflow/.local/lib/python3.12/site-packages/airflow/example_dags/example_kubernetes_executor.py
[2025-10-08T08:50:59.888+0000] {processor.py:840} INFO - DAG(s) 'example_kubernetes_executor' retrieved from /home/airflow/.local/lib/python3.12/site-packages/airflow/example_dags/example_kubernetes_executor.py
[2025-10-08T08:50:59.934+0000] {logging_mixin.py:188} INFO - [2025-10-08T08:50:59.933+0000] {dag.py:3096} INFO - Sync 1 DAGs
[2025-10-08T08:50:59.947+0000] {logging_mixin.py:188} INFO - [2025-10-08T08:50:59.947+0000] {dag.py:3954} INFO - Setting next_dagrun for example_kubernetes_executor to None, run_after=None
[2025-10-08T08:50:59.970+0000] {processor.py:183} INFO - Processing /home/airflow/.local/lib/python3.12/site-packages/airflow/example_dags/example_kubernetes_executor.py took 0.117 seconds
[2025-10-08T08:52:34.037+0000] {processor.py:161} INFO - Started process (PID=110) to work on /home/airflow/.local/lib/python3.12/site-packages/airflow/example_dags/example_kubernetes_executor.py
[2025-10-08T08:52:34.040+0000] {processor.py:830} INFO - Processing file /home/airflow/.local/lib/python3.12/site-packages/airflow/example_dags/example_kubernetes_executor.py for tasks to queue
[2025-10-08T08:52:34.044+0000] {logging_mixin.py:188} INFO - [2025-10-08T08:52:34.043+0000] {dagbag.py:545} INFO - Filling up the DagBag from /home/airflow/.local/lib/python3.12/site-packages/airflow/example_dags/example_kubernetes_executor.py
[2025-10-08T08:52:34.064+0000] {processor.py:840} INFO - DAG(s) 'example_kubernetes_executor' retrieved from /home/airflow/.local/lib/python3.12/site-packages/airflow/example_dags/example_kubernetes_executor.py
[2025-10-08T08:52:34.220+0000] {logging_mixin.py:188} INFO - [2025-10-08T08:52:34.220+0000] {dag.py:3096} INFO - Sync 1 DAGs
[2025-10-08T08:52:34.234+0000] {logging_mixin.py:188} INFO - [2025-10-08T08:52:34.234+0000] {dag.py:3954} INFO - Setting next_dagrun for example_kubernetes_executor to None, run_after=None
[2025-10-08T08:52:34.262+0000] {processor.py:183} INFO - Processing /home/airflow/.local/lib/python3.12/site-packages/airflow/example_dags/example_kubernetes_executor.py took 0.237 seconds
[2025-10-08T08:53:05.098+0000] {processor.py:161} INFO - Started process (PID=169) to work on /home/airflow/.local/lib/python3.12/site-packages/airflow/example_dags/example_kubernetes_executor.py
[2025-10-08T08:53:05.099+0000] {processor.py:830} INFO - Processing file /home/airflow/.local/lib/python3.12/site-packages/airflow/example_dags/example_kubernetes_executor.py for tasks to queue
[2025-10-08T08:53:05.102+0000] {logging_mixin.py:188} INFO - [2025-10-08T08:53:05.101+0000] {dagbag.py:545} INFO - Filling up the DagBag from /home/airflow/.local/lib/python3.12/site-packages/airflow/example_dags/example_kubernetes_executor.py
[2025-10-08T08:53:05.115+0000] {processor.py:840} INFO - DAG(s) 'example_kubernetes_executor' retrieved from /home/airflow/.local/lib/python3.12/site-packages/airflow/example_dags/example_kubernetes_executor.py
[2025-10-08T08:53:05.155+0000] {logging_mixin.py:188} INFO - [2025-10-08T08:53:05.155+0000] {dag.py:3096} INFO - Sync 1 DAGs
[2025-10-08T08:53:05.170+0000] {logging_mixin.py:188} INFO - [2025-10-08T08:53:05.170+0000] {dag.py:3954} INFO - Setting next_dagrun for example_kubernetes_executor to None, run_after=None
[2025-10-08T08:53:05.213+0000] {processor.py:183} INFO - Processing /home/airflow/.local/lib/python3.12/site-packages/airflow/example_dags/example_kubernetes_executor.py took 0.122 seconds
[2025-10-08T08:53:36.022+0000] {processor.py:161} INFO - Started process (PID=228) to work on /home/airflow/.local/lib/python3.12/site-packages/airflow/example_dags/example_kubernetes_executor.py
[2025-10-08T08:53:36.025+0000] {processor.py:830} INFO - Processing file /home/airflow/.local/lib/python3.12/site-packages/airflow/example_dags/example_kubernetes_executor.py for tasks to queue
[2025-10-08T08:53:36.031+0000] {logging_mixin.py:188} INFO - [2025-10-08T08:53:36.030+0000] {dagbag.py:545} INFO - Filling up the DagBag from /home/airflow/.local/lib/python3.12/site-packages/airflow/example_dags/example_kubernetes_executor.py
[2025-10-08T08:53:36.051+0000] {processor.py:840} INFO - DAG(s) 'example_kubernetes_executor' retrieved from /home/airflow/.local/lib/python3.12/site-packages/airflow/example_dags/example_kubernetes_executor.py
[2025-10-08T08:53:36.103+0000] {logging_mixin.py:188} INFO - [2025-10-08T08:53:36.102+0000] {dag.py:3096} INFO - Sync 1 DAGs
[2025-10-08T08:53:36.117+0000] {logging_mixin.py:188} INFO - [2025-10-08T08:53:36.117+0000] {dag.py:3954} INFO - Setting next_dagrun for example_kubernetes_executor to None, run_after=None
[2025-10-08T08:53:36.147+0000] {processor.py:183} INFO - Processing /home/airflow/.local/lib/python3.12/site-packages/airflow/example_dags/example_kubernetes_executor.py took 0.140 seconds
[2025-10-08T08:54:07.442+0000] {processor.py:161} INFO - Started process (PID=287) to work on /home/airflow/.local/lib/python3.12/site-packages/airflow/example_dags/example_kubernetes_executor.py
[2025-10-08T08:54:07.443+0000] {processor.py:830} INFO - Processing file /home/airflow/.local/lib/python3.12/site-packages/airflow/example_dags/example_kubernetes_executor.py for tasks to queue
[2025-10-08T08:54:07.447+0000] {logging_mixin.py:188} INFO - [2025-10-08T08:54:07.446+0000] {dagbag.py:545} INFO - Filling up the DagBag from /home/airflow/.local/lib/python3.12/site-packages/airflow/example_dags/example_kubernetes_executor.py
[2025-10-08T08:54:07.465+0000] {processor.py:840} INFO - DAG(s) 'example_kubernetes_executor' retrieved from /home/airflow/.local/lib/python3.12/site-packages/airflow/example_dags/example_kubernetes_executor.py
[2025-10-08T08:54:07.601+0000] {logging_mixin.py:188} INFO - [2025-10-08T08:54:07.600+0000] {dag.py:3096} INFO - Sync 1 DAGs
[2025-10-08T08:54:07.655+0000] {logging_mixin.py:188} INFO - [2025-10-08T08:54:07.654+0000] {dag.py:3954} INFO - Setting next_dagrun for example_kubernetes_executor to None, run_after=None
[2025-10-08T08:54:07.744+0000] {processor.py:183} INFO - Processing /home/airflow/.local/lib/python3.12/site-packages/airflow/example_dags/example_kubernetes_executor.py took 0.313 seconds
[2025-10-08T08:54:37.960+0000] {processor.py:161} INFO - Started process (PID=346) to work on /home/airflow/.local/lib/python3.12/site-packages/airflow/example_dags/example_kubernetes_executor.py
[2025-10-08T08:54:37.962+0000] {processor.py:830} INFO - Processing file /home/airflow/.local/lib/python3.12/site-packages/airflow/example_dags/example_kubernetes_executor.py for tasks to queue
[2025-10-08T08:54:37.964+0000] {logging_mixin.py:188} INFO - [2025-10-08T08:54:37.964+0000] {dagbag.py:545} INFO - Filling up the DagBag from /home/airflow/.local/lib/python3.12/site-packages/airflow/example_dags/example_kubernetes_executor.py
[2025-10-08T08:54:37.983+0000] {processor.py:840} INFO - DAG(s) 'example_kubernetes_executor' retrieved from /home/airflow/.local/lib/python3.12/site-packages/airflow/example_dags/example_kubernetes_executor.py
[2025-10-08T08:54:38.047+0000] {logging_mixin.py:188} INFO - [2025-10-08T08:54:38.047+0000] {dag.py:3096} INFO - Sync 1 DAGs
[2025-10-08T08:54:38.063+0000] {logging_mixin.py:188} INFO - [2025-10-08T08:54:38.062+0000] {dag.py:3954} INFO - Setting next_dagrun for example_kubernetes_executor to None, run_after=None
[2025-10-08T08:54:38.094+0000] {processor.py:183} INFO - Processing /home/airflow/.local/lib/python3.12/site-packages/airflow/example_dags/example_kubernetes_executor.py took 0.143 seconds
[2025-10-08T08:55:09.093+0000] {processor.py:161} INFO - Started process (PID=405) to work on /home/airflow/.local/lib/python3.12/site-packages/airflow/example_dags/example_kubernetes_executor.py
[2025-10-08T08:55:09.095+0000] {processor.py:830} INFO - Processing file /home/airflow/.local/lib/python3.12/site-packages/airflow/example_dags/example_kubernetes_executor.py for tasks to queue
[2025-10-08T08:55:09.099+0000] {logging_mixin.py:188} INFO - [2025-10-08T08:55:09.098+0000] {dagbag.py:545} INFO - Filling up the DagBag from /home/airflow/.local/lib/python3.12/site-packages/airflow/example_dags/example_kubernetes_executor.py
[2025-10-08T08:55:09.133+0000] {processor.py:840} INFO - DAG(s) 'example_kubernetes_executor' retrieved from /home/airflow/.local/lib/python3.12/site-packages/airflow/example_dags/example_kubernetes_executor.py
[2025-10-08T08:55:09.201+0000] {logging_mixin.py:188} INFO - [2025-10-08T08:55:09.200+0000] {dag.py:3096} INFO - Sync 1 DAGs
[2025-10-08T08:55:09.226+0000] {logging_mixin.py:188} INFO - [2025-10-08T08:55:09.226+0000] {dag.py:3954} INFO - Setting next_dagrun for example_kubernetes_executor to None, run_after=None
[2025-10-08T08:55:09.278+0000] {processor.py:183} INFO - Processing /home/airflow/.local/lib/python3.12/site-packages/airflow/example_dags/example_kubernetes_executor.py took 0.194 seconds
[2025-10-08T08:55:40.318+0000] {processor.py:161} INFO - Started process (PID=464) to work on /home/airflow/.local/lib/python3.12/site-packages/airflow/example_dags/example_kubernetes_executor.py
[2025-10-08T08:55:40.320+0000] {processor.py:830} INFO - Processing file /home/airflow/.local/lib/python3.12/site-packages/airflow/example_dags/example_kubernetes_executor.py for tasks to queue
[2025-10-08T08:55:40.324+0000] {logging_mixin.py:188} INFO - [2025-10-08T08:55:40.323+0000] {dagbag.py:545} INFO - Filling up the DagBag from /home/airflow/.local/lib/python3.12/site-packages/airflow/example_dags/example_kubernetes_executor.py
[2025-10-08T08:55:40.352+0000] {processor.py:840} INFO - DAG(s) 'example_kubernetes_executor' retrieved from /home/airflow/.local/lib/python3.12/site-packages/airflow/example_dags/example_kubernetes_executor.py
[2025-10-08T08:55:40.414+0000] {logging_mixin.py:188} INFO - [2025-10-08T08:55:40.414+0000] {dag.py:3096} INFO - Sync 1 DAGs
[2025-10-08T08:55:40.433+0000] {logging_mixin.py:188} INFO - [2025-10-08T08:55:40.433+0000] {dag.py:3954} INFO - Setting next_dagrun for example_kubernetes_executor to None, run_after=None
[2025-10-08T08:55:40.470+0000] {processor.py:183} INFO - Processing /home/airflow/.local/lib/python3.12/site-packages/airflow/example_dags/example_kubernetes_executor.py took 0.161 seconds
[2025-10-08T08:56:11.142+0000] {processor.py:161} INFO - Started process (PID=523) to work on /home/airflow/.local/lib/python3.12/site-packages/airflow/example_dags/example_kubernetes_executor.py
[2025-10-08T08:56:11.143+0000] {processor.py:830} INFO - Processing file /home/airflow/.local/lib/python3.12/site-packages/airflow/example_dags/example_kubernetes_executor.py for tasks to queue
[2025-10-08T08:56:11.146+0000] {logging_mixin.py:188} INFO - [2025-10-08T08:56:11.146+0000] {dagbag.py:545} INFO - Filling up the DagBag from /home/airflow/.local/lib/python3.12/site-packages/airflow/example_dags/example_kubernetes_executor.py
[2025-10-08T08:56:11.161+0000] {processor.py:840} INFO - DAG(s) 'example_kubernetes_executor' retrieved from /home/airflow/.local/lib/python3.12/site-packages/airflow/example_dags/example_kubernetes_executor.py
[2025-10-08T08:56:11.206+0000] {logging_mixin.py:188} INFO - [2025-10-08T08:56:11.206+0000] {dag.py:3096} INFO - Sync 1 DAGs
[2025-10-08T08:56:11.221+0000] {logging_mixin.py:188} INFO - [2025-10-08T08:56:11.221+0000] {dag.py:3954} INFO - Setting next_dagrun for example_kubernetes_executor to None, run_after=None
[2025-10-08T08:56:11.245+0000] {processor.py:183} INFO - Processing /home/airflow/.local/lib/python3.12/site-packages/airflow/example_dags/example_kubernetes_executor.py took 0.110 seconds
[2025-10-08T08:56:42.137+0000] {processor.py:161} INFO - Started process (PID=582) to work on /home/airflow/.local/lib/python3.12/site-packages/airflow/example_dags/example_kubernetes_executor.py
[2025-10-08T08:56:42.140+0000] {processor.py:830} INFO - Processing file /home/airflow/.local/lib/python3.12/site-packages/airflow/example_dags/example_kubernetes_executor.py for tasks to queue
[2025-10-08T08:56:42.145+0000] {logging_mixin.py:188} INFO - [2025-10-08T08:56:42.144+0000] {dagbag.py:545} INFO - Filling up the DagBag from /home/airflow/.local/lib/python3.12/site-packages/airflow/example_dags/example_kubernetes_executor.py
[2025-10-08T08:56:42.161+0000] {processor.py:840} INFO - DAG(s) 'example_kubernetes_executor' retrieved from /home/airflow/.local/lib/python3.12/site-packages/airflow/example_dags/example_kubernetes_executor.py
[2025-10-08T08:56:42.212+0000] {logging_mixin.py:188} INFO - [2025-10-08T08:56:42.211+0000] {dag.py:3096} INFO - Sync 1 DAGs
[2025-10-08T08:56:42.227+0000] {logging_mixin.py:188} INFO - [2025-10-08T08:56:42.227+0000] {dag.py:3954} INFO - Setting next_dagrun for example_kubernetes_executor to None, run_after=None
[2025-10-08T08:56:42.262+0000] {processor.py:183} INFO - Processing /home/airflow/.local/lib/python3.12/site-packages/airflow/example_dags/example_kubernetes_executor.py took 0.144 seconds
[2025-10-08T08:57:12.536+0000] {processor.py:161} INFO - Started process (PID=641) to work on /home/airflow/.local/lib/python3.12/site-packages/airflow/example_dags/example_kubernetes_executor.py
[2025-10-08T08:57:12.538+0000] {processor.py:830} INFO - Processing file /home/airflow/.local/lib/python3.12/site-packages/airflow/example_dags/example_kubernetes_executor.py for tasks to queue
[2025-10-08T08:57:12.541+0000] {logging_mixin.py:188} INFO - [2025-10-08T08:57:12.540+0000] {dagbag.py:545} INFO - Filling up the DagBag from /home/airflow/.local/lib/python3.12/site-packages/airflow/example_dags/example_kubernetes_executor.py
[2025-10-08T08:57:12.556+0000] {processor.py:840} INFO - DAG(s) 'example_kubernetes_executor' retrieved from /home/airflow/.local/lib/python3.12/site-packages/airflow/example_dags/example_kubernetes_executor.py
[2025-10-08T08:57:12.596+0000] {logging_mixin.py:188} INFO - [2025-10-08T08:57:12.596+0000] {dag.py:3096} INFO - Sync 1 DAGs
[2025-10-08T08:57:12.613+0000] {logging_mixin.py:188} INFO - [2025-10-08T08:57:12.613+0000] {dag.py:3954} INFO - Setting next_dagrun for example_kubernetes_executor to None, run_after=None
[2025-10-08T08:57:12.642+0000] {processor.py:183} INFO - Processing /home/airflow/.local/lib/python3.12/site-packages/airflow/example_dags/example_kubernetes_executor.py took 0.116 seconds
[2025-10-08T08:57:43.484+0000] {processor.py:161} INFO - Started process (PID=700) to work on /home/airflow/.local/lib/python3.12/site-packages/airflow/example_dags/example_kubernetes_executor.py
[2025-10-08T08:57:43.486+0000] {processor.py:830} INFO - Processing file /home/airflow/.local/lib/python3.12/site-packages/airflow/example_dags/example_kubernetes_executor.py for tasks to queue
[2025-10-08T08:57:43.490+0000] {logging_mixin.py:188} INFO - [2025-10-08T08:57:43.489+0000] {dagbag.py:545} INFO - Filling up the DagBag from /home/airflow/.local/lib/python3.12/site-packages/airflow/example_dags/example_kubernetes_executor.py
[2025-10-08T08:57:43.511+0000] {processor.py:840} INFO - DAG(s) 'example_kubernetes_executor' retrieved from /home/airflow/.local/lib/python3.12/site-packages/airflow/example_dags/example_kubernetes_executor.py
[2025-10-08T08:57:43.566+0000] {logging_mixin.py:188} INFO - [2025-10-08T08:57:43.566+0000] {dag.py:3096} INFO - Sync 1 DAGs
[2025-10-08T08:57:43.582+0000] {logging_mixin.py:188} INFO - [2025-10-08T08:57:43.582+0000] {dag.py:3954} INFO - Setting next_dagrun for example_kubernetes_executor to None, run_after=None
[2025-10-08T08:57:43.608+0000] {processor.py:183} INFO - Processing /home/airflow/.local/lib/python3.12/site-packages/airflow/example_dags/example_kubernetes_executor.py took 0.137 seconds
[2025-10-08T08:58:14.109+0000] {processor.py:161} INFO - Started process (PID=759) to work on /home/airflow/.local/lib/python3.12/site-packages/airflow/example_dags/example_kubernetes_executor.py
[2025-10-08T08:58:14.112+0000] {processor.py:830} INFO - Processing file /home/airflow/.local/lib/python3.12/site-packages/airflow/example_dags/example_kubernetes_executor.py for tasks to queue
[2025-10-08T08:58:14.118+0000] {logging_mixin.py:188} INFO - [2025-10-08T08:58:14.117+0000] {dagbag.py:545} INFO - Filling up the DagBag from /home/airflow/.local/lib/python3.12/site-packages/airflow/example_dags/example_kubernetes_executor.py
[2025-10-08T08:58:14.135+0000] {processor.py:840} INFO - DAG(s) 'example_kubernetes_executor' retrieved from /home/airflow/.local/lib/python3.12/site-packages/airflow/example_dags/example_kubernetes_executor.py
[2025-10-08T08:58:14.200+0000] {logging_mixin.py:188} INFO - [2025-10-08T08:58:14.199+0000] {dag.py:3096} INFO - Sync 1 DAGs
[2025-10-08T08:58:14.226+0000] {logging_mixin.py:188} INFO - [2025-10-08T08:58:14.226+0000] {dag.py:3954} INFO - Setting next_dagrun for example_kubernetes_executor to None, run_after=None
[2025-10-08T08:58:14.253+0000] {processor.py:183} INFO - Processing /home/airflow/.local/lib/python3.12/site-packages/airflow/example_dags/example_kubernetes_executor.py took 0.164 seconds
[2025-10-08T08:58:44.599+0000] {processor.py:161} INFO - Started process (PID=818) to work on /home/airflow/.local/lib/python3.12/site-packages/airflow/example_dags/example_kubernetes_executor.py
[2025-10-08T08:58:44.601+0000] {processor.py:830} INFO - Processing file /home/airflow/.local/lib/python3.12/site-packages/airflow/example_dags/example_kubernetes_executor.py for tasks to queue
[2025-10-08T08:58:44.604+0000] {logging_mixin.py:188} INFO - [2025-10-08T08:58:44.603+0000] {dagbag.py:545} INFO - Filling up the DagBag from /home/airflow/.local/lib/python3.12/site-packages/airflow/example_dags/example_kubernetes_executor.py
[2025-10-08T08:58:44.618+0000] {processor.py:840} INFO - DAG(s) 'example_kubernetes_executor' retrieved from /home/airflow/.local/lib/python3.12/site-packages/airflow/example_dags/example_kubernetes_executor.py
[2025-10-08T08:58:44.663+0000] {logging_mixin.py:188} INFO - [2025-10-08T08:58:44.663+0000] {dag.py:3096} INFO - Sync 1 DAGs
[2025-10-08T08:58:44.679+0000] {logging_mixin.py:188} INFO - [2025-10-08T08:58:44.679+0000] {dag.py:3954} INFO - Setting next_dagrun for example_kubernetes_executor to None, run_after=None
[2025-10-08T08:58:44.703+0000] {processor.py:183} INFO - Processing /home/airflow/.local/lib/python3.12/site-packages/airflow/example_dags/example_kubernetes_executor.py took 0.113 seconds
[2025-10-08T08:59:14.806+0000] {processor.py:161} INFO - Started process (PID=877) to work on /home/airflow/.local/lib/python3.12/site-packages/airflow/example_dags/example_kubernetes_executor.py
[2025-10-08T08:59:14.808+0000] {processor.py:830} INFO - Processing file /home/airflow/.local/lib/python3.12/site-packages/airflow/example_dags/example_kubernetes_executor.py for tasks to queue
[2025-10-08T08:59:14.811+0000] {logging_mixin.py:188} INFO - [2025-10-08T08:59:14.810+0000] {dagbag.py:545} INFO - Filling up the DagBag from /home/airflow/.local/lib/python3.12/site-packages/airflow/example_dags/example_kubernetes_executor.py
[2025-10-08T08:59:14.826+0000] {processor.py:840} INFO - DAG(s) 'example_kubernetes_executor' retrieved from /home/airflow/.local/lib/python3.12/site-packages/airflow/example_dags/example_kubernetes_executor.py
[2025-10-08T08:59:14.870+0000] {logging_mixin.py:188} INFO - [2025-10-08T08:59:14.869+0000] {dag.py:3096} INFO - Sync 1 DAGs
[2025-10-08T08:59:14.886+0000] {logging_mixin.py:188} INFO - [2025-10-08T08:59:14.885+0000] {dag.py:3954} INFO - Setting next_dagrun for example_kubernetes_executor to None, run_after=None
[2025-10-08T08:59:14.915+0000] {processor.py:183} INFO - Processing /home/airflow/.local/lib/python3.12/site-packages/airflow/example_dags/example_kubernetes_executor.py took 0.117 seconds
[2025-10-08T08:59:45.069+0000] {processor.py:161} INFO - Started process (PID=936) to work on /home/airflow/.local/lib/python3.12/site-packages/airflow/example_dags/example_kubernetes_executor.py
[2025-10-08T08:59:45.070+0000] {processor.py:830} INFO - Processing file /home/airflow/.local/lib/python3.12/site-packages/airflow/example_dags/example_kubernetes_executor.py for tasks to queue
[2025-10-08T08:59:45.073+0000] {logging_mixin.py:188} INFO - [2025-10-08T08:59:45.073+0000] {dagbag.py:545} INFO - Filling up the DagBag from /home/airflow/.local/lib/python3.12/site-packages/airflow/example_dags/example_kubernetes_executor.py
[2025-10-08T08:59:45.088+0000] {processor.py:840} INFO - DAG(s) 'example_kubernetes_executor' retrieved from /home/airflow/.local/lib/python3.12/site-packages/airflow/example_dags/example_kubernetes_executor.py
[2025-10-08T08:59:45.138+0000] {logging_mixin.py:188} INFO - [2025-10-08T08:59:45.137+0000] {dag.py:3096} INFO - Sync 1 DAGs
[2025-10-08T08:59:45.154+0000] {logging_mixin.py:188} INFO - [2025-10-08T08:59:45.154+0000] {dag.py:3954} INFO - Setting next_dagrun for example_kubernetes_executor to None, run_after=None
[2025-10-08T08:59:45.179+0000] {processor.py:183} INFO - Processing /home/airflow/.local/lib/python3.12/site-packages/airflow/example_dags/example_kubernetes_executor.py took 0.120 seconds
[2025-10-08T09:00:15.626+0000] {processor.py:161} INFO - Started process (PID=995) to work on /home/airflow/.local/lib/python3.12/site-packages/airflow/example_dags/example_kubernetes_executor.py
[2025-10-08T09:00:15.628+0000] {processor.py:830} INFO - Processing file /home/airflow/.local/lib/python3.12/site-packages/airflow/example_dags/example_kubernetes_executor.py for tasks to queue
[2025-10-08T09:00:15.632+0000] {logging_mixin.py:188} INFO - [2025-10-08T09:00:15.632+0000] {dagbag.py:545} INFO - Filling up the DagBag from /home/airflow/.local/lib/python3.12/site-packages/airflow/example_dags/example_kubernetes_executor.py
[2025-10-08T09:00:15.651+0000] {processor.py:840} INFO - DAG(s) 'example_kubernetes_executor' retrieved from /home/airflow/.local/lib/python3.12/site-packages/airflow/example_dags/example_kubernetes_executor.py
[2025-10-08T09:00:15.715+0000] {logging_mixin.py:188} INFO - [2025-10-08T09:00:15.715+0000] {dag.py:3096} INFO - Sync 1 DAGs
[2025-10-08T09:00:15.737+0000] {logging_mixin.py:188} INFO - [2025-10-08T09:00:15.737+0000] {dag.py:3954} INFO - Setting next_dagrun for example_kubernetes_executor to None, run_after=None
[2025-10-08T09:00:15.775+0000] {processor.py:183} INFO - Processing /home/airflow/.local/lib/python3.12/site-packages/airflow/example_dags/example_kubernetes_executor.py took 0.159 seconds
[2025-10-08T09:00:46.125+0000] {processor.py:161} INFO - Started process (PID=1054) to work on /home/airflow/.local/lib/python3.12/site-packages/airflow/example_dags/example_kubernetes_executor.py
[2025-10-08T09:00:46.127+0000] {processor.py:830} INFO - Processing file /home/airflow/.local/lib/python3.12/site-packages/airflow/example_dags/example_kubernetes_executor.py for tasks to queue
[2025-10-08T09:00:46.130+0000] {logging_mixin.py:188} INFO - [2025-10-08T09:00:46.130+0000] {dagbag.py:545} INFO - Filling up the DagBag from /home/airflow/.local/lib/python3.12/site-packages/airflow/example_dags/example_kubernetes_executor.py
[2025-10-08T09:00:46.148+0000] {processor.py:840} INFO - DAG(s) 'example_kubernetes_executor' retrieved from /home/airflow/.local/lib/python3.12/site-packages/airflow/example_dags/example_kubernetes_executor.py
[2025-10-08T09:00:46.210+0000] {logging_mixin.py:188} INFO - [2025-10-08T09:00:46.210+0000] {dag.py:3096} INFO - Sync 1 DAGs
[2025-10-08T09:00:46.235+0000] {logging_mixin.py:188} INFO - [2025-10-08T09:00:46.235+0000] {dag.py:3954} INFO - Setting next_dagrun for example_kubernetes_executor to None, run_after=None
[2025-10-08T09:00:46.283+0000] {processor.py:183} INFO - Processing /home/airflow/.local/lib/python3.12/site-packages/airflow/example_dags/example_kubernetes_executor.py took 0.167 seconds
[2025-10-08T09:01:16.460+0000] {processor.py:161} INFO - Started process (PID=1112) to work on /home/airflow/.local/lib/python3.12/site-packages/airflow/example_dags/example_kubernetes_executor.py
[2025-10-08T09:01:16.463+0000] {processor.py:830} INFO - Processing file /home/airflow/.local/lib/python3.12/site-packages/airflow/example_dags/example_kubernetes_executor.py for tasks to queue
[2025-10-08T09:01:16.467+0000] {logging_mixin.py:188} INFO - [2025-10-08T09:01:16.466+0000] {dagbag.py:545} INFO - Filling up the DagBag from /home/airflow/.local/lib/python3.12/site-packages/airflow/example_dags/example_kubernetes_executor.py
[2025-10-08T09:01:16.482+0000] {processor.py:840} INFO - DAG(s) 'example_kubernetes_executor' retrieved from /home/airflow/.local/lib/python3.12/site-packages/airflow/example_dags/example_kubernetes_executor.py
[2025-10-08T09:01:16.538+0000] {logging_mixin.py:188} INFO - [2025-10-08T09:01:16.538+0000] {dag.py:3096} INFO - Sync 1 DAGs
[2025-10-08T09:01:16.551+0000] {logging_mixin.py:188} INFO - [2025-10-08T09:01:16.551+0000] {dag.py:3954} INFO - Setting next_dagrun for example_kubernetes_executor to None, run_after=None
[2025-10-08T09:01:16.578+0000] {processor.py:183} INFO - Processing /home/airflow/.local/lib/python3.12/site-packages/airflow/example_dags/example_kubernetes_executor.py took 0.129 seconds
[2025-10-08T09:01:46.724+0000] {processor.py:161} INFO - Started process (PID=1171) to work on /home/airflow/.local/lib/python3.12/site-packages/airflow/example_dags/example_kubernetes_executor.py
[2025-10-08T09:01:46.726+0000] {processor.py:830} INFO - Processing file /home/airflow/.local/lib/python3.12/site-packages/airflow/example_dags/example_kubernetes_executor.py for tasks to queue
[2025-10-08T09:01:46.729+0000] {logging_mixin.py:188} INFO - [2025-10-08T09:01:46.728+0000] {dagbag.py:545} INFO - Filling up the DagBag from /home/airflow/.local/lib/python3.12/site-packages/airflow/example_dags/example_kubernetes_executor.py
[2025-10-08T09:01:46.745+0000] {processor.py:840} INFO - DAG(s) 'example_kubernetes_executor' retrieved from /home/airflow/.local/lib/python3.12/site-packages/airflow/example_dags/example_kubernetes_executor.py
[2025-10-08T09:01:46.788+0000] {logging_mixin.py:188} INFO - [2025-10-08T09:01:46.788+0000] {dag.py:3096} INFO - Sync 1 DAGs
[2025-10-08T09:01:46.805+0000] {logging_mixin.py:188} INFO - [2025-10-08T09:01:46.805+0000] {dag.py:3954} INFO - Setting next_dagrun for example_kubernetes_executor to None, run_after=None
[2025-10-08T09:01:46.827+0000] {processor.py:183} INFO - Processing /home/airflow/.local/lib/python3.12/site-packages/airflow/example_dags/example_kubernetes_executor.py took 0.110 seconds
[2025-10-08T09:02:17.002+0000] {processor.py:161} INFO - Started process (PID=1230) to work on /home/airflow/.local/lib/python3.12/site-packages/airflow/example_dags/example_kubernetes_executor.py
[2025-10-08T09:02:17.004+0000] {processor.py:830} INFO - Processing file /home/airflow/.local/lib/python3.12/site-packages/airflow/example_dags/example_kubernetes_executor.py for tasks to queue
[2025-10-08T09:02:17.008+0000] {logging_mixin.py:188} INFO - [2025-10-08T09:02:17.007+0000] {dagbag.py:545} INFO - Filling up the DagBag from /home/airflow/.local/lib/python3.12/site-packages/airflow/example_dags/example_kubernetes_executor.py
[2025-10-08T09:02:17.029+0000] {processor.py:840} INFO - DAG(s) 'example_kubernetes_executor' retrieved from /home/airflow/.local/lib/python3.12/site-packages/airflow/example_dags/example_kubernetes_executor.py
[2025-10-08T09:02:17.092+0000] {logging_mixin.py:188} INFO - [2025-10-08T09:02:17.092+0000] {dag.py:3096} INFO - Sync 1 DAGs
[2025-10-08T09:02:17.115+0000] {logging_mixin.py:188} INFO - [2025-10-08T09:02:17.115+0000] {dag.py:3954} INFO - Setting next_dagrun for example_kubernetes_executor to None, run_after=None
[2025-10-08T09:02:17.153+0000] {processor.py:183} INFO - Processing /home/airflow/.local/lib/python3.12/site-packages/airflow/example_dags/example_kubernetes_executor.py took 0.158 seconds
[2025-10-08T09:02:47.662+0000] {processor.py:161} INFO - Started process (PID=1289) to work on /home/airflow/.local/lib/python3.12/site-packages/airflow/example_dags/example_kubernetes_executor.py
[2025-10-08T09:02:47.666+0000] {processor.py:830} INFO - Processing file /home/airflow/.local/lib/python3.12/site-packages/airflow/example_dags/example_kubernetes_executor.py for tasks to queue
[2025-10-08T09:02:47.669+0000] {logging_mixin.py:188} INFO - [2025-10-08T09:02:47.669+0000] {dagbag.py:545} INFO - Filling up the DagBag from /home/airflow/.local/lib/python3.12/site-packages/airflow/example_dags/example_kubernetes_executor.py
[2025-10-08T09:02:47.686+0000] {processor.py:840} INFO - DAG(s) 'example_kubernetes_executor' retrieved from /home/airflow/.local/lib/python3.12/site-packages/airflow/example_dags/example_kubernetes_executor.py
[2025-10-08T09:02:47.737+0000] {logging_mixin.py:188} INFO - [2025-10-08T09:02:47.736+0000] {dag.py:3096} INFO - Sync 1 DAGs
[2025-10-08T09:02:47.753+0000] {logging_mixin.py:188} INFO - [2025-10-08T09:02:47.753+0000] {dag.py:3954} INFO - Setting next_dagrun for example_kubernetes_executor to None, run_after=None
[2025-10-08T09:02:47.798+0000] {processor.py:183} INFO - Processing /home/airflow/.local/lib/python3.12/site-packages/airflow/example_dags/example_kubernetes_executor.py took 0.149 seconds
[2025-10-08T09:03:18.207+0000] {processor.py:161} INFO - Started process (PID=1348) to work on /home/airflow/.local/lib/python3.12/site-packages/airflow/example_dags/example_kubernetes_executor.py
[2025-10-08T09:03:18.210+0000] {processor.py:830} INFO - Processing file /home/airflow/.local/lib/python3.12/site-packages/airflow/example_dags/example_kubernetes_executor.py for tasks to queue
[2025-10-08T09:03:18.215+0000] {logging_mixin.py:188} INFO - [2025-10-08T09:03:18.214+0000] {dagbag.py:545} INFO - Filling up the DagBag from /home/airflow/.local/lib/python3.12/site-packages/airflow/example_dags/example_kubernetes_executor.py
[2025-10-08T09:03:18.240+0000] {processor.py:840} INFO - DAG(s) 'example_kubernetes_executor' retrieved from /home/airflow/.local/lib/python3.12/site-packages/airflow/example_dags/example_kubernetes_executor.py
[2025-10-08T09:03:18.309+0000] {logging_mixin.py:188} INFO - [2025-10-08T09:03:18.308+0000] {dag.py:3096} INFO - Sync 1 DAGs
[2025-10-08T09:03:18.330+0000] {logging_mixin.py:188} INFO - [2025-10-08T09:03:18.329+0000] {dag.py:3954} INFO - Setting next_dagrun for example_kubernetes_executor to None, run_after=None
[2025-10-08T09:03:18.364+0000] {processor.py:183} INFO - Processing /home/airflow/.local/lib/python3.12/site-packages/airflow/example_dags/example_kubernetes_executor.py took 0.168 seconds
[2025-10-08T09:03:50.435+0000] {processor.py:161} INFO - Started process (PID=1407) to work on /home/airflow/.local/lib/python3.12/site-packages/airflow/example_dags/example_kubernetes_executor.py
[2025-10-08T09:03:50.438+0000] {processor.py:830} INFO - Processing file /home/airflow/.local/lib/python3.12/site-packages/airflow/example_dags/example_kubernetes_executor.py for tasks to queue
[2025-10-08T09:03:50.442+0000] {logging_mixin.py:188} INFO - [2025-10-08T09:03:50.441+0000] {dagbag.py:545} INFO - Filling up the DagBag from /home/airflow/.local/lib/python3.12/site-packages/airflow/example_dags/example_kubernetes_executor.py
[2025-10-08T09:03:50.462+0000] {processor.py:840} INFO - DAG(s) 'example_kubernetes_executor' retrieved from /home/airflow/.local/lib/python3.12/site-packages/airflow/example_dags/example_kubernetes_executor.py
[2025-10-08T09:03:50.572+0000] {logging_mixin.py:188} INFO - [2025-10-08T09:03:50.572+0000] {dag.py:3096} INFO - Sync 1 DAGs
[2025-10-08T09:03:50.592+0000] {logging_mixin.py:188} INFO - [2025-10-08T09:03:50.591+0000] {dag.py:3954} INFO - Setting next_dagrun for example_kubernetes_executor to None, run_after=None
[2025-10-08T09:03:50.621+0000] {processor.py:183} INFO - Processing /home/airflow/.local/lib/python3.12/site-packages/airflow/example_dags/example_kubernetes_executor.py took 0.195 seconds
