[2025-10-08T08:03:05.796+0000] {processor.py:161} INFO - Started process (PID=113) to work on /home/airflow/.local/lib/python3.12/site-packages/airflow/example_dags/example_params_trigger_ui.py
[2025-10-08T08:03:05.798+0000] {processor.py:830} INFO - Processing file /home/airflow/.local/lib/python3.12/site-packages/airflow/example_dags/example_params_trigger_ui.py for tasks to queue
[2025-10-08T08:03:05.802+0000] {logging_mixin.py:188} INFO - [2025-10-08T08:03:05.801+0000] {dagbag.py:545} INFO - Filling up the DagBag from /home/airflow/.local/lib/python3.12/site-packages/airflow/example_dags/example_params_trigger_ui.py
[2025-10-08T08:03:05.867+0000] {processor.py:840} INFO - DAG(s) 'example_params_trigger_ui' retrieved from /home/airflow/.local/lib/python3.12/site-packages/airflow/example_dags/example_params_trigger_ui.py
[2025-10-08T08:03:06.876+0000] {logging_mixin.py:188} INFO - [2025-10-08T08:03:06.874+0000] {override.py:1829} INFO - Created Permission View: can edit on DAG:example_params_trigger_ui
[2025-10-08T08:03:06.937+0000] {logging_mixin.py:188} INFO - [2025-10-08T08:03:06.937+0000] {override.py:1829} INFO - Created Permission View: can delete on DAG:example_params_trigger_ui
[2025-10-08T08:03:06.964+0000] {logging_mixin.py:188} INFO - [2025-10-08T08:03:06.964+0000] {override.py:1829} INFO - Created Permission View: can read on DAG:example_params_trigger_ui
[2025-10-08T08:03:06.978+0000] {logging_mixin.py:188} INFO - [2025-10-08T08:03:06.977+0000] {dag.py:3096} INFO - Sync 1 DAGs
[2025-10-08T08:03:07.086+0000] {logging_mixin.py:188} INFO - [2025-10-08T08:03:07.086+0000] {dag.py:3118} INFO - Creating ORM DAG for example_params_trigger_ui
[2025-10-08T08:03:07.098+0000] {logging_mixin.py:188} INFO - [2025-10-08T08:03:07.098+0000] {dag.py:3954} INFO - Setting next_dagrun for example_params_trigger_ui to None, run_after=None
[2025-10-08T08:03:07.203+0000] {processor.py:183} INFO - Processing /home/airflow/.local/lib/python3.12/site-packages/airflow/example_dags/example_params_trigger_ui.py took 1.438 seconds
[2025-10-08T08:03:37.791+0000] {processor.py:161} INFO - Started process (PID=171) to work on /home/airflow/.local/lib/python3.12/site-packages/airflow/example_dags/example_params_trigger_ui.py
[2025-10-08T08:03:37.793+0000] {processor.py:830} INFO - Processing file /home/airflow/.local/lib/python3.12/site-packages/airflow/example_dags/example_params_trigger_ui.py for tasks to queue
[2025-10-08T08:03:37.797+0000] {logging_mixin.py:188} INFO - [2025-10-08T08:03:37.797+0000] {dagbag.py:545} INFO - Filling up the DagBag from /home/airflow/.local/lib/python3.12/site-packages/airflow/example_dags/example_params_trigger_ui.py
[2025-10-08T08:03:37.822+0000] {processor.py:840} INFO - DAG(s) 'example_params_trigger_ui' retrieved from /home/airflow/.local/lib/python3.12/site-packages/airflow/example_dags/example_params_trigger_ui.py
[2025-10-08T08:03:37.885+0000] {logging_mixin.py:188} INFO - [2025-10-08T08:03:37.885+0000] {dag.py:3096} INFO - Sync 1 DAGs
[2025-10-08T08:03:37.903+0000] {logging_mixin.py:188} INFO - [2025-10-08T08:03:37.903+0000] {dag.py:3954} INFO - Setting next_dagrun for example_params_trigger_ui to None, run_after=None
[2025-10-08T08:03:37.937+0000] {processor.py:183} INFO - Processing /home/airflow/.local/lib/python3.12/site-packages/airflow/example_dags/example_params_trigger_ui.py took 0.158 seconds
[2025-10-08T08:04:08.484+0000] {processor.py:161} INFO - Started process (PID=229) to work on /home/airflow/.local/lib/python3.12/site-packages/airflow/example_dags/example_params_trigger_ui.py
[2025-10-08T08:04:08.486+0000] {processor.py:830} INFO - Processing file /home/airflow/.local/lib/python3.12/site-packages/airflow/example_dags/example_params_trigger_ui.py for tasks to queue
[2025-10-08T08:04:08.489+0000] {logging_mixin.py:188} INFO - [2025-10-08T08:04:08.488+0000] {dagbag.py:545} INFO - Filling up the DagBag from /home/airflow/.local/lib/python3.12/site-packages/airflow/example_dags/example_params_trigger_ui.py
[2025-10-08T08:04:08.534+0000] {processor.py:840} INFO - DAG(s) 'example_params_trigger_ui' retrieved from /home/airflow/.local/lib/python3.12/site-packages/airflow/example_dags/example_params_trigger_ui.py
[2025-10-08T08:04:08.621+0000] {logging_mixin.py:188} INFO - [2025-10-08T08:04:08.620+0000] {dag.py:3096} INFO - Sync 1 DAGs
[2025-10-08T08:04:08.638+0000] {logging_mixin.py:188} INFO - [2025-10-08T08:04:08.638+0000] {dag.py:3954} INFO - Setting next_dagrun for example_params_trigger_ui to None, run_after=None
[2025-10-08T08:04:08.684+0000] {processor.py:183} INFO - Processing /home/airflow/.local/lib/python3.12/site-packages/airflow/example_dags/example_params_trigger_ui.py took 0.213 seconds
[2025-10-08T08:04:38.808+0000] {processor.py:161} INFO - Started process (PID=287) to work on /home/airflow/.local/lib/python3.12/site-packages/airflow/example_dags/example_params_trigger_ui.py
[2025-10-08T08:04:38.810+0000] {processor.py:830} INFO - Processing file /home/airflow/.local/lib/python3.12/site-packages/airflow/example_dags/example_params_trigger_ui.py for tasks to queue
[2025-10-08T08:04:38.815+0000] {logging_mixin.py:188} INFO - [2025-10-08T08:04:38.814+0000] {dagbag.py:545} INFO - Filling up the DagBag from /home/airflow/.local/lib/python3.12/site-packages/airflow/example_dags/example_params_trigger_ui.py
[2025-10-08T08:04:38.844+0000] {processor.py:840} INFO - DAG(s) 'example_params_trigger_ui' retrieved from /home/airflow/.local/lib/python3.12/site-packages/airflow/example_dags/example_params_trigger_ui.py
[2025-10-08T08:04:38.938+0000] {logging_mixin.py:188} INFO - [2025-10-08T08:04:38.937+0000] {dag.py:3096} INFO - Sync 1 DAGs
[2025-10-08T08:04:38.962+0000] {logging_mixin.py:188} INFO - [2025-10-08T08:04:38.961+0000] {dag.py:3954} INFO - Setting next_dagrun for example_params_trigger_ui to None, run_after=None
[2025-10-08T08:04:38.992+0000] {processor.py:183} INFO - Processing /home/airflow/.local/lib/python3.12/site-packages/airflow/example_dags/example_params_trigger_ui.py took 0.199 seconds
[2025-10-08T08:05:09.096+0000] {processor.py:161} INFO - Started process (PID=345) to work on /home/airflow/.local/lib/python3.12/site-packages/airflow/example_dags/example_params_trigger_ui.py
[2025-10-08T08:05:09.097+0000] {processor.py:830} INFO - Processing file /home/airflow/.local/lib/python3.12/site-packages/airflow/example_dags/example_params_trigger_ui.py for tasks to queue
[2025-10-08T08:05:09.100+0000] {logging_mixin.py:188} INFO - [2025-10-08T08:05:09.100+0000] {dagbag.py:545} INFO - Filling up the DagBag from /home/airflow/.local/lib/python3.12/site-packages/airflow/example_dags/example_params_trigger_ui.py
[2025-10-08T08:05:09.123+0000] {processor.py:840} INFO - DAG(s) 'example_params_trigger_ui' retrieved from /home/airflow/.local/lib/python3.12/site-packages/airflow/example_dags/example_params_trigger_ui.py
[2025-10-08T08:05:09.193+0000] {logging_mixin.py:188} INFO - [2025-10-08T08:05:09.192+0000] {dag.py:3096} INFO - Sync 1 DAGs
[2025-10-08T08:05:09.209+0000] {logging_mixin.py:188} INFO - [2025-10-08T08:05:09.209+0000] {dag.py:3954} INFO - Setting next_dagrun for example_params_trigger_ui to None, run_after=None
[2025-10-08T08:05:09.239+0000] {processor.py:183} INFO - Processing /home/airflow/.local/lib/python3.12/site-packages/airflow/example_dags/example_params_trigger_ui.py took 0.151 seconds
[2025-10-08T08:05:40.010+0000] {processor.py:161} INFO - Started process (PID=403) to work on /home/airflow/.local/lib/python3.12/site-packages/airflow/example_dags/example_params_trigger_ui.py
[2025-10-08T08:05:40.011+0000] {processor.py:830} INFO - Processing file /home/airflow/.local/lib/python3.12/site-packages/airflow/example_dags/example_params_trigger_ui.py for tasks to queue
[2025-10-08T08:05:40.015+0000] {logging_mixin.py:188} INFO - [2025-10-08T08:05:40.015+0000] {dagbag.py:545} INFO - Filling up the DagBag from /home/airflow/.local/lib/python3.12/site-packages/airflow/example_dags/example_params_trigger_ui.py
[2025-10-08T08:05:40.036+0000] {processor.py:840} INFO - DAG(s) 'example_params_trigger_ui' retrieved from /home/airflow/.local/lib/python3.12/site-packages/airflow/example_dags/example_params_trigger_ui.py
[2025-10-08T08:05:40.106+0000] {logging_mixin.py:188} INFO - [2025-10-08T08:05:40.106+0000] {dag.py:3096} INFO - Sync 1 DAGs
[2025-10-08T08:05:40.127+0000] {logging_mixin.py:188} INFO - [2025-10-08T08:05:40.127+0000] {dag.py:3954} INFO - Setting next_dagrun for example_params_trigger_ui to None, run_after=None
[2025-10-08T08:05:40.156+0000] {processor.py:183} INFO - Processing /home/airflow/.local/lib/python3.12/site-packages/airflow/example_dags/example_params_trigger_ui.py took 0.154 seconds
[2025-10-08T08:06:10.732+0000] {processor.py:161} INFO - Started process (PID=461) to work on /home/airflow/.local/lib/python3.12/site-packages/airflow/example_dags/example_params_trigger_ui.py
[2025-10-08T08:06:10.733+0000] {processor.py:830} INFO - Processing file /home/airflow/.local/lib/python3.12/site-packages/airflow/example_dags/example_params_trigger_ui.py for tasks to queue
[2025-10-08T08:06:10.737+0000] {logging_mixin.py:188} INFO - [2025-10-08T08:06:10.736+0000] {dagbag.py:545} INFO - Filling up the DagBag from /home/airflow/.local/lib/python3.12/site-packages/airflow/example_dags/example_params_trigger_ui.py
[2025-10-08T08:06:10.763+0000] {processor.py:840} INFO - DAG(s) 'example_params_trigger_ui' retrieved from /home/airflow/.local/lib/python3.12/site-packages/airflow/example_dags/example_params_trigger_ui.py
[2025-10-08T08:06:10.826+0000] {logging_mixin.py:188} INFO - [2025-10-08T08:06:10.826+0000] {dag.py:3096} INFO - Sync 1 DAGs
[2025-10-08T08:06:10.847+0000] {logging_mixin.py:188} INFO - [2025-10-08T08:06:10.846+0000] {dag.py:3954} INFO - Setting next_dagrun for example_params_trigger_ui to None, run_after=None
[2025-10-08T08:06:10.874+0000] {processor.py:183} INFO - Processing /home/airflow/.local/lib/python3.12/site-packages/airflow/example_dags/example_params_trigger_ui.py took 0.151 seconds
[2025-10-08T08:07:51.536+0000] {processor.py:161} INFO - Started process (PID=102) to work on /home/airflow/.local/lib/python3.12/site-packages/airflow/example_dags/example_params_trigger_ui.py
[2025-10-08T08:07:51.539+0000] {processor.py:830} INFO - Processing file /home/airflow/.local/lib/python3.12/site-packages/airflow/example_dags/example_params_trigger_ui.py for tasks to queue
[2025-10-08T08:07:51.542+0000] {logging_mixin.py:188} INFO - [2025-10-08T08:07:51.542+0000] {dagbag.py:545} INFO - Filling up the DagBag from /home/airflow/.local/lib/python3.12/site-packages/airflow/example_dags/example_params_trigger_ui.py
[2025-10-08T08:07:51.561+0000] {processor.py:840} INFO - DAG(s) 'example_params_trigger_ui' retrieved from /home/airflow/.local/lib/python3.12/site-packages/airflow/example_dags/example_params_trigger_ui.py
[2025-10-08T08:07:51.764+0000] {logging_mixin.py:188} INFO - [2025-10-08T08:07:51.763+0000] {dag.py:3096} INFO - Sync 1 DAGs
[2025-10-08T08:07:51.781+0000] {logging_mixin.py:188} INFO - [2025-10-08T08:07:51.781+0000] {dag.py:3954} INFO - Setting next_dagrun for example_params_trigger_ui to None, run_after=None
[2025-10-08T08:07:51.832+0000] {processor.py:183} INFO - Processing /home/airflow/.local/lib/python3.12/site-packages/airflow/example_dags/example_params_trigger_ui.py took 0.303 seconds
[2025-10-08T08:08:22.649+0000] {processor.py:161} INFO - Started process (PID=160) to work on /home/airflow/.local/lib/python3.12/site-packages/airflow/example_dags/example_params_trigger_ui.py
[2025-10-08T08:08:22.651+0000] {processor.py:830} INFO - Processing file /home/airflow/.local/lib/python3.12/site-packages/airflow/example_dags/example_params_trigger_ui.py for tasks to queue
[2025-10-08T08:08:22.658+0000] {logging_mixin.py:188} INFO - [2025-10-08T08:08:22.657+0000] {dagbag.py:545} INFO - Filling up the DagBag from /home/airflow/.local/lib/python3.12/site-packages/airflow/example_dags/example_params_trigger_ui.py
[2025-10-08T08:08:22.678+0000] {processor.py:840} INFO - DAG(s) 'example_params_trigger_ui' retrieved from /home/airflow/.local/lib/python3.12/site-packages/airflow/example_dags/example_params_trigger_ui.py
[2025-10-08T08:08:22.741+0000] {logging_mixin.py:188} INFO - [2025-10-08T08:08:22.741+0000] {dag.py:3096} INFO - Sync 1 DAGs
[2025-10-08T08:08:22.764+0000] {logging_mixin.py:188} INFO - [2025-10-08T08:08:22.763+0000] {dag.py:3954} INFO - Setting next_dagrun for example_params_trigger_ui to None, run_after=None
[2025-10-08T08:08:22.816+0000] {processor.py:183} INFO - Processing /home/airflow/.local/lib/python3.12/site-packages/airflow/example_dags/example_params_trigger_ui.py took 0.179 seconds
[2025-10-08T08:08:54.173+0000] {processor.py:161} INFO - Started process (PID=218) to work on /home/airflow/.local/lib/python3.12/site-packages/airflow/example_dags/example_params_trigger_ui.py
[2025-10-08T08:08:54.176+0000] {processor.py:830} INFO - Processing file /home/airflow/.local/lib/python3.12/site-packages/airflow/example_dags/example_params_trigger_ui.py for tasks to queue
[2025-10-08T08:08:54.184+0000] {logging_mixin.py:188} INFO - [2025-10-08T08:08:54.183+0000] {dagbag.py:545} INFO - Filling up the DagBag from /home/airflow/.local/lib/python3.12/site-packages/airflow/example_dags/example_params_trigger_ui.py
[2025-10-08T08:08:54.208+0000] {processor.py:840} INFO - DAG(s) 'example_params_trigger_ui' retrieved from /home/airflow/.local/lib/python3.12/site-packages/airflow/example_dags/example_params_trigger_ui.py
[2025-10-08T08:08:54.270+0000] {logging_mixin.py:188} INFO - [2025-10-08T08:08:54.270+0000] {dag.py:3096} INFO - Sync 1 DAGs
[2025-10-08T08:08:54.288+0000] {logging_mixin.py:188} INFO - [2025-10-08T08:08:54.287+0000] {dag.py:3954} INFO - Setting next_dagrun for example_params_trigger_ui to None, run_after=None
[2025-10-08T08:08:54.320+0000] {processor.py:183} INFO - Processing /home/airflow/.local/lib/python3.12/site-packages/airflow/example_dags/example_params_trigger_ui.py took 0.168 seconds
[2025-10-08T08:09:24.562+0000] {processor.py:161} INFO - Started process (PID=276) to work on /home/airflow/.local/lib/python3.12/site-packages/airflow/example_dags/example_params_trigger_ui.py
[2025-10-08T08:09:24.563+0000] {processor.py:830} INFO - Processing file /home/airflow/.local/lib/python3.12/site-packages/airflow/example_dags/example_params_trigger_ui.py for tasks to queue
[2025-10-08T08:09:24.566+0000] {logging_mixin.py:188} INFO - [2025-10-08T08:09:24.566+0000] {dagbag.py:545} INFO - Filling up the DagBag from /home/airflow/.local/lib/python3.12/site-packages/airflow/example_dags/example_params_trigger_ui.py
[2025-10-08T08:09:24.585+0000] {processor.py:840} INFO - DAG(s) 'example_params_trigger_ui' retrieved from /home/airflow/.local/lib/python3.12/site-packages/airflow/example_dags/example_params_trigger_ui.py
[2025-10-08T08:09:24.657+0000] {logging_mixin.py:188} INFO - [2025-10-08T08:09:24.657+0000] {dag.py:3096} INFO - Sync 1 DAGs
[2025-10-08T08:09:24.674+0000] {logging_mixin.py:188} INFO - [2025-10-08T08:09:24.674+0000] {dag.py:3954} INFO - Setting next_dagrun for example_params_trigger_ui to None, run_after=None
[2025-10-08T08:09:24.705+0000] {processor.py:183} INFO - Processing /home/airflow/.local/lib/python3.12/site-packages/airflow/example_dags/example_params_trigger_ui.py took 0.151 seconds
[2025-10-08T08:09:55.003+0000] {processor.py:161} INFO - Started process (PID=334) to work on /home/airflow/.local/lib/python3.12/site-packages/airflow/example_dags/example_params_trigger_ui.py
[2025-10-08T08:09:55.007+0000] {processor.py:830} INFO - Processing file /home/airflow/.local/lib/python3.12/site-packages/airflow/example_dags/example_params_trigger_ui.py for tasks to queue
[2025-10-08T08:09:55.012+0000] {logging_mixin.py:188} INFO - [2025-10-08T08:09:55.011+0000] {dagbag.py:545} INFO - Filling up the DagBag from /home/airflow/.local/lib/python3.12/site-packages/airflow/example_dags/example_params_trigger_ui.py
[2025-10-08T08:09:55.045+0000] {processor.py:840} INFO - DAG(s) 'example_params_trigger_ui' retrieved from /home/airflow/.local/lib/python3.12/site-packages/airflow/example_dags/example_params_trigger_ui.py
[2025-10-08T08:09:55.103+0000] {logging_mixin.py:188} INFO - [2025-10-08T08:09:55.103+0000] {dag.py:3096} INFO - Sync 1 DAGs
[2025-10-08T08:09:55.120+0000] {logging_mixin.py:188} INFO - [2025-10-08T08:09:55.120+0000] {dag.py:3954} INFO - Setting next_dagrun for example_params_trigger_ui to None, run_after=None
[2025-10-08T08:09:55.162+0000] {processor.py:183} INFO - Processing /home/airflow/.local/lib/python3.12/site-packages/airflow/example_dags/example_params_trigger_ui.py took 0.174 seconds
[2025-10-08T08:10:26.259+0000] {processor.py:161} INFO - Started process (PID=392) to work on /home/airflow/.local/lib/python3.12/site-packages/airflow/example_dags/example_params_trigger_ui.py
[2025-10-08T08:10:26.261+0000] {processor.py:830} INFO - Processing file /home/airflow/.local/lib/python3.12/site-packages/airflow/example_dags/example_params_trigger_ui.py for tasks to queue
[2025-10-08T08:10:26.264+0000] {logging_mixin.py:188} INFO - [2025-10-08T08:10:26.264+0000] {dagbag.py:545} INFO - Filling up the DagBag from /home/airflow/.local/lib/python3.12/site-packages/airflow/example_dags/example_params_trigger_ui.py
[2025-10-08T08:10:26.288+0000] {processor.py:840} INFO - DAG(s) 'example_params_trigger_ui' retrieved from /home/airflow/.local/lib/python3.12/site-packages/airflow/example_dags/example_params_trigger_ui.py
[2025-10-08T08:10:26.382+0000] {logging_mixin.py:188} INFO - [2025-10-08T08:10:26.382+0000] {dag.py:3096} INFO - Sync 1 DAGs
[2025-10-08T08:10:26.407+0000] {logging_mixin.py:188} INFO - [2025-10-08T08:10:26.407+0000] {dag.py:3954} INFO - Setting next_dagrun for example_params_trigger_ui to None, run_after=None
[2025-10-08T08:10:26.458+0000] {processor.py:183} INFO - Processing /home/airflow/.local/lib/python3.12/site-packages/airflow/example_dags/example_params_trigger_ui.py took 0.209 seconds
[2025-10-08T08:10:56.688+0000] {processor.py:161} INFO - Started process (PID=450) to work on /home/airflow/.local/lib/python3.12/site-packages/airflow/example_dags/example_params_trigger_ui.py
[2025-10-08T08:10:56.691+0000] {processor.py:830} INFO - Processing file /home/airflow/.local/lib/python3.12/site-packages/airflow/example_dags/example_params_trigger_ui.py for tasks to queue
[2025-10-08T08:10:56.695+0000] {logging_mixin.py:188} INFO - [2025-10-08T08:10:56.694+0000] {dagbag.py:545} INFO - Filling up the DagBag from /home/airflow/.local/lib/python3.12/site-packages/airflow/example_dags/example_params_trigger_ui.py
[2025-10-08T08:10:56.731+0000] {processor.py:840} INFO - DAG(s) 'example_params_trigger_ui' retrieved from /home/airflow/.local/lib/python3.12/site-packages/airflow/example_dags/example_params_trigger_ui.py
[2025-10-08T08:10:56.813+0000] {logging_mixin.py:188} INFO - [2025-10-08T08:10:56.813+0000] {dag.py:3096} INFO - Sync 1 DAGs
[2025-10-08T08:10:56.832+0000] {logging_mixin.py:188} INFO - [2025-10-08T08:10:56.832+0000] {dag.py:3954} INFO - Setting next_dagrun for example_params_trigger_ui to None, run_after=None
[2025-10-08T08:10:56.872+0000] {processor.py:183} INFO - Processing /home/airflow/.local/lib/python3.12/site-packages/airflow/example_dags/example_params_trigger_ui.py took 0.197 seconds
[2025-10-08T08:11:27.456+0000] {processor.py:161} INFO - Started process (PID=508) to work on /home/airflow/.local/lib/python3.12/site-packages/airflow/example_dags/example_params_trigger_ui.py
[2025-10-08T08:11:27.459+0000] {processor.py:830} INFO - Processing file /home/airflow/.local/lib/python3.12/site-packages/airflow/example_dags/example_params_trigger_ui.py for tasks to queue
[2025-10-08T08:11:27.463+0000] {logging_mixin.py:188} INFO - [2025-10-08T08:11:27.462+0000] {dagbag.py:545} INFO - Filling up the DagBag from /home/airflow/.local/lib/python3.12/site-packages/airflow/example_dags/example_params_trigger_ui.py
[2025-10-08T08:11:27.499+0000] {processor.py:840} INFO - DAG(s) 'example_params_trigger_ui' retrieved from /home/airflow/.local/lib/python3.12/site-packages/airflow/example_dags/example_params_trigger_ui.py
[2025-10-08T08:11:27.616+0000] {logging_mixin.py:188} INFO - [2025-10-08T08:11:27.616+0000] {dag.py:3096} INFO - Sync 1 DAGs
[2025-10-08T08:11:27.638+0000] {logging_mixin.py:188} INFO - [2025-10-08T08:11:27.637+0000] {dag.py:3954} INFO - Setting next_dagrun for example_params_trigger_ui to None, run_after=None
[2025-10-08T08:11:27.672+0000] {processor.py:183} INFO - Processing /home/airflow/.local/lib/python3.12/site-packages/airflow/example_dags/example_params_trigger_ui.py took 0.228 seconds
[2025-10-08T08:11:58.430+0000] {processor.py:161} INFO - Started process (PID=566) to work on /home/airflow/.local/lib/python3.12/site-packages/airflow/example_dags/example_params_trigger_ui.py
[2025-10-08T08:11:58.435+0000] {processor.py:830} INFO - Processing file /home/airflow/.local/lib/python3.12/site-packages/airflow/example_dags/example_params_trigger_ui.py for tasks to queue
[2025-10-08T08:11:58.446+0000] {logging_mixin.py:188} INFO - [2025-10-08T08:11:58.444+0000] {dagbag.py:545} INFO - Filling up the DagBag from /home/airflow/.local/lib/python3.12/site-packages/airflow/example_dags/example_params_trigger_ui.py
[2025-10-08T08:11:58.482+0000] {processor.py:840} INFO - DAG(s) 'example_params_trigger_ui' retrieved from /home/airflow/.local/lib/python3.12/site-packages/airflow/example_dags/example_params_trigger_ui.py
[2025-10-08T08:11:58.549+0000] {logging_mixin.py:188} INFO - [2025-10-08T08:11:58.548+0000] {dag.py:3096} INFO - Sync 1 DAGs
[2025-10-08T08:11:58.565+0000] {logging_mixin.py:188} INFO - [2025-10-08T08:11:58.564+0000] {dag.py:3954} INFO - Setting next_dagrun for example_params_trigger_ui to None, run_after=None
[2025-10-08T08:11:58.592+0000] {processor.py:183} INFO - Processing /home/airflow/.local/lib/python3.12/site-packages/airflow/example_dags/example_params_trigger_ui.py took 0.186 seconds
[2025-10-08T08:12:29.020+0000] {processor.py:161} INFO - Started process (PID=624) to work on /home/airflow/.local/lib/python3.12/site-packages/airflow/example_dags/example_params_trigger_ui.py
[2025-10-08T08:12:29.022+0000] {processor.py:830} INFO - Processing file /home/airflow/.local/lib/python3.12/site-packages/airflow/example_dags/example_params_trigger_ui.py for tasks to queue
[2025-10-08T08:12:29.025+0000] {logging_mixin.py:188} INFO - [2025-10-08T08:12:29.025+0000] {dagbag.py:545} INFO - Filling up the DagBag from /home/airflow/.local/lib/python3.12/site-packages/airflow/example_dags/example_params_trigger_ui.py
[2025-10-08T08:12:29.047+0000] {processor.py:840} INFO - DAG(s) 'example_params_trigger_ui' retrieved from /home/airflow/.local/lib/python3.12/site-packages/airflow/example_dags/example_params_trigger_ui.py
[2025-10-08T08:12:29.103+0000] {logging_mixin.py:188} INFO - [2025-10-08T08:12:29.103+0000] {dag.py:3096} INFO - Sync 1 DAGs
[2025-10-08T08:12:29.123+0000] {logging_mixin.py:188} INFO - [2025-10-08T08:12:29.123+0000] {dag.py:3954} INFO - Setting next_dagrun for example_params_trigger_ui to None, run_after=None
[2025-10-08T08:12:29.167+0000] {processor.py:183} INFO - Processing /home/airflow/.local/lib/python3.12/site-packages/airflow/example_dags/example_params_trigger_ui.py took 0.157 seconds
[2025-10-08T08:12:59.440+0000] {processor.py:161} INFO - Started process (PID=682) to work on /home/airflow/.local/lib/python3.12/site-packages/airflow/example_dags/example_params_trigger_ui.py
[2025-10-08T08:12:59.442+0000] {processor.py:830} INFO - Processing file /home/airflow/.local/lib/python3.12/site-packages/airflow/example_dags/example_params_trigger_ui.py for tasks to queue
[2025-10-08T08:12:59.445+0000] {logging_mixin.py:188} INFO - [2025-10-08T08:12:59.445+0000] {dagbag.py:545} INFO - Filling up the DagBag from /home/airflow/.local/lib/python3.12/site-packages/airflow/example_dags/example_params_trigger_ui.py
[2025-10-08T08:12:59.465+0000] {processor.py:840} INFO - DAG(s) 'example_params_trigger_ui' retrieved from /home/airflow/.local/lib/python3.12/site-packages/airflow/example_dags/example_params_trigger_ui.py
[2025-10-08T08:12:59.522+0000] {logging_mixin.py:188} INFO - [2025-10-08T08:12:59.521+0000] {dag.py:3096} INFO - Sync 1 DAGs
[2025-10-08T08:12:59.539+0000] {logging_mixin.py:188} INFO - [2025-10-08T08:12:59.538+0000] {dag.py:3954} INFO - Setting next_dagrun for example_params_trigger_ui to None, run_after=None
[2025-10-08T08:12:59.565+0000] {processor.py:183} INFO - Processing /home/airflow/.local/lib/python3.12/site-packages/airflow/example_dags/example_params_trigger_ui.py took 0.132 seconds
[2025-10-08T08:13:30.724+0000] {processor.py:161} INFO - Started process (PID=740) to work on /home/airflow/.local/lib/python3.12/site-packages/airflow/example_dags/example_params_trigger_ui.py
[2025-10-08T08:13:30.726+0000] {processor.py:830} INFO - Processing file /home/airflow/.local/lib/python3.12/site-packages/airflow/example_dags/example_params_trigger_ui.py for tasks to queue
[2025-10-08T08:13:30.730+0000] {logging_mixin.py:188} INFO - [2025-10-08T08:13:30.729+0000] {dagbag.py:545} INFO - Filling up the DagBag from /home/airflow/.local/lib/python3.12/site-packages/airflow/example_dags/example_params_trigger_ui.py
[2025-10-08T08:13:30.772+0000] {processor.py:840} INFO - DAG(s) 'example_params_trigger_ui' retrieved from /home/airflow/.local/lib/python3.12/site-packages/airflow/example_dags/example_params_trigger_ui.py
[2025-10-08T08:13:30.866+0000] {logging_mixin.py:188} INFO - [2025-10-08T08:13:30.866+0000] {dag.py:3096} INFO - Sync 1 DAGs
[2025-10-08T08:13:30.888+0000] {logging_mixin.py:188} INFO - [2025-10-08T08:13:30.887+0000] {dag.py:3954} INFO - Setting next_dagrun for example_params_trigger_ui to None, run_after=None
[2025-10-08T08:13:30.918+0000] {processor.py:183} INFO - Processing /home/airflow/.local/lib/python3.12/site-packages/airflow/example_dags/example_params_trigger_ui.py took 0.203 seconds
[2025-10-08T08:14:02.099+0000] {processor.py:161} INFO - Started process (PID=798) to work on /home/airflow/.local/lib/python3.12/site-packages/airflow/example_dags/example_params_trigger_ui.py
[2025-10-08T08:14:02.101+0000] {processor.py:830} INFO - Processing file /home/airflow/.local/lib/python3.12/site-packages/airflow/example_dags/example_params_trigger_ui.py for tasks to queue
[2025-10-08T08:14:02.104+0000] {logging_mixin.py:188} INFO - [2025-10-08T08:14:02.104+0000] {dagbag.py:545} INFO - Filling up the DagBag from /home/airflow/.local/lib/python3.12/site-packages/airflow/example_dags/example_params_trigger_ui.py
[2025-10-08T08:14:02.127+0000] {processor.py:840} INFO - DAG(s) 'example_params_trigger_ui' retrieved from /home/airflow/.local/lib/python3.12/site-packages/airflow/example_dags/example_params_trigger_ui.py
[2025-10-08T08:14:02.194+0000] {logging_mixin.py:188} INFO - [2025-10-08T08:14:02.194+0000] {dag.py:3096} INFO - Sync 1 DAGs
[2025-10-08T08:14:02.214+0000] {logging_mixin.py:188} INFO - [2025-10-08T08:14:02.214+0000] {dag.py:3954} INFO - Setting next_dagrun for example_params_trigger_ui to None, run_after=None
[2025-10-08T08:14:02.244+0000] {processor.py:183} INFO - Processing /home/airflow/.local/lib/python3.12/site-packages/airflow/example_dags/example_params_trigger_ui.py took 0.154 seconds
[2025-10-08T08:14:32.571+0000] {processor.py:161} INFO - Started process (PID=856) to work on /home/airflow/.local/lib/python3.12/site-packages/airflow/example_dags/example_params_trigger_ui.py
[2025-10-08T08:14:32.574+0000] {processor.py:830} INFO - Processing file /home/airflow/.local/lib/python3.12/site-packages/airflow/example_dags/example_params_trigger_ui.py for tasks to queue
[2025-10-08T08:14:32.580+0000] {logging_mixin.py:188} INFO - [2025-10-08T08:14:32.579+0000] {dagbag.py:545} INFO - Filling up the DagBag from /home/airflow/.local/lib/python3.12/site-packages/airflow/example_dags/example_params_trigger_ui.py
[2025-10-08T08:14:32.613+0000] {processor.py:840} INFO - DAG(s) 'example_params_trigger_ui' retrieved from /home/airflow/.local/lib/python3.12/site-packages/airflow/example_dags/example_params_trigger_ui.py
[2025-10-08T08:14:32.706+0000] {logging_mixin.py:188} INFO - [2025-10-08T08:14:32.706+0000] {dag.py:3096} INFO - Sync 1 DAGs
[2025-10-08T08:14:32.727+0000] {logging_mixin.py:188} INFO - [2025-10-08T08:14:32.726+0000] {dag.py:3954} INFO - Setting next_dagrun for example_params_trigger_ui to None, run_after=None
[2025-10-08T08:14:32.779+0000] {processor.py:183} INFO - Processing /home/airflow/.local/lib/python3.12/site-packages/airflow/example_dags/example_params_trigger_ui.py took 0.225 seconds
[2025-10-08T08:15:03.089+0000] {processor.py:161} INFO - Started process (PID=913) to work on /home/airflow/.local/lib/python3.12/site-packages/airflow/example_dags/example_params_trigger_ui.py
[2025-10-08T08:15:03.091+0000] {processor.py:830} INFO - Processing file /home/airflow/.local/lib/python3.12/site-packages/airflow/example_dags/example_params_trigger_ui.py for tasks to queue
[2025-10-08T08:15:03.095+0000] {logging_mixin.py:188} INFO - [2025-10-08T08:15:03.095+0000] {dagbag.py:545} INFO - Filling up the DagBag from /home/airflow/.local/lib/python3.12/site-packages/airflow/example_dags/example_params_trigger_ui.py
[2025-10-08T08:15:03.126+0000] {processor.py:840} INFO - DAG(s) 'example_params_trigger_ui' retrieved from /home/airflow/.local/lib/python3.12/site-packages/airflow/example_dags/example_params_trigger_ui.py
[2025-10-08T08:15:03.218+0000] {logging_mixin.py:188} INFO - [2025-10-08T08:15:03.218+0000] {dag.py:3096} INFO - Sync 1 DAGs
[2025-10-08T08:15:03.240+0000] {logging_mixin.py:188} INFO - [2025-10-08T08:15:03.240+0000] {dag.py:3954} INFO - Setting next_dagrun for example_params_trigger_ui to None, run_after=None
[2025-10-08T08:15:03.275+0000] {processor.py:183} INFO - Processing /home/airflow/.local/lib/python3.12/site-packages/airflow/example_dags/example_params_trigger_ui.py took 0.193 seconds
[2025-10-08T08:15:34.016+0000] {processor.py:161} INFO - Started process (PID=971) to work on /home/airflow/.local/lib/python3.12/site-packages/airflow/example_dags/example_params_trigger_ui.py
[2025-10-08T08:15:34.018+0000] {processor.py:830} INFO - Processing file /home/airflow/.local/lib/python3.12/site-packages/airflow/example_dags/example_params_trigger_ui.py for tasks to queue
[2025-10-08T08:15:34.021+0000] {logging_mixin.py:188} INFO - [2025-10-08T08:15:34.021+0000] {dagbag.py:545} INFO - Filling up the DagBag from /home/airflow/.local/lib/python3.12/site-packages/airflow/example_dags/example_params_trigger_ui.py
[2025-10-08T08:15:34.042+0000] {processor.py:840} INFO - DAG(s) 'example_params_trigger_ui' retrieved from /home/airflow/.local/lib/python3.12/site-packages/airflow/example_dags/example_params_trigger_ui.py
[2025-10-08T08:15:34.114+0000] {logging_mixin.py:188} INFO - [2025-10-08T08:15:34.113+0000] {dag.py:3096} INFO - Sync 1 DAGs
[2025-10-08T08:15:34.132+0000] {logging_mixin.py:188} INFO - [2025-10-08T08:15:34.132+0000] {dag.py:3954} INFO - Setting next_dagrun for example_params_trigger_ui to None, run_after=None
[2025-10-08T08:15:34.168+0000] {processor.py:183} INFO - Processing /home/airflow/.local/lib/python3.12/site-packages/airflow/example_dags/example_params_trigger_ui.py took 0.162 seconds
[2025-10-08T08:16:04.869+0000] {processor.py:161} INFO - Started process (PID=1029) to work on /home/airflow/.local/lib/python3.12/site-packages/airflow/example_dags/example_params_trigger_ui.py
[2025-10-08T08:16:04.872+0000] {processor.py:830} INFO - Processing file /home/airflow/.local/lib/python3.12/site-packages/airflow/example_dags/example_params_trigger_ui.py for tasks to queue
[2025-10-08T08:16:04.876+0000] {logging_mixin.py:188} INFO - [2025-10-08T08:16:04.876+0000] {dagbag.py:545} INFO - Filling up the DagBag from /home/airflow/.local/lib/python3.12/site-packages/airflow/example_dags/example_params_trigger_ui.py
[2025-10-08T08:16:04.922+0000] {processor.py:840} INFO - DAG(s) 'example_params_trigger_ui' retrieved from /home/airflow/.local/lib/python3.12/site-packages/airflow/example_dags/example_params_trigger_ui.py
[2025-10-08T08:16:05.002+0000] {logging_mixin.py:188} INFO - [2025-10-08T08:16:05.002+0000] {dag.py:3096} INFO - Sync 1 DAGs
[2025-10-08T08:16:05.024+0000] {logging_mixin.py:188} INFO - [2025-10-08T08:16:05.024+0000] {dag.py:3954} INFO - Setting next_dagrun for example_params_trigger_ui to None, run_after=None
[2025-10-08T08:16:05.064+0000] {processor.py:183} INFO - Processing /home/airflow/.local/lib/python3.12/site-packages/airflow/example_dags/example_params_trigger_ui.py took 0.211 seconds
[2025-10-08T08:16:35.956+0000] {processor.py:161} INFO - Started process (PID=1087) to work on /home/airflow/.local/lib/python3.12/site-packages/airflow/example_dags/example_params_trigger_ui.py
[2025-10-08T08:16:35.961+0000] {processor.py:830} INFO - Processing file /home/airflow/.local/lib/python3.12/site-packages/airflow/example_dags/example_params_trigger_ui.py for tasks to queue
[2025-10-08T08:16:35.969+0000] {logging_mixin.py:188} INFO - [2025-10-08T08:16:35.968+0000] {dagbag.py:545} INFO - Filling up the DagBag from /home/airflow/.local/lib/python3.12/site-packages/airflow/example_dags/example_params_trigger_ui.py
[2025-10-08T08:16:36.006+0000] {processor.py:840} INFO - DAG(s) 'example_params_trigger_ui' retrieved from /home/airflow/.local/lib/python3.12/site-packages/airflow/example_dags/example_params_trigger_ui.py
[2025-10-08T08:16:36.080+0000] {logging_mixin.py:188} INFO - [2025-10-08T08:16:36.080+0000] {dag.py:3096} INFO - Sync 1 DAGs
[2025-10-08T08:16:36.105+0000] {logging_mixin.py:188} INFO - [2025-10-08T08:16:36.105+0000] {dag.py:3954} INFO - Setting next_dagrun for example_params_trigger_ui to None, run_after=None
[2025-10-08T08:16:36.155+0000] {processor.py:183} INFO - Processing /home/airflow/.local/lib/python3.12/site-packages/airflow/example_dags/example_params_trigger_ui.py took 0.218 seconds
[2025-10-08T08:17:06.719+0000] {processor.py:161} INFO - Started process (PID=1145) to work on /home/airflow/.local/lib/python3.12/site-packages/airflow/example_dags/example_params_trigger_ui.py
[2025-10-08T08:17:06.721+0000] {processor.py:830} INFO - Processing file /home/airflow/.local/lib/python3.12/site-packages/airflow/example_dags/example_params_trigger_ui.py for tasks to queue
[2025-10-08T08:17:06.724+0000] {logging_mixin.py:188} INFO - [2025-10-08T08:17:06.723+0000] {dagbag.py:545} INFO - Filling up the DagBag from /home/airflow/.local/lib/python3.12/site-packages/airflow/example_dags/example_params_trigger_ui.py
[2025-10-08T08:17:06.745+0000] {processor.py:840} INFO - DAG(s) 'example_params_trigger_ui' retrieved from /home/airflow/.local/lib/python3.12/site-packages/airflow/example_dags/example_params_trigger_ui.py
[2025-10-08T08:17:06.806+0000] {logging_mixin.py:188} INFO - [2025-10-08T08:17:06.806+0000] {dag.py:3096} INFO - Sync 1 DAGs
[2025-10-08T08:17:06.824+0000] {logging_mixin.py:188} INFO - [2025-10-08T08:17:06.824+0000] {dag.py:3954} INFO - Setting next_dagrun for example_params_trigger_ui to None, run_after=None
[2025-10-08T08:17:06.861+0000] {processor.py:183} INFO - Processing /home/airflow/.local/lib/python3.12/site-packages/airflow/example_dags/example_params_trigger_ui.py took 0.150 seconds
[2025-10-08T08:17:37.556+0000] {processor.py:161} INFO - Started process (PID=1203) to work on /home/airflow/.local/lib/python3.12/site-packages/airflow/example_dags/example_params_trigger_ui.py
[2025-10-08T08:17:37.557+0000] {processor.py:830} INFO - Processing file /home/airflow/.local/lib/python3.12/site-packages/airflow/example_dags/example_params_trigger_ui.py for tasks to queue
[2025-10-08T08:17:37.560+0000] {logging_mixin.py:188} INFO - [2025-10-08T08:17:37.560+0000] {dagbag.py:545} INFO - Filling up the DagBag from /home/airflow/.local/lib/python3.12/site-packages/airflow/example_dags/example_params_trigger_ui.py
[2025-10-08T08:17:37.578+0000] {processor.py:840} INFO - DAG(s) 'example_params_trigger_ui' retrieved from /home/airflow/.local/lib/python3.12/site-packages/airflow/example_dags/example_params_trigger_ui.py
[2025-10-08T08:17:37.633+0000] {logging_mixin.py:188} INFO - [2025-10-08T08:17:37.633+0000] {dag.py:3096} INFO - Sync 1 DAGs
[2025-10-08T08:17:37.652+0000] {logging_mixin.py:188} INFO - [2025-10-08T08:17:37.652+0000] {dag.py:3954} INFO - Setting next_dagrun for example_params_trigger_ui to None, run_after=None
[2025-10-08T08:17:37.701+0000] {processor.py:183} INFO - Processing /home/airflow/.local/lib/python3.12/site-packages/airflow/example_dags/example_params_trigger_ui.py took 0.154 seconds
[2025-10-08T08:18:08.299+0000] {processor.py:161} INFO - Started process (PID=1262) to work on /home/airflow/.local/lib/python3.12/site-packages/airflow/example_dags/example_params_trigger_ui.py
[2025-10-08T08:18:08.301+0000] {processor.py:830} INFO - Processing file /home/airflow/.local/lib/python3.12/site-packages/airflow/example_dags/example_params_trigger_ui.py for tasks to queue
[2025-10-08T08:18:08.305+0000] {logging_mixin.py:188} INFO - [2025-10-08T08:18:08.304+0000] {dagbag.py:545} INFO - Filling up the DagBag from /home/airflow/.local/lib/python3.12/site-packages/airflow/example_dags/example_params_trigger_ui.py
[2025-10-08T08:18:08.329+0000] {processor.py:840} INFO - DAG(s) 'example_params_trigger_ui' retrieved from /home/airflow/.local/lib/python3.12/site-packages/airflow/example_dags/example_params_trigger_ui.py
[2025-10-08T08:18:08.401+0000] {logging_mixin.py:188} INFO - [2025-10-08T08:18:08.401+0000] {dag.py:3096} INFO - Sync 1 DAGs
[2025-10-08T08:18:08.424+0000] {logging_mixin.py:188} INFO - [2025-10-08T08:18:08.424+0000] {dag.py:3954} INFO - Setting next_dagrun for example_params_trigger_ui to None, run_after=None
[2025-10-08T08:18:08.456+0000] {processor.py:183} INFO - Processing /home/airflow/.local/lib/python3.12/site-packages/airflow/example_dags/example_params_trigger_ui.py took 0.166 seconds
[2025-10-08T08:18:39.655+0000] {processor.py:161} INFO - Started process (PID=1322) to work on /home/airflow/.local/lib/python3.12/site-packages/airflow/example_dags/example_params_trigger_ui.py
[2025-10-08T08:18:39.657+0000] {processor.py:830} INFO - Processing file /home/airflow/.local/lib/python3.12/site-packages/airflow/example_dags/example_params_trigger_ui.py for tasks to queue
[2025-10-08T08:18:39.667+0000] {logging_mixin.py:188} INFO - [2025-10-08T08:18:39.666+0000] {dagbag.py:545} INFO - Filling up the DagBag from /home/airflow/.local/lib/python3.12/site-packages/airflow/example_dags/example_params_trigger_ui.py
[2025-10-08T08:18:39.705+0000] {processor.py:840} INFO - DAG(s) 'example_params_trigger_ui' retrieved from /home/airflow/.local/lib/python3.12/site-packages/airflow/example_dags/example_params_trigger_ui.py
[2025-10-08T08:18:39.776+0000] {logging_mixin.py:188} INFO - [2025-10-08T08:18:39.776+0000] {dag.py:3096} INFO - Sync 1 DAGs
[2025-10-08T08:18:39.797+0000] {logging_mixin.py:188} INFO - [2025-10-08T08:18:39.797+0000] {dag.py:3954} INFO - Setting next_dagrun for example_params_trigger_ui to None, run_after=None
[2025-10-08T08:18:40.051+0000] {processor.py:183} INFO - Processing /home/airflow/.local/lib/python3.12/site-packages/airflow/example_dags/example_params_trigger_ui.py took 0.408 seconds
[2025-10-08T08:19:10.835+0000] {processor.py:161} INFO - Started process (PID=1381) to work on /home/airflow/.local/lib/python3.12/site-packages/airflow/example_dags/example_params_trigger_ui.py
[2025-10-08T08:19:10.837+0000] {processor.py:830} INFO - Processing file /home/airflow/.local/lib/python3.12/site-packages/airflow/example_dags/example_params_trigger_ui.py for tasks to queue
[2025-10-08T08:19:10.841+0000] {logging_mixin.py:188} INFO - [2025-10-08T08:19:10.841+0000] {dagbag.py:545} INFO - Filling up the DagBag from /home/airflow/.local/lib/python3.12/site-packages/airflow/example_dags/example_params_trigger_ui.py
[2025-10-08T08:19:10.865+0000] {processor.py:840} INFO - DAG(s) 'example_params_trigger_ui' retrieved from /home/airflow/.local/lib/python3.12/site-packages/airflow/example_dags/example_params_trigger_ui.py
[2025-10-08T08:19:11.022+0000] {logging_mixin.py:188} INFO - [2025-10-08T08:19:11.021+0000] {dag.py:3096} INFO - Sync 1 DAGs
[2025-10-08T08:19:11.073+0000] {logging_mixin.py:188} INFO - [2025-10-08T08:19:11.073+0000] {dag.py:3954} INFO - Setting next_dagrun for example_params_trigger_ui to None, run_after=None
[2025-10-08T08:19:11.155+0000] {processor.py:183} INFO - Processing /home/airflow/.local/lib/python3.12/site-packages/airflow/example_dags/example_params_trigger_ui.py took 0.328 seconds
[2025-10-08T08:19:41.664+0000] {processor.py:161} INFO - Started process (PID=1440) to work on /home/airflow/.local/lib/python3.12/site-packages/airflow/example_dags/example_params_trigger_ui.py
[2025-10-08T08:19:41.666+0000] {processor.py:830} INFO - Processing file /home/airflow/.local/lib/python3.12/site-packages/airflow/example_dags/example_params_trigger_ui.py for tasks to queue
[2025-10-08T08:19:41.670+0000] {logging_mixin.py:188} INFO - [2025-10-08T08:19:41.670+0000] {dagbag.py:545} INFO - Filling up the DagBag from /home/airflow/.local/lib/python3.12/site-packages/airflow/example_dags/example_params_trigger_ui.py
[2025-10-08T08:19:41.693+0000] {processor.py:840} INFO - DAG(s) 'example_params_trigger_ui' retrieved from /home/airflow/.local/lib/python3.12/site-packages/airflow/example_dags/example_params_trigger_ui.py
[2025-10-08T08:19:41.784+0000] {logging_mixin.py:188} INFO - [2025-10-08T08:19:41.784+0000] {dag.py:3096} INFO - Sync 1 DAGs
[2025-10-08T08:19:41.803+0000] {logging_mixin.py:188} INFO - [2025-10-08T08:19:41.802+0000] {dag.py:3954} INFO - Setting next_dagrun for example_params_trigger_ui to None, run_after=None
[2025-10-08T08:19:41.857+0000] {processor.py:183} INFO - Processing /home/airflow/.local/lib/python3.12/site-packages/airflow/example_dags/example_params_trigger_ui.py took 0.204 seconds
[2025-10-08T08:20:12.465+0000] {processor.py:161} INFO - Started process (PID=1498) to work on /home/airflow/.local/lib/python3.12/site-packages/airflow/example_dags/example_params_trigger_ui.py
[2025-10-08T08:20:12.467+0000] {processor.py:830} INFO - Processing file /home/airflow/.local/lib/python3.12/site-packages/airflow/example_dags/example_params_trigger_ui.py for tasks to queue
[2025-10-08T08:20:12.472+0000] {logging_mixin.py:188} INFO - [2025-10-08T08:20:12.471+0000] {dagbag.py:545} INFO - Filling up the DagBag from /home/airflow/.local/lib/python3.12/site-packages/airflow/example_dags/example_params_trigger_ui.py
[2025-10-08T08:20:12.502+0000] {processor.py:840} INFO - DAG(s) 'example_params_trigger_ui' retrieved from /home/airflow/.local/lib/python3.12/site-packages/airflow/example_dags/example_params_trigger_ui.py
[2025-10-08T08:20:12.770+0000] {logging_mixin.py:188} INFO - [2025-10-08T08:20:12.770+0000] {dag.py:3096} INFO - Sync 1 DAGs
[2025-10-08T08:20:12.788+0000] {logging_mixin.py:188} INFO - [2025-10-08T08:20:12.788+0000] {dag.py:3954} INFO - Setting next_dagrun for example_params_trigger_ui to None, run_after=None
[2025-10-08T08:20:12.845+0000] {processor.py:183} INFO - Processing /home/airflow/.local/lib/python3.12/site-packages/airflow/example_dags/example_params_trigger_ui.py took 0.392 seconds
[2025-10-08T08:20:42.998+0000] {processor.py:161} INFO - Started process (PID=1557) to work on /home/airflow/.local/lib/python3.12/site-packages/airflow/example_dags/example_params_trigger_ui.py
[2025-10-08T08:20:43.001+0000] {processor.py:830} INFO - Processing file /home/airflow/.local/lib/python3.12/site-packages/airflow/example_dags/example_params_trigger_ui.py for tasks to queue
[2025-10-08T08:20:43.006+0000] {logging_mixin.py:188} INFO - [2025-10-08T08:20:43.005+0000] {dagbag.py:545} INFO - Filling up the DagBag from /home/airflow/.local/lib/python3.12/site-packages/airflow/example_dags/example_params_trigger_ui.py
[2025-10-08T08:20:43.036+0000] {processor.py:840} INFO - DAG(s) 'example_params_trigger_ui' retrieved from /home/airflow/.local/lib/python3.12/site-packages/airflow/example_dags/example_params_trigger_ui.py
[2025-10-08T08:20:43.120+0000] {logging_mixin.py:188} INFO - [2025-10-08T08:20:43.119+0000] {dag.py:3096} INFO - Sync 1 DAGs
[2025-10-08T08:20:43.318+0000] {logging_mixin.py:188} INFO - [2025-10-08T08:20:43.317+0000] {dag.py:3954} INFO - Setting next_dagrun for example_params_trigger_ui to None, run_after=None
[2025-10-08T08:20:43.353+0000] {processor.py:183} INFO - Processing /home/airflow/.local/lib/python3.12/site-packages/airflow/example_dags/example_params_trigger_ui.py took 0.368 seconds
[2025-10-08T08:21:13.616+0000] {processor.py:161} INFO - Started process (PID=1616) to work on /home/airflow/.local/lib/python3.12/site-packages/airflow/example_dags/example_params_trigger_ui.py
[2025-10-08T08:21:13.618+0000] {processor.py:830} INFO - Processing file /home/airflow/.local/lib/python3.12/site-packages/airflow/example_dags/example_params_trigger_ui.py for tasks to queue
[2025-10-08T08:21:13.625+0000] {logging_mixin.py:188} INFO - [2025-10-08T08:21:13.624+0000] {dagbag.py:545} INFO - Filling up the DagBag from /home/airflow/.local/lib/python3.12/site-packages/airflow/example_dags/example_params_trigger_ui.py
[2025-10-08T08:21:13.660+0000] {processor.py:840} INFO - DAG(s) 'example_params_trigger_ui' retrieved from /home/airflow/.local/lib/python3.12/site-packages/airflow/example_dags/example_params_trigger_ui.py
[2025-10-08T08:21:13.732+0000] {logging_mixin.py:188} INFO - [2025-10-08T08:21:13.731+0000] {dag.py:3096} INFO - Sync 1 DAGs
[2025-10-08T08:21:13.755+0000] {logging_mixin.py:188} INFO - [2025-10-08T08:21:13.755+0000] {dag.py:3954} INFO - Setting next_dagrun for example_params_trigger_ui to None, run_after=None
[2025-10-08T08:21:13.785+0000] {processor.py:183} INFO - Processing /home/airflow/.local/lib/python3.12/site-packages/airflow/example_dags/example_params_trigger_ui.py took 0.185 seconds
[2025-10-08T08:21:44.198+0000] {processor.py:161} INFO - Started process (PID=1675) to work on /home/airflow/.local/lib/python3.12/site-packages/airflow/example_dags/example_params_trigger_ui.py
[2025-10-08T08:21:44.200+0000] {processor.py:830} INFO - Processing file /home/airflow/.local/lib/python3.12/site-packages/airflow/example_dags/example_params_trigger_ui.py for tasks to queue
[2025-10-08T08:21:44.204+0000] {logging_mixin.py:188} INFO - [2025-10-08T08:21:44.203+0000] {dagbag.py:545} INFO - Filling up the DagBag from /home/airflow/.local/lib/python3.12/site-packages/airflow/example_dags/example_params_trigger_ui.py
[2025-10-08T08:21:44.234+0000] {processor.py:840} INFO - DAG(s) 'example_params_trigger_ui' retrieved from /home/airflow/.local/lib/python3.12/site-packages/airflow/example_dags/example_params_trigger_ui.py
[2025-10-08T08:21:44.300+0000] {logging_mixin.py:188} INFO - [2025-10-08T08:21:44.300+0000] {dag.py:3096} INFO - Sync 1 DAGs
[2025-10-08T08:21:44.317+0000] {logging_mixin.py:188} INFO - [2025-10-08T08:21:44.317+0000] {dag.py:3954} INFO - Setting next_dagrun for example_params_trigger_ui to None, run_after=None
[2025-10-08T08:21:44.373+0000] {processor.py:183} INFO - Processing /home/airflow/.local/lib/python3.12/site-packages/airflow/example_dags/example_params_trigger_ui.py took 0.189 seconds
[2025-10-08T08:22:14.747+0000] {processor.py:161} INFO - Started process (PID=1734) to work on /home/airflow/.local/lib/python3.12/site-packages/airflow/example_dags/example_params_trigger_ui.py
[2025-10-08T08:22:14.749+0000] {processor.py:830} INFO - Processing file /home/airflow/.local/lib/python3.12/site-packages/airflow/example_dags/example_params_trigger_ui.py for tasks to queue
[2025-10-08T08:22:14.756+0000] {logging_mixin.py:188} INFO - [2025-10-08T08:22:14.755+0000] {dagbag.py:545} INFO - Filling up the DagBag from /home/airflow/.local/lib/python3.12/site-packages/airflow/example_dags/example_params_trigger_ui.py
[2025-10-08T08:22:14.789+0000] {processor.py:840} INFO - DAG(s) 'example_params_trigger_ui' retrieved from /home/airflow/.local/lib/python3.12/site-packages/airflow/example_dags/example_params_trigger_ui.py
[2025-10-08T08:22:14.856+0000] {logging_mixin.py:188} INFO - [2025-10-08T08:22:14.856+0000] {dag.py:3096} INFO - Sync 1 DAGs
[2025-10-08T08:22:14.880+0000] {logging_mixin.py:188} INFO - [2025-10-08T08:22:14.880+0000] {dag.py:3954} INFO - Setting next_dagrun for example_params_trigger_ui to None, run_after=None
[2025-10-08T08:22:14.927+0000] {processor.py:183} INFO - Processing /home/airflow/.local/lib/python3.12/site-packages/airflow/example_dags/example_params_trigger_ui.py took 0.202 seconds
[2025-10-08T08:22:45.122+0000] {processor.py:161} INFO - Started process (PID=1793) to work on /home/airflow/.local/lib/python3.12/site-packages/airflow/example_dags/example_params_trigger_ui.py
[2025-10-08T08:22:45.124+0000] {processor.py:830} INFO - Processing file /home/airflow/.local/lib/python3.12/site-packages/airflow/example_dags/example_params_trigger_ui.py for tasks to queue
[2025-10-08T08:22:45.127+0000] {logging_mixin.py:188} INFO - [2025-10-08T08:22:45.127+0000] {dagbag.py:545} INFO - Filling up the DagBag from /home/airflow/.local/lib/python3.12/site-packages/airflow/example_dags/example_params_trigger_ui.py
[2025-10-08T08:22:45.151+0000] {processor.py:840} INFO - DAG(s) 'example_params_trigger_ui' retrieved from /home/airflow/.local/lib/python3.12/site-packages/airflow/example_dags/example_params_trigger_ui.py
[2025-10-08T08:22:45.209+0000] {logging_mixin.py:188} INFO - [2025-10-08T08:22:45.209+0000] {dag.py:3096} INFO - Sync 1 DAGs
[2025-10-08T08:22:45.229+0000] {logging_mixin.py:188} INFO - [2025-10-08T08:22:45.229+0000] {dag.py:3954} INFO - Setting next_dagrun for example_params_trigger_ui to None, run_after=None
[2025-10-08T08:22:45.258+0000] {processor.py:183} INFO - Processing /home/airflow/.local/lib/python3.12/site-packages/airflow/example_dags/example_params_trigger_ui.py took 0.144 seconds
[2025-10-08T08:23:15.971+0000] {processor.py:161} INFO - Started process (PID=1852) to work on /home/airflow/.local/lib/python3.12/site-packages/airflow/example_dags/example_params_trigger_ui.py
[2025-10-08T08:23:15.981+0000] {processor.py:830} INFO - Processing file /home/airflow/.local/lib/python3.12/site-packages/airflow/example_dags/example_params_trigger_ui.py for tasks to queue
[2025-10-08T08:23:15.996+0000] {logging_mixin.py:188} INFO - [2025-10-08T08:23:15.995+0000] {dagbag.py:545} INFO - Filling up the DagBag from /home/airflow/.local/lib/python3.12/site-packages/airflow/example_dags/example_params_trigger_ui.py
[2025-10-08T08:23:16.051+0000] {processor.py:840} INFO - DAG(s) 'example_params_trigger_ui' retrieved from /home/airflow/.local/lib/python3.12/site-packages/airflow/example_dags/example_params_trigger_ui.py
[2025-10-08T08:23:16.355+0000] {logging_mixin.py:188} INFO - [2025-10-08T08:23:16.355+0000] {dag.py:3096} INFO - Sync 1 DAGs
[2025-10-08T08:23:16.446+0000] {logging_mixin.py:188} INFO - [2025-10-08T08:23:16.445+0000] {dag.py:3954} INFO - Setting next_dagrun for example_params_trigger_ui to None, run_after=None
[2025-10-08T08:23:16.577+0000] {processor.py:183} INFO - Processing /home/airflow/.local/lib/python3.12/site-packages/airflow/example_dags/example_params_trigger_ui.py took 0.636 seconds
[2025-10-08T08:23:46.803+0000] {processor.py:161} INFO - Started process (PID=1911) to work on /home/airflow/.local/lib/python3.12/site-packages/airflow/example_dags/example_params_trigger_ui.py
[2025-10-08T08:23:46.805+0000] {processor.py:830} INFO - Processing file /home/airflow/.local/lib/python3.12/site-packages/airflow/example_dags/example_params_trigger_ui.py for tasks to queue
[2025-10-08T08:23:46.811+0000] {logging_mixin.py:188} INFO - [2025-10-08T08:23:46.810+0000] {dagbag.py:545} INFO - Filling up the DagBag from /home/airflow/.local/lib/python3.12/site-packages/airflow/example_dags/example_params_trigger_ui.py
[2025-10-08T08:23:46.841+0000] {processor.py:840} INFO - DAG(s) 'example_params_trigger_ui' retrieved from /home/airflow/.local/lib/python3.12/site-packages/airflow/example_dags/example_params_trigger_ui.py
[2025-10-08T08:23:46.925+0000] {logging_mixin.py:188} INFO - [2025-10-08T08:23:46.924+0000] {dag.py:3096} INFO - Sync 1 DAGs
[2025-10-08T08:23:46.949+0000] {logging_mixin.py:188} INFO - [2025-10-08T08:23:46.948+0000] {dag.py:3954} INFO - Setting next_dagrun for example_params_trigger_ui to None, run_after=None
[2025-10-08T08:23:46.982+0000] {processor.py:183} INFO - Processing /home/airflow/.local/lib/python3.12/site-packages/airflow/example_dags/example_params_trigger_ui.py took 0.191 seconds
[2025-10-08T08:24:17.818+0000] {processor.py:161} INFO - Started process (PID=1976) to work on /home/airflow/.local/lib/python3.12/site-packages/airflow/example_dags/example_params_trigger_ui.py
[2025-10-08T08:24:17.821+0000] {processor.py:830} INFO - Processing file /home/airflow/.local/lib/python3.12/site-packages/airflow/example_dags/example_params_trigger_ui.py for tasks to queue
[2025-10-08T08:24:17.826+0000] {logging_mixin.py:188} INFO - [2025-10-08T08:24:17.825+0000] {dagbag.py:545} INFO - Filling up the DagBag from /home/airflow/.local/lib/python3.12/site-packages/airflow/example_dags/example_params_trigger_ui.py
[2025-10-08T08:24:17.851+0000] {processor.py:840} INFO - DAG(s) 'example_params_trigger_ui' retrieved from /home/airflow/.local/lib/python3.12/site-packages/airflow/example_dags/example_params_trigger_ui.py
[2025-10-08T08:24:17.922+0000] {logging_mixin.py:188} INFO - [2025-10-08T08:24:17.921+0000] {dag.py:3096} INFO - Sync 1 DAGs
[2025-10-08T08:24:17.939+0000] {logging_mixin.py:188} INFO - [2025-10-08T08:24:17.939+0000] {dag.py:3954} INFO - Setting next_dagrun for example_params_trigger_ui to None, run_after=None
[2025-10-08T08:24:17.987+0000] {processor.py:183} INFO - Processing /home/airflow/.local/lib/python3.12/site-packages/airflow/example_dags/example_params_trigger_ui.py took 0.182 seconds
[2025-10-08T08:24:48.093+0000] {processor.py:161} INFO - Started process (PID=2035) to work on /home/airflow/.local/lib/python3.12/site-packages/airflow/example_dags/example_params_trigger_ui.py
[2025-10-08T08:24:48.095+0000] {processor.py:830} INFO - Processing file /home/airflow/.local/lib/python3.12/site-packages/airflow/example_dags/example_params_trigger_ui.py for tasks to queue
[2025-10-08T08:24:48.100+0000] {logging_mixin.py:188} INFO - [2025-10-08T08:24:48.099+0000] {dagbag.py:545} INFO - Filling up the DagBag from /home/airflow/.local/lib/python3.12/site-packages/airflow/example_dags/example_params_trigger_ui.py
[2025-10-08T08:24:48.126+0000] {processor.py:840} INFO - DAG(s) 'example_params_trigger_ui' retrieved from /home/airflow/.local/lib/python3.12/site-packages/airflow/example_dags/example_params_trigger_ui.py
[2025-10-08T08:24:48.208+0000] {logging_mixin.py:188} INFO - [2025-10-08T08:24:48.207+0000] {dag.py:3096} INFO - Sync 1 DAGs
[2025-10-08T08:24:48.226+0000] {logging_mixin.py:188} INFO - [2025-10-08T08:24:48.226+0000] {dag.py:3954} INFO - Setting next_dagrun for example_params_trigger_ui to None, run_after=None
[2025-10-08T08:24:48.265+0000] {processor.py:183} INFO - Processing /home/airflow/.local/lib/python3.12/site-packages/airflow/example_dags/example_params_trigger_ui.py took 0.186 seconds
[2025-10-08T08:25:18.514+0000] {processor.py:161} INFO - Started process (PID=2094) to work on /home/airflow/.local/lib/python3.12/site-packages/airflow/example_dags/example_params_trigger_ui.py
[2025-10-08T08:25:18.517+0000] {processor.py:830} INFO - Processing file /home/airflow/.local/lib/python3.12/site-packages/airflow/example_dags/example_params_trigger_ui.py for tasks to queue
[2025-10-08T08:25:18.524+0000] {logging_mixin.py:188} INFO - [2025-10-08T08:25:18.523+0000] {dagbag.py:545} INFO - Filling up the DagBag from /home/airflow/.local/lib/python3.12/site-packages/airflow/example_dags/example_params_trigger_ui.py
[2025-10-08T08:25:18.552+0000] {processor.py:840} INFO - DAG(s) 'example_params_trigger_ui' retrieved from /home/airflow/.local/lib/python3.12/site-packages/airflow/example_dags/example_params_trigger_ui.py
[2025-10-08T08:25:18.621+0000] {logging_mixin.py:188} INFO - [2025-10-08T08:25:18.621+0000] {dag.py:3096} INFO - Sync 1 DAGs
[2025-10-08T08:25:18.642+0000] {logging_mixin.py:188} INFO - [2025-10-08T08:25:18.642+0000] {dag.py:3954} INFO - Setting next_dagrun for example_params_trigger_ui to None, run_after=None
[2025-10-08T08:25:18.667+0000] {processor.py:183} INFO - Processing /home/airflow/.local/lib/python3.12/site-packages/airflow/example_dags/example_params_trigger_ui.py took 0.178 seconds
[2025-10-08T08:25:49.429+0000] {processor.py:161} INFO - Started process (PID=2153) to work on /home/airflow/.local/lib/python3.12/site-packages/airflow/example_dags/example_params_trigger_ui.py
[2025-10-08T08:25:49.431+0000] {processor.py:830} INFO - Processing file /home/airflow/.local/lib/python3.12/site-packages/airflow/example_dags/example_params_trigger_ui.py for tasks to queue
[2025-10-08T08:25:49.436+0000] {logging_mixin.py:188} INFO - [2025-10-08T08:25:49.436+0000] {dagbag.py:545} INFO - Filling up the DagBag from /home/airflow/.local/lib/python3.12/site-packages/airflow/example_dags/example_params_trigger_ui.py
[2025-10-08T08:25:49.460+0000] {processor.py:840} INFO - DAG(s) 'example_params_trigger_ui' retrieved from /home/airflow/.local/lib/python3.12/site-packages/airflow/example_dags/example_params_trigger_ui.py
[2025-10-08T08:25:49.524+0000] {logging_mixin.py:188} INFO - [2025-10-08T08:25:49.524+0000] {dag.py:3096} INFO - Sync 1 DAGs
[2025-10-08T08:25:49.552+0000] {logging_mixin.py:188} INFO - [2025-10-08T08:25:49.551+0000] {dag.py:3954} INFO - Setting next_dagrun for example_params_trigger_ui to None, run_after=None
[2025-10-08T08:25:49.607+0000] {processor.py:183} INFO - Processing /home/airflow/.local/lib/python3.12/site-packages/airflow/example_dags/example_params_trigger_ui.py took 0.191 seconds
[2025-10-08T08:26:19.775+0000] {processor.py:161} INFO - Started process (PID=2212) to work on /home/airflow/.local/lib/python3.12/site-packages/airflow/example_dags/example_params_trigger_ui.py
[2025-10-08T08:26:19.778+0000] {processor.py:830} INFO - Processing file /home/airflow/.local/lib/python3.12/site-packages/airflow/example_dags/example_params_trigger_ui.py for tasks to queue
[2025-10-08T08:26:19.787+0000] {logging_mixin.py:188} INFO - [2025-10-08T08:26:19.786+0000] {dagbag.py:545} INFO - Filling up the DagBag from /home/airflow/.local/lib/python3.12/site-packages/airflow/example_dags/example_params_trigger_ui.py
[2025-10-08T08:26:19.839+0000] {processor.py:840} INFO - DAG(s) 'example_params_trigger_ui' retrieved from /home/airflow/.local/lib/python3.12/site-packages/airflow/example_dags/example_params_trigger_ui.py
[2025-10-08T08:26:19.925+0000] {logging_mixin.py:188} INFO - [2025-10-08T08:26:19.925+0000] {dag.py:3096} INFO - Sync 1 DAGs
[2025-10-08T08:26:19.946+0000] {logging_mixin.py:188} INFO - [2025-10-08T08:26:19.945+0000] {dag.py:3954} INFO - Setting next_dagrun for example_params_trigger_ui to None, run_after=None
[2025-10-08T08:26:19.979+0000] {processor.py:183} INFO - Processing /home/airflow/.local/lib/python3.12/site-packages/airflow/example_dags/example_params_trigger_ui.py took 0.226 seconds
[2025-10-08T08:26:50.756+0000] {processor.py:161} INFO - Started process (PID=2271) to work on /home/airflow/.local/lib/python3.12/site-packages/airflow/example_dags/example_params_trigger_ui.py
[2025-10-08T08:26:50.759+0000] {processor.py:830} INFO - Processing file /home/airflow/.local/lib/python3.12/site-packages/airflow/example_dags/example_params_trigger_ui.py for tasks to queue
[2025-10-08T08:26:50.764+0000] {logging_mixin.py:188} INFO - [2025-10-08T08:26:50.763+0000] {dagbag.py:545} INFO - Filling up the DagBag from /home/airflow/.local/lib/python3.12/site-packages/airflow/example_dags/example_params_trigger_ui.py
[2025-10-08T08:26:50.786+0000] {processor.py:840} INFO - DAG(s) 'example_params_trigger_ui' retrieved from /home/airflow/.local/lib/python3.12/site-packages/airflow/example_dags/example_params_trigger_ui.py
[2025-10-08T08:26:50.854+0000] {logging_mixin.py:188} INFO - [2025-10-08T08:26:50.854+0000] {dag.py:3096} INFO - Sync 1 DAGs
[2025-10-08T08:26:50.900+0000] {logging_mixin.py:188} INFO - [2025-10-08T08:26:50.899+0000] {dag.py:3954} INFO - Setting next_dagrun for example_params_trigger_ui to None, run_after=None
[2025-10-08T08:26:50.953+0000] {processor.py:183} INFO - Processing /home/airflow/.local/lib/python3.12/site-packages/airflow/example_dags/example_params_trigger_ui.py took 0.216 seconds
[2025-10-08T08:27:21.372+0000] {processor.py:161} INFO - Started process (PID=2330) to work on /home/airflow/.local/lib/python3.12/site-packages/airflow/example_dags/example_params_trigger_ui.py
[2025-10-08T08:27:21.375+0000] {processor.py:830} INFO - Processing file /home/airflow/.local/lib/python3.12/site-packages/airflow/example_dags/example_params_trigger_ui.py for tasks to queue
[2025-10-08T08:27:21.381+0000] {logging_mixin.py:188} INFO - [2025-10-08T08:27:21.380+0000] {dagbag.py:545} INFO - Filling up the DagBag from /home/airflow/.local/lib/python3.12/site-packages/airflow/example_dags/example_params_trigger_ui.py
[2025-10-08T08:27:21.411+0000] {processor.py:840} INFO - DAG(s) 'example_params_trigger_ui' retrieved from /home/airflow/.local/lib/python3.12/site-packages/airflow/example_dags/example_params_trigger_ui.py
[2025-10-08T08:27:21.472+0000] {logging_mixin.py:188} INFO - [2025-10-08T08:27:21.472+0000] {dag.py:3096} INFO - Sync 1 DAGs
[2025-10-08T08:27:21.490+0000] {logging_mixin.py:188} INFO - [2025-10-08T08:27:21.490+0000] {dag.py:3954} INFO - Setting next_dagrun for example_params_trigger_ui to None, run_after=None
[2025-10-08T08:27:21.541+0000] {processor.py:183} INFO - Processing /home/airflow/.local/lib/python3.12/site-packages/airflow/example_dags/example_params_trigger_ui.py took 0.186 seconds
[2025-10-08T08:27:51.871+0000] {processor.py:161} INFO - Started process (PID=2389) to work on /home/airflow/.local/lib/python3.12/site-packages/airflow/example_dags/example_params_trigger_ui.py
[2025-10-08T08:27:51.873+0000] {processor.py:830} INFO - Processing file /home/airflow/.local/lib/python3.12/site-packages/airflow/example_dags/example_params_trigger_ui.py for tasks to queue
[2025-10-08T08:27:51.878+0000] {logging_mixin.py:188} INFO - [2025-10-08T08:27:51.877+0000] {dagbag.py:545} INFO - Filling up the DagBag from /home/airflow/.local/lib/python3.12/site-packages/airflow/example_dags/example_params_trigger_ui.py
[2025-10-08T08:27:51.900+0000] {processor.py:840} INFO - DAG(s) 'example_params_trigger_ui' retrieved from /home/airflow/.local/lib/python3.12/site-packages/airflow/example_dags/example_params_trigger_ui.py
[2025-10-08T08:27:51.975+0000] {logging_mixin.py:188} INFO - [2025-10-08T08:27:51.974+0000] {dag.py:3096} INFO - Sync 1 DAGs
[2025-10-08T08:27:51.994+0000] {logging_mixin.py:188} INFO - [2025-10-08T08:27:51.993+0000] {dag.py:3954} INFO - Setting next_dagrun for example_params_trigger_ui to None, run_after=None
[2025-10-08T08:27:52.030+0000] {processor.py:183} INFO - Processing /home/airflow/.local/lib/python3.12/site-packages/airflow/example_dags/example_params_trigger_ui.py took 0.170 seconds
[2025-10-08T08:28:22.336+0000] {processor.py:161} INFO - Started process (PID=2448) to work on /home/airflow/.local/lib/python3.12/site-packages/airflow/example_dags/example_params_trigger_ui.py
[2025-10-08T08:28:22.339+0000] {processor.py:830} INFO - Processing file /home/airflow/.local/lib/python3.12/site-packages/airflow/example_dags/example_params_trigger_ui.py for tasks to queue
[2025-10-08T08:28:22.344+0000] {logging_mixin.py:188} INFO - [2025-10-08T08:28:22.343+0000] {dagbag.py:545} INFO - Filling up the DagBag from /home/airflow/.local/lib/python3.12/site-packages/airflow/example_dags/example_params_trigger_ui.py
[2025-10-08T08:28:22.370+0000] {processor.py:840} INFO - DAG(s) 'example_params_trigger_ui' retrieved from /home/airflow/.local/lib/python3.12/site-packages/airflow/example_dags/example_params_trigger_ui.py
[2025-10-08T08:28:22.427+0000] {logging_mixin.py:188} INFO - [2025-10-08T08:28:22.426+0000] {dag.py:3096} INFO - Sync 1 DAGs
[2025-10-08T08:28:22.450+0000] {logging_mixin.py:188} INFO - [2025-10-08T08:28:22.450+0000] {dag.py:3954} INFO - Setting next_dagrun for example_params_trigger_ui to None, run_after=None
[2025-10-08T08:28:22.481+0000] {processor.py:183} INFO - Processing /home/airflow/.local/lib/python3.12/site-packages/airflow/example_dags/example_params_trigger_ui.py took 0.165 seconds
[2025-10-08T08:28:53.074+0000] {processor.py:161} INFO - Started process (PID=2507) to work on /home/airflow/.local/lib/python3.12/site-packages/airflow/example_dags/example_params_trigger_ui.py
[2025-10-08T08:28:53.076+0000] {processor.py:830} INFO - Processing file /home/airflow/.local/lib/python3.12/site-packages/airflow/example_dags/example_params_trigger_ui.py for tasks to queue
[2025-10-08T08:28:53.080+0000] {logging_mixin.py:188} INFO - [2025-10-08T08:28:53.080+0000] {dagbag.py:545} INFO - Filling up the DagBag from /home/airflow/.local/lib/python3.12/site-packages/airflow/example_dags/example_params_trigger_ui.py
[2025-10-08T08:28:53.102+0000] {processor.py:840} INFO - DAG(s) 'example_params_trigger_ui' retrieved from /home/airflow/.local/lib/python3.12/site-packages/airflow/example_dags/example_params_trigger_ui.py
[2025-10-08T08:28:53.164+0000] {logging_mixin.py:188} INFO - [2025-10-08T08:28:53.163+0000] {dag.py:3096} INFO - Sync 1 DAGs
[2025-10-08T08:28:53.185+0000] {logging_mixin.py:188} INFO - [2025-10-08T08:28:53.185+0000] {dag.py:3954} INFO - Setting next_dagrun for example_params_trigger_ui to None, run_after=None
[2025-10-08T08:28:53.223+0000] {processor.py:183} INFO - Processing /home/airflow/.local/lib/python3.12/site-packages/airflow/example_dags/example_params_trigger_ui.py took 0.166 seconds
[2025-10-08T08:29:24.090+0000] {processor.py:161} INFO - Started process (PID=2566) to work on /home/airflow/.local/lib/python3.12/site-packages/airflow/example_dags/example_params_trigger_ui.py
[2025-10-08T08:29:24.094+0000] {processor.py:830} INFO - Processing file /home/airflow/.local/lib/python3.12/site-packages/airflow/example_dags/example_params_trigger_ui.py for tasks to queue
[2025-10-08T08:29:24.099+0000] {logging_mixin.py:188} INFO - [2025-10-08T08:29:24.099+0000] {dagbag.py:545} INFO - Filling up the DagBag from /home/airflow/.local/lib/python3.12/site-packages/airflow/example_dags/example_params_trigger_ui.py
[2025-10-08T08:29:24.136+0000] {processor.py:840} INFO - DAG(s) 'example_params_trigger_ui' retrieved from /home/airflow/.local/lib/python3.12/site-packages/airflow/example_dags/example_params_trigger_ui.py
[2025-10-08T08:29:24.206+0000] {logging_mixin.py:188} INFO - [2025-10-08T08:29:24.206+0000] {dag.py:3096} INFO - Sync 1 DAGs
[2025-10-08T08:29:24.226+0000] {logging_mixin.py:188} INFO - [2025-10-08T08:29:24.225+0000] {dag.py:3954} INFO - Setting next_dagrun for example_params_trigger_ui to None, run_after=None
[2025-10-08T08:29:24.259+0000] {processor.py:183} INFO - Processing /home/airflow/.local/lib/python3.12/site-packages/airflow/example_dags/example_params_trigger_ui.py took 0.182 seconds
[2025-10-08T08:29:55.130+0000] {processor.py:161} INFO - Started process (PID=2625) to work on /home/airflow/.local/lib/python3.12/site-packages/airflow/example_dags/example_params_trigger_ui.py
[2025-10-08T08:29:55.132+0000] {processor.py:830} INFO - Processing file /home/airflow/.local/lib/python3.12/site-packages/airflow/example_dags/example_params_trigger_ui.py for tasks to queue
[2025-10-08T08:29:55.137+0000] {logging_mixin.py:188} INFO - [2025-10-08T08:29:55.136+0000] {dagbag.py:545} INFO - Filling up the DagBag from /home/airflow/.local/lib/python3.12/site-packages/airflow/example_dags/example_params_trigger_ui.py
[2025-10-08T08:29:55.166+0000] {processor.py:840} INFO - DAG(s) 'example_params_trigger_ui' retrieved from /home/airflow/.local/lib/python3.12/site-packages/airflow/example_dags/example_params_trigger_ui.py
[2025-10-08T08:29:55.228+0000] {logging_mixin.py:188} INFO - [2025-10-08T08:29:55.228+0000] {dag.py:3096} INFO - Sync 1 DAGs
[2025-10-08T08:29:55.249+0000] {logging_mixin.py:188} INFO - [2025-10-08T08:29:55.249+0000] {dag.py:3954} INFO - Setting next_dagrun for example_params_trigger_ui to None, run_after=None
[2025-10-08T08:29:55.283+0000] {processor.py:183} INFO - Processing /home/airflow/.local/lib/python3.12/site-packages/airflow/example_dags/example_params_trigger_ui.py took 0.176 seconds
[2025-10-08T08:33:07.429+0000] {processor.py:161} INFO - Started process (PID=2695) to work on /home/airflow/.local/lib/python3.12/site-packages/airflow/example_dags/example_params_trigger_ui.py
[2025-10-08T08:33:07.438+0000] {processor.py:830} INFO - Processing file /home/airflow/.local/lib/python3.12/site-packages/airflow/example_dags/example_params_trigger_ui.py for tasks to queue
[2025-10-08T08:33:07.441+0000] {logging_mixin.py:188} INFO - [2025-10-08T08:33:07.441+0000] {dagbag.py:545} INFO - Filling up the DagBag from /home/airflow/.local/lib/python3.12/site-packages/airflow/example_dags/example_params_trigger_ui.py
[2025-10-08T08:33:07.462+0000] {processor.py:840} INFO - DAG(s) 'example_params_trigger_ui' retrieved from /home/airflow/.local/lib/python3.12/site-packages/airflow/example_dags/example_params_trigger_ui.py
[2025-10-08T08:33:07.536+0000] {logging_mixin.py:188} INFO - [2025-10-08T08:33:07.535+0000] {dag.py:3096} INFO - Sync 1 DAGs
[2025-10-08T08:33:07.550+0000] {logging_mixin.py:188} INFO - [2025-10-08T08:33:07.550+0000] {dag.py:3954} INFO - Setting next_dagrun for example_params_trigger_ui to None, run_after=None
[2025-10-08T08:33:07.692+0000] {processor.py:183} INFO - Processing /home/airflow/.local/lib/python3.12/site-packages/airflow/example_dags/example_params_trigger_ui.py took 0.271 seconds
[2025-10-08T08:33:37.771+0000] {processor.py:161} INFO - Started process (PID=2755) to work on /home/airflow/.local/lib/python3.12/site-packages/airflow/example_dags/example_params_trigger_ui.py
[2025-10-08T08:33:37.773+0000] {processor.py:830} INFO - Processing file /home/airflow/.local/lib/python3.12/site-packages/airflow/example_dags/example_params_trigger_ui.py for tasks to queue
[2025-10-08T08:33:37.775+0000] {logging_mixin.py:188} INFO - [2025-10-08T08:33:37.774+0000] {dagbag.py:545} INFO - Filling up the DagBag from /home/airflow/.local/lib/python3.12/site-packages/airflow/example_dags/example_params_trigger_ui.py
[2025-10-08T08:33:37.788+0000] {processor.py:840} INFO - DAG(s) 'example_params_trigger_ui' retrieved from /home/airflow/.local/lib/python3.12/site-packages/airflow/example_dags/example_params_trigger_ui.py
[2025-10-08T08:33:37.827+0000] {logging_mixin.py:188} INFO - [2025-10-08T08:33:37.826+0000] {dag.py:3096} INFO - Sync 1 DAGs
[2025-10-08T08:33:37.843+0000] {logging_mixin.py:188} INFO - [2025-10-08T08:33:37.843+0000] {dag.py:3954} INFO - Setting next_dagrun for example_params_trigger_ui to None, run_after=None
[2025-10-08T08:33:37.872+0000] {processor.py:183} INFO - Processing /home/airflow/.local/lib/python3.12/site-packages/airflow/example_dags/example_params_trigger_ui.py took 0.107 seconds
[2025-10-08T08:34:08.298+0000] {processor.py:161} INFO - Started process (PID=2814) to work on /home/airflow/.local/lib/python3.12/site-packages/airflow/example_dags/example_params_trigger_ui.py
[2025-10-08T08:34:08.299+0000] {processor.py:830} INFO - Processing file /home/airflow/.local/lib/python3.12/site-packages/airflow/example_dags/example_params_trigger_ui.py for tasks to queue
[2025-10-08T08:34:08.301+0000] {logging_mixin.py:188} INFO - [2025-10-08T08:34:08.301+0000] {dagbag.py:545} INFO - Filling up the DagBag from /home/airflow/.local/lib/python3.12/site-packages/airflow/example_dags/example_params_trigger_ui.py
[2025-10-08T08:34:08.316+0000] {processor.py:840} INFO - DAG(s) 'example_params_trigger_ui' retrieved from /home/airflow/.local/lib/python3.12/site-packages/airflow/example_dags/example_params_trigger_ui.py
[2025-10-08T08:34:08.356+0000] {logging_mixin.py:188} INFO - [2025-10-08T08:34:08.355+0000] {dag.py:3096} INFO - Sync 1 DAGs
[2025-10-08T08:34:08.368+0000] {logging_mixin.py:188} INFO - [2025-10-08T08:34:08.368+0000] {dag.py:3954} INFO - Setting next_dagrun for example_params_trigger_ui to None, run_after=None
[2025-10-08T08:34:08.390+0000] {processor.py:183} INFO - Processing /home/airflow/.local/lib/python3.12/site-packages/airflow/example_dags/example_params_trigger_ui.py took 0.099 seconds
[2025-10-08T08:34:39.512+0000] {processor.py:161} INFO - Started process (PID=2873) to work on /home/airflow/.local/lib/python3.12/site-packages/airflow/example_dags/example_params_trigger_ui.py
[2025-10-08T08:34:39.515+0000] {processor.py:830} INFO - Processing file /home/airflow/.local/lib/python3.12/site-packages/airflow/example_dags/example_params_trigger_ui.py for tasks to queue
[2025-10-08T08:34:39.523+0000] {logging_mixin.py:188} INFO - [2025-10-08T08:34:39.522+0000] {dagbag.py:545} INFO - Filling up the DagBag from /home/airflow/.local/lib/python3.12/site-packages/airflow/example_dags/example_params_trigger_ui.py
[2025-10-08T08:34:39.554+0000] {processor.py:840} INFO - DAG(s) 'example_params_trigger_ui' retrieved from /home/airflow/.local/lib/python3.12/site-packages/airflow/example_dags/example_params_trigger_ui.py
[2025-10-08T08:34:39.704+0000] {logging_mixin.py:188} INFO - [2025-10-08T08:34:39.703+0000] {dag.py:3096} INFO - Sync 1 DAGs
[2025-10-08T08:34:39.759+0000] {logging_mixin.py:188} INFO - [2025-10-08T08:34:39.758+0000] {dag.py:3954} INFO - Setting next_dagrun for example_params_trigger_ui to None, run_after=None
[2025-10-08T08:34:39.868+0000] {processor.py:183} INFO - Processing /home/airflow/.local/lib/python3.12/site-packages/airflow/example_dags/example_params_trigger_ui.py took 0.376 seconds
[2025-10-08T08:35:10.406+0000] {processor.py:161} INFO - Started process (PID=2932) to work on /home/airflow/.local/lib/python3.12/site-packages/airflow/example_dags/example_params_trigger_ui.py
[2025-10-08T08:35:10.409+0000] {processor.py:830} INFO - Processing file /home/airflow/.local/lib/python3.12/site-packages/airflow/example_dags/example_params_trigger_ui.py for tasks to queue
[2025-10-08T08:35:10.415+0000] {logging_mixin.py:188} INFO - [2025-10-08T08:35:10.413+0000] {dagbag.py:545} INFO - Filling up the DagBag from /home/airflow/.local/lib/python3.12/site-packages/airflow/example_dags/example_params_trigger_ui.py
[2025-10-08T08:35:10.449+0000] {processor.py:840} INFO - DAG(s) 'example_params_trigger_ui' retrieved from /home/airflow/.local/lib/python3.12/site-packages/airflow/example_dags/example_params_trigger_ui.py
[2025-10-08T08:35:10.547+0000] {logging_mixin.py:188} INFO - [2025-10-08T08:35:10.547+0000] {dag.py:3096} INFO - Sync 1 DAGs
[2025-10-08T08:35:10.569+0000] {logging_mixin.py:188} INFO - [2025-10-08T08:35:10.568+0000] {dag.py:3954} INFO - Setting next_dagrun for example_params_trigger_ui to None, run_after=None
[2025-10-08T08:35:10.604+0000] {processor.py:183} INFO - Processing /home/airflow/.local/lib/python3.12/site-packages/airflow/example_dags/example_params_trigger_ui.py took 0.212 seconds
[2025-10-08T08:35:40.915+0000] {processor.py:161} INFO - Started process (PID=2991) to work on /home/airflow/.local/lib/python3.12/site-packages/airflow/example_dags/example_params_trigger_ui.py
[2025-10-08T08:35:40.917+0000] {processor.py:830} INFO - Processing file /home/airflow/.local/lib/python3.12/site-packages/airflow/example_dags/example_params_trigger_ui.py for tasks to queue
[2025-10-08T08:35:40.920+0000] {logging_mixin.py:188} INFO - [2025-10-08T08:35:40.919+0000] {dagbag.py:545} INFO - Filling up the DagBag from /home/airflow/.local/lib/python3.12/site-packages/airflow/example_dags/example_params_trigger_ui.py
[2025-10-08T08:35:40.940+0000] {processor.py:840} INFO - DAG(s) 'example_params_trigger_ui' retrieved from /home/airflow/.local/lib/python3.12/site-packages/airflow/example_dags/example_params_trigger_ui.py
[2025-10-08T08:35:40.989+0000] {logging_mixin.py:188} INFO - [2025-10-08T08:35:40.988+0000] {dag.py:3096} INFO - Sync 1 DAGs
[2025-10-08T08:35:41.003+0000] {logging_mixin.py:188} INFO - [2025-10-08T08:35:41.002+0000] {dag.py:3954} INFO - Setting next_dagrun for example_params_trigger_ui to None, run_after=None
[2025-10-08T08:35:41.023+0000] {processor.py:183} INFO - Processing /home/airflow/.local/lib/python3.12/site-packages/airflow/example_dags/example_params_trigger_ui.py took 0.120 seconds
[2025-10-08T08:36:11.296+0000] {processor.py:161} INFO - Started process (PID=3050) to work on /home/airflow/.local/lib/python3.12/site-packages/airflow/example_dags/example_params_trigger_ui.py
[2025-10-08T08:36:11.298+0000] {processor.py:830} INFO - Processing file /home/airflow/.local/lib/python3.12/site-packages/airflow/example_dags/example_params_trigger_ui.py for tasks to queue
[2025-10-08T08:36:11.301+0000] {logging_mixin.py:188} INFO - [2025-10-08T08:36:11.300+0000] {dagbag.py:545} INFO - Filling up the DagBag from /home/airflow/.local/lib/python3.12/site-packages/airflow/example_dags/example_params_trigger_ui.py
[2025-10-08T08:36:11.319+0000] {processor.py:840} INFO - DAG(s) 'example_params_trigger_ui' retrieved from /home/airflow/.local/lib/python3.12/site-packages/airflow/example_dags/example_params_trigger_ui.py
[2025-10-08T08:36:11.366+0000] {logging_mixin.py:188} INFO - [2025-10-08T08:36:11.365+0000] {dag.py:3096} INFO - Sync 1 DAGs
[2025-10-08T08:36:11.385+0000] {logging_mixin.py:188} INFO - [2025-10-08T08:36:11.385+0000] {dag.py:3954} INFO - Setting next_dagrun for example_params_trigger_ui to None, run_after=None
[2025-10-08T08:36:11.419+0000] {processor.py:183} INFO - Processing /home/airflow/.local/lib/python3.12/site-packages/airflow/example_dags/example_params_trigger_ui.py took 0.132 seconds
[2025-10-08T08:36:41.899+0000] {processor.py:161} INFO - Started process (PID=3109) to work on /home/airflow/.local/lib/python3.12/site-packages/airflow/example_dags/example_params_trigger_ui.py
[2025-10-08T08:36:41.901+0000] {processor.py:830} INFO - Processing file /home/airflow/.local/lib/python3.12/site-packages/airflow/example_dags/example_params_trigger_ui.py for tasks to queue
[2025-10-08T08:36:41.904+0000] {logging_mixin.py:188} INFO - [2025-10-08T08:36:41.903+0000] {dagbag.py:545} INFO - Filling up the DagBag from /home/airflow/.local/lib/python3.12/site-packages/airflow/example_dags/example_params_trigger_ui.py
[2025-10-08T08:36:41.926+0000] {processor.py:840} INFO - DAG(s) 'example_params_trigger_ui' retrieved from /home/airflow/.local/lib/python3.12/site-packages/airflow/example_dags/example_params_trigger_ui.py
[2025-10-08T08:36:41.981+0000] {logging_mixin.py:188} INFO - [2025-10-08T08:36:41.980+0000] {dag.py:3096} INFO - Sync 1 DAGs
[2025-10-08T08:36:41.995+0000] {logging_mixin.py:188} INFO - [2025-10-08T08:36:41.994+0000] {dag.py:3954} INFO - Setting next_dagrun for example_params_trigger_ui to None, run_after=None
[2025-10-08T08:36:42.016+0000] {processor.py:183} INFO - Processing /home/airflow/.local/lib/python3.12/site-packages/airflow/example_dags/example_params_trigger_ui.py took 0.129 seconds
[2025-10-08T08:37:12.522+0000] {processor.py:161} INFO - Started process (PID=3168) to work on /home/airflow/.local/lib/python3.12/site-packages/airflow/example_dags/example_params_trigger_ui.py
[2025-10-08T08:37:12.524+0000] {processor.py:830} INFO - Processing file /home/airflow/.local/lib/python3.12/site-packages/airflow/example_dags/example_params_trigger_ui.py for tasks to queue
[2025-10-08T08:37:12.526+0000] {logging_mixin.py:188} INFO - [2025-10-08T08:37:12.526+0000] {dagbag.py:545} INFO - Filling up the DagBag from /home/airflow/.local/lib/python3.12/site-packages/airflow/example_dags/example_params_trigger_ui.py
[2025-10-08T08:37:12.543+0000] {processor.py:840} INFO - DAG(s) 'example_params_trigger_ui' retrieved from /home/airflow/.local/lib/python3.12/site-packages/airflow/example_dags/example_params_trigger_ui.py
[2025-10-08T08:37:12.593+0000] {logging_mixin.py:188} INFO - [2025-10-08T08:37:12.593+0000] {dag.py:3096} INFO - Sync 1 DAGs
[2025-10-08T08:37:12.609+0000] {logging_mixin.py:188} INFO - [2025-10-08T08:37:12.608+0000] {dag.py:3954} INFO - Setting next_dagrun for example_params_trigger_ui to None, run_after=None
[2025-10-08T08:37:12.633+0000] {processor.py:183} INFO - Processing /home/airflow/.local/lib/python3.12/site-packages/airflow/example_dags/example_params_trigger_ui.py took 0.118 seconds
[2025-10-08T08:37:42.985+0000] {processor.py:161} INFO - Started process (PID=3227) to work on /home/airflow/.local/lib/python3.12/site-packages/airflow/example_dags/example_params_trigger_ui.py
[2025-10-08T08:37:42.986+0000] {processor.py:830} INFO - Processing file /home/airflow/.local/lib/python3.12/site-packages/airflow/example_dags/example_params_trigger_ui.py for tasks to queue
[2025-10-08T08:37:42.990+0000] {logging_mixin.py:188} INFO - [2025-10-08T08:37:42.989+0000] {dagbag.py:545} INFO - Filling up the DagBag from /home/airflow/.local/lib/python3.12/site-packages/airflow/example_dags/example_params_trigger_ui.py
[2025-10-08T08:37:43.009+0000] {processor.py:840} INFO - DAG(s) 'example_params_trigger_ui' retrieved from /home/airflow/.local/lib/python3.12/site-packages/airflow/example_dags/example_params_trigger_ui.py
[2025-10-08T08:37:43.076+0000] {logging_mixin.py:188} INFO - [2025-10-08T08:37:43.076+0000] {dag.py:3096} INFO - Sync 1 DAGs
[2025-10-08T08:37:43.093+0000] {logging_mixin.py:188} INFO - [2025-10-08T08:37:43.093+0000] {dag.py:3954} INFO - Setting next_dagrun for example_params_trigger_ui to None, run_after=None
[2025-10-08T08:37:43.124+0000] {processor.py:183} INFO - Processing /home/airflow/.local/lib/python3.12/site-packages/airflow/example_dags/example_params_trigger_ui.py took 0.147 seconds
[2025-10-08T08:38:14.449+0000] {processor.py:161} INFO - Started process (PID=3286) to work on /home/airflow/.local/lib/python3.12/site-packages/airflow/example_dags/example_params_trigger_ui.py
[2025-10-08T08:38:14.451+0000] {processor.py:830} INFO - Processing file /home/airflow/.local/lib/python3.12/site-packages/airflow/example_dags/example_params_trigger_ui.py for tasks to queue
[2025-10-08T08:38:14.455+0000] {logging_mixin.py:188} INFO - [2025-10-08T08:38:14.455+0000] {dagbag.py:545} INFO - Filling up the DagBag from /home/airflow/.local/lib/python3.12/site-packages/airflow/example_dags/example_params_trigger_ui.py
[2025-10-08T08:38:14.480+0000] {processor.py:840} INFO - DAG(s) 'example_params_trigger_ui' retrieved from /home/airflow/.local/lib/python3.12/site-packages/airflow/example_dags/example_params_trigger_ui.py
[2025-10-08T08:38:14.532+0000] {logging_mixin.py:188} INFO - [2025-10-08T08:38:14.531+0000] {dag.py:3096} INFO - Sync 1 DAGs
[2025-10-08T08:38:14.546+0000] {logging_mixin.py:188} INFO - [2025-10-08T08:38:14.546+0000] {dag.py:3954} INFO - Setting next_dagrun for example_params_trigger_ui to None, run_after=None
[2025-10-08T08:38:14.572+0000] {processor.py:183} INFO - Processing /home/airflow/.local/lib/python3.12/site-packages/airflow/example_dags/example_params_trigger_ui.py took 0.135 seconds
[2025-10-08T08:38:45.386+0000] {processor.py:161} INFO - Started process (PID=3345) to work on /home/airflow/.local/lib/python3.12/site-packages/airflow/example_dags/example_params_trigger_ui.py
[2025-10-08T08:38:45.388+0000] {processor.py:830} INFO - Processing file /home/airflow/.local/lib/python3.12/site-packages/airflow/example_dags/example_params_trigger_ui.py for tasks to queue
[2025-10-08T08:38:45.392+0000] {logging_mixin.py:188} INFO - [2025-10-08T08:38:45.391+0000] {dagbag.py:545} INFO - Filling up the DagBag from /home/airflow/.local/lib/python3.12/site-packages/airflow/example_dags/example_params_trigger_ui.py
[2025-10-08T08:38:45.410+0000] {processor.py:840} INFO - DAG(s) 'example_params_trigger_ui' retrieved from /home/airflow/.local/lib/python3.12/site-packages/airflow/example_dags/example_params_trigger_ui.py
[2025-10-08T08:38:45.463+0000] {logging_mixin.py:188} INFO - [2025-10-08T08:38:45.463+0000] {dag.py:3096} INFO - Sync 1 DAGs
[2025-10-08T08:38:45.489+0000] {logging_mixin.py:188} INFO - [2025-10-08T08:38:45.488+0000] {dag.py:3954} INFO - Setting next_dagrun for example_params_trigger_ui to None, run_after=None
[2025-10-08T08:38:45.523+0000] {processor.py:183} INFO - Processing /home/airflow/.local/lib/python3.12/site-packages/airflow/example_dags/example_params_trigger_ui.py took 0.153 seconds
[2025-10-08T08:39:15.833+0000] {processor.py:161} INFO - Started process (PID=3405) to work on /home/airflow/.local/lib/python3.12/site-packages/airflow/example_dags/example_params_trigger_ui.py
[2025-10-08T08:39:15.835+0000] {processor.py:830} INFO - Processing file /home/airflow/.local/lib/python3.12/site-packages/airflow/example_dags/example_params_trigger_ui.py for tasks to queue
[2025-10-08T08:39:15.838+0000] {logging_mixin.py:188} INFO - [2025-10-08T08:39:15.838+0000] {dagbag.py:545} INFO - Filling up the DagBag from /home/airflow/.local/lib/python3.12/site-packages/airflow/example_dags/example_params_trigger_ui.py
[2025-10-08T08:39:15.867+0000] {processor.py:840} INFO - DAG(s) 'example_params_trigger_ui' retrieved from /home/airflow/.local/lib/python3.12/site-packages/airflow/example_dags/example_params_trigger_ui.py
[2025-10-08T08:39:15.979+0000] {logging_mixin.py:188} INFO - [2025-10-08T08:39:15.979+0000] {dag.py:3096} INFO - Sync 1 DAGs
[2025-10-08T08:39:15.997+0000] {logging_mixin.py:188} INFO - [2025-10-08T08:39:15.996+0000] {dag.py:3954} INFO - Setting next_dagrun for example_params_trigger_ui to None, run_after=None
[2025-10-08T08:39:16.036+0000] {processor.py:183} INFO - Processing /home/airflow/.local/lib/python3.12/site-packages/airflow/example_dags/example_params_trigger_ui.py took 0.211 seconds
[2025-10-08T08:39:46.754+0000] {processor.py:161} INFO - Started process (PID=3470) to work on /home/airflow/.local/lib/python3.12/site-packages/airflow/example_dags/example_params_trigger_ui.py
[2025-10-08T08:39:46.756+0000] {processor.py:830} INFO - Processing file /home/airflow/.local/lib/python3.12/site-packages/airflow/example_dags/example_params_trigger_ui.py for tasks to queue
[2025-10-08T08:39:46.759+0000] {logging_mixin.py:188} INFO - [2025-10-08T08:39:46.759+0000] {dagbag.py:545} INFO - Filling up the DagBag from /home/airflow/.local/lib/python3.12/site-packages/airflow/example_dags/example_params_trigger_ui.py
[2025-10-08T08:39:46.781+0000] {processor.py:840} INFO - DAG(s) 'example_params_trigger_ui' retrieved from /home/airflow/.local/lib/python3.12/site-packages/airflow/example_dags/example_params_trigger_ui.py
[2025-10-08T08:39:46.844+0000] {logging_mixin.py:188} INFO - [2025-10-08T08:39:46.844+0000] {dag.py:3096} INFO - Sync 1 DAGs
[2025-10-08T08:39:46.861+0000] {logging_mixin.py:188} INFO - [2025-10-08T08:39:46.861+0000] {dag.py:3954} INFO - Setting next_dagrun for example_params_trigger_ui to None, run_after=None
[2025-10-08T08:39:46.885+0000] {processor.py:183} INFO - Processing /home/airflow/.local/lib/python3.12/site-packages/airflow/example_dags/example_params_trigger_ui.py took 0.140 seconds
[2025-10-08T08:40:17.450+0000] {processor.py:161} INFO - Started process (PID=3529) to work on /home/airflow/.local/lib/python3.12/site-packages/airflow/example_dags/example_params_trigger_ui.py
[2025-10-08T08:40:17.453+0000] {processor.py:830} INFO - Processing file /home/airflow/.local/lib/python3.12/site-packages/airflow/example_dags/example_params_trigger_ui.py for tasks to queue
[2025-10-08T08:40:17.458+0000] {logging_mixin.py:188} INFO - [2025-10-08T08:40:17.457+0000] {dagbag.py:545} INFO - Filling up the DagBag from /home/airflow/.local/lib/python3.12/site-packages/airflow/example_dags/example_params_trigger_ui.py
[2025-10-08T08:40:17.490+0000] {processor.py:840} INFO - DAG(s) 'example_params_trigger_ui' retrieved from /home/airflow/.local/lib/python3.12/site-packages/airflow/example_dags/example_params_trigger_ui.py
[2025-10-08T08:40:17.550+0000] {logging_mixin.py:188} INFO - [2025-10-08T08:40:17.550+0000] {dag.py:3096} INFO - Sync 1 DAGs
[2025-10-08T08:40:17.573+0000] {logging_mixin.py:188} INFO - [2025-10-08T08:40:17.572+0000] {dag.py:3954} INFO - Setting next_dagrun for example_params_trigger_ui to None, run_after=None
[2025-10-08T08:40:17.602+0000] {processor.py:183} INFO - Processing /home/airflow/.local/lib/python3.12/site-packages/airflow/example_dags/example_params_trigger_ui.py took 0.164 seconds
[2025-10-08T08:40:47.709+0000] {processor.py:161} INFO - Started process (PID=3594) to work on /home/airflow/.local/lib/python3.12/site-packages/airflow/example_dags/example_params_trigger_ui.py
[2025-10-08T08:40:47.710+0000] {processor.py:830} INFO - Processing file /home/airflow/.local/lib/python3.12/site-packages/airflow/example_dags/example_params_trigger_ui.py for tasks to queue
[2025-10-08T08:40:47.713+0000] {logging_mixin.py:188} INFO - [2025-10-08T08:40:47.712+0000] {dagbag.py:545} INFO - Filling up the DagBag from /home/airflow/.local/lib/python3.12/site-packages/airflow/example_dags/example_params_trigger_ui.py
[2025-10-08T08:40:47.737+0000] {processor.py:840} INFO - DAG(s) 'example_params_trigger_ui' retrieved from /home/airflow/.local/lib/python3.12/site-packages/airflow/example_dags/example_params_trigger_ui.py
[2025-10-08T08:40:47.788+0000] {logging_mixin.py:188} INFO - [2025-10-08T08:40:47.788+0000] {dag.py:3096} INFO - Sync 1 DAGs
[2025-10-08T08:40:47.804+0000] {logging_mixin.py:188} INFO - [2025-10-08T08:40:47.804+0000] {dag.py:3954} INFO - Setting next_dagrun for example_params_trigger_ui to None, run_after=None
[2025-10-08T08:40:47.831+0000] {processor.py:183} INFO - Processing /home/airflow/.local/lib/python3.12/site-packages/airflow/example_dags/example_params_trigger_ui.py took 0.129 seconds
[2025-10-08T08:41:18.357+0000] {processor.py:161} INFO - Started process (PID=3653) to work on /home/airflow/.local/lib/python3.12/site-packages/airflow/example_dags/example_params_trigger_ui.py
[2025-10-08T08:41:18.359+0000] {processor.py:830} INFO - Processing file /home/airflow/.local/lib/python3.12/site-packages/airflow/example_dags/example_params_trigger_ui.py for tasks to queue
[2025-10-08T08:41:18.362+0000] {logging_mixin.py:188} INFO - [2025-10-08T08:41:18.361+0000] {dagbag.py:545} INFO - Filling up the DagBag from /home/airflow/.local/lib/python3.12/site-packages/airflow/example_dags/example_params_trigger_ui.py
[2025-10-08T08:41:18.379+0000] {processor.py:840} INFO - DAG(s) 'example_params_trigger_ui' retrieved from /home/airflow/.local/lib/python3.12/site-packages/airflow/example_dags/example_params_trigger_ui.py
[2025-10-08T08:41:18.426+0000] {logging_mixin.py:188} INFO - [2025-10-08T08:41:18.426+0000] {dag.py:3096} INFO - Sync 1 DAGs
[2025-10-08T08:41:18.443+0000] {logging_mixin.py:188} INFO - [2025-10-08T08:41:18.443+0000] {dag.py:3954} INFO - Setting next_dagrun for example_params_trigger_ui to None, run_after=None
[2025-10-08T08:41:18.476+0000] {processor.py:183} INFO - Processing /home/airflow/.local/lib/python3.12/site-packages/airflow/example_dags/example_params_trigger_ui.py took 0.128 seconds
[2025-10-08T08:41:49.173+0000] {processor.py:161} INFO - Started process (PID=3712) to work on /home/airflow/.local/lib/python3.12/site-packages/airflow/example_dags/example_params_trigger_ui.py
[2025-10-08T08:41:49.175+0000] {processor.py:830} INFO - Processing file /home/airflow/.local/lib/python3.12/site-packages/airflow/example_dags/example_params_trigger_ui.py for tasks to queue
[2025-10-08T08:41:49.180+0000] {logging_mixin.py:188} INFO - [2025-10-08T08:41:49.179+0000] {dagbag.py:545} INFO - Filling up the DagBag from /home/airflow/.local/lib/python3.12/site-packages/airflow/example_dags/example_params_trigger_ui.py
[2025-10-08T08:41:49.196+0000] {processor.py:840} INFO - DAG(s) 'example_params_trigger_ui' retrieved from /home/airflow/.local/lib/python3.12/site-packages/airflow/example_dags/example_params_trigger_ui.py
[2025-10-08T08:41:49.239+0000] {logging_mixin.py:188} INFO - [2025-10-08T08:41:49.239+0000] {dag.py:3096} INFO - Sync 1 DAGs
[2025-10-08T08:41:49.252+0000] {logging_mixin.py:188} INFO - [2025-10-08T08:41:49.252+0000] {dag.py:3954} INFO - Setting next_dagrun for example_params_trigger_ui to None, run_after=None
[2025-10-08T08:41:49.273+0000] {processor.py:183} INFO - Processing /home/airflow/.local/lib/python3.12/site-packages/airflow/example_dags/example_params_trigger_ui.py took 0.113 seconds
[2025-10-08T08:42:19.624+0000] {processor.py:161} INFO - Started process (PID=3771) to work on /home/airflow/.local/lib/python3.12/site-packages/airflow/example_dags/example_params_trigger_ui.py
[2025-10-08T08:42:19.626+0000] {processor.py:830} INFO - Processing file /home/airflow/.local/lib/python3.12/site-packages/airflow/example_dags/example_params_trigger_ui.py for tasks to queue
[2025-10-08T08:42:19.630+0000] {logging_mixin.py:188} INFO - [2025-10-08T08:42:19.629+0000] {dagbag.py:545} INFO - Filling up the DagBag from /home/airflow/.local/lib/python3.12/site-packages/airflow/example_dags/example_params_trigger_ui.py
[2025-10-08T08:42:19.652+0000] {processor.py:840} INFO - DAG(s) 'example_params_trigger_ui' retrieved from /home/airflow/.local/lib/python3.12/site-packages/airflow/example_dags/example_params_trigger_ui.py
[2025-10-08T08:42:19.695+0000] {logging_mixin.py:188} INFO - [2025-10-08T08:42:19.695+0000] {dag.py:3096} INFO - Sync 1 DAGs
[2025-10-08T08:42:19.709+0000] {logging_mixin.py:188} INFO - [2025-10-08T08:42:19.708+0000] {dag.py:3954} INFO - Setting next_dagrun for example_params_trigger_ui to None, run_after=None
[2025-10-08T08:42:19.731+0000] {processor.py:183} INFO - Processing /home/airflow/.local/lib/python3.12/site-packages/airflow/example_dags/example_params_trigger_ui.py took 0.114 seconds
[2025-10-08T08:42:49.966+0000] {processor.py:161} INFO - Started process (PID=3830) to work on /home/airflow/.local/lib/python3.12/site-packages/airflow/example_dags/example_params_trigger_ui.py
[2025-10-08T08:42:49.968+0000] {processor.py:830} INFO - Processing file /home/airflow/.local/lib/python3.12/site-packages/airflow/example_dags/example_params_trigger_ui.py for tasks to queue
[2025-10-08T08:42:49.972+0000] {logging_mixin.py:188} INFO - [2025-10-08T08:42:49.971+0000] {dagbag.py:545} INFO - Filling up the DagBag from /home/airflow/.local/lib/python3.12/site-packages/airflow/example_dags/example_params_trigger_ui.py
[2025-10-08T08:42:49.999+0000] {processor.py:840} INFO - DAG(s) 'example_params_trigger_ui' retrieved from /home/airflow/.local/lib/python3.12/site-packages/airflow/example_dags/example_params_trigger_ui.py
[2025-10-08T08:42:50.201+0000] {logging_mixin.py:188} INFO - [2025-10-08T08:42:50.200+0000] {dag.py:3096} INFO - Sync 1 DAGs
[2025-10-08T08:42:50.268+0000] {logging_mixin.py:188} INFO - [2025-10-08T08:42:50.268+0000] {dag.py:3954} INFO - Setting next_dagrun for example_params_trigger_ui to None, run_after=None
[2025-10-08T08:42:50.403+0000] {processor.py:183} INFO - Processing /home/airflow/.local/lib/python3.12/site-packages/airflow/example_dags/example_params_trigger_ui.py took 0.444 seconds
[2025-10-08T08:43:21.226+0000] {processor.py:161} INFO - Started process (PID=3889) to work on /home/airflow/.local/lib/python3.12/site-packages/airflow/example_dags/example_params_trigger_ui.py
[2025-10-08T08:43:21.228+0000] {processor.py:830} INFO - Processing file /home/airflow/.local/lib/python3.12/site-packages/airflow/example_dags/example_params_trigger_ui.py for tasks to queue
[2025-10-08T08:43:21.231+0000] {logging_mixin.py:188} INFO - [2025-10-08T08:43:21.230+0000] {dagbag.py:545} INFO - Filling up the DagBag from /home/airflow/.local/lib/python3.12/site-packages/airflow/example_dags/example_params_trigger_ui.py
[2025-10-08T08:43:21.249+0000] {processor.py:840} INFO - DAG(s) 'example_params_trigger_ui' retrieved from /home/airflow/.local/lib/python3.12/site-packages/airflow/example_dags/example_params_trigger_ui.py
[2025-10-08T08:43:21.313+0000] {logging_mixin.py:188} INFO - [2025-10-08T08:43:21.313+0000] {dag.py:3096} INFO - Sync 1 DAGs
[2025-10-08T08:43:21.332+0000] {logging_mixin.py:188} INFO - [2025-10-08T08:43:21.332+0000] {dag.py:3954} INFO - Setting next_dagrun for example_params_trigger_ui to None, run_after=None
[2025-10-08T08:43:21.359+0000] {processor.py:183} INFO - Processing /home/airflow/.local/lib/python3.12/site-packages/airflow/example_dags/example_params_trigger_ui.py took 0.141 seconds
[2025-10-08T08:43:51.652+0000] {processor.py:161} INFO - Started process (PID=3948) to work on /home/airflow/.local/lib/python3.12/site-packages/airflow/example_dags/example_params_trigger_ui.py
[2025-10-08T08:43:51.654+0000] {processor.py:830} INFO - Processing file /home/airflow/.local/lib/python3.12/site-packages/airflow/example_dags/example_params_trigger_ui.py for tasks to queue
[2025-10-08T08:43:51.656+0000] {logging_mixin.py:188} INFO - [2025-10-08T08:43:51.656+0000] {dagbag.py:545} INFO - Filling up the DagBag from /home/airflow/.local/lib/python3.12/site-packages/airflow/example_dags/example_params_trigger_ui.py
[2025-10-08T08:43:51.675+0000] {processor.py:840} INFO - DAG(s) 'example_params_trigger_ui' retrieved from /home/airflow/.local/lib/python3.12/site-packages/airflow/example_dags/example_params_trigger_ui.py
[2025-10-08T08:43:51.728+0000] {logging_mixin.py:188} INFO - [2025-10-08T08:43:51.728+0000] {dag.py:3096} INFO - Sync 1 DAGs
[2025-10-08T08:43:51.744+0000] {logging_mixin.py:188} INFO - [2025-10-08T08:43:51.743+0000] {dag.py:3954} INFO - Setting next_dagrun for example_params_trigger_ui to None, run_after=None
[2025-10-08T08:43:51.767+0000] {processor.py:183} INFO - Processing /home/airflow/.local/lib/python3.12/site-packages/airflow/example_dags/example_params_trigger_ui.py took 0.122 seconds
[2025-10-08T08:44:22.544+0000] {processor.py:161} INFO - Started process (PID=4007) to work on /home/airflow/.local/lib/python3.12/site-packages/airflow/example_dags/example_params_trigger_ui.py
[2025-10-08T08:44:22.547+0000] {processor.py:830} INFO - Processing file /home/airflow/.local/lib/python3.12/site-packages/airflow/example_dags/example_params_trigger_ui.py for tasks to queue
[2025-10-08T08:44:22.552+0000] {logging_mixin.py:188} INFO - [2025-10-08T08:44:22.551+0000] {dagbag.py:545} INFO - Filling up the DagBag from /home/airflow/.local/lib/python3.12/site-packages/airflow/example_dags/example_params_trigger_ui.py
[2025-10-08T08:44:22.578+0000] {processor.py:840} INFO - DAG(s) 'example_params_trigger_ui' retrieved from /home/airflow/.local/lib/python3.12/site-packages/airflow/example_dags/example_params_trigger_ui.py
[2025-10-08T08:44:22.625+0000] {logging_mixin.py:188} INFO - [2025-10-08T08:44:22.625+0000] {dag.py:3096} INFO - Sync 1 DAGs
[2025-10-08T08:44:22.642+0000] {logging_mixin.py:188} INFO - [2025-10-08T08:44:22.642+0000] {dag.py:3954} INFO - Setting next_dagrun for example_params_trigger_ui to None, run_after=None
[2025-10-08T08:44:22.669+0000] {processor.py:183} INFO - Processing /home/airflow/.local/lib/python3.12/site-packages/airflow/example_dags/example_params_trigger_ui.py took 0.135 seconds
[2025-10-08T08:44:53.349+0000] {processor.py:161} INFO - Started process (PID=4066) to work on /home/airflow/.local/lib/python3.12/site-packages/airflow/example_dags/example_params_trigger_ui.py
[2025-10-08T08:44:53.351+0000] {processor.py:830} INFO - Processing file /home/airflow/.local/lib/python3.12/site-packages/airflow/example_dags/example_params_trigger_ui.py for tasks to queue
[2025-10-08T08:44:53.354+0000] {logging_mixin.py:188} INFO - [2025-10-08T08:44:53.353+0000] {dagbag.py:545} INFO - Filling up the DagBag from /home/airflow/.local/lib/python3.12/site-packages/airflow/example_dags/example_params_trigger_ui.py
[2025-10-08T08:44:53.371+0000] {processor.py:840} INFO - DAG(s) 'example_params_trigger_ui' retrieved from /home/airflow/.local/lib/python3.12/site-packages/airflow/example_dags/example_params_trigger_ui.py
[2025-10-08T08:44:53.420+0000] {logging_mixin.py:188} INFO - [2025-10-08T08:44:53.420+0000] {dag.py:3096} INFO - Sync 1 DAGs
[2025-10-08T08:44:53.436+0000] {logging_mixin.py:188} INFO - [2025-10-08T08:44:53.436+0000] {dag.py:3954} INFO - Setting next_dagrun for example_params_trigger_ui to None, run_after=None
[2025-10-08T08:44:53.463+0000] {processor.py:183} INFO - Processing /home/airflow/.local/lib/python3.12/site-packages/airflow/example_dags/example_params_trigger_ui.py took 0.122 seconds
[2025-10-08T08:45:23.773+0000] {processor.py:161} INFO - Started process (PID=4125) to work on /home/airflow/.local/lib/python3.12/site-packages/airflow/example_dags/example_params_trigger_ui.py
[2025-10-08T08:45:23.775+0000] {processor.py:830} INFO - Processing file /home/airflow/.local/lib/python3.12/site-packages/airflow/example_dags/example_params_trigger_ui.py for tasks to queue
[2025-10-08T08:45:23.778+0000] {logging_mixin.py:188} INFO - [2025-10-08T08:45:23.777+0000] {dagbag.py:545} INFO - Filling up the DagBag from /home/airflow/.local/lib/python3.12/site-packages/airflow/example_dags/example_params_trigger_ui.py
[2025-10-08T08:45:23.799+0000] {processor.py:840} INFO - DAG(s) 'example_params_trigger_ui' retrieved from /home/airflow/.local/lib/python3.12/site-packages/airflow/example_dags/example_params_trigger_ui.py
[2025-10-08T08:45:23.858+0000] {logging_mixin.py:188} INFO - [2025-10-08T08:45:23.858+0000] {dag.py:3096} INFO - Sync 1 DAGs
[2025-10-08T08:45:23.872+0000] {logging_mixin.py:188} INFO - [2025-10-08T08:45:23.871+0000] {dag.py:3954} INFO - Setting next_dagrun for example_params_trigger_ui to None, run_after=None
[2025-10-08T08:45:23.896+0000] {processor.py:183} INFO - Processing /home/airflow/.local/lib/python3.12/site-packages/airflow/example_dags/example_params_trigger_ui.py took 0.131 seconds
[2025-10-08T08:45:54.236+0000] {processor.py:161} INFO - Started process (PID=4184) to work on /home/airflow/.local/lib/python3.12/site-packages/airflow/example_dags/example_params_trigger_ui.py
[2025-10-08T08:45:54.238+0000] {processor.py:830} INFO - Processing file /home/airflow/.local/lib/python3.12/site-packages/airflow/example_dags/example_params_trigger_ui.py for tasks to queue
[2025-10-08T08:45:54.244+0000] {logging_mixin.py:188} INFO - [2025-10-08T08:45:54.243+0000] {dagbag.py:545} INFO - Filling up the DagBag from /home/airflow/.local/lib/python3.12/site-packages/airflow/example_dags/example_params_trigger_ui.py
[2025-10-08T08:45:54.268+0000] {processor.py:840} INFO - DAG(s) 'example_params_trigger_ui' retrieved from /home/airflow/.local/lib/python3.12/site-packages/airflow/example_dags/example_params_trigger_ui.py
[2025-10-08T08:45:54.323+0000] {logging_mixin.py:188} INFO - [2025-10-08T08:45:54.323+0000] {dag.py:3096} INFO - Sync 1 DAGs
[2025-10-08T08:45:54.340+0000] {logging_mixin.py:188} INFO - [2025-10-08T08:45:54.340+0000] {dag.py:3954} INFO - Setting next_dagrun for example_params_trigger_ui to None, run_after=None
[2025-10-08T08:45:54.365+0000] {processor.py:183} INFO - Processing /home/airflow/.local/lib/python3.12/site-packages/airflow/example_dags/example_params_trigger_ui.py took 0.137 seconds
[2025-10-08T08:46:25.173+0000] {processor.py:161} INFO - Started process (PID=4243) to work on /home/airflow/.local/lib/python3.12/site-packages/airflow/example_dags/example_params_trigger_ui.py
[2025-10-08T08:46:25.175+0000] {processor.py:830} INFO - Processing file /home/airflow/.local/lib/python3.12/site-packages/airflow/example_dags/example_params_trigger_ui.py for tasks to queue
[2025-10-08T08:46:25.177+0000] {logging_mixin.py:188} INFO - [2025-10-08T08:46:25.177+0000] {dagbag.py:545} INFO - Filling up the DagBag from /home/airflow/.local/lib/python3.12/site-packages/airflow/example_dags/example_params_trigger_ui.py
[2025-10-08T08:46:25.192+0000] {processor.py:840} INFO - DAG(s) 'example_params_trigger_ui' retrieved from /home/airflow/.local/lib/python3.12/site-packages/airflow/example_dags/example_params_trigger_ui.py
[2025-10-08T08:46:25.238+0000] {logging_mixin.py:188} INFO - [2025-10-08T08:46:25.237+0000] {dag.py:3096} INFO - Sync 1 DAGs
[2025-10-08T08:46:25.252+0000] {logging_mixin.py:188} INFO - [2025-10-08T08:46:25.252+0000] {dag.py:3954} INFO - Setting next_dagrun for example_params_trigger_ui to None, run_after=None
[2025-10-08T08:46:25.275+0000] {processor.py:183} INFO - Processing /home/airflow/.local/lib/python3.12/site-packages/airflow/example_dags/example_params_trigger_ui.py took 0.111 seconds
[2025-10-08T08:46:55.835+0000] {processor.py:161} INFO - Started process (PID=4302) to work on /home/airflow/.local/lib/python3.12/site-packages/airflow/example_dags/example_params_trigger_ui.py
[2025-10-08T08:46:55.837+0000] {processor.py:830} INFO - Processing file /home/airflow/.local/lib/python3.12/site-packages/airflow/example_dags/example_params_trigger_ui.py for tasks to queue
[2025-10-08T08:46:55.840+0000] {logging_mixin.py:188} INFO - [2025-10-08T08:46:55.840+0000] {dagbag.py:545} INFO - Filling up the DagBag from /home/airflow/.local/lib/python3.12/site-packages/airflow/example_dags/example_params_trigger_ui.py
[2025-10-08T08:46:55.858+0000] {processor.py:840} INFO - DAG(s) 'example_params_trigger_ui' retrieved from /home/airflow/.local/lib/python3.12/site-packages/airflow/example_dags/example_params_trigger_ui.py
[2025-10-08T08:46:55.902+0000] {logging_mixin.py:188} INFO - [2025-10-08T08:46:55.902+0000] {dag.py:3096} INFO - Sync 1 DAGs
[2025-10-08T08:46:55.916+0000] {logging_mixin.py:188} INFO - [2025-10-08T08:46:55.916+0000] {dag.py:3954} INFO - Setting next_dagrun for example_params_trigger_ui to None, run_after=None
[2025-10-08T08:46:55.944+0000] {processor.py:183} INFO - Processing /home/airflow/.local/lib/python3.12/site-packages/airflow/example_dags/example_params_trigger_ui.py took 0.120 seconds
[2025-10-08T08:47:25.993+0000] {processor.py:161} INFO - Started process (PID=4361) to work on /home/airflow/.local/lib/python3.12/site-packages/airflow/example_dags/example_params_trigger_ui.py
[2025-10-08T08:47:25.994+0000] {processor.py:830} INFO - Processing file /home/airflow/.local/lib/python3.12/site-packages/airflow/example_dags/example_params_trigger_ui.py for tasks to queue
[2025-10-08T08:47:25.998+0000] {logging_mixin.py:188} INFO - [2025-10-08T08:47:25.997+0000] {dagbag.py:545} INFO - Filling up the DagBag from /home/airflow/.local/lib/python3.12/site-packages/airflow/example_dags/example_params_trigger_ui.py
[2025-10-08T08:47:26.016+0000] {processor.py:840} INFO - DAG(s) 'example_params_trigger_ui' retrieved from /home/airflow/.local/lib/python3.12/site-packages/airflow/example_dags/example_params_trigger_ui.py
[2025-10-08T08:47:26.069+0000] {logging_mixin.py:188} INFO - [2025-10-08T08:47:26.069+0000] {dag.py:3096} INFO - Sync 1 DAGs
[2025-10-08T08:47:26.084+0000] {logging_mixin.py:188} INFO - [2025-10-08T08:47:26.084+0000] {dag.py:3954} INFO - Setting next_dagrun for example_params_trigger_ui to None, run_after=None
[2025-10-08T08:47:26.108+0000] {processor.py:183} INFO - Processing /home/airflow/.local/lib/python3.12/site-packages/airflow/example_dags/example_params_trigger_ui.py took 0.122 seconds
[2025-10-08T08:47:56.723+0000] {processor.py:161} INFO - Started process (PID=4420) to work on /home/airflow/.local/lib/python3.12/site-packages/airflow/example_dags/example_params_trigger_ui.py
[2025-10-08T08:47:56.725+0000] {processor.py:830} INFO - Processing file /home/airflow/.local/lib/python3.12/site-packages/airflow/example_dags/example_params_trigger_ui.py for tasks to queue
[2025-10-08T08:47:56.729+0000] {logging_mixin.py:188} INFO - [2025-10-08T08:47:56.728+0000] {dagbag.py:545} INFO - Filling up the DagBag from /home/airflow/.local/lib/python3.12/site-packages/airflow/example_dags/example_params_trigger_ui.py
[2025-10-08T08:47:56.750+0000] {processor.py:840} INFO - DAG(s) 'example_params_trigger_ui' retrieved from /home/airflow/.local/lib/python3.12/site-packages/airflow/example_dags/example_params_trigger_ui.py
[2025-10-08T08:47:56.806+0000] {logging_mixin.py:188} INFO - [2025-10-08T08:47:56.806+0000] {dag.py:3096} INFO - Sync 1 DAGs
[2025-10-08T08:47:56.826+0000] {logging_mixin.py:188} INFO - [2025-10-08T08:47:56.826+0000] {dag.py:3954} INFO - Setting next_dagrun for example_params_trigger_ui to None, run_after=None
[2025-10-08T08:47:56.854+0000] {processor.py:183} INFO - Processing /home/airflow/.local/lib/python3.12/site-packages/airflow/example_dags/example_params_trigger_ui.py took 0.141 seconds
[2025-10-08T08:48:27.305+0000] {processor.py:161} INFO - Started process (PID=4479) to work on /home/airflow/.local/lib/python3.12/site-packages/airflow/example_dags/example_params_trigger_ui.py
[2025-10-08T08:48:27.307+0000] {processor.py:830} INFO - Processing file /home/airflow/.local/lib/python3.12/site-packages/airflow/example_dags/example_params_trigger_ui.py for tasks to queue
[2025-10-08T08:48:27.310+0000] {logging_mixin.py:188} INFO - [2025-10-08T08:48:27.309+0000] {dagbag.py:545} INFO - Filling up the DagBag from /home/airflow/.local/lib/python3.12/site-packages/airflow/example_dags/example_params_trigger_ui.py
[2025-10-08T08:48:27.333+0000] {processor.py:840} INFO - DAG(s) 'example_params_trigger_ui' retrieved from /home/airflow/.local/lib/python3.12/site-packages/airflow/example_dags/example_params_trigger_ui.py
[2025-10-08T08:48:27.403+0000] {logging_mixin.py:188} INFO - [2025-10-08T08:48:27.402+0000] {dag.py:3096} INFO - Sync 1 DAGs
[2025-10-08T08:48:27.427+0000] {logging_mixin.py:188} INFO - [2025-10-08T08:48:27.427+0000] {dag.py:3954} INFO - Setting next_dagrun for example_params_trigger_ui to None, run_after=None
[2025-10-08T08:48:27.457+0000] {processor.py:183} INFO - Processing /home/airflow/.local/lib/python3.12/site-packages/airflow/example_dags/example_params_trigger_ui.py took 0.161 seconds
[2025-10-08T08:48:57.877+0000] {processor.py:161} INFO - Started process (PID=4538) to work on /home/airflow/.local/lib/python3.12/site-packages/airflow/example_dags/example_params_trigger_ui.py
[2025-10-08T08:48:57.879+0000] {processor.py:830} INFO - Processing file /home/airflow/.local/lib/python3.12/site-packages/airflow/example_dags/example_params_trigger_ui.py for tasks to queue
[2025-10-08T08:48:57.881+0000] {logging_mixin.py:188} INFO - [2025-10-08T08:48:57.881+0000] {dagbag.py:545} INFO - Filling up the DagBag from /home/airflow/.local/lib/python3.12/site-packages/airflow/example_dags/example_params_trigger_ui.py
[2025-10-08T08:48:57.901+0000] {processor.py:840} INFO - DAG(s) 'example_params_trigger_ui' retrieved from /home/airflow/.local/lib/python3.12/site-packages/airflow/example_dags/example_params_trigger_ui.py
[2025-10-08T08:48:57.960+0000] {logging_mixin.py:188} INFO - [2025-10-08T08:48:57.959+0000] {dag.py:3096} INFO - Sync 1 DAGs
[2025-10-08T08:48:57.974+0000] {logging_mixin.py:188} INFO - [2025-10-08T08:48:57.974+0000] {dag.py:3954} INFO - Setting next_dagrun for example_params_trigger_ui to None, run_after=None
[2025-10-08T08:48:58.005+0000] {processor.py:183} INFO - Processing /home/airflow/.local/lib/python3.12/site-packages/airflow/example_dags/example_params_trigger_ui.py took 0.135 seconds
[2025-10-08T08:49:28.600+0000] {processor.py:161} INFO - Started process (PID=4597) to work on /home/airflow/.local/lib/python3.12/site-packages/airflow/example_dags/example_params_trigger_ui.py
[2025-10-08T08:49:28.602+0000] {processor.py:830} INFO - Processing file /home/airflow/.local/lib/python3.12/site-packages/airflow/example_dags/example_params_trigger_ui.py for tasks to queue
[2025-10-08T08:49:28.604+0000] {logging_mixin.py:188} INFO - [2025-10-08T08:49:28.604+0000] {dagbag.py:545} INFO - Filling up the DagBag from /home/airflow/.local/lib/python3.12/site-packages/airflow/example_dags/example_params_trigger_ui.py
[2025-10-08T08:49:28.625+0000] {processor.py:840} INFO - DAG(s) 'example_params_trigger_ui' retrieved from /home/airflow/.local/lib/python3.12/site-packages/airflow/example_dags/example_params_trigger_ui.py
[2025-10-08T08:49:28.670+0000] {logging_mixin.py:188} INFO - [2025-10-08T08:49:28.670+0000] {dag.py:3096} INFO - Sync 1 DAGs
[2025-10-08T08:49:28.685+0000] {logging_mixin.py:188} INFO - [2025-10-08T08:49:28.685+0000] {dag.py:3954} INFO - Setting next_dagrun for example_params_trigger_ui to None, run_after=None
[2025-10-08T08:49:28.706+0000] {processor.py:183} INFO - Processing /home/airflow/.local/lib/python3.12/site-packages/airflow/example_dags/example_params_trigger_ui.py took 0.114 seconds
[2025-10-08T08:49:58.921+0000] {processor.py:161} INFO - Started process (PID=4656) to work on /home/airflow/.local/lib/python3.12/site-packages/airflow/example_dags/example_params_trigger_ui.py
[2025-10-08T08:49:58.923+0000] {processor.py:830} INFO - Processing file /home/airflow/.local/lib/python3.12/site-packages/airflow/example_dags/example_params_trigger_ui.py for tasks to queue
[2025-10-08T08:49:58.925+0000] {logging_mixin.py:188} INFO - [2025-10-08T08:49:58.925+0000] {dagbag.py:545} INFO - Filling up the DagBag from /home/airflow/.local/lib/python3.12/site-packages/airflow/example_dags/example_params_trigger_ui.py
[2025-10-08T08:49:58.941+0000] {processor.py:840} INFO - DAG(s) 'example_params_trigger_ui' retrieved from /home/airflow/.local/lib/python3.12/site-packages/airflow/example_dags/example_params_trigger_ui.py
[2025-10-08T08:49:58.990+0000] {logging_mixin.py:188} INFO - [2025-10-08T08:49:58.990+0000] {dag.py:3096} INFO - Sync 1 DAGs
[2025-10-08T08:49:59.005+0000] {logging_mixin.py:188} INFO - [2025-10-08T08:49:59.005+0000] {dag.py:3954} INFO - Setting next_dagrun for example_params_trigger_ui to None, run_after=None
[2025-10-08T08:49:59.029+0000] {processor.py:183} INFO - Processing /home/airflow/.local/lib/python3.12/site-packages/airflow/example_dags/example_params_trigger_ui.py took 0.114 seconds
[2025-10-08T08:50:29.382+0000] {processor.py:161} INFO - Started process (PID=4715) to work on /home/airflow/.local/lib/python3.12/site-packages/airflow/example_dags/example_params_trigger_ui.py
[2025-10-08T08:50:29.384+0000] {processor.py:830} INFO - Processing file /home/airflow/.local/lib/python3.12/site-packages/airflow/example_dags/example_params_trigger_ui.py for tasks to queue
[2025-10-08T08:50:29.386+0000] {logging_mixin.py:188} INFO - [2025-10-08T08:50:29.386+0000] {dagbag.py:545} INFO - Filling up the DagBag from /home/airflow/.local/lib/python3.12/site-packages/airflow/example_dags/example_params_trigger_ui.py
[2025-10-08T08:50:29.402+0000] {processor.py:840} INFO - DAG(s) 'example_params_trigger_ui' retrieved from /home/airflow/.local/lib/python3.12/site-packages/airflow/example_dags/example_params_trigger_ui.py
[2025-10-08T08:50:29.460+0000] {logging_mixin.py:188} INFO - [2025-10-08T08:50:29.460+0000] {dag.py:3096} INFO - Sync 1 DAGs
[2025-10-08T08:50:29.479+0000] {logging_mixin.py:188} INFO - [2025-10-08T08:50:29.478+0000] {dag.py:3954} INFO - Setting next_dagrun for example_params_trigger_ui to None, run_after=None
[2025-10-08T08:50:29.500+0000] {processor.py:183} INFO - Processing /home/airflow/.local/lib/python3.12/site-packages/airflow/example_dags/example_params_trigger_ui.py took 0.127 seconds
[2025-10-08T08:50:59.731+0000] {processor.py:161} INFO - Started process (PID=4774) to work on /home/airflow/.local/lib/python3.12/site-packages/airflow/example_dags/example_params_trigger_ui.py
[2025-10-08T08:50:59.732+0000] {processor.py:830} INFO - Processing file /home/airflow/.local/lib/python3.12/site-packages/airflow/example_dags/example_params_trigger_ui.py for tasks to queue
[2025-10-08T08:50:59.735+0000] {logging_mixin.py:188} INFO - [2025-10-08T08:50:59.734+0000] {dagbag.py:545} INFO - Filling up the DagBag from /home/airflow/.local/lib/python3.12/site-packages/airflow/example_dags/example_params_trigger_ui.py
[2025-10-08T08:50:59.752+0000] {processor.py:840} INFO - DAG(s) 'example_params_trigger_ui' retrieved from /home/airflow/.local/lib/python3.12/site-packages/airflow/example_dags/example_params_trigger_ui.py
[2025-10-08T08:50:59.805+0000] {logging_mixin.py:188} INFO - [2025-10-08T08:50:59.805+0000] {dag.py:3096} INFO - Sync 1 DAGs
[2025-10-08T08:50:59.820+0000] {logging_mixin.py:188} INFO - [2025-10-08T08:50:59.820+0000] {dag.py:3954} INFO - Setting next_dagrun for example_params_trigger_ui to None, run_after=None
[2025-10-08T08:50:59.847+0000] {processor.py:183} INFO - Processing /home/airflow/.local/lib/python3.12/site-packages/airflow/example_dags/example_params_trigger_ui.py took 0.123 seconds
[2025-10-08T08:52:33.934+0000] {processor.py:161} INFO - Started process (PID=109) to work on /home/airflow/.local/lib/python3.12/site-packages/airflow/example_dags/example_params_trigger_ui.py
[2025-10-08T08:52:33.936+0000] {processor.py:830} INFO - Processing file /home/airflow/.local/lib/python3.12/site-packages/airflow/example_dags/example_params_trigger_ui.py for tasks to queue
[2025-10-08T08:52:33.944+0000] {logging_mixin.py:188} INFO - [2025-10-08T08:52:33.943+0000] {dagbag.py:545} INFO - Filling up the DagBag from /home/airflow/.local/lib/python3.12/site-packages/airflow/example_dags/example_params_trigger_ui.py
[2025-10-08T08:52:33.978+0000] {processor.py:840} INFO - DAG(s) 'example_params_trigger_ui' retrieved from /home/airflow/.local/lib/python3.12/site-packages/airflow/example_dags/example_params_trigger_ui.py
[2025-10-08T08:52:34.167+0000] {logging_mixin.py:188} INFO - [2025-10-08T08:52:34.166+0000] {dag.py:3096} INFO - Sync 1 DAGs
[2025-10-08T08:52:34.179+0000] {logging_mixin.py:188} INFO - [2025-10-08T08:52:34.179+0000] {dag.py:3954} INFO - Setting next_dagrun for example_params_trigger_ui to None, run_after=None
[2025-10-08T08:52:34.209+0000] {processor.py:183} INFO - Processing /home/airflow/.local/lib/python3.12/site-packages/airflow/example_dags/example_params_trigger_ui.py took 0.288 seconds
[2025-10-08T08:53:05.076+0000] {processor.py:161} INFO - Started process (PID=168) to work on /home/airflow/.local/lib/python3.12/site-packages/airflow/example_dags/example_params_trigger_ui.py
[2025-10-08T08:53:05.078+0000] {processor.py:830} INFO - Processing file /home/airflow/.local/lib/python3.12/site-packages/airflow/example_dags/example_params_trigger_ui.py for tasks to queue
[2025-10-08T08:53:05.082+0000] {logging_mixin.py:188} INFO - [2025-10-08T08:53:05.081+0000] {dagbag.py:545} INFO - Filling up the DagBag from /home/airflow/.local/lib/python3.12/site-packages/airflow/example_dags/example_params_trigger_ui.py
[2025-10-08T08:53:05.097+0000] {processor.py:840} INFO - DAG(s) 'example_params_trigger_ui' retrieved from /home/airflow/.local/lib/python3.12/site-packages/airflow/example_dags/example_params_trigger_ui.py
[2025-10-08T08:53:05.140+0000] {logging_mixin.py:188} INFO - [2025-10-08T08:53:05.139+0000] {dag.py:3096} INFO - Sync 1 DAGs
[2025-10-08T08:53:05.154+0000] {logging_mixin.py:188} INFO - [2025-10-08T08:53:05.154+0000] {dag.py:3954} INFO - Setting next_dagrun for example_params_trigger_ui to None, run_after=None
[2025-10-08T08:53:05.192+0000] {processor.py:183} INFO - Processing /home/airflow/.local/lib/python3.12/site-packages/airflow/example_dags/example_params_trigger_ui.py took 0.123 seconds
[2025-10-08T08:53:36.021+0000] {processor.py:161} INFO - Started process (PID=227) to work on /home/airflow/.local/lib/python3.12/site-packages/airflow/example_dags/example_params_trigger_ui.py
[2025-10-08T08:53:36.024+0000] {processor.py:830} INFO - Processing file /home/airflow/.local/lib/python3.12/site-packages/airflow/example_dags/example_params_trigger_ui.py for tasks to queue
[2025-10-08T08:53:36.030+0000] {logging_mixin.py:188} INFO - [2025-10-08T08:53:36.029+0000] {dagbag.py:545} INFO - Filling up the DagBag from /home/airflow/.local/lib/python3.12/site-packages/airflow/example_dags/example_params_trigger_ui.py
[2025-10-08T08:53:36.056+0000] {processor.py:840} INFO - DAG(s) 'example_params_trigger_ui' retrieved from /home/airflow/.local/lib/python3.12/site-packages/airflow/example_dags/example_params_trigger_ui.py
[2025-10-08T08:53:36.110+0000] {logging_mixin.py:188} INFO - [2025-10-08T08:53:36.110+0000] {dag.py:3096} INFO - Sync 1 DAGs
[2025-10-08T08:53:36.124+0000] {logging_mixin.py:188} INFO - [2025-10-08T08:53:36.124+0000] {dag.py:3954} INFO - Setting next_dagrun for example_params_trigger_ui to None, run_after=None
[2025-10-08T08:53:36.170+0000] {processor.py:183} INFO - Processing /home/airflow/.local/lib/python3.12/site-packages/airflow/example_dags/example_params_trigger_ui.py took 0.162 seconds
[2025-10-08T08:54:07.441+0000] {processor.py:161} INFO - Started process (PID=286) to work on /home/airflow/.local/lib/python3.12/site-packages/airflow/example_dags/example_params_trigger_ui.py
[2025-10-08T08:54:07.443+0000] {processor.py:830} INFO - Processing file /home/airflow/.local/lib/python3.12/site-packages/airflow/example_dags/example_params_trigger_ui.py for tasks to queue
[2025-10-08T08:54:07.447+0000] {logging_mixin.py:188} INFO - [2025-10-08T08:54:07.446+0000] {dagbag.py:545} INFO - Filling up the DagBag from /home/airflow/.local/lib/python3.12/site-packages/airflow/example_dags/example_params_trigger_ui.py
[2025-10-08T08:54:07.470+0000] {processor.py:840} INFO - DAG(s) 'example_params_trigger_ui' retrieved from /home/airflow/.local/lib/python3.12/site-packages/airflow/example_dags/example_params_trigger_ui.py
[2025-10-08T08:54:07.541+0000] {logging_mixin.py:188} INFO - [2025-10-08T08:54:07.540+0000] {dag.py:3096} INFO - Sync 1 DAGs
[2025-10-08T08:54:07.608+0000] {logging_mixin.py:188} INFO - [2025-10-08T08:54:07.608+0000] {dag.py:3954} INFO - Setting next_dagrun for example_params_trigger_ui to None, run_after=None
[2025-10-08T08:54:07.683+0000] {processor.py:183} INFO - Processing /home/airflow/.local/lib/python3.12/site-packages/airflow/example_dags/example_params_trigger_ui.py took 0.254 seconds
[2025-10-08T08:54:37.767+0000] {processor.py:161} INFO - Started process (PID=345) to work on /home/airflow/.local/lib/python3.12/site-packages/airflow/example_dags/example_params_trigger_ui.py
[2025-10-08T08:54:37.769+0000] {processor.py:830} INFO - Processing file /home/airflow/.local/lib/python3.12/site-packages/airflow/example_dags/example_params_trigger_ui.py for tasks to queue
[2025-10-08T08:54:37.772+0000] {logging_mixin.py:188} INFO - [2025-10-08T08:54:37.772+0000] {dagbag.py:545} INFO - Filling up the DagBag from /home/airflow/.local/lib/python3.12/site-packages/airflow/example_dags/example_params_trigger_ui.py
[2025-10-08T08:54:37.790+0000] {processor.py:840} INFO - DAG(s) 'example_params_trigger_ui' retrieved from /home/airflow/.local/lib/python3.12/site-packages/airflow/example_dags/example_params_trigger_ui.py
[2025-10-08T08:54:37.845+0000] {logging_mixin.py:188} INFO - [2025-10-08T08:54:37.845+0000] {dag.py:3096} INFO - Sync 1 DAGs
[2025-10-08T08:54:37.862+0000] {logging_mixin.py:188} INFO - [2025-10-08T08:54:37.861+0000] {dag.py:3954} INFO - Setting next_dagrun for example_params_trigger_ui to None, run_after=None
[2025-10-08T08:54:37.895+0000] {processor.py:183} INFO - Processing /home/airflow/.local/lib/python3.12/site-packages/airflow/example_dags/example_params_trigger_ui.py took 0.137 seconds
[2025-10-08T08:55:08.989+0000] {processor.py:161} INFO - Started process (PID=404) to work on /home/airflow/.local/lib/python3.12/site-packages/airflow/example_dags/example_params_trigger_ui.py
[2025-10-08T08:55:08.991+0000] {processor.py:830} INFO - Processing file /home/airflow/.local/lib/python3.12/site-packages/airflow/example_dags/example_params_trigger_ui.py for tasks to queue
[2025-10-08T08:55:08.995+0000] {logging_mixin.py:188} INFO - [2025-10-08T08:55:08.994+0000] {dagbag.py:545} INFO - Filling up the DagBag from /home/airflow/.local/lib/python3.12/site-packages/airflow/example_dags/example_params_trigger_ui.py
[2025-10-08T08:55:09.021+0000] {processor.py:840} INFO - DAG(s) 'example_params_trigger_ui' retrieved from /home/airflow/.local/lib/python3.12/site-packages/airflow/example_dags/example_params_trigger_ui.py
[2025-10-08T08:55:09.101+0000] {logging_mixin.py:188} INFO - [2025-10-08T08:55:09.101+0000] {dag.py:3096} INFO - Sync 1 DAGs
[2025-10-08T08:55:09.122+0000] {logging_mixin.py:188} INFO - [2025-10-08T08:55:09.121+0000] {dag.py:3954} INFO - Setting next_dagrun for example_params_trigger_ui to None, run_after=None
[2025-10-08T08:55:09.161+0000] {processor.py:183} INFO - Processing /home/airflow/.local/lib/python3.12/site-packages/airflow/example_dags/example_params_trigger_ui.py took 0.181 seconds
[2025-10-08T08:55:40.069+0000] {processor.py:161} INFO - Started process (PID=463) to work on /home/airflow/.local/lib/python3.12/site-packages/airflow/example_dags/example_params_trigger_ui.py
[2025-10-08T08:55:40.071+0000] {processor.py:830} INFO - Processing file /home/airflow/.local/lib/python3.12/site-packages/airflow/example_dags/example_params_trigger_ui.py for tasks to queue
[2025-10-08T08:55:40.074+0000] {logging_mixin.py:188} INFO - [2025-10-08T08:55:40.074+0000] {dagbag.py:545} INFO - Filling up the DagBag from /home/airflow/.local/lib/python3.12/site-packages/airflow/example_dags/example_params_trigger_ui.py
[2025-10-08T08:55:40.093+0000] {processor.py:840} INFO - DAG(s) 'example_params_trigger_ui' retrieved from /home/airflow/.local/lib/python3.12/site-packages/airflow/example_dags/example_params_trigger_ui.py
[2025-10-08T08:55:40.155+0000] {logging_mixin.py:188} INFO - [2025-10-08T08:55:40.155+0000] {dag.py:3096} INFO - Sync 1 DAGs
[2025-10-08T08:55:40.177+0000] {logging_mixin.py:188} INFO - [2025-10-08T08:55:40.177+0000] {dag.py:3954} INFO - Setting next_dagrun for example_params_trigger_ui to None, run_after=None
[2025-10-08T08:55:40.222+0000] {processor.py:183} INFO - Processing /home/airflow/.local/lib/python3.12/site-packages/airflow/example_dags/example_params_trigger_ui.py took 0.161 seconds
[2025-10-08T08:56:11.142+0000] {processor.py:161} INFO - Started process (PID=522) to work on /home/airflow/.local/lib/python3.12/site-packages/airflow/example_dags/example_params_trigger_ui.py
[2025-10-08T08:56:11.144+0000] {processor.py:830} INFO - Processing file /home/airflow/.local/lib/python3.12/site-packages/airflow/example_dags/example_params_trigger_ui.py for tasks to queue
[2025-10-08T08:56:11.146+0000] {logging_mixin.py:188} INFO - [2025-10-08T08:56:11.146+0000] {dagbag.py:545} INFO - Filling up the DagBag from /home/airflow/.local/lib/python3.12/site-packages/airflow/example_dags/example_params_trigger_ui.py
[2025-10-08T08:56:11.164+0000] {processor.py:840} INFO - DAG(s) 'example_params_trigger_ui' retrieved from /home/airflow/.local/lib/python3.12/site-packages/airflow/example_dags/example_params_trigger_ui.py
[2025-10-08T08:56:11.210+0000] {logging_mixin.py:188} INFO - [2025-10-08T08:56:11.209+0000] {dag.py:3096} INFO - Sync 1 DAGs
[2025-10-08T08:56:11.224+0000] {logging_mixin.py:188} INFO - [2025-10-08T08:56:11.224+0000] {dag.py:3954} INFO - Setting next_dagrun for example_params_trigger_ui to None, run_after=None
[2025-10-08T08:56:11.247+0000] {processor.py:183} INFO - Processing /home/airflow/.local/lib/python3.12/site-packages/airflow/example_dags/example_params_trigger_ui.py took 0.112 seconds
[2025-10-08T08:56:42.136+0000] {processor.py:161} INFO - Started process (PID=581) to work on /home/airflow/.local/lib/python3.12/site-packages/airflow/example_dags/example_params_trigger_ui.py
[2025-10-08T08:56:42.140+0000] {processor.py:830} INFO - Processing file /home/airflow/.local/lib/python3.12/site-packages/airflow/example_dags/example_params_trigger_ui.py for tasks to queue
[2025-10-08T08:56:42.145+0000] {logging_mixin.py:188} INFO - [2025-10-08T08:56:42.144+0000] {dagbag.py:545} INFO - Filling up the DagBag from /home/airflow/.local/lib/python3.12/site-packages/airflow/example_dags/example_params_trigger_ui.py
[2025-10-08T08:56:42.163+0000] {processor.py:840} INFO - DAG(s) 'example_params_trigger_ui' retrieved from /home/airflow/.local/lib/python3.12/site-packages/airflow/example_dags/example_params_trigger_ui.py
[2025-10-08T08:56:42.214+0000] {logging_mixin.py:188} INFO - [2025-10-08T08:56:42.214+0000] {dag.py:3096} INFO - Sync 1 DAGs
[2025-10-08T08:56:42.230+0000] {logging_mixin.py:188} INFO - [2025-10-08T08:56:42.230+0000] {dag.py:3954} INFO - Setting next_dagrun for example_params_trigger_ui to None, run_after=None
[2025-10-08T08:56:42.266+0000] {processor.py:183} INFO - Processing /home/airflow/.local/lib/python3.12/site-packages/airflow/example_dags/example_params_trigger_ui.py took 0.148 seconds
[2025-10-08T08:57:12.536+0000] {processor.py:161} INFO - Started process (PID=640) to work on /home/airflow/.local/lib/python3.12/site-packages/airflow/example_dags/example_params_trigger_ui.py
[2025-10-08T08:57:12.538+0000] {processor.py:830} INFO - Processing file /home/airflow/.local/lib/python3.12/site-packages/airflow/example_dags/example_params_trigger_ui.py for tasks to queue
[2025-10-08T08:57:12.540+0000] {logging_mixin.py:188} INFO - [2025-10-08T08:57:12.540+0000] {dagbag.py:545} INFO - Filling up the DagBag from /home/airflow/.local/lib/python3.12/site-packages/airflow/example_dags/example_params_trigger_ui.py
[2025-10-08T08:57:12.558+0000] {processor.py:840} INFO - DAG(s) 'example_params_trigger_ui' retrieved from /home/airflow/.local/lib/python3.12/site-packages/airflow/example_dags/example_params_trigger_ui.py
[2025-10-08T08:57:12.600+0000] {logging_mixin.py:188} INFO - [2025-10-08T08:57:12.600+0000] {dag.py:3096} INFO - Sync 1 DAGs
[2025-10-08T08:57:12.616+0000] {logging_mixin.py:188} INFO - [2025-10-08T08:57:12.615+0000] {dag.py:3954} INFO - Setting next_dagrun for example_params_trigger_ui to None, run_after=None
[2025-10-08T08:57:12.644+0000] {processor.py:183} INFO - Processing /home/airflow/.local/lib/python3.12/site-packages/airflow/example_dags/example_params_trigger_ui.py took 0.117 seconds
[2025-10-08T08:57:43.484+0000] {processor.py:161} INFO - Started process (PID=699) to work on /home/airflow/.local/lib/python3.12/site-packages/airflow/example_dags/example_params_trigger_ui.py
[2025-10-08T08:57:43.486+0000] {processor.py:830} INFO - Processing file /home/airflow/.local/lib/python3.12/site-packages/airflow/example_dags/example_params_trigger_ui.py for tasks to queue
[2025-10-08T08:57:43.490+0000] {logging_mixin.py:188} INFO - [2025-10-08T08:57:43.489+0000] {dagbag.py:545} INFO - Filling up the DagBag from /home/airflow/.local/lib/python3.12/site-packages/airflow/example_dags/example_params_trigger_ui.py
[2025-10-08T08:57:43.515+0000] {processor.py:840} INFO - DAG(s) 'example_params_trigger_ui' retrieved from /home/airflow/.local/lib/python3.12/site-packages/airflow/example_dags/example_params_trigger_ui.py
[2025-10-08T08:57:43.572+0000] {logging_mixin.py:188} INFO - [2025-10-08T08:57:43.572+0000] {dag.py:3096} INFO - Sync 1 DAGs
[2025-10-08T08:57:43.588+0000] {logging_mixin.py:188} INFO - [2025-10-08T08:57:43.587+0000] {dag.py:3954} INFO - Setting next_dagrun for example_params_trigger_ui to None, run_after=None
[2025-10-08T08:57:43.615+0000] {processor.py:183} INFO - Processing /home/airflow/.local/lib/python3.12/site-packages/airflow/example_dags/example_params_trigger_ui.py took 0.143 seconds
[2025-10-08T08:58:14.101+0000] {processor.py:161} INFO - Started process (PID=758) to work on /home/airflow/.local/lib/python3.12/site-packages/airflow/example_dags/example_params_trigger_ui.py
[2025-10-08T08:58:14.106+0000] {processor.py:830} INFO - Processing file /home/airflow/.local/lib/python3.12/site-packages/airflow/example_dags/example_params_trigger_ui.py for tasks to queue
[2025-10-08T08:58:14.112+0000] {logging_mixin.py:188} INFO - [2025-10-08T08:58:14.111+0000] {dagbag.py:545} INFO - Filling up the DagBag from /home/airflow/.local/lib/python3.12/site-packages/airflow/example_dags/example_params_trigger_ui.py
[2025-10-08T08:58:14.135+0000] {processor.py:840} INFO - DAG(s) 'example_params_trigger_ui' retrieved from /home/airflow/.local/lib/python3.12/site-packages/airflow/example_dags/example_params_trigger_ui.py
[2025-10-08T08:58:14.207+0000] {logging_mixin.py:188} INFO - [2025-10-08T08:58:14.207+0000] {dag.py:3096} INFO - Sync 1 DAGs
[2025-10-08T08:58:14.233+0000] {logging_mixin.py:188} INFO - [2025-10-08T08:58:14.233+0000] {dag.py:3954} INFO - Setting next_dagrun for example_params_trigger_ui to None, run_after=None
[2025-10-08T08:58:14.260+0000] {processor.py:183} INFO - Processing /home/airflow/.local/lib/python3.12/site-packages/airflow/example_dags/example_params_trigger_ui.py took 0.177 seconds
[2025-10-08T08:58:44.598+0000] {processor.py:161} INFO - Started process (PID=817) to work on /home/airflow/.local/lib/python3.12/site-packages/airflow/example_dags/example_params_trigger_ui.py
[2025-10-08T08:58:44.600+0000] {processor.py:830} INFO - Processing file /home/airflow/.local/lib/python3.12/site-packages/airflow/example_dags/example_params_trigger_ui.py for tasks to queue
[2025-10-08T08:58:44.603+0000] {logging_mixin.py:188} INFO - [2025-10-08T08:58:44.603+0000] {dagbag.py:545} INFO - Filling up the DagBag from /home/airflow/.local/lib/python3.12/site-packages/airflow/example_dags/example_params_trigger_ui.py
[2025-10-08T08:58:44.620+0000] {processor.py:840} INFO - DAG(s) 'example_params_trigger_ui' retrieved from /home/airflow/.local/lib/python3.12/site-packages/airflow/example_dags/example_params_trigger_ui.py
[2025-10-08T08:58:44.668+0000] {logging_mixin.py:188} INFO - [2025-10-08T08:58:44.667+0000] {dag.py:3096} INFO - Sync 1 DAGs
[2025-10-08T08:58:44.682+0000] {logging_mixin.py:188} INFO - [2025-10-08T08:58:44.682+0000] {dag.py:3954} INFO - Setting next_dagrun for example_params_trigger_ui to None, run_after=None
[2025-10-08T08:58:44.705+0000] {processor.py:183} INFO - Processing /home/airflow/.local/lib/python3.12/site-packages/airflow/example_dags/example_params_trigger_ui.py took 0.115 seconds
[2025-10-08T08:59:14.805+0000] {processor.py:161} INFO - Started process (PID=876) to work on /home/airflow/.local/lib/python3.12/site-packages/airflow/example_dags/example_params_trigger_ui.py
[2025-10-08T08:59:14.808+0000] {processor.py:830} INFO - Processing file /home/airflow/.local/lib/python3.12/site-packages/airflow/example_dags/example_params_trigger_ui.py for tasks to queue
[2025-10-08T08:59:14.810+0000] {logging_mixin.py:188} INFO - [2025-10-08T08:59:14.810+0000] {dagbag.py:545} INFO - Filling up the DagBag from /home/airflow/.local/lib/python3.12/site-packages/airflow/example_dags/example_params_trigger_ui.py
[2025-10-08T08:59:14.828+0000] {processor.py:840} INFO - DAG(s) 'example_params_trigger_ui' retrieved from /home/airflow/.local/lib/python3.12/site-packages/airflow/example_dags/example_params_trigger_ui.py
[2025-10-08T08:59:14.873+0000] {logging_mixin.py:188} INFO - [2025-10-08T08:59:14.873+0000] {dag.py:3096} INFO - Sync 1 DAGs
[2025-10-08T08:59:14.891+0000] {logging_mixin.py:188} INFO - [2025-10-08T08:59:14.891+0000] {dag.py:3954} INFO - Setting next_dagrun for example_params_trigger_ui to None, run_after=None
[2025-10-08T08:59:14.919+0000] {processor.py:183} INFO - Processing /home/airflow/.local/lib/python3.12/site-packages/airflow/example_dags/example_params_trigger_ui.py took 0.121 seconds
[2025-10-08T08:59:45.070+0000] {processor.py:161} INFO - Started process (PID=935) to work on /home/airflow/.local/lib/python3.12/site-packages/airflow/example_dags/example_params_trigger_ui.py
[2025-10-08T08:59:45.072+0000] {processor.py:830} INFO - Processing file /home/airflow/.local/lib/python3.12/site-packages/airflow/example_dags/example_params_trigger_ui.py for tasks to queue
[2025-10-08T08:59:45.075+0000] {logging_mixin.py:188} INFO - [2025-10-08T08:59:45.074+0000] {dagbag.py:545} INFO - Filling up the DagBag from /home/airflow/.local/lib/python3.12/site-packages/airflow/example_dags/example_params_trigger_ui.py
[2025-10-08T08:59:45.098+0000] {processor.py:840} INFO - DAG(s) 'example_params_trigger_ui' retrieved from /home/airflow/.local/lib/python3.12/site-packages/airflow/example_dags/example_params_trigger_ui.py
[2025-10-08T08:59:45.150+0000] {logging_mixin.py:188} INFO - [2025-10-08T08:59:45.150+0000] {dag.py:3096} INFO - Sync 1 DAGs
[2025-10-08T08:59:45.168+0000] {logging_mixin.py:188} INFO - [2025-10-08T08:59:45.167+0000] {dag.py:3954} INFO - Setting next_dagrun for example_params_trigger_ui to None, run_after=None
[2025-10-08T08:59:45.194+0000] {processor.py:183} INFO - Processing /home/airflow/.local/lib/python3.12/site-packages/airflow/example_dags/example_params_trigger_ui.py took 0.134 seconds
[2025-10-08T09:00:15.362+0000] {processor.py:161} INFO - Started process (PID=994) to work on /home/airflow/.local/lib/python3.12/site-packages/airflow/example_dags/example_params_trigger_ui.py
[2025-10-08T09:00:15.364+0000] {processor.py:830} INFO - Processing file /home/airflow/.local/lib/python3.12/site-packages/airflow/example_dags/example_params_trigger_ui.py for tasks to queue
[2025-10-08T09:00:15.369+0000] {logging_mixin.py:188} INFO - [2025-10-08T09:00:15.369+0000] {dagbag.py:545} INFO - Filling up the DagBag from /home/airflow/.local/lib/python3.12/site-packages/airflow/example_dags/example_params_trigger_ui.py
[2025-10-08T09:00:15.403+0000] {processor.py:840} INFO - DAG(s) 'example_params_trigger_ui' retrieved from /home/airflow/.local/lib/python3.12/site-packages/airflow/example_dags/example_params_trigger_ui.py
[2025-10-08T09:00:15.497+0000] {logging_mixin.py:188} INFO - [2025-10-08T09:00:15.496+0000] {dag.py:3096} INFO - Sync 1 DAGs
[2025-10-08T09:00:15.521+0000] {logging_mixin.py:188} INFO - [2025-10-08T09:00:15.521+0000] {dag.py:3954} INFO - Setting next_dagrun for example_params_trigger_ui to None, run_after=None
[2025-10-08T09:00:15.563+0000] {processor.py:183} INFO - Processing /home/airflow/.local/lib/python3.12/site-packages/airflow/example_dags/example_params_trigger_ui.py took 0.208 seconds
[2025-10-08T09:00:45.932+0000] {processor.py:161} INFO - Started process (PID=1052) to work on /home/airflow/.local/lib/python3.12/site-packages/airflow/example_dags/example_params_trigger_ui.py
[2025-10-08T09:00:45.933+0000] {processor.py:830} INFO - Processing file /home/airflow/.local/lib/python3.12/site-packages/airflow/example_dags/example_params_trigger_ui.py for tasks to queue
[2025-10-08T09:00:45.936+0000] {logging_mixin.py:188} INFO - [2025-10-08T09:00:45.936+0000] {dagbag.py:545} INFO - Filling up the DagBag from /home/airflow/.local/lib/python3.12/site-packages/airflow/example_dags/example_params_trigger_ui.py
[2025-10-08T09:00:45.956+0000] {processor.py:840} INFO - DAG(s) 'example_params_trigger_ui' retrieved from /home/airflow/.local/lib/python3.12/site-packages/airflow/example_dags/example_params_trigger_ui.py
[2025-10-08T09:00:46.021+0000] {logging_mixin.py:188} INFO - [2025-10-08T09:00:46.020+0000] {dag.py:3096} INFO - Sync 1 DAGs
[2025-10-08T09:00:46.046+0000] {logging_mixin.py:188} INFO - [2025-10-08T09:00:46.045+0000] {dag.py:3954} INFO - Setting next_dagrun for example_params_trigger_ui to None, run_after=None
[2025-10-08T09:00:46.074+0000] {processor.py:183} INFO - Processing /home/airflow/.local/lib/python3.12/site-packages/airflow/example_dags/example_params_trigger_ui.py took 0.150 seconds
[2025-10-08T09:01:16.219+0000] {processor.py:161} INFO - Started process (PID=1111) to work on /home/airflow/.local/lib/python3.12/site-packages/airflow/example_dags/example_params_trigger_ui.py
[2025-10-08T09:01:16.220+0000] {processor.py:830} INFO - Processing file /home/airflow/.local/lib/python3.12/site-packages/airflow/example_dags/example_params_trigger_ui.py for tasks to queue
[2025-10-08T09:01:16.223+0000] {logging_mixin.py:188} INFO - [2025-10-08T09:01:16.223+0000] {dagbag.py:545} INFO - Filling up the DagBag from /home/airflow/.local/lib/python3.12/site-packages/airflow/example_dags/example_params_trigger_ui.py
[2025-10-08T09:01:16.242+0000] {processor.py:840} INFO - DAG(s) 'example_params_trigger_ui' retrieved from /home/airflow/.local/lib/python3.12/site-packages/airflow/example_dags/example_params_trigger_ui.py
[2025-10-08T09:01:16.289+0000] {logging_mixin.py:188} INFO - [2025-10-08T09:01:16.289+0000] {dag.py:3096} INFO - Sync 1 DAGs
[2025-10-08T09:01:16.314+0000] {logging_mixin.py:188} INFO - [2025-10-08T09:01:16.314+0000] {dag.py:3954} INFO - Setting next_dagrun for example_params_trigger_ui to None, run_after=None
[2025-10-08T09:01:16.359+0000] {processor.py:183} INFO - Processing /home/airflow/.local/lib/python3.12/site-packages/airflow/example_dags/example_params_trigger_ui.py took 0.148 seconds
[2025-10-08T09:01:46.538+0000] {processor.py:161} INFO - Started process (PID=1170) to work on /home/airflow/.local/lib/python3.12/site-packages/airflow/example_dags/example_params_trigger_ui.py
[2025-10-08T09:01:46.540+0000] {processor.py:830} INFO - Processing file /home/airflow/.local/lib/python3.12/site-packages/airflow/example_dags/example_params_trigger_ui.py for tasks to queue
[2025-10-08T09:01:46.543+0000] {logging_mixin.py:188} INFO - [2025-10-08T09:01:46.542+0000] {dagbag.py:545} INFO - Filling up the DagBag from /home/airflow/.local/lib/python3.12/site-packages/airflow/example_dags/example_params_trigger_ui.py
[2025-10-08T09:01:46.560+0000] {processor.py:840} INFO - DAG(s) 'example_params_trigger_ui' retrieved from /home/airflow/.local/lib/python3.12/site-packages/airflow/example_dags/example_params_trigger_ui.py
[2025-10-08T09:01:46.604+0000] {logging_mixin.py:188} INFO - [2025-10-08T09:01:46.604+0000] {dag.py:3096} INFO - Sync 1 DAGs
[2025-10-08T09:01:46.618+0000] {logging_mixin.py:188} INFO - [2025-10-08T09:01:46.618+0000] {dag.py:3954} INFO - Setting next_dagrun for example_params_trigger_ui to None, run_after=None
[2025-10-08T09:01:46.642+0000] {processor.py:183} INFO - Processing /home/airflow/.local/lib/python3.12/site-packages/airflow/example_dags/example_params_trigger_ui.py took 0.111 seconds
[2025-10-08T09:02:16.922+0000] {processor.py:161} INFO - Started process (PID=1229) to work on /home/airflow/.local/lib/python3.12/site-packages/airflow/example_dags/example_params_trigger_ui.py
[2025-10-08T09:02:16.924+0000] {processor.py:830} INFO - Processing file /home/airflow/.local/lib/python3.12/site-packages/airflow/example_dags/example_params_trigger_ui.py for tasks to queue
[2025-10-08T09:02:16.928+0000] {logging_mixin.py:188} INFO - [2025-10-08T09:02:16.927+0000] {dagbag.py:545} INFO - Filling up the DagBag from /home/airflow/.local/lib/python3.12/site-packages/airflow/example_dags/example_params_trigger_ui.py
[2025-10-08T09:02:16.946+0000] {processor.py:840} INFO - DAG(s) 'example_params_trigger_ui' retrieved from /home/airflow/.local/lib/python3.12/site-packages/airflow/example_dags/example_params_trigger_ui.py
[2025-10-08T09:02:17.009+0000] {logging_mixin.py:188} INFO - [2025-10-08T09:02:17.009+0000] {dag.py:3096} INFO - Sync 1 DAGs
[2025-10-08T09:02:17.028+0000] {logging_mixin.py:188} INFO - [2025-10-08T09:02:17.028+0000] {dag.py:3954} INFO - Setting next_dagrun for example_params_trigger_ui to None, run_after=None
[2025-10-08T09:02:17.243+0000] {processor.py:183} INFO - Processing /home/airflow/.local/lib/python3.12/site-packages/airflow/example_dags/example_params_trigger_ui.py took 0.328 seconds
[2025-10-08T09:02:47.664+0000] {processor.py:161} INFO - Started process (PID=1288) to work on /home/airflow/.local/lib/python3.12/site-packages/airflow/example_dags/example_params_trigger_ui.py
[2025-10-08T09:02:47.666+0000] {processor.py:830} INFO - Processing file /home/airflow/.local/lib/python3.12/site-packages/airflow/example_dags/example_params_trigger_ui.py for tasks to queue
[2025-10-08T09:02:47.670+0000] {logging_mixin.py:188} INFO - [2025-10-08T09:02:47.670+0000] {dagbag.py:545} INFO - Filling up the DagBag from /home/airflow/.local/lib/python3.12/site-packages/airflow/example_dags/example_params_trigger_ui.py
[2025-10-08T09:02:47.693+0000] {processor.py:840} INFO - DAG(s) 'example_params_trigger_ui' retrieved from /home/airflow/.local/lib/python3.12/site-packages/airflow/example_dags/example_params_trigger_ui.py
[2025-10-08T09:02:47.750+0000] {logging_mixin.py:188} INFO - [2025-10-08T09:02:47.750+0000] {dag.py:3096} INFO - Sync 1 DAGs
[2025-10-08T09:02:47.777+0000] {logging_mixin.py:188} INFO - [2025-10-08T09:02:47.776+0000] {dag.py:3954} INFO - Setting next_dagrun for example_params_trigger_ui to None, run_after=None
[2025-10-08T09:02:47.852+0000] {processor.py:183} INFO - Processing /home/airflow/.local/lib/python3.12/site-packages/airflow/example_dags/example_params_trigger_ui.py took 0.202 seconds
[2025-10-08T09:03:18.206+0000] {processor.py:161} INFO - Started process (PID=1347) to work on /home/airflow/.local/lib/python3.12/site-packages/airflow/example_dags/example_params_trigger_ui.py
[2025-10-08T09:03:18.210+0000] {processor.py:830} INFO - Processing file /home/airflow/.local/lib/python3.12/site-packages/airflow/example_dags/example_params_trigger_ui.py for tasks to queue
[2025-10-08T09:03:18.214+0000] {logging_mixin.py:188} INFO - [2025-10-08T09:03:18.213+0000] {dagbag.py:545} INFO - Filling up the DagBag from /home/airflow/.local/lib/python3.12/site-packages/airflow/example_dags/example_params_trigger_ui.py
[2025-10-08T09:03:18.243+0000] {processor.py:840} INFO - DAG(s) 'example_params_trigger_ui' retrieved from /home/airflow/.local/lib/python3.12/site-packages/airflow/example_dags/example_params_trigger_ui.py
[2025-10-08T09:03:18.320+0000] {logging_mixin.py:188} INFO - [2025-10-08T09:03:18.320+0000] {dag.py:3096} INFO - Sync 1 DAGs
[2025-10-08T09:03:18.345+0000] {logging_mixin.py:188} INFO - [2025-10-08T09:03:18.344+0000] {dag.py:3954} INFO - Setting next_dagrun for example_params_trigger_ui to None, run_after=None
[2025-10-08T09:03:18.379+0000] {processor.py:183} INFO - Processing /home/airflow/.local/lib/python3.12/site-packages/airflow/example_dags/example_params_trigger_ui.py took 0.183 seconds
[2025-10-08T09:03:50.366+0000] {processor.py:161} INFO - Started process (PID=1406) to work on /home/airflow/.local/lib/python3.12/site-packages/airflow/example_dags/example_params_trigger_ui.py
[2025-10-08T09:03:50.368+0000] {processor.py:830} INFO - Processing file /home/airflow/.local/lib/python3.12/site-packages/airflow/example_dags/example_params_trigger_ui.py for tasks to queue
[2025-10-08T09:03:50.371+0000] {logging_mixin.py:188} INFO - [2025-10-08T09:03:50.371+0000] {dagbag.py:545} INFO - Filling up the DagBag from /home/airflow/.local/lib/python3.12/site-packages/airflow/example_dags/example_params_trigger_ui.py
[2025-10-08T09:03:50.401+0000] {processor.py:840} INFO - DAG(s) 'example_params_trigger_ui' retrieved from /home/airflow/.local/lib/python3.12/site-packages/airflow/example_dags/example_params_trigger_ui.py
[2025-10-08T09:03:50.465+0000] {logging_mixin.py:188} INFO - [2025-10-08T09:03:50.465+0000] {dag.py:3096} INFO - Sync 1 DAGs
[2025-10-08T09:03:50.492+0000] {logging_mixin.py:188} INFO - [2025-10-08T09:03:50.492+0000] {dag.py:3954} INFO - Setting next_dagrun for example_params_trigger_ui to None, run_after=None
[2025-10-08T09:03:50.525+0000] {processor.py:183} INFO - Processing /home/airflow/.local/lib/python3.12/site-packages/airflow/example_dags/example_params_trigger_ui.py took 0.173 seconds
