[2025-10-08T08:02:56.281+0000] {processor.py:161} INFO - Started process (PID=84) to work on /home/airflow/.local/lib/python3.12/site-packages/airflow/example_dags/example_task_group.py
[2025-10-08T08:02:56.285+0000] {processor.py:830} INFO - Processing file /home/airflow/.local/lib/python3.12/site-packages/airflow/example_dags/example_task_group.py for tasks to queue
[2025-10-08T08:02:56.290+0000] {logging_mixin.py:188} INFO - [2025-10-08T08:02:56.289+0000] {dagbag.py:545} INFO - Filling up the DagBag from /home/airflow/.local/lib/python3.12/site-packages/airflow/example_dags/example_task_group.py
[2025-10-08T08:02:56.361+0000] {processor.py:840} INFO - DAG(s) 'example_task_group' retrieved from /home/airflow/.local/lib/python3.12/site-packages/airflow/example_dags/example_task_group.py
[2025-10-08T08:02:57.090+0000] {logging_mixin.py:188} INFO - [2025-10-08T08:02:57.088+0000] {override.py:1829} INFO - Created Permission View: can edit on DAG:example_task_group
[2025-10-08T08:02:57.122+0000] {logging_mixin.py:188} INFO - [2025-10-08T08:02:57.121+0000] {override.py:1829} INFO - Created Permission View: can delete on DAG:example_task_group
[2025-10-08T08:02:57.140+0000] {logging_mixin.py:188} INFO - [2025-10-08T08:02:57.139+0000] {override.py:1829} INFO - Created Permission View: can read on DAG:example_task_group
[2025-10-08T08:02:57.142+0000] {logging_mixin.py:188} INFO - [2025-10-08T08:02:57.142+0000] {dag.py:3096} INFO - Sync 1 DAGs
[2025-10-08T08:02:57.198+0000] {logging_mixin.py:188} INFO - [2025-10-08T08:02:57.197+0000] {dag.py:3118} INFO - Creating ORM DAG for example_task_group
[2025-10-08T08:02:57.245+0000] {logging_mixin.py:188} INFO - [2025-10-08T08:02:57.245+0000] {dag.py:3954} INFO - Setting next_dagrun for example_task_group to 2025-10-07 00:00:00+00:00, run_after=2025-10-08 00:00:00+00:00
[2025-10-08T08:02:57.300+0000] {processor.py:183} INFO - Processing /home/airflow/.local/lib/python3.12/site-packages/airflow/example_dags/example_task_group.py took 1.039 seconds
[2025-10-08T08:03:27.857+0000] {processor.py:161} INFO - Started process (PID=142) to work on /home/airflow/.local/lib/python3.12/site-packages/airflow/example_dags/example_task_group.py
[2025-10-08T08:03:27.860+0000] {processor.py:830} INFO - Processing file /home/airflow/.local/lib/python3.12/site-packages/airflow/example_dags/example_task_group.py for tasks to queue
[2025-10-08T08:03:27.864+0000] {logging_mixin.py:188} INFO - [2025-10-08T08:03:27.863+0000] {dagbag.py:545} INFO - Filling up the DagBag from /home/airflow/.local/lib/python3.12/site-packages/airflow/example_dags/example_task_group.py
[2025-10-08T08:03:27.878+0000] {processor.py:840} INFO - DAG(s) 'example_task_group' retrieved from /home/airflow/.local/lib/python3.12/site-packages/airflow/example_dags/example_task_group.py
[2025-10-08T08:03:27.936+0000] {logging_mixin.py:188} INFO - [2025-10-08T08:03:27.935+0000] {dag.py:3096} INFO - Sync 1 DAGs
[2025-10-08T08:03:28.004+0000] {logging_mixin.py:188} INFO - [2025-10-08T08:03:28.004+0000] {dag.py:3954} INFO - Setting next_dagrun for example_task_group to 2025-10-07 00:00:00+00:00, run_after=2025-10-08 00:00:00+00:00
[2025-10-08T08:03:28.062+0000] {processor.py:183} INFO - Processing /home/airflow/.local/lib/python3.12/site-packages/airflow/example_dags/example_task_group.py took 0.220 seconds
[2025-10-08T08:03:58.336+0000] {processor.py:161} INFO - Started process (PID=200) to work on /home/airflow/.local/lib/python3.12/site-packages/airflow/example_dags/example_task_group.py
[2025-10-08T08:03:58.338+0000] {processor.py:830} INFO - Processing file /home/airflow/.local/lib/python3.12/site-packages/airflow/example_dags/example_task_group.py for tasks to queue
[2025-10-08T08:03:58.344+0000] {logging_mixin.py:188} INFO - [2025-10-08T08:03:58.343+0000] {dagbag.py:545} INFO - Filling up the DagBag from /home/airflow/.local/lib/python3.12/site-packages/airflow/example_dags/example_task_group.py
[2025-10-08T08:03:58.357+0000] {processor.py:840} INFO - DAG(s) 'example_task_group' retrieved from /home/airflow/.local/lib/python3.12/site-packages/airflow/example_dags/example_task_group.py
[2025-10-08T08:03:58.398+0000] {logging_mixin.py:188} INFO - [2025-10-08T08:03:58.398+0000] {dag.py:3096} INFO - Sync 1 DAGs
[2025-10-08T08:03:58.438+0000] {logging_mixin.py:188} INFO - [2025-10-08T08:03:58.438+0000] {dag.py:3954} INFO - Setting next_dagrun for example_task_group to 2025-10-07 00:00:00+00:00, run_after=2025-10-08 00:00:00+00:00
[2025-10-08T08:03:58.474+0000] {processor.py:183} INFO - Processing /home/airflow/.local/lib/python3.12/site-packages/airflow/example_dags/example_task_group.py took 0.152 seconds
[2025-10-08T08:04:28.664+0000] {processor.py:161} INFO - Started process (PID=258) to work on /home/airflow/.local/lib/python3.12/site-packages/airflow/example_dags/example_task_group.py
[2025-10-08T08:04:28.667+0000] {processor.py:830} INFO - Processing file /home/airflow/.local/lib/python3.12/site-packages/airflow/example_dags/example_task_group.py for tasks to queue
[2025-10-08T08:04:28.673+0000] {logging_mixin.py:188} INFO - [2025-10-08T08:04:28.672+0000] {dagbag.py:545} INFO - Filling up the DagBag from /home/airflow/.local/lib/python3.12/site-packages/airflow/example_dags/example_task_group.py
[2025-10-08T08:04:28.693+0000] {processor.py:840} INFO - DAG(s) 'example_task_group' retrieved from /home/airflow/.local/lib/python3.12/site-packages/airflow/example_dags/example_task_group.py
[2025-10-08T08:04:28.742+0000] {logging_mixin.py:188} INFO - [2025-10-08T08:04:28.741+0000] {dag.py:3096} INFO - Sync 1 DAGs
[2025-10-08T08:04:28.790+0000] {logging_mixin.py:188} INFO - [2025-10-08T08:04:28.790+0000] {dag.py:3954} INFO - Setting next_dagrun for example_task_group to 2025-10-07 00:00:00+00:00, run_after=2025-10-08 00:00:00+00:00
[2025-10-08T08:04:28.830+0000] {processor.py:183} INFO - Processing /home/airflow/.local/lib/python3.12/site-packages/airflow/example_dags/example_task_group.py took 0.185 seconds
[2025-10-08T08:04:59.917+0000] {processor.py:161} INFO - Started process (PID=316) to work on /home/airflow/.local/lib/python3.12/site-packages/airflow/example_dags/example_task_group.py
[2025-10-08T08:04:59.919+0000] {processor.py:830} INFO - Processing file /home/airflow/.local/lib/python3.12/site-packages/airflow/example_dags/example_task_group.py for tasks to queue
[2025-10-08T08:04:59.922+0000] {logging_mixin.py:188} INFO - [2025-10-08T08:04:59.921+0000] {dagbag.py:545} INFO - Filling up the DagBag from /home/airflow/.local/lib/python3.12/site-packages/airflow/example_dags/example_task_group.py
[2025-10-08T08:04:59.934+0000] {processor.py:840} INFO - DAG(s) 'example_task_group' retrieved from /home/airflow/.local/lib/python3.12/site-packages/airflow/example_dags/example_task_group.py
[2025-10-08T08:04:59.970+0000] {logging_mixin.py:188} INFO - [2025-10-08T08:04:59.970+0000] {dag.py:3096} INFO - Sync 1 DAGs
[2025-10-08T08:05:00.001+0000] {logging_mixin.py:188} INFO - [2025-10-08T08:05:00.001+0000] {dag.py:3954} INFO - Setting next_dagrun for example_task_group to 2025-10-07 00:00:00+00:00, run_after=2025-10-08 00:00:00+00:00
[2025-10-08T08:05:00.043+0000] {processor.py:183} INFO - Processing /home/airflow/.local/lib/python3.12/site-packages/airflow/example_dags/example_task_group.py took 0.142 seconds
[2025-10-08T08:05:30.238+0000] {processor.py:161} INFO - Started process (PID=374) to work on /home/airflow/.local/lib/python3.12/site-packages/airflow/example_dags/example_task_group.py
[2025-10-08T08:05:30.240+0000] {processor.py:830} INFO - Processing file /home/airflow/.local/lib/python3.12/site-packages/airflow/example_dags/example_task_group.py for tasks to queue
[2025-10-08T08:05:30.244+0000] {logging_mixin.py:188} INFO - [2025-10-08T08:05:30.243+0000] {dagbag.py:545} INFO - Filling up the DagBag from /home/airflow/.local/lib/python3.12/site-packages/airflow/example_dags/example_task_group.py
[2025-10-08T08:05:30.254+0000] {processor.py:840} INFO - DAG(s) 'example_task_group' retrieved from /home/airflow/.local/lib/python3.12/site-packages/airflow/example_dags/example_task_group.py
[2025-10-08T08:05:30.299+0000] {logging_mixin.py:188} INFO - [2025-10-08T08:05:30.298+0000] {dag.py:3096} INFO - Sync 1 DAGs
[2025-10-08T08:05:30.339+0000] {logging_mixin.py:188} INFO - [2025-10-08T08:05:30.339+0000] {dag.py:3954} INFO - Setting next_dagrun for example_task_group to 2025-10-07 00:00:00+00:00, run_after=2025-10-08 00:00:00+00:00
[2025-10-08T08:05:30.419+0000] {processor.py:183} INFO - Processing /home/airflow/.local/lib/python3.12/site-packages/airflow/example_dags/example_task_group.py took 0.192 seconds
[2025-10-08T08:06:00.557+0000] {processor.py:161} INFO - Started process (PID=432) to work on /home/airflow/.local/lib/python3.12/site-packages/airflow/example_dags/example_task_group.py
[2025-10-08T08:06:00.560+0000] {processor.py:830} INFO - Processing file /home/airflow/.local/lib/python3.12/site-packages/airflow/example_dags/example_task_group.py for tasks to queue
[2025-10-08T08:06:00.565+0000] {logging_mixin.py:188} INFO - [2025-10-08T08:06:00.565+0000] {dagbag.py:545} INFO - Filling up the DagBag from /home/airflow/.local/lib/python3.12/site-packages/airflow/example_dags/example_task_group.py
[2025-10-08T08:06:00.581+0000] {processor.py:840} INFO - DAG(s) 'example_task_group' retrieved from /home/airflow/.local/lib/python3.12/site-packages/airflow/example_dags/example_task_group.py
[2025-10-08T08:06:00.625+0000] {logging_mixin.py:188} INFO - [2025-10-08T08:06:00.625+0000] {dag.py:3096} INFO - Sync 1 DAGs
[2025-10-08T08:06:00.660+0000] {logging_mixin.py:188} INFO - [2025-10-08T08:06:00.659+0000] {dag.py:3954} INFO - Setting next_dagrun for example_task_group to 2025-10-07 00:00:00+00:00, run_after=2025-10-08 00:00:00+00:00
[2025-10-08T08:06:00.694+0000] {processor.py:183} INFO - Processing /home/airflow/.local/lib/python3.12/site-packages/airflow/example_dags/example_task_group.py took 0.150 seconds
[2025-10-08T08:07:46.383+0000] {processor.py:161} INFO - Started process (PID=73) to work on /home/airflow/.local/lib/python3.12/site-packages/airflow/example_dags/example_task_group.py
[2025-10-08T08:07:46.385+0000] {processor.py:830} INFO - Processing file /home/airflow/.local/lib/python3.12/site-packages/airflow/example_dags/example_task_group.py for tasks to queue
[2025-10-08T08:07:46.388+0000] {logging_mixin.py:188} INFO - [2025-10-08T08:07:46.388+0000] {dagbag.py:545} INFO - Filling up the DagBag from /home/airflow/.local/lib/python3.12/site-packages/airflow/example_dags/example_task_group.py
[2025-10-08T08:07:46.404+0000] {processor.py:840} INFO - DAG(s) 'example_task_group' retrieved from /home/airflow/.local/lib/python3.12/site-packages/airflow/example_dags/example_task_group.py
[2025-10-08T08:07:46.750+0000] {logging_mixin.py:188} INFO - [2025-10-08T08:07:46.750+0000] {dag.py:3096} INFO - Sync 1 DAGs
[2025-10-08T08:07:46.833+0000] {logging_mixin.py:188} INFO - [2025-10-08T08:07:46.832+0000] {dag.py:3954} INFO - Setting next_dagrun for example_task_group to 2025-10-07 00:00:00+00:00, run_after=2025-10-08 00:00:00+00:00
[2025-10-08T08:07:46.909+0000] {processor.py:183} INFO - Processing /home/airflow/.local/lib/python3.12/site-packages/airflow/example_dags/example_task_group.py took 0.535 seconds
[2025-10-08T08:08:17.458+0000] {processor.py:161} INFO - Started process (PID=131) to work on /home/airflow/.local/lib/python3.12/site-packages/airflow/example_dags/example_task_group.py
[2025-10-08T08:08:17.461+0000] {processor.py:830} INFO - Processing file /home/airflow/.local/lib/python3.12/site-packages/airflow/example_dags/example_task_group.py for tasks to queue
[2025-10-08T08:08:17.464+0000] {logging_mixin.py:188} INFO - [2025-10-08T08:08:17.463+0000] {dagbag.py:545} INFO - Filling up the DagBag from /home/airflow/.local/lib/python3.12/site-packages/airflow/example_dags/example_task_group.py
[2025-10-08T08:08:17.474+0000] {processor.py:840} INFO - DAG(s) 'example_task_group' retrieved from /home/airflow/.local/lib/python3.12/site-packages/airflow/example_dags/example_task_group.py
[2025-10-08T08:08:17.509+0000] {logging_mixin.py:188} INFO - [2025-10-08T08:08:17.508+0000] {dag.py:3096} INFO - Sync 1 DAGs
[2025-10-08T08:08:17.539+0000] {logging_mixin.py:188} INFO - [2025-10-08T08:08:17.539+0000] {dag.py:3954} INFO - Setting next_dagrun for example_task_group to 2025-10-07 00:00:00+00:00, run_after=2025-10-08 00:00:00+00:00
[2025-10-08T08:08:17.570+0000] {processor.py:183} INFO - Processing /home/airflow/.local/lib/python3.12/site-packages/airflow/example_dags/example_task_group.py took 0.120 seconds
[2025-10-08T08:08:47.763+0000] {processor.py:161} INFO - Started process (PID=189) to work on /home/airflow/.local/lib/python3.12/site-packages/airflow/example_dags/example_task_group.py
[2025-10-08T08:08:47.765+0000] {processor.py:830} INFO - Processing file /home/airflow/.local/lib/python3.12/site-packages/airflow/example_dags/example_task_group.py for tasks to queue
[2025-10-08T08:08:47.768+0000] {logging_mixin.py:188} INFO - [2025-10-08T08:08:47.768+0000] {dagbag.py:545} INFO - Filling up the DagBag from /home/airflow/.local/lib/python3.12/site-packages/airflow/example_dags/example_task_group.py
[2025-10-08T08:08:47.779+0000] {processor.py:840} INFO - DAG(s) 'example_task_group' retrieved from /home/airflow/.local/lib/python3.12/site-packages/airflow/example_dags/example_task_group.py
[2025-10-08T08:08:47.812+0000] {logging_mixin.py:188} INFO - [2025-10-08T08:08:47.811+0000] {dag.py:3096} INFO - Sync 1 DAGs
[2025-10-08T08:08:47.843+0000] {logging_mixin.py:188} INFO - [2025-10-08T08:08:47.843+0000] {dag.py:3954} INFO - Setting next_dagrun for example_task_group to 2025-10-07 00:00:00+00:00, run_after=2025-10-08 00:00:00+00:00
[2025-10-08T08:08:47.897+0000] {processor.py:183} INFO - Processing /home/airflow/.local/lib/python3.12/site-packages/airflow/example_dags/example_task_group.py took 0.142 seconds
[2025-10-08T08:09:18.284+0000] {processor.py:161} INFO - Started process (PID=247) to work on /home/airflow/.local/lib/python3.12/site-packages/airflow/example_dags/example_task_group.py
[2025-10-08T08:09:18.288+0000] {processor.py:830} INFO - Processing file /home/airflow/.local/lib/python3.12/site-packages/airflow/example_dags/example_task_group.py for tasks to queue
[2025-10-08T08:09:18.295+0000] {logging_mixin.py:188} INFO - [2025-10-08T08:09:18.294+0000] {dagbag.py:545} INFO - Filling up the DagBag from /home/airflow/.local/lib/python3.12/site-packages/airflow/example_dags/example_task_group.py
[2025-10-08T08:09:18.322+0000] {processor.py:840} INFO - DAG(s) 'example_task_group' retrieved from /home/airflow/.local/lib/python3.12/site-packages/airflow/example_dags/example_task_group.py
[2025-10-08T08:09:18.365+0000] {logging_mixin.py:188} INFO - [2025-10-08T08:09:18.364+0000] {dag.py:3096} INFO - Sync 1 DAGs
[2025-10-08T08:09:18.405+0000] {logging_mixin.py:188} INFO - [2025-10-08T08:09:18.405+0000] {dag.py:3954} INFO - Setting next_dagrun for example_task_group to 2025-10-07 00:00:00+00:00, run_after=2025-10-08 00:00:00+00:00
[2025-10-08T08:09:18.447+0000] {processor.py:183} INFO - Processing /home/airflow/.local/lib/python3.12/site-packages/airflow/example_dags/example_task_group.py took 0.182 seconds
[2025-10-08T08:09:48.667+0000] {processor.py:161} INFO - Started process (PID=305) to work on /home/airflow/.local/lib/python3.12/site-packages/airflow/example_dags/example_task_group.py
[2025-10-08T08:09:48.671+0000] {processor.py:830} INFO - Processing file /home/airflow/.local/lib/python3.12/site-packages/airflow/example_dags/example_task_group.py for tasks to queue
[2025-10-08T08:09:48.677+0000] {logging_mixin.py:188} INFO - [2025-10-08T08:09:48.676+0000] {dagbag.py:545} INFO - Filling up the DagBag from /home/airflow/.local/lib/python3.12/site-packages/airflow/example_dags/example_task_group.py
[2025-10-08T08:09:48.696+0000] {processor.py:840} INFO - DAG(s) 'example_task_group' retrieved from /home/airflow/.local/lib/python3.12/site-packages/airflow/example_dags/example_task_group.py
[2025-10-08T08:09:48.747+0000] {logging_mixin.py:188} INFO - [2025-10-08T08:09:48.747+0000] {dag.py:3096} INFO - Sync 1 DAGs
[2025-10-08T08:09:48.792+0000] {logging_mixin.py:188} INFO - [2025-10-08T08:09:48.792+0000] {dag.py:3954} INFO - Setting next_dagrun for example_task_group to 2025-10-07 00:00:00+00:00, run_after=2025-10-08 00:00:00+00:00
[2025-10-08T08:09:48.839+0000] {processor.py:183} INFO - Processing /home/airflow/.local/lib/python3.12/site-packages/airflow/example_dags/example_task_group.py took 0.187 seconds
[2025-10-08T08:10:19.172+0000] {processor.py:161} INFO - Started process (PID=363) to work on /home/airflow/.local/lib/python3.12/site-packages/airflow/example_dags/example_task_group.py
[2025-10-08T08:10:19.175+0000] {processor.py:830} INFO - Processing file /home/airflow/.local/lib/python3.12/site-packages/airflow/example_dags/example_task_group.py for tasks to queue
[2025-10-08T08:10:19.179+0000] {logging_mixin.py:188} INFO - [2025-10-08T08:10:19.179+0000] {dagbag.py:545} INFO - Filling up the DagBag from /home/airflow/.local/lib/python3.12/site-packages/airflow/example_dags/example_task_group.py
[2025-10-08T08:10:19.193+0000] {processor.py:840} INFO - DAG(s) 'example_task_group' retrieved from /home/airflow/.local/lib/python3.12/site-packages/airflow/example_dags/example_task_group.py
[2025-10-08T08:10:19.235+0000] {logging_mixin.py:188} INFO - [2025-10-08T08:10:19.234+0000] {dag.py:3096} INFO - Sync 1 DAGs
[2025-10-08T08:10:19.283+0000] {logging_mixin.py:188} INFO - [2025-10-08T08:10:19.283+0000] {dag.py:3954} INFO - Setting next_dagrun for example_task_group to 2025-10-07 00:00:00+00:00, run_after=2025-10-08 00:00:00+00:00
[2025-10-08T08:10:19.339+0000] {processor.py:183} INFO - Processing /home/airflow/.local/lib/python3.12/site-packages/airflow/example_dags/example_task_group.py took 0.177 seconds
[2025-10-08T08:10:49.405+0000] {processor.py:161} INFO - Started process (PID=421) to work on /home/airflow/.local/lib/python3.12/site-packages/airflow/example_dags/example_task_group.py
[2025-10-08T08:10:49.407+0000] {processor.py:830} INFO - Processing file /home/airflow/.local/lib/python3.12/site-packages/airflow/example_dags/example_task_group.py for tasks to queue
[2025-10-08T08:10:49.410+0000] {logging_mixin.py:188} INFO - [2025-10-08T08:10:49.410+0000] {dagbag.py:545} INFO - Filling up the DagBag from /home/airflow/.local/lib/python3.12/site-packages/airflow/example_dags/example_task_group.py
[2025-10-08T08:10:49.421+0000] {processor.py:840} INFO - DAG(s) 'example_task_group' retrieved from /home/airflow/.local/lib/python3.12/site-packages/airflow/example_dags/example_task_group.py
[2025-10-08T08:10:49.470+0000] {logging_mixin.py:188} INFO - [2025-10-08T08:10:49.470+0000] {dag.py:3096} INFO - Sync 1 DAGs
[2025-10-08T08:10:49.511+0000] {logging_mixin.py:188} INFO - [2025-10-08T08:10:49.510+0000] {dag.py:3954} INFO - Setting next_dagrun for example_task_group to 2025-10-07 00:00:00+00:00, run_after=2025-10-08 00:00:00+00:00
[2025-10-08T08:10:49.550+0000] {processor.py:183} INFO - Processing /home/airflow/.local/lib/python3.12/site-packages/airflow/example_dags/example_task_group.py took 0.155 seconds
[2025-10-08T08:11:20.482+0000] {processor.py:161} INFO - Started process (PID=479) to work on /home/airflow/.local/lib/python3.12/site-packages/airflow/example_dags/example_task_group.py
[2025-10-08T08:11:20.485+0000] {processor.py:830} INFO - Processing file /home/airflow/.local/lib/python3.12/site-packages/airflow/example_dags/example_task_group.py for tasks to queue
[2025-10-08T08:11:20.490+0000] {logging_mixin.py:188} INFO - [2025-10-08T08:11:20.489+0000] {dagbag.py:545} INFO - Filling up the DagBag from /home/airflow/.local/lib/python3.12/site-packages/airflow/example_dags/example_task_group.py
[2025-10-08T08:11:20.507+0000] {processor.py:840} INFO - DAG(s) 'example_task_group' retrieved from /home/airflow/.local/lib/python3.12/site-packages/airflow/example_dags/example_task_group.py
[2025-10-08T08:11:20.555+0000] {logging_mixin.py:188} INFO - [2025-10-08T08:11:20.554+0000] {dag.py:3096} INFO - Sync 1 DAGs
[2025-10-08T08:11:20.590+0000] {logging_mixin.py:188} INFO - [2025-10-08T08:11:20.589+0000] {dag.py:3954} INFO - Setting next_dagrun for example_task_group to 2025-10-07 00:00:00+00:00, run_after=2025-10-08 00:00:00+00:00
[2025-10-08T08:11:20.650+0000] {processor.py:183} INFO - Processing /home/airflow/.local/lib/python3.12/site-packages/airflow/example_dags/example_task_group.py took 0.182 seconds
[2025-10-08T08:11:50.820+0000] {processor.py:161} INFO - Started process (PID=537) to work on /home/airflow/.local/lib/python3.12/site-packages/airflow/example_dags/example_task_group.py
[2025-10-08T08:11:50.823+0000] {processor.py:830} INFO - Processing file /home/airflow/.local/lib/python3.12/site-packages/airflow/example_dags/example_task_group.py for tasks to queue
[2025-10-08T08:11:50.825+0000] {logging_mixin.py:188} INFO - [2025-10-08T08:11:50.825+0000] {dagbag.py:545} INFO - Filling up the DagBag from /home/airflow/.local/lib/python3.12/site-packages/airflow/example_dags/example_task_group.py
[2025-10-08T08:11:50.838+0000] {processor.py:840} INFO - DAG(s) 'example_task_group' retrieved from /home/airflow/.local/lib/python3.12/site-packages/airflow/example_dags/example_task_group.py
[2025-10-08T08:11:50.869+0000] {logging_mixin.py:188} INFO - [2025-10-08T08:11:50.869+0000] {dag.py:3096} INFO - Sync 1 DAGs
[2025-10-08T08:11:50.896+0000] {logging_mixin.py:188} INFO - [2025-10-08T08:11:50.896+0000] {dag.py:3954} INFO - Setting next_dagrun for example_task_group to 2025-10-07 00:00:00+00:00, run_after=2025-10-08 00:00:00+00:00
[2025-10-08T08:11:50.922+0000] {processor.py:183} INFO - Processing /home/airflow/.local/lib/python3.12/site-packages/airflow/example_dags/example_task_group.py took 0.111 seconds
[2025-10-08T08:12:21.314+0000] {processor.py:161} INFO - Started process (PID=595) to work on /home/airflow/.local/lib/python3.12/site-packages/airflow/example_dags/example_task_group.py
[2025-10-08T08:12:21.318+0000] {processor.py:830} INFO - Processing file /home/airflow/.local/lib/python3.12/site-packages/airflow/example_dags/example_task_group.py for tasks to queue
[2025-10-08T08:12:21.325+0000] {logging_mixin.py:188} INFO - [2025-10-08T08:12:21.324+0000] {dagbag.py:545} INFO - Filling up the DagBag from /home/airflow/.local/lib/python3.12/site-packages/airflow/example_dags/example_task_group.py
[2025-10-08T08:12:21.347+0000] {processor.py:840} INFO - DAG(s) 'example_task_group' retrieved from /home/airflow/.local/lib/python3.12/site-packages/airflow/example_dags/example_task_group.py
[2025-10-08T08:12:21.396+0000] {logging_mixin.py:188} INFO - [2025-10-08T08:12:21.395+0000] {dag.py:3096} INFO - Sync 1 DAGs
[2025-10-08T08:12:21.438+0000] {logging_mixin.py:188} INFO - [2025-10-08T08:12:21.437+0000] {dag.py:3954} INFO - Setting next_dagrun for example_task_group to 2025-10-07 00:00:00+00:00, run_after=2025-10-08 00:00:00+00:00
[2025-10-08T08:12:21.503+0000] {processor.py:183} INFO - Processing /home/airflow/.local/lib/python3.12/site-packages/airflow/example_dags/example_task_group.py took 0.209 seconds
[2025-10-08T08:12:51.903+0000] {processor.py:161} INFO - Started process (PID=653) to work on /home/airflow/.local/lib/python3.12/site-packages/airflow/example_dags/example_task_group.py
[2025-10-08T08:12:51.904+0000] {processor.py:830} INFO - Processing file /home/airflow/.local/lib/python3.12/site-packages/airflow/example_dags/example_task_group.py for tasks to queue
[2025-10-08T08:12:51.907+0000] {logging_mixin.py:188} INFO - [2025-10-08T08:12:51.906+0000] {dagbag.py:545} INFO - Filling up the DagBag from /home/airflow/.local/lib/python3.12/site-packages/airflow/example_dags/example_task_group.py
[2025-10-08T08:12:51.918+0000] {processor.py:840} INFO - DAG(s) 'example_task_group' retrieved from /home/airflow/.local/lib/python3.12/site-packages/airflow/example_dags/example_task_group.py
[2025-10-08T08:12:51.960+0000] {logging_mixin.py:188} INFO - [2025-10-08T08:12:51.958+0000] {dag.py:3096} INFO - Sync 1 DAGs
[2025-10-08T08:12:52.012+0000] {logging_mixin.py:188} INFO - [2025-10-08T08:12:52.012+0000] {dag.py:3954} INFO - Setting next_dagrun for example_task_group to 2025-10-07 00:00:00+00:00, run_after=2025-10-08 00:00:00+00:00
[2025-10-08T08:12:52.046+0000] {processor.py:183} INFO - Processing /home/airflow/.local/lib/python3.12/site-packages/airflow/example_dags/example_task_group.py took 0.151 seconds
[2025-10-08T08:13:22.945+0000] {processor.py:161} INFO - Started process (PID=711) to work on /home/airflow/.local/lib/python3.12/site-packages/airflow/example_dags/example_task_group.py
[2025-10-08T08:13:22.949+0000] {processor.py:830} INFO - Processing file /home/airflow/.local/lib/python3.12/site-packages/airflow/example_dags/example_task_group.py for tasks to queue
[2025-10-08T08:13:22.953+0000] {logging_mixin.py:188} INFO - [2025-10-08T08:13:22.952+0000] {dagbag.py:545} INFO - Filling up the DagBag from /home/airflow/.local/lib/python3.12/site-packages/airflow/example_dags/example_task_group.py
[2025-10-08T08:13:22.964+0000] {processor.py:840} INFO - DAG(s) 'example_task_group' retrieved from /home/airflow/.local/lib/python3.12/site-packages/airflow/example_dags/example_task_group.py
[2025-10-08T08:13:23.021+0000] {logging_mixin.py:188} INFO - [2025-10-08T08:13:23.020+0000] {dag.py:3096} INFO - Sync 1 DAGs
[2025-10-08T08:13:23.064+0000] {logging_mixin.py:188} INFO - [2025-10-08T08:13:23.063+0000] {dag.py:3954} INFO - Setting next_dagrun for example_task_group to 2025-10-07 00:00:00+00:00, run_after=2025-10-08 00:00:00+00:00
[2025-10-08T08:13:23.099+0000] {processor.py:183} INFO - Processing /home/airflow/.local/lib/python3.12/site-packages/airflow/example_dags/example_task_group.py took 0.164 seconds
[2025-10-08T08:13:53.603+0000] {processor.py:161} INFO - Started process (PID=769) to work on /home/airflow/.local/lib/python3.12/site-packages/airflow/example_dags/example_task_group.py
[2025-10-08T08:13:53.607+0000] {processor.py:830} INFO - Processing file /home/airflow/.local/lib/python3.12/site-packages/airflow/example_dags/example_task_group.py for tasks to queue
[2025-10-08T08:13:53.613+0000] {logging_mixin.py:188} INFO - [2025-10-08T08:13:53.613+0000] {dagbag.py:545} INFO - Filling up the DagBag from /home/airflow/.local/lib/python3.12/site-packages/airflow/example_dags/example_task_group.py
[2025-10-08T08:13:53.629+0000] {processor.py:840} INFO - DAG(s) 'example_task_group' retrieved from /home/airflow/.local/lib/python3.12/site-packages/airflow/example_dags/example_task_group.py
[2025-10-08T08:13:53.680+0000] {logging_mixin.py:188} INFO - [2025-10-08T08:13:53.680+0000] {dag.py:3096} INFO - Sync 1 DAGs
[2025-10-08T08:13:53.739+0000] {logging_mixin.py:188} INFO - [2025-10-08T08:13:53.739+0000] {dag.py:3954} INFO - Setting next_dagrun for example_task_group to 2025-10-07 00:00:00+00:00, run_after=2025-10-08 00:00:00+00:00
[2025-10-08T08:13:53.807+0000] {processor.py:183} INFO - Processing /home/airflow/.local/lib/python3.12/site-packages/airflow/example_dags/example_task_group.py took 0.218 seconds
[2025-10-08T08:14:24.184+0000] {processor.py:161} INFO - Started process (PID=827) to work on /home/airflow/.local/lib/python3.12/site-packages/airflow/example_dags/example_task_group.py
[2025-10-08T08:14:24.186+0000] {processor.py:830} INFO - Processing file /home/airflow/.local/lib/python3.12/site-packages/airflow/example_dags/example_task_group.py for tasks to queue
[2025-10-08T08:14:24.189+0000] {logging_mixin.py:188} INFO - [2025-10-08T08:14:24.188+0000] {dagbag.py:545} INFO - Filling up the DagBag from /home/airflow/.local/lib/python3.12/site-packages/airflow/example_dags/example_task_group.py
[2025-10-08T08:14:24.199+0000] {processor.py:840} INFO - DAG(s) 'example_task_group' retrieved from /home/airflow/.local/lib/python3.12/site-packages/airflow/example_dags/example_task_group.py
[2025-10-08T08:14:24.236+0000] {logging_mixin.py:188} INFO - [2025-10-08T08:14:24.235+0000] {dag.py:3096} INFO - Sync 1 DAGs
[2025-10-08T08:14:24.274+0000] {logging_mixin.py:188} INFO - [2025-10-08T08:14:24.273+0000] {dag.py:3954} INFO - Setting next_dagrun for example_task_group to 2025-10-07 00:00:00+00:00, run_after=2025-10-08 00:00:00+00:00
[2025-10-08T08:14:24.303+0000] {processor.py:183} INFO - Processing /home/airflow/.local/lib/python3.12/site-packages/airflow/example_dags/example_task_group.py took 0.128 seconds
[2025-10-08T08:14:54.864+0000] {processor.py:161} INFO - Started process (PID=884) to work on /home/airflow/.local/lib/python3.12/site-packages/airflow/example_dags/example_task_group.py
[2025-10-08T08:14:54.866+0000] {processor.py:830} INFO - Processing file /home/airflow/.local/lib/python3.12/site-packages/airflow/example_dags/example_task_group.py for tasks to queue
[2025-10-08T08:14:54.870+0000] {logging_mixin.py:188} INFO - [2025-10-08T08:14:54.870+0000] {dagbag.py:545} INFO - Filling up the DagBag from /home/airflow/.local/lib/python3.12/site-packages/airflow/example_dags/example_task_group.py
[2025-10-08T08:14:54.884+0000] {processor.py:840} INFO - DAG(s) 'example_task_group' retrieved from /home/airflow/.local/lib/python3.12/site-packages/airflow/example_dags/example_task_group.py
[2025-10-08T08:14:54.929+0000] {logging_mixin.py:188} INFO - [2025-10-08T08:14:54.929+0000] {dag.py:3096} INFO - Sync 1 DAGs
[2025-10-08T08:14:54.971+0000] {logging_mixin.py:188} INFO - [2025-10-08T08:14:54.971+0000] {dag.py:3954} INFO - Setting next_dagrun for example_task_group to 2025-10-07 00:00:00+00:00, run_after=2025-10-08 00:00:00+00:00
[2025-10-08T08:14:55.033+0000] {processor.py:183} INFO - Processing /home/airflow/.local/lib/python3.12/site-packages/airflow/example_dags/example_task_group.py took 0.181 seconds
[2025-10-08T08:15:25.374+0000] {processor.py:161} INFO - Started process (PID=942) to work on /home/airflow/.local/lib/python3.12/site-packages/airflow/example_dags/example_task_group.py
[2025-10-08T08:15:25.378+0000] {processor.py:830} INFO - Processing file /home/airflow/.local/lib/python3.12/site-packages/airflow/example_dags/example_task_group.py for tasks to queue
[2025-10-08T08:15:25.386+0000] {logging_mixin.py:188} INFO - [2025-10-08T08:15:25.384+0000] {dagbag.py:545} INFO - Filling up the DagBag from /home/airflow/.local/lib/python3.12/site-packages/airflow/example_dags/example_task_group.py
[2025-10-08T08:15:25.414+0000] {processor.py:840} INFO - DAG(s) 'example_task_group' retrieved from /home/airflow/.local/lib/python3.12/site-packages/airflow/example_dags/example_task_group.py
[2025-10-08T08:15:25.505+0000] {logging_mixin.py:188} INFO - [2025-10-08T08:15:25.505+0000] {dag.py:3096} INFO - Sync 1 DAGs
[2025-10-08T08:15:25.632+0000] {logging_mixin.py:188} INFO - [2025-10-08T08:15:25.632+0000] {dag.py:3954} INFO - Setting next_dagrun for example_task_group to 2025-10-07 00:00:00+00:00, run_after=2025-10-08 00:00:00+00:00
[2025-10-08T08:15:25.744+0000] {processor.py:183} INFO - Processing /home/airflow/.local/lib/python3.12/site-packages/airflow/example_dags/example_task_group.py took 0.381 seconds
[2025-10-08T08:15:56.207+0000] {processor.py:161} INFO - Started process (PID=1000) to work on /home/airflow/.local/lib/python3.12/site-packages/airflow/example_dags/example_task_group.py
[2025-10-08T08:15:56.211+0000] {processor.py:830} INFO - Processing file /home/airflow/.local/lib/python3.12/site-packages/airflow/example_dags/example_task_group.py for tasks to queue
[2025-10-08T08:15:56.216+0000] {logging_mixin.py:188} INFO - [2025-10-08T08:15:56.215+0000] {dagbag.py:545} INFO - Filling up the DagBag from /home/airflow/.local/lib/python3.12/site-packages/airflow/example_dags/example_task_group.py
[2025-10-08T08:15:56.238+0000] {processor.py:840} INFO - DAG(s) 'example_task_group' retrieved from /home/airflow/.local/lib/python3.12/site-packages/airflow/example_dags/example_task_group.py
[2025-10-08T08:15:56.298+0000] {logging_mixin.py:188} INFO - [2025-10-08T08:15:56.297+0000] {dag.py:3096} INFO - Sync 1 DAGs
[2025-10-08T08:15:56.351+0000] {logging_mixin.py:188} INFO - [2025-10-08T08:15:56.350+0000] {dag.py:3954} INFO - Setting next_dagrun for example_task_group to 2025-10-07 00:00:00+00:00, run_after=2025-10-08 00:00:00+00:00
[2025-10-08T08:15:56.414+0000] {processor.py:183} INFO - Processing /home/airflow/.local/lib/python3.12/site-packages/airflow/example_dags/example_task_group.py took 0.225 seconds
[2025-10-08T08:16:26.550+0000] {processor.py:161} INFO - Started process (PID=1058) to work on /home/airflow/.local/lib/python3.12/site-packages/airflow/example_dags/example_task_group.py
[2025-10-08T08:16:26.556+0000] {processor.py:830} INFO - Processing file /home/airflow/.local/lib/python3.12/site-packages/airflow/example_dags/example_task_group.py for tasks to queue
[2025-10-08T08:16:26.565+0000] {logging_mixin.py:188} INFO - [2025-10-08T08:16:26.563+0000] {dagbag.py:545} INFO - Filling up the DagBag from /home/airflow/.local/lib/python3.12/site-packages/airflow/example_dags/example_task_group.py
[2025-10-08T08:16:26.589+0000] {processor.py:840} INFO - DAG(s) 'example_task_group' retrieved from /home/airflow/.local/lib/python3.12/site-packages/airflow/example_dags/example_task_group.py
[2025-10-08T08:16:26.627+0000] {logging_mixin.py:188} INFO - [2025-10-08T08:16:26.627+0000] {dag.py:3096} INFO - Sync 1 DAGs
[2025-10-08T08:16:26.658+0000] {logging_mixin.py:188} INFO - [2025-10-08T08:16:26.658+0000] {dag.py:3954} INFO - Setting next_dagrun for example_task_group to 2025-10-07 00:00:00+00:00, run_after=2025-10-08 00:00:00+00:00
[2025-10-08T08:16:26.689+0000] {processor.py:183} INFO - Processing /home/airflow/.local/lib/python3.12/site-packages/airflow/example_dags/example_task_group.py took 0.168 seconds
[2025-10-08T08:16:56.804+0000] {processor.py:161} INFO - Started process (PID=1116) to work on /home/airflow/.local/lib/python3.12/site-packages/airflow/example_dags/example_task_group.py
[2025-10-08T08:16:56.806+0000] {processor.py:830} INFO - Processing file /home/airflow/.local/lib/python3.12/site-packages/airflow/example_dags/example_task_group.py for tasks to queue
[2025-10-08T08:16:56.809+0000] {logging_mixin.py:188} INFO - [2025-10-08T08:16:56.809+0000] {dagbag.py:545} INFO - Filling up the DagBag from /home/airflow/.local/lib/python3.12/site-packages/airflow/example_dags/example_task_group.py
[2025-10-08T08:16:56.820+0000] {processor.py:840} INFO - DAG(s) 'example_task_group' retrieved from /home/airflow/.local/lib/python3.12/site-packages/airflow/example_dags/example_task_group.py
[2025-10-08T08:16:56.854+0000] {logging_mixin.py:188} INFO - [2025-10-08T08:16:56.854+0000] {dag.py:3096} INFO - Sync 1 DAGs
[2025-10-08T08:16:56.896+0000] {logging_mixin.py:188} INFO - [2025-10-08T08:16:56.896+0000] {dag.py:3954} INFO - Setting next_dagrun for example_task_group to 2025-10-07 00:00:00+00:00, run_after=2025-10-08 00:00:00+00:00
[2025-10-08T08:16:56.928+0000] {processor.py:183} INFO - Processing /home/airflow/.local/lib/python3.12/site-packages/airflow/example_dags/example_task_group.py took 0.134 seconds
[2025-10-08T08:17:27.131+0000] {processor.py:161} INFO - Started process (PID=1174) to work on /home/airflow/.local/lib/python3.12/site-packages/airflow/example_dags/example_task_group.py
[2025-10-08T08:17:27.134+0000] {processor.py:830} INFO - Processing file /home/airflow/.local/lib/python3.12/site-packages/airflow/example_dags/example_task_group.py for tasks to queue
[2025-10-08T08:17:27.141+0000] {logging_mixin.py:188} INFO - [2025-10-08T08:17:27.140+0000] {dagbag.py:545} INFO - Filling up the DagBag from /home/airflow/.local/lib/python3.12/site-packages/airflow/example_dags/example_task_group.py
[2025-10-08T08:17:27.164+0000] {processor.py:840} INFO - DAG(s) 'example_task_group' retrieved from /home/airflow/.local/lib/python3.12/site-packages/airflow/example_dags/example_task_group.py
[2025-10-08T08:17:27.213+0000] {logging_mixin.py:188} INFO - [2025-10-08T08:17:27.212+0000] {dag.py:3096} INFO - Sync 1 DAGs
[2025-10-08T08:17:27.251+0000] {logging_mixin.py:188} INFO - [2025-10-08T08:17:27.251+0000] {dag.py:3954} INFO - Setting next_dagrun for example_task_group to 2025-10-07 00:00:00+00:00, run_after=2025-10-08 00:00:00+00:00
[2025-10-08T08:17:27.320+0000] {processor.py:183} INFO - Processing /home/airflow/.local/lib/python3.12/site-packages/airflow/example_dags/example_task_group.py took 0.211 seconds
[2025-10-08T08:17:57.740+0000] {processor.py:161} INFO - Started process (PID=1232) to work on /home/airflow/.local/lib/python3.12/site-packages/airflow/example_dags/example_task_group.py
[2025-10-08T08:17:57.743+0000] {processor.py:830} INFO - Processing file /home/airflow/.local/lib/python3.12/site-packages/airflow/example_dags/example_task_group.py for tasks to queue
[2025-10-08T08:17:57.748+0000] {logging_mixin.py:188} INFO - [2025-10-08T08:17:57.748+0000] {dagbag.py:545} INFO - Filling up the DagBag from /home/airflow/.local/lib/python3.12/site-packages/airflow/example_dags/example_task_group.py
[2025-10-08T08:17:57.764+0000] {processor.py:840} INFO - DAG(s) 'example_task_group' retrieved from /home/airflow/.local/lib/python3.12/site-packages/airflow/example_dags/example_task_group.py
[2025-10-08T08:17:57.797+0000] {logging_mixin.py:188} INFO - [2025-10-08T08:17:57.796+0000] {dag.py:3096} INFO - Sync 1 DAGs
[2025-10-08T08:17:57.831+0000] {logging_mixin.py:188} INFO - [2025-10-08T08:17:57.831+0000] {dag.py:3954} INFO - Setting next_dagrun for example_task_group to 2025-10-07 00:00:00+00:00, run_after=2025-10-08 00:00:00+00:00
[2025-10-08T08:17:58.060+0000] {processor.py:183} INFO - Processing /home/airflow/.local/lib/python3.12/site-packages/airflow/example_dags/example_task_group.py took 0.333 seconds
[2025-10-08T08:18:28.731+0000] {processor.py:161} INFO - Started process (PID=1292) to work on /home/airflow/.local/lib/python3.12/site-packages/airflow/example_dags/example_task_group.py
[2025-10-08T08:18:28.733+0000] {processor.py:830} INFO - Processing file /home/airflow/.local/lib/python3.12/site-packages/airflow/example_dags/example_task_group.py for tasks to queue
[2025-10-08T08:18:28.737+0000] {logging_mixin.py:188} INFO - [2025-10-08T08:18:28.736+0000] {dagbag.py:545} INFO - Filling up the DagBag from /home/airflow/.local/lib/python3.12/site-packages/airflow/example_dags/example_task_group.py
[2025-10-08T08:18:28.748+0000] {processor.py:840} INFO - DAG(s) 'example_task_group' retrieved from /home/airflow/.local/lib/python3.12/site-packages/airflow/example_dags/example_task_group.py
[2025-10-08T08:18:28.786+0000] {logging_mixin.py:188} INFO - [2025-10-08T08:18:28.785+0000] {dag.py:3096} INFO - Sync 1 DAGs
[2025-10-08T08:18:28.833+0000] {logging_mixin.py:188} INFO - [2025-10-08T08:18:28.832+0000] {dag.py:3954} INFO - Setting next_dagrun for example_task_group to 2025-10-07 00:00:00+00:00, run_after=2025-10-08 00:00:00+00:00
[2025-10-08T08:18:28.871+0000] {processor.py:183} INFO - Processing /home/airflow/.local/lib/python3.12/site-packages/airflow/example_dags/example_task_group.py took 0.151 seconds
[2025-10-08T08:18:59.423+0000] {processor.py:161} INFO - Started process (PID=1351) to work on /home/airflow/.local/lib/python3.12/site-packages/airflow/example_dags/example_task_group.py
[2025-10-08T08:18:59.426+0000] {processor.py:830} INFO - Processing file /home/airflow/.local/lib/python3.12/site-packages/airflow/example_dags/example_task_group.py for tasks to queue
[2025-10-08T08:18:59.432+0000] {logging_mixin.py:188} INFO - [2025-10-08T08:18:59.431+0000] {dagbag.py:545} INFO - Filling up the DagBag from /home/airflow/.local/lib/python3.12/site-packages/airflow/example_dags/example_task_group.py
[2025-10-08T08:18:59.450+0000] {processor.py:840} INFO - DAG(s) 'example_task_group' retrieved from /home/airflow/.local/lib/python3.12/site-packages/airflow/example_dags/example_task_group.py
[2025-10-08T08:18:59.496+0000] {logging_mixin.py:188} INFO - [2025-10-08T08:18:59.495+0000] {dag.py:3096} INFO - Sync 1 DAGs
[2025-10-08T08:18:59.538+0000] {logging_mixin.py:188} INFO - [2025-10-08T08:18:59.538+0000] {dag.py:3954} INFO - Setting next_dagrun for example_task_group to 2025-10-07 00:00:00+00:00, run_after=2025-10-08 00:00:00+00:00
[2025-10-08T08:18:59.565+0000] {processor.py:183} INFO - Processing /home/airflow/.local/lib/python3.12/site-packages/airflow/example_dags/example_task_group.py took 0.152 seconds
[2025-10-08T08:19:31.141+0000] {processor.py:161} INFO - Started process (PID=1411) to work on /home/airflow/.local/lib/python3.12/site-packages/airflow/example_dags/example_task_group.py
[2025-10-08T08:19:31.143+0000] {processor.py:830} INFO - Processing file /home/airflow/.local/lib/python3.12/site-packages/airflow/example_dags/example_task_group.py for tasks to queue
[2025-10-08T08:19:31.148+0000] {logging_mixin.py:188} INFO - [2025-10-08T08:19:31.147+0000] {dagbag.py:545} INFO - Filling up the DagBag from /home/airflow/.local/lib/python3.12/site-packages/airflow/example_dags/example_task_group.py
[2025-10-08T08:19:31.163+0000] {processor.py:840} INFO - DAG(s) 'example_task_group' retrieved from /home/airflow/.local/lib/python3.12/site-packages/airflow/example_dags/example_task_group.py
[2025-10-08T08:19:31.199+0000] {logging_mixin.py:188} INFO - [2025-10-08T08:19:31.199+0000] {dag.py:3096} INFO - Sync 1 DAGs
[2025-10-08T08:19:31.390+0000] {logging_mixin.py:188} INFO - [2025-10-08T08:19:31.390+0000] {dag.py:3954} INFO - Setting next_dagrun for example_task_group to 2025-10-07 00:00:00+00:00, run_after=2025-10-08 00:00:00+00:00
[2025-10-08T08:19:31.414+0000] {processor.py:183} INFO - Processing /home/airflow/.local/lib/python3.12/site-packages/airflow/example_dags/example_task_group.py took 0.285 seconds
[2025-10-08T08:20:02.417+0000] {processor.py:161} INFO - Started process (PID=1470) to work on /home/airflow/.local/lib/python3.12/site-packages/airflow/example_dags/example_task_group.py
[2025-10-08T08:20:02.420+0000] {processor.py:830} INFO - Processing file /home/airflow/.local/lib/python3.12/site-packages/airflow/example_dags/example_task_group.py for tasks to queue
[2025-10-08T08:20:02.425+0000] {logging_mixin.py:188} INFO - [2025-10-08T08:20:02.425+0000] {dagbag.py:545} INFO - Filling up the DagBag from /home/airflow/.local/lib/python3.12/site-packages/airflow/example_dags/example_task_group.py
[2025-10-08T08:20:02.441+0000] {processor.py:840} INFO - DAG(s) 'example_task_group' retrieved from /home/airflow/.local/lib/python3.12/site-packages/airflow/example_dags/example_task_group.py
[2025-10-08T08:20:02.488+0000] {logging_mixin.py:188} INFO - [2025-10-08T08:20:02.487+0000] {dag.py:3096} INFO - Sync 1 DAGs
[2025-10-08T08:20:02.530+0000] {logging_mixin.py:188} INFO - [2025-10-08T08:20:02.530+0000] {dag.py:3954} INFO - Setting next_dagrun for example_task_group to 2025-10-07 00:00:00+00:00, run_after=2025-10-08 00:00:00+00:00
[2025-10-08T08:20:02.814+0000] {processor.py:183} INFO - Processing /home/airflow/.local/lib/python3.12/site-packages/airflow/example_dags/example_task_group.py took 0.409 seconds
[2025-10-08T08:20:33.352+0000] {processor.py:161} INFO - Started process (PID=1529) to work on /home/airflow/.local/lib/python3.12/site-packages/airflow/example_dags/example_task_group.py
[2025-10-08T08:20:33.355+0000] {processor.py:830} INFO - Processing file /home/airflow/.local/lib/python3.12/site-packages/airflow/example_dags/example_task_group.py for tasks to queue
[2025-10-08T08:20:33.360+0000] {logging_mixin.py:188} INFO - [2025-10-08T08:20:33.360+0000] {dagbag.py:545} INFO - Filling up the DagBag from /home/airflow/.local/lib/python3.12/site-packages/airflow/example_dags/example_task_group.py
[2025-10-08T08:20:33.378+0000] {processor.py:840} INFO - DAG(s) 'example_task_group' retrieved from /home/airflow/.local/lib/python3.12/site-packages/airflow/example_dags/example_task_group.py
[2025-10-08T08:20:33.450+0000] {logging_mixin.py:188} INFO - [2025-10-08T08:20:33.449+0000] {dag.py:3096} INFO - Sync 1 DAGs
[2025-10-08T08:20:33.490+0000] {logging_mixin.py:188} INFO - [2025-10-08T08:20:33.489+0000] {dag.py:3954} INFO - Setting next_dagrun for example_task_group to 2025-10-07 00:00:00+00:00, run_after=2025-10-08 00:00:00+00:00
[2025-10-08T08:20:33.542+0000] {processor.py:183} INFO - Processing /home/airflow/.local/lib/python3.12/site-packages/airflow/example_dags/example_task_group.py took 0.204 seconds
[2025-10-08T08:21:03.925+0000] {processor.py:161} INFO - Started process (PID=1588) to work on /home/airflow/.local/lib/python3.12/site-packages/airflow/example_dags/example_task_group.py
[2025-10-08T08:21:03.927+0000] {processor.py:830} INFO - Processing file /home/airflow/.local/lib/python3.12/site-packages/airflow/example_dags/example_task_group.py for tasks to queue
[2025-10-08T08:21:03.931+0000] {logging_mixin.py:188} INFO - [2025-10-08T08:21:03.930+0000] {dagbag.py:545} INFO - Filling up the DagBag from /home/airflow/.local/lib/python3.12/site-packages/airflow/example_dags/example_task_group.py
[2025-10-08T08:21:03.945+0000] {processor.py:840} INFO - DAG(s) 'example_task_group' retrieved from /home/airflow/.local/lib/python3.12/site-packages/airflow/example_dags/example_task_group.py
[2025-10-08T08:21:03.975+0000] {logging_mixin.py:188} INFO - [2025-10-08T08:21:03.975+0000] {dag.py:3096} INFO - Sync 1 DAGs
[2025-10-08T08:21:04.011+0000] {logging_mixin.py:188} INFO - [2025-10-08T08:21:04.011+0000] {dag.py:3954} INFO - Setting next_dagrun for example_task_group to 2025-10-07 00:00:00+00:00, run_after=2025-10-08 00:00:00+00:00
[2025-10-08T08:21:04.057+0000] {processor.py:183} INFO - Processing /home/airflow/.local/lib/python3.12/site-packages/airflow/example_dags/example_task_group.py took 0.141 seconds
[2025-10-08T08:21:34.304+0000] {processor.py:161} INFO - Started process (PID=1647) to work on /home/airflow/.local/lib/python3.12/site-packages/airflow/example_dags/example_task_group.py
[2025-10-08T08:21:34.305+0000] {processor.py:830} INFO - Processing file /home/airflow/.local/lib/python3.12/site-packages/airflow/example_dags/example_task_group.py for tasks to queue
[2025-10-08T08:21:34.309+0000] {logging_mixin.py:188} INFO - [2025-10-08T08:21:34.309+0000] {dagbag.py:545} INFO - Filling up the DagBag from /home/airflow/.local/lib/python3.12/site-packages/airflow/example_dags/example_task_group.py
[2025-10-08T08:21:34.322+0000] {processor.py:840} INFO - DAG(s) 'example_task_group' retrieved from /home/airflow/.local/lib/python3.12/site-packages/airflow/example_dags/example_task_group.py
[2025-10-08T08:21:34.362+0000] {logging_mixin.py:188} INFO - [2025-10-08T08:21:34.361+0000] {dag.py:3096} INFO - Sync 1 DAGs
[2025-10-08T08:21:34.400+0000] {logging_mixin.py:188} INFO - [2025-10-08T08:21:34.400+0000] {dag.py:3954} INFO - Setting next_dagrun for example_task_group to 2025-10-07 00:00:00+00:00, run_after=2025-10-08 00:00:00+00:00
[2025-10-08T08:21:34.428+0000] {processor.py:183} INFO - Processing /home/airflow/.local/lib/python3.12/site-packages/airflow/example_dags/example_task_group.py took 0.133 seconds
[2025-10-08T08:22:04.831+0000] {processor.py:161} INFO - Started process (PID=1707) to work on /home/airflow/.local/lib/python3.12/site-packages/airflow/example_dags/example_task_group.py
[2025-10-08T08:22:04.835+0000] {processor.py:830} INFO - Processing file /home/airflow/.local/lib/python3.12/site-packages/airflow/example_dags/example_task_group.py for tasks to queue
[2025-10-08T08:22:04.841+0000] {logging_mixin.py:188} INFO - [2025-10-08T08:22:04.840+0000] {dagbag.py:545} INFO - Filling up the DagBag from /home/airflow/.local/lib/python3.12/site-packages/airflow/example_dags/example_task_group.py
[2025-10-08T08:22:04.865+0000] {processor.py:840} INFO - DAG(s) 'example_task_group' retrieved from /home/airflow/.local/lib/python3.12/site-packages/airflow/example_dags/example_task_group.py
[2025-10-08T08:22:04.921+0000] {logging_mixin.py:188} INFO - [2025-10-08T08:22:04.920+0000] {dag.py:3096} INFO - Sync 1 DAGs
[2025-10-08T08:22:04.970+0000] {logging_mixin.py:188} INFO - [2025-10-08T08:22:04.969+0000] {dag.py:3954} INFO - Setting next_dagrun for example_task_group to 2025-10-07 00:00:00+00:00, run_after=2025-10-08 00:00:00+00:00
[2025-10-08T08:22:05.027+0000] {processor.py:183} INFO - Processing /home/airflow/.local/lib/python3.12/site-packages/airflow/example_dags/example_task_group.py took 0.212 seconds
[2025-10-08T08:22:35.445+0000] {processor.py:161} INFO - Started process (PID=1765) to work on /home/airflow/.local/lib/python3.12/site-packages/airflow/example_dags/example_task_group.py
[2025-10-08T08:22:35.447+0000] {processor.py:830} INFO - Processing file /home/airflow/.local/lib/python3.12/site-packages/airflow/example_dags/example_task_group.py for tasks to queue
[2025-10-08T08:22:35.451+0000] {logging_mixin.py:188} INFO - [2025-10-08T08:22:35.450+0000] {dagbag.py:545} INFO - Filling up the DagBag from /home/airflow/.local/lib/python3.12/site-packages/airflow/example_dags/example_task_group.py
[2025-10-08T08:22:35.462+0000] {processor.py:840} INFO - DAG(s) 'example_task_group' retrieved from /home/airflow/.local/lib/python3.12/site-packages/airflow/example_dags/example_task_group.py
[2025-10-08T08:22:35.496+0000] {logging_mixin.py:188} INFO - [2025-10-08T08:22:35.495+0000] {dag.py:3096} INFO - Sync 1 DAGs
[2025-10-08T08:22:35.533+0000] {logging_mixin.py:188} INFO - [2025-10-08T08:22:35.533+0000] {dag.py:3954} INFO - Setting next_dagrun for example_task_group to 2025-10-07 00:00:00+00:00, run_after=2025-10-08 00:00:00+00:00
[2025-10-08T08:22:35.567+0000] {processor.py:183} INFO - Processing /home/airflow/.local/lib/python3.12/site-packages/airflow/example_dags/example_task_group.py took 0.132 seconds
[2025-10-08T08:23:06.621+0000] {processor.py:161} INFO - Started process (PID=1824) to work on /home/airflow/.local/lib/python3.12/site-packages/airflow/example_dags/example_task_group.py
[2025-10-08T08:23:06.623+0000] {processor.py:830} INFO - Processing file /home/airflow/.local/lib/python3.12/site-packages/airflow/example_dags/example_task_group.py for tasks to queue
[2025-10-08T08:23:06.627+0000] {logging_mixin.py:188} INFO - [2025-10-08T08:23:06.626+0000] {dagbag.py:545} INFO - Filling up the DagBag from /home/airflow/.local/lib/python3.12/site-packages/airflow/example_dags/example_task_group.py
[2025-10-08T08:23:06.641+0000] {processor.py:840} INFO - DAG(s) 'example_task_group' retrieved from /home/airflow/.local/lib/python3.12/site-packages/airflow/example_dags/example_task_group.py
[2025-10-08T08:23:06.683+0000] {logging_mixin.py:188} INFO - [2025-10-08T08:23:06.682+0000] {dag.py:3096} INFO - Sync 1 DAGs
[2025-10-08T08:23:06.725+0000] {logging_mixin.py:188} INFO - [2025-10-08T08:23:06.725+0000] {dag.py:3954} INFO - Setting next_dagrun for example_task_group to 2025-10-07 00:00:00+00:00, run_after=2025-10-08 00:00:00+00:00
[2025-10-08T08:23:06.761+0000] {processor.py:183} INFO - Processing /home/airflow/.local/lib/python3.12/site-packages/airflow/example_dags/example_task_group.py took 0.148 seconds
[2025-10-08T08:23:37.548+0000] {processor.py:161} INFO - Started process (PID=1883) to work on /home/airflow/.local/lib/python3.12/site-packages/airflow/example_dags/example_task_group.py
[2025-10-08T08:23:37.550+0000] {processor.py:830} INFO - Processing file /home/airflow/.local/lib/python3.12/site-packages/airflow/example_dags/example_task_group.py for tasks to queue
[2025-10-08T08:23:37.555+0000] {logging_mixin.py:188} INFO - [2025-10-08T08:23:37.554+0000] {dagbag.py:545} INFO - Filling up the DagBag from /home/airflow/.local/lib/python3.12/site-packages/airflow/example_dags/example_task_group.py
[2025-10-08T08:23:37.566+0000] {processor.py:840} INFO - DAG(s) 'example_task_group' retrieved from /home/airflow/.local/lib/python3.12/site-packages/airflow/example_dags/example_task_group.py
[2025-10-08T08:23:37.599+0000] {logging_mixin.py:188} INFO - [2025-10-08T08:23:37.598+0000] {dag.py:3096} INFO - Sync 1 DAGs
[2025-10-08T08:23:37.651+0000] {logging_mixin.py:188} INFO - [2025-10-08T08:23:37.651+0000] {dag.py:3954} INFO - Setting next_dagrun for example_task_group to 2025-10-07 00:00:00+00:00, run_after=2025-10-08 00:00:00+00:00
[2025-10-08T08:23:37.700+0000] {processor.py:183} INFO - Processing /home/airflow/.local/lib/python3.12/site-packages/airflow/example_dags/example_task_group.py took 0.161 seconds
[2025-10-08T08:24:08.119+0000] {processor.py:161} INFO - Started process (PID=1942) to work on /home/airflow/.local/lib/python3.12/site-packages/airflow/example_dags/example_task_group.py
[2025-10-08T08:24:08.122+0000] {processor.py:830} INFO - Processing file /home/airflow/.local/lib/python3.12/site-packages/airflow/example_dags/example_task_group.py for tasks to queue
[2025-10-08T08:24:08.127+0000] {logging_mixin.py:188} INFO - [2025-10-08T08:24:08.127+0000] {dagbag.py:545} INFO - Filling up the DagBag from /home/airflow/.local/lib/python3.12/site-packages/airflow/example_dags/example_task_group.py
[2025-10-08T08:24:08.145+0000] {processor.py:840} INFO - DAG(s) 'example_task_group' retrieved from /home/airflow/.local/lib/python3.12/site-packages/airflow/example_dags/example_task_group.py
[2025-10-08T08:24:08.199+0000] {logging_mixin.py:188} INFO - [2025-10-08T08:24:08.198+0000] {dag.py:3096} INFO - Sync 1 DAGs
[2025-10-08T08:24:08.238+0000] {logging_mixin.py:188} INFO - [2025-10-08T08:24:08.237+0000] {dag.py:3954} INFO - Setting next_dagrun for example_task_group to 2025-10-07 00:00:00+00:00, run_after=2025-10-08 00:00:00+00:00
[2025-10-08T08:24:08.282+0000] {processor.py:183} INFO - Processing /home/airflow/.local/lib/python3.12/site-packages/airflow/example_dags/example_task_group.py took 0.177 seconds
[2025-10-08T08:24:38.459+0000] {processor.py:161} INFO - Started process (PID=2001) to work on /home/airflow/.local/lib/python3.12/site-packages/airflow/example_dags/example_task_group.py
[2025-10-08T08:24:38.462+0000] {processor.py:830} INFO - Processing file /home/airflow/.local/lib/python3.12/site-packages/airflow/example_dags/example_task_group.py for tasks to queue
[2025-10-08T08:24:38.465+0000] {logging_mixin.py:188} INFO - [2025-10-08T08:24:38.465+0000] {dagbag.py:545} INFO - Filling up the DagBag from /home/airflow/.local/lib/python3.12/site-packages/airflow/example_dags/example_task_group.py
[2025-10-08T08:24:38.478+0000] {processor.py:840} INFO - DAG(s) 'example_task_group' retrieved from /home/airflow/.local/lib/python3.12/site-packages/airflow/example_dags/example_task_group.py
[2025-10-08T08:24:38.511+0000] {logging_mixin.py:188} INFO - [2025-10-08T08:24:38.511+0000] {dag.py:3096} INFO - Sync 1 DAGs
[2025-10-08T08:24:38.544+0000] {logging_mixin.py:188} INFO - [2025-10-08T08:24:38.544+0000] {dag.py:3954} INFO - Setting next_dagrun for example_task_group to 2025-10-07 00:00:00+00:00, run_after=2025-10-08 00:00:00+00:00
[2025-10-08T08:24:38.577+0000] {processor.py:183} INFO - Processing /home/airflow/.local/lib/python3.12/site-packages/airflow/example_dags/example_task_group.py took 0.130 seconds
[2025-10-08T08:25:09.067+0000] {processor.py:161} INFO - Started process (PID=2060) to work on /home/airflow/.local/lib/python3.12/site-packages/airflow/example_dags/example_task_group.py
[2025-10-08T08:25:09.069+0000] {processor.py:830} INFO - Processing file /home/airflow/.local/lib/python3.12/site-packages/airflow/example_dags/example_task_group.py for tasks to queue
[2025-10-08T08:25:09.073+0000] {logging_mixin.py:188} INFO - [2025-10-08T08:25:09.072+0000] {dagbag.py:545} INFO - Filling up the DagBag from /home/airflow/.local/lib/python3.12/site-packages/airflow/example_dags/example_task_group.py
[2025-10-08T08:25:09.086+0000] {processor.py:840} INFO - DAG(s) 'example_task_group' retrieved from /home/airflow/.local/lib/python3.12/site-packages/airflow/example_dags/example_task_group.py
[2025-10-08T08:25:09.123+0000] {logging_mixin.py:188} INFO - [2025-10-08T08:25:09.122+0000] {dag.py:3096} INFO - Sync 1 DAGs
[2025-10-08T08:25:09.157+0000] {logging_mixin.py:188} INFO - [2025-10-08T08:25:09.156+0000] {dag.py:3954} INFO - Setting next_dagrun for example_task_group to 2025-10-07 00:00:00+00:00, run_after=2025-10-08 00:00:00+00:00
[2025-10-08T08:25:09.189+0000] {processor.py:183} INFO - Processing /home/airflow/.local/lib/python3.12/site-packages/airflow/example_dags/example_task_group.py took 0.132 seconds
[2025-10-08T08:25:40.340+0000] {processor.py:161} INFO - Started process (PID=2119) to work on /home/airflow/.local/lib/python3.12/site-packages/airflow/example_dags/example_task_group.py
[2025-10-08T08:25:40.342+0000] {processor.py:830} INFO - Processing file /home/airflow/.local/lib/python3.12/site-packages/airflow/example_dags/example_task_group.py for tasks to queue
[2025-10-08T08:25:40.346+0000] {logging_mixin.py:188} INFO - [2025-10-08T08:25:40.345+0000] {dagbag.py:545} INFO - Filling up the DagBag from /home/airflow/.local/lib/python3.12/site-packages/airflow/example_dags/example_task_group.py
[2025-10-08T08:25:40.358+0000] {processor.py:840} INFO - DAG(s) 'example_task_group' retrieved from /home/airflow/.local/lib/python3.12/site-packages/airflow/example_dags/example_task_group.py
[2025-10-08T08:25:40.398+0000] {logging_mixin.py:188} INFO - [2025-10-08T08:25:40.398+0000] {dag.py:3096} INFO - Sync 1 DAGs
[2025-10-08T08:25:40.429+0000] {logging_mixin.py:188} INFO - [2025-10-08T08:25:40.428+0000] {dag.py:3954} INFO - Setting next_dagrun for example_task_group to 2025-10-07 00:00:00+00:00, run_after=2025-10-08 00:00:00+00:00
[2025-10-08T08:25:40.459+0000] {processor.py:183} INFO - Processing /home/airflow/.local/lib/python3.12/site-packages/airflow/example_dags/example_task_group.py took 0.132 seconds
[2025-10-08T08:26:10.540+0000] {processor.py:161} INFO - Started process (PID=2178) to work on /home/airflow/.local/lib/python3.12/site-packages/airflow/example_dags/example_task_group.py
[2025-10-08T08:26:10.542+0000] {processor.py:830} INFO - Processing file /home/airflow/.local/lib/python3.12/site-packages/airflow/example_dags/example_task_group.py for tasks to queue
[2025-10-08T08:26:10.545+0000] {logging_mixin.py:188} INFO - [2025-10-08T08:26:10.544+0000] {dagbag.py:545} INFO - Filling up the DagBag from /home/airflow/.local/lib/python3.12/site-packages/airflow/example_dags/example_task_group.py
[2025-10-08T08:26:10.557+0000] {processor.py:840} INFO - DAG(s) 'example_task_group' retrieved from /home/airflow/.local/lib/python3.12/site-packages/airflow/example_dags/example_task_group.py
[2025-10-08T08:26:10.590+0000] {logging_mixin.py:188} INFO - [2025-10-08T08:26:10.589+0000] {dag.py:3096} INFO - Sync 1 DAGs
[2025-10-08T08:26:10.620+0000] {logging_mixin.py:188} INFO - [2025-10-08T08:26:10.620+0000] {dag.py:3954} INFO - Setting next_dagrun for example_task_group to 2025-10-07 00:00:00+00:00, run_after=2025-10-08 00:00:00+00:00
[2025-10-08T08:26:10.666+0000] {processor.py:183} INFO - Processing /home/airflow/.local/lib/python3.12/site-packages/airflow/example_dags/example_task_group.py took 0.134 seconds
[2025-10-08T08:26:41.022+0000] {processor.py:161} INFO - Started process (PID=2237) to work on /home/airflow/.local/lib/python3.12/site-packages/airflow/example_dags/example_task_group.py
[2025-10-08T08:26:41.024+0000] {processor.py:830} INFO - Processing file /home/airflow/.local/lib/python3.12/site-packages/airflow/example_dags/example_task_group.py for tasks to queue
[2025-10-08T08:26:41.027+0000] {logging_mixin.py:188} INFO - [2025-10-08T08:26:41.027+0000] {dagbag.py:545} INFO - Filling up the DagBag from /home/airflow/.local/lib/python3.12/site-packages/airflow/example_dags/example_task_group.py
[2025-10-08T08:26:41.038+0000] {processor.py:840} INFO - DAG(s) 'example_task_group' retrieved from /home/airflow/.local/lib/python3.12/site-packages/airflow/example_dags/example_task_group.py
[2025-10-08T08:26:41.073+0000] {logging_mixin.py:188} INFO - [2025-10-08T08:26:41.073+0000] {dag.py:3096} INFO - Sync 1 DAGs
[2025-10-08T08:26:41.107+0000] {logging_mixin.py:188} INFO - [2025-10-08T08:26:41.107+0000] {dag.py:3954} INFO - Setting next_dagrun for example_task_group to 2025-10-07 00:00:00+00:00, run_after=2025-10-08 00:00:00+00:00
[2025-10-08T08:26:41.144+0000] {processor.py:183} INFO - Processing /home/airflow/.local/lib/python3.12/site-packages/airflow/example_dags/example_task_group.py took 0.132 seconds
[2025-10-08T08:27:11.631+0000] {processor.py:161} INFO - Started process (PID=2296) to work on /home/airflow/.local/lib/python3.12/site-packages/airflow/example_dags/example_task_group.py
[2025-10-08T08:27:11.633+0000] {processor.py:830} INFO - Processing file /home/airflow/.local/lib/python3.12/site-packages/airflow/example_dags/example_task_group.py for tasks to queue
[2025-10-08T08:27:11.637+0000] {logging_mixin.py:188} INFO - [2025-10-08T08:27:11.636+0000] {dagbag.py:545} INFO - Filling up the DagBag from /home/airflow/.local/lib/python3.12/site-packages/airflow/example_dags/example_task_group.py
[2025-10-08T08:27:11.651+0000] {processor.py:840} INFO - DAG(s) 'example_task_group' retrieved from /home/airflow/.local/lib/python3.12/site-packages/airflow/example_dags/example_task_group.py
[2025-10-08T08:27:11.681+0000] {logging_mixin.py:188} INFO - [2025-10-08T08:27:11.681+0000] {dag.py:3096} INFO - Sync 1 DAGs
[2025-10-08T08:27:11.713+0000] {logging_mixin.py:188} INFO - [2025-10-08T08:27:11.712+0000] {dag.py:3954} INFO - Setting next_dagrun for example_task_group to 2025-10-07 00:00:00+00:00, run_after=2025-10-08 00:00:00+00:00
[2025-10-08T08:27:11.742+0000] {processor.py:183} INFO - Processing /home/airflow/.local/lib/python3.12/site-packages/airflow/example_dags/example_task_group.py took 0.123 seconds
[2025-10-08T08:27:42.633+0000] {processor.py:161} INFO - Started process (PID=2353) to work on /home/airflow/.local/lib/python3.12/site-packages/airflow/example_dags/example_task_group.py
[2025-10-08T08:27:42.658+0000] {processor.py:830} INFO - Processing file /home/airflow/.local/lib/python3.12/site-packages/airflow/example_dags/example_task_group.py for tasks to queue
[2025-10-08T08:27:42.674+0000] {logging_mixin.py:188} INFO - [2025-10-08T08:27:42.673+0000] {dagbag.py:545} INFO - Filling up the DagBag from /home/airflow/.local/lib/python3.12/site-packages/airflow/example_dags/example_task_group.py
[2025-10-08T08:27:42.700+0000] {processor.py:840} INFO - DAG(s) 'example_task_group' retrieved from /home/airflow/.local/lib/python3.12/site-packages/airflow/example_dags/example_task_group.py
[2025-10-08T08:27:42.756+0000] {logging_mixin.py:188} INFO - [2025-10-08T08:27:42.755+0000] {dag.py:3096} INFO - Sync 1 DAGs
[2025-10-08T08:27:42.820+0000] {logging_mixin.py:188} INFO - [2025-10-08T08:27:42.819+0000] {dag.py:3954} INFO - Setting next_dagrun for example_task_group to 2025-10-07 00:00:00+00:00, run_after=2025-10-08 00:00:00+00:00
[2025-10-08T08:27:42.879+0000] {processor.py:183} INFO - Processing /home/airflow/.local/lib/python3.12/site-packages/airflow/example_dags/example_task_group.py took 0.269 seconds
[2025-10-08T08:28:13.219+0000] {processor.py:161} INFO - Started process (PID=2412) to work on /home/airflow/.local/lib/python3.12/site-packages/airflow/example_dags/example_task_group.py
[2025-10-08T08:28:13.221+0000] {processor.py:830} INFO - Processing file /home/airflow/.local/lib/python3.12/site-packages/airflow/example_dags/example_task_group.py for tasks to queue
[2025-10-08T08:28:13.224+0000] {logging_mixin.py:188} INFO - [2025-10-08T08:28:13.223+0000] {dagbag.py:545} INFO - Filling up the DagBag from /home/airflow/.local/lib/python3.12/site-packages/airflow/example_dags/example_task_group.py
[2025-10-08T08:28:13.235+0000] {processor.py:840} INFO - DAG(s) 'example_task_group' retrieved from /home/airflow/.local/lib/python3.12/site-packages/airflow/example_dags/example_task_group.py
[2025-10-08T08:28:13.278+0000] {logging_mixin.py:188} INFO - [2025-10-08T08:28:13.277+0000] {dag.py:3096} INFO - Sync 1 DAGs
[2025-10-08T08:28:13.322+0000] {logging_mixin.py:188} INFO - [2025-10-08T08:28:13.322+0000] {dag.py:3954} INFO - Setting next_dagrun for example_task_group to 2025-10-07 00:00:00+00:00, run_after=2025-10-08 00:00:00+00:00
[2025-10-08T08:28:13.358+0000] {processor.py:183} INFO - Processing /home/airflow/.local/lib/python3.12/site-packages/airflow/example_dags/example_task_group.py took 0.148 seconds
[2025-10-08T08:28:43.671+0000] {processor.py:161} INFO - Started process (PID=2471) to work on /home/airflow/.local/lib/python3.12/site-packages/airflow/example_dags/example_task_group.py
[2025-10-08T08:28:43.673+0000] {processor.py:830} INFO - Processing file /home/airflow/.local/lib/python3.12/site-packages/airflow/example_dags/example_task_group.py for tasks to queue
[2025-10-08T08:28:43.677+0000] {logging_mixin.py:188} INFO - [2025-10-08T08:28:43.676+0000] {dagbag.py:545} INFO - Filling up the DagBag from /home/airflow/.local/lib/python3.12/site-packages/airflow/example_dags/example_task_group.py
[2025-10-08T08:28:43.689+0000] {processor.py:840} INFO - DAG(s) 'example_task_group' retrieved from /home/airflow/.local/lib/python3.12/site-packages/airflow/example_dags/example_task_group.py
[2025-10-08T08:28:43.722+0000] {logging_mixin.py:188} INFO - [2025-10-08T08:28:43.722+0000] {dag.py:3096} INFO - Sync 1 DAGs
[2025-10-08T08:28:43.754+0000] {logging_mixin.py:188} INFO - [2025-10-08T08:28:43.753+0000] {dag.py:3954} INFO - Setting next_dagrun for example_task_group to 2025-10-07 00:00:00+00:00, run_after=2025-10-08 00:00:00+00:00
[2025-10-08T08:28:43.782+0000] {processor.py:183} INFO - Processing /home/airflow/.local/lib/python3.12/site-packages/airflow/example_dags/example_task_group.py took 0.120 seconds
[2025-10-08T08:29:13.963+0000] {processor.py:161} INFO - Started process (PID=2530) to work on /home/airflow/.local/lib/python3.12/site-packages/airflow/example_dags/example_task_group.py
[2025-10-08T08:29:13.966+0000] {processor.py:830} INFO - Processing file /home/airflow/.local/lib/python3.12/site-packages/airflow/example_dags/example_task_group.py for tasks to queue
[2025-10-08T08:29:13.972+0000] {logging_mixin.py:188} INFO - [2025-10-08T08:29:13.971+0000] {dagbag.py:545} INFO - Filling up the DagBag from /home/airflow/.local/lib/python3.12/site-packages/airflow/example_dags/example_task_group.py
[2025-10-08T08:29:13.992+0000] {processor.py:840} INFO - DAG(s) 'example_task_group' retrieved from /home/airflow/.local/lib/python3.12/site-packages/airflow/example_dags/example_task_group.py
[2025-10-08T08:29:14.043+0000] {logging_mixin.py:188} INFO - [2025-10-08T08:29:14.042+0000] {dag.py:3096} INFO - Sync 1 DAGs
[2025-10-08T08:29:14.072+0000] {logging_mixin.py:188} INFO - [2025-10-08T08:29:14.072+0000] {dag.py:3954} INFO - Setting next_dagrun for example_task_group to 2025-10-07 00:00:00+00:00, run_after=2025-10-08 00:00:00+00:00
[2025-10-08T08:29:14.125+0000] {processor.py:183} INFO - Processing /home/airflow/.local/lib/python3.12/site-packages/airflow/example_dags/example_task_group.py took 0.176 seconds
[2025-10-08T08:29:44.273+0000] {processor.py:161} INFO - Started process (PID=2589) to work on /home/airflow/.local/lib/python3.12/site-packages/airflow/example_dags/example_task_group.py
[2025-10-08T08:29:44.276+0000] {processor.py:830} INFO - Processing file /home/airflow/.local/lib/python3.12/site-packages/airflow/example_dags/example_task_group.py for tasks to queue
[2025-10-08T08:29:44.279+0000] {logging_mixin.py:188} INFO - [2025-10-08T08:29:44.278+0000] {dagbag.py:545} INFO - Filling up the DagBag from /home/airflow/.local/lib/python3.12/site-packages/airflow/example_dags/example_task_group.py
[2025-10-08T08:29:44.292+0000] {processor.py:840} INFO - DAG(s) 'example_task_group' retrieved from /home/airflow/.local/lib/python3.12/site-packages/airflow/example_dags/example_task_group.py
[2025-10-08T08:29:44.329+0000] {logging_mixin.py:188} INFO - [2025-10-08T08:29:44.328+0000] {dag.py:3096} INFO - Sync 1 DAGs
[2025-10-08T08:29:44.367+0000] {logging_mixin.py:188} INFO - [2025-10-08T08:29:44.366+0000] {dag.py:3954} INFO - Setting next_dagrun for example_task_group to 2025-10-07 00:00:00+00:00, run_after=2025-10-08 00:00:00+00:00
[2025-10-08T08:29:44.416+0000] {processor.py:183} INFO - Processing /home/airflow/.local/lib/python3.12/site-packages/airflow/example_dags/example_task_group.py took 0.154 seconds
[2025-10-08T08:33:03.897+0000] {processor.py:161} INFO - Started process (PID=2666) to work on /home/airflow/.local/lib/python3.12/site-packages/airflow/example_dags/example_task_group.py
[2025-10-08T08:33:03.901+0000] {processor.py:830} INFO - Processing file /home/airflow/.local/lib/python3.12/site-packages/airflow/example_dags/example_task_group.py for tasks to queue
[2025-10-08T08:33:03.905+0000] {logging_mixin.py:188} INFO - [2025-10-08T08:33:03.904+0000] {dagbag.py:545} INFO - Filling up the DagBag from /home/airflow/.local/lib/python3.12/site-packages/airflow/example_dags/example_task_group.py
[2025-10-08T08:33:03.916+0000] {processor.py:840} INFO - DAG(s) 'example_task_group' retrieved from /home/airflow/.local/lib/python3.12/site-packages/airflow/example_dags/example_task_group.py
[2025-10-08T08:33:03.943+0000] {logging_mixin.py:188} INFO - [2025-10-08T08:33:03.942+0000] {dag.py:3096} INFO - Sync 1 DAGs
[2025-10-08T08:33:03.969+0000] {logging_mixin.py:188} INFO - [2025-10-08T08:33:03.969+0000] {dag.py:3954} INFO - Setting next_dagrun for example_task_group to 2025-10-07 00:00:00+00:00, run_after=2025-10-08 00:00:00+00:00
[2025-10-08T08:33:03.995+0000] {processor.py:183} INFO - Processing /home/airflow/.local/lib/python3.12/site-packages/airflow/example_dags/example_task_group.py took 0.105 seconds
[2025-10-08T08:33:34.612+0000] {processor.py:161} INFO - Started process (PID=2725) to work on /home/airflow/.local/lib/python3.12/site-packages/airflow/example_dags/example_task_group.py
[2025-10-08T08:33:34.613+0000] {processor.py:830} INFO - Processing file /home/airflow/.local/lib/python3.12/site-packages/airflow/example_dags/example_task_group.py for tasks to queue
[2025-10-08T08:33:34.615+0000] {logging_mixin.py:188} INFO - [2025-10-08T08:33:34.615+0000] {dagbag.py:545} INFO - Filling up the DagBag from /home/airflow/.local/lib/python3.12/site-packages/airflow/example_dags/example_task_group.py
[2025-10-08T08:33:34.622+0000] {processor.py:840} INFO - DAG(s) 'example_task_group' retrieved from /home/airflow/.local/lib/python3.12/site-packages/airflow/example_dags/example_task_group.py
[2025-10-08T08:33:34.642+0000] {logging_mixin.py:188} INFO - [2025-10-08T08:33:34.641+0000] {dag.py:3096} INFO - Sync 1 DAGs
[2025-10-08T08:33:34.662+0000] {logging_mixin.py:188} INFO - [2025-10-08T08:33:34.662+0000] {dag.py:3954} INFO - Setting next_dagrun for example_task_group to 2025-10-07 00:00:00+00:00, run_after=2025-10-08 00:00:00+00:00
[2025-10-08T08:33:34.680+0000] {processor.py:183} INFO - Processing /home/airflow/.local/lib/python3.12/site-packages/airflow/example_dags/example_task_group.py took 0.074 seconds
[2025-10-08T08:34:05.248+0000] {processor.py:161} INFO - Started process (PID=2784) to work on /home/airflow/.local/lib/python3.12/site-packages/airflow/example_dags/example_task_group.py
[2025-10-08T08:34:05.250+0000] {processor.py:830} INFO - Processing file /home/airflow/.local/lib/python3.12/site-packages/airflow/example_dags/example_task_group.py for tasks to queue
[2025-10-08T08:34:05.252+0000] {logging_mixin.py:188} INFO - [2025-10-08T08:34:05.251+0000] {dagbag.py:545} INFO - Filling up the DagBag from /home/airflow/.local/lib/python3.12/site-packages/airflow/example_dags/example_task_group.py
[2025-10-08T08:34:05.259+0000] {processor.py:840} INFO - DAG(s) 'example_task_group' retrieved from /home/airflow/.local/lib/python3.12/site-packages/airflow/example_dags/example_task_group.py
[2025-10-08T08:34:05.281+0000] {logging_mixin.py:188} INFO - [2025-10-08T08:34:05.280+0000] {dag.py:3096} INFO - Sync 1 DAGs
[2025-10-08T08:34:05.302+0000] {logging_mixin.py:188} INFO - [2025-10-08T08:34:05.302+0000] {dag.py:3954} INFO - Setting next_dagrun for example_task_group to 2025-10-07 00:00:00+00:00, run_after=2025-10-08 00:00:00+00:00
[2025-10-08T08:34:05.323+0000] {processor.py:183} INFO - Processing /home/airflow/.local/lib/python3.12/site-packages/airflow/example_dags/example_task_group.py took 0.080 seconds
[2025-10-08T08:34:36.239+0000] {processor.py:161} INFO - Started process (PID=2843) to work on /home/airflow/.local/lib/python3.12/site-packages/airflow/example_dags/example_task_group.py
[2025-10-08T08:34:36.241+0000] {processor.py:830} INFO - Processing file /home/airflow/.local/lib/python3.12/site-packages/airflow/example_dags/example_task_group.py for tasks to queue
[2025-10-08T08:34:36.246+0000] {logging_mixin.py:188} INFO - [2025-10-08T08:34:36.245+0000] {dagbag.py:545} INFO - Filling up the DagBag from /home/airflow/.local/lib/python3.12/site-packages/airflow/example_dags/example_task_group.py
[2025-10-08T08:34:36.260+0000] {processor.py:840} INFO - DAG(s) 'example_task_group' retrieved from /home/airflow/.local/lib/python3.12/site-packages/airflow/example_dags/example_task_group.py
[2025-10-08T08:34:36.290+0000] {logging_mixin.py:188} INFO - [2025-10-08T08:34:36.290+0000] {dag.py:3096} INFO - Sync 1 DAGs
[2025-10-08T08:34:36.317+0000] {logging_mixin.py:188} INFO - [2025-10-08T08:34:36.316+0000] {dag.py:3954} INFO - Setting next_dagrun for example_task_group to 2025-10-07 00:00:00+00:00, run_after=2025-10-08 00:00:00+00:00
[2025-10-08T08:34:36.341+0000] {processor.py:183} INFO - Processing /home/airflow/.local/lib/python3.12/site-packages/airflow/example_dags/example_task_group.py took 0.115 seconds
[2025-10-08T08:35:06.971+0000] {processor.py:161} INFO - Started process (PID=2902) to work on /home/airflow/.local/lib/python3.12/site-packages/airflow/example_dags/example_task_group.py
[2025-10-08T08:35:06.974+0000] {processor.py:830} INFO - Processing file /home/airflow/.local/lib/python3.12/site-packages/airflow/example_dags/example_task_group.py for tasks to queue
[2025-10-08T08:35:06.980+0000] {logging_mixin.py:188} INFO - [2025-10-08T08:35:06.979+0000] {dagbag.py:545} INFO - Filling up the DagBag from /home/airflow/.local/lib/python3.12/site-packages/airflow/example_dags/example_task_group.py
[2025-10-08T08:35:06.999+0000] {processor.py:840} INFO - DAG(s) 'example_task_group' retrieved from /home/airflow/.local/lib/python3.12/site-packages/airflow/example_dags/example_task_group.py
[2025-10-08T08:35:07.044+0000] {logging_mixin.py:188} INFO - [2025-10-08T08:35:07.043+0000] {dag.py:3096} INFO - Sync 1 DAGs
[2025-10-08T08:35:07.079+0000] {logging_mixin.py:188} INFO - [2025-10-08T08:35:07.079+0000] {dag.py:3954} INFO - Setting next_dagrun for example_task_group to 2025-10-07 00:00:00+00:00, run_after=2025-10-08 00:00:00+00:00
[2025-10-08T08:35:07.118+0000] {processor.py:183} INFO - Processing /home/airflow/.local/lib/python3.12/site-packages/airflow/example_dags/example_task_group.py took 0.162 seconds
[2025-10-08T08:35:37.271+0000] {processor.py:161} INFO - Started process (PID=2961) to work on /home/airflow/.local/lib/python3.12/site-packages/airflow/example_dags/example_task_group.py
[2025-10-08T08:35:37.273+0000] {processor.py:830} INFO - Processing file /home/airflow/.local/lib/python3.12/site-packages/airflow/example_dags/example_task_group.py for tasks to queue
[2025-10-08T08:35:37.275+0000] {logging_mixin.py:188} INFO - [2025-10-08T08:35:37.275+0000] {dagbag.py:545} INFO - Filling up the DagBag from /home/airflow/.local/lib/python3.12/site-packages/airflow/example_dags/example_task_group.py
[2025-10-08T08:35:37.284+0000] {processor.py:840} INFO - DAG(s) 'example_task_group' retrieved from /home/airflow/.local/lib/python3.12/site-packages/airflow/example_dags/example_task_group.py
[2025-10-08T08:35:37.313+0000] {logging_mixin.py:188} INFO - [2025-10-08T08:35:37.313+0000] {dag.py:3096} INFO - Sync 1 DAGs
[2025-10-08T08:35:37.338+0000] {logging_mixin.py:188} INFO - [2025-10-08T08:35:37.338+0000] {dag.py:3954} INFO - Setting next_dagrun for example_task_group to 2025-10-07 00:00:00+00:00, run_after=2025-10-08 00:00:00+00:00
[2025-10-08T08:35:37.365+0000] {processor.py:183} INFO - Processing /home/airflow/.local/lib/python3.12/site-packages/airflow/example_dags/example_task_group.py took 0.100 seconds
[2025-10-08T08:36:07.791+0000] {processor.py:161} INFO - Started process (PID=3020) to work on /home/airflow/.local/lib/python3.12/site-packages/airflow/example_dags/example_task_group.py
[2025-10-08T08:36:07.792+0000] {processor.py:830} INFO - Processing file /home/airflow/.local/lib/python3.12/site-packages/airflow/example_dags/example_task_group.py for tasks to queue
[2025-10-08T08:36:07.796+0000] {logging_mixin.py:188} INFO - [2025-10-08T08:36:07.795+0000] {dagbag.py:545} INFO - Filling up the DagBag from /home/airflow/.local/lib/python3.12/site-packages/airflow/example_dags/example_task_group.py
[2025-10-08T08:36:07.806+0000] {processor.py:840} INFO - DAG(s) 'example_task_group' retrieved from /home/airflow/.local/lib/python3.12/site-packages/airflow/example_dags/example_task_group.py
[2025-10-08T08:36:07.832+0000] {logging_mixin.py:188} INFO - [2025-10-08T08:36:07.831+0000] {dag.py:3096} INFO - Sync 1 DAGs
[2025-10-08T08:36:07.856+0000] {logging_mixin.py:188} INFO - [2025-10-08T08:36:07.856+0000] {dag.py:3954} INFO - Setting next_dagrun for example_task_group to 2025-10-07 00:00:00+00:00, run_after=2025-10-08 00:00:00+00:00
[2025-10-08T08:36:07.879+0000] {processor.py:183} INFO - Processing /home/airflow/.local/lib/python3.12/site-packages/airflow/example_dags/example_task_group.py took 0.095 seconds
[2025-10-08T08:36:38.087+0000] {processor.py:161} INFO - Started process (PID=3079) to work on /home/airflow/.local/lib/python3.12/site-packages/airflow/example_dags/example_task_group.py
[2025-10-08T08:36:38.098+0000] {processor.py:830} INFO - Processing file /home/airflow/.local/lib/python3.12/site-packages/airflow/example_dags/example_task_group.py for tasks to queue
[2025-10-08T08:36:38.102+0000] {logging_mixin.py:188} INFO - [2025-10-08T08:36:38.101+0000] {dagbag.py:545} INFO - Filling up the DagBag from /home/airflow/.local/lib/python3.12/site-packages/airflow/example_dags/example_task_group.py
[2025-10-08T08:36:38.117+0000] {processor.py:840} INFO - DAG(s) 'example_task_group' retrieved from /home/airflow/.local/lib/python3.12/site-packages/airflow/example_dags/example_task_group.py
[2025-10-08T08:36:38.159+0000] {logging_mixin.py:188} INFO - [2025-10-08T08:36:38.159+0000] {dag.py:3096} INFO - Sync 1 DAGs
[2025-10-08T08:36:38.199+0000] {logging_mixin.py:188} INFO - [2025-10-08T08:36:38.199+0000] {dag.py:3954} INFO - Setting next_dagrun for example_task_group to 2025-10-07 00:00:00+00:00, run_after=2025-10-08 00:00:00+00:00
[2025-10-08T08:36:38.239+0000] {processor.py:183} INFO - Processing /home/airflow/.local/lib/python3.12/site-packages/airflow/example_dags/example_task_group.py took 0.163 seconds
[2025-10-08T08:37:08.953+0000] {processor.py:161} INFO - Started process (PID=3138) to work on /home/airflow/.local/lib/python3.12/site-packages/airflow/example_dags/example_task_group.py
[2025-10-08T08:37:08.955+0000] {processor.py:830} INFO - Processing file /home/airflow/.local/lib/python3.12/site-packages/airflow/example_dags/example_task_group.py for tasks to queue
[2025-10-08T08:37:08.958+0000] {logging_mixin.py:188} INFO - [2025-10-08T08:37:08.958+0000] {dagbag.py:545} INFO - Filling up the DagBag from /home/airflow/.local/lib/python3.12/site-packages/airflow/example_dags/example_task_group.py
[2025-10-08T08:37:08.971+0000] {processor.py:840} INFO - DAG(s) 'example_task_group' retrieved from /home/airflow/.local/lib/python3.12/site-packages/airflow/example_dags/example_task_group.py
[2025-10-08T08:37:09.006+0000] {logging_mixin.py:188} INFO - [2025-10-08T08:37:09.006+0000] {dag.py:3096} INFO - Sync 1 DAGs
[2025-10-08T08:37:09.036+0000] {logging_mixin.py:188} INFO - [2025-10-08T08:37:09.035+0000] {dag.py:3954} INFO - Setting next_dagrun for example_task_group to 2025-10-07 00:00:00+00:00, run_after=2025-10-08 00:00:00+00:00
[2025-10-08T08:37:09.066+0000] {processor.py:183} INFO - Processing /home/airflow/.local/lib/python3.12/site-packages/airflow/example_dags/example_task_group.py took 0.123 seconds
[2025-10-08T08:37:39.228+0000] {processor.py:161} INFO - Started process (PID=3197) to work on /home/airflow/.local/lib/python3.12/site-packages/airflow/example_dags/example_task_group.py
[2025-10-08T08:37:39.229+0000] {processor.py:830} INFO - Processing file /home/airflow/.local/lib/python3.12/site-packages/airflow/example_dags/example_task_group.py for tasks to queue
[2025-10-08T08:37:39.232+0000] {logging_mixin.py:188} INFO - [2025-10-08T08:37:39.231+0000] {dagbag.py:545} INFO - Filling up the DagBag from /home/airflow/.local/lib/python3.12/site-packages/airflow/example_dags/example_task_group.py
[2025-10-08T08:37:39.241+0000] {processor.py:840} INFO - DAG(s) 'example_task_group' retrieved from /home/airflow/.local/lib/python3.12/site-packages/airflow/example_dags/example_task_group.py
[2025-10-08T08:37:39.270+0000] {logging_mixin.py:188} INFO - [2025-10-08T08:37:39.270+0000] {dag.py:3096} INFO - Sync 1 DAGs
[2025-10-08T08:37:39.305+0000] {logging_mixin.py:188} INFO - [2025-10-08T08:37:39.305+0000] {dag.py:3954} INFO - Setting next_dagrun for example_task_group to 2025-10-07 00:00:00+00:00, run_after=2025-10-08 00:00:00+00:00
[2025-10-08T08:37:39.330+0000] {processor.py:183} INFO - Processing /home/airflow/.local/lib/python3.12/site-packages/airflow/example_dags/example_task_group.py took 0.109 seconds
[2025-10-08T08:38:09.743+0000] {processor.py:161} INFO - Started process (PID=3256) to work on /home/airflow/.local/lib/python3.12/site-packages/airflow/example_dags/example_task_group.py
[2025-10-08T08:38:09.744+0000] {processor.py:830} INFO - Processing file /home/airflow/.local/lib/python3.12/site-packages/airflow/example_dags/example_task_group.py for tasks to queue
[2025-10-08T08:38:09.748+0000] {logging_mixin.py:188} INFO - [2025-10-08T08:38:09.747+0000] {dagbag.py:545} INFO - Filling up the DagBag from /home/airflow/.local/lib/python3.12/site-packages/airflow/example_dags/example_task_group.py
[2025-10-08T08:38:09.761+0000] {processor.py:840} INFO - DAG(s) 'example_task_group' retrieved from /home/airflow/.local/lib/python3.12/site-packages/airflow/example_dags/example_task_group.py
[2025-10-08T08:38:09.806+0000] {logging_mixin.py:188} INFO - [2025-10-08T08:38:09.806+0000] {dag.py:3096} INFO - Sync 1 DAGs
[2025-10-08T08:38:09.896+0000] {logging_mixin.py:188} INFO - [2025-10-08T08:38:09.895+0000] {dag.py:3954} INFO - Setting next_dagrun for example_task_group to 2025-10-07 00:00:00+00:00, run_after=2025-10-08 00:00:00+00:00
[2025-10-08T08:38:09.981+0000] {processor.py:183} INFO - Processing /home/airflow/.local/lib/python3.12/site-packages/airflow/example_dags/example_task_group.py took 0.238 seconds
[2025-10-08T08:38:41.128+0000] {processor.py:161} INFO - Started process (PID=3315) to work on /home/airflow/.local/lib/python3.12/site-packages/airflow/example_dags/example_task_group.py
[2025-10-08T08:38:41.130+0000] {processor.py:830} INFO - Processing file /home/airflow/.local/lib/python3.12/site-packages/airflow/example_dags/example_task_group.py for tasks to queue
[2025-10-08T08:38:41.133+0000] {logging_mixin.py:188} INFO - [2025-10-08T08:38:41.133+0000] {dagbag.py:545} INFO - Filling up the DagBag from /home/airflow/.local/lib/python3.12/site-packages/airflow/example_dags/example_task_group.py
[2025-10-08T08:38:41.143+0000] {processor.py:840} INFO - DAG(s) 'example_task_group' retrieved from /home/airflow/.local/lib/python3.12/site-packages/airflow/example_dags/example_task_group.py
[2025-10-08T08:38:41.173+0000] {logging_mixin.py:188} INFO - [2025-10-08T08:38:41.173+0000] {dag.py:3096} INFO - Sync 1 DAGs
[2025-10-08T08:38:41.199+0000] {logging_mixin.py:188} INFO - [2025-10-08T08:38:41.199+0000] {dag.py:3954} INFO - Setting next_dagrun for example_task_group to 2025-10-07 00:00:00+00:00, run_after=2025-10-08 00:00:00+00:00
[2025-10-08T08:38:41.225+0000] {processor.py:183} INFO - Processing /home/airflow/.local/lib/python3.12/site-packages/airflow/example_dags/example_task_group.py took 0.107 seconds
[2025-10-08T08:39:12.253+0000] {processor.py:161} INFO - Started process (PID=3375) to work on /home/airflow/.local/lib/python3.12/site-packages/airflow/example_dags/example_task_group.py
[2025-10-08T08:39:12.255+0000] {processor.py:830} INFO - Processing file /home/airflow/.local/lib/python3.12/site-packages/airflow/example_dags/example_task_group.py for tasks to queue
[2025-10-08T08:39:12.259+0000] {logging_mixin.py:188} INFO - [2025-10-08T08:39:12.258+0000] {dagbag.py:545} INFO - Filling up the DagBag from /home/airflow/.local/lib/python3.12/site-packages/airflow/example_dags/example_task_group.py
[2025-10-08T08:39:12.274+0000] {processor.py:840} INFO - DAG(s) 'example_task_group' retrieved from /home/airflow/.local/lib/python3.12/site-packages/airflow/example_dags/example_task_group.py
[2025-10-08T08:39:12.317+0000] {logging_mixin.py:188} INFO - [2025-10-08T08:39:12.316+0000] {dag.py:3096} INFO - Sync 1 DAGs
[2025-10-08T08:39:12.348+0000] {logging_mixin.py:188} INFO - [2025-10-08T08:39:12.348+0000] {dag.py:3954} INFO - Setting next_dagrun for example_task_group to 2025-10-07 00:00:00+00:00, run_after=2025-10-08 00:00:00+00:00
[2025-10-08T08:39:12.373+0000] {processor.py:183} INFO - Processing /home/airflow/.local/lib/python3.12/site-packages/airflow/example_dags/example_task_group.py took 0.131 seconds
[2025-10-08T08:39:42.612+0000] {processor.py:161} INFO - Started process (PID=3440) to work on /home/airflow/.local/lib/python3.12/site-packages/airflow/example_dags/example_task_group.py
[2025-10-08T08:39:42.613+0000] {processor.py:830} INFO - Processing file /home/airflow/.local/lib/python3.12/site-packages/airflow/example_dags/example_task_group.py for tasks to queue
[2025-10-08T08:39:42.617+0000] {logging_mixin.py:188} INFO - [2025-10-08T08:39:42.616+0000] {dagbag.py:545} INFO - Filling up the DagBag from /home/airflow/.local/lib/python3.12/site-packages/airflow/example_dags/example_task_group.py
[2025-10-08T08:39:42.626+0000] {processor.py:840} INFO - DAG(s) 'example_task_group' retrieved from /home/airflow/.local/lib/python3.12/site-packages/airflow/example_dags/example_task_group.py
[2025-10-08T08:39:42.656+0000] {logging_mixin.py:188} INFO - [2025-10-08T08:39:42.656+0000] {dag.py:3096} INFO - Sync 1 DAGs
[2025-10-08T08:39:42.687+0000] {logging_mixin.py:188} INFO - [2025-10-08T08:39:42.687+0000] {dag.py:3954} INFO - Setting next_dagrun for example_task_group to 2025-10-07 00:00:00+00:00, run_after=2025-10-08 00:00:00+00:00
[2025-10-08T08:39:42.716+0000] {processor.py:183} INFO - Processing /home/airflow/.local/lib/python3.12/site-packages/airflow/example_dags/example_task_group.py took 0.112 seconds
[2025-10-08T08:40:12.977+0000] {processor.py:161} INFO - Started process (PID=3499) to work on /home/airflow/.local/lib/python3.12/site-packages/airflow/example_dags/example_task_group.py
[2025-10-08T08:40:12.979+0000] {processor.py:830} INFO - Processing file /home/airflow/.local/lib/python3.12/site-packages/airflow/example_dags/example_task_group.py for tasks to queue
[2025-10-08T08:40:12.983+0000] {logging_mixin.py:188} INFO - [2025-10-08T08:40:12.982+0000] {dagbag.py:545} INFO - Filling up the DagBag from /home/airflow/.local/lib/python3.12/site-packages/airflow/example_dags/example_task_group.py
[2025-10-08T08:40:12.992+0000] {processor.py:840} INFO - DAG(s) 'example_task_group' retrieved from /home/airflow/.local/lib/python3.12/site-packages/airflow/example_dags/example_task_group.py
[2025-10-08T08:40:13.023+0000] {logging_mixin.py:188} INFO - [2025-10-08T08:40:13.023+0000] {dag.py:3096} INFO - Sync 1 DAGs
[2025-10-08T08:40:13.069+0000] {logging_mixin.py:188} INFO - [2025-10-08T08:40:13.069+0000] {dag.py:3954} INFO - Setting next_dagrun for example_task_group to 2025-10-07 00:00:00+00:00, run_after=2025-10-08 00:00:00+00:00
[2025-10-08T08:40:13.096+0000] {processor.py:183} INFO - Processing /home/airflow/.local/lib/python3.12/site-packages/airflow/example_dags/example_task_group.py took 0.130 seconds
[2025-10-08T08:40:43.542+0000] {processor.py:161} INFO - Started process (PID=3564) to work on /home/airflow/.local/lib/python3.12/site-packages/airflow/example_dags/example_task_group.py
[2025-10-08T08:40:43.543+0000] {processor.py:830} INFO - Processing file /home/airflow/.local/lib/python3.12/site-packages/airflow/example_dags/example_task_group.py for tasks to queue
[2025-10-08T08:40:43.546+0000] {logging_mixin.py:188} INFO - [2025-10-08T08:40:43.546+0000] {dagbag.py:545} INFO - Filling up the DagBag from /home/airflow/.local/lib/python3.12/site-packages/airflow/example_dags/example_task_group.py
[2025-10-08T08:40:43.555+0000] {processor.py:840} INFO - DAG(s) 'example_task_group' retrieved from /home/airflow/.local/lib/python3.12/site-packages/airflow/example_dags/example_task_group.py
[2025-10-08T08:40:43.583+0000] {logging_mixin.py:188} INFO - [2025-10-08T08:40:43.583+0000] {dag.py:3096} INFO - Sync 1 DAGs
[2025-10-08T08:40:43.606+0000] {logging_mixin.py:188} INFO - [2025-10-08T08:40:43.606+0000] {dag.py:3954} INFO - Setting next_dagrun for example_task_group to 2025-10-07 00:00:00+00:00, run_after=2025-10-08 00:00:00+00:00
[2025-10-08T08:40:43.632+0000] {processor.py:183} INFO - Processing /home/airflow/.local/lib/python3.12/site-packages/airflow/example_dags/example_task_group.py took 0.096 seconds
[2025-10-08T08:41:13.936+0000] {processor.py:161} INFO - Started process (PID=3623) to work on /home/airflow/.local/lib/python3.12/site-packages/airflow/example_dags/example_task_group.py
[2025-10-08T08:41:13.938+0000] {processor.py:830} INFO - Processing file /home/airflow/.local/lib/python3.12/site-packages/airflow/example_dags/example_task_group.py for tasks to queue
[2025-10-08T08:41:13.942+0000] {logging_mixin.py:188} INFO - [2025-10-08T08:41:13.941+0000] {dagbag.py:545} INFO - Filling up the DagBag from /home/airflow/.local/lib/python3.12/site-packages/airflow/example_dags/example_task_group.py
[2025-10-08T08:41:13.954+0000] {processor.py:840} INFO - DAG(s) 'example_task_group' retrieved from /home/airflow/.local/lib/python3.12/site-packages/airflow/example_dags/example_task_group.py
[2025-10-08T08:41:13.993+0000] {logging_mixin.py:188} INFO - [2025-10-08T08:41:13.993+0000] {dag.py:3096} INFO - Sync 1 DAGs
[2025-10-08T08:41:14.024+0000] {logging_mixin.py:188} INFO - [2025-10-08T08:41:14.024+0000] {dag.py:3954} INFO - Setting next_dagrun for example_task_group to 2025-10-07 00:00:00+00:00, run_after=2025-10-08 00:00:00+00:00
[2025-10-08T08:41:14.055+0000] {processor.py:183} INFO - Processing /home/airflow/.local/lib/python3.12/site-packages/airflow/example_dags/example_task_group.py took 0.128 seconds
[2025-10-08T08:41:44.821+0000] {processor.py:161} INFO - Started process (PID=3682) to work on /home/airflow/.local/lib/python3.12/site-packages/airflow/example_dags/example_task_group.py
[2025-10-08T08:41:44.822+0000] {processor.py:830} INFO - Processing file /home/airflow/.local/lib/python3.12/site-packages/airflow/example_dags/example_task_group.py for tasks to queue
[2025-10-08T08:41:44.825+0000] {logging_mixin.py:188} INFO - [2025-10-08T08:41:44.824+0000] {dagbag.py:545} INFO - Filling up the DagBag from /home/airflow/.local/lib/python3.12/site-packages/airflow/example_dags/example_task_group.py
[2025-10-08T08:41:44.833+0000] {processor.py:840} INFO - DAG(s) 'example_task_group' retrieved from /home/airflow/.local/lib/python3.12/site-packages/airflow/example_dags/example_task_group.py
[2025-10-08T08:41:44.857+0000] {logging_mixin.py:188} INFO - [2025-10-08T08:41:44.857+0000] {dag.py:3096} INFO - Sync 1 DAGs
[2025-10-08T08:41:44.881+0000] {logging_mixin.py:188} INFO - [2025-10-08T08:41:44.881+0000] {dag.py:3954} INFO - Setting next_dagrun for example_task_group to 2025-10-07 00:00:00+00:00, run_after=2025-10-08 00:00:00+00:00
[2025-10-08T08:41:44.907+0000] {processor.py:183} INFO - Processing /home/airflow/.local/lib/python3.12/site-packages/airflow/example_dags/example_task_group.py took 0.092 seconds
[2025-10-08T08:42:15.439+0000] {processor.py:161} INFO - Started process (PID=3741) to work on /home/airflow/.local/lib/python3.12/site-packages/airflow/example_dags/example_task_group.py
[2025-10-08T08:42:15.442+0000] {processor.py:830} INFO - Processing file /home/airflow/.local/lib/python3.12/site-packages/airflow/example_dags/example_task_group.py for tasks to queue
[2025-10-08T08:42:15.445+0000] {logging_mixin.py:188} INFO - [2025-10-08T08:42:15.445+0000] {dagbag.py:545} INFO - Filling up the DagBag from /home/airflow/.local/lib/python3.12/site-packages/airflow/example_dags/example_task_group.py
[2025-10-08T08:42:15.455+0000] {processor.py:840} INFO - DAG(s) 'example_task_group' retrieved from /home/airflow/.local/lib/python3.12/site-packages/airflow/example_dags/example_task_group.py
[2025-10-08T08:42:15.477+0000] {logging_mixin.py:188} INFO - [2025-10-08T08:42:15.477+0000] {dag.py:3096} INFO - Sync 1 DAGs
[2025-10-08T08:42:15.502+0000] {logging_mixin.py:188} INFO - [2025-10-08T08:42:15.502+0000] {dag.py:3954} INFO - Setting next_dagrun for example_task_group to 2025-10-07 00:00:00+00:00, run_after=2025-10-08 00:00:00+00:00
[2025-10-08T08:42:15.526+0000] {processor.py:183} INFO - Processing /home/airflow/.local/lib/python3.12/site-packages/airflow/example_dags/example_task_group.py took 0.094 seconds
[2025-10-08T08:42:45.925+0000] {processor.py:161} INFO - Started process (PID=3800) to work on /home/airflow/.local/lib/python3.12/site-packages/airflow/example_dags/example_task_group.py
[2025-10-08T08:42:45.926+0000] {processor.py:830} INFO - Processing file /home/airflow/.local/lib/python3.12/site-packages/airflow/example_dags/example_task_group.py for tasks to queue
[2025-10-08T08:42:45.929+0000] {logging_mixin.py:188} INFO - [2025-10-08T08:42:45.928+0000] {dagbag.py:545} INFO - Filling up the DagBag from /home/airflow/.local/lib/python3.12/site-packages/airflow/example_dags/example_task_group.py
[2025-10-08T08:42:45.937+0000] {processor.py:840} INFO - DAG(s) 'example_task_group' retrieved from /home/airflow/.local/lib/python3.12/site-packages/airflow/example_dags/example_task_group.py
[2025-10-08T08:42:45.961+0000] {logging_mixin.py:188} INFO - [2025-10-08T08:42:45.961+0000] {dag.py:3096} INFO - Sync 1 DAGs
[2025-10-08T08:42:45.984+0000] {logging_mixin.py:188} INFO - [2025-10-08T08:42:45.984+0000] {dag.py:3954} INFO - Setting next_dagrun for example_task_group to 2025-10-07 00:00:00+00:00, run_after=2025-10-08 00:00:00+00:00
[2025-10-08T08:42:46.010+0000] {processor.py:183} INFO - Processing /home/airflow/.local/lib/python3.12/site-packages/airflow/example_dags/example_task_group.py took 0.092 seconds
[2025-10-08T08:43:17.014+0000] {processor.py:161} INFO - Started process (PID=3859) to work on /home/airflow/.local/lib/python3.12/site-packages/airflow/example_dags/example_task_group.py
[2025-10-08T08:43:17.016+0000] {processor.py:830} INFO - Processing file /home/airflow/.local/lib/python3.12/site-packages/airflow/example_dags/example_task_group.py for tasks to queue
[2025-10-08T08:43:17.018+0000] {logging_mixin.py:188} INFO - [2025-10-08T08:43:17.018+0000] {dagbag.py:545} INFO - Filling up the DagBag from /home/airflow/.local/lib/python3.12/site-packages/airflow/example_dags/example_task_group.py
[2025-10-08T08:43:17.030+0000] {processor.py:840} INFO - DAG(s) 'example_task_group' retrieved from /home/airflow/.local/lib/python3.12/site-packages/airflow/example_dags/example_task_group.py
[2025-10-08T08:43:17.059+0000] {logging_mixin.py:188} INFO - [2025-10-08T08:43:17.058+0000] {dag.py:3096} INFO - Sync 1 DAGs
[2025-10-08T08:43:17.094+0000] {logging_mixin.py:188} INFO - [2025-10-08T08:43:17.093+0000] {dag.py:3954} INFO - Setting next_dagrun for example_task_group to 2025-10-07 00:00:00+00:00, run_after=2025-10-08 00:00:00+00:00
[2025-10-08T08:43:17.140+0000] {processor.py:183} INFO - Processing /home/airflow/.local/lib/python3.12/site-packages/airflow/example_dags/example_task_group.py took 0.133 seconds
[2025-10-08T08:43:47.267+0000] {processor.py:161} INFO - Started process (PID=3918) to work on /home/airflow/.local/lib/python3.12/site-packages/airflow/example_dags/example_task_group.py
[2025-10-08T08:43:47.269+0000] {processor.py:830} INFO - Processing file /home/airflow/.local/lib/python3.12/site-packages/airflow/example_dags/example_task_group.py for tasks to queue
[2025-10-08T08:43:47.271+0000] {logging_mixin.py:188} INFO - [2025-10-08T08:43:47.271+0000] {dagbag.py:545} INFO - Filling up the DagBag from /home/airflow/.local/lib/python3.12/site-packages/airflow/example_dags/example_task_group.py
[2025-10-08T08:43:47.281+0000] {processor.py:840} INFO - DAG(s) 'example_task_group' retrieved from /home/airflow/.local/lib/python3.12/site-packages/airflow/example_dags/example_task_group.py
[2025-10-08T08:43:47.310+0000] {logging_mixin.py:188} INFO - [2025-10-08T08:43:47.309+0000] {dag.py:3096} INFO - Sync 1 DAGs
[2025-10-08T08:43:47.338+0000] {logging_mixin.py:188} INFO - [2025-10-08T08:43:47.338+0000] {dag.py:3954} INFO - Setting next_dagrun for example_task_group to 2025-10-07 00:00:00+00:00, run_after=2025-10-08 00:00:00+00:00
[2025-10-08T08:43:47.367+0000] {processor.py:183} INFO - Processing /home/airflow/.local/lib/python3.12/site-packages/airflow/example_dags/example_task_group.py took 0.109 seconds
[2025-10-08T08:44:17.994+0000] {processor.py:161} INFO - Started process (PID=3977) to work on /home/airflow/.local/lib/python3.12/site-packages/airflow/example_dags/example_task_group.py
[2025-10-08T08:44:17.996+0000] {processor.py:830} INFO - Processing file /home/airflow/.local/lib/python3.12/site-packages/airflow/example_dags/example_task_group.py for tasks to queue
[2025-10-08T08:44:17.999+0000] {logging_mixin.py:188} INFO - [2025-10-08T08:44:17.999+0000] {dagbag.py:545} INFO - Filling up the DagBag from /home/airflow/.local/lib/python3.12/site-packages/airflow/example_dags/example_task_group.py
[2025-10-08T08:44:18.008+0000] {processor.py:840} INFO - DAG(s) 'example_task_group' retrieved from /home/airflow/.local/lib/python3.12/site-packages/airflow/example_dags/example_task_group.py
[2025-10-08T08:44:18.052+0000] {logging_mixin.py:188} INFO - [2025-10-08T08:44:18.051+0000] {dag.py:3096} INFO - Sync 1 DAGs
[2025-10-08T08:44:18.092+0000] {logging_mixin.py:188} INFO - [2025-10-08T08:44:18.091+0000] {dag.py:3954} INFO - Setting next_dagrun for example_task_group to 2025-10-07 00:00:00+00:00, run_after=2025-10-08 00:00:00+00:00
[2025-10-08T08:44:18.124+0000] {processor.py:183} INFO - Processing /home/airflow/.local/lib/python3.12/site-packages/airflow/example_dags/example_task_group.py took 0.137 seconds
[2025-10-08T08:44:48.229+0000] {processor.py:161} INFO - Started process (PID=4036) to work on /home/airflow/.local/lib/python3.12/site-packages/airflow/example_dags/example_task_group.py
[2025-10-08T08:44:48.232+0000] {processor.py:830} INFO - Processing file /home/airflow/.local/lib/python3.12/site-packages/airflow/example_dags/example_task_group.py for tasks to queue
[2025-10-08T08:44:48.234+0000] {logging_mixin.py:188} INFO - [2025-10-08T08:44:48.234+0000] {dagbag.py:545} INFO - Filling up the DagBag from /home/airflow/.local/lib/python3.12/site-packages/airflow/example_dags/example_task_group.py
[2025-10-08T08:44:48.244+0000] {processor.py:840} INFO - DAG(s) 'example_task_group' retrieved from /home/airflow/.local/lib/python3.12/site-packages/airflow/example_dags/example_task_group.py
[2025-10-08T08:44:48.266+0000] {logging_mixin.py:188} INFO - [2025-10-08T08:44:48.266+0000] {dag.py:3096} INFO - Sync 1 DAGs
[2025-10-08T08:44:48.290+0000] {logging_mixin.py:188} INFO - [2025-10-08T08:44:48.290+0000] {dag.py:3954} INFO - Setting next_dagrun for example_task_group to 2025-10-07 00:00:00+00:00, run_after=2025-10-08 00:00:00+00:00
[2025-10-08T08:44:48.310+0000] {processor.py:183} INFO - Processing /home/airflow/.local/lib/python3.12/site-packages/airflow/example_dags/example_task_group.py took 0.096 seconds
[2025-10-08T08:45:18.437+0000] {processor.py:161} INFO - Started process (PID=4095) to work on /home/airflow/.local/lib/python3.12/site-packages/airflow/example_dags/example_task_group.py
[2025-10-08T08:45:18.440+0000] {processor.py:830} INFO - Processing file /home/airflow/.local/lib/python3.12/site-packages/airflow/example_dags/example_task_group.py for tasks to queue
[2025-10-08T08:45:18.444+0000] {logging_mixin.py:188} INFO - [2025-10-08T08:45:18.443+0000] {dagbag.py:545} INFO - Filling up the DagBag from /home/airflow/.local/lib/python3.12/site-packages/airflow/example_dags/example_task_group.py
[2025-10-08T08:45:18.458+0000] {processor.py:840} INFO - DAG(s) 'example_task_group' retrieved from /home/airflow/.local/lib/python3.12/site-packages/airflow/example_dags/example_task_group.py
[2025-10-08T08:45:18.486+0000] {logging_mixin.py:188} INFO - [2025-10-08T08:45:18.486+0000] {dag.py:3096} INFO - Sync 1 DAGs
[2025-10-08T08:45:18.510+0000] {logging_mixin.py:188} INFO - [2025-10-08T08:45:18.510+0000] {dag.py:3954} INFO - Setting next_dagrun for example_task_group to 2025-10-07 00:00:00+00:00, run_after=2025-10-08 00:00:00+00:00
[2025-10-08T08:45:18.532+0000] {processor.py:183} INFO - Processing /home/airflow/.local/lib/python3.12/site-packages/airflow/example_dags/example_task_group.py took 0.106 seconds
[2025-10-08T08:45:48.719+0000] {processor.py:161} INFO - Started process (PID=4154) to work on /home/airflow/.local/lib/python3.12/site-packages/airflow/example_dags/example_task_group.py
[2025-10-08T08:45:48.721+0000] {processor.py:830} INFO - Processing file /home/airflow/.local/lib/python3.12/site-packages/airflow/example_dags/example_task_group.py for tasks to queue
[2025-10-08T08:45:48.724+0000] {logging_mixin.py:188} INFO - [2025-10-08T08:45:48.723+0000] {dagbag.py:545} INFO - Filling up the DagBag from /home/airflow/.local/lib/python3.12/site-packages/airflow/example_dags/example_task_group.py
[2025-10-08T08:45:48.733+0000] {processor.py:840} INFO - DAG(s) 'example_task_group' retrieved from /home/airflow/.local/lib/python3.12/site-packages/airflow/example_dags/example_task_group.py
[2025-10-08T08:45:48.761+0000] {logging_mixin.py:188} INFO - [2025-10-08T08:45:48.760+0000] {dag.py:3096} INFO - Sync 1 DAGs
[2025-10-08T08:45:48.790+0000] {logging_mixin.py:188} INFO - [2025-10-08T08:45:48.789+0000] {dag.py:3954} INFO - Setting next_dagrun for example_task_group to 2025-10-07 00:00:00+00:00, run_after=2025-10-08 00:00:00+00:00
[2025-10-08T08:45:48.822+0000] {processor.py:183} INFO - Processing /home/airflow/.local/lib/python3.12/site-packages/airflow/example_dags/example_task_group.py took 0.111 seconds
[2025-10-08T08:46:19.432+0000] {processor.py:161} INFO - Started process (PID=4213) to work on /home/airflow/.local/lib/python3.12/site-packages/airflow/example_dags/example_task_group.py
[2025-10-08T08:46:19.433+0000] {processor.py:830} INFO - Processing file /home/airflow/.local/lib/python3.12/site-packages/airflow/example_dags/example_task_group.py for tasks to queue
[2025-10-08T08:46:19.436+0000] {logging_mixin.py:188} INFO - [2025-10-08T08:46:19.436+0000] {dagbag.py:545} INFO - Filling up the DagBag from /home/airflow/.local/lib/python3.12/site-packages/airflow/example_dags/example_task_group.py
[2025-10-08T08:46:19.444+0000] {processor.py:840} INFO - DAG(s) 'example_task_group' retrieved from /home/airflow/.local/lib/python3.12/site-packages/airflow/example_dags/example_task_group.py
[2025-10-08T08:46:19.471+0000] {logging_mixin.py:188} INFO - [2025-10-08T08:46:19.471+0000] {dag.py:3096} INFO - Sync 1 DAGs
[2025-10-08T08:46:19.497+0000] {logging_mixin.py:188} INFO - [2025-10-08T08:46:19.497+0000] {dag.py:3954} INFO - Setting next_dagrun for example_task_group to 2025-10-07 00:00:00+00:00, run_after=2025-10-08 00:00:00+00:00
[2025-10-08T08:46:19.522+0000] {processor.py:183} INFO - Processing /home/airflow/.local/lib/python3.12/site-packages/airflow/example_dags/example_task_group.py took 0.098 seconds
[2025-10-08T08:46:49.870+0000] {processor.py:161} INFO - Started process (PID=4272) to work on /home/airflow/.local/lib/python3.12/site-packages/airflow/example_dags/example_task_group.py
[2025-10-08T08:46:49.872+0000] {processor.py:830} INFO - Processing file /home/airflow/.local/lib/python3.12/site-packages/airflow/example_dags/example_task_group.py for tasks to queue
[2025-10-08T08:46:49.877+0000] {logging_mixin.py:188} INFO - [2025-10-08T08:46:49.876+0000] {dagbag.py:545} INFO - Filling up the DagBag from /home/airflow/.local/lib/python3.12/site-packages/airflow/example_dags/example_task_group.py
[2025-10-08T08:46:49.889+0000] {processor.py:840} INFO - DAG(s) 'example_task_group' retrieved from /home/airflow/.local/lib/python3.12/site-packages/airflow/example_dags/example_task_group.py
[2025-10-08T08:46:49.923+0000] {logging_mixin.py:188} INFO - [2025-10-08T08:46:49.922+0000] {dag.py:3096} INFO - Sync 1 DAGs
[2025-10-08T08:46:49.962+0000] {logging_mixin.py:188} INFO - [2025-10-08T08:46:49.961+0000] {dag.py:3954} INFO - Setting next_dagrun for example_task_group to 2025-10-07 00:00:00+00:00, run_after=2025-10-08 00:00:00+00:00
[2025-10-08T08:46:49.990+0000] {processor.py:183} INFO - Processing /home/airflow/.local/lib/python3.12/site-packages/airflow/example_dags/example_task_group.py took 0.131 seconds
[2025-10-08T08:47:20.691+0000] {processor.py:161} INFO - Started process (PID=4331) to work on /home/airflow/.local/lib/python3.12/site-packages/airflow/example_dags/example_task_group.py
[2025-10-08T08:47:20.697+0000] {processor.py:830} INFO - Processing file /home/airflow/.local/lib/python3.12/site-packages/airflow/example_dags/example_task_group.py for tasks to queue
[2025-10-08T08:47:20.714+0000] {logging_mixin.py:188} INFO - [2025-10-08T08:47:20.713+0000] {dagbag.py:545} INFO - Filling up the DagBag from /home/airflow/.local/lib/python3.12/site-packages/airflow/example_dags/example_task_group.py
[2025-10-08T08:47:20.741+0000] {processor.py:840} INFO - DAG(s) 'example_task_group' retrieved from /home/airflow/.local/lib/python3.12/site-packages/airflow/example_dags/example_task_group.py
[2025-10-08T08:47:20.829+0000] {logging_mixin.py:188} INFO - [2025-10-08T08:47:20.829+0000] {dag.py:3096} INFO - Sync 1 DAGs
[2025-10-08T08:47:20.965+0000] {logging_mixin.py:188} INFO - [2025-10-08T08:47:20.964+0000] {dag.py:3954} INFO - Setting next_dagrun for example_task_group to 2025-10-07 00:00:00+00:00, run_after=2025-10-08 00:00:00+00:00
[2025-10-08T08:47:21.037+0000] {processor.py:183} INFO - Processing /home/airflow/.local/lib/python3.12/site-packages/airflow/example_dags/example_task_group.py took 0.366 seconds
[2025-10-08T08:47:51.670+0000] {processor.py:161} INFO - Started process (PID=4390) to work on /home/airflow/.local/lib/python3.12/site-packages/airflow/example_dags/example_task_group.py
[2025-10-08T08:47:51.672+0000] {processor.py:830} INFO - Processing file /home/airflow/.local/lib/python3.12/site-packages/airflow/example_dags/example_task_group.py for tasks to queue
[2025-10-08T08:47:51.674+0000] {logging_mixin.py:188} INFO - [2025-10-08T08:47:51.673+0000] {dagbag.py:545} INFO - Filling up the DagBag from /home/airflow/.local/lib/python3.12/site-packages/airflow/example_dags/example_task_group.py
[2025-10-08T08:47:51.685+0000] {processor.py:840} INFO - DAG(s) 'example_task_group' retrieved from /home/airflow/.local/lib/python3.12/site-packages/airflow/example_dags/example_task_group.py
[2025-10-08T08:47:51.715+0000] {logging_mixin.py:188} INFO - [2025-10-08T08:47:51.714+0000] {dag.py:3096} INFO - Sync 1 DAGs
[2025-10-08T08:47:51.743+0000] {logging_mixin.py:188} INFO - [2025-10-08T08:47:51.743+0000] {dag.py:3954} INFO - Setting next_dagrun for example_task_group to 2025-10-07 00:00:00+00:00, run_after=2025-10-08 00:00:00+00:00
[2025-10-08T08:47:51.773+0000] {processor.py:183} INFO - Processing /home/airflow/.local/lib/python3.12/site-packages/airflow/example_dags/example_task_group.py took 0.113 seconds
[2025-10-08T08:48:22.480+0000] {processor.py:161} INFO - Started process (PID=4449) to work on /home/airflow/.local/lib/python3.12/site-packages/airflow/example_dags/example_task_group.py
[2025-10-08T08:48:22.482+0000] {processor.py:830} INFO - Processing file /home/airflow/.local/lib/python3.12/site-packages/airflow/example_dags/example_task_group.py for tasks to queue
[2025-10-08T08:48:22.485+0000] {logging_mixin.py:188} INFO - [2025-10-08T08:48:22.484+0000] {dagbag.py:545} INFO - Filling up the DagBag from /home/airflow/.local/lib/python3.12/site-packages/airflow/example_dags/example_task_group.py
[2025-10-08T08:48:22.494+0000] {processor.py:840} INFO - DAG(s) 'example_task_group' retrieved from /home/airflow/.local/lib/python3.12/site-packages/airflow/example_dags/example_task_group.py
[2025-10-08T08:48:22.527+0000] {logging_mixin.py:188} INFO - [2025-10-08T08:48:22.526+0000] {dag.py:3096} INFO - Sync 1 DAGs
[2025-10-08T08:48:22.557+0000] {logging_mixin.py:188} INFO - [2025-10-08T08:48:22.556+0000] {dag.py:3954} INFO - Setting next_dagrun for example_task_group to 2025-10-07 00:00:00+00:00, run_after=2025-10-08 00:00:00+00:00
[2025-10-08T08:48:22.584+0000] {processor.py:183} INFO - Processing /home/airflow/.local/lib/python3.12/site-packages/airflow/example_dags/example_task_group.py took 0.111 seconds
[2025-10-08T08:48:53.592+0000] {processor.py:161} INFO - Started process (PID=4508) to work on /home/airflow/.local/lib/python3.12/site-packages/airflow/example_dags/example_task_group.py
[2025-10-08T08:48:53.594+0000] {processor.py:830} INFO - Processing file /home/airflow/.local/lib/python3.12/site-packages/airflow/example_dags/example_task_group.py for tasks to queue
[2025-10-08T08:48:53.597+0000] {logging_mixin.py:188} INFO - [2025-10-08T08:48:53.596+0000] {dagbag.py:545} INFO - Filling up the DagBag from /home/airflow/.local/lib/python3.12/site-packages/airflow/example_dags/example_task_group.py
[2025-10-08T08:48:53.606+0000] {processor.py:840} INFO - DAG(s) 'example_task_group' retrieved from /home/airflow/.local/lib/python3.12/site-packages/airflow/example_dags/example_task_group.py
[2025-10-08T08:48:53.631+0000] {logging_mixin.py:188} INFO - [2025-10-08T08:48:53.631+0000] {dag.py:3096} INFO - Sync 1 DAGs
[2025-10-08T08:48:53.666+0000] {logging_mixin.py:188} INFO - [2025-10-08T08:48:53.665+0000] {dag.py:3954} INFO - Setting next_dagrun for example_task_group to 2025-10-07 00:00:00+00:00, run_after=2025-10-08 00:00:00+00:00
[2025-10-08T08:48:53.711+0000] {processor.py:183} INFO - Processing /home/airflow/.local/lib/python3.12/site-packages/airflow/example_dags/example_task_group.py took 0.128 seconds
[2025-10-08T08:49:23.969+0000] {processor.py:161} INFO - Started process (PID=4567) to work on /home/airflow/.local/lib/python3.12/site-packages/airflow/example_dags/example_task_group.py
[2025-10-08T08:49:23.971+0000] {processor.py:830} INFO - Processing file /home/airflow/.local/lib/python3.12/site-packages/airflow/example_dags/example_task_group.py for tasks to queue
[2025-10-08T08:49:23.974+0000] {logging_mixin.py:188} INFO - [2025-10-08T08:49:23.973+0000] {dagbag.py:545} INFO - Filling up the DagBag from /home/airflow/.local/lib/python3.12/site-packages/airflow/example_dags/example_task_group.py
[2025-10-08T08:49:23.983+0000] {processor.py:840} INFO - DAG(s) 'example_task_group' retrieved from /home/airflow/.local/lib/python3.12/site-packages/airflow/example_dags/example_task_group.py
[2025-10-08T08:49:24.014+0000] {logging_mixin.py:188} INFO - [2025-10-08T08:49:24.013+0000] {dag.py:3096} INFO - Sync 1 DAGs
[2025-10-08T08:49:24.051+0000] {logging_mixin.py:188} INFO - [2025-10-08T08:49:24.051+0000] {dag.py:3954} INFO - Setting next_dagrun for example_task_group to 2025-10-07 00:00:00+00:00, run_after=2025-10-08 00:00:00+00:00
[2025-10-08T08:49:24.079+0000] {processor.py:183} INFO - Processing /home/airflow/.local/lib/python3.12/site-packages/airflow/example_dags/example_task_group.py took 0.119 seconds
[2025-10-08T08:49:54.173+0000] {processor.py:161} INFO - Started process (PID=4626) to work on /home/airflow/.local/lib/python3.12/site-packages/airflow/example_dags/example_task_group.py
[2025-10-08T08:49:54.174+0000] {processor.py:830} INFO - Processing file /home/airflow/.local/lib/python3.12/site-packages/airflow/example_dags/example_task_group.py for tasks to queue
[2025-10-08T08:49:54.177+0000] {logging_mixin.py:188} INFO - [2025-10-08T08:49:54.177+0000] {dagbag.py:545} INFO - Filling up the DagBag from /home/airflow/.local/lib/python3.12/site-packages/airflow/example_dags/example_task_group.py
[2025-10-08T08:49:54.185+0000] {processor.py:840} INFO - DAG(s) 'example_task_group' retrieved from /home/airflow/.local/lib/python3.12/site-packages/airflow/example_dags/example_task_group.py
[2025-10-08T08:49:54.213+0000] {logging_mixin.py:188} INFO - [2025-10-08T08:49:54.213+0000] {dag.py:3096} INFO - Sync 1 DAGs
[2025-10-08T08:49:54.240+0000] {logging_mixin.py:188} INFO - [2025-10-08T08:49:54.240+0000] {dag.py:3954} INFO - Setting next_dagrun for example_task_group to 2025-10-07 00:00:00+00:00, run_after=2025-10-08 00:00:00+00:00
[2025-10-08T08:49:54.272+0000] {processor.py:183} INFO - Processing /home/airflow/.local/lib/python3.12/site-packages/airflow/example_dags/example_task_group.py took 0.107 seconds
[2025-10-08T08:50:24.668+0000] {processor.py:161} INFO - Started process (PID=4685) to work on /home/airflow/.local/lib/python3.12/site-packages/airflow/example_dags/example_task_group.py
[2025-10-08T08:50:24.669+0000] {processor.py:830} INFO - Processing file /home/airflow/.local/lib/python3.12/site-packages/airflow/example_dags/example_task_group.py for tasks to queue
[2025-10-08T08:50:24.671+0000] {logging_mixin.py:188} INFO - [2025-10-08T08:50:24.671+0000] {dagbag.py:545} INFO - Filling up the DagBag from /home/airflow/.local/lib/python3.12/site-packages/airflow/example_dags/example_task_group.py
[2025-10-08T08:50:24.682+0000] {processor.py:840} INFO - DAG(s) 'example_task_group' retrieved from /home/airflow/.local/lib/python3.12/site-packages/airflow/example_dags/example_task_group.py
[2025-10-08T08:50:24.719+0000] {logging_mixin.py:188} INFO - [2025-10-08T08:50:24.718+0000] {dag.py:3096} INFO - Sync 1 DAGs
[2025-10-08T08:50:24.744+0000] {logging_mixin.py:188} INFO - [2025-10-08T08:50:24.744+0000] {dag.py:3954} INFO - Setting next_dagrun for example_task_group to 2025-10-07 00:00:00+00:00, run_after=2025-10-08 00:00:00+00:00
[2025-10-08T08:50:24.771+0000] {processor.py:183} INFO - Processing /home/airflow/.local/lib/python3.12/site-packages/airflow/example_dags/example_task_group.py took 0.111 seconds
[2025-10-08T08:50:55.021+0000] {processor.py:161} INFO - Started process (PID=4744) to work on /home/airflow/.local/lib/python3.12/site-packages/airflow/example_dags/example_task_group.py
[2025-10-08T08:50:55.022+0000] {processor.py:830} INFO - Processing file /home/airflow/.local/lib/python3.12/site-packages/airflow/example_dags/example_task_group.py for tasks to queue
[2025-10-08T08:50:55.024+0000] {logging_mixin.py:188} INFO - [2025-10-08T08:50:55.024+0000] {dagbag.py:545} INFO - Filling up the DagBag from /home/airflow/.local/lib/python3.12/site-packages/airflow/example_dags/example_task_group.py
[2025-10-08T08:50:55.033+0000] {processor.py:840} INFO - DAG(s) 'example_task_group' retrieved from /home/airflow/.local/lib/python3.12/site-packages/airflow/example_dags/example_task_group.py
[2025-10-08T08:50:55.059+0000] {logging_mixin.py:188} INFO - [2025-10-08T08:50:55.059+0000] {dag.py:3096} INFO - Sync 1 DAGs
[2025-10-08T08:50:55.086+0000] {logging_mixin.py:188} INFO - [2025-10-08T08:50:55.086+0000] {dag.py:3954} INFO - Setting next_dagrun for example_task_group to 2025-10-07 00:00:00+00:00, run_after=2025-10-08 00:00:00+00:00
[2025-10-08T08:50:55.110+0000] {processor.py:183} INFO - Processing /home/airflow/.local/lib/python3.12/site-packages/airflow/example_dags/example_task_group.py took 0.096 seconds
[2025-10-08T08:52:27.706+0000] {processor.py:161} INFO - Started process (PID=80) to work on /home/airflow/.local/lib/python3.12/site-packages/airflow/example_dags/example_task_group.py
[2025-10-08T08:52:27.710+0000] {processor.py:830} INFO - Processing file /home/airflow/.local/lib/python3.12/site-packages/airflow/example_dags/example_task_group.py for tasks to queue
[2025-10-08T08:52:27.718+0000] {logging_mixin.py:188} INFO - [2025-10-08T08:52:27.717+0000] {dagbag.py:545} INFO - Filling up the DagBag from /home/airflow/.local/lib/python3.12/site-packages/airflow/example_dags/example_task_group.py
[2025-10-08T08:52:27.753+0000] {processor.py:840} INFO - DAG(s) 'example_task_group' retrieved from /home/airflow/.local/lib/python3.12/site-packages/airflow/example_dags/example_task_group.py
[2025-10-08T08:52:28.131+0000] {logging_mixin.py:188} INFO - [2025-10-08T08:52:28.130+0000] {dag.py:3096} INFO - Sync 1 DAGs
[2025-10-08T08:52:28.194+0000] {logging_mixin.py:188} INFO - [2025-10-08T08:52:28.193+0000] {dag.py:3954} INFO - Setting next_dagrun for example_task_group to 2025-10-07 00:00:00+00:00, run_after=2025-10-08 00:00:00+00:00
[2025-10-08T08:52:28.262+0000] {processor.py:183} INFO - Processing /home/airflow/.local/lib/python3.12/site-packages/airflow/example_dags/example_task_group.py took 0.571 seconds
[2025-10-08T08:52:58.622+0000] {processor.py:161} INFO - Started process (PID=139) to work on /home/airflow/.local/lib/python3.12/site-packages/airflow/example_dags/example_task_group.py
[2025-10-08T08:52:58.623+0000] {processor.py:830} INFO - Processing file /home/airflow/.local/lib/python3.12/site-packages/airflow/example_dags/example_task_group.py for tasks to queue
[2025-10-08T08:52:58.626+0000] {logging_mixin.py:188} INFO - [2025-10-08T08:52:58.626+0000] {dagbag.py:545} INFO - Filling up the DagBag from /home/airflow/.local/lib/python3.12/site-packages/airflow/example_dags/example_task_group.py
[2025-10-08T08:52:58.635+0000] {processor.py:840} INFO - DAG(s) 'example_task_group' retrieved from /home/airflow/.local/lib/python3.12/site-packages/airflow/example_dags/example_task_group.py
[2025-10-08T08:52:58.662+0000] {logging_mixin.py:188} INFO - [2025-10-08T08:52:58.661+0000] {dag.py:3096} INFO - Sync 1 DAGs
[2025-10-08T08:52:58.692+0000] {logging_mixin.py:188} INFO - [2025-10-08T08:52:58.691+0000] {dag.py:3954} INFO - Setting next_dagrun for example_task_group to 2025-10-07 00:00:00+00:00, run_after=2025-10-08 00:00:00+00:00
[2025-10-08T08:52:58.721+0000] {processor.py:183} INFO - Processing /home/airflow/.local/lib/python3.12/site-packages/airflow/example_dags/example_task_group.py took 0.107 seconds
[2025-10-08T08:53:29.608+0000] {processor.py:161} INFO - Started process (PID=198) to work on /home/airflow/.local/lib/python3.12/site-packages/airflow/example_dags/example_task_group.py
[2025-10-08T08:53:29.610+0000] {processor.py:830} INFO - Processing file /home/airflow/.local/lib/python3.12/site-packages/airflow/example_dags/example_task_group.py for tasks to queue
[2025-10-08T08:53:29.613+0000] {logging_mixin.py:188} INFO - [2025-10-08T08:53:29.612+0000] {dagbag.py:545} INFO - Filling up the DagBag from /home/airflow/.local/lib/python3.12/site-packages/airflow/example_dags/example_task_group.py
[2025-10-08T08:53:29.623+0000] {processor.py:840} INFO - DAG(s) 'example_task_group' retrieved from /home/airflow/.local/lib/python3.12/site-packages/airflow/example_dags/example_task_group.py
[2025-10-08T08:53:29.652+0000] {logging_mixin.py:188} INFO - [2025-10-08T08:53:29.651+0000] {dag.py:3096} INFO - Sync 1 DAGs
[2025-10-08T08:53:29.680+0000] {logging_mixin.py:188} INFO - [2025-10-08T08:53:29.679+0000] {dag.py:3954} INFO - Setting next_dagrun for example_task_group to 2025-10-07 00:00:00+00:00, run_after=2025-10-08 00:00:00+00:00
[2025-10-08T08:53:29.706+0000] {processor.py:183} INFO - Processing /home/airflow/.local/lib/python3.12/site-packages/airflow/example_dags/example_task_group.py took 0.108 seconds
[2025-10-08T08:54:00.234+0000] {processor.py:161} INFO - Started process (PID=257) to work on /home/airflow/.local/lib/python3.12/site-packages/airflow/example_dags/example_task_group.py
[2025-10-08T08:54:00.236+0000] {processor.py:830} INFO - Processing file /home/airflow/.local/lib/python3.12/site-packages/airflow/example_dags/example_task_group.py for tasks to queue
[2025-10-08T08:54:00.240+0000] {logging_mixin.py:188} INFO - [2025-10-08T08:54:00.239+0000] {dagbag.py:545} INFO - Filling up the DagBag from /home/airflow/.local/lib/python3.12/site-packages/airflow/example_dags/example_task_group.py
[2025-10-08T08:54:00.250+0000] {processor.py:840} INFO - DAG(s) 'example_task_group' retrieved from /home/airflow/.local/lib/python3.12/site-packages/airflow/example_dags/example_task_group.py
[2025-10-08T08:54:00.281+0000] {logging_mixin.py:188} INFO - [2025-10-08T08:54:00.280+0000] {dag.py:3096} INFO - Sync 1 DAGs
[2025-10-08T08:54:00.316+0000] {logging_mixin.py:188} INFO - [2025-10-08T08:54:00.316+0000] {dag.py:3954} INFO - Setting next_dagrun for example_task_group to 2025-10-07 00:00:00+00:00, run_after=2025-10-08 00:00:00+00:00
[2025-10-08T08:54:00.336+0000] {processor.py:183} INFO - Processing /home/airflow/.local/lib/python3.12/site-packages/airflow/example_dags/example_task_group.py took 0.109 seconds
[2025-10-08T08:54:30.869+0000] {processor.py:161} INFO - Started process (PID=316) to work on /home/airflow/.local/lib/python3.12/site-packages/airflow/example_dags/example_task_group.py
[2025-10-08T08:54:30.871+0000] {processor.py:830} INFO - Processing file /home/airflow/.local/lib/python3.12/site-packages/airflow/example_dags/example_task_group.py for tasks to queue
[2025-10-08T08:54:30.873+0000] {logging_mixin.py:188} INFO - [2025-10-08T08:54:30.873+0000] {dagbag.py:545} INFO - Filling up the DagBag from /home/airflow/.local/lib/python3.12/site-packages/airflow/example_dags/example_task_group.py
[2025-10-08T08:54:30.883+0000] {processor.py:840} INFO - DAG(s) 'example_task_group' retrieved from /home/airflow/.local/lib/python3.12/site-packages/airflow/example_dags/example_task_group.py
[2025-10-08T08:54:30.913+0000] {logging_mixin.py:188} INFO - [2025-10-08T08:54:30.913+0000] {dag.py:3096} INFO - Sync 1 DAGs
[2025-10-08T08:54:30.946+0000] {logging_mixin.py:188} INFO - [2025-10-08T08:54:30.945+0000] {dag.py:3954} INFO - Setting next_dagrun for example_task_group to 2025-10-07 00:00:00+00:00, run_after=2025-10-08 00:00:00+00:00
[2025-10-08T08:54:31.089+0000] {processor.py:183} INFO - Processing /home/airflow/.local/lib/python3.12/site-packages/airflow/example_dags/example_task_group.py took 0.230 seconds
[2025-10-08T08:55:01.894+0000] {processor.py:161} INFO - Started process (PID=375) to work on /home/airflow/.local/lib/python3.12/site-packages/airflow/example_dags/example_task_group.py
[2025-10-08T08:55:01.896+0000] {processor.py:830} INFO - Processing file /home/airflow/.local/lib/python3.12/site-packages/airflow/example_dags/example_task_group.py for tasks to queue
[2025-10-08T08:55:01.898+0000] {logging_mixin.py:188} INFO - [2025-10-08T08:55:01.898+0000] {dagbag.py:545} INFO - Filling up the DagBag from /home/airflow/.local/lib/python3.12/site-packages/airflow/example_dags/example_task_group.py
[2025-10-08T08:55:01.906+0000] {processor.py:840} INFO - DAG(s) 'example_task_group' retrieved from /home/airflow/.local/lib/python3.12/site-packages/airflow/example_dags/example_task_group.py
[2025-10-08T08:55:01.933+0000] {logging_mixin.py:188} INFO - [2025-10-08T08:55:01.933+0000] {dag.py:3096} INFO - Sync 1 DAGs
[2025-10-08T08:55:01.956+0000] {logging_mixin.py:188} INFO - [2025-10-08T08:55:01.955+0000] {dag.py:3954} INFO - Setting next_dagrun for example_task_group to 2025-10-07 00:00:00+00:00, run_after=2025-10-08 00:00:00+00:00
[2025-10-08T08:55:01.980+0000] {processor.py:183} INFO - Processing /home/airflow/.local/lib/python3.12/site-packages/airflow/example_dags/example_task_group.py took 0.092 seconds
[2025-10-08T08:55:32.517+0000] {processor.py:161} INFO - Started process (PID=434) to work on /home/airflow/.local/lib/python3.12/site-packages/airflow/example_dags/example_task_group.py
[2025-10-08T08:55:32.520+0000] {processor.py:830} INFO - Processing file /home/airflow/.local/lib/python3.12/site-packages/airflow/example_dags/example_task_group.py for tasks to queue
[2025-10-08T08:55:32.524+0000] {logging_mixin.py:188} INFO - [2025-10-08T08:55:32.523+0000] {dagbag.py:545} INFO - Filling up the DagBag from /home/airflow/.local/lib/python3.12/site-packages/airflow/example_dags/example_task_group.py
[2025-10-08T08:55:32.539+0000] {processor.py:840} INFO - DAG(s) 'example_task_group' retrieved from /home/airflow/.local/lib/python3.12/site-packages/airflow/example_dags/example_task_group.py
[2025-10-08T08:55:32.581+0000] {logging_mixin.py:188} INFO - [2025-10-08T08:55:32.581+0000] {dag.py:3096} INFO - Sync 1 DAGs
[2025-10-08T08:55:32.618+0000] {logging_mixin.py:188} INFO - [2025-10-08T08:55:32.617+0000] {dag.py:3954} INFO - Setting next_dagrun for example_task_group to 2025-10-07 00:00:00+00:00, run_after=2025-10-08 00:00:00+00:00
[2025-10-08T08:55:32.656+0000] {processor.py:183} INFO - Processing /home/airflow/.local/lib/python3.12/site-packages/airflow/example_dags/example_task_group.py took 0.150 seconds
[2025-10-08T08:56:03.402+0000] {processor.py:161} INFO - Started process (PID=493) to work on /home/airflow/.local/lib/python3.12/site-packages/airflow/example_dags/example_task_group.py
[2025-10-08T08:56:03.405+0000] {processor.py:830} INFO - Processing file /home/airflow/.local/lib/python3.12/site-packages/airflow/example_dags/example_task_group.py for tasks to queue
[2025-10-08T08:56:03.410+0000] {logging_mixin.py:188} INFO - [2025-10-08T08:56:03.409+0000] {dagbag.py:545} INFO - Filling up the DagBag from /home/airflow/.local/lib/python3.12/site-packages/airflow/example_dags/example_task_group.py
[2025-10-08T08:56:03.425+0000] {processor.py:840} INFO - DAG(s) 'example_task_group' retrieved from /home/airflow/.local/lib/python3.12/site-packages/airflow/example_dags/example_task_group.py
[2025-10-08T08:56:03.453+0000] {logging_mixin.py:188} INFO - [2025-10-08T08:56:03.453+0000] {dag.py:3096} INFO - Sync 1 DAGs
[2025-10-08T08:56:03.499+0000] {logging_mixin.py:188} INFO - [2025-10-08T08:56:03.498+0000] {dag.py:3954} INFO - Setting next_dagrun for example_task_group to 2025-10-07 00:00:00+00:00, run_after=2025-10-08 00:00:00+00:00
[2025-10-08T08:56:03.538+0000] {processor.py:183} INFO - Processing /home/airflow/.local/lib/python3.12/site-packages/airflow/example_dags/example_task_group.py took 0.155 seconds
[2025-10-08T08:56:33.655+0000] {processor.py:161} INFO - Started process (PID=552) to work on /home/airflow/.local/lib/python3.12/site-packages/airflow/example_dags/example_task_group.py
[2025-10-08T08:56:33.657+0000] {processor.py:830} INFO - Processing file /home/airflow/.local/lib/python3.12/site-packages/airflow/example_dags/example_task_group.py for tasks to queue
[2025-10-08T08:56:33.662+0000] {logging_mixin.py:188} INFO - [2025-10-08T08:56:33.661+0000] {dagbag.py:545} INFO - Filling up the DagBag from /home/airflow/.local/lib/python3.12/site-packages/airflow/example_dags/example_task_group.py
[2025-10-08T08:56:33.676+0000] {processor.py:840} INFO - DAG(s) 'example_task_group' retrieved from /home/airflow/.local/lib/python3.12/site-packages/airflow/example_dags/example_task_group.py
[2025-10-08T08:56:33.723+0000] {logging_mixin.py:188} INFO - [2025-10-08T08:56:33.722+0000] {dag.py:3096} INFO - Sync 1 DAGs
[2025-10-08T08:56:33.751+0000] {logging_mixin.py:188} INFO - [2025-10-08T08:56:33.751+0000] {dag.py:3954} INFO - Setting next_dagrun for example_task_group to 2025-10-07 00:00:00+00:00, run_after=2025-10-08 00:00:00+00:00
[2025-10-08T08:56:33.795+0000] {processor.py:183} INFO - Processing /home/airflow/.local/lib/python3.12/site-packages/airflow/example_dags/example_task_group.py took 0.153 seconds
[2025-10-08T08:57:04.407+0000] {processor.py:161} INFO - Started process (PID=611) to work on /home/airflow/.local/lib/python3.12/site-packages/airflow/example_dags/example_task_group.py
[2025-10-08T08:57:04.408+0000] {processor.py:830} INFO - Processing file /home/airflow/.local/lib/python3.12/site-packages/airflow/example_dags/example_task_group.py for tasks to queue
[2025-10-08T08:57:04.412+0000] {logging_mixin.py:188} INFO - [2025-10-08T08:57:04.411+0000] {dagbag.py:545} INFO - Filling up the DagBag from /home/airflow/.local/lib/python3.12/site-packages/airflow/example_dags/example_task_group.py
[2025-10-08T08:57:04.423+0000] {processor.py:840} INFO - DAG(s) 'example_task_group' retrieved from /home/airflow/.local/lib/python3.12/site-packages/airflow/example_dags/example_task_group.py
[2025-10-08T08:57:04.455+0000] {logging_mixin.py:188} INFO - [2025-10-08T08:57:04.454+0000] {dag.py:3096} INFO - Sync 1 DAGs
[2025-10-08T08:57:04.481+0000] {logging_mixin.py:188} INFO - [2025-10-08T08:57:04.481+0000] {dag.py:3954} INFO - Setting next_dagrun for example_task_group to 2025-10-07 00:00:00+00:00, run_after=2025-10-08 00:00:00+00:00
[2025-10-08T08:57:04.507+0000] {processor.py:183} INFO - Processing /home/airflow/.local/lib/python3.12/site-packages/airflow/example_dags/example_task_group.py took 0.112 seconds
[2025-10-08T08:57:34.573+0000] {processor.py:161} INFO - Started process (PID=669) to work on /home/airflow/.local/lib/python3.12/site-packages/airflow/example_dags/example_task_group.py
[2025-10-08T08:57:34.575+0000] {processor.py:830} INFO - Processing file /home/airflow/.local/lib/python3.12/site-packages/airflow/example_dags/example_task_group.py for tasks to queue
[2025-10-08T08:57:34.580+0000] {logging_mixin.py:188} INFO - [2025-10-08T08:57:34.579+0000] {dagbag.py:545} INFO - Filling up the DagBag from /home/airflow/.local/lib/python3.12/site-packages/airflow/example_dags/example_task_group.py
[2025-10-08T08:57:34.588+0000] {processor.py:840} INFO - DAG(s) 'example_task_group' retrieved from /home/airflow/.local/lib/python3.12/site-packages/airflow/example_dags/example_task_group.py
[2025-10-08T08:57:34.616+0000] {logging_mixin.py:188} INFO - [2025-10-08T08:57:34.616+0000] {dag.py:3096} INFO - Sync 1 DAGs
[2025-10-08T08:57:34.641+0000] {logging_mixin.py:188} INFO - [2025-10-08T08:57:34.641+0000] {dag.py:3954} INFO - Setting next_dagrun for example_task_group to 2025-10-07 00:00:00+00:00, run_after=2025-10-08 00:00:00+00:00
[2025-10-08T08:57:34.673+0000] {processor.py:183} INFO - Processing /home/airflow/.local/lib/python3.12/site-packages/airflow/example_dags/example_task_group.py took 0.107 seconds
[2025-10-08T08:58:04.769+0000] {processor.py:161} INFO - Started process (PID=727) to work on /home/airflow/.local/lib/python3.12/site-packages/airflow/example_dags/example_task_group.py
[2025-10-08T08:58:04.771+0000] {processor.py:830} INFO - Processing file /home/airflow/.local/lib/python3.12/site-packages/airflow/example_dags/example_task_group.py for tasks to queue
[2025-10-08T08:58:04.777+0000] {logging_mixin.py:188} INFO - [2025-10-08T08:58:04.776+0000] {dagbag.py:545} INFO - Filling up the DagBag from /home/airflow/.local/lib/python3.12/site-packages/airflow/example_dags/example_task_group.py
[2025-10-08T08:58:04.791+0000] {processor.py:840} INFO - DAG(s) 'example_task_group' retrieved from /home/airflow/.local/lib/python3.12/site-packages/airflow/example_dags/example_task_group.py
[2025-10-08T08:58:04.819+0000] {logging_mixin.py:188} INFO - [2025-10-08T08:58:04.819+0000] {dag.py:3096} INFO - Sync 1 DAGs
[2025-10-08T08:58:04.843+0000] {logging_mixin.py:188} INFO - [2025-10-08T08:58:04.843+0000] {dag.py:3954} INFO - Setting next_dagrun for example_task_group to 2025-10-07 00:00:00+00:00, run_after=2025-10-08 00:00:00+00:00
[2025-10-08T08:58:04.867+0000] {processor.py:183} INFO - Processing /home/airflow/.local/lib/python3.12/site-packages/airflow/example_dags/example_task_group.py took 0.111 seconds
[2025-10-08T08:58:35.021+0000] {processor.py:161} INFO - Started process (PID=786) to work on /home/airflow/.local/lib/python3.12/site-packages/airflow/example_dags/example_task_group.py
[2025-10-08T08:58:35.022+0000] {processor.py:830} INFO - Processing file /home/airflow/.local/lib/python3.12/site-packages/airflow/example_dags/example_task_group.py for tasks to queue
[2025-10-08T08:58:35.025+0000] {logging_mixin.py:188} INFO - [2025-10-08T08:58:35.025+0000] {dagbag.py:545} INFO - Filling up the DagBag from /home/airflow/.local/lib/python3.12/site-packages/airflow/example_dags/example_task_group.py
[2025-10-08T08:58:35.035+0000] {processor.py:840} INFO - DAG(s) 'example_task_group' retrieved from /home/airflow/.local/lib/python3.12/site-packages/airflow/example_dags/example_task_group.py
[2025-10-08T08:58:35.061+0000] {logging_mixin.py:188} INFO - [2025-10-08T08:58:35.061+0000] {dag.py:3096} INFO - Sync 1 DAGs
[2025-10-08T08:58:35.087+0000] {logging_mixin.py:188} INFO - [2025-10-08T08:58:35.087+0000] {dag.py:3954} INFO - Setting next_dagrun for example_task_group to 2025-10-07 00:00:00+00:00, run_after=2025-10-08 00:00:00+00:00
[2025-10-08T08:58:35.114+0000] {processor.py:183} INFO - Processing /home/airflow/.local/lib/python3.12/site-packages/airflow/example_dags/example_task_group.py took 0.100 seconds
[2025-10-08T08:59:05.614+0000] {processor.py:161} INFO - Started process (PID=847) to work on /home/airflow/.local/lib/python3.12/site-packages/airflow/example_dags/example_task_group.py
[2025-10-08T08:59:05.616+0000] {processor.py:830} INFO - Processing file /home/airflow/.local/lib/python3.12/site-packages/airflow/example_dags/example_task_group.py for tasks to queue
[2025-10-08T08:59:05.619+0000] {logging_mixin.py:188} INFO - [2025-10-08T08:59:05.619+0000] {dagbag.py:545} INFO - Filling up the DagBag from /home/airflow/.local/lib/python3.12/site-packages/airflow/example_dags/example_task_group.py
[2025-10-08T08:59:05.630+0000] {processor.py:840} INFO - DAG(s) 'example_task_group' retrieved from /home/airflow/.local/lib/python3.12/site-packages/airflow/example_dags/example_task_group.py
[2025-10-08T08:59:05.664+0000] {logging_mixin.py:188} INFO - [2025-10-08T08:59:05.663+0000] {dag.py:3096} INFO - Sync 1 DAGs
[2025-10-08T08:59:05.695+0000] {logging_mixin.py:188} INFO - [2025-10-08T08:59:05.695+0000] {dag.py:3954} INFO - Setting next_dagrun for example_task_group to 2025-10-07 00:00:00+00:00, run_after=2025-10-08 00:00:00+00:00
[2025-10-08T08:59:05.731+0000] {processor.py:183} INFO - Processing /home/airflow/.local/lib/python3.12/site-packages/airflow/example_dags/example_task_group.py took 0.128 seconds
[2025-10-08T08:59:36.197+0000] {processor.py:161} INFO - Started process (PID=906) to work on /home/airflow/.local/lib/python3.12/site-packages/airflow/example_dags/example_task_group.py
[2025-10-08T08:59:36.199+0000] {processor.py:830} INFO - Processing file /home/airflow/.local/lib/python3.12/site-packages/airflow/example_dags/example_task_group.py for tasks to queue
[2025-10-08T08:59:36.203+0000] {logging_mixin.py:188} INFO - [2025-10-08T08:59:36.202+0000] {dagbag.py:545} INFO - Filling up the DagBag from /home/airflow/.local/lib/python3.12/site-packages/airflow/example_dags/example_task_group.py
[2025-10-08T08:59:36.212+0000] {processor.py:840} INFO - DAG(s) 'example_task_group' retrieved from /home/airflow/.local/lib/python3.12/site-packages/airflow/example_dags/example_task_group.py
[2025-10-08T08:59:36.239+0000] {logging_mixin.py:188} INFO - [2025-10-08T08:59:36.239+0000] {dag.py:3096} INFO - Sync 1 DAGs
[2025-10-08T08:59:36.266+0000] {logging_mixin.py:188} INFO - [2025-10-08T08:59:36.265+0000] {dag.py:3954} INFO - Setting next_dagrun for example_task_group to 2025-10-07 00:00:00+00:00, run_after=2025-10-08 00:00:00+00:00
[2025-10-08T08:59:36.289+0000] {processor.py:183} INFO - Processing /home/airflow/.local/lib/python3.12/site-packages/airflow/example_dags/example_task_group.py took 0.105 seconds
[2025-10-08T09:00:06.561+0000] {processor.py:161} INFO - Started process (PID=966) to work on /home/airflow/.local/lib/python3.12/site-packages/airflow/example_dags/example_task_group.py
[2025-10-08T09:00:06.563+0000] {processor.py:830} INFO - Processing file /home/airflow/.local/lib/python3.12/site-packages/airflow/example_dags/example_task_group.py for tasks to queue
[2025-10-08T09:00:06.567+0000] {logging_mixin.py:188} INFO - [2025-10-08T09:00:06.566+0000] {dagbag.py:545} INFO - Filling up the DagBag from /home/airflow/.local/lib/python3.12/site-packages/airflow/example_dags/example_task_group.py
[2025-10-08T09:00:06.578+0000] {processor.py:840} INFO - DAG(s) 'example_task_group' retrieved from /home/airflow/.local/lib/python3.12/site-packages/airflow/example_dags/example_task_group.py
[2025-10-08T09:00:06.609+0000] {logging_mixin.py:188} INFO - [2025-10-08T09:00:06.609+0000] {dag.py:3096} INFO - Sync 1 DAGs
[2025-10-08T09:00:06.635+0000] {logging_mixin.py:188} INFO - [2025-10-08T09:00:06.635+0000] {dag.py:3954} INFO - Setting next_dagrun for example_task_group to 2025-10-07 00:00:00+00:00, run_after=2025-10-08 00:00:00+00:00
[2025-10-08T09:00:06.659+0000] {processor.py:183} INFO - Processing /home/airflow/.local/lib/python3.12/site-packages/airflow/example_dags/example_task_group.py took 0.107 seconds
[2025-10-08T09:00:36.853+0000] {processor.py:161} INFO - Started process (PID=1024) to work on /home/airflow/.local/lib/python3.12/site-packages/airflow/example_dags/example_task_group.py
[2025-10-08T09:00:36.855+0000] {processor.py:830} INFO - Processing file /home/airflow/.local/lib/python3.12/site-packages/airflow/example_dags/example_task_group.py for tasks to queue
[2025-10-08T09:00:36.859+0000] {logging_mixin.py:188} INFO - [2025-10-08T09:00:36.858+0000] {dagbag.py:545} INFO - Filling up the DagBag from /home/airflow/.local/lib/python3.12/site-packages/airflow/example_dags/example_task_group.py
[2025-10-08T09:00:36.873+0000] {processor.py:840} INFO - DAG(s) 'example_task_group' retrieved from /home/airflow/.local/lib/python3.12/site-packages/airflow/example_dags/example_task_group.py
[2025-10-08T09:00:36.911+0000] {logging_mixin.py:188} INFO - [2025-10-08T09:00:36.911+0000] {dag.py:3096} INFO - Sync 1 DAGs
[2025-10-08T09:00:36.953+0000] {logging_mixin.py:188} INFO - [2025-10-08T09:00:36.952+0000] {dag.py:3954} INFO - Setting next_dagrun for example_task_group to 2025-10-07 00:00:00+00:00, run_after=2025-10-08 00:00:00+00:00
[2025-10-08T09:00:36.985+0000] {processor.py:183} INFO - Processing /home/airflow/.local/lib/python3.12/site-packages/airflow/example_dags/example_task_group.py took 0.141 seconds
[2025-10-08T09:01:07.237+0000] {processor.py:161} INFO - Started process (PID=1083) to work on /home/airflow/.local/lib/python3.12/site-packages/airflow/example_dags/example_task_group.py
[2025-10-08T09:01:07.239+0000] {processor.py:830} INFO - Processing file /home/airflow/.local/lib/python3.12/site-packages/airflow/example_dags/example_task_group.py for tasks to queue
[2025-10-08T09:01:07.242+0000] {logging_mixin.py:188} INFO - [2025-10-08T09:01:07.242+0000] {dagbag.py:545} INFO - Filling up the DagBag from /home/airflow/.local/lib/python3.12/site-packages/airflow/example_dags/example_task_group.py
[2025-10-08T09:01:07.255+0000] {processor.py:840} INFO - DAG(s) 'example_task_group' retrieved from /home/airflow/.local/lib/python3.12/site-packages/airflow/example_dags/example_task_group.py
[2025-10-08T09:01:07.287+0000] {logging_mixin.py:188} INFO - [2025-10-08T09:01:07.286+0000] {dag.py:3096} INFO - Sync 1 DAGs
[2025-10-08T09:01:07.313+0000] {logging_mixin.py:188} INFO - [2025-10-08T09:01:07.313+0000] {dag.py:3954} INFO - Setting next_dagrun for example_task_group to 2025-10-07 00:00:00+00:00, run_after=2025-10-08 00:00:00+00:00
[2025-10-08T09:01:07.337+0000] {processor.py:183} INFO - Processing /home/airflow/.local/lib/python3.12/site-packages/airflow/example_dags/example_task_group.py took 0.106 seconds
[2025-10-08T09:01:37.557+0000] {processor.py:161} INFO - Started process (PID=1142) to work on /home/airflow/.local/lib/python3.12/site-packages/airflow/example_dags/example_task_group.py
[2025-10-08T09:01:37.559+0000] {processor.py:830} INFO - Processing file /home/airflow/.local/lib/python3.12/site-packages/airflow/example_dags/example_task_group.py for tasks to queue
[2025-10-08T09:01:37.562+0000] {logging_mixin.py:188} INFO - [2025-10-08T09:01:37.562+0000] {dagbag.py:545} INFO - Filling up the DagBag from /home/airflow/.local/lib/python3.12/site-packages/airflow/example_dags/example_task_group.py
[2025-10-08T09:01:37.572+0000] {processor.py:840} INFO - DAG(s) 'example_task_group' retrieved from /home/airflow/.local/lib/python3.12/site-packages/airflow/example_dags/example_task_group.py
[2025-10-08T09:01:37.603+0000] {logging_mixin.py:188} INFO - [2025-10-08T09:01:37.603+0000] {dag.py:3096} INFO - Sync 1 DAGs
[2025-10-08T09:01:37.638+0000] {logging_mixin.py:188} INFO - [2025-10-08T09:01:37.638+0000] {dag.py:3954} INFO - Setting next_dagrun for example_task_group to 2025-10-07 00:00:00+00:00, run_after=2025-10-08 00:00:00+00:00
[2025-10-08T09:01:37.677+0000] {processor.py:183} INFO - Processing /home/airflow/.local/lib/python3.12/site-packages/airflow/example_dags/example_task_group.py took 0.128 seconds
[2025-10-08T09:02:08.467+0000] {processor.py:161} INFO - Started process (PID=1201) to work on /home/airflow/.local/lib/python3.12/site-packages/airflow/example_dags/example_task_group.py
[2025-10-08T09:02:08.469+0000] {processor.py:830} INFO - Processing file /home/airflow/.local/lib/python3.12/site-packages/airflow/example_dags/example_task_group.py for tasks to queue
[2025-10-08T09:02:08.473+0000] {logging_mixin.py:188} INFO - [2025-10-08T09:02:08.472+0000] {dagbag.py:545} INFO - Filling up the DagBag from /home/airflow/.local/lib/python3.12/site-packages/airflow/example_dags/example_task_group.py
[2025-10-08T09:02:08.487+0000] {processor.py:840} INFO - DAG(s) 'example_task_group' retrieved from /home/airflow/.local/lib/python3.12/site-packages/airflow/example_dags/example_task_group.py
[2025-10-08T09:02:08.526+0000] {logging_mixin.py:188} INFO - [2025-10-08T09:02:08.526+0000] {dag.py:3096} INFO - Sync 1 DAGs
[2025-10-08T09:02:08.558+0000] {logging_mixin.py:188} INFO - [2025-10-08T09:02:08.558+0000] {dag.py:3954} INFO - Setting next_dagrun for example_task_group to 2025-10-07 00:00:00+00:00, run_after=2025-10-08 00:00:00+00:00
[2025-10-08T09:02:08.585+0000] {processor.py:183} INFO - Processing /home/airflow/.local/lib/python3.12/site-packages/airflow/example_dags/example_task_group.py took 0.126 seconds
[2025-10-08T09:02:38.803+0000] {processor.py:161} INFO - Started process (PID=1260) to work on /home/airflow/.local/lib/python3.12/site-packages/airflow/example_dags/example_task_group.py
[2025-10-08T09:02:38.806+0000] {processor.py:830} INFO - Processing file /home/airflow/.local/lib/python3.12/site-packages/airflow/example_dags/example_task_group.py for tasks to queue
[2025-10-08T09:02:38.810+0000] {logging_mixin.py:188} INFO - [2025-10-08T09:02:38.809+0000] {dagbag.py:545} INFO - Filling up the DagBag from /home/airflow/.local/lib/python3.12/site-packages/airflow/example_dags/example_task_group.py
[2025-10-08T09:02:38.820+0000] {processor.py:840} INFO - DAG(s) 'example_task_group' retrieved from /home/airflow/.local/lib/python3.12/site-packages/airflow/example_dags/example_task_group.py
[2025-10-08T09:02:38.851+0000] {logging_mixin.py:188} INFO - [2025-10-08T09:02:38.850+0000] {dag.py:3096} INFO - Sync 1 DAGs
[2025-10-08T09:02:38.877+0000] {logging_mixin.py:188} INFO - [2025-10-08T09:02:38.876+0000] {dag.py:3954} INFO - Setting next_dagrun for example_task_group to 2025-10-07 00:00:00+00:00, run_after=2025-10-08 00:00:00+00:00
[2025-10-08T09:02:38.910+0000] {processor.py:183} INFO - Processing /home/airflow/.local/lib/python3.12/site-packages/airflow/example_dags/example_task_group.py took 0.115 seconds
[2025-10-08T09:03:09.186+0000] {processor.py:161} INFO - Started process (PID=1319) to work on /home/airflow/.local/lib/python3.12/site-packages/airflow/example_dags/example_task_group.py
[2025-10-08T09:03:09.189+0000] {processor.py:830} INFO - Processing file /home/airflow/.local/lib/python3.12/site-packages/airflow/example_dags/example_task_group.py for tasks to queue
[2025-10-08T09:03:09.192+0000] {logging_mixin.py:188} INFO - [2025-10-08T09:03:09.192+0000] {dagbag.py:545} INFO - Filling up the DagBag from /home/airflow/.local/lib/python3.12/site-packages/airflow/example_dags/example_task_group.py
[2025-10-08T09:03:09.202+0000] {processor.py:840} INFO - DAG(s) 'example_task_group' retrieved from /home/airflow/.local/lib/python3.12/site-packages/airflow/example_dags/example_task_group.py
[2025-10-08T09:03:09.236+0000] {logging_mixin.py:188} INFO - [2025-10-08T09:03:09.235+0000] {dag.py:3096} INFO - Sync 1 DAGs
[2025-10-08T09:03:09.265+0000] {logging_mixin.py:188} INFO - [2025-10-08T09:03:09.265+0000] {dag.py:3954} INFO - Setting next_dagrun for example_task_group to 2025-10-07 00:00:00+00:00, run_after=2025-10-08 00:00:00+00:00
[2025-10-08T09:03:09.293+0000] {processor.py:183} INFO - Processing /home/airflow/.local/lib/python3.12/site-packages/airflow/example_dags/example_task_group.py took 0.119 seconds
[2025-10-08T09:03:40.154+0000] {processor.py:161} INFO - Started process (PID=1378) to work on /home/airflow/.local/lib/python3.12/site-packages/airflow/example_dags/example_task_group.py
[2025-10-08T09:03:40.157+0000] {processor.py:830} INFO - Processing file /home/airflow/.local/lib/python3.12/site-packages/airflow/example_dags/example_task_group.py for tasks to queue
[2025-10-08T09:03:40.162+0000] {logging_mixin.py:188} INFO - [2025-10-08T09:03:40.161+0000] {dagbag.py:545} INFO - Filling up the DagBag from /home/airflow/.local/lib/python3.12/site-packages/airflow/example_dags/example_task_group.py
[2025-10-08T09:03:40.175+0000] {processor.py:840} INFO - DAG(s) 'example_task_group' retrieved from /home/airflow/.local/lib/python3.12/site-packages/airflow/example_dags/example_task_group.py
[2025-10-08T09:03:40.215+0000] {logging_mixin.py:188} INFO - [2025-10-08T09:03:40.214+0000] {dag.py:3096} INFO - Sync 1 DAGs
[2025-10-08T09:03:40.414+0000] {logging_mixin.py:188} INFO - [2025-10-08T09:03:40.414+0000] {dag.py:3954} INFO - Setting next_dagrun for example_task_group to 2025-10-07 00:00:00+00:00, run_after=2025-10-08 00:00:00+00:00
[2025-10-08T09:03:40.439+0000] {processor.py:183} INFO - Processing /home/airflow/.local/lib/python3.12/site-packages/airflow/example_dags/example_task_group.py took 0.297 seconds
[2025-10-08T09:04:10.503+0000] {processor.py:161} INFO - Started process (PID=1437) to work on /home/airflow/.local/lib/python3.12/site-packages/airflow/example_dags/example_task_group.py
[2025-10-08T09:04:10.505+0000] {processor.py:830} INFO - Processing file /home/airflow/.local/lib/python3.12/site-packages/airflow/example_dags/example_task_group.py for tasks to queue
[2025-10-08T09:04:10.508+0000] {logging_mixin.py:188} INFO - [2025-10-08T09:04:10.508+0000] {dagbag.py:545} INFO - Filling up the DagBag from /home/airflow/.local/lib/python3.12/site-packages/airflow/example_dags/example_task_group.py
[2025-10-08T09:04:10.518+0000] {processor.py:840} INFO - DAG(s) 'example_task_group' retrieved from /home/airflow/.local/lib/python3.12/site-packages/airflow/example_dags/example_task_group.py
[2025-10-08T09:04:10.553+0000] {logging_mixin.py:188} INFO - [2025-10-08T09:04:10.552+0000] {dag.py:3096} INFO - Sync 1 DAGs
[2025-10-08T09:04:10.601+0000] {logging_mixin.py:188} INFO - [2025-10-08T09:04:10.601+0000] {dag.py:3954} INFO - Setting next_dagrun for example_task_group to 2025-10-07 00:00:00+00:00, run_after=2025-10-08 00:00:00+00:00
[2025-10-08T09:04:10.815+0000] {processor.py:183} INFO - Processing /home/airflow/.local/lib/python3.12/site-packages/airflow/example_dags/example_task_group.py took 0.320 seconds
