[2025-10-08T08:02:59.330+0000] {processor.py:161} INFO - Started process (PID=89) to work on /home/airflow/.local/lib/python3.12/site-packages/airflow/example_dags/example_latest_only_with_trigger.py
[2025-10-08T08:02:59.333+0000] {processor.py:830} INFO - Processing file /home/airflow/.local/lib/python3.12/site-packages/airflow/example_dags/example_latest_only_with_trigger.py for tasks to queue
[2025-10-08T08:02:59.338+0000] {logging_mixin.py:188} INFO - [2025-10-08T08:02:59.338+0000] {dagbag.py:545} INFO - Filling up the DagBag from /home/airflow/.local/lib/python3.12/site-packages/airflow/example_dags/example_latest_only_with_trigger.py
[2025-10-08T08:02:59.357+0000] {processor.py:840} INFO - DAG(s) 'latest_only_with_trigger' retrieved from /home/airflow/.local/lib/python3.12/site-packages/airflow/example_dags/example_latest_only_with_trigger.py
[2025-10-08T08:02:59.651+0000] {logging_mixin.py:188} INFO - [2025-10-08T08:02:59.650+0000] {override.py:1829} INFO - Created Permission View: can edit on DAG:latest_only_with_trigger
[2025-10-08T08:02:59.670+0000] {logging_mixin.py:188} INFO - [2025-10-08T08:02:59.669+0000] {override.py:1829} INFO - Created Permission View: can delete on DAG:latest_only_with_trigger
[2025-10-08T08:02:59.680+0000] {logging_mixin.py:188} INFO - [2025-10-08T08:02:59.679+0000] {override.py:1829} INFO - Created Permission View: can read on DAG:latest_only_with_trigger
[2025-10-08T08:02:59.681+0000] {logging_mixin.py:188} INFO - [2025-10-08T08:02:59.681+0000] {dag.py:3096} INFO - Sync 1 DAGs
[2025-10-08T08:02:59.698+0000] {logging_mixin.py:188} INFO - [2025-10-08T08:02:59.697+0000] {dag.py:3118} INFO - Creating ORM DAG for latest_only_with_trigger
[2025-10-08T08:02:59.723+0000] {logging_mixin.py:188} INFO - [2025-10-08T08:02:59.723+0000] {dag.py:3954} INFO - Setting next_dagrun for latest_only_with_trigger to 2025-10-08 04:00:00+00:00, run_after=2025-10-08 08:00:00+00:00
[2025-10-08T08:02:59.756+0000] {processor.py:183} INFO - Processing /home/airflow/.local/lib/python3.12/site-packages/airflow/example_dags/example_latest_only_with_trigger.py took 0.438 seconds
[2025-10-08T08:03:29.961+0000] {processor.py:161} INFO - Started process (PID=147) to work on /home/airflow/.local/lib/python3.12/site-packages/airflow/example_dags/example_latest_only_with_trigger.py
[2025-10-08T08:03:29.968+0000] {processor.py:830} INFO - Processing file /home/airflow/.local/lib/python3.12/site-packages/airflow/example_dags/example_latest_only_with_trigger.py for tasks to queue
[2025-10-08T08:03:29.973+0000] {logging_mixin.py:188} INFO - [2025-10-08T08:03:29.972+0000] {dagbag.py:545} INFO - Filling up the DagBag from /home/airflow/.local/lib/python3.12/site-packages/airflow/example_dags/example_latest_only_with_trigger.py
[2025-10-08T08:03:29.987+0000] {processor.py:840} INFO - DAG(s) 'latest_only_with_trigger' retrieved from /home/airflow/.local/lib/python3.12/site-packages/airflow/example_dags/example_latest_only_with_trigger.py
[2025-10-08T08:03:30.033+0000] {logging_mixin.py:188} INFO - [2025-10-08T08:03:30.033+0000] {dag.py:3096} INFO - Sync 1 DAGs
[2025-10-08T08:03:30.073+0000] {logging_mixin.py:188} INFO - [2025-10-08T08:03:30.072+0000] {dag.py:3954} INFO - Setting next_dagrun for latest_only_with_trigger to 2025-10-08 04:00:00+00:00, run_after=2025-10-08 08:00:00+00:00
[2025-10-08T08:03:30.117+0000] {processor.py:183} INFO - Processing /home/airflow/.local/lib/python3.12/site-packages/airflow/example_dags/example_latest_only_with_trigger.py took 0.169 seconds
[2025-10-08T08:04:00.924+0000] {processor.py:161} INFO - Started process (PID=205) to work on /home/airflow/.local/lib/python3.12/site-packages/airflow/example_dags/example_latest_only_with_trigger.py
[2025-10-08T08:04:00.926+0000] {processor.py:830} INFO - Processing file /home/airflow/.local/lib/python3.12/site-packages/airflow/example_dags/example_latest_only_with_trigger.py for tasks to queue
[2025-10-08T08:04:00.929+0000] {logging_mixin.py:188} INFO - [2025-10-08T08:04:00.928+0000] {dagbag.py:545} INFO - Filling up the DagBag from /home/airflow/.local/lib/python3.12/site-packages/airflow/example_dags/example_latest_only_with_trigger.py
[2025-10-08T08:04:00.937+0000] {processor.py:840} INFO - DAG(s) 'latest_only_with_trigger' retrieved from /home/airflow/.local/lib/python3.12/site-packages/airflow/example_dags/example_latest_only_with_trigger.py
[2025-10-08T08:04:01.023+0000] {logging_mixin.py:188} INFO - [2025-10-08T08:04:01.022+0000] {dag.py:3096} INFO - Sync 1 DAGs
[2025-10-08T08:04:01.165+0000] {logging_mixin.py:188} INFO - [2025-10-08T08:04:01.164+0000] {dag.py:3954} INFO - Setting next_dagrun for latest_only_with_trigger to 2025-10-08 04:00:00+00:00, run_after=2025-10-08 08:00:00+00:00
[2025-10-08T08:04:01.223+0000] {processor.py:183} INFO - Processing /home/airflow/.local/lib/python3.12/site-packages/airflow/example_dags/example_latest_only_with_trigger.py took 0.306 seconds
[2025-10-08T08:04:31.460+0000] {processor.py:161} INFO - Started process (PID=263) to work on /home/airflow/.local/lib/python3.12/site-packages/airflow/example_dags/example_latest_only_with_trigger.py
[2025-10-08T08:04:31.463+0000] {processor.py:830} INFO - Processing file /home/airflow/.local/lib/python3.12/site-packages/airflow/example_dags/example_latest_only_with_trigger.py for tasks to queue
[2025-10-08T08:04:31.468+0000] {logging_mixin.py:188} INFO - [2025-10-08T08:04:31.467+0000] {dagbag.py:545} INFO - Filling up the DagBag from /home/airflow/.local/lib/python3.12/site-packages/airflow/example_dags/example_latest_only_with_trigger.py
[2025-10-08T08:04:31.487+0000] {processor.py:840} INFO - DAG(s) 'latest_only_with_trigger' retrieved from /home/airflow/.local/lib/python3.12/site-packages/airflow/example_dags/example_latest_only_with_trigger.py
[2025-10-08T08:04:31.544+0000] {logging_mixin.py:188} INFO - [2025-10-08T08:04:31.544+0000] {dag.py:3096} INFO - Sync 1 DAGs
[2025-10-08T08:04:31.605+0000] {logging_mixin.py:188} INFO - [2025-10-08T08:04:31.605+0000] {dag.py:3954} INFO - Setting next_dagrun for latest_only_with_trigger to 2025-10-08 04:00:00+00:00, run_after=2025-10-08 08:00:00+00:00
[2025-10-08T08:04:31.666+0000] {processor.py:183} INFO - Processing /home/airflow/.local/lib/python3.12/site-packages/airflow/example_dags/example_latest_only_with_trigger.py took 0.223 seconds
[2025-10-08T08:05:02.327+0000] {processor.py:161} INFO - Started process (PID=321) to work on /home/airflow/.local/lib/python3.12/site-packages/airflow/example_dags/example_latest_only_with_trigger.py
[2025-10-08T08:05:02.329+0000] {processor.py:830} INFO - Processing file /home/airflow/.local/lib/python3.12/site-packages/airflow/example_dags/example_latest_only_with_trigger.py for tasks to queue
[2025-10-08T08:05:02.339+0000] {logging_mixin.py:188} INFO - [2025-10-08T08:05:02.337+0000] {dagbag.py:545} INFO - Filling up the DagBag from /home/airflow/.local/lib/python3.12/site-packages/airflow/example_dags/example_latest_only_with_trigger.py
[2025-10-08T08:05:02.358+0000] {processor.py:840} INFO - DAG(s) 'latest_only_with_trigger' retrieved from /home/airflow/.local/lib/python3.12/site-packages/airflow/example_dags/example_latest_only_with_trigger.py
[2025-10-08T08:05:02.407+0000] {logging_mixin.py:188} INFO - [2025-10-08T08:05:02.407+0000] {dag.py:3096} INFO - Sync 1 DAGs
[2025-10-08T08:05:02.449+0000] {logging_mixin.py:188} INFO - [2025-10-08T08:05:02.449+0000] {dag.py:3954} INFO - Setting next_dagrun for latest_only_with_trigger to 2025-10-08 04:00:00+00:00, run_after=2025-10-08 08:00:00+00:00
[2025-10-08T08:05:02.489+0000] {processor.py:183} INFO - Processing /home/airflow/.local/lib/python3.12/site-packages/airflow/example_dags/example_latest_only_with_trigger.py took 0.179 seconds
[2025-10-08T08:05:32.715+0000] {processor.py:161} INFO - Started process (PID=379) to work on /home/airflow/.local/lib/python3.12/site-packages/airflow/example_dags/example_latest_only_with_trigger.py
[2025-10-08T08:05:32.717+0000] {processor.py:830} INFO - Processing file /home/airflow/.local/lib/python3.12/site-packages/airflow/example_dags/example_latest_only_with_trigger.py for tasks to queue
[2025-10-08T08:05:32.722+0000] {logging_mixin.py:188} INFO - [2025-10-08T08:05:32.721+0000] {dagbag.py:545} INFO - Filling up the DagBag from /home/airflow/.local/lib/python3.12/site-packages/airflow/example_dags/example_latest_only_with_trigger.py
[2025-10-08T08:05:32.733+0000] {processor.py:840} INFO - DAG(s) 'latest_only_with_trigger' retrieved from /home/airflow/.local/lib/python3.12/site-packages/airflow/example_dags/example_latest_only_with_trigger.py
[2025-10-08T08:05:32.773+0000] {logging_mixin.py:188} INFO - [2025-10-08T08:05:32.773+0000] {dag.py:3096} INFO - Sync 1 DAGs
[2025-10-08T08:05:32.826+0000] {logging_mixin.py:188} INFO - [2025-10-08T08:05:32.825+0000] {dag.py:3954} INFO - Setting next_dagrun for latest_only_with_trigger to 2025-10-08 04:00:00+00:00, run_after=2025-10-08 08:00:00+00:00
[2025-10-08T08:05:32.887+0000] {processor.py:183} INFO - Processing /home/airflow/.local/lib/python3.12/site-packages/airflow/example_dags/example_latest_only_with_trigger.py took 0.181 seconds
[2025-10-08T08:06:03.201+0000] {processor.py:161} INFO - Started process (PID=438) to work on /home/airflow/.local/lib/python3.12/site-packages/airflow/example_dags/example_latest_only_with_trigger.py
[2025-10-08T08:06:03.203+0000] {processor.py:830} INFO - Processing file /home/airflow/.local/lib/python3.12/site-packages/airflow/example_dags/example_latest_only_with_trigger.py for tasks to queue
[2025-10-08T08:06:03.210+0000] {logging_mixin.py:188} INFO - [2025-10-08T08:06:03.209+0000] {dagbag.py:545} INFO - Filling up the DagBag from /home/airflow/.local/lib/python3.12/site-packages/airflow/example_dags/example_latest_only_with_trigger.py
[2025-10-08T08:06:03.229+0000] {processor.py:840} INFO - DAG(s) 'latest_only_with_trigger' retrieved from /home/airflow/.local/lib/python3.12/site-packages/airflow/example_dags/example_latest_only_with_trigger.py
[2025-10-08T08:06:03.269+0000] {logging_mixin.py:188} INFO - [2025-10-08T08:06:03.268+0000] {dag.py:3096} INFO - Sync 1 DAGs
[2025-10-08T08:06:03.306+0000] {logging_mixin.py:188} INFO - [2025-10-08T08:06:03.306+0000] {dag.py:3954} INFO - Setting next_dagrun for latest_only_with_trigger to 2025-10-08 04:00:00+00:00, run_after=2025-10-08 08:00:00+00:00
[2025-10-08T08:06:03.336+0000] {processor.py:183} INFO - Processing /home/airflow/.local/lib/python3.12/site-packages/airflow/example_dags/example_latest_only_with_trigger.py took 0.157 seconds
[2025-10-08T08:07:47.787+0000] {processor.py:161} INFO - Started process (PID=78) to work on /home/airflow/.local/lib/python3.12/site-packages/airflow/example_dags/example_latest_only_with_trigger.py
[2025-10-08T08:07:47.789+0000] {processor.py:830} INFO - Processing file /home/airflow/.local/lib/python3.12/site-packages/airflow/example_dags/example_latest_only_with_trigger.py for tasks to queue
[2025-10-08T08:07:47.793+0000] {logging_mixin.py:188} INFO - [2025-10-08T08:07:47.792+0000] {dagbag.py:545} INFO - Filling up the DagBag from /home/airflow/.local/lib/python3.12/site-packages/airflow/example_dags/example_latest_only_with_trigger.py
[2025-10-08T08:07:47.805+0000] {processor.py:840} INFO - DAG(s) 'latest_only_with_trigger' retrieved from /home/airflow/.local/lib/python3.12/site-packages/airflow/example_dags/example_latest_only_with_trigger.py
[2025-10-08T08:07:48.002+0000] {logging_mixin.py:188} INFO - [2025-10-08T08:07:48.002+0000] {dag.py:3096} INFO - Sync 1 DAGs
[2025-10-08T08:07:48.042+0000] {logging_mixin.py:188} INFO - [2025-10-08T08:07:48.042+0000] {dag.py:3954} INFO - Setting next_dagrun for latest_only_with_trigger to 2025-10-08 04:00:00+00:00, run_after=2025-10-08 08:00:00+00:00
[2025-10-08T08:07:48.091+0000] {processor.py:183} INFO - Processing /home/airflow/.local/lib/python3.12/site-packages/airflow/example_dags/example_latest_only_with_trigger.py took 0.315 seconds
[2025-10-08T08:08:18.204+0000] {processor.py:161} INFO - Started process (PID=136) to work on /home/airflow/.local/lib/python3.12/site-packages/airflow/example_dags/example_latest_only_with_trigger.py
[2025-10-08T08:08:18.215+0000] {processor.py:830} INFO - Processing file /home/airflow/.local/lib/python3.12/site-packages/airflow/example_dags/example_latest_only_with_trigger.py for tasks to queue
[2025-10-08T08:08:18.222+0000] {logging_mixin.py:188} INFO - [2025-10-08T08:08:18.221+0000] {dagbag.py:545} INFO - Filling up the DagBag from /home/airflow/.local/lib/python3.12/site-packages/airflow/example_dags/example_latest_only_with_trigger.py
[2025-10-08T08:08:18.236+0000] {processor.py:840} INFO - DAG(s) 'latest_only_with_trigger' retrieved from /home/airflow/.local/lib/python3.12/site-packages/airflow/example_dags/example_latest_only_with_trigger.py
[2025-10-08T08:08:18.267+0000] {logging_mixin.py:188} INFO - [2025-10-08T08:08:18.267+0000] {dag.py:3096} INFO - Sync 1 DAGs
[2025-10-08T08:08:18.298+0000] {logging_mixin.py:188} INFO - [2025-10-08T08:08:18.298+0000] {dag.py:3954} INFO - Setting next_dagrun for latest_only_with_trigger to 2025-10-08 04:00:00+00:00, run_after=2025-10-08 08:00:00+00:00
[2025-10-08T08:08:18.334+0000] {processor.py:183} INFO - Processing /home/airflow/.local/lib/python3.12/site-packages/airflow/example_dags/example_latest_only_with_trigger.py took 0.146 seconds
[2025-10-08T08:08:48.656+0000] {processor.py:161} INFO - Started process (PID=194) to work on /home/airflow/.local/lib/python3.12/site-packages/airflow/example_dags/example_latest_only_with_trigger.py
[2025-10-08T08:08:48.658+0000] {processor.py:830} INFO - Processing file /home/airflow/.local/lib/python3.12/site-packages/airflow/example_dags/example_latest_only_with_trigger.py for tasks to queue
[2025-10-08T08:08:48.661+0000] {logging_mixin.py:188} INFO - [2025-10-08T08:08:48.660+0000] {dagbag.py:545} INFO - Filling up the DagBag from /home/airflow/.local/lib/python3.12/site-packages/airflow/example_dags/example_latest_only_with_trigger.py
[2025-10-08T08:08:48.668+0000] {processor.py:840} INFO - DAG(s) 'latest_only_with_trigger' retrieved from /home/airflow/.local/lib/python3.12/site-packages/airflow/example_dags/example_latest_only_with_trigger.py
[2025-10-08T08:08:48.697+0000] {logging_mixin.py:188} INFO - [2025-10-08T08:08:48.696+0000] {dag.py:3096} INFO - Sync 1 DAGs
[2025-10-08T08:08:48.730+0000] {logging_mixin.py:188} INFO - [2025-10-08T08:08:48.730+0000] {dag.py:3954} INFO - Setting next_dagrun for latest_only_with_trigger to 2025-10-08 04:00:00+00:00, run_after=2025-10-08 08:00:00+00:00
[2025-10-08T08:08:48.772+0000] {processor.py:183} INFO - Processing /home/airflow/.local/lib/python3.12/site-packages/airflow/example_dags/example_latest_only_with_trigger.py took 0.125 seconds
[2025-10-08T08:09:19.240+0000] {processor.py:161} INFO - Started process (PID=252) to work on /home/airflow/.local/lib/python3.12/site-packages/airflow/example_dags/example_latest_only_with_trigger.py
[2025-10-08T08:09:19.244+0000] {processor.py:830} INFO - Processing file /home/airflow/.local/lib/python3.12/site-packages/airflow/example_dags/example_latest_only_with_trigger.py for tasks to queue
[2025-10-08T08:09:19.249+0000] {logging_mixin.py:188} INFO - [2025-10-08T08:09:19.248+0000] {dagbag.py:545} INFO - Filling up the DagBag from /home/airflow/.local/lib/python3.12/site-packages/airflow/example_dags/example_latest_only_with_trigger.py
[2025-10-08T08:09:19.265+0000] {processor.py:840} INFO - DAG(s) 'latest_only_with_trigger' retrieved from /home/airflow/.local/lib/python3.12/site-packages/airflow/example_dags/example_latest_only_with_trigger.py
[2025-10-08T08:09:19.310+0000] {logging_mixin.py:188} INFO - [2025-10-08T08:09:19.309+0000] {dag.py:3096} INFO - Sync 1 DAGs
[2025-10-08T08:09:19.360+0000] {logging_mixin.py:188} INFO - [2025-10-08T08:09:19.360+0000] {dag.py:3954} INFO - Setting next_dagrun for latest_only_with_trigger to 2025-10-08 04:00:00+00:00, run_after=2025-10-08 08:00:00+00:00
[2025-10-08T08:09:19.395+0000] {processor.py:183} INFO - Processing /home/airflow/.local/lib/python3.12/site-packages/airflow/example_dags/example_latest_only_with_trigger.py took 0.176 seconds
[2025-10-08T08:09:49.779+0000] {processor.py:161} INFO - Started process (PID=310) to work on /home/airflow/.local/lib/python3.12/site-packages/airflow/example_dags/example_latest_only_with_trigger.py
[2025-10-08T08:09:49.787+0000] {processor.py:830} INFO - Processing file /home/airflow/.local/lib/python3.12/site-packages/airflow/example_dags/example_latest_only_with_trigger.py for tasks to queue
[2025-10-08T08:09:49.792+0000] {logging_mixin.py:188} INFO - [2025-10-08T08:09:49.791+0000] {dagbag.py:545} INFO - Filling up the DagBag from /home/airflow/.local/lib/python3.12/site-packages/airflow/example_dags/example_latest_only_with_trigger.py
[2025-10-08T08:09:49.807+0000] {processor.py:840} INFO - DAG(s) 'latest_only_with_trigger' retrieved from /home/airflow/.local/lib/python3.12/site-packages/airflow/example_dags/example_latest_only_with_trigger.py
[2025-10-08T08:09:49.863+0000] {logging_mixin.py:188} INFO - [2025-10-08T08:09:49.862+0000] {dag.py:3096} INFO - Sync 1 DAGs
[2025-10-08T08:09:49.900+0000] {logging_mixin.py:188} INFO - [2025-10-08T08:09:49.900+0000] {dag.py:3954} INFO - Setting next_dagrun for latest_only_with_trigger to 2025-10-08 04:00:00+00:00, run_after=2025-10-08 08:00:00+00:00
[2025-10-08T08:09:49.941+0000] {processor.py:183} INFO - Processing /home/airflow/.local/lib/python3.12/site-packages/airflow/example_dags/example_latest_only_with_trigger.py took 0.175 seconds
[2025-10-08T08:10:20.239+0000] {processor.py:161} INFO - Started process (PID=368) to work on /home/airflow/.local/lib/python3.12/site-packages/airflow/example_dags/example_latest_only_with_trigger.py
[2025-10-08T08:10:20.242+0000] {processor.py:830} INFO - Processing file /home/airflow/.local/lib/python3.12/site-packages/airflow/example_dags/example_latest_only_with_trigger.py for tasks to queue
[2025-10-08T08:10:20.246+0000] {logging_mixin.py:188} INFO - [2025-10-08T08:10:20.245+0000] {dagbag.py:545} INFO - Filling up the DagBag from /home/airflow/.local/lib/python3.12/site-packages/airflow/example_dags/example_latest_only_with_trigger.py
[2025-10-08T08:10:20.258+0000] {processor.py:840} INFO - DAG(s) 'latest_only_with_trigger' retrieved from /home/airflow/.local/lib/python3.12/site-packages/airflow/example_dags/example_latest_only_with_trigger.py
[2025-10-08T08:10:20.300+0000] {logging_mixin.py:188} INFO - [2025-10-08T08:10:20.300+0000] {dag.py:3096} INFO - Sync 1 DAGs
[2025-10-08T08:10:20.340+0000] {logging_mixin.py:188} INFO - [2025-10-08T08:10:20.339+0000] {dag.py:3954} INFO - Setting next_dagrun for latest_only_with_trigger to 2025-10-08 04:00:00+00:00, run_after=2025-10-08 08:00:00+00:00
[2025-10-08T08:10:20.406+0000] {processor.py:183} INFO - Processing /home/airflow/.local/lib/python3.12/site-packages/airflow/example_dags/example_latest_only_with_trigger.py took 0.179 seconds
[2025-10-08T08:10:51.049+0000] {processor.py:161} INFO - Started process (PID=426) to work on /home/airflow/.local/lib/python3.12/site-packages/airflow/example_dags/example_latest_only_with_trigger.py
[2025-10-08T08:10:51.053+0000] {processor.py:830} INFO - Processing file /home/airflow/.local/lib/python3.12/site-packages/airflow/example_dags/example_latest_only_with_trigger.py for tasks to queue
[2025-10-08T08:10:51.058+0000] {logging_mixin.py:188} INFO - [2025-10-08T08:10:51.057+0000] {dagbag.py:545} INFO - Filling up the DagBag from /home/airflow/.local/lib/python3.12/site-packages/airflow/example_dags/example_latest_only_with_trigger.py
[2025-10-08T08:10:51.074+0000] {processor.py:840} INFO - DAG(s) 'latest_only_with_trigger' retrieved from /home/airflow/.local/lib/python3.12/site-packages/airflow/example_dags/example_latest_only_with_trigger.py
[2025-10-08T08:10:51.170+0000] {logging_mixin.py:188} INFO - [2025-10-08T08:10:51.169+0000] {dag.py:3096} INFO - Sync 1 DAGs
[2025-10-08T08:10:51.216+0000] {logging_mixin.py:188} INFO - [2025-10-08T08:10:51.216+0000] {dag.py:3954} INFO - Setting next_dagrun for latest_only_with_trigger to 2025-10-08 04:00:00+00:00, run_after=2025-10-08 08:00:00+00:00
[2025-10-08T08:10:51.259+0000] {processor.py:183} INFO - Processing /home/airflow/.local/lib/python3.12/site-packages/airflow/example_dags/example_latest_only_with_trigger.py took 0.226 seconds
[2025-10-08T08:11:21.908+0000] {processor.py:161} INFO - Started process (PID=484) to work on /home/airflow/.local/lib/python3.12/site-packages/airflow/example_dags/example_latest_only_with_trigger.py
[2025-10-08T08:11:21.910+0000] {processor.py:830} INFO - Processing file /home/airflow/.local/lib/python3.12/site-packages/airflow/example_dags/example_latest_only_with_trigger.py for tasks to queue
[2025-10-08T08:11:21.915+0000] {logging_mixin.py:188} INFO - [2025-10-08T08:11:21.914+0000] {dagbag.py:545} INFO - Filling up the DagBag from /home/airflow/.local/lib/python3.12/site-packages/airflow/example_dags/example_latest_only_with_trigger.py
[2025-10-08T08:11:21.927+0000] {processor.py:840} INFO - DAG(s) 'latest_only_with_trigger' retrieved from /home/airflow/.local/lib/python3.12/site-packages/airflow/example_dags/example_latest_only_with_trigger.py
[2025-10-08T08:11:21.976+0000] {logging_mixin.py:188} INFO - [2025-10-08T08:11:21.975+0000] {dag.py:3096} INFO - Sync 1 DAGs
[2025-10-08T08:11:22.025+0000] {logging_mixin.py:188} INFO - [2025-10-08T08:11:22.025+0000] {dag.py:3954} INFO - Setting next_dagrun for latest_only_with_trigger to 2025-10-08 04:00:00+00:00, run_after=2025-10-08 08:00:00+00:00
[2025-10-08T08:11:22.077+0000] {processor.py:183} INFO - Processing /home/airflow/.local/lib/python3.12/site-packages/airflow/example_dags/example_latest_only_with_trigger.py took 0.182 seconds
[2025-10-08T08:11:52.214+0000] {processor.py:161} INFO - Started process (PID=542) to work on /home/airflow/.local/lib/python3.12/site-packages/airflow/example_dags/example_latest_only_with_trigger.py
[2025-10-08T08:11:52.217+0000] {processor.py:830} INFO - Processing file /home/airflow/.local/lib/python3.12/site-packages/airflow/example_dags/example_latest_only_with_trigger.py for tasks to queue
[2025-10-08T08:11:52.220+0000] {logging_mixin.py:188} INFO - [2025-10-08T08:11:52.220+0000] {dagbag.py:545} INFO - Filling up the DagBag from /home/airflow/.local/lib/python3.12/site-packages/airflow/example_dags/example_latest_only_with_trigger.py
[2025-10-08T08:11:52.229+0000] {processor.py:840} INFO - DAG(s) 'latest_only_with_trigger' retrieved from /home/airflow/.local/lib/python3.12/site-packages/airflow/example_dags/example_latest_only_with_trigger.py
[2025-10-08T08:11:52.261+0000] {logging_mixin.py:188} INFO - [2025-10-08T08:11:52.260+0000] {dag.py:3096} INFO - Sync 1 DAGs
[2025-10-08T08:11:52.294+0000] {logging_mixin.py:188} INFO - [2025-10-08T08:11:52.294+0000] {dag.py:3954} INFO - Setting next_dagrun for latest_only_with_trigger to 2025-10-08 04:00:00+00:00, run_after=2025-10-08 08:00:00+00:00
[2025-10-08T08:11:52.323+0000] {processor.py:183} INFO - Processing /home/airflow/.local/lib/python3.12/site-packages/airflow/example_dags/example_latest_only_with_trigger.py took 0.120 seconds
[2025-10-08T08:12:22.662+0000] {processor.py:161} INFO - Started process (PID=600) to work on /home/airflow/.local/lib/python3.12/site-packages/airflow/example_dags/example_latest_only_with_trigger.py
[2025-10-08T08:12:22.664+0000] {processor.py:830} INFO - Processing file /home/airflow/.local/lib/python3.12/site-packages/airflow/example_dags/example_latest_only_with_trigger.py for tasks to queue
[2025-10-08T08:12:22.667+0000] {logging_mixin.py:188} INFO - [2025-10-08T08:12:22.667+0000] {dagbag.py:545} INFO - Filling up the DagBag from /home/airflow/.local/lib/python3.12/site-packages/airflow/example_dags/example_latest_only_with_trigger.py
[2025-10-08T08:12:22.676+0000] {processor.py:840} INFO - DAG(s) 'latest_only_with_trigger' retrieved from /home/airflow/.local/lib/python3.12/site-packages/airflow/example_dags/example_latest_only_with_trigger.py
[2025-10-08T08:12:22.712+0000] {logging_mixin.py:188} INFO - [2025-10-08T08:12:22.712+0000] {dag.py:3096} INFO - Sync 1 DAGs
[2025-10-08T08:12:22.742+0000] {logging_mixin.py:188} INFO - [2025-10-08T08:12:22.741+0000] {dag.py:3954} INFO - Setting next_dagrun for latest_only_with_trigger to 2025-10-08 04:00:00+00:00, run_after=2025-10-08 08:00:00+00:00
[2025-10-08T08:12:22.770+0000] {processor.py:183} INFO - Processing /home/airflow/.local/lib/python3.12/site-packages/airflow/example_dags/example_latest_only_with_trigger.py took 0.117 seconds
[2025-10-08T08:12:53.339+0000] {processor.py:161} INFO - Started process (PID=658) to work on /home/airflow/.local/lib/python3.12/site-packages/airflow/example_dags/example_latest_only_with_trigger.py
[2025-10-08T08:12:53.341+0000] {processor.py:830} INFO - Processing file /home/airflow/.local/lib/python3.12/site-packages/airflow/example_dags/example_latest_only_with_trigger.py for tasks to queue
[2025-10-08T08:12:53.345+0000] {logging_mixin.py:188} INFO - [2025-10-08T08:12:53.344+0000] {dagbag.py:545} INFO - Filling up the DagBag from /home/airflow/.local/lib/python3.12/site-packages/airflow/example_dags/example_latest_only_with_trigger.py
[2025-10-08T08:12:53.354+0000] {processor.py:840} INFO - DAG(s) 'latest_only_with_trigger' retrieved from /home/airflow/.local/lib/python3.12/site-packages/airflow/example_dags/example_latest_only_with_trigger.py
[2025-10-08T08:12:53.396+0000] {logging_mixin.py:188} INFO - [2025-10-08T08:12:53.395+0000] {dag.py:3096} INFO - Sync 1 DAGs
[2025-10-08T08:12:53.440+0000] {logging_mixin.py:188} INFO - [2025-10-08T08:12:53.440+0000] {dag.py:3954} INFO - Setting next_dagrun for latest_only_with_trigger to 2025-10-08 04:00:00+00:00, run_after=2025-10-08 08:00:00+00:00
[2025-10-08T08:12:53.473+0000] {processor.py:183} INFO - Processing /home/airflow/.local/lib/python3.12/site-packages/airflow/example_dags/example_latest_only_with_trigger.py took 0.144 seconds
[2025-10-08T08:13:23.594+0000] {processor.py:161} INFO - Started process (PID=715) to work on /home/airflow/.local/lib/python3.12/site-packages/airflow/example_dags/example_latest_only_with_trigger.py
[2025-10-08T08:13:23.597+0000] {processor.py:830} INFO - Processing file /home/airflow/.local/lib/python3.12/site-packages/airflow/example_dags/example_latest_only_with_trigger.py for tasks to queue
[2025-10-08T08:13:23.602+0000] {logging_mixin.py:188} INFO - [2025-10-08T08:13:23.601+0000] {dagbag.py:545} INFO - Filling up the DagBag from /home/airflow/.local/lib/python3.12/site-packages/airflow/example_dags/example_latest_only_with_trigger.py
[2025-10-08T08:13:23.614+0000] {processor.py:840} INFO - DAG(s) 'latest_only_with_trigger' retrieved from /home/airflow/.local/lib/python3.12/site-packages/airflow/example_dags/example_latest_only_with_trigger.py
[2025-10-08T08:13:23.674+0000] {logging_mixin.py:188} INFO - [2025-10-08T08:13:23.673+0000] {dag.py:3096} INFO - Sync 1 DAGs
[2025-10-08T08:13:23.720+0000] {logging_mixin.py:188} INFO - [2025-10-08T08:13:23.719+0000] {dag.py:3954} INFO - Setting next_dagrun for latest_only_with_trigger to 2025-10-08 04:00:00+00:00, run_after=2025-10-08 08:00:00+00:00
[2025-10-08T08:13:23.778+0000] {processor.py:183} INFO - Processing /home/airflow/.local/lib/python3.12/site-packages/airflow/example_dags/example_latest_only_with_trigger.py took 0.196 seconds
[2025-10-08T08:13:54.077+0000] {processor.py:161} INFO - Started process (PID=773) to work on /home/airflow/.local/lib/python3.12/site-packages/airflow/example_dags/example_latest_only_with_trigger.py
[2025-10-08T08:13:54.079+0000] {processor.py:830} INFO - Processing file /home/airflow/.local/lib/python3.12/site-packages/airflow/example_dags/example_latest_only_with_trigger.py for tasks to queue
[2025-10-08T08:13:54.082+0000] {logging_mixin.py:188} INFO - [2025-10-08T08:13:54.082+0000] {dagbag.py:545} INFO - Filling up the DagBag from /home/airflow/.local/lib/python3.12/site-packages/airflow/example_dags/example_latest_only_with_trigger.py
[2025-10-08T08:13:54.090+0000] {processor.py:840} INFO - DAG(s) 'latest_only_with_trigger' retrieved from /home/airflow/.local/lib/python3.12/site-packages/airflow/example_dags/example_latest_only_with_trigger.py
[2025-10-08T08:13:54.128+0000] {logging_mixin.py:188} INFO - [2025-10-08T08:13:54.128+0000] {dag.py:3096} INFO - Sync 1 DAGs
[2025-10-08T08:13:54.194+0000] {logging_mixin.py:188} INFO - [2025-10-08T08:13:54.194+0000] {dag.py:3954} INFO - Setting next_dagrun for latest_only_with_trigger to 2025-10-08 04:00:00+00:00, run_after=2025-10-08 08:00:00+00:00
[2025-10-08T08:13:54.253+0000] {processor.py:183} INFO - Processing /home/airflow/.local/lib/python3.12/site-packages/airflow/example_dags/example_latest_only_with_trigger.py took 0.186 seconds
[2025-10-08T08:14:24.733+0000] {processor.py:161} INFO - Started process (PID=831) to work on /home/airflow/.local/lib/python3.12/site-packages/airflow/example_dags/example_latest_only_with_trigger.py
[2025-10-08T08:14:24.735+0000] {processor.py:830} INFO - Processing file /home/airflow/.local/lib/python3.12/site-packages/airflow/example_dags/example_latest_only_with_trigger.py for tasks to queue
[2025-10-08T08:14:24.741+0000] {logging_mixin.py:188} INFO - [2025-10-08T08:14:24.741+0000] {dagbag.py:545} INFO - Filling up the DagBag from /home/airflow/.local/lib/python3.12/site-packages/airflow/example_dags/example_latest_only_with_trigger.py
[2025-10-08T08:14:24.755+0000] {processor.py:840} INFO - DAG(s) 'latest_only_with_trigger' retrieved from /home/airflow/.local/lib/python3.12/site-packages/airflow/example_dags/example_latest_only_with_trigger.py
[2025-10-08T08:14:24.791+0000] {logging_mixin.py:188} INFO - [2025-10-08T08:14:24.791+0000] {dag.py:3096} INFO - Sync 1 DAGs
[2025-10-08T08:14:24.828+0000] {logging_mixin.py:188} INFO - [2025-10-08T08:14:24.827+0000] {dag.py:3954} INFO - Setting next_dagrun for latest_only_with_trigger to 2025-10-08 04:00:00+00:00, run_after=2025-10-08 08:00:00+00:00
[2025-10-08T08:14:24.854+0000] {processor.py:183} INFO - Processing /home/airflow/.local/lib/python3.12/site-packages/airflow/example_dags/example_latest_only_with_trigger.py took 0.132 seconds
[2025-10-08T08:14:56.023+0000] {processor.py:161} INFO - Started process (PID=889) to work on /home/airflow/.local/lib/python3.12/site-packages/airflow/example_dags/example_latest_only_with_trigger.py
[2025-10-08T08:14:56.026+0000] {processor.py:830} INFO - Processing file /home/airflow/.local/lib/python3.12/site-packages/airflow/example_dags/example_latest_only_with_trigger.py for tasks to queue
[2025-10-08T08:14:56.029+0000] {logging_mixin.py:188} INFO - [2025-10-08T08:14:56.028+0000] {dagbag.py:545} INFO - Filling up the DagBag from /home/airflow/.local/lib/python3.12/site-packages/airflow/example_dags/example_latest_only_with_trigger.py
[2025-10-08T08:14:56.038+0000] {processor.py:840} INFO - DAG(s) 'latest_only_with_trigger' retrieved from /home/airflow/.local/lib/python3.12/site-packages/airflow/example_dags/example_latest_only_with_trigger.py
[2025-10-08T08:14:56.080+0000] {logging_mixin.py:188} INFO - [2025-10-08T08:14:56.080+0000] {dag.py:3096} INFO - Sync 1 DAGs
[2025-10-08T08:14:56.130+0000] {logging_mixin.py:188} INFO - [2025-10-08T08:14:56.129+0000] {dag.py:3954} INFO - Setting next_dagrun for latest_only_with_trigger to 2025-10-08 04:00:00+00:00, run_after=2025-10-08 08:00:00+00:00
[2025-10-08T08:14:56.166+0000] {processor.py:183} INFO - Processing /home/airflow/.local/lib/python3.12/site-packages/airflow/example_dags/example_latest_only_with_trigger.py took 0.153 seconds
[2025-10-08T08:15:26.348+0000] {processor.py:161} INFO - Started process (PID=947) to work on /home/airflow/.local/lib/python3.12/site-packages/airflow/example_dags/example_latest_only_with_trigger.py
[2025-10-08T08:15:26.352+0000] {processor.py:830} INFO - Processing file /home/airflow/.local/lib/python3.12/site-packages/airflow/example_dags/example_latest_only_with_trigger.py for tasks to queue
[2025-10-08T08:15:26.358+0000] {logging_mixin.py:188} INFO - [2025-10-08T08:15:26.357+0000] {dagbag.py:545} INFO - Filling up the DagBag from /home/airflow/.local/lib/python3.12/site-packages/airflow/example_dags/example_latest_only_with_trigger.py
[2025-10-08T08:15:26.373+0000] {processor.py:840} INFO - DAG(s) 'latest_only_with_trigger' retrieved from /home/airflow/.local/lib/python3.12/site-packages/airflow/example_dags/example_latest_only_with_trigger.py
[2025-10-08T08:15:26.425+0000] {logging_mixin.py:188} INFO - [2025-10-08T08:15:26.424+0000] {dag.py:3096} INFO - Sync 1 DAGs
[2025-10-08T08:15:26.482+0000] {logging_mixin.py:188} INFO - [2025-10-08T08:15:26.481+0000] {dag.py:3954} INFO - Setting next_dagrun for latest_only_with_trigger to 2025-10-08 04:00:00+00:00, run_after=2025-10-08 08:00:00+00:00
[2025-10-08T08:15:26.542+0000] {processor.py:183} INFO - Processing /home/airflow/.local/lib/python3.12/site-packages/airflow/example_dags/example_latest_only_with_trigger.py took 0.211 seconds
[2025-10-08T08:15:57.004+0000] {processor.py:161} INFO - Started process (PID=1005) to work on /home/airflow/.local/lib/python3.12/site-packages/airflow/example_dags/example_latest_only_with_trigger.py
[2025-10-08T08:15:57.008+0000] {processor.py:830} INFO - Processing file /home/airflow/.local/lib/python3.12/site-packages/airflow/example_dags/example_latest_only_with_trigger.py for tasks to queue
[2025-10-08T08:15:57.013+0000] {logging_mixin.py:188} INFO - [2025-10-08T08:15:57.012+0000] {dagbag.py:545} INFO - Filling up the DagBag from /home/airflow/.local/lib/python3.12/site-packages/airflow/example_dags/example_latest_only_with_trigger.py
[2025-10-08T08:15:57.032+0000] {processor.py:840} INFO - DAG(s) 'latest_only_with_trigger' retrieved from /home/airflow/.local/lib/python3.12/site-packages/airflow/example_dags/example_latest_only_with_trigger.py
[2025-10-08T08:15:57.080+0000] {logging_mixin.py:188} INFO - [2025-10-08T08:15:57.080+0000] {dag.py:3096} INFO - Sync 1 DAGs
[2025-10-08T08:15:57.127+0000] {logging_mixin.py:188} INFO - [2025-10-08T08:15:57.127+0000] {dag.py:3954} INFO - Setting next_dagrun for latest_only_with_trigger to 2025-10-08 04:00:00+00:00, run_after=2025-10-08 08:00:00+00:00
[2025-10-08T08:15:57.172+0000] {processor.py:183} INFO - Processing /home/airflow/.local/lib/python3.12/site-packages/airflow/example_dags/example_latest_only_with_trigger.py took 0.183 seconds
[2025-10-08T08:16:27.458+0000] {processor.py:161} INFO - Started process (PID=1063) to work on /home/airflow/.local/lib/python3.12/site-packages/airflow/example_dags/example_latest_only_with_trigger.py
[2025-10-08T08:16:27.464+0000] {processor.py:830} INFO - Processing file /home/airflow/.local/lib/python3.12/site-packages/airflow/example_dags/example_latest_only_with_trigger.py for tasks to queue
[2025-10-08T08:16:27.472+0000] {logging_mixin.py:188} INFO - [2025-10-08T08:16:27.471+0000] {dagbag.py:545} INFO - Filling up the DagBag from /home/airflow/.local/lib/python3.12/site-packages/airflow/example_dags/example_latest_only_with_trigger.py
[2025-10-08T08:16:27.500+0000] {processor.py:840} INFO - DAG(s) 'latest_only_with_trigger' retrieved from /home/airflow/.local/lib/python3.12/site-packages/airflow/example_dags/example_latest_only_with_trigger.py
[2025-10-08T08:16:27.546+0000] {logging_mixin.py:188} INFO - [2025-10-08T08:16:27.545+0000] {dag.py:3096} INFO - Sync 1 DAGs
[2025-10-08T08:16:27.592+0000] {logging_mixin.py:188} INFO - [2025-10-08T08:16:27.591+0000] {dag.py:3954} INFO - Setting next_dagrun for latest_only_with_trigger to 2025-10-08 04:00:00+00:00, run_after=2025-10-08 08:00:00+00:00
[2025-10-08T08:16:27.648+0000] {processor.py:183} INFO - Processing /home/airflow/.local/lib/python3.12/site-packages/airflow/example_dags/example_latest_only_with_trigger.py took 0.215 seconds
[2025-10-08T08:16:58.213+0000] {processor.py:161} INFO - Started process (PID=1121) to work on /home/airflow/.local/lib/python3.12/site-packages/airflow/example_dags/example_latest_only_with_trigger.py
[2025-10-08T08:16:58.215+0000] {processor.py:830} INFO - Processing file /home/airflow/.local/lib/python3.12/site-packages/airflow/example_dags/example_latest_only_with_trigger.py for tasks to queue
[2025-10-08T08:16:58.220+0000] {logging_mixin.py:188} INFO - [2025-10-08T08:16:58.219+0000] {dagbag.py:545} INFO - Filling up the DagBag from /home/airflow/.local/lib/python3.12/site-packages/airflow/example_dags/example_latest_only_with_trigger.py
[2025-10-08T08:16:58.232+0000] {processor.py:840} INFO - DAG(s) 'latest_only_with_trigger' retrieved from /home/airflow/.local/lib/python3.12/site-packages/airflow/example_dags/example_latest_only_with_trigger.py
[2025-10-08T08:16:58.279+0000] {logging_mixin.py:188} INFO - [2025-10-08T08:16:58.278+0000] {dag.py:3096} INFO - Sync 1 DAGs
[2025-10-08T08:16:58.325+0000] {logging_mixin.py:188} INFO - [2025-10-08T08:16:58.325+0000] {dag.py:3954} INFO - Setting next_dagrun for latest_only_with_trigger to 2025-10-08 04:00:00+00:00, run_after=2025-10-08 08:00:00+00:00
[2025-10-08T08:16:58.379+0000] {processor.py:183} INFO - Processing /home/airflow/.local/lib/python3.12/site-packages/airflow/example_dags/example_latest_only_with_trigger.py took 0.176 seconds
[2025-10-08T08:17:28.808+0000] {processor.py:161} INFO - Started process (PID=1179) to work on /home/airflow/.local/lib/python3.12/site-packages/airflow/example_dags/example_latest_only_with_trigger.py
[2025-10-08T08:17:28.810+0000] {processor.py:830} INFO - Processing file /home/airflow/.local/lib/python3.12/site-packages/airflow/example_dags/example_latest_only_with_trigger.py for tasks to queue
[2025-10-08T08:17:28.814+0000] {logging_mixin.py:188} INFO - [2025-10-08T08:17:28.814+0000] {dagbag.py:545} INFO - Filling up the DagBag from /home/airflow/.local/lib/python3.12/site-packages/airflow/example_dags/example_latest_only_with_trigger.py
[2025-10-08T08:17:28.830+0000] {processor.py:840} INFO - DAG(s) 'latest_only_with_trigger' retrieved from /home/airflow/.local/lib/python3.12/site-packages/airflow/example_dags/example_latest_only_with_trigger.py
[2025-10-08T08:17:28.894+0000] {logging_mixin.py:188} INFO - [2025-10-08T08:17:28.894+0000] {dag.py:3096} INFO - Sync 1 DAGs
[2025-10-08T08:17:28.926+0000] {logging_mixin.py:188} INFO - [2025-10-08T08:17:28.926+0000] {dag.py:3954} INFO - Setting next_dagrun for latest_only_with_trigger to 2025-10-08 04:00:00+00:00, run_after=2025-10-08 08:00:00+00:00
[2025-10-08T08:17:28.958+0000] {processor.py:183} INFO - Processing /home/airflow/.local/lib/python3.12/site-packages/airflow/example_dags/example_latest_only_with_trigger.py took 0.160 seconds
[2025-10-08T08:17:59.188+0000] {processor.py:161} INFO - Started process (PID=1238) to work on /home/airflow/.local/lib/python3.12/site-packages/airflow/example_dags/example_latest_only_with_trigger.py
[2025-10-08T08:17:59.191+0000] {processor.py:830} INFO - Processing file /home/airflow/.local/lib/python3.12/site-packages/airflow/example_dags/example_latest_only_with_trigger.py for tasks to queue
[2025-10-08T08:17:59.195+0000] {logging_mixin.py:188} INFO - [2025-10-08T08:17:59.194+0000] {dagbag.py:545} INFO - Filling up the DagBag from /home/airflow/.local/lib/python3.12/site-packages/airflow/example_dags/example_latest_only_with_trigger.py
[2025-10-08T08:17:59.209+0000] {processor.py:840} INFO - DAG(s) 'latest_only_with_trigger' retrieved from /home/airflow/.local/lib/python3.12/site-packages/airflow/example_dags/example_latest_only_with_trigger.py
[2025-10-08T08:17:59.262+0000] {logging_mixin.py:188} INFO - [2025-10-08T08:17:59.262+0000] {dag.py:3096} INFO - Sync 1 DAGs
[2025-10-08T08:17:59.303+0000] {logging_mixin.py:188} INFO - [2025-10-08T08:17:59.303+0000] {dag.py:3954} INFO - Setting next_dagrun for latest_only_with_trigger to 2025-10-08 04:00:00+00:00, run_after=2025-10-08 08:00:00+00:00
[2025-10-08T08:17:59.604+0000] {processor.py:183} INFO - Processing /home/airflow/.local/lib/python3.12/site-packages/airflow/example_dags/example_latest_only_with_trigger.py took 0.433 seconds
[2025-10-08T08:18:30.372+0000] {processor.py:161} INFO - Started process (PID=1298) to work on /home/airflow/.local/lib/python3.12/site-packages/airflow/example_dags/example_latest_only_with_trigger.py
[2025-10-08T08:18:30.375+0000] {processor.py:830} INFO - Processing file /home/airflow/.local/lib/python3.12/site-packages/airflow/example_dags/example_latest_only_with_trigger.py for tasks to queue
[2025-10-08T08:18:30.379+0000] {logging_mixin.py:188} INFO - [2025-10-08T08:18:30.378+0000] {dagbag.py:545} INFO - Filling up the DagBag from /home/airflow/.local/lib/python3.12/site-packages/airflow/example_dags/example_latest_only_with_trigger.py
[2025-10-08T08:18:30.391+0000] {processor.py:840} INFO - DAG(s) 'latest_only_with_trigger' retrieved from /home/airflow/.local/lib/python3.12/site-packages/airflow/example_dags/example_latest_only_with_trigger.py
[2025-10-08T08:18:30.434+0000] {logging_mixin.py:188} INFO - [2025-10-08T08:18:30.433+0000] {dag.py:3096} INFO - Sync 1 DAGs
[2025-10-08T08:18:30.464+0000] {logging_mixin.py:188} INFO - [2025-10-08T08:18:30.464+0000] {dag.py:3954} INFO - Setting next_dagrun for latest_only_with_trigger to 2025-10-08 04:00:00+00:00, run_after=2025-10-08 08:00:00+00:00
[2025-10-08T08:18:30.507+0000] {processor.py:183} INFO - Processing /home/airflow/.local/lib/python3.12/site-packages/airflow/example_dags/example_latest_only_with_trigger.py took 0.147 seconds
[2025-10-08T08:19:01.118+0000] {processor.py:161} INFO - Started process (PID=1357) to work on /home/airflow/.local/lib/python3.12/site-packages/airflow/example_dags/example_latest_only_with_trigger.py
[2025-10-08T08:19:01.122+0000] {processor.py:830} INFO - Processing file /home/airflow/.local/lib/python3.12/site-packages/airflow/example_dags/example_latest_only_with_trigger.py for tasks to queue
[2025-10-08T08:19:01.127+0000] {logging_mixin.py:188} INFO - [2025-10-08T08:19:01.126+0000] {dagbag.py:545} INFO - Filling up the DagBag from /home/airflow/.local/lib/python3.12/site-packages/airflow/example_dags/example_latest_only_with_trigger.py
[2025-10-08T08:19:01.141+0000] {processor.py:840} INFO - DAG(s) 'latest_only_with_trigger' retrieved from /home/airflow/.local/lib/python3.12/site-packages/airflow/example_dags/example_latest_only_with_trigger.py
[2025-10-08T08:19:01.184+0000] {logging_mixin.py:188} INFO - [2025-10-08T08:19:01.183+0000] {dag.py:3096} INFO - Sync 1 DAGs
[2025-10-08T08:19:01.221+0000] {logging_mixin.py:188} INFO - [2025-10-08T08:19:01.220+0000] {dag.py:3954} INFO - Setting next_dagrun for latest_only_with_trigger to 2025-10-08 04:00:00+00:00, run_after=2025-10-08 08:00:00+00:00
[2025-10-08T08:19:01.282+0000] {processor.py:183} INFO - Processing /home/airflow/.local/lib/python3.12/site-packages/airflow/example_dags/example_latest_only_with_trigger.py took 0.178 seconds
[2025-10-08T08:19:32.251+0000] {processor.py:161} INFO - Started process (PID=1416) to work on /home/airflow/.local/lib/python3.12/site-packages/airflow/example_dags/example_latest_only_with_trigger.py
[2025-10-08T08:19:32.253+0000] {processor.py:830} INFO - Processing file /home/airflow/.local/lib/python3.12/site-packages/airflow/example_dags/example_latest_only_with_trigger.py for tasks to queue
[2025-10-08T08:19:32.257+0000] {logging_mixin.py:188} INFO - [2025-10-08T08:19:32.256+0000] {dagbag.py:545} INFO - Filling up the DagBag from /home/airflow/.local/lib/python3.12/site-packages/airflow/example_dags/example_latest_only_with_trigger.py
[2025-10-08T08:19:32.267+0000] {processor.py:840} INFO - DAG(s) 'latest_only_with_trigger' retrieved from /home/airflow/.local/lib/python3.12/site-packages/airflow/example_dags/example_latest_only_with_trigger.py
[2025-10-08T08:19:32.299+0000] {logging_mixin.py:188} INFO - [2025-10-08T08:19:32.298+0000] {dag.py:3096} INFO - Sync 1 DAGs
[2025-10-08T08:19:32.493+0000] {logging_mixin.py:188} INFO - [2025-10-08T08:19:32.493+0000] {dag.py:3954} INFO - Setting next_dagrun for latest_only_with_trigger to 2025-10-08 04:00:00+00:00, run_after=2025-10-08 08:00:00+00:00
[2025-10-08T08:19:32.518+0000] {processor.py:183} INFO - Processing /home/airflow/.local/lib/python3.12/site-packages/airflow/example_dags/example_latest_only_with_trigger.py took 0.277 seconds
[2025-10-08T08:20:03.529+0000] {processor.py:161} INFO - Started process (PID=1475) to work on /home/airflow/.local/lib/python3.12/site-packages/airflow/example_dags/example_latest_only_with_trigger.py
[2025-10-08T08:20:03.531+0000] {processor.py:830} INFO - Processing file /home/airflow/.local/lib/python3.12/site-packages/airflow/example_dags/example_latest_only_with_trigger.py for tasks to queue
[2025-10-08T08:20:03.535+0000] {logging_mixin.py:188} INFO - [2025-10-08T08:20:03.534+0000] {dagbag.py:545} INFO - Filling up the DagBag from /home/airflow/.local/lib/python3.12/site-packages/airflow/example_dags/example_latest_only_with_trigger.py
[2025-10-08T08:20:03.544+0000] {processor.py:840} INFO - DAG(s) 'latest_only_with_trigger' retrieved from /home/airflow/.local/lib/python3.12/site-packages/airflow/example_dags/example_latest_only_with_trigger.py
[2025-10-08T08:20:03.579+0000] {logging_mixin.py:188} INFO - [2025-10-08T08:20:03.579+0000] {dag.py:3096} INFO - Sync 1 DAGs
[2025-10-08T08:20:03.614+0000] {logging_mixin.py:188} INFO - [2025-10-08T08:20:03.614+0000] {dag.py:3954} INFO - Setting next_dagrun for latest_only_with_trigger to 2025-10-08 04:00:00+00:00, run_after=2025-10-08 08:00:00+00:00
[2025-10-08T08:20:03.847+0000] {processor.py:183} INFO - Processing /home/airflow/.local/lib/python3.12/site-packages/airflow/example_dags/example_latest_only_with_trigger.py took 0.332 seconds
[2025-10-08T08:20:34.028+0000] {processor.py:161} INFO - Started process (PID=1534) to work on /home/airflow/.local/lib/python3.12/site-packages/airflow/example_dags/example_latest_only_with_trigger.py
[2025-10-08T08:20:34.031+0000] {processor.py:830} INFO - Processing file /home/airflow/.local/lib/python3.12/site-packages/airflow/example_dags/example_latest_only_with_trigger.py for tasks to queue
[2025-10-08T08:20:34.035+0000] {logging_mixin.py:188} INFO - [2025-10-08T08:20:34.035+0000] {dagbag.py:545} INFO - Filling up the DagBag from /home/airflow/.local/lib/python3.12/site-packages/airflow/example_dags/example_latest_only_with_trigger.py
[2025-10-08T08:20:34.043+0000] {processor.py:840} INFO - DAG(s) 'latest_only_with_trigger' retrieved from /home/airflow/.local/lib/python3.12/site-packages/airflow/example_dags/example_latest_only_with_trigger.py
[2025-10-08T08:20:34.087+0000] {logging_mixin.py:188} INFO - [2025-10-08T08:20:34.086+0000] {dag.py:3096} INFO - Sync 1 DAGs
[2025-10-08T08:20:34.144+0000] {logging_mixin.py:188} INFO - [2025-10-08T08:20:34.143+0000] {dag.py:3954} INFO - Setting next_dagrun for latest_only_with_trigger to 2025-10-08 04:00:00+00:00, run_after=2025-10-08 08:00:00+00:00
[2025-10-08T08:20:34.183+0000] {processor.py:183} INFO - Processing /home/airflow/.local/lib/python3.12/site-packages/airflow/example_dags/example_latest_only_with_trigger.py took 0.167 seconds
[2025-10-08T08:21:04.630+0000] {processor.py:161} INFO - Started process (PID=1593) to work on /home/airflow/.local/lib/python3.12/site-packages/airflow/example_dags/example_latest_only_with_trigger.py
[2025-10-08T08:21:04.632+0000] {processor.py:830} INFO - Processing file /home/airflow/.local/lib/python3.12/site-packages/airflow/example_dags/example_latest_only_with_trigger.py for tasks to queue
[2025-10-08T08:21:04.636+0000] {logging_mixin.py:188} INFO - [2025-10-08T08:21:04.635+0000] {dagbag.py:545} INFO - Filling up the DagBag from /home/airflow/.local/lib/python3.12/site-packages/airflow/example_dags/example_latest_only_with_trigger.py
[2025-10-08T08:21:04.643+0000] {processor.py:840} INFO - DAG(s) 'latest_only_with_trigger' retrieved from /home/airflow/.local/lib/python3.12/site-packages/airflow/example_dags/example_latest_only_with_trigger.py
[2025-10-08T08:21:04.672+0000] {logging_mixin.py:188} INFO - [2025-10-08T08:21:04.672+0000] {dag.py:3096} INFO - Sync 1 DAGs
[2025-10-08T08:21:04.702+0000] {logging_mixin.py:188} INFO - [2025-10-08T08:21:04.701+0000] {dag.py:3954} INFO - Setting next_dagrun for latest_only_with_trigger to 2025-10-08 04:00:00+00:00, run_after=2025-10-08 08:00:00+00:00
[2025-10-08T08:21:04.748+0000] {processor.py:183} INFO - Processing /home/airflow/.local/lib/python3.12/site-packages/airflow/example_dags/example_latest_only_with_trigger.py took 0.126 seconds
[2025-10-08T08:21:34.838+0000] {processor.py:161} INFO - Started process (PID=1652) to work on /home/airflow/.local/lib/python3.12/site-packages/airflow/example_dags/example_latest_only_with_trigger.py
[2025-10-08T08:21:34.839+0000] {processor.py:830} INFO - Processing file /home/airflow/.local/lib/python3.12/site-packages/airflow/example_dags/example_latest_only_with_trigger.py for tasks to queue
[2025-10-08T08:21:34.842+0000] {logging_mixin.py:188} INFO - [2025-10-08T08:21:34.841+0000] {dagbag.py:545} INFO - Filling up the DagBag from /home/airflow/.local/lib/python3.12/site-packages/airflow/example_dags/example_latest_only_with_trigger.py
[2025-10-08T08:21:34.850+0000] {processor.py:840} INFO - DAG(s) 'latest_only_with_trigger' retrieved from /home/airflow/.local/lib/python3.12/site-packages/airflow/example_dags/example_latest_only_with_trigger.py
[2025-10-08T08:21:34.881+0000] {logging_mixin.py:188} INFO - [2025-10-08T08:21:34.880+0000] {dag.py:3096} INFO - Sync 1 DAGs
[2025-10-08T08:21:34.913+0000] {logging_mixin.py:188} INFO - [2025-10-08T08:21:34.913+0000] {dag.py:3954} INFO - Setting next_dagrun for latest_only_with_trigger to 2025-10-08 04:00:00+00:00, run_after=2025-10-08 08:00:00+00:00
[2025-10-08T08:21:34.941+0000] {processor.py:183} INFO - Processing /home/airflow/.local/lib/python3.12/site-packages/airflow/example_dags/example_latest_only_with_trigger.py took 0.111 seconds
[2025-10-08T08:22:05.379+0000] {processor.py:161} INFO - Started process (PID=1711) to work on /home/airflow/.local/lib/python3.12/site-packages/airflow/example_dags/example_latest_only_with_trigger.py
[2025-10-08T08:22:05.381+0000] {processor.py:830} INFO - Processing file /home/airflow/.local/lib/python3.12/site-packages/airflow/example_dags/example_latest_only_with_trigger.py for tasks to queue
[2025-10-08T08:22:05.387+0000] {logging_mixin.py:188} INFO - [2025-10-08T08:22:05.386+0000] {dagbag.py:545} INFO - Filling up the DagBag from /home/airflow/.local/lib/python3.12/site-packages/airflow/example_dags/example_latest_only_with_trigger.py
[2025-10-08T08:22:05.400+0000] {processor.py:840} INFO - DAG(s) 'latest_only_with_trigger' retrieved from /home/airflow/.local/lib/python3.12/site-packages/airflow/example_dags/example_latest_only_with_trigger.py
[2025-10-08T08:22:05.479+0000] {logging_mixin.py:188} INFO - [2025-10-08T08:22:05.478+0000] {dag.py:3096} INFO - Sync 1 DAGs
[2025-10-08T08:22:05.527+0000] {logging_mixin.py:188} INFO - [2025-10-08T08:22:05.526+0000] {dag.py:3954} INFO - Setting next_dagrun for latest_only_with_trigger to 2025-10-08 04:00:00+00:00, run_after=2025-10-08 08:00:00+00:00
[2025-10-08T08:22:05.569+0000] {processor.py:183} INFO - Processing /home/airflow/.local/lib/python3.12/site-packages/airflow/example_dags/example_latest_only_with_trigger.py took 0.203 seconds
[2025-10-08T08:22:36.372+0000] {processor.py:161} INFO - Started process (PID=1770) to work on /home/airflow/.local/lib/python3.12/site-packages/airflow/example_dags/example_latest_only_with_trigger.py
[2025-10-08T08:22:36.374+0000] {processor.py:830} INFO - Processing file /home/airflow/.local/lib/python3.12/site-packages/airflow/example_dags/example_latest_only_with_trigger.py for tasks to queue
[2025-10-08T08:22:36.388+0000] {logging_mixin.py:188} INFO - [2025-10-08T08:22:36.387+0000] {dagbag.py:545} INFO - Filling up the DagBag from /home/airflow/.local/lib/python3.12/site-packages/airflow/example_dags/example_latest_only_with_trigger.py
[2025-10-08T08:22:36.405+0000] {processor.py:840} INFO - DAG(s) 'latest_only_with_trigger' retrieved from /home/airflow/.local/lib/python3.12/site-packages/airflow/example_dags/example_latest_only_with_trigger.py
[2025-10-08T08:22:36.443+0000] {logging_mixin.py:188} INFO - [2025-10-08T08:22:36.442+0000] {dag.py:3096} INFO - Sync 1 DAGs
[2025-10-08T08:22:36.486+0000] {logging_mixin.py:188} INFO - [2025-10-08T08:22:36.486+0000] {dag.py:3954} INFO - Setting next_dagrun for latest_only_with_trigger to 2025-10-08 04:00:00+00:00, run_after=2025-10-08 08:00:00+00:00
[2025-10-08T08:22:36.524+0000] {processor.py:183} INFO - Processing /home/airflow/.local/lib/python3.12/site-packages/airflow/example_dags/example_latest_only_with_trigger.py took 0.177 seconds
[2025-10-08T08:23:07.128+0000] {processor.py:161} INFO - Started process (PID=1829) to work on /home/airflow/.local/lib/python3.12/site-packages/airflow/example_dags/example_latest_only_with_trigger.py
[2025-10-08T08:23:07.130+0000] {processor.py:830} INFO - Processing file /home/airflow/.local/lib/python3.12/site-packages/airflow/example_dags/example_latest_only_with_trigger.py for tasks to queue
[2025-10-08T08:23:07.134+0000] {logging_mixin.py:188} INFO - [2025-10-08T08:23:07.133+0000] {dagbag.py:545} INFO - Filling up the DagBag from /home/airflow/.local/lib/python3.12/site-packages/airflow/example_dags/example_latest_only_with_trigger.py
[2025-10-08T08:23:07.144+0000] {processor.py:840} INFO - DAG(s) 'latest_only_with_trigger' retrieved from /home/airflow/.local/lib/python3.12/site-packages/airflow/example_dags/example_latest_only_with_trigger.py
[2025-10-08T08:23:07.187+0000] {logging_mixin.py:188} INFO - [2025-10-08T08:23:07.186+0000] {dag.py:3096} INFO - Sync 1 DAGs
[2025-10-08T08:23:07.235+0000] {logging_mixin.py:188} INFO - [2025-10-08T08:23:07.234+0000] {dag.py:3954} INFO - Setting next_dagrun for latest_only_with_trigger to 2025-10-08 04:00:00+00:00, run_after=2025-10-08 08:00:00+00:00
[2025-10-08T08:23:07.266+0000] {processor.py:183} INFO - Processing /home/airflow/.local/lib/python3.12/site-packages/airflow/example_dags/example_latest_only_with_trigger.py took 0.149 seconds
[2025-10-08T08:23:38.670+0000] {processor.py:161} INFO - Started process (PID=1888) to work on /home/airflow/.local/lib/python3.12/site-packages/airflow/example_dags/example_latest_only_with_trigger.py
[2025-10-08T08:23:38.672+0000] {processor.py:830} INFO - Processing file /home/airflow/.local/lib/python3.12/site-packages/airflow/example_dags/example_latest_only_with_trigger.py for tasks to queue
[2025-10-08T08:23:38.676+0000] {logging_mixin.py:188} INFO - [2025-10-08T08:23:38.675+0000] {dagbag.py:545} INFO - Filling up the DagBag from /home/airflow/.local/lib/python3.12/site-packages/airflow/example_dags/example_latest_only_with_trigger.py
[2025-10-08T08:23:38.685+0000] {processor.py:840} INFO - DAG(s) 'latest_only_with_trigger' retrieved from /home/airflow/.local/lib/python3.12/site-packages/airflow/example_dags/example_latest_only_with_trigger.py
[2025-10-08T08:23:38.718+0000] {logging_mixin.py:188} INFO - [2025-10-08T08:23:38.717+0000] {dag.py:3096} INFO - Sync 1 DAGs
[2025-10-08T08:23:38.749+0000] {logging_mixin.py:188} INFO - [2025-10-08T08:23:38.748+0000] {dag.py:3954} INFO - Setting next_dagrun for latest_only_with_trigger to 2025-10-08 04:00:00+00:00, run_after=2025-10-08 08:00:00+00:00
[2025-10-08T08:23:38.790+0000] {processor.py:183} INFO - Processing /home/airflow/.local/lib/python3.12/site-packages/airflow/example_dags/example_latest_only_with_trigger.py took 0.132 seconds
[2025-10-08T08:24:09.065+0000] {processor.py:161} INFO - Started process (PID=1947) to work on /home/airflow/.local/lib/python3.12/site-packages/airflow/example_dags/example_latest_only_with_trigger.py
[2025-10-08T08:24:09.068+0000] {processor.py:830} INFO - Processing file /home/airflow/.local/lib/python3.12/site-packages/airflow/example_dags/example_latest_only_with_trigger.py for tasks to queue
[2025-10-08T08:24:09.073+0000] {logging_mixin.py:188} INFO - [2025-10-08T08:24:09.072+0000] {dagbag.py:545} INFO - Filling up the DagBag from /home/airflow/.local/lib/python3.12/site-packages/airflow/example_dags/example_latest_only_with_trigger.py
[2025-10-08T08:24:09.084+0000] {processor.py:840} INFO - DAG(s) 'latest_only_with_trigger' retrieved from /home/airflow/.local/lib/python3.12/site-packages/airflow/example_dags/example_latest_only_with_trigger.py
[2025-10-08T08:24:09.119+0000] {logging_mixin.py:188} INFO - [2025-10-08T08:24:09.118+0000] {dag.py:3096} INFO - Sync 1 DAGs
[2025-10-08T08:24:09.149+0000] {logging_mixin.py:188} INFO - [2025-10-08T08:24:09.148+0000] {dag.py:3954} INFO - Setting next_dagrun for latest_only_with_trigger to 2025-10-08 04:00:00+00:00, run_after=2025-10-08 08:00:00+00:00
[2025-10-08T08:24:09.203+0000] {processor.py:183} INFO - Processing /home/airflow/.local/lib/python3.12/site-packages/airflow/example_dags/example_latest_only_with_trigger.py took 0.147 seconds
[2025-10-08T08:24:39.594+0000] {processor.py:161} INFO - Started process (PID=2006) to work on /home/airflow/.local/lib/python3.12/site-packages/airflow/example_dags/example_latest_only_with_trigger.py
[2025-10-08T08:24:39.596+0000] {processor.py:830} INFO - Processing file /home/airflow/.local/lib/python3.12/site-packages/airflow/example_dags/example_latest_only_with_trigger.py for tasks to queue
[2025-10-08T08:24:39.602+0000] {logging_mixin.py:188} INFO - [2025-10-08T08:24:39.601+0000] {dagbag.py:545} INFO - Filling up the DagBag from /home/airflow/.local/lib/python3.12/site-packages/airflow/example_dags/example_latest_only_with_trigger.py
[2025-10-08T08:24:39.616+0000] {processor.py:840} INFO - DAG(s) 'latest_only_with_trigger' retrieved from /home/airflow/.local/lib/python3.12/site-packages/airflow/example_dags/example_latest_only_with_trigger.py
[2025-10-08T08:24:39.660+0000] {logging_mixin.py:188} INFO - [2025-10-08T08:24:39.660+0000] {dag.py:3096} INFO - Sync 1 DAGs
[2025-10-08T08:24:39.702+0000] {logging_mixin.py:188} INFO - [2025-10-08T08:24:39.701+0000] {dag.py:3954} INFO - Setting next_dagrun for latest_only_with_trigger to 2025-10-08 04:00:00+00:00, run_after=2025-10-08 08:00:00+00:00
[2025-10-08T08:24:39.741+0000] {processor.py:183} INFO - Processing /home/airflow/.local/lib/python3.12/site-packages/airflow/example_dags/example_latest_only_with_trigger.py took 0.163 seconds
[2025-10-08T08:25:10.794+0000] {processor.py:161} INFO - Started process (PID=2065) to work on /home/airflow/.local/lib/python3.12/site-packages/airflow/example_dags/example_latest_only_with_trigger.py
[2025-10-08T08:25:10.797+0000] {processor.py:830} INFO - Processing file /home/airflow/.local/lib/python3.12/site-packages/airflow/example_dags/example_latest_only_with_trigger.py for tasks to queue
[2025-10-08T08:25:10.802+0000] {logging_mixin.py:188} INFO - [2025-10-08T08:25:10.802+0000] {dagbag.py:545} INFO - Filling up the DagBag from /home/airflow/.local/lib/python3.12/site-packages/airflow/example_dags/example_latest_only_with_trigger.py
[2025-10-08T08:25:10.815+0000] {processor.py:840} INFO - DAG(s) 'latest_only_with_trigger' retrieved from /home/airflow/.local/lib/python3.12/site-packages/airflow/example_dags/example_latest_only_with_trigger.py
[2025-10-08T08:25:10.867+0000] {logging_mixin.py:188} INFO - [2025-10-08T08:25:10.867+0000] {dag.py:3096} INFO - Sync 1 DAGs
[2025-10-08T08:25:10.921+0000] {logging_mixin.py:188} INFO - [2025-10-08T08:25:10.921+0000] {dag.py:3954} INFO - Setting next_dagrun for latest_only_with_trigger to 2025-10-08 04:00:00+00:00, run_after=2025-10-08 08:00:00+00:00
[2025-10-08T08:25:10.987+0000] {processor.py:183} INFO - Processing /home/airflow/.local/lib/python3.12/site-packages/airflow/example_dags/example_latest_only_with_trigger.py took 0.208 seconds
[2025-10-08T08:25:41.405+0000] {processor.py:161} INFO - Started process (PID=2124) to work on /home/airflow/.local/lib/python3.12/site-packages/airflow/example_dags/example_latest_only_with_trigger.py
[2025-10-08T08:25:41.409+0000] {processor.py:830} INFO - Processing file /home/airflow/.local/lib/python3.12/site-packages/airflow/example_dags/example_latest_only_with_trigger.py for tasks to queue
[2025-10-08T08:25:41.416+0000] {logging_mixin.py:188} INFO - [2025-10-08T08:25:41.415+0000] {dagbag.py:545} INFO - Filling up the DagBag from /home/airflow/.local/lib/python3.12/site-packages/airflow/example_dags/example_latest_only_with_trigger.py
[2025-10-08T08:25:41.434+0000] {processor.py:840} INFO - DAG(s) 'latest_only_with_trigger' retrieved from /home/airflow/.local/lib/python3.12/site-packages/airflow/example_dags/example_latest_only_with_trigger.py
[2025-10-08T08:25:41.497+0000] {logging_mixin.py:188} INFO - [2025-10-08T08:25:41.496+0000] {dag.py:3096} INFO - Sync 1 DAGs
[2025-10-08T08:25:41.582+0000] {logging_mixin.py:188} INFO - [2025-10-08T08:25:41.581+0000] {dag.py:3954} INFO - Setting next_dagrun for latest_only_with_trigger to 2025-10-08 04:00:00+00:00, run_after=2025-10-08 08:00:00+00:00
[2025-10-08T08:25:41.619+0000] {processor.py:183} INFO - Processing /home/airflow/.local/lib/python3.12/site-packages/airflow/example_dags/example_latest_only_with_trigger.py took 0.229 seconds
[2025-10-08T08:26:12.029+0000] {processor.py:161} INFO - Started process (PID=2183) to work on /home/airflow/.local/lib/python3.12/site-packages/airflow/example_dags/example_latest_only_with_trigger.py
[2025-10-08T08:26:12.033+0000] {processor.py:830} INFO - Processing file /home/airflow/.local/lib/python3.12/site-packages/airflow/example_dags/example_latest_only_with_trigger.py for tasks to queue
[2025-10-08T08:26:12.039+0000] {logging_mixin.py:188} INFO - [2025-10-08T08:26:12.038+0000] {dagbag.py:545} INFO - Filling up the DagBag from /home/airflow/.local/lib/python3.12/site-packages/airflow/example_dags/example_latest_only_with_trigger.py
[2025-10-08T08:26:12.057+0000] {processor.py:840} INFO - DAG(s) 'latest_only_with_trigger' retrieved from /home/airflow/.local/lib/python3.12/site-packages/airflow/example_dags/example_latest_only_with_trigger.py
[2025-10-08T08:26:12.108+0000] {logging_mixin.py:188} INFO - [2025-10-08T08:26:12.107+0000] {dag.py:3096} INFO - Sync 1 DAGs
[2025-10-08T08:26:12.140+0000] {logging_mixin.py:188} INFO - [2025-10-08T08:26:12.140+0000] {dag.py:3954} INFO - Setting next_dagrun for latest_only_with_trigger to 2025-10-08 04:00:00+00:00, run_after=2025-10-08 08:00:00+00:00
[2025-10-08T08:26:12.165+0000] {processor.py:183} INFO - Processing /home/airflow/.local/lib/python3.12/site-packages/airflow/example_dags/example_latest_only_with_trigger.py took 0.152 seconds
[2025-10-08T08:26:42.370+0000] {processor.py:161} INFO - Started process (PID=2242) to work on /home/airflow/.local/lib/python3.12/site-packages/airflow/example_dags/example_latest_only_with_trigger.py
[2025-10-08T08:26:42.372+0000] {processor.py:830} INFO - Processing file /home/airflow/.local/lib/python3.12/site-packages/airflow/example_dags/example_latest_only_with_trigger.py for tasks to queue
[2025-10-08T08:26:42.375+0000] {logging_mixin.py:188} INFO - [2025-10-08T08:26:42.374+0000] {dagbag.py:545} INFO - Filling up the DagBag from /home/airflow/.local/lib/python3.12/site-packages/airflow/example_dags/example_latest_only_with_trigger.py
[2025-10-08T08:26:42.384+0000] {processor.py:840} INFO - DAG(s) 'latest_only_with_trigger' retrieved from /home/airflow/.local/lib/python3.12/site-packages/airflow/example_dags/example_latest_only_with_trigger.py
[2025-10-08T08:26:42.416+0000] {logging_mixin.py:188} INFO - [2025-10-08T08:26:42.415+0000] {dag.py:3096} INFO - Sync 1 DAGs
[2025-10-08T08:26:42.444+0000] {logging_mixin.py:188} INFO - [2025-10-08T08:26:42.444+0000] {dag.py:3954} INFO - Setting next_dagrun for latest_only_with_trigger to 2025-10-08 04:00:00+00:00, run_after=2025-10-08 08:00:00+00:00
[2025-10-08T08:26:42.476+0000] {processor.py:183} INFO - Processing /home/airflow/.local/lib/python3.12/site-packages/airflow/example_dags/example_latest_only_with_trigger.py took 0.114 seconds
[2025-10-08T08:27:13.306+0000] {processor.py:161} INFO - Started process (PID=2301) to work on /home/airflow/.local/lib/python3.12/site-packages/airflow/example_dags/example_latest_only_with_trigger.py
[2025-10-08T08:27:13.311+0000] {processor.py:830} INFO - Processing file /home/airflow/.local/lib/python3.12/site-packages/airflow/example_dags/example_latest_only_with_trigger.py for tasks to queue
[2025-10-08T08:27:13.316+0000] {logging_mixin.py:188} INFO - [2025-10-08T08:27:13.315+0000] {dagbag.py:545} INFO - Filling up the DagBag from /home/airflow/.local/lib/python3.12/site-packages/airflow/example_dags/example_latest_only_with_trigger.py
[2025-10-08T08:27:13.331+0000] {processor.py:840} INFO - DAG(s) 'latest_only_with_trigger' retrieved from /home/airflow/.local/lib/python3.12/site-packages/airflow/example_dags/example_latest_only_with_trigger.py
[2025-10-08T08:27:13.379+0000] {logging_mixin.py:188} INFO - [2025-10-08T08:27:13.378+0000] {dag.py:3096} INFO - Sync 1 DAGs
[2025-10-08T08:27:13.413+0000] {logging_mixin.py:188} INFO - [2025-10-08T08:27:13.412+0000] {dag.py:3954} INFO - Setting next_dagrun for latest_only_with_trigger to 2025-10-08 04:00:00+00:00, run_after=2025-10-08 08:00:00+00:00
[2025-10-08T08:27:13.449+0000] {processor.py:183} INFO - Processing /home/airflow/.local/lib/python3.12/site-packages/airflow/example_dags/example_latest_only_with_trigger.py took 0.158 seconds
[2025-10-08T08:27:45.792+0000] {processor.py:161} INFO - Started process (PID=2361) to work on /home/airflow/.local/lib/python3.12/site-packages/airflow/example_dags/example_latest_only_with_trigger.py
[2025-10-08T08:27:45.794+0000] {processor.py:830} INFO - Processing file /home/airflow/.local/lib/python3.12/site-packages/airflow/example_dags/example_latest_only_with_trigger.py for tasks to queue
[2025-10-08T08:27:45.800+0000] {logging_mixin.py:188} INFO - [2025-10-08T08:27:45.799+0000] {dagbag.py:545} INFO - Filling up the DagBag from /home/airflow/.local/lib/python3.12/site-packages/airflow/example_dags/example_latest_only_with_trigger.py
[2025-10-08T08:27:45.820+0000] {processor.py:840} INFO - DAG(s) 'latest_only_with_trigger' retrieved from /home/airflow/.local/lib/python3.12/site-packages/airflow/example_dags/example_latest_only_with_trigger.py
[2025-10-08T08:27:45.869+0000] {logging_mixin.py:188} INFO - [2025-10-08T08:27:45.868+0000] {dag.py:3096} INFO - Sync 1 DAGs
[2025-10-08T08:27:45.916+0000] {logging_mixin.py:188} INFO - [2025-10-08T08:27:45.916+0000] {dag.py:3954} INFO - Setting next_dagrun for latest_only_with_trigger to 2025-10-08 04:00:00+00:00, run_after=2025-10-08 08:00:00+00:00
[2025-10-08T08:27:45.979+0000] {processor.py:183} INFO - Processing /home/airflow/.local/lib/python3.12/site-packages/airflow/example_dags/example_latest_only_with_trigger.py took 0.197 seconds
[2025-10-08T08:28:16.310+0000] {processor.py:161} INFO - Started process (PID=2419) to work on /home/airflow/.local/lib/python3.12/site-packages/airflow/example_dags/example_latest_only_with_trigger.py
[2025-10-08T08:28:16.314+0000] {processor.py:830} INFO - Processing file /home/airflow/.local/lib/python3.12/site-packages/airflow/example_dags/example_latest_only_with_trigger.py for tasks to queue
[2025-10-08T08:28:16.318+0000] {logging_mixin.py:188} INFO - [2025-10-08T08:28:16.318+0000] {dagbag.py:545} INFO - Filling up the DagBag from /home/airflow/.local/lib/python3.12/site-packages/airflow/example_dags/example_latest_only_with_trigger.py
[2025-10-08T08:28:16.335+0000] {processor.py:840} INFO - DAG(s) 'latest_only_with_trigger' retrieved from /home/airflow/.local/lib/python3.12/site-packages/airflow/example_dags/example_latest_only_with_trigger.py
[2025-10-08T08:28:16.383+0000] {logging_mixin.py:188} INFO - [2025-10-08T08:28:16.382+0000] {dag.py:3096} INFO - Sync 1 DAGs
[2025-10-08T08:28:16.415+0000] {logging_mixin.py:188} INFO - [2025-10-08T08:28:16.414+0000] {dag.py:3954} INFO - Setting next_dagrun for latest_only_with_trigger to 2025-10-08 04:00:00+00:00, run_after=2025-10-08 08:00:00+00:00
[2025-10-08T08:28:16.443+0000] {processor.py:183} INFO - Processing /home/airflow/.local/lib/python3.12/site-packages/airflow/example_dags/example_latest_only_with_trigger.py took 0.146 seconds
[2025-10-08T08:28:46.869+0000] {processor.py:161} INFO - Started process (PID=2478) to work on /home/airflow/.local/lib/python3.12/site-packages/airflow/example_dags/example_latest_only_with_trigger.py
[2025-10-08T08:28:46.872+0000] {processor.py:830} INFO - Processing file /home/airflow/.local/lib/python3.12/site-packages/airflow/example_dags/example_latest_only_with_trigger.py for tasks to queue
[2025-10-08T08:28:46.877+0000] {logging_mixin.py:188} INFO - [2025-10-08T08:28:46.876+0000] {dagbag.py:545} INFO - Filling up the DagBag from /home/airflow/.local/lib/python3.12/site-packages/airflow/example_dags/example_latest_only_with_trigger.py
[2025-10-08T08:28:46.888+0000] {processor.py:840} INFO - DAG(s) 'latest_only_with_trigger' retrieved from /home/airflow/.local/lib/python3.12/site-packages/airflow/example_dags/example_latest_only_with_trigger.py
[2025-10-08T08:28:46.927+0000] {logging_mixin.py:188} INFO - [2025-10-08T08:28:46.926+0000] {dag.py:3096} INFO - Sync 1 DAGs
[2025-10-08T08:28:46.959+0000] {logging_mixin.py:188} INFO - [2025-10-08T08:28:46.959+0000] {dag.py:3954} INFO - Setting next_dagrun for latest_only_with_trigger to 2025-10-08 04:00:00+00:00, run_after=2025-10-08 08:00:00+00:00
[2025-10-08T08:28:46.989+0000] {processor.py:183} INFO - Processing /home/airflow/.local/lib/python3.12/site-packages/airflow/example_dags/example_latest_only_with_trigger.py took 0.134 seconds
[2025-10-08T08:29:17.412+0000] {processor.py:161} INFO - Started process (PID=2535) to work on /home/airflow/.local/lib/python3.12/site-packages/airflow/example_dags/example_latest_only_with_trigger.py
[2025-10-08T08:29:17.417+0000] {processor.py:830} INFO - Processing file /home/airflow/.local/lib/python3.12/site-packages/airflow/example_dags/example_latest_only_with_trigger.py for tasks to queue
[2025-10-08T08:29:17.427+0000] {logging_mixin.py:188} INFO - [2025-10-08T08:29:17.426+0000] {dagbag.py:545} INFO - Filling up the DagBag from /home/airflow/.local/lib/python3.12/site-packages/airflow/example_dags/example_latest_only_with_trigger.py
[2025-10-08T08:29:17.471+0000] {processor.py:840} INFO - DAG(s) 'latest_only_with_trigger' retrieved from /home/airflow/.local/lib/python3.12/site-packages/airflow/example_dags/example_latest_only_with_trigger.py
[2025-10-08T08:29:17.585+0000] {logging_mixin.py:188} INFO - [2025-10-08T08:29:17.584+0000] {dag.py:3096} INFO - Sync 1 DAGs
[2025-10-08T08:29:17.731+0000] {logging_mixin.py:188} INFO - [2025-10-08T08:29:17.730+0000] {dag.py:3954} INFO - Setting next_dagrun for latest_only_with_trigger to 2025-10-08 04:00:00+00:00, run_after=2025-10-08 08:00:00+00:00
[2025-10-08T08:29:17.792+0000] {processor.py:183} INFO - Processing /home/airflow/.local/lib/python3.12/site-packages/airflow/example_dags/example_latest_only_with_trigger.py took 0.417 seconds
[2025-10-08T08:29:48.624+0000] {processor.py:161} INFO - Started process (PID=2594) to work on /home/airflow/.local/lib/python3.12/site-packages/airflow/example_dags/example_latest_only_with_trigger.py
[2025-10-08T08:29:48.630+0000] {processor.py:830} INFO - Processing file /home/airflow/.local/lib/python3.12/site-packages/airflow/example_dags/example_latest_only_with_trigger.py for tasks to queue
[2025-10-08T08:29:48.640+0000] {logging_mixin.py:188} INFO - [2025-10-08T08:29:48.639+0000] {dagbag.py:545} INFO - Filling up the DagBag from /home/airflow/.local/lib/python3.12/site-packages/airflow/example_dags/example_latest_only_with_trigger.py
[2025-10-08T08:29:48.669+0000] {processor.py:840} INFO - DAG(s) 'latest_only_with_trigger' retrieved from /home/airflow/.local/lib/python3.12/site-packages/airflow/example_dags/example_latest_only_with_trigger.py
[2025-10-08T08:29:48.718+0000] {logging_mixin.py:188} INFO - [2025-10-08T08:29:48.718+0000] {dag.py:3096} INFO - Sync 1 DAGs
[2025-10-08T08:29:48.753+0000] {logging_mixin.py:188} INFO - [2025-10-08T08:29:48.752+0000] {dag.py:3954} INFO - Setting next_dagrun for latest_only_with_trigger to 2025-10-08 04:00:00+00:00, run_after=2025-10-08 08:00:00+00:00
[2025-10-08T08:29:48.790+0000] {processor.py:183} INFO - Processing /home/airflow/.local/lib/python3.12/site-packages/airflow/example_dags/example_latest_only_with_trigger.py took 0.188 seconds
[2025-10-08T08:33:04.822+0000] {processor.py:161} INFO - Started process (PID=2671) to work on /home/airflow/.local/lib/python3.12/site-packages/airflow/example_dags/example_latest_only_with_trigger.py
[2025-10-08T08:33:04.824+0000] {processor.py:830} INFO - Processing file /home/airflow/.local/lib/python3.12/site-packages/airflow/example_dags/example_latest_only_with_trigger.py for tasks to queue
[2025-10-08T08:33:04.826+0000] {logging_mixin.py:188} INFO - [2025-10-08T08:33:04.826+0000] {dagbag.py:545} INFO - Filling up the DagBag from /home/airflow/.local/lib/python3.12/site-packages/airflow/example_dags/example_latest_only_with_trigger.py
[2025-10-08T08:33:04.835+0000] {processor.py:840} INFO - DAG(s) 'latest_only_with_trigger' retrieved from /home/airflow/.local/lib/python3.12/site-packages/airflow/example_dags/example_latest_only_with_trigger.py
[2025-10-08T08:33:04.862+0000] {logging_mixin.py:188} INFO - [2025-10-08T08:33:04.861+0000] {dag.py:3096} INFO - Sync 1 DAGs
[2025-10-08T08:33:04.885+0000] {logging_mixin.py:188} INFO - [2025-10-08T08:33:04.885+0000] {dag.py:3954} INFO - Setting next_dagrun for latest_only_with_trigger to 2025-10-08 04:00:00+00:00, run_after=2025-10-08 08:00:00+00:00
[2025-10-08T08:33:04.907+0000] {processor.py:183} INFO - Processing /home/airflow/.local/lib/python3.12/site-packages/airflow/example_dags/example_latest_only_with_trigger.py took 0.092 seconds
[2025-10-08T08:33:35.922+0000] {processor.py:161} INFO - Started process (PID=2730) to work on /home/airflow/.local/lib/python3.12/site-packages/airflow/example_dags/example_latest_only_with_trigger.py
[2025-10-08T08:33:35.923+0000] {processor.py:830} INFO - Processing file /home/airflow/.local/lib/python3.12/site-packages/airflow/example_dags/example_latest_only_with_trigger.py for tasks to queue
[2025-10-08T08:33:35.924+0000] {logging_mixin.py:188} INFO - [2025-10-08T08:33:35.924+0000] {dagbag.py:545} INFO - Filling up the DagBag from /home/airflow/.local/lib/python3.12/site-packages/airflow/example_dags/example_latest_only_with_trigger.py
[2025-10-08T08:33:35.930+0000] {processor.py:840} INFO - DAG(s) 'latest_only_with_trigger' retrieved from /home/airflow/.local/lib/python3.12/site-packages/airflow/example_dags/example_latest_only_with_trigger.py
[2025-10-08T08:33:35.954+0000] {logging_mixin.py:188} INFO - [2025-10-08T08:33:35.953+0000] {dag.py:3096} INFO - Sync 1 DAGs
[2025-10-08T08:33:35.976+0000] {logging_mixin.py:188} INFO - [2025-10-08T08:33:35.976+0000] {dag.py:3954} INFO - Setting next_dagrun for latest_only_with_trigger to 2025-10-08 04:00:00+00:00, run_after=2025-10-08 08:00:00+00:00
[2025-10-08T08:33:35.999+0000] {processor.py:183} INFO - Processing /home/airflow/.local/lib/python3.12/site-packages/airflow/example_dags/example_latest_only_with_trigger.py took 0.083 seconds
[2025-10-08T08:34:06.517+0000] {processor.py:161} INFO - Started process (PID=2789) to work on /home/airflow/.local/lib/python3.12/site-packages/airflow/example_dags/example_latest_only_with_trigger.py
[2025-10-08T08:34:06.519+0000] {processor.py:830} INFO - Processing file /home/airflow/.local/lib/python3.12/site-packages/airflow/example_dags/example_latest_only_with_trigger.py for tasks to queue
[2025-10-08T08:34:06.524+0000] {logging_mixin.py:188} INFO - [2025-10-08T08:34:06.524+0000] {dagbag.py:545} INFO - Filling up the DagBag from /home/airflow/.local/lib/python3.12/site-packages/airflow/example_dags/example_latest_only_with_trigger.py
[2025-10-08T08:34:06.533+0000] {processor.py:840} INFO - DAG(s) 'latest_only_with_trigger' retrieved from /home/airflow/.local/lib/python3.12/site-packages/airflow/example_dags/example_latest_only_with_trigger.py
[2025-10-08T08:34:06.559+0000] {logging_mixin.py:188} INFO - [2025-10-08T08:34:06.559+0000] {dag.py:3096} INFO - Sync 1 DAGs
[2025-10-08T08:34:06.586+0000] {logging_mixin.py:188} INFO - [2025-10-08T08:34:06.585+0000] {dag.py:3954} INFO - Setting next_dagrun for latest_only_with_trigger to 2025-10-08 04:00:00+00:00, run_after=2025-10-08 08:00:00+00:00
[2025-10-08T08:34:06.613+0000] {processor.py:183} INFO - Processing /home/airflow/.local/lib/python3.12/site-packages/airflow/example_dags/example_latest_only_with_trigger.py took 0.105 seconds
[2025-10-08T08:34:36.932+0000] {processor.py:161} INFO - Started process (PID=2848) to work on /home/airflow/.local/lib/python3.12/site-packages/airflow/example_dags/example_latest_only_with_trigger.py
[2025-10-08T08:34:36.933+0000] {processor.py:830} INFO - Processing file /home/airflow/.local/lib/python3.12/site-packages/airflow/example_dags/example_latest_only_with_trigger.py for tasks to queue
[2025-10-08T08:34:36.935+0000] {logging_mixin.py:188} INFO - [2025-10-08T08:34:36.935+0000] {dagbag.py:545} INFO - Filling up the DagBag from /home/airflow/.local/lib/python3.12/site-packages/airflow/example_dags/example_latest_only_with_trigger.py
[2025-10-08T08:34:36.942+0000] {processor.py:840} INFO - DAG(s) 'latest_only_with_trigger' retrieved from /home/airflow/.local/lib/python3.12/site-packages/airflow/example_dags/example_latest_only_with_trigger.py
[2025-10-08T08:34:36.969+0000] {logging_mixin.py:188} INFO - [2025-10-08T08:34:36.969+0000] {dag.py:3096} INFO - Sync 1 DAGs
[2025-10-08T08:34:36.993+0000] {logging_mixin.py:188} INFO - [2025-10-08T08:34:36.992+0000] {dag.py:3954} INFO - Setting next_dagrun for latest_only_with_trigger to 2025-10-08 04:00:00+00:00, run_after=2025-10-08 08:00:00+00:00
[2025-10-08T08:34:37.027+0000] {processor.py:183} INFO - Processing /home/airflow/.local/lib/python3.12/site-packages/airflow/example_dags/example_latest_only_with_trigger.py took 0.102 seconds
[2025-10-08T08:35:07.374+0000] {processor.py:161} INFO - Started process (PID=2907) to work on /home/airflow/.local/lib/python3.12/site-packages/airflow/example_dags/example_latest_only_with_trigger.py
[2025-10-08T08:35:07.375+0000] {processor.py:830} INFO - Processing file /home/airflow/.local/lib/python3.12/site-packages/airflow/example_dags/example_latest_only_with_trigger.py for tasks to queue
[2025-10-08T08:35:07.378+0000] {logging_mixin.py:188} INFO - [2025-10-08T08:35:07.378+0000] {dagbag.py:545} INFO - Filling up the DagBag from /home/airflow/.local/lib/python3.12/site-packages/airflow/example_dags/example_latest_only_with_trigger.py
[2025-10-08T08:35:07.387+0000] {processor.py:840} INFO - DAG(s) 'latest_only_with_trigger' retrieved from /home/airflow/.local/lib/python3.12/site-packages/airflow/example_dags/example_latest_only_with_trigger.py
[2025-10-08T08:35:07.414+0000] {logging_mixin.py:188} INFO - [2025-10-08T08:35:07.414+0000] {dag.py:3096} INFO - Sync 1 DAGs
[2025-10-08T08:35:07.440+0000] {logging_mixin.py:188} INFO - [2025-10-08T08:35:07.440+0000] {dag.py:3954} INFO - Setting next_dagrun for latest_only_with_trigger to 2025-10-08 04:00:00+00:00, run_after=2025-10-08 08:00:00+00:00
[2025-10-08T08:35:07.465+0000] {processor.py:183} INFO - Processing /home/airflow/.local/lib/python3.12/site-packages/airflow/example_dags/example_latest_only_with_trigger.py took 0.098 seconds
[2025-10-08T08:35:37.749+0000] {processor.py:161} INFO - Started process (PID=2966) to work on /home/airflow/.local/lib/python3.12/site-packages/airflow/example_dags/example_latest_only_with_trigger.py
[2025-10-08T08:35:37.751+0000] {processor.py:830} INFO - Processing file /home/airflow/.local/lib/python3.12/site-packages/airflow/example_dags/example_latest_only_with_trigger.py for tasks to queue
[2025-10-08T08:35:37.754+0000] {logging_mixin.py:188} INFO - [2025-10-08T08:35:37.753+0000] {dagbag.py:545} INFO - Filling up the DagBag from /home/airflow/.local/lib/python3.12/site-packages/airflow/example_dags/example_latest_only_with_trigger.py
[2025-10-08T08:35:37.761+0000] {processor.py:840} INFO - DAG(s) 'latest_only_with_trigger' retrieved from /home/airflow/.local/lib/python3.12/site-packages/airflow/example_dags/example_latest_only_with_trigger.py
[2025-10-08T08:35:37.787+0000] {logging_mixin.py:188} INFO - [2025-10-08T08:35:37.786+0000] {dag.py:3096} INFO - Sync 1 DAGs
[2025-10-08T08:35:37.814+0000] {logging_mixin.py:188} INFO - [2025-10-08T08:35:37.814+0000] {dag.py:3954} INFO - Setting next_dagrun for latest_only_with_trigger to 2025-10-08 04:00:00+00:00, run_after=2025-10-08 08:00:00+00:00
[2025-10-08T08:35:37.836+0000] {processor.py:183} INFO - Processing /home/airflow/.local/lib/python3.12/site-packages/airflow/example_dags/example_latest_only_with_trigger.py took 0.093 seconds
[2025-10-08T08:36:08.301+0000] {processor.py:161} INFO - Started process (PID=3025) to work on /home/airflow/.local/lib/python3.12/site-packages/airflow/example_dags/example_latest_only_with_trigger.py
[2025-10-08T08:36:08.303+0000] {processor.py:830} INFO - Processing file /home/airflow/.local/lib/python3.12/site-packages/airflow/example_dags/example_latest_only_with_trigger.py for tasks to queue
[2025-10-08T08:36:08.306+0000] {logging_mixin.py:188} INFO - [2025-10-08T08:36:08.305+0000] {dagbag.py:545} INFO - Filling up the DagBag from /home/airflow/.local/lib/python3.12/site-packages/airflow/example_dags/example_latest_only_with_trigger.py
[2025-10-08T08:36:08.312+0000] {processor.py:840} INFO - DAG(s) 'latest_only_with_trigger' retrieved from /home/airflow/.local/lib/python3.12/site-packages/airflow/example_dags/example_latest_only_with_trigger.py
[2025-10-08T08:36:08.341+0000] {logging_mixin.py:188} INFO - [2025-10-08T08:36:08.341+0000] {dag.py:3096} INFO - Sync 1 DAGs
[2025-10-08T08:36:08.364+0000] {logging_mixin.py:188} INFO - [2025-10-08T08:36:08.364+0000] {dag.py:3954} INFO - Setting next_dagrun for latest_only_with_trigger to 2025-10-08 04:00:00+00:00, run_after=2025-10-08 08:00:00+00:00
[2025-10-08T08:36:08.387+0000] {processor.py:183} INFO - Processing /home/airflow/.local/lib/python3.12/site-packages/airflow/example_dags/example_latest_only_with_trigger.py took 0.095 seconds
[2025-10-08T08:36:38.906+0000] {processor.py:161} INFO - Started process (PID=3084) to work on /home/airflow/.local/lib/python3.12/site-packages/airflow/example_dags/example_latest_only_with_trigger.py
[2025-10-08T08:36:38.910+0000] {processor.py:830} INFO - Processing file /home/airflow/.local/lib/python3.12/site-packages/airflow/example_dags/example_latest_only_with_trigger.py for tasks to queue
[2025-10-08T08:36:38.920+0000] {logging_mixin.py:188} INFO - [2025-10-08T08:36:38.918+0000] {dagbag.py:545} INFO - Filling up the DagBag from /home/airflow/.local/lib/python3.12/site-packages/airflow/example_dags/example_latest_only_with_trigger.py
[2025-10-08T08:36:38.942+0000] {processor.py:840} INFO - DAG(s) 'latest_only_with_trigger' retrieved from /home/airflow/.local/lib/python3.12/site-packages/airflow/example_dags/example_latest_only_with_trigger.py
[2025-10-08T08:36:38.983+0000] {logging_mixin.py:188} INFO - [2025-10-08T08:36:38.982+0000] {dag.py:3096} INFO - Sync 1 DAGs
[2025-10-08T08:36:39.021+0000] {logging_mixin.py:188} INFO - [2025-10-08T08:36:39.021+0000] {dag.py:3954} INFO - Setting next_dagrun for latest_only_with_trigger to 2025-10-08 04:00:00+00:00, run_after=2025-10-08 08:00:00+00:00
[2025-10-08T08:36:39.048+0000] {processor.py:183} INFO - Processing /home/airflow/.local/lib/python3.12/site-packages/airflow/example_dags/example_latest_only_with_trigger.py took 0.154 seconds
[2025-10-08T08:37:09.509+0000] {processor.py:161} INFO - Started process (PID=3143) to work on /home/airflow/.local/lib/python3.12/site-packages/airflow/example_dags/example_latest_only_with_trigger.py
[2025-10-08T08:37:09.511+0000] {processor.py:830} INFO - Processing file /home/airflow/.local/lib/python3.12/site-packages/airflow/example_dags/example_latest_only_with_trigger.py for tasks to queue
[2025-10-08T08:37:09.515+0000] {logging_mixin.py:188} INFO - [2025-10-08T08:37:09.515+0000] {dagbag.py:545} INFO - Filling up the DagBag from /home/airflow/.local/lib/python3.12/site-packages/airflow/example_dags/example_latest_only_with_trigger.py
[2025-10-08T08:37:09.526+0000] {processor.py:840} INFO - DAG(s) 'latest_only_with_trigger' retrieved from /home/airflow/.local/lib/python3.12/site-packages/airflow/example_dags/example_latest_only_with_trigger.py
[2025-10-08T08:37:09.556+0000] {logging_mixin.py:188} INFO - [2025-10-08T08:37:09.556+0000] {dag.py:3096} INFO - Sync 1 DAGs
[2025-10-08T08:37:09.585+0000] {logging_mixin.py:188} INFO - [2025-10-08T08:37:09.585+0000] {dag.py:3954} INFO - Setting next_dagrun for latest_only_with_trigger to 2025-10-08 04:00:00+00:00, run_after=2025-10-08 08:00:00+00:00
[2025-10-08T08:37:09.617+0000] {processor.py:183} INFO - Processing /home/airflow/.local/lib/python3.12/site-packages/airflow/example_dags/example_latest_only_with_trigger.py took 0.121 seconds
[2025-10-08T08:37:40.751+0000] {processor.py:161} INFO - Started process (PID=3202) to work on /home/airflow/.local/lib/python3.12/site-packages/airflow/example_dags/example_latest_only_with_trigger.py
[2025-10-08T08:37:40.753+0000] {processor.py:830} INFO - Processing file /home/airflow/.local/lib/python3.12/site-packages/airflow/example_dags/example_latest_only_with_trigger.py for tasks to queue
[2025-10-08T08:37:40.756+0000] {logging_mixin.py:188} INFO - [2025-10-08T08:37:40.755+0000] {dagbag.py:545} INFO - Filling up the DagBag from /home/airflow/.local/lib/python3.12/site-packages/airflow/example_dags/example_latest_only_with_trigger.py
[2025-10-08T08:37:40.765+0000] {processor.py:840} INFO - DAG(s) 'latest_only_with_trigger' retrieved from /home/airflow/.local/lib/python3.12/site-packages/airflow/example_dags/example_latest_only_with_trigger.py
[2025-10-08T08:37:40.792+0000] {logging_mixin.py:188} INFO - [2025-10-08T08:37:40.791+0000] {dag.py:3096} INFO - Sync 1 DAGs
[2025-10-08T08:37:40.819+0000] {logging_mixin.py:188} INFO - [2025-10-08T08:37:40.819+0000] {dag.py:3954} INFO - Setting next_dagrun for latest_only_with_trigger to 2025-10-08 04:00:00+00:00, run_after=2025-10-08 08:00:00+00:00
[2025-10-08T08:37:40.847+0000] {processor.py:183} INFO - Processing /home/airflow/.local/lib/python3.12/site-packages/airflow/example_dags/example_latest_only_with_trigger.py took 0.105 seconds
[2025-10-08T08:38:11.472+0000] {processor.py:161} INFO - Started process (PID=3261) to work on /home/airflow/.local/lib/python3.12/site-packages/airflow/example_dags/example_latest_only_with_trigger.py
[2025-10-08T08:38:11.476+0000] {processor.py:830} INFO - Processing file /home/airflow/.local/lib/python3.12/site-packages/airflow/example_dags/example_latest_only_with_trigger.py for tasks to queue
[2025-10-08T08:38:11.487+0000] {logging_mixin.py:188} INFO - [2025-10-08T08:38:11.482+0000] {dagbag.py:545} INFO - Filling up the DagBag from /home/airflow/.local/lib/python3.12/site-packages/airflow/example_dags/example_latest_only_with_trigger.py
[2025-10-08T08:38:11.500+0000] {processor.py:840} INFO - DAG(s) 'latest_only_with_trigger' retrieved from /home/airflow/.local/lib/python3.12/site-packages/airflow/example_dags/example_latest_only_with_trigger.py
[2025-10-08T08:38:11.526+0000] {logging_mixin.py:188} INFO - [2025-10-08T08:38:11.526+0000] {dag.py:3096} INFO - Sync 1 DAGs
[2025-10-08T08:38:11.551+0000] {logging_mixin.py:188} INFO - [2025-10-08T08:38:11.551+0000] {dag.py:3954} INFO - Setting next_dagrun for latest_only_with_trigger to 2025-10-08 04:00:00+00:00, run_after=2025-10-08 08:00:00+00:00
[2025-10-08T08:38:11.573+0000] {processor.py:183} INFO - Processing /home/airflow/.local/lib/python3.12/site-packages/airflow/example_dags/example_latest_only_with_trigger.py took 0.119 seconds
[2025-10-08T08:38:41.854+0000] {processor.py:161} INFO - Started process (PID=3320) to work on /home/airflow/.local/lib/python3.12/site-packages/airflow/example_dags/example_latest_only_with_trigger.py
[2025-10-08T08:38:41.857+0000] {processor.py:830} INFO - Processing file /home/airflow/.local/lib/python3.12/site-packages/airflow/example_dags/example_latest_only_with_trigger.py for tasks to queue
[2025-10-08T08:38:41.861+0000] {logging_mixin.py:188} INFO - [2025-10-08T08:38:41.861+0000] {dagbag.py:545} INFO - Filling up the DagBag from /home/airflow/.local/lib/python3.12/site-packages/airflow/example_dags/example_latest_only_with_trigger.py
[2025-10-08T08:38:41.872+0000] {processor.py:840} INFO - DAG(s) 'latest_only_with_trigger' retrieved from /home/airflow/.local/lib/python3.12/site-packages/airflow/example_dags/example_latest_only_with_trigger.py
[2025-10-08T08:38:41.911+0000] {logging_mixin.py:188} INFO - [2025-10-08T08:38:41.911+0000] {dag.py:3096} INFO - Sync 1 DAGs
[2025-10-08T08:38:41.937+0000] {logging_mixin.py:188} INFO - [2025-10-08T08:38:41.937+0000] {dag.py:3954} INFO - Setting next_dagrun for latest_only_with_trigger to 2025-10-08 04:00:00+00:00, run_after=2025-10-08 08:00:00+00:00
[2025-10-08T08:38:41.960+0000] {processor.py:183} INFO - Processing /home/airflow/.local/lib/python3.12/site-packages/airflow/example_dags/example_latest_only_with_trigger.py took 0.118 seconds
[2025-10-08T08:39:12.831+0000] {processor.py:161} INFO - Started process (PID=3379) to work on /home/airflow/.local/lib/python3.12/site-packages/airflow/example_dags/example_latest_only_with_trigger.py
[2025-10-08T08:39:12.834+0000] {processor.py:830} INFO - Processing file /home/airflow/.local/lib/python3.12/site-packages/airflow/example_dags/example_latest_only_with_trigger.py for tasks to queue
[2025-10-08T08:39:12.838+0000] {logging_mixin.py:188} INFO - [2025-10-08T08:39:12.837+0000] {dagbag.py:545} INFO - Filling up the DagBag from /home/airflow/.local/lib/python3.12/site-packages/airflow/example_dags/example_latest_only_with_trigger.py
[2025-10-08T08:39:12.849+0000] {processor.py:840} INFO - DAG(s) 'latest_only_with_trigger' retrieved from /home/airflow/.local/lib/python3.12/site-packages/airflow/example_dags/example_latest_only_with_trigger.py
[2025-10-08T08:39:12.887+0000] {logging_mixin.py:188} INFO - [2025-10-08T08:39:12.886+0000] {dag.py:3096} INFO - Sync 1 DAGs
[2025-10-08T08:39:12.914+0000] {logging_mixin.py:188} INFO - [2025-10-08T08:39:12.913+0000] {dag.py:3954} INFO - Setting next_dagrun for latest_only_with_trigger to 2025-10-08 04:00:00+00:00, run_after=2025-10-08 08:00:00+00:00
[2025-10-08T08:39:12.950+0000] {processor.py:183} INFO - Processing /home/airflow/.local/lib/python3.12/site-packages/airflow/example_dags/example_latest_only_with_trigger.py took 0.131 seconds
[2025-10-08T08:39:43.204+0000] {processor.py:161} INFO - Started process (PID=3444) to work on /home/airflow/.local/lib/python3.12/site-packages/airflow/example_dags/example_latest_only_with_trigger.py
[2025-10-08T08:39:43.206+0000] {processor.py:830} INFO - Processing file /home/airflow/.local/lib/python3.12/site-packages/airflow/example_dags/example_latest_only_with_trigger.py for tasks to queue
[2025-10-08T08:39:43.210+0000] {logging_mixin.py:188} INFO - [2025-10-08T08:39:43.209+0000] {dagbag.py:545} INFO - Filling up the DagBag from /home/airflow/.local/lib/python3.12/site-packages/airflow/example_dags/example_latest_only_with_trigger.py
[2025-10-08T08:39:43.219+0000] {processor.py:840} INFO - DAG(s) 'latest_only_with_trigger' retrieved from /home/airflow/.local/lib/python3.12/site-packages/airflow/example_dags/example_latest_only_with_trigger.py
[2025-10-08T08:39:43.250+0000] {logging_mixin.py:188} INFO - [2025-10-08T08:39:43.249+0000] {dag.py:3096} INFO - Sync 1 DAGs
[2025-10-08T08:39:43.289+0000] {logging_mixin.py:188} INFO - [2025-10-08T08:39:43.289+0000] {dag.py:3954} INFO - Setting next_dagrun for latest_only_with_trigger to 2025-10-08 04:00:00+00:00, run_after=2025-10-08 08:00:00+00:00
[2025-10-08T08:39:43.329+0000] {processor.py:183} INFO - Processing /home/airflow/.local/lib/python3.12/site-packages/airflow/example_dags/example_latest_only_with_trigger.py took 0.134 seconds
[2025-10-08T08:40:13.650+0000] {processor.py:161} INFO - Started process (PID=3503) to work on /home/airflow/.local/lib/python3.12/site-packages/airflow/example_dags/example_latest_only_with_trigger.py
[2025-10-08T08:40:13.651+0000] {processor.py:830} INFO - Processing file /home/airflow/.local/lib/python3.12/site-packages/airflow/example_dags/example_latest_only_with_trigger.py for tasks to queue
[2025-10-08T08:40:13.655+0000] {logging_mixin.py:188} INFO - [2025-10-08T08:40:13.654+0000] {dagbag.py:545} INFO - Filling up the DagBag from /home/airflow/.local/lib/python3.12/site-packages/airflow/example_dags/example_latest_only_with_trigger.py
[2025-10-08T08:40:13.662+0000] {processor.py:840} INFO - DAG(s) 'latest_only_with_trigger' retrieved from /home/airflow/.local/lib/python3.12/site-packages/airflow/example_dags/example_latest_only_with_trigger.py
[2025-10-08T08:40:13.704+0000] {logging_mixin.py:188} INFO - [2025-10-08T08:40:13.704+0000] {dag.py:3096} INFO - Sync 1 DAGs
[2025-10-08T08:40:13.758+0000] {logging_mixin.py:188} INFO - [2025-10-08T08:40:13.758+0000] {dag.py:3954} INFO - Setting next_dagrun for latest_only_with_trigger to 2025-10-08 04:00:00+00:00, run_after=2025-10-08 08:00:00+00:00
[2025-10-08T08:40:13.781+0000] {processor.py:183} INFO - Processing /home/airflow/.local/lib/python3.12/site-packages/airflow/example_dags/example_latest_only_with_trigger.py took 0.146 seconds
[2025-10-08T08:40:43.850+0000] {processor.py:161} INFO - Started process (PID=3568) to work on /home/airflow/.local/lib/python3.12/site-packages/airflow/example_dags/example_latest_only_with_trigger.py
[2025-10-08T08:40:43.852+0000] {processor.py:830} INFO - Processing file /home/airflow/.local/lib/python3.12/site-packages/airflow/example_dags/example_latest_only_with_trigger.py for tasks to queue
[2025-10-08T08:40:43.854+0000] {logging_mixin.py:188} INFO - [2025-10-08T08:40:43.854+0000] {dagbag.py:545} INFO - Filling up the DagBag from /home/airflow/.local/lib/python3.12/site-packages/airflow/example_dags/example_latest_only_with_trigger.py
[2025-10-08T08:40:43.861+0000] {processor.py:840} INFO - DAG(s) 'latest_only_with_trigger' retrieved from /home/airflow/.local/lib/python3.12/site-packages/airflow/example_dags/example_latest_only_with_trigger.py
[2025-10-08T08:40:43.884+0000] {logging_mixin.py:188} INFO - [2025-10-08T08:40:43.884+0000] {dag.py:3096} INFO - Sync 1 DAGs
[2025-10-08T08:40:43.910+0000] {logging_mixin.py:188} INFO - [2025-10-08T08:40:43.910+0000] {dag.py:3954} INFO - Setting next_dagrun for latest_only_with_trigger to 2025-10-08 04:00:00+00:00, run_after=2025-10-08 08:00:00+00:00
[2025-10-08T08:40:43.930+0000] {processor.py:183} INFO - Processing /home/airflow/.local/lib/python3.12/site-packages/airflow/example_dags/example_latest_only_with_trigger.py took 0.090 seconds
[2025-10-08T08:41:14.266+0000] {processor.py:161} INFO - Started process (PID=3627) to work on /home/airflow/.local/lib/python3.12/site-packages/airflow/example_dags/example_latest_only_with_trigger.py
[2025-10-08T08:41:14.268+0000] {processor.py:830} INFO - Processing file /home/airflow/.local/lib/python3.12/site-packages/airflow/example_dags/example_latest_only_with_trigger.py for tasks to queue
[2025-10-08T08:41:14.271+0000] {logging_mixin.py:188} INFO - [2025-10-08T08:41:14.271+0000] {dagbag.py:545} INFO - Filling up the DagBag from /home/airflow/.local/lib/python3.12/site-packages/airflow/example_dags/example_latest_only_with_trigger.py
[2025-10-08T08:41:14.280+0000] {processor.py:840} INFO - DAG(s) 'latest_only_with_trigger' retrieved from /home/airflow/.local/lib/python3.12/site-packages/airflow/example_dags/example_latest_only_with_trigger.py
[2025-10-08T08:41:14.309+0000] {logging_mixin.py:188} INFO - [2025-10-08T08:41:14.309+0000] {dag.py:3096} INFO - Sync 1 DAGs
[2025-10-08T08:41:14.340+0000] {logging_mixin.py:188} INFO - [2025-10-08T08:41:14.340+0000] {dag.py:3954} INFO - Setting next_dagrun for latest_only_with_trigger to 2025-10-08 04:00:00+00:00, run_after=2025-10-08 08:00:00+00:00
[2025-10-08T08:41:14.370+0000] {processor.py:183} INFO - Processing /home/airflow/.local/lib/python3.12/site-packages/airflow/example_dags/example_latest_only_with_trigger.py took 0.112 seconds
[2025-10-08T08:41:45.092+0000] {processor.py:161} INFO - Started process (PID=3686) to work on /home/airflow/.local/lib/python3.12/site-packages/airflow/example_dags/example_latest_only_with_trigger.py
[2025-10-08T08:41:45.093+0000] {processor.py:830} INFO - Processing file /home/airflow/.local/lib/python3.12/site-packages/airflow/example_dags/example_latest_only_with_trigger.py for tasks to queue
[2025-10-08T08:41:45.097+0000] {logging_mixin.py:188} INFO - [2025-10-08T08:41:45.097+0000] {dagbag.py:545} INFO - Filling up the DagBag from /home/airflow/.local/lib/python3.12/site-packages/airflow/example_dags/example_latest_only_with_trigger.py
[2025-10-08T08:41:45.104+0000] {processor.py:840} INFO - DAG(s) 'latest_only_with_trigger' retrieved from /home/airflow/.local/lib/python3.12/site-packages/airflow/example_dags/example_latest_only_with_trigger.py
[2025-10-08T08:41:45.132+0000] {logging_mixin.py:188} INFO - [2025-10-08T08:41:45.132+0000] {dag.py:3096} INFO - Sync 1 DAGs
[2025-10-08T08:41:45.159+0000] {logging_mixin.py:188} INFO - [2025-10-08T08:41:45.159+0000] {dag.py:3954} INFO - Setting next_dagrun for latest_only_with_trigger to 2025-10-08 04:00:00+00:00, run_after=2025-10-08 08:00:00+00:00
[2025-10-08T08:41:45.179+0000] {processor.py:183} INFO - Processing /home/airflow/.local/lib/python3.12/site-packages/airflow/example_dags/example_latest_only_with_trigger.py took 0.094 seconds
[2025-10-08T08:42:15.730+0000] {processor.py:161} INFO - Started process (PID=3745) to work on /home/airflow/.local/lib/python3.12/site-packages/airflow/example_dags/example_latest_only_with_trigger.py
[2025-10-08T08:42:15.731+0000] {processor.py:830} INFO - Processing file /home/airflow/.local/lib/python3.12/site-packages/airflow/example_dags/example_latest_only_with_trigger.py for tasks to queue
[2025-10-08T08:42:15.735+0000] {logging_mixin.py:188} INFO - [2025-10-08T08:42:15.734+0000] {dagbag.py:545} INFO - Filling up the DagBag from /home/airflow/.local/lib/python3.12/site-packages/airflow/example_dags/example_latest_only_with_trigger.py
[2025-10-08T08:42:15.745+0000] {processor.py:840} INFO - DAG(s) 'latest_only_with_trigger' retrieved from /home/airflow/.local/lib/python3.12/site-packages/airflow/example_dags/example_latest_only_with_trigger.py
[2025-10-08T08:42:15.770+0000] {logging_mixin.py:188} INFO - [2025-10-08T08:42:15.770+0000] {dag.py:3096} INFO - Sync 1 DAGs
[2025-10-08T08:42:15.799+0000] {logging_mixin.py:188} INFO - [2025-10-08T08:42:15.799+0000] {dag.py:3954} INFO - Setting next_dagrun for latest_only_with_trigger to 2025-10-08 04:00:00+00:00, run_after=2025-10-08 08:00:00+00:00
[2025-10-08T08:42:15.830+0000] {processor.py:183} INFO - Processing /home/airflow/.local/lib/python3.12/site-packages/airflow/example_dags/example_latest_only_with_trigger.py took 0.108 seconds
[2025-10-08T08:42:46.209+0000] {processor.py:161} INFO - Started process (PID=3804) to work on /home/airflow/.local/lib/python3.12/site-packages/airflow/example_dags/example_latest_only_with_trigger.py
[2025-10-08T08:42:46.210+0000] {processor.py:830} INFO - Processing file /home/airflow/.local/lib/python3.12/site-packages/airflow/example_dags/example_latest_only_with_trigger.py for tasks to queue
[2025-10-08T08:42:46.213+0000] {logging_mixin.py:188} INFO - [2025-10-08T08:42:46.212+0000] {dagbag.py:545} INFO - Filling up the DagBag from /home/airflow/.local/lib/python3.12/site-packages/airflow/example_dags/example_latest_only_with_trigger.py
[2025-10-08T08:42:46.219+0000] {processor.py:840} INFO - DAG(s) 'latest_only_with_trigger' retrieved from /home/airflow/.local/lib/python3.12/site-packages/airflow/example_dags/example_latest_only_with_trigger.py
[2025-10-08T08:42:46.244+0000] {logging_mixin.py:188} INFO - [2025-10-08T08:42:46.243+0000] {dag.py:3096} INFO - Sync 1 DAGs
[2025-10-08T08:42:46.268+0000] {logging_mixin.py:188} INFO - [2025-10-08T08:42:46.267+0000] {dag.py:3954} INFO - Setting next_dagrun for latest_only_with_trigger to 2025-10-08 04:00:00+00:00, run_after=2025-10-08 08:00:00+00:00
[2025-10-08T08:42:46.287+0000] {processor.py:183} INFO - Processing /home/airflow/.local/lib/python3.12/site-packages/airflow/example_dags/example_latest_only_with_trigger.py took 0.085 seconds
[2025-10-08T08:43:17.479+0000] {processor.py:161} INFO - Started process (PID=3863) to work on /home/airflow/.local/lib/python3.12/site-packages/airflow/example_dags/example_latest_only_with_trigger.py
[2025-10-08T08:43:17.482+0000] {processor.py:830} INFO - Processing file /home/airflow/.local/lib/python3.12/site-packages/airflow/example_dags/example_latest_only_with_trigger.py for tasks to queue
[2025-10-08T08:43:17.486+0000] {logging_mixin.py:188} INFO - [2025-10-08T08:43:17.485+0000] {dagbag.py:545} INFO - Filling up the DagBag from /home/airflow/.local/lib/python3.12/site-packages/airflow/example_dags/example_latest_only_with_trigger.py
[2025-10-08T08:43:17.501+0000] {processor.py:840} INFO - DAG(s) 'latest_only_with_trigger' retrieved from /home/airflow/.local/lib/python3.12/site-packages/airflow/example_dags/example_latest_only_with_trigger.py
[2025-10-08T08:43:17.547+0000] {logging_mixin.py:188} INFO - [2025-10-08T08:43:17.546+0000] {dag.py:3096} INFO - Sync 1 DAGs
[2025-10-08T08:43:17.588+0000] {logging_mixin.py:188} INFO - [2025-10-08T08:43:17.587+0000] {dag.py:3954} INFO - Setting next_dagrun for latest_only_with_trigger to 2025-10-08 04:00:00+00:00, run_after=2025-10-08 08:00:00+00:00
[2025-10-08T08:43:17.611+0000] {processor.py:183} INFO - Processing /home/airflow/.local/lib/python3.12/site-packages/airflow/example_dags/example_latest_only_with_trigger.py took 0.147 seconds
[2025-10-08T08:43:48.740+0000] {processor.py:161} INFO - Started process (PID=3924) to work on /home/airflow/.local/lib/python3.12/site-packages/airflow/example_dags/example_latest_only_with_trigger.py
[2025-10-08T08:43:48.742+0000] {processor.py:830} INFO - Processing file /home/airflow/.local/lib/python3.12/site-packages/airflow/example_dags/example_latest_only_with_trigger.py for tasks to queue
[2025-10-08T08:43:48.745+0000] {logging_mixin.py:188} INFO - [2025-10-08T08:43:48.745+0000] {dagbag.py:545} INFO - Filling up the DagBag from /home/airflow/.local/lib/python3.12/site-packages/airflow/example_dags/example_latest_only_with_trigger.py
[2025-10-08T08:43:48.754+0000] {processor.py:840} INFO - DAG(s) 'latest_only_with_trigger' retrieved from /home/airflow/.local/lib/python3.12/site-packages/airflow/example_dags/example_latest_only_with_trigger.py
[2025-10-08T08:43:48.786+0000] {logging_mixin.py:188} INFO - [2025-10-08T08:43:48.786+0000] {dag.py:3096} INFO - Sync 1 DAGs
[2025-10-08T08:43:48.815+0000] {logging_mixin.py:188} INFO - [2025-10-08T08:43:48.815+0000] {dag.py:3954} INFO - Setting next_dagrun for latest_only_with_trigger to 2025-10-08 04:00:00+00:00, run_after=2025-10-08 08:00:00+00:00
[2025-10-08T08:43:48.843+0000] {processor.py:183} INFO - Processing /home/airflow/.local/lib/python3.12/site-packages/airflow/example_dags/example_latest_only_with_trigger.py took 0.112 seconds
[2025-10-08T08:44:19.410+0000] {processor.py:161} INFO - Started process (PID=3983) to work on /home/airflow/.local/lib/python3.12/site-packages/airflow/example_dags/example_latest_only_with_trigger.py
[2025-10-08T08:44:19.411+0000] {processor.py:830} INFO - Processing file /home/airflow/.local/lib/python3.12/site-packages/airflow/example_dags/example_latest_only_with_trigger.py for tasks to queue
[2025-10-08T08:44:19.413+0000] {logging_mixin.py:188} INFO - [2025-10-08T08:44:19.413+0000] {dagbag.py:545} INFO - Filling up the DagBag from /home/airflow/.local/lib/python3.12/site-packages/airflow/example_dags/example_latest_only_with_trigger.py
[2025-10-08T08:44:19.422+0000] {processor.py:840} INFO - DAG(s) 'latest_only_with_trigger' retrieved from /home/airflow/.local/lib/python3.12/site-packages/airflow/example_dags/example_latest_only_with_trigger.py
[2025-10-08T08:44:19.451+0000] {logging_mixin.py:188} INFO - [2025-10-08T08:44:19.450+0000] {dag.py:3096} INFO - Sync 1 DAGs
[2025-10-08T08:44:19.476+0000] {logging_mixin.py:188} INFO - [2025-10-08T08:44:19.475+0000] {dag.py:3954} INFO - Setting next_dagrun for latest_only_with_trigger to 2025-10-08 04:00:00+00:00, run_after=2025-10-08 08:00:00+00:00
[2025-10-08T08:44:19.499+0000] {processor.py:183} INFO - Processing /home/airflow/.local/lib/python3.12/site-packages/airflow/example_dags/example_latest_only_with_trigger.py took 0.097 seconds
[2025-10-08T08:44:50.056+0000] {processor.py:161} INFO - Started process (PID=4042) to work on /home/airflow/.local/lib/python3.12/site-packages/airflow/example_dags/example_latest_only_with_trigger.py
[2025-10-08T08:44:50.059+0000] {processor.py:830} INFO - Processing file /home/airflow/.local/lib/python3.12/site-packages/airflow/example_dags/example_latest_only_with_trigger.py for tasks to queue
[2025-10-08T08:44:50.063+0000] {logging_mixin.py:188} INFO - [2025-10-08T08:44:50.062+0000] {dagbag.py:545} INFO - Filling up the DagBag from /home/airflow/.local/lib/python3.12/site-packages/airflow/example_dags/example_latest_only_with_trigger.py
[2025-10-08T08:44:50.072+0000] {processor.py:840} INFO - DAG(s) 'latest_only_with_trigger' retrieved from /home/airflow/.local/lib/python3.12/site-packages/airflow/example_dags/example_latest_only_with_trigger.py
[2025-10-08T08:44:50.104+0000] {logging_mixin.py:188} INFO - [2025-10-08T08:44:50.103+0000] {dag.py:3096} INFO - Sync 1 DAGs
[2025-10-08T08:44:50.135+0000] {logging_mixin.py:188} INFO - [2025-10-08T08:44:50.134+0000] {dag.py:3954} INFO - Setting next_dagrun for latest_only_with_trigger to 2025-10-08 04:00:00+00:00, run_after=2025-10-08 08:00:00+00:00
[2025-10-08T08:44:50.179+0000] {processor.py:183} INFO - Processing /home/airflow/.local/lib/python3.12/site-packages/airflow/example_dags/example_latest_only_with_trigger.py took 0.134 seconds
[2025-10-08T08:45:20.709+0000] {processor.py:161} INFO - Started process (PID=4101) to work on /home/airflow/.local/lib/python3.12/site-packages/airflow/example_dags/example_latest_only_with_trigger.py
[2025-10-08T08:45:20.711+0000] {processor.py:830} INFO - Processing file /home/airflow/.local/lib/python3.12/site-packages/airflow/example_dags/example_latest_only_with_trigger.py for tasks to queue
[2025-10-08T08:45:20.716+0000] {logging_mixin.py:188} INFO - [2025-10-08T08:45:20.715+0000] {dagbag.py:545} INFO - Filling up the DagBag from /home/airflow/.local/lib/python3.12/site-packages/airflow/example_dags/example_latest_only_with_trigger.py
[2025-10-08T08:45:20.730+0000] {processor.py:840} INFO - DAG(s) 'latest_only_with_trigger' retrieved from /home/airflow/.local/lib/python3.12/site-packages/airflow/example_dags/example_latest_only_with_trigger.py
[2025-10-08T08:45:20.784+0000] {logging_mixin.py:188} INFO - [2025-10-08T08:45:20.784+0000] {dag.py:3096} INFO - Sync 1 DAGs
[2025-10-08T08:45:20.848+0000] {logging_mixin.py:188} INFO - [2025-10-08T08:45:20.848+0000] {dag.py:3954} INFO - Setting next_dagrun for latest_only_with_trigger to 2025-10-08 04:00:00+00:00, run_after=2025-10-08 08:00:00+00:00
[2025-10-08T08:45:20.890+0000] {processor.py:183} INFO - Processing /home/airflow/.local/lib/python3.12/site-packages/airflow/example_dags/example_latest_only_with_trigger.py took 0.194 seconds
[2025-10-08T08:45:51.325+0000] {processor.py:161} INFO - Started process (PID=4160) to work on /home/airflow/.local/lib/python3.12/site-packages/airflow/example_dags/example_latest_only_with_trigger.py
[2025-10-08T08:45:51.327+0000] {processor.py:830} INFO - Processing file /home/airflow/.local/lib/python3.12/site-packages/airflow/example_dags/example_latest_only_with_trigger.py for tasks to queue
[2025-10-08T08:45:51.331+0000] {logging_mixin.py:188} INFO - [2025-10-08T08:45:51.330+0000] {dagbag.py:545} INFO - Filling up the DagBag from /home/airflow/.local/lib/python3.12/site-packages/airflow/example_dags/example_latest_only_with_trigger.py
[2025-10-08T08:45:51.339+0000] {processor.py:840} INFO - DAG(s) 'latest_only_with_trigger' retrieved from /home/airflow/.local/lib/python3.12/site-packages/airflow/example_dags/example_latest_only_with_trigger.py
[2025-10-08T08:45:51.369+0000] {logging_mixin.py:188} INFO - [2025-10-08T08:45:51.368+0000] {dag.py:3096} INFO - Sync 1 DAGs
[2025-10-08T08:45:51.399+0000] {logging_mixin.py:188} INFO - [2025-10-08T08:45:51.399+0000] {dag.py:3954} INFO - Setting next_dagrun for latest_only_with_trigger to 2025-10-08 04:00:00+00:00, run_after=2025-10-08 08:00:00+00:00
[2025-10-08T08:45:51.424+0000] {processor.py:183} INFO - Processing /home/airflow/.local/lib/python3.12/site-packages/airflow/example_dags/example_latest_only_with_trigger.py took 0.106 seconds
[2025-10-08T08:46:22.073+0000] {processor.py:161} INFO - Started process (PID=4219) to work on /home/airflow/.local/lib/python3.12/site-packages/airflow/example_dags/example_latest_only_with_trigger.py
[2025-10-08T08:46:22.076+0000] {processor.py:830} INFO - Processing file /home/airflow/.local/lib/python3.12/site-packages/airflow/example_dags/example_latest_only_with_trigger.py for tasks to queue
[2025-10-08T08:46:22.081+0000] {logging_mixin.py:188} INFO - [2025-10-08T08:46:22.080+0000] {dagbag.py:545} INFO - Filling up the DagBag from /home/airflow/.local/lib/python3.12/site-packages/airflow/example_dags/example_latest_only_with_trigger.py
[2025-10-08T08:46:22.091+0000] {processor.py:840} INFO - DAG(s) 'latest_only_with_trigger' retrieved from /home/airflow/.local/lib/python3.12/site-packages/airflow/example_dags/example_latest_only_with_trigger.py
[2025-10-08T08:46:22.126+0000] {logging_mixin.py:188} INFO - [2025-10-08T08:46:22.125+0000] {dag.py:3096} INFO - Sync 1 DAGs
[2025-10-08T08:46:22.152+0000] {logging_mixin.py:188} INFO - [2025-10-08T08:46:22.152+0000] {dag.py:3954} INFO - Setting next_dagrun for latest_only_with_trigger to 2025-10-08 04:00:00+00:00, run_after=2025-10-08 08:00:00+00:00
[2025-10-08T08:46:22.173+0000] {processor.py:183} INFO - Processing /home/airflow/.local/lib/python3.12/site-packages/airflow/example_dags/example_latest_only_with_trigger.py took 0.108 seconds
[2025-10-08T08:46:52.632+0000] {processor.py:161} INFO - Started process (PID=4278) to work on /home/airflow/.local/lib/python3.12/site-packages/airflow/example_dags/example_latest_only_with_trigger.py
[2025-10-08T08:46:52.633+0000] {processor.py:830} INFO - Processing file /home/airflow/.local/lib/python3.12/site-packages/airflow/example_dags/example_latest_only_with_trigger.py for tasks to queue
[2025-10-08T08:46:52.636+0000] {logging_mixin.py:188} INFO - [2025-10-08T08:46:52.636+0000] {dagbag.py:545} INFO - Filling up the DagBag from /home/airflow/.local/lib/python3.12/site-packages/airflow/example_dags/example_latest_only_with_trigger.py
[2025-10-08T08:46:52.644+0000] {processor.py:840} INFO - DAG(s) 'latest_only_with_trigger' retrieved from /home/airflow/.local/lib/python3.12/site-packages/airflow/example_dags/example_latest_only_with_trigger.py
[2025-10-08T08:46:52.673+0000] {logging_mixin.py:188} INFO - [2025-10-08T08:46:52.673+0000] {dag.py:3096} INFO - Sync 1 DAGs
[2025-10-08T08:46:52.697+0000] {logging_mixin.py:188} INFO - [2025-10-08T08:46:52.697+0000] {dag.py:3954} INFO - Setting next_dagrun for latest_only_with_trigger to 2025-10-08 04:00:00+00:00, run_after=2025-10-08 08:00:00+00:00
[2025-10-08T08:46:52.721+0000] {processor.py:183} INFO - Processing /home/airflow/.local/lib/python3.12/site-packages/airflow/example_dags/example_latest_only_with_trigger.py took 0.101 seconds
[2025-10-08T08:47:23.022+0000] {processor.py:161} INFO - Started process (PID=4337) to work on /home/airflow/.local/lib/python3.12/site-packages/airflow/example_dags/example_latest_only_with_trigger.py
[2025-10-08T08:47:23.024+0000] {processor.py:830} INFO - Processing file /home/airflow/.local/lib/python3.12/site-packages/airflow/example_dags/example_latest_only_with_trigger.py for tasks to queue
[2025-10-08T08:47:23.027+0000] {logging_mixin.py:188} INFO - [2025-10-08T08:47:23.026+0000] {dagbag.py:545} INFO - Filling up the DagBag from /home/airflow/.local/lib/python3.12/site-packages/airflow/example_dags/example_latest_only_with_trigger.py
[2025-10-08T08:47:23.044+0000] {processor.py:840} INFO - DAG(s) 'latest_only_with_trigger' retrieved from /home/airflow/.local/lib/python3.12/site-packages/airflow/example_dags/example_latest_only_with_trigger.py
[2025-10-08T08:47:23.074+0000] {logging_mixin.py:188} INFO - [2025-10-08T08:47:23.074+0000] {dag.py:3096} INFO - Sync 1 DAGs
[2025-10-08T08:47:23.096+0000] {logging_mixin.py:188} INFO - [2025-10-08T08:47:23.096+0000] {dag.py:3954} INFO - Setting next_dagrun for latest_only_with_trigger to 2025-10-08 04:00:00+00:00, run_after=2025-10-08 08:00:00+00:00
[2025-10-08T08:47:23.123+0000] {processor.py:183} INFO - Processing /home/airflow/.local/lib/python3.12/site-packages/airflow/example_dags/example_latest_only_with_trigger.py took 0.108 seconds
[2025-10-08T08:47:53.227+0000] {processor.py:161} INFO - Started process (PID=4396) to work on /home/airflow/.local/lib/python3.12/site-packages/airflow/example_dags/example_latest_only_with_trigger.py
[2025-10-08T08:47:53.229+0000] {processor.py:830} INFO - Processing file /home/airflow/.local/lib/python3.12/site-packages/airflow/example_dags/example_latest_only_with_trigger.py for tasks to queue
[2025-10-08T08:47:53.231+0000] {logging_mixin.py:188} INFO - [2025-10-08T08:47:53.231+0000] {dagbag.py:545} INFO - Filling up the DagBag from /home/airflow/.local/lib/python3.12/site-packages/airflow/example_dags/example_latest_only_with_trigger.py
[2025-10-08T08:47:53.239+0000] {processor.py:840} INFO - DAG(s) 'latest_only_with_trigger' retrieved from /home/airflow/.local/lib/python3.12/site-packages/airflow/example_dags/example_latest_only_with_trigger.py
[2025-10-08T08:47:53.267+0000] {logging_mixin.py:188} INFO - [2025-10-08T08:47:53.267+0000] {dag.py:3096} INFO - Sync 1 DAGs
[2025-10-08T08:47:53.314+0000] {logging_mixin.py:188} INFO - [2025-10-08T08:47:53.314+0000] {dag.py:3954} INFO - Setting next_dagrun for latest_only_with_trigger to 2025-10-08 04:00:00+00:00, run_after=2025-10-08 08:00:00+00:00
[2025-10-08T08:47:53.346+0000] {processor.py:183} INFO - Processing /home/airflow/.local/lib/python3.12/site-packages/airflow/example_dags/example_latest_only_with_trigger.py took 0.126 seconds
[2025-10-08T08:48:24.141+0000] {processor.py:161} INFO - Started process (PID=4455) to work on /home/airflow/.local/lib/python3.12/site-packages/airflow/example_dags/example_latest_only_with_trigger.py
[2025-10-08T08:48:24.143+0000] {processor.py:830} INFO - Processing file /home/airflow/.local/lib/python3.12/site-packages/airflow/example_dags/example_latest_only_with_trigger.py for tasks to queue
[2025-10-08T08:48:24.146+0000] {logging_mixin.py:188} INFO - [2025-10-08T08:48:24.145+0000] {dagbag.py:545} INFO - Filling up the DagBag from /home/airflow/.local/lib/python3.12/site-packages/airflow/example_dags/example_latest_only_with_trigger.py
[2025-10-08T08:48:24.153+0000] {processor.py:840} INFO - DAG(s) 'latest_only_with_trigger' retrieved from /home/airflow/.local/lib/python3.12/site-packages/airflow/example_dags/example_latest_only_with_trigger.py
[2025-10-08T08:48:24.183+0000] {logging_mixin.py:188} INFO - [2025-10-08T08:48:24.182+0000] {dag.py:3096} INFO - Sync 1 DAGs
[2025-10-08T08:48:24.214+0000] {logging_mixin.py:188} INFO - [2025-10-08T08:48:24.214+0000] {dag.py:3954} INFO - Setting next_dagrun for latest_only_with_trigger to 2025-10-08 04:00:00+00:00, run_after=2025-10-08 08:00:00+00:00
[2025-10-08T08:48:24.247+0000] {processor.py:183} INFO - Processing /home/airflow/.local/lib/python3.12/site-packages/airflow/example_dags/example_latest_only_with_trigger.py took 0.113 seconds
[2025-10-08T08:48:55.290+0000] {processor.py:161} INFO - Started process (PID=4514) to work on /home/airflow/.local/lib/python3.12/site-packages/airflow/example_dags/example_latest_only_with_trigger.py
[2025-10-08T08:48:55.291+0000] {processor.py:830} INFO - Processing file /home/airflow/.local/lib/python3.12/site-packages/airflow/example_dags/example_latest_only_with_trigger.py for tasks to queue
[2025-10-08T08:48:55.294+0000] {logging_mixin.py:188} INFO - [2025-10-08T08:48:55.294+0000] {dagbag.py:545} INFO - Filling up the DagBag from /home/airflow/.local/lib/python3.12/site-packages/airflow/example_dags/example_latest_only_with_trigger.py
[2025-10-08T08:48:55.302+0000] {processor.py:840} INFO - DAG(s) 'latest_only_with_trigger' retrieved from /home/airflow/.local/lib/python3.12/site-packages/airflow/example_dags/example_latest_only_with_trigger.py
[2025-10-08T08:48:55.324+0000] {logging_mixin.py:188} INFO - [2025-10-08T08:48:55.324+0000] {dag.py:3096} INFO - Sync 1 DAGs
[2025-10-08T08:48:55.354+0000] {logging_mixin.py:188} INFO - [2025-10-08T08:48:55.354+0000] {dag.py:3954} INFO - Setting next_dagrun for latest_only_with_trigger to 2025-10-08 04:00:00+00:00, run_after=2025-10-08 08:00:00+00:00
[2025-10-08T08:48:55.383+0000] {processor.py:183} INFO - Processing /home/airflow/.local/lib/python3.12/site-packages/airflow/example_dags/example_latest_only_with_trigger.py took 0.104 seconds
[2025-10-08T08:49:25.625+0000] {processor.py:161} INFO - Started process (PID=4573) to work on /home/airflow/.local/lib/python3.12/site-packages/airflow/example_dags/example_latest_only_with_trigger.py
[2025-10-08T08:49:25.627+0000] {processor.py:830} INFO - Processing file /home/airflow/.local/lib/python3.12/site-packages/airflow/example_dags/example_latest_only_with_trigger.py for tasks to queue
[2025-10-08T08:49:25.629+0000] {logging_mixin.py:188} INFO - [2025-10-08T08:49:25.629+0000] {dagbag.py:545} INFO - Filling up the DagBag from /home/airflow/.local/lib/python3.12/site-packages/airflow/example_dags/example_latest_only_with_trigger.py
[2025-10-08T08:49:25.635+0000] {processor.py:840} INFO - DAG(s) 'latest_only_with_trigger' retrieved from /home/airflow/.local/lib/python3.12/site-packages/airflow/example_dags/example_latest_only_with_trigger.py
[2025-10-08T08:49:25.659+0000] {logging_mixin.py:188} INFO - [2025-10-08T08:49:25.659+0000] {dag.py:3096} INFO - Sync 1 DAGs
[2025-10-08T08:49:25.682+0000] {logging_mixin.py:188} INFO - [2025-10-08T08:49:25.681+0000] {dag.py:3954} INFO - Setting next_dagrun for latest_only_with_trigger to 2025-10-08 04:00:00+00:00, run_after=2025-10-08 08:00:00+00:00
[2025-10-08T08:49:25.704+0000] {processor.py:183} INFO - Processing /home/airflow/.local/lib/python3.12/site-packages/airflow/example_dags/example_latest_only_with_trigger.py took 0.087 seconds
[2025-10-08T08:49:55.852+0000] {processor.py:161} INFO - Started process (PID=4632) to work on /home/airflow/.local/lib/python3.12/site-packages/airflow/example_dags/example_latest_only_with_trigger.py
[2025-10-08T08:49:55.853+0000] {processor.py:830} INFO - Processing file /home/airflow/.local/lib/python3.12/site-packages/airflow/example_dags/example_latest_only_with_trigger.py for tasks to queue
[2025-10-08T08:49:55.857+0000] {logging_mixin.py:188} INFO - [2025-10-08T08:49:55.856+0000] {dagbag.py:545} INFO - Filling up the DagBag from /home/airflow/.local/lib/python3.12/site-packages/airflow/example_dags/example_latest_only_with_trigger.py
[2025-10-08T08:49:55.865+0000] {processor.py:840} INFO - DAG(s) 'latest_only_with_trigger' retrieved from /home/airflow/.local/lib/python3.12/site-packages/airflow/example_dags/example_latest_only_with_trigger.py
[2025-10-08T08:49:55.892+0000] {logging_mixin.py:188} INFO - [2025-10-08T08:49:55.892+0000] {dag.py:3096} INFO - Sync 1 DAGs
[2025-10-08T08:49:55.917+0000] {logging_mixin.py:188} INFO - [2025-10-08T08:49:55.916+0000] {dag.py:3954} INFO - Setting next_dagrun for latest_only_with_trigger to 2025-10-08 04:00:00+00:00, run_after=2025-10-08 08:00:00+00:00
[2025-10-08T08:49:55.940+0000] {processor.py:183} INFO - Processing /home/airflow/.local/lib/python3.12/site-packages/airflow/example_dags/example_latest_only_with_trigger.py took 0.099 seconds
[2025-10-08T08:50:26.138+0000] {processor.py:161} INFO - Started process (PID=4691) to work on /home/airflow/.local/lib/python3.12/site-packages/airflow/example_dags/example_latest_only_with_trigger.py
[2025-10-08T08:50:26.139+0000] {processor.py:830} INFO - Processing file /home/airflow/.local/lib/python3.12/site-packages/airflow/example_dags/example_latest_only_with_trigger.py for tasks to queue
[2025-10-08T08:50:26.142+0000] {logging_mixin.py:188} INFO - [2025-10-08T08:50:26.141+0000] {dagbag.py:545} INFO - Filling up the DagBag from /home/airflow/.local/lib/python3.12/site-packages/airflow/example_dags/example_latest_only_with_trigger.py
[2025-10-08T08:50:26.148+0000] {processor.py:840} INFO - DAG(s) 'latest_only_with_trigger' retrieved from /home/airflow/.local/lib/python3.12/site-packages/airflow/example_dags/example_latest_only_with_trigger.py
[2025-10-08T08:50:26.170+0000] {logging_mixin.py:188} INFO - [2025-10-08T08:50:26.169+0000] {dag.py:3096} INFO - Sync 1 DAGs
[2025-10-08T08:50:26.191+0000] {logging_mixin.py:188} INFO - [2025-10-08T08:50:26.191+0000] {dag.py:3954} INFO - Setting next_dagrun for latest_only_with_trigger to 2025-10-08 04:00:00+00:00, run_after=2025-10-08 08:00:00+00:00
[2025-10-08T08:50:26.212+0000] {processor.py:183} INFO - Processing /home/airflow/.local/lib/python3.12/site-packages/airflow/example_dags/example_latest_only_with_trigger.py took 0.081 seconds
[2025-10-08T08:50:56.708+0000] {processor.py:161} INFO - Started process (PID=4750) to work on /home/airflow/.local/lib/python3.12/site-packages/airflow/example_dags/example_latest_only_with_trigger.py
[2025-10-08T08:50:56.710+0000] {processor.py:830} INFO - Processing file /home/airflow/.local/lib/python3.12/site-packages/airflow/example_dags/example_latest_only_with_trigger.py for tasks to queue
[2025-10-08T08:50:56.714+0000] {logging_mixin.py:188} INFO - [2025-10-08T08:50:56.713+0000] {dagbag.py:545} INFO - Filling up the DagBag from /home/airflow/.local/lib/python3.12/site-packages/airflow/example_dags/example_latest_only_with_trigger.py
[2025-10-08T08:50:56.725+0000] {processor.py:840} INFO - DAG(s) 'latest_only_with_trigger' retrieved from /home/airflow/.local/lib/python3.12/site-packages/airflow/example_dags/example_latest_only_with_trigger.py
[2025-10-08T08:50:56.758+0000] {logging_mixin.py:188} INFO - [2025-10-08T08:50:56.758+0000] {dag.py:3096} INFO - Sync 1 DAGs
[2025-10-08T08:50:56.790+0000] {logging_mixin.py:188} INFO - [2025-10-08T08:50:56.790+0000] {dag.py:3954} INFO - Setting next_dagrun for latest_only_with_trigger to 2025-10-08 04:00:00+00:00, run_after=2025-10-08 08:00:00+00:00
[2025-10-08T08:50:56.828+0000] {processor.py:183} INFO - Processing /home/airflow/.local/lib/python3.12/site-packages/airflow/example_dags/example_latest_only_with_trigger.py took 0.131 seconds
[2025-10-08T08:52:29.242+0000] {processor.py:161} INFO - Started process (PID=85) to work on /home/airflow/.local/lib/python3.12/site-packages/airflow/example_dags/example_latest_only_with_trigger.py
[2025-10-08T08:52:29.250+0000] {processor.py:830} INFO - Processing file /home/airflow/.local/lib/python3.12/site-packages/airflow/example_dags/example_latest_only_with_trigger.py for tasks to queue
[2025-10-08T08:52:29.272+0000] {logging_mixin.py:188} INFO - [2025-10-08T08:52:29.269+0000] {dagbag.py:545} INFO - Filling up the DagBag from /home/airflow/.local/lib/python3.12/site-packages/airflow/example_dags/example_latest_only_with_trigger.py
[2025-10-08T08:52:29.450+0000] {processor.py:840} INFO - DAG(s) 'latest_only_with_trigger' retrieved from /home/airflow/.local/lib/python3.12/site-packages/airflow/example_dags/example_latest_only_with_trigger.py
[2025-10-08T08:52:29.755+0000] {logging_mixin.py:188} INFO - [2025-10-08T08:52:29.754+0000] {dag.py:3096} INFO - Sync 1 DAGs
[2025-10-08T08:52:29.818+0000] {logging_mixin.py:188} INFO - [2025-10-08T08:52:29.818+0000] {dag.py:3954} INFO - Setting next_dagrun for latest_only_with_trigger to 2025-10-08 04:00:00+00:00, run_after=2025-10-08 08:00:00+00:00
[2025-10-08T08:52:29.873+0000] {processor.py:183} INFO - Processing /home/airflow/.local/lib/python3.12/site-packages/airflow/example_dags/example_latest_only_with_trigger.py took 0.687 seconds
[2025-10-08T08:53:00.178+0000] {processor.py:161} INFO - Started process (PID=144) to work on /home/airflow/.local/lib/python3.12/site-packages/airflow/example_dags/example_latest_only_with_trigger.py
[2025-10-08T08:53:00.181+0000] {processor.py:830} INFO - Processing file /home/airflow/.local/lib/python3.12/site-packages/airflow/example_dags/example_latest_only_with_trigger.py for tasks to queue
[2025-10-08T08:53:00.184+0000] {logging_mixin.py:188} INFO - [2025-10-08T08:53:00.183+0000] {dagbag.py:545} INFO - Filling up the DagBag from /home/airflow/.local/lib/python3.12/site-packages/airflow/example_dags/example_latest_only_with_trigger.py
[2025-10-08T08:53:00.192+0000] {processor.py:840} INFO - DAG(s) 'latest_only_with_trigger' retrieved from /home/airflow/.local/lib/python3.12/site-packages/airflow/example_dags/example_latest_only_with_trigger.py
[2025-10-08T08:53:00.224+0000] {logging_mixin.py:188} INFO - [2025-10-08T08:53:00.224+0000] {dag.py:3096} INFO - Sync 1 DAGs
[2025-10-08T08:53:00.253+0000] {logging_mixin.py:188} INFO - [2025-10-08T08:53:00.253+0000] {dag.py:3954} INFO - Setting next_dagrun for latest_only_with_trigger to 2025-10-08 04:00:00+00:00, run_after=2025-10-08 08:00:00+00:00
[2025-10-08T08:53:00.278+0000] {processor.py:183} INFO - Processing /home/airflow/.local/lib/python3.12/site-packages/airflow/example_dags/example_latest_only_with_trigger.py took 0.109 seconds
[2025-10-08T08:53:31.109+0000] {processor.py:161} INFO - Started process (PID=203) to work on /home/airflow/.local/lib/python3.12/site-packages/airflow/example_dags/example_latest_only_with_trigger.py
[2025-10-08T08:53:31.112+0000] {processor.py:830} INFO - Processing file /home/airflow/.local/lib/python3.12/site-packages/airflow/example_dags/example_latest_only_with_trigger.py for tasks to queue
[2025-10-08T08:53:31.115+0000] {logging_mixin.py:188} INFO - [2025-10-08T08:53:31.115+0000] {dagbag.py:545} INFO - Filling up the DagBag from /home/airflow/.local/lib/python3.12/site-packages/airflow/example_dags/example_latest_only_with_trigger.py
[2025-10-08T08:53:31.123+0000] {processor.py:840} INFO - DAG(s) 'latest_only_with_trigger' retrieved from /home/airflow/.local/lib/python3.12/site-packages/airflow/example_dags/example_latest_only_with_trigger.py
[2025-10-08T08:53:31.152+0000] {logging_mixin.py:188} INFO - [2025-10-08T08:53:31.151+0000] {dag.py:3096} INFO - Sync 1 DAGs
[2025-10-08T08:53:31.183+0000] {logging_mixin.py:188} INFO - [2025-10-08T08:53:31.183+0000] {dag.py:3954} INFO - Setting next_dagrun for latest_only_with_trigger to 2025-10-08 04:00:00+00:00, run_after=2025-10-08 08:00:00+00:00
[2025-10-08T08:53:31.222+0000] {processor.py:183} INFO - Processing /home/airflow/.local/lib/python3.12/site-packages/airflow/example_dags/example_latest_only_with_trigger.py took 0.123 seconds
[2025-10-08T08:54:01.779+0000] {processor.py:161} INFO - Started process (PID=262) to work on /home/airflow/.local/lib/python3.12/site-packages/airflow/example_dags/example_latest_only_with_trigger.py
[2025-10-08T08:54:01.781+0000] {processor.py:830} INFO - Processing file /home/airflow/.local/lib/python3.12/site-packages/airflow/example_dags/example_latest_only_with_trigger.py for tasks to queue
[2025-10-08T08:54:01.785+0000] {logging_mixin.py:188} INFO - [2025-10-08T08:54:01.784+0000] {dagbag.py:545} INFO - Filling up the DagBag from /home/airflow/.local/lib/python3.12/site-packages/airflow/example_dags/example_latest_only_with_trigger.py
[2025-10-08T08:54:01.798+0000] {processor.py:840} INFO - DAG(s) 'latest_only_with_trigger' retrieved from /home/airflow/.local/lib/python3.12/site-packages/airflow/example_dags/example_latest_only_with_trigger.py
[2025-10-08T08:54:01.848+0000] {logging_mixin.py:188} INFO - [2025-10-08T08:54:01.848+0000] {dag.py:3096} INFO - Sync 1 DAGs
[2025-10-08T08:54:01.878+0000] {logging_mixin.py:188} INFO - [2025-10-08T08:54:01.877+0000] {dag.py:3954} INFO - Setting next_dagrun for latest_only_with_trigger to 2025-10-08 04:00:00+00:00, run_after=2025-10-08 08:00:00+00:00
[2025-10-08T08:54:01.914+0000] {processor.py:183} INFO - Processing /home/airflow/.local/lib/python3.12/site-packages/airflow/example_dags/example_latest_only_with_trigger.py took 0.148 seconds
[2025-10-08T08:54:32.748+0000] {processor.py:161} INFO - Started process (PID=321) to work on /home/airflow/.local/lib/python3.12/site-packages/airflow/example_dags/example_latest_only_with_trigger.py
[2025-10-08T08:54:32.750+0000] {processor.py:830} INFO - Processing file /home/airflow/.local/lib/python3.12/site-packages/airflow/example_dags/example_latest_only_with_trigger.py for tasks to queue
[2025-10-08T08:54:32.753+0000] {logging_mixin.py:188} INFO - [2025-10-08T08:54:32.753+0000] {dagbag.py:545} INFO - Filling up the DagBag from /home/airflow/.local/lib/python3.12/site-packages/airflow/example_dags/example_latest_only_with_trigger.py
[2025-10-08T08:54:32.761+0000] {processor.py:840} INFO - DAG(s) 'latest_only_with_trigger' retrieved from /home/airflow/.local/lib/python3.12/site-packages/airflow/example_dags/example_latest_only_with_trigger.py
[2025-10-08T08:54:32.790+0000] {logging_mixin.py:188} INFO - [2025-10-08T08:54:32.790+0000] {dag.py:3096} INFO - Sync 1 DAGs
[2025-10-08T08:54:32.817+0000] {logging_mixin.py:188} INFO - [2025-10-08T08:54:32.816+0000] {dag.py:3954} INFO - Setting next_dagrun for latest_only_with_trigger to 2025-10-08 04:00:00+00:00, run_after=2025-10-08 08:00:00+00:00
[2025-10-08T08:54:32.929+0000] {processor.py:183} INFO - Processing /home/airflow/.local/lib/python3.12/site-packages/airflow/example_dags/example_latest_only_with_trigger.py took 0.189 seconds
[2025-10-08T08:55:03.331+0000] {processor.py:161} INFO - Started process (PID=380) to work on /home/airflow/.local/lib/python3.12/site-packages/airflow/example_dags/example_latest_only_with_trigger.py
[2025-10-08T08:55:03.332+0000] {processor.py:830} INFO - Processing file /home/airflow/.local/lib/python3.12/site-packages/airflow/example_dags/example_latest_only_with_trigger.py for tasks to queue
[2025-10-08T08:55:03.335+0000] {logging_mixin.py:188} INFO - [2025-10-08T08:55:03.335+0000] {dagbag.py:545} INFO - Filling up the DagBag from /home/airflow/.local/lib/python3.12/site-packages/airflow/example_dags/example_latest_only_with_trigger.py
[2025-10-08T08:55:03.342+0000] {processor.py:840} INFO - DAG(s) 'latest_only_with_trigger' retrieved from /home/airflow/.local/lib/python3.12/site-packages/airflow/example_dags/example_latest_only_with_trigger.py
[2025-10-08T08:55:03.368+0000] {logging_mixin.py:188} INFO - [2025-10-08T08:55:03.368+0000] {dag.py:3096} INFO - Sync 1 DAGs
[2025-10-08T08:55:03.394+0000] {logging_mixin.py:188} INFO - [2025-10-08T08:55:03.394+0000] {dag.py:3954} INFO - Setting next_dagrun for latest_only_with_trigger to 2025-10-08 04:00:00+00:00, run_after=2025-10-08 08:00:00+00:00
[2025-10-08T08:55:03.418+0000] {processor.py:183} INFO - Processing /home/airflow/.local/lib/python3.12/site-packages/airflow/example_dags/example_latest_only_with_trigger.py took 0.096 seconds
[2025-10-08T08:55:34.086+0000] {processor.py:161} INFO - Started process (PID=439) to work on /home/airflow/.local/lib/python3.12/site-packages/airflow/example_dags/example_latest_only_with_trigger.py
[2025-10-08T08:55:34.088+0000] {processor.py:830} INFO - Processing file /home/airflow/.local/lib/python3.12/site-packages/airflow/example_dags/example_latest_only_with_trigger.py for tasks to queue
[2025-10-08T08:55:34.091+0000] {logging_mixin.py:188} INFO - [2025-10-08T08:55:34.090+0000] {dagbag.py:545} INFO - Filling up the DagBag from /home/airflow/.local/lib/python3.12/site-packages/airflow/example_dags/example_latest_only_with_trigger.py
[2025-10-08T08:55:34.098+0000] {processor.py:840} INFO - DAG(s) 'latest_only_with_trigger' retrieved from /home/airflow/.local/lib/python3.12/site-packages/airflow/example_dags/example_latest_only_with_trigger.py
[2025-10-08T08:55:34.124+0000] {logging_mixin.py:188} INFO - [2025-10-08T08:55:34.123+0000] {dag.py:3096} INFO - Sync 1 DAGs
[2025-10-08T08:55:34.152+0000] {logging_mixin.py:188} INFO - [2025-10-08T08:55:34.151+0000] {dag.py:3954} INFO - Setting next_dagrun for latest_only_with_trigger to 2025-10-08 04:00:00+00:00, run_after=2025-10-08 08:00:00+00:00
[2025-10-08T08:55:34.186+0000] {processor.py:183} INFO - Processing /home/airflow/.local/lib/python3.12/site-packages/airflow/example_dags/example_latest_only_with_trigger.py took 0.107 seconds
[2025-10-08T08:56:04.996+0000] {processor.py:161} INFO - Started process (PID=498) to work on /home/airflow/.local/lib/python3.12/site-packages/airflow/example_dags/example_latest_only_with_trigger.py
[2025-10-08T08:56:04.998+0000] {processor.py:830} INFO - Processing file /home/airflow/.local/lib/python3.12/site-packages/airflow/example_dags/example_latest_only_with_trigger.py for tasks to queue
[2025-10-08T08:56:05.003+0000] {logging_mixin.py:188} INFO - [2025-10-08T08:56:05.002+0000] {dagbag.py:545} INFO - Filling up the DagBag from /home/airflow/.local/lib/python3.12/site-packages/airflow/example_dags/example_latest_only_with_trigger.py
[2025-10-08T08:56:05.011+0000] {processor.py:840} INFO - DAG(s) 'latest_only_with_trigger' retrieved from /home/airflow/.local/lib/python3.12/site-packages/airflow/example_dags/example_latest_only_with_trigger.py
[2025-10-08T08:56:05.036+0000] {logging_mixin.py:188} INFO - [2025-10-08T08:56:05.036+0000] {dag.py:3096} INFO - Sync 1 DAGs
[2025-10-08T08:56:05.062+0000] {logging_mixin.py:188} INFO - [2025-10-08T08:56:05.062+0000] {dag.py:3954} INFO - Setting next_dagrun for latest_only_with_trigger to 2025-10-08 04:00:00+00:00, run_after=2025-10-08 08:00:00+00:00
[2025-10-08T08:56:05.094+0000] {processor.py:183} INFO - Processing /home/airflow/.local/lib/python3.12/site-packages/airflow/example_dags/example_latest_only_with_trigger.py took 0.110 seconds
[2025-10-08T08:56:35.264+0000] {processor.py:161} INFO - Started process (PID=557) to work on /home/airflow/.local/lib/python3.12/site-packages/airflow/example_dags/example_latest_only_with_trigger.py
[2025-10-08T08:56:35.267+0000] {processor.py:830} INFO - Processing file /home/airflow/.local/lib/python3.12/site-packages/airflow/example_dags/example_latest_only_with_trigger.py for tasks to queue
[2025-10-08T08:56:35.269+0000] {logging_mixin.py:188} INFO - [2025-10-08T08:56:35.269+0000] {dagbag.py:545} INFO - Filling up the DagBag from /home/airflow/.local/lib/python3.12/site-packages/airflow/example_dags/example_latest_only_with_trigger.py
[2025-10-08T08:56:35.298+0000] {processor.py:840} INFO - DAG(s) 'latest_only_with_trigger' retrieved from /home/airflow/.local/lib/python3.12/site-packages/airflow/example_dags/example_latest_only_with_trigger.py
[2025-10-08T08:56:35.343+0000] {logging_mixin.py:188} INFO - [2025-10-08T08:56:35.343+0000] {dag.py:3096} INFO - Sync 1 DAGs
[2025-10-08T08:56:35.371+0000] {logging_mixin.py:188} INFO - [2025-10-08T08:56:35.371+0000] {dag.py:3954} INFO - Setting next_dagrun for latest_only_with_trigger to 2025-10-08 04:00:00+00:00, run_after=2025-10-08 08:00:00+00:00
[2025-10-08T08:56:35.414+0000] {processor.py:183} INFO - Processing /home/airflow/.local/lib/python3.12/site-packages/airflow/example_dags/example_latest_only_with_trigger.py took 0.159 seconds
[2025-10-08T08:57:06.038+0000] {processor.py:161} INFO - Started process (PID=616) to work on /home/airflow/.local/lib/python3.12/site-packages/airflow/example_dags/example_latest_only_with_trigger.py
[2025-10-08T08:57:06.041+0000] {processor.py:830} INFO - Processing file /home/airflow/.local/lib/python3.12/site-packages/airflow/example_dags/example_latest_only_with_trigger.py for tasks to queue
[2025-10-08T08:57:06.044+0000] {logging_mixin.py:188} INFO - [2025-10-08T08:57:06.043+0000] {dagbag.py:545} INFO - Filling up the DagBag from /home/airflow/.local/lib/python3.12/site-packages/airflow/example_dags/example_latest_only_with_trigger.py
[2025-10-08T08:57:06.056+0000] {processor.py:840} INFO - DAG(s) 'latest_only_with_trigger' retrieved from /home/airflow/.local/lib/python3.12/site-packages/airflow/example_dags/example_latest_only_with_trigger.py
[2025-10-08T08:57:06.103+0000] {logging_mixin.py:188} INFO - [2025-10-08T08:57:06.103+0000] {dag.py:3096} INFO - Sync 1 DAGs
[2025-10-08T08:57:06.155+0000] {logging_mixin.py:188} INFO - [2025-10-08T08:57:06.154+0000] {dag.py:3954} INFO - Setting next_dagrun for latest_only_with_trigger to 2025-10-08 04:00:00+00:00, run_after=2025-10-08 08:00:00+00:00
[2025-10-08T08:57:06.188+0000] {processor.py:183} INFO - Processing /home/airflow/.local/lib/python3.12/site-packages/airflow/example_dags/example_latest_only_with_trigger.py took 0.161 seconds
[2025-10-08T08:57:36.307+0000] {processor.py:161} INFO - Started process (PID=675) to work on /home/airflow/.local/lib/python3.12/site-packages/airflow/example_dags/example_latest_only_with_trigger.py
[2025-10-08T08:57:36.310+0000] {processor.py:830} INFO - Processing file /home/airflow/.local/lib/python3.12/site-packages/airflow/example_dags/example_latest_only_with_trigger.py for tasks to queue
[2025-10-08T08:57:36.313+0000] {logging_mixin.py:188} INFO - [2025-10-08T08:57:36.313+0000] {dagbag.py:545} INFO - Filling up the DagBag from /home/airflow/.local/lib/python3.12/site-packages/airflow/example_dags/example_latest_only_with_trigger.py
[2025-10-08T08:57:36.323+0000] {processor.py:840} INFO - DAG(s) 'latest_only_with_trigger' retrieved from /home/airflow/.local/lib/python3.12/site-packages/airflow/example_dags/example_latest_only_with_trigger.py
[2025-10-08T08:57:36.364+0000] {logging_mixin.py:188} INFO - [2025-10-08T08:57:36.364+0000] {dag.py:3096} INFO - Sync 1 DAGs
[2025-10-08T08:57:36.455+0000] {logging_mixin.py:188} INFO - [2025-10-08T08:57:36.455+0000] {dag.py:3954} INFO - Setting next_dagrun for latest_only_with_trigger to 2025-10-08 04:00:00+00:00, run_after=2025-10-08 08:00:00+00:00
[2025-10-08T08:57:36.546+0000] {processor.py:183} INFO - Processing /home/airflow/.local/lib/python3.12/site-packages/airflow/example_dags/example_latest_only_with_trigger.py took 0.250 seconds
[2025-10-08T08:58:07.523+0000] {processor.py:161} INFO - Started process (PID=734) to work on /home/airflow/.local/lib/python3.12/site-packages/airflow/example_dags/example_latest_only_with_trigger.py
[2025-10-08T08:58:07.525+0000] {processor.py:830} INFO - Processing file /home/airflow/.local/lib/python3.12/site-packages/airflow/example_dags/example_latest_only_with_trigger.py for tasks to queue
[2025-10-08T08:58:07.528+0000] {logging_mixin.py:188} INFO - [2025-10-08T08:58:07.527+0000] {dagbag.py:545} INFO - Filling up the DagBag from /home/airflow/.local/lib/python3.12/site-packages/airflow/example_dags/example_latest_only_with_trigger.py
[2025-10-08T08:58:07.538+0000] {processor.py:840} INFO - DAG(s) 'latest_only_with_trigger' retrieved from /home/airflow/.local/lib/python3.12/site-packages/airflow/example_dags/example_latest_only_with_trigger.py
[2025-10-08T08:58:07.567+0000] {logging_mixin.py:188} INFO - [2025-10-08T08:58:07.567+0000] {dag.py:3096} INFO - Sync 1 DAGs
[2025-10-08T08:58:07.595+0000] {logging_mixin.py:188} INFO - [2025-10-08T08:58:07.595+0000] {dag.py:3954} INFO - Setting next_dagrun for latest_only_with_trigger to 2025-10-08 04:00:00+00:00, run_after=2025-10-08 08:00:00+00:00
[2025-10-08T08:58:07.620+0000] {processor.py:183} INFO - Processing /home/airflow/.local/lib/python3.12/site-packages/airflow/example_dags/example_latest_only_with_trigger.py took 0.104 seconds
[2025-10-08T08:58:37.853+0000] {processor.py:161} INFO - Started process (PID=793) to work on /home/airflow/.local/lib/python3.12/site-packages/airflow/example_dags/example_latest_only_with_trigger.py
[2025-10-08T08:58:37.855+0000] {processor.py:830} INFO - Processing file /home/airflow/.local/lib/python3.12/site-packages/airflow/example_dags/example_latest_only_with_trigger.py for tasks to queue
[2025-10-08T08:58:37.860+0000] {logging_mixin.py:188} INFO - [2025-10-08T08:58:37.859+0000] {dagbag.py:545} INFO - Filling up the DagBag from /home/airflow/.local/lib/python3.12/site-packages/airflow/example_dags/example_latest_only_with_trigger.py
[2025-10-08T08:58:37.869+0000] {processor.py:840} INFO - DAG(s) 'latest_only_with_trigger' retrieved from /home/airflow/.local/lib/python3.12/site-packages/airflow/example_dags/example_latest_only_with_trigger.py
[2025-10-08T08:58:37.899+0000] {logging_mixin.py:188} INFO - [2025-10-08T08:58:37.898+0000] {dag.py:3096} INFO - Sync 1 DAGs
[2025-10-08T08:58:37.928+0000] {logging_mixin.py:188} INFO - [2025-10-08T08:58:37.927+0000] {dag.py:3954} INFO - Setting next_dagrun for latest_only_with_trigger to 2025-10-08 04:00:00+00:00, run_after=2025-10-08 08:00:00+00:00
[2025-10-08T08:58:37.953+0000] {processor.py:183} INFO - Processing /home/airflow/.local/lib/python3.12/site-packages/airflow/example_dags/example_latest_only_with_trigger.py took 0.115 seconds
[2025-10-08T08:59:08.028+0000] {processor.py:161} INFO - Started process (PID=852) to work on /home/airflow/.local/lib/python3.12/site-packages/airflow/example_dags/example_latest_only_with_trigger.py
[2025-10-08T08:59:08.031+0000] {processor.py:830} INFO - Processing file /home/airflow/.local/lib/python3.12/site-packages/airflow/example_dags/example_latest_only_with_trigger.py for tasks to queue
[2025-10-08T08:59:08.034+0000] {logging_mixin.py:188} INFO - [2025-10-08T08:59:08.034+0000] {dagbag.py:545} INFO - Filling up the DagBag from /home/airflow/.local/lib/python3.12/site-packages/airflow/example_dags/example_latest_only_with_trigger.py
[2025-10-08T08:59:08.043+0000] {processor.py:840} INFO - DAG(s) 'latest_only_with_trigger' retrieved from /home/airflow/.local/lib/python3.12/site-packages/airflow/example_dags/example_latest_only_with_trigger.py
[2025-10-08T08:59:08.073+0000] {logging_mixin.py:188} INFO - [2025-10-08T08:59:08.073+0000] {dag.py:3096} INFO - Sync 1 DAGs
[2025-10-08T08:59:08.104+0000] {logging_mixin.py:188} INFO - [2025-10-08T08:59:08.103+0000] {dag.py:3954} INFO - Setting next_dagrun for latest_only_with_trigger to 2025-10-08 04:00:00+00:00, run_after=2025-10-08 08:00:00+00:00
[2025-10-08T08:59:08.135+0000] {processor.py:183} INFO - Processing /home/airflow/.local/lib/python3.12/site-packages/airflow/example_dags/example_latest_only_with_trigger.py took 0.118 seconds
[2025-10-08T08:59:38.403+0000] {processor.py:161} INFO - Started process (PID=911) to work on /home/airflow/.local/lib/python3.12/site-packages/airflow/example_dags/example_latest_only_with_trigger.py
[2025-10-08T08:59:38.408+0000] {processor.py:830} INFO - Processing file /home/airflow/.local/lib/python3.12/site-packages/airflow/example_dags/example_latest_only_with_trigger.py for tasks to queue
[2025-10-08T08:59:38.412+0000] {logging_mixin.py:188} INFO - [2025-10-08T08:59:38.412+0000] {dagbag.py:545} INFO - Filling up the DagBag from /home/airflow/.local/lib/python3.12/site-packages/airflow/example_dags/example_latest_only_with_trigger.py
[2025-10-08T08:59:38.422+0000] {processor.py:840} INFO - DAG(s) 'latest_only_with_trigger' retrieved from /home/airflow/.local/lib/python3.12/site-packages/airflow/example_dags/example_latest_only_with_trigger.py
[2025-10-08T08:59:38.456+0000] {logging_mixin.py:188} INFO - [2025-10-08T08:59:38.455+0000] {dag.py:3096} INFO - Sync 1 DAGs
[2025-10-08T08:59:38.482+0000] {logging_mixin.py:188} INFO - [2025-10-08T08:59:38.482+0000] {dag.py:3954} INFO - Setting next_dagrun for latest_only_with_trigger to 2025-10-08 04:00:00+00:00, run_after=2025-10-08 08:00:00+00:00
[2025-10-08T08:59:38.507+0000] {processor.py:183} INFO - Processing /home/airflow/.local/lib/python3.12/site-packages/airflow/example_dags/example_latest_only_with_trigger.py took 0.116 seconds
[2025-10-08T09:00:08.843+0000] {processor.py:161} INFO - Started process (PID=970) to work on /home/airflow/.local/lib/python3.12/site-packages/airflow/example_dags/example_latest_only_with_trigger.py
[2025-10-08T09:00:08.845+0000] {processor.py:830} INFO - Processing file /home/airflow/.local/lib/python3.12/site-packages/airflow/example_dags/example_latest_only_with_trigger.py for tasks to queue
[2025-10-08T09:00:08.848+0000] {logging_mixin.py:188} INFO - [2025-10-08T09:00:08.848+0000] {dagbag.py:545} INFO - Filling up the DagBag from /home/airflow/.local/lib/python3.12/site-packages/airflow/example_dags/example_latest_only_with_trigger.py
[2025-10-08T09:00:08.856+0000] {processor.py:840} INFO - DAG(s) 'latest_only_with_trigger' retrieved from /home/airflow/.local/lib/python3.12/site-packages/airflow/example_dags/example_latest_only_with_trigger.py
[2025-10-08T09:00:08.889+0000] {logging_mixin.py:188} INFO - [2025-10-08T09:00:08.888+0000] {dag.py:3096} INFO - Sync 1 DAGs
[2025-10-08T09:00:08.929+0000] {logging_mixin.py:188} INFO - [2025-10-08T09:00:08.929+0000] {dag.py:3954} INFO - Setting next_dagrun for latest_only_with_trigger to 2025-10-08 04:00:00+00:00, run_after=2025-10-08 08:00:00+00:00
[2025-10-08T09:00:08.986+0000] {processor.py:183} INFO - Processing /home/airflow/.local/lib/python3.12/site-packages/airflow/example_dags/example_latest_only_with_trigger.py took 0.152 seconds
[2025-10-08T09:00:39.497+0000] {processor.py:161} INFO - Started process (PID=1029) to work on /home/airflow/.local/lib/python3.12/site-packages/airflow/example_dags/example_latest_only_with_trigger.py
[2025-10-08T09:00:39.499+0000] {processor.py:830} INFO - Processing file /home/airflow/.local/lib/python3.12/site-packages/airflow/example_dags/example_latest_only_with_trigger.py for tasks to queue
[2025-10-08T09:00:39.503+0000] {logging_mixin.py:188} INFO - [2025-10-08T09:00:39.502+0000] {dagbag.py:545} INFO - Filling up the DagBag from /home/airflow/.local/lib/python3.12/site-packages/airflow/example_dags/example_latest_only_with_trigger.py
[2025-10-08T09:00:39.512+0000] {processor.py:840} INFO - DAG(s) 'latest_only_with_trigger' retrieved from /home/airflow/.local/lib/python3.12/site-packages/airflow/example_dags/example_latest_only_with_trigger.py
[2025-10-08T09:00:39.555+0000] {logging_mixin.py:188} INFO - [2025-10-08T09:00:39.554+0000] {dag.py:3096} INFO - Sync 1 DAGs
[2025-10-08T09:00:39.593+0000] {logging_mixin.py:188} INFO - [2025-10-08T09:00:39.592+0000] {dag.py:3954} INFO - Setting next_dagrun for latest_only_with_trigger to 2025-10-08 04:00:00+00:00, run_after=2025-10-08 08:00:00+00:00
[2025-10-08T09:00:39.634+0000] {processor.py:183} INFO - Processing /home/airflow/.local/lib/python3.12/site-packages/airflow/example_dags/example_latest_only_with_trigger.py took 0.147 seconds
[2025-10-08T09:01:09.774+0000] {processor.py:161} INFO - Started process (PID=1088) to work on /home/airflow/.local/lib/python3.12/site-packages/airflow/example_dags/example_latest_only_with_trigger.py
[2025-10-08T09:01:09.777+0000] {processor.py:830} INFO - Processing file /home/airflow/.local/lib/python3.12/site-packages/airflow/example_dags/example_latest_only_with_trigger.py for tasks to queue
[2025-10-08T09:01:09.783+0000] {logging_mixin.py:188} INFO - [2025-10-08T09:01:09.782+0000] {dagbag.py:545} INFO - Filling up the DagBag from /home/airflow/.local/lib/python3.12/site-packages/airflow/example_dags/example_latest_only_with_trigger.py
[2025-10-08T09:01:09.799+0000] {processor.py:840} INFO - DAG(s) 'latest_only_with_trigger' retrieved from /home/airflow/.local/lib/python3.12/site-packages/airflow/example_dags/example_latest_only_with_trigger.py
[2025-10-08T09:01:09.848+0000] {logging_mixin.py:188} INFO - [2025-10-08T09:01:09.847+0000] {dag.py:3096} INFO - Sync 1 DAGs
[2025-10-08T09:01:09.886+0000] {logging_mixin.py:188} INFO - [2025-10-08T09:01:09.886+0000] {dag.py:3954} INFO - Setting next_dagrun for latest_only_with_trigger to 2025-10-08 04:00:00+00:00, run_after=2025-10-08 08:00:00+00:00
[2025-10-08T09:01:09.918+0000] {processor.py:183} INFO - Processing /home/airflow/.local/lib/python3.12/site-packages/airflow/example_dags/example_latest_only_with_trigger.py took 0.153 seconds
[2025-10-08T09:01:40.128+0000] {processor.py:161} INFO - Started process (PID=1147) to work on /home/airflow/.local/lib/python3.12/site-packages/airflow/example_dags/example_latest_only_with_trigger.py
[2025-10-08T09:01:40.130+0000] {processor.py:830} INFO - Processing file /home/airflow/.local/lib/python3.12/site-packages/airflow/example_dags/example_latest_only_with_trigger.py for tasks to queue
[2025-10-08T09:01:40.135+0000] {logging_mixin.py:188} INFO - [2025-10-08T09:01:40.134+0000] {dagbag.py:545} INFO - Filling up the DagBag from /home/airflow/.local/lib/python3.12/site-packages/airflow/example_dags/example_latest_only_with_trigger.py
[2025-10-08T09:01:40.145+0000] {processor.py:840} INFO - DAG(s) 'latest_only_with_trigger' retrieved from /home/airflow/.local/lib/python3.12/site-packages/airflow/example_dags/example_latest_only_with_trigger.py
[2025-10-08T09:01:40.173+0000] {logging_mixin.py:188} INFO - [2025-10-08T09:01:40.173+0000] {dag.py:3096} INFO - Sync 1 DAGs
[2025-10-08T09:01:40.202+0000] {logging_mixin.py:188} INFO - [2025-10-08T09:01:40.201+0000] {dag.py:3954} INFO - Setting next_dagrun for latest_only_with_trigger to 2025-10-08 04:00:00+00:00, run_after=2025-10-08 08:00:00+00:00
[2025-10-08T09:01:40.235+0000] {processor.py:183} INFO - Processing /home/airflow/.local/lib/python3.12/site-packages/airflow/example_dags/example_latest_only_with_trigger.py took 0.123 seconds
[2025-10-08T09:02:10.909+0000] {processor.py:161} INFO - Started process (PID=1206) to work on /home/airflow/.local/lib/python3.12/site-packages/airflow/example_dags/example_latest_only_with_trigger.py
[2025-10-08T09:02:10.911+0000] {processor.py:830} INFO - Processing file /home/airflow/.local/lib/python3.12/site-packages/airflow/example_dags/example_latest_only_with_trigger.py for tasks to queue
[2025-10-08T09:02:10.915+0000] {logging_mixin.py:188} INFO - [2025-10-08T09:02:10.914+0000] {dagbag.py:545} INFO - Filling up the DagBag from /home/airflow/.local/lib/python3.12/site-packages/airflow/example_dags/example_latest_only_with_trigger.py
[2025-10-08T09:02:10.926+0000] {processor.py:840} INFO - DAG(s) 'latest_only_with_trigger' retrieved from /home/airflow/.local/lib/python3.12/site-packages/airflow/example_dags/example_latest_only_with_trigger.py
[2025-10-08T09:02:10.970+0000] {logging_mixin.py:188} INFO - [2025-10-08T09:02:10.969+0000] {dag.py:3096} INFO - Sync 1 DAGs
[2025-10-08T09:02:11.015+0000] {logging_mixin.py:188} INFO - [2025-10-08T09:02:11.014+0000] {dag.py:3954} INFO - Setting next_dagrun for latest_only_with_trigger to 2025-10-08 04:00:00+00:00, run_after=2025-10-08 08:00:00+00:00
[2025-10-08T09:02:11.060+0000] {processor.py:183} INFO - Processing /home/airflow/.local/lib/python3.12/site-packages/airflow/example_dags/example_latest_only_with_trigger.py took 0.159 seconds
[2025-10-08T09:02:41.752+0000] {processor.py:161} INFO - Started process (PID=1265) to work on /home/airflow/.local/lib/python3.12/site-packages/airflow/example_dags/example_latest_only_with_trigger.py
[2025-10-08T09:02:41.756+0000] {processor.py:830} INFO - Processing file /home/airflow/.local/lib/python3.12/site-packages/airflow/example_dags/example_latest_only_with_trigger.py for tasks to queue
[2025-10-08T09:02:41.760+0000] {logging_mixin.py:188} INFO - [2025-10-08T09:02:41.759+0000] {dagbag.py:545} INFO - Filling up the DagBag from /home/airflow/.local/lib/python3.12/site-packages/airflow/example_dags/example_latest_only_with_trigger.py
[2025-10-08T09:02:41.768+0000] {processor.py:840} INFO - DAG(s) 'latest_only_with_trigger' retrieved from /home/airflow/.local/lib/python3.12/site-packages/airflow/example_dags/example_latest_only_with_trigger.py
[2025-10-08T09:02:41.790+0000] {logging_mixin.py:188} INFO - [2025-10-08T09:02:41.790+0000] {dag.py:3096} INFO - Sync 1 DAGs
[2025-10-08T09:02:41.817+0000] {logging_mixin.py:188} INFO - [2025-10-08T09:02:41.817+0000] {dag.py:3954} INFO - Setting next_dagrun for latest_only_with_trigger to 2025-10-08 04:00:00+00:00, run_after=2025-10-08 08:00:00+00:00
[2025-10-08T09:02:41.842+0000] {processor.py:183} INFO - Processing /home/airflow/.local/lib/python3.12/site-packages/airflow/example_dags/example_latest_only_with_trigger.py took 0.101 seconds
[2025-10-08T09:03:11.951+0000] {processor.py:161} INFO - Started process (PID=1324) to work on /home/airflow/.local/lib/python3.12/site-packages/airflow/example_dags/example_latest_only_with_trigger.py
[2025-10-08T09:03:11.953+0000] {processor.py:830} INFO - Processing file /home/airflow/.local/lib/python3.12/site-packages/airflow/example_dags/example_latest_only_with_trigger.py for tasks to queue
[2025-10-08T09:03:11.956+0000] {logging_mixin.py:188} INFO - [2025-10-08T09:03:11.956+0000] {dagbag.py:545} INFO - Filling up the DagBag from /home/airflow/.local/lib/python3.12/site-packages/airflow/example_dags/example_latest_only_with_trigger.py
[2025-10-08T09:03:11.966+0000] {processor.py:840} INFO - DAG(s) 'latest_only_with_trigger' retrieved from /home/airflow/.local/lib/python3.12/site-packages/airflow/example_dags/example_latest_only_with_trigger.py
[2025-10-08T09:03:12.014+0000] {logging_mixin.py:188} INFO - [2025-10-08T09:03:12.013+0000] {dag.py:3096} INFO - Sync 1 DAGs
[2025-10-08T09:03:12.057+0000] {logging_mixin.py:188} INFO - [2025-10-08T09:03:12.056+0000] {dag.py:3954} INFO - Setting next_dagrun for latest_only_with_trigger to 2025-10-08 04:00:00+00:00, run_after=2025-10-08 08:00:00+00:00
[2025-10-08T09:03:12.093+0000] {processor.py:183} INFO - Processing /home/airflow/.local/lib/python3.12/site-packages/airflow/example_dags/example_latest_only_with_trigger.py took 0.150 seconds
[2025-10-08T09:03:43.515+0000] {processor.py:161} INFO - Started process (PID=1383) to work on /home/airflow/.local/lib/python3.12/site-packages/airflow/example_dags/example_latest_only_with_trigger.py
[2025-10-08T09:03:43.517+0000] {processor.py:830} INFO - Processing file /home/airflow/.local/lib/python3.12/site-packages/airflow/example_dags/example_latest_only_with_trigger.py for tasks to queue
[2025-10-08T09:03:43.521+0000] {logging_mixin.py:188} INFO - [2025-10-08T09:03:43.520+0000] {dagbag.py:545} INFO - Filling up the DagBag from /home/airflow/.local/lib/python3.12/site-packages/airflow/example_dags/example_latest_only_with_trigger.py
[2025-10-08T09:03:43.529+0000] {processor.py:840} INFO - DAG(s) 'latest_only_with_trigger' retrieved from /home/airflow/.local/lib/python3.12/site-packages/airflow/example_dags/example_latest_only_with_trigger.py
[2025-10-08T09:03:43.559+0000] {logging_mixin.py:188} INFO - [2025-10-08T09:03:43.559+0000] {dag.py:3096} INFO - Sync 1 DAGs
[2025-10-08T09:03:43.746+0000] {logging_mixin.py:188} INFO - [2025-10-08T09:03:43.745+0000] {dag.py:3954} INFO - Setting next_dagrun for latest_only_with_trigger to 2025-10-08 04:00:00+00:00, run_after=2025-10-08 08:00:00+00:00
[2025-10-08T09:03:43.781+0000] {processor.py:183} INFO - Processing /home/airflow/.local/lib/python3.12/site-packages/airflow/example_dags/example_latest_only_with_trigger.py took 0.273 seconds
