[2025-10-08T08:02:48.109+0000] {processor.py:161} INFO - Started process (PID=66) to work on /home/airflow/.local/lib/python3.12/site-packages/airflow/example_dags/example_branch_python_dop_operator_3.py
[2025-10-08T08:02:48.111+0000] {processor.py:830} INFO - Processing file /home/airflow/.local/lib/python3.12/site-packages/airflow/example_dags/example_branch_python_dop_operator_3.py for tasks to queue
[2025-10-08T08:02:48.116+0000] {logging_mixin.py:188} INFO - [2025-10-08T08:02:48.115+0000] {dagbag.py:545} INFO - Filling up the DagBag from /home/airflow/.local/lib/python3.12/site-packages/airflow/example_dags/example_branch_python_dop_operator_3.py
[2025-10-08T08:02:48.141+0000] {processor.py:840} INFO - DAG(s) 'example_branch_dop_operator_v3' retrieved from /home/airflow/.local/lib/python3.12/site-packages/airflow/example_dags/example_branch_python_dop_operator_3.py
[2025-10-08T08:02:48.485+0000] {logging_mixin.py:188} INFO - [2025-10-08T08:02:48.483+0000] {override.py:1829} INFO - Created Permission View: can edit on DAG:example_branch_dop_operator_v3
[2025-10-08T08:02:48.549+0000] {logging_mixin.py:188} INFO - [2025-10-08T08:02:48.548+0000] {override.py:1829} INFO - Created Permission View: can delete on DAG:example_branch_dop_operator_v3
[2025-10-08T08:02:48.639+0000] {logging_mixin.py:188} INFO - [2025-10-08T08:02:48.638+0000] {override.py:1829} INFO - Created Permission View: can read on DAG:example_branch_dop_operator_v3
[2025-10-08T08:02:48.704+0000] {logging_mixin.py:188} INFO - [2025-10-08T08:02:48.703+0000] {dag.py:3096} INFO - Sync 1 DAGs
[2025-10-08T08:02:48.759+0000] {logging_mixin.py:188} INFO - [2025-10-08T08:02:48.758+0000] {dag.py:3118} INFO - Creating ORM DAG for example_branch_dop_operator_v3
[2025-10-08T08:02:48.857+0000] {logging_mixin.py:188} INFO - [2025-10-08T08:02:48.856+0000] {dag.py:3954} INFO - Setting next_dagrun for example_branch_dop_operator_v3 to 2025-10-08 08:01:00+00:00, run_after=2025-10-08 08:02:00+00:00
[2025-10-08T08:02:48.964+0000] {processor.py:183} INFO - Processing /home/airflow/.local/lib/python3.12/site-packages/airflow/example_dags/example_branch_python_dop_operator_3.py took 0.865 seconds
[2025-10-08T08:03:19.666+0000] {processor.py:161} INFO - Started process (PID=124) to work on /home/airflow/.local/lib/python3.12/site-packages/airflow/example_dags/example_branch_python_dop_operator_3.py
[2025-10-08T08:03:19.669+0000] {processor.py:830} INFO - Processing file /home/airflow/.local/lib/python3.12/site-packages/airflow/example_dags/example_branch_python_dop_operator_3.py for tasks to queue
[2025-10-08T08:03:19.674+0000] {logging_mixin.py:188} INFO - [2025-10-08T08:03:19.672+0000] {dagbag.py:545} INFO - Filling up the DagBag from /home/airflow/.local/lib/python3.12/site-packages/airflow/example_dags/example_branch_python_dop_operator_3.py
[2025-10-08T08:03:19.688+0000] {processor.py:840} INFO - DAG(s) 'example_branch_dop_operator_v3' retrieved from /home/airflow/.local/lib/python3.12/site-packages/airflow/example_dags/example_branch_python_dop_operator_3.py
[2025-10-08T08:03:19.770+0000] {logging_mixin.py:188} INFO - [2025-10-08T08:03:19.769+0000] {dag.py:3096} INFO - Sync 1 DAGs
[2025-10-08T08:03:19.814+0000] {logging_mixin.py:188} INFO - [2025-10-08T08:03:19.813+0000] {dag.py:3954} INFO - Setting next_dagrun for example_branch_dop_operator_v3 to 2025-10-08 08:02:00+00:00, run_after=2025-10-08 08:03:00+00:00
[2025-10-08T08:03:19.851+0000] {processor.py:183} INFO - Processing /home/airflow/.local/lib/python3.12/site-packages/airflow/example_dags/example_branch_python_dop_operator_3.py took 0.193 seconds
[2025-10-08T08:03:50.642+0000] {processor.py:161} INFO - Started process (PID=182) to work on /home/airflow/.local/lib/python3.12/site-packages/airflow/example_dags/example_branch_python_dop_operator_3.py
[2025-10-08T08:03:50.644+0000] {processor.py:830} INFO - Processing file /home/airflow/.local/lib/python3.12/site-packages/airflow/example_dags/example_branch_python_dop_operator_3.py for tasks to queue
[2025-10-08T08:03:50.649+0000] {logging_mixin.py:188} INFO - [2025-10-08T08:03:50.648+0000] {dagbag.py:545} INFO - Filling up the DagBag from /home/airflow/.local/lib/python3.12/site-packages/airflow/example_dags/example_branch_python_dop_operator_3.py
[2025-10-08T08:03:50.662+0000] {processor.py:840} INFO - DAG(s) 'example_branch_dop_operator_v3' retrieved from /home/airflow/.local/lib/python3.12/site-packages/airflow/example_dags/example_branch_python_dop_operator_3.py
[2025-10-08T08:03:50.692+0000] {logging_mixin.py:188} INFO - [2025-10-08T08:03:50.691+0000] {dag.py:3096} INFO - Sync 1 DAGs
[2025-10-08T08:03:50.726+0000] {logging_mixin.py:188} INFO - [2025-10-08T08:03:50.726+0000] {dag.py:3954} INFO - Setting next_dagrun for example_branch_dop_operator_v3 to 2025-10-08 08:02:00+00:00, run_after=2025-10-08 08:03:00+00:00
[2025-10-08T08:03:50.754+0000] {processor.py:183} INFO - Processing /home/airflow/.local/lib/python3.12/site-packages/airflow/example_dags/example_branch_python_dop_operator_3.py took 0.126 seconds
[2025-10-08T08:04:21.211+0000] {processor.py:161} INFO - Started process (PID=240) to work on /home/airflow/.local/lib/python3.12/site-packages/airflow/example_dags/example_branch_python_dop_operator_3.py
[2025-10-08T08:04:21.213+0000] {processor.py:830} INFO - Processing file /home/airflow/.local/lib/python3.12/site-packages/airflow/example_dags/example_branch_python_dop_operator_3.py for tasks to queue
[2025-10-08T08:04:21.219+0000] {logging_mixin.py:188} INFO - [2025-10-08T08:04:21.218+0000] {dagbag.py:545} INFO - Filling up the DagBag from /home/airflow/.local/lib/python3.12/site-packages/airflow/example_dags/example_branch_python_dop_operator_3.py
[2025-10-08T08:04:21.237+0000] {processor.py:840} INFO - DAG(s) 'example_branch_dop_operator_v3' retrieved from /home/airflow/.local/lib/python3.12/site-packages/airflow/example_dags/example_branch_python_dop_operator_3.py
[2025-10-08T08:04:21.289+0000] {logging_mixin.py:188} INFO - [2025-10-08T08:04:21.288+0000] {dag.py:3096} INFO - Sync 1 DAGs
[2025-10-08T08:04:21.331+0000] {logging_mixin.py:188} INFO - [2025-10-08T08:04:21.331+0000] {dag.py:3954} INFO - Setting next_dagrun for example_branch_dop_operator_v3 to 2025-10-08 08:03:00+00:00, run_after=2025-10-08 08:04:00+00:00
[2025-10-08T08:04:21.385+0000] {processor.py:183} INFO - Processing /home/airflow/.local/lib/python3.12/site-packages/airflow/example_dags/example_branch_python_dop_operator_3.py took 0.184 seconds
[2025-10-08T08:04:51.929+0000] {processor.py:161} INFO - Started process (PID=298) to work on /home/airflow/.local/lib/python3.12/site-packages/airflow/example_dags/example_branch_python_dop_operator_3.py
[2025-10-08T08:04:51.931+0000] {processor.py:830} INFO - Processing file /home/airflow/.local/lib/python3.12/site-packages/airflow/example_dags/example_branch_python_dop_operator_3.py for tasks to queue
[2025-10-08T08:04:51.934+0000] {logging_mixin.py:188} INFO - [2025-10-08T08:04:51.933+0000] {dagbag.py:545} INFO - Filling up the DagBag from /home/airflow/.local/lib/python3.12/site-packages/airflow/example_dags/example_branch_python_dop_operator_3.py
[2025-10-08T08:04:51.948+0000] {processor.py:840} INFO - DAG(s) 'example_branch_dop_operator_v3' retrieved from /home/airflow/.local/lib/python3.12/site-packages/airflow/example_dags/example_branch_python_dop_operator_3.py
[2025-10-08T08:04:51.978+0000] {logging_mixin.py:188} INFO - [2025-10-08T08:04:51.977+0000] {dag.py:3096} INFO - Sync 1 DAGs
[2025-10-08T08:04:52.013+0000] {logging_mixin.py:188} INFO - [2025-10-08T08:04:52.013+0000] {dag.py:3954} INFO - Setting next_dagrun for example_branch_dop_operator_v3 to 2025-10-08 08:03:00+00:00, run_after=2025-10-08 08:04:00+00:00
[2025-10-08T08:04:52.041+0000] {processor.py:183} INFO - Processing /home/airflow/.local/lib/python3.12/site-packages/airflow/example_dags/example_branch_python_dop_operator_3.py took 0.125 seconds
[2025-10-08T08:05:22.175+0000] {processor.py:161} INFO - Started process (PID=356) to work on /home/airflow/.local/lib/python3.12/site-packages/airflow/example_dags/example_branch_python_dop_operator_3.py
[2025-10-08T08:05:22.176+0000] {processor.py:830} INFO - Processing file /home/airflow/.local/lib/python3.12/site-packages/airflow/example_dags/example_branch_python_dop_operator_3.py for tasks to queue
[2025-10-08T08:05:22.179+0000] {logging_mixin.py:188} INFO - [2025-10-08T08:05:22.178+0000] {dagbag.py:545} INFO - Filling up the DagBag from /home/airflow/.local/lib/python3.12/site-packages/airflow/example_dags/example_branch_python_dop_operator_3.py
[2025-10-08T08:05:22.189+0000] {processor.py:840} INFO - DAG(s) 'example_branch_dop_operator_v3' retrieved from /home/airflow/.local/lib/python3.12/site-packages/airflow/example_dags/example_branch_python_dop_operator_3.py
[2025-10-08T08:05:22.209+0000] {logging_mixin.py:188} INFO - [2025-10-08T08:05:22.209+0000] {dag.py:3096} INFO - Sync 1 DAGs
[2025-10-08T08:05:22.231+0000] {logging_mixin.py:188} INFO - [2025-10-08T08:05:22.231+0000] {dag.py:3954} INFO - Setting next_dagrun for example_branch_dop_operator_v3 to 2025-10-08 08:04:00+00:00, run_after=2025-10-08 08:05:00+00:00
[2025-10-08T08:05:22.258+0000] {processor.py:183} INFO - Processing /home/airflow/.local/lib/python3.12/site-packages/airflow/example_dags/example_branch_python_dop_operator_3.py took 0.089 seconds
[2025-10-08T08:05:53.057+0000] {processor.py:161} INFO - Started process (PID=420) to work on /home/airflow/.local/lib/python3.12/site-packages/airflow/example_dags/example_branch_python_dop_operator_3.py
[2025-10-08T08:05:53.060+0000] {processor.py:830} INFO - Processing file /home/airflow/.local/lib/python3.12/site-packages/airflow/example_dags/example_branch_python_dop_operator_3.py for tasks to queue
[2025-10-08T08:05:53.064+0000] {logging_mixin.py:188} INFO - [2025-10-08T08:05:53.063+0000] {dagbag.py:545} INFO - Filling up the DagBag from /home/airflow/.local/lib/python3.12/site-packages/airflow/example_dags/example_branch_python_dop_operator_3.py
[2025-10-08T08:05:53.085+0000] {processor.py:840} INFO - DAG(s) 'example_branch_dop_operator_v3' retrieved from /home/airflow/.local/lib/python3.12/site-packages/airflow/example_dags/example_branch_python_dop_operator_3.py
[2025-10-08T08:05:53.138+0000] {logging_mixin.py:188} INFO - [2025-10-08T08:05:53.137+0000] {dag.py:3096} INFO - Sync 1 DAGs
[2025-10-08T08:05:53.181+0000] {logging_mixin.py:188} INFO - [2025-10-08T08:05:53.181+0000] {dag.py:3954} INFO - Setting next_dagrun for example_branch_dop_operator_v3 to 2025-10-08 08:04:00+00:00, run_after=2025-10-08 08:05:00+00:00
[2025-10-08T08:05:53.236+0000] {processor.py:183} INFO - Processing /home/airflow/.local/lib/python3.12/site-packages/airflow/example_dags/example_branch_python_dop_operator_3.py took 0.199 seconds
[2025-10-08T08:06:23.837+0000] {processor.py:161} INFO - Started process (PID=479) to work on /home/airflow/.local/lib/python3.12/site-packages/airflow/example_dags/example_branch_python_dop_operator_3.py
[2025-10-08T08:06:23.839+0000] {processor.py:830} INFO - Processing file /home/airflow/.local/lib/python3.12/site-packages/airflow/example_dags/example_branch_python_dop_operator_3.py for tasks to queue
[2025-10-08T08:06:23.844+0000] {logging_mixin.py:188} INFO - [2025-10-08T08:06:23.843+0000] {dagbag.py:545} INFO - Filling up the DagBag from /home/airflow/.local/lib/python3.12/site-packages/airflow/example_dags/example_branch_python_dop_operator_3.py
[2025-10-08T08:06:23.858+0000] {processor.py:840} INFO - DAG(s) 'example_branch_dop_operator_v3' retrieved from /home/airflow/.local/lib/python3.12/site-packages/airflow/example_dags/example_branch_python_dop_operator_3.py
[2025-10-08T08:06:23.927+0000] {logging_mixin.py:188} INFO - [2025-10-08T08:06:23.926+0000] {dag.py:3096} INFO - Sync 1 DAGs
[2025-10-08T08:06:23.980+0000] {logging_mixin.py:188} INFO - [2025-10-08T08:06:23.980+0000] {dag.py:3954} INFO - Setting next_dagrun for example_branch_dop_operator_v3 to 2025-10-08 08:05:00+00:00, run_after=2025-10-08 08:06:00+00:00
[2025-10-08T08:06:24.022+0000] {processor.py:183} INFO - Processing /home/airflow/.local/lib/python3.12/site-packages/airflow/example_dags/example_branch_python_dop_operator_3.py took 0.198 seconds
[2025-10-08T08:07:42.609+0000] {processor.py:161} INFO - Started process (PID=61) to work on /home/airflow/.local/lib/python3.12/site-packages/airflow/example_dags/example_branch_python_dop_operator_3.py
[2025-10-08T08:07:42.612+0000] {processor.py:830} INFO - Processing file /home/airflow/.local/lib/python3.12/site-packages/airflow/example_dags/example_branch_python_dop_operator_3.py for tasks to queue
[2025-10-08T08:07:42.616+0000] {logging_mixin.py:188} INFO - [2025-10-08T08:07:42.615+0000] {dagbag.py:545} INFO - Filling up the DagBag from /home/airflow/.local/lib/python3.12/site-packages/airflow/example_dags/example_branch_python_dop_operator_3.py
[2025-10-08T08:07:42.633+0000] {processor.py:840} INFO - DAG(s) 'example_branch_dop_operator_v3' retrieved from /home/airflow/.local/lib/python3.12/site-packages/airflow/example_dags/example_branch_python_dop_operator_3.py
[2025-10-08T08:07:42.866+0000] {logging_mixin.py:188} INFO - [2025-10-08T08:07:42.865+0000] {dag.py:3096} INFO - Sync 1 DAGs
[2025-10-08T08:07:42.915+0000] {logging_mixin.py:188} INFO - [2025-10-08T08:07:42.914+0000] {dag.py:3954} INFO - Setting next_dagrun for example_branch_dop_operator_v3 to 2025-10-08 08:06:00+00:00, run_after=2025-10-08 08:07:00+00:00
[2025-10-08T08:07:42.954+0000] {processor.py:183} INFO - Processing /home/airflow/.local/lib/python3.12/site-packages/airflow/example_dags/example_branch_python_dop_operator_3.py took 0.355 seconds
[2025-10-08T08:08:13.746+0000] {processor.py:161} INFO - Started process (PID=119) to work on /home/airflow/.local/lib/python3.12/site-packages/airflow/example_dags/example_branch_python_dop_operator_3.py
[2025-10-08T08:08:13.748+0000] {processor.py:830} INFO - Processing file /home/airflow/.local/lib/python3.12/site-packages/airflow/example_dags/example_branch_python_dop_operator_3.py for tasks to queue
[2025-10-08T08:08:13.751+0000] {logging_mixin.py:188} INFO - [2025-10-08T08:08:13.751+0000] {dagbag.py:545} INFO - Filling up the DagBag from /home/airflow/.local/lib/python3.12/site-packages/airflow/example_dags/example_branch_python_dop_operator_3.py
[2025-10-08T08:08:13.765+0000] {processor.py:840} INFO - DAG(s) 'example_branch_dop_operator_v3' retrieved from /home/airflow/.local/lib/python3.12/site-packages/airflow/example_dags/example_branch_python_dop_operator_3.py
[2025-10-08T08:08:13.798+0000] {logging_mixin.py:188} INFO - [2025-10-08T08:08:13.798+0000] {dag.py:3096} INFO - Sync 1 DAGs
[2025-10-08T08:08:13.836+0000] {logging_mixin.py:188} INFO - [2025-10-08T08:08:13.835+0000] {dag.py:3954} INFO - Setting next_dagrun for example_branch_dop_operator_v3 to 2025-10-08 08:07:00+00:00, run_after=2025-10-08 08:08:00+00:00
[2025-10-08T08:08:14.031+0000] {processor.py:183} INFO - Processing /home/airflow/.local/lib/python3.12/site-packages/airflow/example_dags/example_branch_python_dop_operator_3.py took 0.292 seconds
[2025-10-08T08:08:44.496+0000] {processor.py:161} INFO - Started process (PID=177) to work on /home/airflow/.local/lib/python3.12/site-packages/airflow/example_dags/example_branch_python_dop_operator_3.py
[2025-10-08T08:08:44.500+0000] {processor.py:830} INFO - Processing file /home/airflow/.local/lib/python3.12/site-packages/airflow/example_dags/example_branch_python_dop_operator_3.py for tasks to queue
[2025-10-08T08:08:44.504+0000] {logging_mixin.py:188} INFO - [2025-10-08T08:08:44.504+0000] {dagbag.py:545} INFO - Filling up the DagBag from /home/airflow/.local/lib/python3.12/site-packages/airflow/example_dags/example_branch_python_dop_operator_3.py
[2025-10-08T08:08:44.524+0000] {processor.py:840} INFO - DAG(s) 'example_branch_dop_operator_v3' retrieved from /home/airflow/.local/lib/python3.12/site-packages/airflow/example_dags/example_branch_python_dop_operator_3.py
[2025-10-08T08:08:44.565+0000] {logging_mixin.py:188} INFO - [2025-10-08T08:08:44.565+0000] {dag.py:3096} INFO - Sync 1 DAGs
[2025-10-08T08:08:44.603+0000] {logging_mixin.py:188} INFO - [2025-10-08T08:08:44.603+0000] {dag.py:3954} INFO - Setting next_dagrun for example_branch_dop_operator_v3 to 2025-10-08 08:07:00+00:00, run_after=2025-10-08 08:08:00+00:00
[2025-10-08T08:08:44.632+0000] {processor.py:183} INFO - Processing /home/airflow/.local/lib/python3.12/site-packages/airflow/example_dags/example_branch_python_dop_operator_3.py took 0.158 seconds
[2025-10-08T08:09:15.138+0000] {processor.py:161} INFO - Started process (PID=235) to work on /home/airflow/.local/lib/python3.12/site-packages/airflow/example_dags/example_branch_python_dop_operator_3.py
[2025-10-08T08:09:15.148+0000] {processor.py:830} INFO - Processing file /home/airflow/.local/lib/python3.12/site-packages/airflow/example_dags/example_branch_python_dop_operator_3.py for tasks to queue
[2025-10-08T08:09:15.158+0000] {logging_mixin.py:188} INFO - [2025-10-08T08:09:15.155+0000] {dagbag.py:545} INFO - Filling up the DagBag from /home/airflow/.local/lib/python3.12/site-packages/airflow/example_dags/example_branch_python_dop_operator_3.py
[2025-10-08T08:09:15.190+0000] {processor.py:840} INFO - DAG(s) 'example_branch_dop_operator_v3' retrieved from /home/airflow/.local/lib/python3.12/site-packages/airflow/example_dags/example_branch_python_dop_operator_3.py
[2025-10-08T08:09:15.327+0000] {logging_mixin.py:188} INFO - [2025-10-08T08:09:15.326+0000] {dag.py:3096} INFO - Sync 1 DAGs
[2025-10-08T08:09:15.502+0000] {logging_mixin.py:188} INFO - [2025-10-08T08:09:15.501+0000] {dag.py:3954} INFO - Setting next_dagrun for example_branch_dop_operator_v3 to 2025-10-08 08:08:00+00:00, run_after=2025-10-08 08:09:00+00:00
[2025-10-08T08:09:15.624+0000] {processor.py:183} INFO - Processing /home/airflow/.local/lib/python3.12/site-packages/airflow/example_dags/example_branch_python_dop_operator_3.py took 0.523 seconds
[2025-10-08T08:09:45.881+0000] {processor.py:161} INFO - Started process (PID=293) to work on /home/airflow/.local/lib/python3.12/site-packages/airflow/example_dags/example_branch_python_dop_operator_3.py
[2025-10-08T08:09:45.883+0000] {processor.py:830} INFO - Processing file /home/airflow/.local/lib/python3.12/site-packages/airflow/example_dags/example_branch_python_dop_operator_3.py for tasks to queue
[2025-10-08T08:09:45.887+0000] {logging_mixin.py:188} INFO - [2025-10-08T08:09:45.887+0000] {dagbag.py:545} INFO - Filling up the DagBag from /home/airflow/.local/lib/python3.12/site-packages/airflow/example_dags/example_branch_python_dop_operator_3.py
[2025-10-08T08:09:45.908+0000] {processor.py:840} INFO - DAG(s) 'example_branch_dop_operator_v3' retrieved from /home/airflow/.local/lib/python3.12/site-packages/airflow/example_dags/example_branch_python_dop_operator_3.py
[2025-10-08T08:09:45.946+0000] {logging_mixin.py:188} INFO - [2025-10-08T08:09:45.945+0000] {dag.py:3096} INFO - Sync 1 DAGs
[2025-10-08T08:09:45.987+0000] {logging_mixin.py:188} INFO - [2025-10-08T08:09:45.986+0000] {dag.py:3954} INFO - Setting next_dagrun for example_branch_dop_operator_v3 to 2025-10-08 08:08:00+00:00, run_after=2025-10-08 08:09:00+00:00
[2025-10-08T08:09:46.015+0000] {processor.py:183} INFO - Processing /home/airflow/.local/lib/python3.12/site-packages/airflow/example_dags/example_branch_python_dop_operator_3.py took 0.142 seconds
[2025-10-08T08:10:16.383+0000] {processor.py:161} INFO - Started process (PID=351) to work on /home/airflow/.local/lib/python3.12/site-packages/airflow/example_dags/example_branch_python_dop_operator_3.py
[2025-10-08T08:10:16.386+0000] {processor.py:830} INFO - Processing file /home/airflow/.local/lib/python3.12/site-packages/airflow/example_dags/example_branch_python_dop_operator_3.py for tasks to queue
[2025-10-08T08:10:16.390+0000] {logging_mixin.py:188} INFO - [2025-10-08T08:10:16.390+0000] {dagbag.py:545} INFO - Filling up the DagBag from /home/airflow/.local/lib/python3.12/site-packages/airflow/example_dags/example_branch_python_dop_operator_3.py
[2025-10-08T08:10:16.407+0000] {processor.py:840} INFO - DAG(s) 'example_branch_dop_operator_v3' retrieved from /home/airflow/.local/lib/python3.12/site-packages/airflow/example_dags/example_branch_python_dop_operator_3.py
[2025-10-08T08:10:16.455+0000] {logging_mixin.py:188} INFO - [2025-10-08T08:10:16.454+0000] {dag.py:3096} INFO - Sync 1 DAGs
[2025-10-08T08:10:16.500+0000] {logging_mixin.py:188} INFO - [2025-10-08T08:10:16.500+0000] {dag.py:3954} INFO - Setting next_dagrun for example_branch_dop_operator_v3 to 2025-10-08 08:09:00+00:00, run_after=2025-10-08 08:10:00+00:00
[2025-10-08T08:10:16.533+0000] {processor.py:183} INFO - Processing /home/airflow/.local/lib/python3.12/site-packages/airflow/example_dags/example_branch_python_dop_operator_3.py took 0.163 seconds
[2025-10-08T08:10:47.013+0000] {processor.py:161} INFO - Started process (PID=409) to work on /home/airflow/.local/lib/python3.12/site-packages/airflow/example_dags/example_branch_python_dop_operator_3.py
[2025-10-08T08:10:47.015+0000] {processor.py:830} INFO - Processing file /home/airflow/.local/lib/python3.12/site-packages/airflow/example_dags/example_branch_python_dop_operator_3.py for tasks to queue
[2025-10-08T08:10:47.021+0000] {logging_mixin.py:188} INFO - [2025-10-08T08:10:47.020+0000] {dagbag.py:545} INFO - Filling up the DagBag from /home/airflow/.local/lib/python3.12/site-packages/airflow/example_dags/example_branch_python_dop_operator_3.py
[2025-10-08T08:10:47.048+0000] {processor.py:840} INFO - DAG(s) 'example_branch_dop_operator_v3' retrieved from /home/airflow/.local/lib/python3.12/site-packages/airflow/example_dags/example_branch_python_dop_operator_3.py
[2025-10-08T08:10:47.093+0000] {logging_mixin.py:188} INFO - [2025-10-08T08:10:47.093+0000] {dag.py:3096} INFO - Sync 1 DAGs
[2025-10-08T08:10:47.137+0000] {logging_mixin.py:188} INFO - [2025-10-08T08:10:47.137+0000] {dag.py:3954} INFO - Setting next_dagrun for example_branch_dop_operator_v3 to 2025-10-08 08:09:00+00:00, run_after=2025-10-08 08:10:00+00:00
[2025-10-08T08:10:47.176+0000] {processor.py:183} INFO - Processing /home/airflow/.local/lib/python3.12/site-packages/airflow/example_dags/example_branch_python_dop_operator_3.py took 0.183 seconds
[2025-10-08T08:11:17.829+0000] {processor.py:161} INFO - Started process (PID=467) to work on /home/airflow/.local/lib/python3.12/site-packages/airflow/example_dags/example_branch_python_dop_operator_3.py
[2025-10-08T08:11:17.831+0000] {processor.py:830} INFO - Processing file /home/airflow/.local/lib/python3.12/site-packages/airflow/example_dags/example_branch_python_dop_operator_3.py for tasks to queue
[2025-10-08T08:11:17.835+0000] {logging_mixin.py:188} INFO - [2025-10-08T08:11:17.835+0000] {dagbag.py:545} INFO - Filling up the DagBag from /home/airflow/.local/lib/python3.12/site-packages/airflow/example_dags/example_branch_python_dop_operator_3.py
[2025-10-08T08:11:17.848+0000] {processor.py:840} INFO - DAG(s) 'example_branch_dop_operator_v3' retrieved from /home/airflow/.local/lib/python3.12/site-packages/airflow/example_dags/example_branch_python_dop_operator_3.py
[2025-10-08T08:11:17.883+0000] {logging_mixin.py:188} INFO - [2025-10-08T08:11:17.883+0000] {dag.py:3096} INFO - Sync 1 DAGs
[2025-10-08T08:11:17.919+0000] {logging_mixin.py:188} INFO - [2025-10-08T08:11:17.918+0000] {dag.py:3954} INFO - Setting next_dagrun for example_branch_dop_operator_v3 to 2025-10-08 08:10:00+00:00, run_after=2025-10-08 08:11:00+00:00
[2025-10-08T08:11:17.970+0000] {processor.py:183} INFO - Processing /home/airflow/.local/lib/python3.12/site-packages/airflow/example_dags/example_branch_python_dop_operator_3.py took 0.153 seconds
[2025-10-08T08:11:48.201+0000] {processor.py:161} INFO - Started process (PID=525) to work on /home/airflow/.local/lib/python3.12/site-packages/airflow/example_dags/example_branch_python_dop_operator_3.py
[2025-10-08T08:11:48.205+0000] {processor.py:830} INFO - Processing file /home/airflow/.local/lib/python3.12/site-packages/airflow/example_dags/example_branch_python_dop_operator_3.py for tasks to queue
[2025-10-08T08:11:48.210+0000] {logging_mixin.py:188} INFO - [2025-10-08T08:11:48.209+0000] {dagbag.py:545} INFO - Filling up the DagBag from /home/airflow/.local/lib/python3.12/site-packages/airflow/example_dags/example_branch_python_dop_operator_3.py
[2025-10-08T08:11:48.230+0000] {processor.py:840} INFO - DAG(s) 'example_branch_dop_operator_v3' retrieved from /home/airflow/.local/lib/python3.12/site-packages/airflow/example_dags/example_branch_python_dop_operator_3.py
[2025-10-08T08:11:48.273+0000] {logging_mixin.py:188} INFO - [2025-10-08T08:11:48.272+0000] {dag.py:3096} INFO - Sync 1 DAGs
[2025-10-08T08:11:48.318+0000] {logging_mixin.py:188} INFO - [2025-10-08T08:11:48.318+0000] {dag.py:3954} INFO - Setting next_dagrun for example_branch_dop_operator_v3 to 2025-10-08 08:10:00+00:00, run_after=2025-10-08 08:11:00+00:00
[2025-10-08T08:11:48.355+0000] {processor.py:183} INFO - Processing /home/airflow/.local/lib/python3.12/site-packages/airflow/example_dags/example_branch_python_dop_operator_3.py took 0.169 seconds
[2025-10-08T08:12:18.446+0000] {processor.py:161} INFO - Started process (PID=583) to work on /home/airflow/.local/lib/python3.12/site-packages/airflow/example_dags/example_branch_python_dop_operator_3.py
[2025-10-08T08:12:18.448+0000] {processor.py:830} INFO - Processing file /home/airflow/.local/lib/python3.12/site-packages/airflow/example_dags/example_branch_python_dop_operator_3.py for tasks to queue
[2025-10-08T08:12:18.451+0000] {logging_mixin.py:188} INFO - [2025-10-08T08:12:18.451+0000] {dagbag.py:545} INFO - Filling up the DagBag from /home/airflow/.local/lib/python3.12/site-packages/airflow/example_dags/example_branch_python_dop_operator_3.py
[2025-10-08T08:12:18.480+0000] {processor.py:840} INFO - DAG(s) 'example_branch_dop_operator_v3' retrieved from /home/airflow/.local/lib/python3.12/site-packages/airflow/example_dags/example_branch_python_dop_operator_3.py
[2025-10-08T08:12:18.520+0000] {logging_mixin.py:188} INFO - [2025-10-08T08:12:18.520+0000] {dag.py:3096} INFO - Sync 1 DAGs
[2025-10-08T08:12:18.591+0000] {logging_mixin.py:188} INFO - [2025-10-08T08:12:18.591+0000] {dag.py:3954} INFO - Setting next_dagrun for example_branch_dop_operator_v3 to 2025-10-08 08:11:00+00:00, run_after=2025-10-08 08:12:00+00:00
[2025-10-08T08:12:18.619+0000] {processor.py:183} INFO - Processing /home/airflow/.local/lib/python3.12/site-packages/airflow/example_dags/example_branch_python_dop_operator_3.py took 0.182 seconds
[2025-10-08T08:12:49.239+0000] {processor.py:161} INFO - Started process (PID=641) to work on /home/airflow/.local/lib/python3.12/site-packages/airflow/example_dags/example_branch_python_dop_operator_3.py
[2025-10-08T08:12:49.242+0000] {processor.py:830} INFO - Processing file /home/airflow/.local/lib/python3.12/site-packages/airflow/example_dags/example_branch_python_dop_operator_3.py for tasks to queue
[2025-10-08T08:12:49.249+0000] {logging_mixin.py:188} INFO - [2025-10-08T08:12:49.248+0000] {dagbag.py:545} INFO - Filling up the DagBag from /home/airflow/.local/lib/python3.12/site-packages/airflow/example_dags/example_branch_python_dop_operator_3.py
[2025-10-08T08:12:49.268+0000] {processor.py:840} INFO - DAG(s) 'example_branch_dop_operator_v3' retrieved from /home/airflow/.local/lib/python3.12/site-packages/airflow/example_dags/example_branch_python_dop_operator_3.py
[2025-10-08T08:12:49.310+0000] {logging_mixin.py:188} INFO - [2025-10-08T08:12:49.310+0000] {dag.py:3096} INFO - Sync 1 DAGs
[2025-10-08T08:12:49.352+0000] {logging_mixin.py:188} INFO - [2025-10-08T08:12:49.352+0000] {dag.py:3954} INFO - Setting next_dagrun for example_branch_dop_operator_v3 to 2025-10-08 08:11:00+00:00, run_after=2025-10-08 08:12:00+00:00
[2025-10-08T08:12:49.391+0000] {processor.py:183} INFO - Processing /home/airflow/.local/lib/python3.12/site-packages/airflow/example_dags/example_branch_python_dop_operator_3.py took 0.168 seconds
[2025-10-08T08:13:20.348+0000] {processor.py:161} INFO - Started process (PID=699) to work on /home/airflow/.local/lib/python3.12/site-packages/airflow/example_dags/example_branch_python_dop_operator_3.py
[2025-10-08T08:13:20.354+0000] {processor.py:830} INFO - Processing file /home/airflow/.local/lib/python3.12/site-packages/airflow/example_dags/example_branch_python_dop_operator_3.py for tasks to queue
[2025-10-08T08:13:20.367+0000] {logging_mixin.py:188} INFO - [2025-10-08T08:13:20.365+0000] {dagbag.py:545} INFO - Filling up the DagBag from /home/airflow/.local/lib/python3.12/site-packages/airflow/example_dags/example_branch_python_dop_operator_3.py
[2025-10-08T08:13:20.405+0000] {processor.py:840} INFO - DAG(s) 'example_branch_dop_operator_v3' retrieved from /home/airflow/.local/lib/python3.12/site-packages/airflow/example_dags/example_branch_python_dop_operator_3.py
[2025-10-08T08:13:20.453+0000] {logging_mixin.py:188} INFO - [2025-10-08T08:13:20.453+0000] {dag.py:3096} INFO - Sync 1 DAGs
[2025-10-08T08:13:20.501+0000] {logging_mixin.py:188} INFO - [2025-10-08T08:13:20.500+0000] {dag.py:3954} INFO - Setting next_dagrun for example_branch_dop_operator_v3 to 2025-10-08 08:12:00+00:00, run_after=2025-10-08 08:13:00+00:00
[2025-10-08T08:13:20.535+0000] {processor.py:183} INFO - Processing /home/airflow/.local/lib/python3.12/site-packages/airflow/example_dags/example_branch_python_dop_operator_3.py took 0.214 seconds
[2025-10-08T08:13:50.681+0000] {processor.py:161} INFO - Started process (PID=757) to work on /home/airflow/.local/lib/python3.12/site-packages/airflow/example_dags/example_branch_python_dop_operator_3.py
[2025-10-08T08:13:50.683+0000] {processor.py:830} INFO - Processing file /home/airflow/.local/lib/python3.12/site-packages/airflow/example_dags/example_branch_python_dop_operator_3.py for tasks to queue
[2025-10-08T08:13:50.689+0000] {logging_mixin.py:188} INFO - [2025-10-08T08:13:50.688+0000] {dagbag.py:545} INFO - Filling up the DagBag from /home/airflow/.local/lib/python3.12/site-packages/airflow/example_dags/example_branch_python_dop_operator_3.py
[2025-10-08T08:13:50.711+0000] {processor.py:840} INFO - DAG(s) 'example_branch_dop_operator_v3' retrieved from /home/airflow/.local/lib/python3.12/site-packages/airflow/example_dags/example_branch_python_dop_operator_3.py
[2025-10-08T08:13:50.762+0000] {logging_mixin.py:188} INFO - [2025-10-08T08:13:50.761+0000] {dag.py:3096} INFO - Sync 1 DAGs
[2025-10-08T08:13:50.824+0000] {logging_mixin.py:188} INFO - [2025-10-08T08:13:50.824+0000] {dag.py:3954} INFO - Setting next_dagrun for example_branch_dop_operator_v3 to 2025-10-08 08:12:00+00:00, run_after=2025-10-08 08:13:00+00:00
[2025-10-08T08:13:50.880+0000] {processor.py:183} INFO - Processing /home/airflow/.local/lib/python3.12/site-packages/airflow/example_dags/example_branch_python_dop_operator_3.py took 0.221 seconds
[2025-10-08T08:14:21.036+0000] {processor.py:161} INFO - Started process (PID=815) to work on /home/airflow/.local/lib/python3.12/site-packages/airflow/example_dags/example_branch_python_dop_operator_3.py
[2025-10-08T08:14:21.038+0000] {processor.py:830} INFO - Processing file /home/airflow/.local/lib/python3.12/site-packages/airflow/example_dags/example_branch_python_dop_operator_3.py for tasks to queue
[2025-10-08T08:14:21.042+0000] {logging_mixin.py:188} INFO - [2025-10-08T08:14:21.041+0000] {dagbag.py:545} INFO - Filling up the DagBag from /home/airflow/.local/lib/python3.12/site-packages/airflow/example_dags/example_branch_python_dop_operator_3.py
[2025-10-08T08:14:21.054+0000] {processor.py:840} INFO - DAG(s) 'example_branch_dop_operator_v3' retrieved from /home/airflow/.local/lib/python3.12/site-packages/airflow/example_dags/example_branch_python_dop_operator_3.py
[2025-10-08T08:14:21.085+0000] {logging_mixin.py:188} INFO - [2025-10-08T08:14:21.085+0000] {dag.py:3096} INFO - Sync 1 DAGs
[2025-10-08T08:14:21.121+0000] {logging_mixin.py:188} INFO - [2025-10-08T08:14:21.121+0000] {dag.py:3954} INFO - Setting next_dagrun for example_branch_dop_operator_v3 to 2025-10-08 08:13:00+00:00, run_after=2025-10-08 08:14:00+00:00
[2025-10-08T08:14:21.154+0000] {processor.py:183} INFO - Processing /home/airflow/.local/lib/python3.12/site-packages/airflow/example_dags/example_branch_python_dop_operator_3.py took 0.128 seconds
[2025-10-08T08:14:51.569+0000] {processor.py:161} INFO - Started process (PID=872) to work on /home/airflow/.local/lib/python3.12/site-packages/airflow/example_dags/example_branch_python_dop_operator_3.py
[2025-10-08T08:14:51.573+0000] {processor.py:830} INFO - Processing file /home/airflow/.local/lib/python3.12/site-packages/airflow/example_dags/example_branch_python_dop_operator_3.py for tasks to queue
[2025-10-08T08:14:51.577+0000] {logging_mixin.py:188} INFO - [2025-10-08T08:14:51.576+0000] {dagbag.py:545} INFO - Filling up the DagBag from /home/airflow/.local/lib/python3.12/site-packages/airflow/example_dags/example_branch_python_dop_operator_3.py
[2025-10-08T08:14:51.589+0000] {processor.py:840} INFO - DAG(s) 'example_branch_dop_operator_v3' retrieved from /home/airflow/.local/lib/python3.12/site-packages/airflow/example_dags/example_branch_python_dop_operator_3.py
[2025-10-08T08:14:51.621+0000] {logging_mixin.py:188} INFO - [2025-10-08T08:14:51.620+0000] {dag.py:3096} INFO - Sync 1 DAGs
[2025-10-08T08:14:51.653+0000] {logging_mixin.py:188} INFO - [2025-10-08T08:14:51.652+0000] {dag.py:3954} INFO - Setting next_dagrun for example_branch_dop_operator_v3 to 2025-10-08 08:13:00+00:00, run_after=2025-10-08 08:14:00+00:00
[2025-10-08T08:14:51.696+0000] {processor.py:183} INFO - Processing /home/airflow/.local/lib/python3.12/site-packages/airflow/example_dags/example_branch_python_dop_operator_3.py took 0.139 seconds
[2025-10-08T08:15:22.030+0000] {processor.py:161} INFO - Started process (PID=930) to work on /home/airflow/.local/lib/python3.12/site-packages/airflow/example_dags/example_branch_python_dop_operator_3.py
[2025-10-08T08:15:22.032+0000] {processor.py:830} INFO - Processing file /home/airflow/.local/lib/python3.12/site-packages/airflow/example_dags/example_branch_python_dop_operator_3.py for tasks to queue
[2025-10-08T08:15:22.035+0000] {logging_mixin.py:188} INFO - [2025-10-08T08:15:22.034+0000] {dagbag.py:545} INFO - Filling up the DagBag from /home/airflow/.local/lib/python3.12/site-packages/airflow/example_dags/example_branch_python_dop_operator_3.py
[2025-10-08T08:15:22.048+0000] {processor.py:840} INFO - DAG(s) 'example_branch_dop_operator_v3' retrieved from /home/airflow/.local/lib/python3.12/site-packages/airflow/example_dags/example_branch_python_dop_operator_3.py
[2025-10-08T08:15:22.076+0000] {logging_mixin.py:188} INFO - [2025-10-08T08:15:22.076+0000] {dag.py:3096} INFO - Sync 1 DAGs
[2025-10-08T08:15:22.105+0000] {logging_mixin.py:188} INFO - [2025-10-08T08:15:22.104+0000] {dag.py:3954} INFO - Setting next_dagrun for example_branch_dop_operator_v3 to 2025-10-08 08:14:00+00:00, run_after=2025-10-08 08:15:00+00:00
[2025-10-08T08:15:22.156+0000] {processor.py:183} INFO - Processing /home/airflow/.local/lib/python3.12/site-packages/airflow/example_dags/example_branch_python_dop_operator_3.py took 0.136 seconds
[2025-10-08T08:15:53.047+0000] {processor.py:161} INFO - Started process (PID=988) to work on /home/airflow/.local/lib/python3.12/site-packages/airflow/example_dags/example_branch_python_dop_operator_3.py
[2025-10-08T08:15:53.049+0000] {processor.py:830} INFO - Processing file /home/airflow/.local/lib/python3.12/site-packages/airflow/example_dags/example_branch_python_dop_operator_3.py for tasks to queue
[2025-10-08T08:15:53.054+0000] {logging_mixin.py:188} INFO - [2025-10-08T08:15:53.053+0000] {dagbag.py:545} INFO - Filling up the DagBag from /home/airflow/.local/lib/python3.12/site-packages/airflow/example_dags/example_branch_python_dop_operator_3.py
[2025-10-08T08:15:53.069+0000] {processor.py:840} INFO - DAG(s) 'example_branch_dop_operator_v3' retrieved from /home/airflow/.local/lib/python3.12/site-packages/airflow/example_dags/example_branch_python_dop_operator_3.py
[2025-10-08T08:15:53.104+0000] {logging_mixin.py:188} INFO - [2025-10-08T08:15:53.104+0000] {dag.py:3096} INFO - Sync 1 DAGs
[2025-10-08T08:15:53.160+0000] {logging_mixin.py:188} INFO - [2025-10-08T08:15:53.160+0000] {dag.py:3954} INFO - Setting next_dagrun for example_branch_dop_operator_v3 to 2025-10-08 08:14:00+00:00, run_after=2025-10-08 08:15:00+00:00
[2025-10-08T08:15:53.198+0000] {processor.py:183} INFO - Processing /home/airflow/.local/lib/python3.12/site-packages/airflow/example_dags/example_branch_python_dop_operator_3.py took 0.160 seconds
[2025-10-08T08:16:23.483+0000] {processor.py:161} INFO - Started process (PID=1046) to work on /home/airflow/.local/lib/python3.12/site-packages/airflow/example_dags/example_branch_python_dop_operator_3.py
[2025-10-08T08:16:23.485+0000] {processor.py:830} INFO - Processing file /home/airflow/.local/lib/python3.12/site-packages/airflow/example_dags/example_branch_python_dop_operator_3.py for tasks to queue
[2025-10-08T08:16:23.488+0000] {logging_mixin.py:188} INFO - [2025-10-08T08:16:23.488+0000] {dagbag.py:545} INFO - Filling up the DagBag from /home/airflow/.local/lib/python3.12/site-packages/airflow/example_dags/example_branch_python_dop_operator_3.py
[2025-10-08T08:16:23.500+0000] {processor.py:840} INFO - DAG(s) 'example_branch_dop_operator_v3' retrieved from /home/airflow/.local/lib/python3.12/site-packages/airflow/example_dags/example_branch_python_dop_operator_3.py
[2025-10-08T08:16:23.534+0000] {logging_mixin.py:188} INFO - [2025-10-08T08:16:23.533+0000] {dag.py:3096} INFO - Sync 1 DAGs
[2025-10-08T08:16:23.569+0000] {logging_mixin.py:188} INFO - [2025-10-08T08:16:23.569+0000] {dag.py:3954} INFO - Setting next_dagrun for example_branch_dop_operator_v3 to 2025-10-08 08:15:00+00:00, run_after=2025-10-08 08:16:00+00:00
[2025-10-08T08:16:23.597+0000] {processor.py:183} INFO - Processing /home/airflow/.local/lib/python3.12/site-packages/airflow/example_dags/example_branch_python_dop_operator_3.py took 0.121 seconds
[2025-10-08T08:16:53.886+0000] {processor.py:161} INFO - Started process (PID=1104) to work on /home/airflow/.local/lib/python3.12/site-packages/airflow/example_dags/example_branch_python_dop_operator_3.py
[2025-10-08T08:16:53.888+0000] {processor.py:830} INFO - Processing file /home/airflow/.local/lib/python3.12/site-packages/airflow/example_dags/example_branch_python_dop_operator_3.py for tasks to queue
[2025-10-08T08:16:53.891+0000] {logging_mixin.py:188} INFO - [2025-10-08T08:16:53.891+0000] {dagbag.py:545} INFO - Filling up the DagBag from /home/airflow/.local/lib/python3.12/site-packages/airflow/example_dags/example_branch_python_dop_operator_3.py
[2025-10-08T08:16:53.904+0000] {processor.py:840} INFO - DAG(s) 'example_branch_dop_operator_v3' retrieved from /home/airflow/.local/lib/python3.12/site-packages/airflow/example_dags/example_branch_python_dop_operator_3.py
[2025-10-08T08:16:53.937+0000] {logging_mixin.py:188} INFO - [2025-10-08T08:16:53.937+0000] {dag.py:3096} INFO - Sync 1 DAGs
[2025-10-08T08:16:53.978+0000] {logging_mixin.py:188} INFO - [2025-10-08T08:16:53.978+0000] {dag.py:3954} INFO - Setting next_dagrun for example_branch_dop_operator_v3 to 2025-10-08 08:15:00+00:00, run_after=2025-10-08 08:16:00+00:00
[2025-10-08T08:16:54.014+0000] {processor.py:183} INFO - Processing /home/airflow/.local/lib/python3.12/site-packages/airflow/example_dags/example_branch_python_dop_operator_3.py took 0.140 seconds
[2025-10-08T08:17:24.398+0000] {processor.py:161} INFO - Started process (PID=1162) to work on /home/airflow/.local/lib/python3.12/site-packages/airflow/example_dags/example_branch_python_dop_operator_3.py
[2025-10-08T08:17:24.402+0000] {processor.py:830} INFO - Processing file /home/airflow/.local/lib/python3.12/site-packages/airflow/example_dags/example_branch_python_dop_operator_3.py for tasks to queue
[2025-10-08T08:17:24.408+0000] {logging_mixin.py:188} INFO - [2025-10-08T08:17:24.407+0000] {dagbag.py:545} INFO - Filling up the DagBag from /home/airflow/.local/lib/python3.12/site-packages/airflow/example_dags/example_branch_python_dop_operator_3.py
[2025-10-08T08:17:24.428+0000] {processor.py:840} INFO - DAG(s) 'example_branch_dop_operator_v3' retrieved from /home/airflow/.local/lib/python3.12/site-packages/airflow/example_dags/example_branch_python_dop_operator_3.py
[2025-10-08T08:17:24.462+0000] {logging_mixin.py:188} INFO - [2025-10-08T08:17:24.462+0000] {dag.py:3096} INFO - Sync 1 DAGs
[2025-10-08T08:17:24.499+0000] {logging_mixin.py:188} INFO - [2025-10-08T08:17:24.499+0000] {dag.py:3954} INFO - Setting next_dagrun for example_branch_dop_operator_v3 to 2025-10-08 08:16:00+00:00, run_after=2025-10-08 08:17:00+00:00
[2025-10-08T08:17:24.558+0000] {processor.py:183} INFO - Processing /home/airflow/.local/lib/python3.12/site-packages/airflow/example_dags/example_branch_python_dop_operator_3.py took 0.177 seconds
[2025-10-08T08:17:55.398+0000] {processor.py:161} INFO - Started process (PID=1221) to work on /home/airflow/.local/lib/python3.12/site-packages/airflow/example_dags/example_branch_python_dop_operator_3.py
[2025-10-08T08:17:55.399+0000] {processor.py:830} INFO - Processing file /home/airflow/.local/lib/python3.12/site-packages/airflow/example_dags/example_branch_python_dop_operator_3.py for tasks to queue
[2025-10-08T08:17:55.403+0000] {logging_mixin.py:188} INFO - [2025-10-08T08:17:55.402+0000] {dagbag.py:545} INFO - Filling up the DagBag from /home/airflow/.local/lib/python3.12/site-packages/airflow/example_dags/example_branch_python_dop_operator_3.py
[2025-10-08T08:17:55.417+0000] {processor.py:840} INFO - DAG(s) 'example_branch_dop_operator_v3' retrieved from /home/airflow/.local/lib/python3.12/site-packages/airflow/example_dags/example_branch_python_dop_operator_3.py
[2025-10-08T08:17:55.462+0000] {logging_mixin.py:188} INFO - [2025-10-08T08:17:55.461+0000] {dag.py:3096} INFO - Sync 1 DAGs
[2025-10-08T08:17:55.499+0000] {logging_mixin.py:188} INFO - [2025-10-08T08:17:55.499+0000] {dag.py:3954} INFO - Setting next_dagrun for example_branch_dop_operator_v3 to 2025-10-08 08:16:00+00:00, run_after=2025-10-08 08:17:00+00:00
[2025-10-08T08:17:55.533+0000] {processor.py:183} INFO - Processing /home/airflow/.local/lib/python3.12/site-packages/airflow/example_dags/example_branch_python_dop_operator_3.py took 0.145 seconds
[2025-10-08T08:18:26.131+0000] {processor.py:161} INFO - Started process (PID=1281) to work on /home/airflow/.local/lib/python3.12/site-packages/airflow/example_dags/example_branch_python_dop_operator_3.py
[2025-10-08T08:18:26.154+0000] {processor.py:830} INFO - Processing file /home/airflow/.local/lib/python3.12/site-packages/airflow/example_dags/example_branch_python_dop_operator_3.py for tasks to queue
[2025-10-08T08:18:26.170+0000] {logging_mixin.py:188} INFO - [2025-10-08T08:18:26.168+0000] {dagbag.py:545} INFO - Filling up the DagBag from /home/airflow/.local/lib/python3.12/site-packages/airflow/example_dags/example_branch_python_dop_operator_3.py
[2025-10-08T08:18:26.251+0000] {processor.py:840} INFO - DAG(s) 'example_branch_dop_operator_v3' retrieved from /home/airflow/.local/lib/python3.12/site-packages/airflow/example_dags/example_branch_python_dop_operator_3.py
[2025-10-08T08:18:26.360+0000] {logging_mixin.py:188} INFO - [2025-10-08T08:18:26.359+0000] {dag.py:3096} INFO - Sync 1 DAGs
[2025-10-08T08:18:26.477+0000] {logging_mixin.py:188} INFO - [2025-10-08T08:18:26.476+0000] {dag.py:3954} INFO - Setting next_dagrun for example_branch_dop_operator_v3 to 2025-10-08 08:17:00+00:00, run_after=2025-10-08 08:18:00+00:00
[2025-10-08T08:18:26.559+0000] {processor.py:183} INFO - Processing /home/airflow/.local/lib/python3.12/site-packages/airflow/example_dags/example_branch_python_dop_operator_3.py took 0.462 seconds
[2025-10-08T08:18:57.483+0000] {processor.py:161} INFO - Started process (PID=1340) to work on /home/airflow/.local/lib/python3.12/site-packages/airflow/example_dags/example_branch_python_dop_operator_3.py
[2025-10-08T08:18:57.486+0000] {processor.py:830} INFO - Processing file /home/airflow/.local/lib/python3.12/site-packages/airflow/example_dags/example_branch_python_dop_operator_3.py for tasks to queue
[2025-10-08T08:18:57.491+0000] {logging_mixin.py:188} INFO - [2025-10-08T08:18:57.490+0000] {dagbag.py:545} INFO - Filling up the DagBag from /home/airflow/.local/lib/python3.12/site-packages/airflow/example_dags/example_branch_python_dop_operator_3.py
[2025-10-08T08:18:57.511+0000] {processor.py:840} INFO - DAG(s) 'example_branch_dop_operator_v3' retrieved from /home/airflow/.local/lib/python3.12/site-packages/airflow/example_dags/example_branch_python_dop_operator_3.py
[2025-10-08T08:18:57.560+0000] {logging_mixin.py:188} INFO - [2025-10-08T08:18:57.559+0000] {dag.py:3096} INFO - Sync 1 DAGs
[2025-10-08T08:18:57.770+0000] {logging_mixin.py:188} INFO - [2025-10-08T08:18:57.769+0000] {dag.py:3954} INFO - Setting next_dagrun for example_branch_dop_operator_v3 to 2025-10-08 08:17:00+00:00, run_after=2025-10-08 08:18:00+00:00
[2025-10-08T08:18:57.803+0000] {processor.py:183} INFO - Processing /home/airflow/.local/lib/python3.12/site-packages/airflow/example_dags/example_branch_python_dop_operator_3.py took 0.333 seconds
[2025-10-08T08:19:28.087+0000] {processor.py:161} INFO - Started process (PID=1399) to work on /home/airflow/.local/lib/python3.12/site-packages/airflow/example_dags/example_branch_python_dop_operator_3.py
[2025-10-08T08:19:28.089+0000] {processor.py:830} INFO - Processing file /home/airflow/.local/lib/python3.12/site-packages/airflow/example_dags/example_branch_python_dop_operator_3.py for tasks to queue
[2025-10-08T08:19:28.093+0000] {logging_mixin.py:188} INFO - [2025-10-08T08:19:28.092+0000] {dagbag.py:545} INFO - Filling up the DagBag from /home/airflow/.local/lib/python3.12/site-packages/airflow/example_dags/example_branch_python_dop_operator_3.py
[2025-10-08T08:19:28.111+0000] {processor.py:840} INFO - DAG(s) 'example_branch_dop_operator_v3' retrieved from /home/airflow/.local/lib/python3.12/site-packages/airflow/example_dags/example_branch_python_dop_operator_3.py
[2025-10-08T08:19:28.149+0000] {logging_mixin.py:188} INFO - [2025-10-08T08:19:28.148+0000] {dag.py:3096} INFO - Sync 1 DAGs
[2025-10-08T08:19:28.190+0000] {logging_mixin.py:188} INFO - [2025-10-08T08:19:28.189+0000] {dag.py:3954} INFO - Setting next_dagrun for example_branch_dop_operator_v3 to 2025-10-08 08:18:00+00:00, run_after=2025-10-08 08:19:00+00:00
[2025-10-08T08:19:28.454+0000] {processor.py:183} INFO - Processing /home/airflow/.local/lib/python3.12/site-packages/airflow/example_dags/example_branch_python_dop_operator_3.py took 0.377 seconds
[2025-10-08T08:19:58.583+0000] {processor.py:161} INFO - Started process (PID=1458) to work on /home/airflow/.local/lib/python3.12/site-packages/airflow/example_dags/example_branch_python_dop_operator_3.py
[2025-10-08T08:19:58.586+0000] {processor.py:830} INFO - Processing file /home/airflow/.local/lib/python3.12/site-packages/airflow/example_dags/example_branch_python_dop_operator_3.py for tasks to queue
[2025-10-08T08:19:58.593+0000] {logging_mixin.py:188} INFO - [2025-10-08T08:19:58.592+0000] {dagbag.py:545} INFO - Filling up the DagBag from /home/airflow/.local/lib/python3.12/site-packages/airflow/example_dags/example_branch_python_dop_operator_3.py
[2025-10-08T08:19:58.613+0000] {processor.py:840} INFO - DAG(s) 'example_branch_dop_operator_v3' retrieved from /home/airflow/.local/lib/python3.12/site-packages/airflow/example_dags/example_branch_python_dop_operator_3.py
[2025-10-08T08:19:58.646+0000] {logging_mixin.py:188} INFO - [2025-10-08T08:19:58.646+0000] {dag.py:3096} INFO - Sync 1 DAGs
[2025-10-08T08:19:58.694+0000] {logging_mixin.py:188} INFO - [2025-10-08T08:19:58.694+0000] {dag.py:3954} INFO - Setting next_dagrun for example_branch_dop_operator_v3 to 2025-10-08 08:18:00+00:00, run_after=2025-10-08 08:19:00+00:00
[2025-10-08T08:19:58.747+0000] {processor.py:183} INFO - Processing /home/airflow/.local/lib/python3.12/site-packages/airflow/example_dags/example_branch_python_dop_operator_3.py took 0.181 seconds
[2025-10-08T08:20:28.865+0000] {processor.py:161} INFO - Started process (PID=1517) to work on /home/airflow/.local/lib/python3.12/site-packages/airflow/example_dags/example_branch_python_dop_operator_3.py
[2025-10-08T08:20:28.868+0000] {processor.py:830} INFO - Processing file /home/airflow/.local/lib/python3.12/site-packages/airflow/example_dags/example_branch_python_dop_operator_3.py for tasks to queue
[2025-10-08T08:20:28.873+0000] {logging_mixin.py:188} INFO - [2025-10-08T08:20:28.872+0000] {dagbag.py:545} INFO - Filling up the DagBag from /home/airflow/.local/lib/python3.12/site-packages/airflow/example_dags/example_branch_python_dop_operator_3.py
[2025-10-08T08:20:28.890+0000] {processor.py:840} INFO - DAG(s) 'example_branch_dop_operator_v3' retrieved from /home/airflow/.local/lib/python3.12/site-packages/airflow/example_dags/example_branch_python_dop_operator_3.py
[2025-10-08T08:20:28.926+0000] {logging_mixin.py:188} INFO - [2025-10-08T08:20:28.926+0000] {dag.py:3096} INFO - Sync 1 DAGs
[2025-10-08T08:20:28.962+0000] {logging_mixin.py:188} INFO - [2025-10-08T08:20:28.961+0000] {dag.py:3954} INFO - Setting next_dagrun for example_branch_dop_operator_v3 to 2025-10-08 08:19:00+00:00, run_after=2025-10-08 08:20:00+00:00
[2025-10-08T08:20:29.008+0000] {processor.py:183} INFO - Processing /home/airflow/.local/lib/python3.12/site-packages/airflow/example_dags/example_branch_python_dop_operator_3.py took 0.155 seconds
[2025-10-08T08:20:59.408+0000] {processor.py:161} INFO - Started process (PID=1576) to work on /home/airflow/.local/lib/python3.12/site-packages/airflow/example_dags/example_branch_python_dop_operator_3.py
[2025-10-08T08:20:59.411+0000] {processor.py:830} INFO - Processing file /home/airflow/.local/lib/python3.12/site-packages/airflow/example_dags/example_branch_python_dop_operator_3.py for tasks to queue
[2025-10-08T08:20:59.418+0000] {logging_mixin.py:188} INFO - [2025-10-08T08:20:59.417+0000] {dagbag.py:545} INFO - Filling up the DagBag from /home/airflow/.local/lib/python3.12/site-packages/airflow/example_dags/example_branch_python_dop_operator_3.py
[2025-10-08T08:20:59.444+0000] {processor.py:840} INFO - DAG(s) 'example_branch_dop_operator_v3' retrieved from /home/airflow/.local/lib/python3.12/site-packages/airflow/example_dags/example_branch_python_dop_operator_3.py
[2025-10-08T08:20:59.499+0000] {logging_mixin.py:188} INFO - [2025-10-08T08:20:59.498+0000] {dag.py:3096} INFO - Sync 1 DAGs
[2025-10-08T08:20:59.841+0000] {logging_mixin.py:188} INFO - [2025-10-08T08:20:59.841+0000] {dag.py:3954} INFO - Setting next_dagrun for example_branch_dop_operator_v3 to 2025-10-08 08:19:00+00:00, run_after=2025-10-08 08:20:00+00:00
[2025-10-08T08:20:59.900+0000] {processor.py:183} INFO - Processing /home/airflow/.local/lib/python3.12/site-packages/airflow/example_dags/example_branch_python_dop_operator_3.py took 0.505 seconds
[2025-10-08T08:21:30.170+0000] {processor.py:161} INFO - Started process (PID=1635) to work on /home/airflow/.local/lib/python3.12/site-packages/airflow/example_dags/example_branch_python_dop_operator_3.py
[2025-10-08T08:21:30.173+0000] {processor.py:830} INFO - Processing file /home/airflow/.local/lib/python3.12/site-packages/airflow/example_dags/example_branch_python_dop_operator_3.py for tasks to queue
[2025-10-08T08:21:30.178+0000] {logging_mixin.py:188} INFO - [2025-10-08T08:21:30.177+0000] {dagbag.py:545} INFO - Filling up the DagBag from /home/airflow/.local/lib/python3.12/site-packages/airflow/example_dags/example_branch_python_dop_operator_3.py
[2025-10-08T08:21:30.198+0000] {processor.py:840} INFO - DAG(s) 'example_branch_dop_operator_v3' retrieved from /home/airflow/.local/lib/python3.12/site-packages/airflow/example_dags/example_branch_python_dop_operator_3.py
[2025-10-08T08:21:30.236+0000] {logging_mixin.py:188} INFO - [2025-10-08T08:21:30.236+0000] {dag.py:3096} INFO - Sync 1 DAGs
[2025-10-08T08:21:30.279+0000] {logging_mixin.py:188} INFO - [2025-10-08T08:21:30.279+0000] {dag.py:3954} INFO - Setting next_dagrun for example_branch_dop_operator_v3 to 2025-10-08 08:20:00+00:00, run_after=2025-10-08 08:21:00+00:00
[2025-10-08T08:21:30.325+0000] {processor.py:183} INFO - Processing /home/airflow/.local/lib/python3.12/site-packages/airflow/example_dags/example_branch_python_dop_operator_3.py took 0.169 seconds
[2025-10-08T08:22:00.449+0000] {processor.py:161} INFO - Started process (PID=1694) to work on /home/airflow/.local/lib/python3.12/site-packages/airflow/example_dags/example_branch_python_dop_operator_3.py
[2025-10-08T08:22:00.452+0000] {processor.py:830} INFO - Processing file /home/airflow/.local/lib/python3.12/site-packages/airflow/example_dags/example_branch_python_dop_operator_3.py for tasks to queue
[2025-10-08T08:22:00.456+0000] {logging_mixin.py:188} INFO - [2025-10-08T08:22:00.455+0000] {dagbag.py:545} INFO - Filling up the DagBag from /home/airflow/.local/lib/python3.12/site-packages/airflow/example_dags/example_branch_python_dop_operator_3.py
[2025-10-08T08:22:00.477+0000] {processor.py:840} INFO - DAG(s) 'example_branch_dop_operator_v3' retrieved from /home/airflow/.local/lib/python3.12/site-packages/airflow/example_dags/example_branch_python_dop_operator_3.py
[2025-10-08T08:22:00.517+0000] {logging_mixin.py:188} INFO - [2025-10-08T08:22:00.517+0000] {dag.py:3096} INFO - Sync 1 DAGs
[2025-10-08T08:22:00.553+0000] {logging_mixin.py:188} INFO - [2025-10-08T08:22:00.553+0000] {dag.py:3954} INFO - Setting next_dagrun for example_branch_dop_operator_v3 to 2025-10-08 08:21:00+00:00, run_after=2025-10-08 08:22:00+00:00
[2025-10-08T08:22:00.600+0000] {processor.py:183} INFO - Processing /home/airflow/.local/lib/python3.12/site-packages/airflow/example_dags/example_branch_python_dop_operator_3.py took 0.162 seconds
[2025-10-08T08:22:31.432+0000] {processor.py:161} INFO - Started process (PID=1751) to work on /home/airflow/.local/lib/python3.12/site-packages/airflow/example_dags/example_branch_python_dop_operator_3.py
[2025-10-08T08:22:31.434+0000] {processor.py:830} INFO - Processing file /home/airflow/.local/lib/python3.12/site-packages/airflow/example_dags/example_branch_python_dop_operator_3.py for tasks to queue
[2025-10-08T08:22:31.439+0000] {logging_mixin.py:188} INFO - [2025-10-08T08:22:31.438+0000] {dagbag.py:545} INFO - Filling up the DagBag from /home/airflow/.local/lib/python3.12/site-packages/airflow/example_dags/example_branch_python_dop_operator_3.py
[2025-10-08T08:22:31.454+0000] {processor.py:840} INFO - DAG(s) 'example_branch_dop_operator_v3' retrieved from /home/airflow/.local/lib/python3.12/site-packages/airflow/example_dags/example_branch_python_dop_operator_3.py
[2025-10-08T08:22:31.487+0000] {logging_mixin.py:188} INFO - [2025-10-08T08:22:31.487+0000] {dag.py:3096} INFO - Sync 1 DAGs
[2025-10-08T08:22:31.521+0000] {logging_mixin.py:188} INFO - [2025-10-08T08:22:31.520+0000] {dag.py:3954} INFO - Setting next_dagrun for example_branch_dop_operator_v3 to 2025-10-08 08:21:00+00:00, run_after=2025-10-08 08:22:00+00:00
[2025-10-08T08:22:31.579+0000] {processor.py:183} INFO - Processing /home/airflow/.local/lib/python3.12/site-packages/airflow/example_dags/example_branch_python_dop_operator_3.py took 0.159 seconds
[2025-10-08T08:23:02.423+0000] {processor.py:161} INFO - Started process (PID=1810) to work on /home/airflow/.local/lib/python3.12/site-packages/airflow/example_dags/example_branch_python_dop_operator_3.py
[2025-10-08T08:23:02.426+0000] {processor.py:830} INFO - Processing file /home/airflow/.local/lib/python3.12/site-packages/airflow/example_dags/example_branch_python_dop_operator_3.py for tasks to queue
[2025-10-08T08:23:02.431+0000] {logging_mixin.py:188} INFO - [2025-10-08T08:23:02.430+0000] {dagbag.py:545} INFO - Filling up the DagBag from /home/airflow/.local/lib/python3.12/site-packages/airflow/example_dags/example_branch_python_dop_operator_3.py
[2025-10-08T08:23:02.450+0000] {processor.py:840} INFO - DAG(s) 'example_branch_dop_operator_v3' retrieved from /home/airflow/.local/lib/python3.12/site-packages/airflow/example_dags/example_branch_python_dop_operator_3.py
[2025-10-08T08:23:02.486+0000] {logging_mixin.py:188} INFO - [2025-10-08T08:23:02.486+0000] {dag.py:3096} INFO - Sync 1 DAGs
[2025-10-08T08:23:02.530+0000] {logging_mixin.py:188} INFO - [2025-10-08T08:23:02.530+0000] {dag.py:3954} INFO - Setting next_dagrun for example_branch_dop_operator_v3 to 2025-10-08 08:22:00+00:00, run_after=2025-10-08 08:23:00+00:00
[2025-10-08T08:23:02.591+0000] {processor.py:183} INFO - Processing /home/airflow/.local/lib/python3.12/site-packages/airflow/example_dags/example_branch_python_dop_operator_3.py took 0.181 seconds
[2025-10-08T08:23:32.879+0000] {processor.py:161} INFO - Started process (PID=1869) to work on /home/airflow/.local/lib/python3.12/site-packages/airflow/example_dags/example_branch_python_dop_operator_3.py
[2025-10-08T08:23:32.882+0000] {processor.py:830} INFO - Processing file /home/airflow/.local/lib/python3.12/site-packages/airflow/example_dags/example_branch_python_dop_operator_3.py for tasks to queue
[2025-10-08T08:23:32.887+0000] {logging_mixin.py:188} INFO - [2025-10-08T08:23:32.886+0000] {dagbag.py:545} INFO - Filling up the DagBag from /home/airflow/.local/lib/python3.12/site-packages/airflow/example_dags/example_branch_python_dop_operator_3.py
[2025-10-08T08:23:32.905+0000] {processor.py:840} INFO - DAG(s) 'example_branch_dop_operator_v3' retrieved from /home/airflow/.local/lib/python3.12/site-packages/airflow/example_dags/example_branch_python_dop_operator_3.py
[2025-10-08T08:23:32.948+0000] {logging_mixin.py:188} INFO - [2025-10-08T08:23:32.948+0000] {dag.py:3096} INFO - Sync 1 DAGs
[2025-10-08T08:23:32.988+0000] {logging_mixin.py:188} INFO - [2025-10-08T08:23:32.987+0000] {dag.py:3954} INFO - Setting next_dagrun for example_branch_dop_operator_v3 to 2025-10-08 08:22:00+00:00, run_after=2025-10-08 08:23:00+00:00
[2025-10-08T08:23:33.051+0000] {processor.py:183} INFO - Processing /home/airflow/.local/lib/python3.12/site-packages/airflow/example_dags/example_branch_python_dop_operator_3.py took 0.186 seconds
[2025-10-08T08:24:03.528+0000] {processor.py:161} INFO - Started process (PID=1928) to work on /home/airflow/.local/lib/python3.12/site-packages/airflow/example_dags/example_branch_python_dop_operator_3.py
[2025-10-08T08:24:03.531+0000] {processor.py:830} INFO - Processing file /home/airflow/.local/lib/python3.12/site-packages/airflow/example_dags/example_branch_python_dop_operator_3.py for tasks to queue
[2025-10-08T08:24:03.536+0000] {logging_mixin.py:188} INFO - [2025-10-08T08:24:03.535+0000] {dagbag.py:545} INFO - Filling up the DagBag from /home/airflow/.local/lib/python3.12/site-packages/airflow/example_dags/example_branch_python_dop_operator_3.py
[2025-10-08T08:24:03.558+0000] {processor.py:840} INFO - DAG(s) 'example_branch_dop_operator_v3' retrieved from /home/airflow/.local/lib/python3.12/site-packages/airflow/example_dags/example_branch_python_dop_operator_3.py
[2025-10-08T08:24:03.600+0000] {logging_mixin.py:188} INFO - [2025-10-08T08:24:03.600+0000] {dag.py:3096} INFO - Sync 1 DAGs
[2025-10-08T08:24:03.631+0000] {logging_mixin.py:188} INFO - [2025-10-08T08:24:03.631+0000] {dag.py:3954} INFO - Setting next_dagrun for example_branch_dop_operator_v3 to 2025-10-08 08:23:00+00:00, run_after=2025-10-08 08:24:00+00:00
[2025-10-08T08:24:03.663+0000] {processor.py:183} INFO - Processing /home/airflow/.local/lib/python3.12/site-packages/airflow/example_dags/example_branch_python_dop_operator_3.py took 0.147 seconds
[2025-10-08T08:24:34.029+0000] {processor.py:161} INFO - Started process (PID=1987) to work on /home/airflow/.local/lib/python3.12/site-packages/airflow/example_dags/example_branch_python_dop_operator_3.py
[2025-10-08T08:24:34.032+0000] {processor.py:830} INFO - Processing file /home/airflow/.local/lib/python3.12/site-packages/airflow/example_dags/example_branch_python_dop_operator_3.py for tasks to queue
[2025-10-08T08:24:34.036+0000] {logging_mixin.py:188} INFO - [2025-10-08T08:24:34.035+0000] {dagbag.py:545} INFO - Filling up the DagBag from /home/airflow/.local/lib/python3.12/site-packages/airflow/example_dags/example_branch_python_dop_operator_3.py
[2025-10-08T08:24:34.054+0000] {processor.py:840} INFO - DAG(s) 'example_branch_dop_operator_v3' retrieved from /home/airflow/.local/lib/python3.12/site-packages/airflow/example_dags/example_branch_python_dop_operator_3.py
[2025-10-08T08:24:34.083+0000] {logging_mixin.py:188} INFO - [2025-10-08T08:24:34.083+0000] {dag.py:3096} INFO - Sync 1 DAGs
[2025-10-08T08:24:34.121+0000] {logging_mixin.py:188} INFO - [2025-10-08T08:24:34.121+0000] {dag.py:3954} INFO - Setting next_dagrun for example_branch_dop_operator_v3 to 2025-10-08 08:23:00+00:00, run_after=2025-10-08 08:24:00+00:00
[2025-10-08T08:24:34.181+0000] {processor.py:183} INFO - Processing /home/airflow/.local/lib/python3.12/site-packages/airflow/example_dags/example_branch_python_dop_operator_3.py took 0.164 seconds
[2025-10-08T08:25:04.891+0000] {processor.py:161} INFO - Started process (PID=2046) to work on /home/airflow/.local/lib/python3.12/site-packages/airflow/example_dags/example_branch_python_dop_operator_3.py
[2025-10-08T08:25:04.895+0000] {processor.py:830} INFO - Processing file /home/airflow/.local/lib/python3.12/site-packages/airflow/example_dags/example_branch_python_dop_operator_3.py for tasks to queue
[2025-10-08T08:25:04.901+0000] {logging_mixin.py:188} INFO - [2025-10-08T08:25:04.900+0000] {dagbag.py:545} INFO - Filling up the DagBag from /home/airflow/.local/lib/python3.12/site-packages/airflow/example_dags/example_branch_python_dop_operator_3.py
[2025-10-08T08:25:04.922+0000] {processor.py:840} INFO - DAG(s) 'example_branch_dop_operator_v3' retrieved from /home/airflow/.local/lib/python3.12/site-packages/airflow/example_dags/example_branch_python_dop_operator_3.py
[2025-10-08T08:25:04.982+0000] {logging_mixin.py:188} INFO - [2025-10-08T08:25:04.982+0000] {dag.py:3096} INFO - Sync 1 DAGs
[2025-10-08T08:25:05.021+0000] {logging_mixin.py:188} INFO - [2025-10-08T08:25:05.020+0000] {dag.py:3954} INFO - Setting next_dagrun for example_branch_dop_operator_v3 to 2025-10-08 08:24:00+00:00, run_after=2025-10-08 08:25:00+00:00
[2025-10-08T08:25:05.052+0000] {processor.py:183} INFO - Processing /home/airflow/.local/lib/python3.12/site-packages/airflow/example_dags/example_branch_python_dop_operator_3.py took 0.179 seconds
[2025-10-08T08:25:36.147+0000] {processor.py:161} INFO - Started process (PID=2105) to work on /home/airflow/.local/lib/python3.12/site-packages/airflow/example_dags/example_branch_python_dop_operator_3.py
[2025-10-08T08:25:36.165+0000] {processor.py:830} INFO - Processing file /home/airflow/.local/lib/python3.12/site-packages/airflow/example_dags/example_branch_python_dop_operator_3.py for tasks to queue
[2025-10-08T08:25:36.172+0000] {logging_mixin.py:188} INFO - [2025-10-08T08:25:36.171+0000] {dagbag.py:545} INFO - Filling up the DagBag from /home/airflow/.local/lib/python3.12/site-packages/airflow/example_dags/example_branch_python_dop_operator_3.py
[2025-10-08T08:25:36.210+0000] {processor.py:840} INFO - DAG(s) 'example_branch_dop_operator_v3' retrieved from /home/airflow/.local/lib/python3.12/site-packages/airflow/example_dags/example_branch_python_dop_operator_3.py
[2025-10-08T08:25:36.302+0000] {logging_mixin.py:188} INFO - [2025-10-08T08:25:36.302+0000] {dag.py:3096} INFO - Sync 1 DAGs
[2025-10-08T08:25:36.400+0000] {logging_mixin.py:188} INFO - [2025-10-08T08:25:36.400+0000] {dag.py:3954} INFO - Setting next_dagrun for example_branch_dop_operator_v3 to 2025-10-08 08:24:00+00:00, run_after=2025-10-08 08:25:00+00:00
[2025-10-08T08:25:36.495+0000] {processor.py:183} INFO - Processing /home/airflow/.local/lib/python3.12/site-packages/airflow/example_dags/example_branch_python_dop_operator_3.py took 0.377 seconds
[2025-10-08T08:26:06.889+0000] {processor.py:161} INFO - Started process (PID=2164) to work on /home/airflow/.local/lib/python3.12/site-packages/airflow/example_dags/example_branch_python_dop_operator_3.py
[2025-10-08T08:26:06.892+0000] {processor.py:830} INFO - Processing file /home/airflow/.local/lib/python3.12/site-packages/airflow/example_dags/example_branch_python_dop_operator_3.py for tasks to queue
[2025-10-08T08:26:06.896+0000] {logging_mixin.py:188} INFO - [2025-10-08T08:26:06.895+0000] {dagbag.py:545} INFO - Filling up the DagBag from /home/airflow/.local/lib/python3.12/site-packages/airflow/example_dags/example_branch_python_dop_operator_3.py
[2025-10-08T08:26:06.914+0000] {processor.py:840} INFO - DAG(s) 'example_branch_dop_operator_v3' retrieved from /home/airflow/.local/lib/python3.12/site-packages/airflow/example_dags/example_branch_python_dop_operator_3.py
[2025-10-08T08:26:06.953+0000] {logging_mixin.py:188} INFO - [2025-10-08T08:26:06.952+0000] {dag.py:3096} INFO - Sync 1 DAGs
[2025-10-08T08:26:07.010+0000] {logging_mixin.py:188} INFO - [2025-10-08T08:26:07.010+0000] {dag.py:3954} INFO - Setting next_dagrun for example_branch_dop_operator_v3 to 2025-10-08 08:25:00+00:00, run_after=2025-10-08 08:26:00+00:00
[2025-10-08T08:26:07.051+0000] {processor.py:183} INFO - Processing /home/airflow/.local/lib/python3.12/site-packages/airflow/example_dags/example_branch_python_dop_operator_3.py took 0.174 seconds
[2025-10-08T08:26:37.732+0000] {processor.py:161} INFO - Started process (PID=2223) to work on /home/airflow/.local/lib/python3.12/site-packages/airflow/example_dags/example_branch_python_dop_operator_3.py
[2025-10-08T08:26:37.735+0000] {processor.py:830} INFO - Processing file /home/airflow/.local/lib/python3.12/site-packages/airflow/example_dags/example_branch_python_dop_operator_3.py for tasks to queue
[2025-10-08T08:26:37.740+0000] {logging_mixin.py:188} INFO - [2025-10-08T08:26:37.739+0000] {dagbag.py:545} INFO - Filling up the DagBag from /home/airflow/.local/lib/python3.12/site-packages/airflow/example_dags/example_branch_python_dop_operator_3.py
[2025-10-08T08:26:37.756+0000] {processor.py:840} INFO - DAG(s) 'example_branch_dop_operator_v3' retrieved from /home/airflow/.local/lib/python3.12/site-packages/airflow/example_dags/example_branch_python_dop_operator_3.py
[2025-10-08T08:26:37.788+0000] {logging_mixin.py:188} INFO - [2025-10-08T08:26:37.787+0000] {dag.py:3096} INFO - Sync 1 DAGs
[2025-10-08T08:26:37.825+0000] {logging_mixin.py:188} INFO - [2025-10-08T08:26:37.825+0000] {dag.py:3954} INFO - Setting next_dagrun for example_branch_dop_operator_v3 to 2025-10-08 08:25:00+00:00, run_after=2025-10-08 08:26:00+00:00
[2025-10-08T08:26:37.869+0000] {processor.py:183} INFO - Processing /home/airflow/.local/lib/python3.12/site-packages/airflow/example_dags/example_branch_python_dop_operator_3.py took 0.151 seconds
[2025-10-08T08:27:08.044+0000] {processor.py:161} INFO - Started process (PID=2282) to work on /home/airflow/.local/lib/python3.12/site-packages/airflow/example_dags/example_branch_python_dop_operator_3.py
[2025-10-08T08:27:08.047+0000] {processor.py:830} INFO - Processing file /home/airflow/.local/lib/python3.12/site-packages/airflow/example_dags/example_branch_python_dop_operator_3.py for tasks to queue
[2025-10-08T08:27:08.053+0000] {logging_mixin.py:188} INFO - [2025-10-08T08:27:08.052+0000] {dagbag.py:545} INFO - Filling up the DagBag from /home/airflow/.local/lib/python3.12/site-packages/airflow/example_dags/example_branch_python_dop_operator_3.py
[2025-10-08T08:27:08.080+0000] {processor.py:840} INFO - DAG(s) 'example_branch_dop_operator_v3' retrieved from /home/airflow/.local/lib/python3.12/site-packages/airflow/example_dags/example_branch_python_dop_operator_3.py
[2025-10-08T08:27:08.139+0000] {logging_mixin.py:188} INFO - [2025-10-08T08:27:08.139+0000] {dag.py:3096} INFO - Sync 1 DAGs
[2025-10-08T08:27:08.176+0000] {logging_mixin.py:188} INFO - [2025-10-08T08:27:08.176+0000] {dag.py:3954} INFO - Setting next_dagrun for example_branch_dop_operator_v3 to 2025-10-08 08:26:00+00:00, run_after=2025-10-08 08:27:00+00:00
[2025-10-08T08:27:08.227+0000] {processor.py:183} INFO - Processing /home/airflow/.local/lib/python3.12/site-packages/airflow/example_dags/example_branch_python_dop_operator_3.py took 0.201 seconds
[2025-10-08T08:27:38.396+0000] {processor.py:161} INFO - Started process (PID=2341) to work on /home/airflow/.local/lib/python3.12/site-packages/airflow/example_dags/example_branch_python_dop_operator_3.py
[2025-10-08T08:27:38.400+0000] {processor.py:830} INFO - Processing file /home/airflow/.local/lib/python3.12/site-packages/airflow/example_dags/example_branch_python_dop_operator_3.py for tasks to queue
[2025-10-08T08:27:38.405+0000] {logging_mixin.py:188} INFO - [2025-10-08T08:27:38.404+0000] {dagbag.py:545} INFO - Filling up the DagBag from /home/airflow/.local/lib/python3.12/site-packages/airflow/example_dags/example_branch_python_dop_operator_3.py
[2025-10-08T08:27:38.425+0000] {processor.py:840} INFO - DAG(s) 'example_branch_dop_operator_v3' retrieved from /home/airflow/.local/lib/python3.12/site-packages/airflow/example_dags/example_branch_python_dop_operator_3.py
[2025-10-08T08:27:38.483+0000] {logging_mixin.py:188} INFO - [2025-10-08T08:27:38.482+0000] {dag.py:3096} INFO - Sync 1 DAGs
[2025-10-08T08:27:38.557+0000] {logging_mixin.py:188} INFO - [2025-10-08T08:27:38.556+0000] {dag.py:3954} INFO - Setting next_dagrun for example_branch_dop_operator_v3 to 2025-10-08 08:26:00+00:00, run_after=2025-10-08 08:27:00+00:00
[2025-10-08T08:27:38.595+0000] {processor.py:183} INFO - Processing /home/airflow/.local/lib/python3.12/site-packages/airflow/example_dags/example_branch_python_dop_operator_3.py took 0.213 seconds
[2025-10-08T08:28:09.625+0000] {processor.py:161} INFO - Started process (PID=2400) to work on /home/airflow/.local/lib/python3.12/site-packages/airflow/example_dags/example_branch_python_dop_operator_3.py
[2025-10-08T08:28:09.627+0000] {processor.py:830} INFO - Processing file /home/airflow/.local/lib/python3.12/site-packages/airflow/example_dags/example_branch_python_dop_operator_3.py for tasks to queue
[2025-10-08T08:28:09.632+0000] {logging_mixin.py:188} INFO - [2025-10-08T08:28:09.631+0000] {dagbag.py:545} INFO - Filling up the DagBag from /home/airflow/.local/lib/python3.12/site-packages/airflow/example_dags/example_branch_python_dop_operator_3.py
[2025-10-08T08:28:09.649+0000] {processor.py:840} INFO - DAG(s) 'example_branch_dop_operator_v3' retrieved from /home/airflow/.local/lib/python3.12/site-packages/airflow/example_dags/example_branch_python_dop_operator_3.py
[2025-10-08T08:28:09.684+0000] {logging_mixin.py:188} INFO - [2025-10-08T08:28:09.683+0000] {dag.py:3096} INFO - Sync 1 DAGs
[2025-10-08T08:28:09.726+0000] {logging_mixin.py:188} INFO - [2025-10-08T08:28:09.726+0000] {dag.py:3954} INFO - Setting next_dagrun for example_branch_dop_operator_v3 to 2025-10-08 08:27:00+00:00, run_after=2025-10-08 08:28:00+00:00
[2025-10-08T08:28:09.761+0000] {processor.py:183} INFO - Processing /home/airflow/.local/lib/python3.12/site-packages/airflow/example_dags/example_branch_python_dop_operator_3.py took 0.148 seconds
[2025-10-08T08:28:39.922+0000] {processor.py:161} INFO - Started process (PID=2459) to work on /home/airflow/.local/lib/python3.12/site-packages/airflow/example_dags/example_branch_python_dop_operator_3.py
[2025-10-08T08:28:39.924+0000] {processor.py:830} INFO - Processing file /home/airflow/.local/lib/python3.12/site-packages/airflow/example_dags/example_branch_python_dop_operator_3.py for tasks to queue
[2025-10-08T08:28:39.930+0000] {logging_mixin.py:188} INFO - [2025-10-08T08:28:39.929+0000] {dagbag.py:545} INFO - Filling up the DagBag from /home/airflow/.local/lib/python3.12/site-packages/airflow/example_dags/example_branch_python_dop_operator_3.py
[2025-10-08T08:28:39.948+0000] {processor.py:840} INFO - DAG(s) 'example_branch_dop_operator_v3' retrieved from /home/airflow/.local/lib/python3.12/site-packages/airflow/example_dags/example_branch_python_dop_operator_3.py
[2025-10-08T08:28:39.981+0000] {logging_mixin.py:188} INFO - [2025-10-08T08:28:39.980+0000] {dag.py:3096} INFO - Sync 1 DAGs
[2025-10-08T08:28:40.019+0000] {logging_mixin.py:188} INFO - [2025-10-08T08:28:40.018+0000] {dag.py:3954} INFO - Setting next_dagrun for example_branch_dop_operator_v3 to 2025-10-08 08:27:00+00:00, run_after=2025-10-08 08:28:00+00:00
[2025-10-08T08:28:40.050+0000] {processor.py:183} INFO - Processing /home/airflow/.local/lib/python3.12/site-packages/airflow/example_dags/example_branch_python_dop_operator_3.py took 0.153 seconds
[2025-10-08T08:29:10.522+0000] {processor.py:161} INFO - Started process (PID=2518) to work on /home/airflow/.local/lib/python3.12/site-packages/airflow/example_dags/example_branch_python_dop_operator_3.py
[2025-10-08T08:29:10.529+0000] {processor.py:830} INFO - Processing file /home/airflow/.local/lib/python3.12/site-packages/airflow/example_dags/example_branch_python_dop_operator_3.py for tasks to queue
[2025-10-08T08:29:10.541+0000] {logging_mixin.py:188} INFO - [2025-10-08T08:29:10.540+0000] {dagbag.py:545} INFO - Filling up the DagBag from /home/airflow/.local/lib/python3.12/site-packages/airflow/example_dags/example_branch_python_dop_operator_3.py
[2025-10-08T08:29:10.572+0000] {processor.py:840} INFO - DAG(s) 'example_branch_dop_operator_v3' retrieved from /home/airflow/.local/lib/python3.12/site-packages/airflow/example_dags/example_branch_python_dop_operator_3.py
[2025-10-08T08:29:10.645+0000] {logging_mixin.py:188} INFO - [2025-10-08T08:29:10.643+0000] {dag.py:3096} INFO - Sync 1 DAGs
[2025-10-08T08:29:10.717+0000] {logging_mixin.py:188} INFO - [2025-10-08T08:29:10.717+0000] {dag.py:3954} INFO - Setting next_dagrun for example_branch_dop_operator_v3 to 2025-10-08 08:28:00+00:00, run_after=2025-10-08 08:29:00+00:00
[2025-10-08T08:29:10.774+0000] {processor.py:183} INFO - Processing /home/airflow/.local/lib/python3.12/site-packages/airflow/example_dags/example_branch_python_dop_operator_3.py took 0.268 seconds
[2025-10-08T08:29:41.847+0000] {processor.py:161} INFO - Started process (PID=2577) to work on /home/airflow/.local/lib/python3.12/site-packages/airflow/example_dags/example_branch_python_dop_operator_3.py
[2025-10-08T08:29:41.851+0000] {processor.py:830} INFO - Processing file /home/airflow/.local/lib/python3.12/site-packages/airflow/example_dags/example_branch_python_dop_operator_3.py for tasks to queue
[2025-10-08T08:29:41.856+0000] {logging_mixin.py:188} INFO - [2025-10-08T08:29:41.856+0000] {dagbag.py:545} INFO - Filling up the DagBag from /home/airflow/.local/lib/python3.12/site-packages/airflow/example_dags/example_branch_python_dop_operator_3.py
[2025-10-08T08:29:41.872+0000] {processor.py:840} INFO - DAG(s) 'example_branch_dop_operator_v3' retrieved from /home/airflow/.local/lib/python3.12/site-packages/airflow/example_dags/example_branch_python_dop_operator_3.py
[2025-10-08T08:29:41.914+0000] {logging_mixin.py:188} INFO - [2025-10-08T08:29:41.913+0000] {dag.py:3096} INFO - Sync 1 DAGs
[2025-10-08T08:29:41.952+0000] {logging_mixin.py:188} INFO - [2025-10-08T08:29:41.951+0000] {dag.py:3954} INFO - Setting next_dagrun for example_branch_dop_operator_v3 to 2025-10-08 08:28:00+00:00, run_after=2025-10-08 08:29:00+00:00
[2025-10-08T08:29:42.000+0000] {processor.py:183} INFO - Processing /home/airflow/.local/lib/python3.12/site-packages/airflow/example_dags/example_branch_python_dop_operator_3.py took 0.165 seconds
[2025-10-08T08:30:12.402+0000] {processor.py:161} INFO - Started process (PID=2636) to work on /home/airflow/.local/lib/python3.12/site-packages/airflow/example_dags/example_branch_python_dop_operator_3.py
[2025-10-08T08:30:12.403+0000] {processor.py:830} INFO - Processing file /home/airflow/.local/lib/python3.12/site-packages/airflow/example_dags/example_branch_python_dop_operator_3.py for tasks to queue
[2025-10-08T08:30:12.406+0000] {logging_mixin.py:188} INFO - [2025-10-08T08:30:12.405+0000] {dagbag.py:545} INFO - Filling up the DagBag from /home/airflow/.local/lib/python3.12/site-packages/airflow/example_dags/example_branch_python_dop_operator_3.py
[2025-10-08T08:30:12.415+0000] {processor.py:840} INFO - DAG(s) 'example_branch_dop_operator_v3' retrieved from /home/airflow/.local/lib/python3.12/site-packages/airflow/example_dags/example_branch_python_dop_operator_3.py
[2025-10-08T08:30:12.439+0000] {logging_mixin.py:188} INFO - [2025-10-08T08:30:12.438+0000] {dag.py:3096} INFO - Sync 1 DAGs
[2025-10-08T08:30:12.463+0000] {logging_mixin.py:188} INFO - [2025-10-08T08:30:12.462+0000] {dag.py:3954} INFO - Setting next_dagrun for example_branch_dop_operator_v3 to 2025-10-08 08:29:00+00:00, run_after=2025-10-08 08:30:00+00:00
[2025-10-08T08:30:12.484+0000] {processor.py:183} INFO - Processing /home/airflow/.local/lib/python3.12/site-packages/airflow/example_dags/example_branch_python_dop_operator_3.py took 0.088 seconds
[2025-10-08T08:33:02.612+0000] {processor.py:161} INFO - Started process (PID=2648) to work on /home/airflow/.local/lib/python3.12/site-packages/airflow/example_dags/example_branch_python_dop_operator_3.py
[2025-10-08T08:33:02.617+0000] {processor.py:830} INFO - Processing file /home/airflow/.local/lib/python3.12/site-packages/airflow/example_dags/example_branch_python_dop_operator_3.py for tasks to queue
[2025-10-08T08:33:02.632+0000] {logging_mixin.py:188} INFO - [2025-10-08T08:33:02.631+0000] {dagbag.py:545} INFO - Filling up the DagBag from /home/airflow/.local/lib/python3.12/site-packages/airflow/example_dags/example_branch_python_dop_operator_3.py
[2025-10-08T08:33:02.653+0000] {processor.py:840} INFO - DAG(s) 'example_branch_dop_operator_v3' retrieved from /home/airflow/.local/lib/python3.12/site-packages/airflow/example_dags/example_branch_python_dop_operator_3.py
[2025-10-08T08:33:02.693+0000] {logging_mixin.py:188} INFO - [2025-10-08T08:33:02.693+0000] {dag.py:3096} INFO - Sync 1 DAGs
[2025-10-08T08:33:02.740+0000] {logging_mixin.py:188} INFO - [2025-10-08T08:33:02.740+0000] {dag.py:3954} INFO - Setting next_dagrun for example_branch_dop_operator_v3 to 2025-10-08 08:32:00+00:00, run_after=2025-10-08 08:33:00+00:00
[2025-10-08T08:33:02.780+0000] {processor.py:183} INFO - Processing /home/airflow/.local/lib/python3.12/site-packages/airflow/example_dags/example_branch_python_dop_operator_3.py took 0.179 seconds
[2025-10-08T08:33:33.603+0000] {processor.py:161} INFO - Started process (PID=2713) to work on /home/airflow/.local/lib/python3.12/site-packages/airflow/example_dags/example_branch_python_dop_operator_3.py
[2025-10-08T08:33:33.604+0000] {processor.py:830} INFO - Processing file /home/airflow/.local/lib/python3.12/site-packages/airflow/example_dags/example_branch_python_dop_operator_3.py for tasks to queue
[2025-10-08T08:33:33.606+0000] {logging_mixin.py:188} INFO - [2025-10-08T08:33:33.606+0000] {dagbag.py:545} INFO - Filling up the DagBag from /home/airflow/.local/lib/python3.12/site-packages/airflow/example_dags/example_branch_python_dop_operator_3.py
[2025-10-08T08:33:33.614+0000] {processor.py:840} INFO - DAG(s) 'example_branch_dop_operator_v3' retrieved from /home/airflow/.local/lib/python3.12/site-packages/airflow/example_dags/example_branch_python_dop_operator_3.py
[2025-10-08T08:33:33.638+0000] {logging_mixin.py:188} INFO - [2025-10-08T08:33:33.638+0000] {dag.py:3096} INFO - Sync 1 DAGs
[2025-10-08T08:33:33.670+0000] {logging_mixin.py:188} INFO - [2025-10-08T08:33:33.670+0000] {dag.py:3954} INFO - Setting next_dagrun for example_branch_dop_operator_v3 to 2025-10-08 08:32:00+00:00, run_after=2025-10-08 08:33:00+00:00
[2025-10-08T08:33:33.695+0000] {processor.py:183} INFO - Processing /home/airflow/.local/lib/python3.12/site-packages/airflow/example_dags/example_branch_python_dop_operator_3.py took 0.098 seconds
[2025-10-08T08:34:04.218+0000] {processor.py:161} INFO - Started process (PID=2772) to work on /home/airflow/.local/lib/python3.12/site-packages/airflow/example_dags/example_branch_python_dop_operator_3.py
[2025-10-08T08:34:04.219+0000] {processor.py:830} INFO - Processing file /home/airflow/.local/lib/python3.12/site-packages/airflow/example_dags/example_branch_python_dop_operator_3.py for tasks to queue
[2025-10-08T08:34:04.221+0000] {logging_mixin.py:188} INFO - [2025-10-08T08:34:04.221+0000] {dagbag.py:545} INFO - Filling up the DagBag from /home/airflow/.local/lib/python3.12/site-packages/airflow/example_dags/example_branch_python_dop_operator_3.py
[2025-10-08T08:34:04.229+0000] {processor.py:840} INFO - DAG(s) 'example_branch_dop_operator_v3' retrieved from /home/airflow/.local/lib/python3.12/site-packages/airflow/example_dags/example_branch_python_dop_operator_3.py
[2025-10-08T08:34:04.249+0000] {logging_mixin.py:188} INFO - [2025-10-08T08:34:04.249+0000] {dag.py:3096} INFO - Sync 1 DAGs
[2025-10-08T08:34:04.272+0000] {logging_mixin.py:188} INFO - [2025-10-08T08:34:04.271+0000] {dag.py:3954} INFO - Setting next_dagrun for example_branch_dop_operator_v3 to 2025-10-08 08:33:00+00:00, run_after=2025-10-08 08:34:00+00:00
[2025-10-08T08:34:04.289+0000] {processor.py:183} INFO - Processing /home/airflow/.local/lib/python3.12/site-packages/airflow/example_dags/example_branch_python_dop_operator_3.py took 0.077 seconds
[2025-10-08T08:34:34.563+0000] {processor.py:161} INFO - Started process (PID=2831) to work on /home/airflow/.local/lib/python3.12/site-packages/airflow/example_dags/example_branch_python_dop_operator_3.py
[2025-10-08T08:34:34.565+0000] {processor.py:830} INFO - Processing file /home/airflow/.local/lib/python3.12/site-packages/airflow/example_dags/example_branch_python_dop_operator_3.py for tasks to queue
[2025-10-08T08:34:34.569+0000] {logging_mixin.py:188} INFO - [2025-10-08T08:34:34.568+0000] {dagbag.py:545} INFO - Filling up the DagBag from /home/airflow/.local/lib/python3.12/site-packages/airflow/example_dags/example_branch_python_dop_operator_3.py
[2025-10-08T08:34:34.581+0000] {processor.py:840} INFO - DAG(s) 'example_branch_dop_operator_v3' retrieved from /home/airflow/.local/lib/python3.12/site-packages/airflow/example_dags/example_branch_python_dop_operator_3.py
[2025-10-08T08:34:34.615+0000] {logging_mixin.py:188} INFO - [2025-10-08T08:34:34.615+0000] {dag.py:3096} INFO - Sync 1 DAGs
[2025-10-08T08:34:34.647+0000] {logging_mixin.py:188} INFO - [2025-10-08T08:34:34.646+0000] {dag.py:3954} INFO - Setting next_dagrun for example_branch_dop_operator_v3 to 2025-10-08 08:33:00+00:00, run_after=2025-10-08 08:34:00+00:00
[2025-10-08T08:34:34.671+0000] {processor.py:183} INFO - Processing /home/airflow/.local/lib/python3.12/site-packages/airflow/example_dags/example_branch_python_dop_operator_3.py took 0.120 seconds
[2025-10-08T08:35:04.772+0000] {processor.py:161} INFO - Started process (PID=2890) to work on /home/airflow/.local/lib/python3.12/site-packages/airflow/example_dags/example_branch_python_dop_operator_3.py
[2025-10-08T08:35:04.774+0000] {processor.py:830} INFO - Processing file /home/airflow/.local/lib/python3.12/site-packages/airflow/example_dags/example_branch_python_dop_operator_3.py for tasks to queue
[2025-10-08T08:35:04.776+0000] {logging_mixin.py:188} INFO - [2025-10-08T08:35:04.776+0000] {dagbag.py:545} INFO - Filling up the DagBag from /home/airflow/.local/lib/python3.12/site-packages/airflow/example_dags/example_branch_python_dop_operator_3.py
[2025-10-08T08:35:04.790+0000] {processor.py:840} INFO - DAG(s) 'example_branch_dop_operator_v3' retrieved from /home/airflow/.local/lib/python3.12/site-packages/airflow/example_dags/example_branch_python_dop_operator_3.py
[2025-10-08T08:35:04.817+0000] {logging_mixin.py:188} INFO - [2025-10-08T08:35:04.817+0000] {dag.py:3096} INFO - Sync 1 DAGs
[2025-10-08T08:35:04.850+0000] {logging_mixin.py:188} INFO - [2025-10-08T08:35:04.849+0000] {dag.py:3954} INFO - Setting next_dagrun for example_branch_dop_operator_v3 to 2025-10-08 08:34:00+00:00, run_after=2025-10-08 08:35:00+00:00
[2025-10-08T08:35:04.901+0000] {processor.py:183} INFO - Processing /home/airflow/.local/lib/python3.12/site-packages/airflow/example_dags/example_branch_python_dop_operator_3.py took 0.137 seconds
[2025-10-08T08:35:35.214+0000] {processor.py:161} INFO - Started process (PID=2949) to work on /home/airflow/.local/lib/python3.12/site-packages/airflow/example_dags/example_branch_python_dop_operator_3.py
[2025-10-08T08:35:35.215+0000] {processor.py:830} INFO - Processing file /home/airflow/.local/lib/python3.12/site-packages/airflow/example_dags/example_branch_python_dop_operator_3.py for tasks to queue
[2025-10-08T08:35:35.218+0000] {logging_mixin.py:188} INFO - [2025-10-08T08:35:35.218+0000] {dagbag.py:545} INFO - Filling up the DagBag from /home/airflow/.local/lib/python3.12/site-packages/airflow/example_dags/example_branch_python_dop_operator_3.py
[2025-10-08T08:35:35.228+0000] {processor.py:840} INFO - DAG(s) 'example_branch_dop_operator_v3' retrieved from /home/airflow/.local/lib/python3.12/site-packages/airflow/example_dags/example_branch_python_dop_operator_3.py
[2025-10-08T08:35:35.251+0000] {logging_mixin.py:188} INFO - [2025-10-08T08:35:35.251+0000] {dag.py:3096} INFO - Sync 1 DAGs
[2025-10-08T08:35:35.278+0000] {logging_mixin.py:188} INFO - [2025-10-08T08:35:35.277+0000] {dag.py:3954} INFO - Setting next_dagrun for example_branch_dop_operator_v3 to 2025-10-08 08:34:00+00:00, run_after=2025-10-08 08:35:00+00:00
[2025-10-08T08:35:35.301+0000] {processor.py:183} INFO - Processing /home/airflow/.local/lib/python3.12/site-packages/airflow/example_dags/example_branch_python_dop_operator_3.py took 0.095 seconds
[2025-10-08T08:36:05.724+0000] {processor.py:161} INFO - Started process (PID=3008) to work on /home/airflow/.local/lib/python3.12/site-packages/airflow/example_dags/example_branch_python_dop_operator_3.py
[2025-10-08T08:36:05.726+0000] {processor.py:830} INFO - Processing file /home/airflow/.local/lib/python3.12/site-packages/airflow/example_dags/example_branch_python_dop_operator_3.py for tasks to queue
[2025-10-08T08:36:05.730+0000] {logging_mixin.py:188} INFO - [2025-10-08T08:36:05.729+0000] {dagbag.py:545} INFO - Filling up the DagBag from /home/airflow/.local/lib/python3.12/site-packages/airflow/example_dags/example_branch_python_dop_operator_3.py
[2025-10-08T08:36:05.742+0000] {processor.py:840} INFO - DAG(s) 'example_branch_dop_operator_v3' retrieved from /home/airflow/.local/lib/python3.12/site-packages/airflow/example_dags/example_branch_python_dop_operator_3.py
[2025-10-08T08:36:05.769+0000] {logging_mixin.py:188} INFO - [2025-10-08T08:36:05.768+0000] {dag.py:3096} INFO - Sync 1 DAGs
[2025-10-08T08:36:05.797+0000] {logging_mixin.py:188} INFO - [2025-10-08T08:36:05.797+0000] {dag.py:3954} INFO - Setting next_dagrun for example_branch_dop_operator_v3 to 2025-10-08 08:35:00+00:00, run_after=2025-10-08 08:36:00+00:00
[2025-10-08T08:36:05.820+0000] {processor.py:183} INFO - Processing /home/airflow/.local/lib/python3.12/site-packages/airflow/example_dags/example_branch_python_dop_operator_3.py took 0.107 seconds
[2025-10-08T08:36:36.069+0000] {processor.py:161} INFO - Started process (PID=3067) to work on /home/airflow/.local/lib/python3.12/site-packages/airflow/example_dags/example_branch_python_dop_operator_3.py
[2025-10-08T08:36:36.071+0000] {processor.py:830} INFO - Processing file /home/airflow/.local/lib/python3.12/site-packages/airflow/example_dags/example_branch_python_dop_operator_3.py for tasks to queue
[2025-10-08T08:36:36.075+0000] {logging_mixin.py:188} INFO - [2025-10-08T08:36:36.074+0000] {dagbag.py:545} INFO - Filling up the DagBag from /home/airflow/.local/lib/python3.12/site-packages/airflow/example_dags/example_branch_python_dop_operator_3.py
[2025-10-08T08:36:36.085+0000] {processor.py:840} INFO - DAG(s) 'example_branch_dop_operator_v3' retrieved from /home/airflow/.local/lib/python3.12/site-packages/airflow/example_dags/example_branch_python_dop_operator_3.py
[2025-10-08T08:36:36.108+0000] {logging_mixin.py:188} INFO - [2025-10-08T08:36:36.107+0000] {dag.py:3096} INFO - Sync 1 DAGs
[2025-10-08T08:36:36.141+0000] {logging_mixin.py:188} INFO - [2025-10-08T08:36:36.141+0000] {dag.py:3954} INFO - Setting next_dagrun for example_branch_dop_operator_v3 to 2025-10-08 08:35:00+00:00, run_after=2025-10-08 08:36:00+00:00
[2025-10-08T08:36:36.165+0000] {processor.py:183} INFO - Processing /home/airflow/.local/lib/python3.12/site-packages/airflow/example_dags/example_branch_python_dop_operator_3.py took 0.109 seconds
[2025-10-08T08:37:06.716+0000] {processor.py:161} INFO - Started process (PID=3126) to work on /home/airflow/.local/lib/python3.12/site-packages/airflow/example_dags/example_branch_python_dop_operator_3.py
[2025-10-08T08:37:06.720+0000] {processor.py:830} INFO - Processing file /home/airflow/.local/lib/python3.12/site-packages/airflow/example_dags/example_branch_python_dop_operator_3.py for tasks to queue
[2025-10-08T08:37:06.726+0000] {logging_mixin.py:188} INFO - [2025-10-08T08:37:06.725+0000] {dagbag.py:545} INFO - Filling up the DagBag from /home/airflow/.local/lib/python3.12/site-packages/airflow/example_dags/example_branch_python_dop_operator_3.py
[2025-10-08T08:37:06.738+0000] {processor.py:840} INFO - DAG(s) 'example_branch_dop_operator_v3' retrieved from /home/airflow/.local/lib/python3.12/site-packages/airflow/example_dags/example_branch_python_dop_operator_3.py
[2025-10-08T08:37:06.779+0000] {logging_mixin.py:188} INFO - [2025-10-08T08:37:06.779+0000] {dag.py:3096} INFO - Sync 1 DAGs
[2025-10-08T08:37:06.816+0000] {logging_mixin.py:188} INFO - [2025-10-08T08:37:06.815+0000] {dag.py:3954} INFO - Setting next_dagrun for example_branch_dop_operator_v3 to 2025-10-08 08:36:00+00:00, run_after=2025-10-08 08:37:00+00:00
[2025-10-08T08:37:06.845+0000] {processor.py:183} INFO - Processing /home/airflow/.local/lib/python3.12/site-packages/airflow/example_dags/example_branch_python_dop_operator_3.py took 0.135 seconds
[2025-10-08T08:37:37.254+0000] {processor.py:161} INFO - Started process (PID=3185) to work on /home/airflow/.local/lib/python3.12/site-packages/airflow/example_dags/example_branch_python_dop_operator_3.py
[2025-10-08T08:37:37.272+0000] {processor.py:830} INFO - Processing file /home/airflow/.local/lib/python3.12/site-packages/airflow/example_dags/example_branch_python_dop_operator_3.py for tasks to queue
[2025-10-08T08:37:37.276+0000] {logging_mixin.py:188} INFO - [2025-10-08T08:37:37.275+0000] {dagbag.py:545} INFO - Filling up the DagBag from /home/airflow/.local/lib/python3.12/site-packages/airflow/example_dags/example_branch_python_dop_operator_3.py
[2025-10-08T08:37:37.287+0000] {processor.py:840} INFO - DAG(s) 'example_branch_dop_operator_v3' retrieved from /home/airflow/.local/lib/python3.12/site-packages/airflow/example_dags/example_branch_python_dop_operator_3.py
[2025-10-08T08:37:37.320+0000] {logging_mixin.py:188} INFO - [2025-10-08T08:37:37.320+0000] {dag.py:3096} INFO - Sync 1 DAGs
[2025-10-08T08:37:37.350+0000] {logging_mixin.py:188} INFO - [2025-10-08T08:37:37.350+0000] {dag.py:3954} INFO - Setting next_dagrun for example_branch_dop_operator_v3 to 2025-10-08 08:36:00+00:00, run_after=2025-10-08 08:37:00+00:00
[2025-10-08T08:37:37.387+0000] {processor.py:183} INFO - Processing /home/airflow/.local/lib/python3.12/site-packages/airflow/example_dags/example_branch_python_dop_operator_3.py took 0.141 seconds
[2025-10-08T08:38:07.801+0000] {processor.py:161} INFO - Started process (PID=3244) to work on /home/airflow/.local/lib/python3.12/site-packages/airflow/example_dags/example_branch_python_dop_operator_3.py
[2025-10-08T08:38:07.803+0000] {processor.py:830} INFO - Processing file /home/airflow/.local/lib/python3.12/site-packages/airflow/example_dags/example_branch_python_dop_operator_3.py for tasks to queue
[2025-10-08T08:38:07.807+0000] {logging_mixin.py:188} INFO - [2025-10-08T08:38:07.807+0000] {dagbag.py:545} INFO - Filling up the DagBag from /home/airflow/.local/lib/python3.12/site-packages/airflow/example_dags/example_branch_python_dop_operator_3.py
[2025-10-08T08:38:07.821+0000] {processor.py:840} INFO - DAG(s) 'example_branch_dop_operator_v3' retrieved from /home/airflow/.local/lib/python3.12/site-packages/airflow/example_dags/example_branch_python_dop_operator_3.py
[2025-10-08T08:38:07.847+0000] {logging_mixin.py:188} INFO - [2025-10-08T08:38:07.846+0000] {dag.py:3096} INFO - Sync 1 DAGs
[2025-10-08T08:38:07.883+0000] {logging_mixin.py:188} INFO - [2025-10-08T08:38:07.882+0000] {dag.py:3954} INFO - Setting next_dagrun for example_branch_dop_operator_v3 to 2025-10-08 08:37:00+00:00, run_after=2025-10-08 08:38:00+00:00
[2025-10-08T08:38:07.905+0000] {processor.py:183} INFO - Processing /home/airflow/.local/lib/python3.12/site-packages/airflow/example_dags/example_branch_python_dop_operator_3.py took 0.118 seconds
[2025-10-08T08:38:38.311+0000] {processor.py:161} INFO - Started process (PID=3303) to work on /home/airflow/.local/lib/python3.12/site-packages/airflow/example_dags/example_branch_python_dop_operator_3.py
[2025-10-08T08:38:38.313+0000] {processor.py:830} INFO - Processing file /home/airflow/.local/lib/python3.12/site-packages/airflow/example_dags/example_branch_python_dop_operator_3.py for tasks to queue
[2025-10-08T08:38:38.317+0000] {logging_mixin.py:188} INFO - [2025-10-08T08:38:38.316+0000] {dagbag.py:545} INFO - Filling up the DagBag from /home/airflow/.local/lib/python3.12/site-packages/airflow/example_dags/example_branch_python_dop_operator_3.py
[2025-10-08T08:38:38.329+0000] {processor.py:840} INFO - DAG(s) 'example_branch_dop_operator_v3' retrieved from /home/airflow/.local/lib/python3.12/site-packages/airflow/example_dags/example_branch_python_dop_operator_3.py
[2025-10-08T08:38:38.364+0000] {logging_mixin.py:188} INFO - [2025-10-08T08:38:38.364+0000] {dag.py:3096} INFO - Sync 1 DAGs
[2025-10-08T08:38:38.406+0000] {logging_mixin.py:188} INFO - [2025-10-08T08:38:38.405+0000] {dag.py:3954} INFO - Setting next_dagrun for example_branch_dop_operator_v3 to 2025-10-08 08:37:00+00:00, run_after=2025-10-08 08:38:00+00:00
[2025-10-08T08:38:38.453+0000] {processor.py:183} INFO - Processing /home/airflow/.local/lib/python3.12/site-packages/airflow/example_dags/example_branch_python_dop_operator_3.py took 0.153 seconds
[2025-10-08T08:39:08.673+0000] {processor.py:161} INFO - Started process (PID=3363) to work on /home/airflow/.local/lib/python3.12/site-packages/airflow/example_dags/example_branch_python_dop_operator_3.py
[2025-10-08T08:39:08.676+0000] {processor.py:830} INFO - Processing file /home/airflow/.local/lib/python3.12/site-packages/airflow/example_dags/example_branch_python_dop_operator_3.py for tasks to queue
[2025-10-08T08:39:08.680+0000] {logging_mixin.py:188} INFO - [2025-10-08T08:39:08.680+0000] {dagbag.py:545} INFO - Filling up the DagBag from /home/airflow/.local/lib/python3.12/site-packages/airflow/example_dags/example_branch_python_dop_operator_3.py
[2025-10-08T08:39:08.695+0000] {processor.py:840} INFO - DAG(s) 'example_branch_dop_operator_v3' retrieved from /home/airflow/.local/lib/python3.12/site-packages/airflow/example_dags/example_branch_python_dop_operator_3.py
[2025-10-08T08:39:08.720+0000] {logging_mixin.py:188} INFO - [2025-10-08T08:39:08.719+0000] {dag.py:3096} INFO - Sync 1 DAGs
[2025-10-08T08:39:08.747+0000] {logging_mixin.py:188} INFO - [2025-10-08T08:39:08.747+0000] {dag.py:3954} INFO - Setting next_dagrun for example_branch_dop_operator_v3 to 2025-10-08 08:38:00+00:00, run_after=2025-10-08 08:39:00+00:00
[2025-10-08T08:39:08.770+0000] {processor.py:183} INFO - Processing /home/airflow/.local/lib/python3.12/site-packages/airflow/example_dags/example_branch_python_dop_operator_3.py took 0.109 seconds
[2025-10-08T08:39:39.047+0000] {processor.py:161} INFO - Started process (PID=3428) to work on /home/airflow/.local/lib/python3.12/site-packages/airflow/example_dags/example_branch_python_dop_operator_3.py
[2025-10-08T08:39:39.050+0000] {processor.py:830} INFO - Processing file /home/airflow/.local/lib/python3.12/site-packages/airflow/example_dags/example_branch_python_dop_operator_3.py for tasks to queue
[2025-10-08T08:39:39.053+0000] {logging_mixin.py:188} INFO - [2025-10-08T08:39:39.053+0000] {dagbag.py:545} INFO - Filling up the DagBag from /home/airflow/.local/lib/python3.12/site-packages/airflow/example_dags/example_branch_python_dop_operator_3.py
[2025-10-08T08:39:39.064+0000] {processor.py:840} INFO - DAG(s) 'example_branch_dop_operator_v3' retrieved from /home/airflow/.local/lib/python3.12/site-packages/airflow/example_dags/example_branch_python_dop_operator_3.py
[2025-10-08T08:39:39.089+0000] {logging_mixin.py:188} INFO - [2025-10-08T08:39:39.089+0000] {dag.py:3096} INFO - Sync 1 DAGs
[2025-10-08T08:39:39.128+0000] {logging_mixin.py:188} INFO - [2025-10-08T08:39:39.128+0000] {dag.py:3954} INFO - Setting next_dagrun for example_branch_dop_operator_v3 to 2025-10-08 08:38:00+00:00, run_after=2025-10-08 08:39:00+00:00
[2025-10-08T08:39:39.151+0000] {processor.py:183} INFO - Processing /home/airflow/.local/lib/python3.12/site-packages/airflow/example_dags/example_branch_python_dop_operator_3.py took 0.115 seconds
[2025-10-08T08:40:09.567+0000] {processor.py:161} INFO - Started process (PID=3487) to work on /home/airflow/.local/lib/python3.12/site-packages/airflow/example_dags/example_branch_python_dop_operator_3.py
[2025-10-08T08:40:09.572+0000] {processor.py:830} INFO - Processing file /home/airflow/.local/lib/python3.12/site-packages/airflow/example_dags/example_branch_python_dop_operator_3.py for tasks to queue
[2025-10-08T08:40:09.577+0000] {logging_mixin.py:188} INFO - [2025-10-08T08:40:09.577+0000] {dagbag.py:545} INFO - Filling up the DagBag from /home/airflow/.local/lib/python3.12/site-packages/airflow/example_dags/example_branch_python_dop_operator_3.py
[2025-10-08T08:40:09.599+0000] {processor.py:840} INFO - DAG(s) 'example_branch_dop_operator_v3' retrieved from /home/airflow/.local/lib/python3.12/site-packages/airflow/example_dags/example_branch_python_dop_operator_3.py
[2025-10-08T08:40:09.643+0000] {logging_mixin.py:188} INFO - [2025-10-08T08:40:09.642+0000] {dag.py:3096} INFO - Sync 1 DAGs
[2025-10-08T08:40:09.678+0000] {logging_mixin.py:188} INFO - [2025-10-08T08:40:09.677+0000] {dag.py:3954} INFO - Setting next_dagrun for example_branch_dop_operator_v3 to 2025-10-08 08:39:00+00:00, run_after=2025-10-08 08:40:00+00:00
[2025-10-08T08:40:09.700+0000] {processor.py:183} INFO - Processing /home/airflow/.local/lib/python3.12/site-packages/airflow/example_dags/example_branch_python_dop_operator_3.py took 0.144 seconds
[2025-10-08T08:40:40.340+0000] {processor.py:161} INFO - Started process (PID=3552) to work on /home/airflow/.local/lib/python3.12/site-packages/airflow/example_dags/example_branch_python_dop_operator_3.py
[2025-10-08T08:40:40.343+0000] {processor.py:830} INFO - Processing file /home/airflow/.local/lib/python3.12/site-packages/airflow/example_dags/example_branch_python_dop_operator_3.py for tasks to queue
[2025-10-08T08:40:40.350+0000] {logging_mixin.py:188} INFO - [2025-10-08T08:40:40.348+0000] {dagbag.py:545} INFO - Filling up the DagBag from /home/airflow/.local/lib/python3.12/site-packages/airflow/example_dags/example_branch_python_dop_operator_3.py
[2025-10-08T08:40:40.375+0000] {processor.py:840} INFO - DAG(s) 'example_branch_dop_operator_v3' retrieved from /home/airflow/.local/lib/python3.12/site-packages/airflow/example_dags/example_branch_python_dop_operator_3.py
[2025-10-08T08:40:40.413+0000] {logging_mixin.py:188} INFO - [2025-10-08T08:40:40.412+0000] {dag.py:3096} INFO - Sync 1 DAGs
[2025-10-08T08:40:40.454+0000] {logging_mixin.py:188} INFO - [2025-10-08T08:40:40.453+0000] {dag.py:3954} INFO - Setting next_dagrun for example_branch_dop_operator_v3 to 2025-10-08 08:39:00+00:00, run_after=2025-10-08 08:40:00+00:00
[2025-10-08T08:40:40.489+0000] {processor.py:183} INFO - Processing /home/airflow/.local/lib/python3.12/site-packages/airflow/example_dags/example_branch_python_dop_operator_3.py took 0.174 seconds
[2025-10-08T08:41:10.624+0000] {processor.py:161} INFO - Started process (PID=3611) to work on /home/airflow/.local/lib/python3.12/site-packages/airflow/example_dags/example_branch_python_dop_operator_3.py
[2025-10-08T08:41:10.626+0000] {processor.py:830} INFO - Processing file /home/airflow/.local/lib/python3.12/site-packages/airflow/example_dags/example_branch_python_dop_operator_3.py for tasks to queue
[2025-10-08T08:41:10.630+0000] {logging_mixin.py:188} INFO - [2025-10-08T08:41:10.629+0000] {dagbag.py:545} INFO - Filling up the DagBag from /home/airflow/.local/lib/python3.12/site-packages/airflow/example_dags/example_branch_python_dop_operator_3.py
[2025-10-08T08:41:10.649+0000] {processor.py:840} INFO - DAG(s) 'example_branch_dop_operator_v3' retrieved from /home/airflow/.local/lib/python3.12/site-packages/airflow/example_dags/example_branch_python_dop_operator_3.py
[2025-10-08T08:41:10.693+0000] {logging_mixin.py:188} INFO - [2025-10-08T08:41:10.692+0000] {dag.py:3096} INFO - Sync 1 DAGs
[2025-10-08T08:41:10.822+0000] {logging_mixin.py:188} INFO - [2025-10-08T08:41:10.821+0000] {dag.py:3954} INFO - Setting next_dagrun for example_branch_dop_operator_v3 to 2025-10-08 08:40:00+00:00, run_after=2025-10-08 08:41:00+00:00
[2025-10-08T08:41:10.906+0000] {processor.py:183} INFO - Processing /home/airflow/.local/lib/python3.12/site-packages/airflow/example_dags/example_branch_python_dop_operator_3.py took 0.300 seconds
[2025-10-08T08:41:41.651+0000] {processor.py:161} INFO - Started process (PID=3670) to work on /home/airflow/.local/lib/python3.12/site-packages/airflow/example_dags/example_branch_python_dop_operator_3.py
[2025-10-08T08:41:41.653+0000] {processor.py:830} INFO - Processing file /home/airflow/.local/lib/python3.12/site-packages/airflow/example_dags/example_branch_python_dop_operator_3.py for tasks to queue
[2025-10-08T08:41:41.656+0000] {logging_mixin.py:188} INFO - [2025-10-08T08:41:41.655+0000] {dagbag.py:545} INFO - Filling up the DagBag from /home/airflow/.local/lib/python3.12/site-packages/airflow/example_dags/example_branch_python_dop_operator_3.py
[2025-10-08T08:41:41.666+0000] {processor.py:840} INFO - DAG(s) 'example_branch_dop_operator_v3' retrieved from /home/airflow/.local/lib/python3.12/site-packages/airflow/example_dags/example_branch_python_dop_operator_3.py
[2025-10-08T08:41:41.692+0000] {logging_mixin.py:188} INFO - [2025-10-08T08:41:41.692+0000] {dag.py:3096} INFO - Sync 1 DAGs
[2025-10-08T08:41:41.721+0000] {logging_mixin.py:188} INFO - [2025-10-08T08:41:41.720+0000] {dag.py:3954} INFO - Setting next_dagrun for example_branch_dop_operator_v3 to 2025-10-08 08:40:00+00:00, run_after=2025-10-08 08:41:00+00:00
[2025-10-08T08:41:41.757+0000] {processor.py:183} INFO - Processing /home/airflow/.local/lib/python3.12/site-packages/airflow/example_dags/example_branch_python_dop_operator_3.py took 0.112 seconds
[2025-10-08T08:42:12.451+0000] {processor.py:161} INFO - Started process (PID=3729) to work on /home/airflow/.local/lib/python3.12/site-packages/airflow/example_dags/example_branch_python_dop_operator_3.py
[2025-10-08T08:42:12.453+0000] {processor.py:830} INFO - Processing file /home/airflow/.local/lib/python3.12/site-packages/airflow/example_dags/example_branch_python_dop_operator_3.py for tasks to queue
[2025-10-08T08:42:12.456+0000] {logging_mixin.py:188} INFO - [2025-10-08T08:42:12.456+0000] {dagbag.py:545} INFO - Filling up the DagBag from /home/airflow/.local/lib/python3.12/site-packages/airflow/example_dags/example_branch_python_dop_operator_3.py
[2025-10-08T08:42:12.469+0000] {processor.py:840} INFO - DAG(s) 'example_branch_dop_operator_v3' retrieved from /home/airflow/.local/lib/python3.12/site-packages/airflow/example_dags/example_branch_python_dop_operator_3.py
[2025-10-08T08:42:12.490+0000] {logging_mixin.py:188} INFO - [2025-10-08T08:42:12.489+0000] {dag.py:3096} INFO - Sync 1 DAGs
[2025-10-08T08:42:12.516+0000] {logging_mixin.py:188} INFO - [2025-10-08T08:42:12.516+0000] {dag.py:3954} INFO - Setting next_dagrun for example_branch_dop_operator_v3 to 2025-10-08 08:41:00+00:00, run_after=2025-10-08 08:42:00+00:00
[2025-10-08T08:42:12.538+0000] {processor.py:183} INFO - Processing /home/airflow/.local/lib/python3.12/site-packages/airflow/example_dags/example_branch_python_dop_operator_3.py took 0.098 seconds
[2025-10-08T08:42:42.678+0000] {processor.py:161} INFO - Started process (PID=3788) to work on /home/airflow/.local/lib/python3.12/site-packages/airflow/example_dags/example_branch_python_dop_operator_3.py
[2025-10-08T08:42:42.680+0000] {processor.py:830} INFO - Processing file /home/airflow/.local/lib/python3.12/site-packages/airflow/example_dags/example_branch_python_dop_operator_3.py for tasks to queue
[2025-10-08T08:42:42.683+0000] {logging_mixin.py:188} INFO - [2025-10-08T08:42:42.682+0000] {dagbag.py:545} INFO - Filling up the DagBag from /home/airflow/.local/lib/python3.12/site-packages/airflow/example_dags/example_branch_python_dop_operator_3.py
[2025-10-08T08:42:42.695+0000] {processor.py:840} INFO - DAG(s) 'example_branch_dop_operator_v3' retrieved from /home/airflow/.local/lib/python3.12/site-packages/airflow/example_dags/example_branch_python_dop_operator_3.py
[2025-10-08T08:42:42.721+0000] {logging_mixin.py:188} INFO - [2025-10-08T08:42:42.721+0000] {dag.py:3096} INFO - Sync 1 DAGs
[2025-10-08T08:42:42.756+0000] {logging_mixin.py:188} INFO - [2025-10-08T08:42:42.755+0000] {dag.py:3954} INFO - Setting next_dagrun for example_branch_dop_operator_v3 to 2025-10-08 08:41:00+00:00, run_after=2025-10-08 08:42:00+00:00
[2025-10-08T08:42:42.795+0000] {processor.py:183} INFO - Processing /home/airflow/.local/lib/python3.12/site-packages/airflow/example_dags/example_branch_python_dop_operator_3.py took 0.124 seconds
[2025-10-08T08:43:13.660+0000] {processor.py:161} INFO - Started process (PID=3847) to work on /home/airflow/.local/lib/python3.12/site-packages/airflow/example_dags/example_branch_python_dop_operator_3.py
[2025-10-08T08:43:13.664+0000] {processor.py:830} INFO - Processing file /home/airflow/.local/lib/python3.12/site-packages/airflow/example_dags/example_branch_python_dop_operator_3.py for tasks to queue
[2025-10-08T08:43:13.671+0000] {logging_mixin.py:188} INFO - [2025-10-08T08:43:13.671+0000] {dagbag.py:545} INFO - Filling up the DagBag from /home/airflow/.local/lib/python3.12/site-packages/airflow/example_dags/example_branch_python_dop_operator_3.py
[2025-10-08T08:43:13.693+0000] {processor.py:840} INFO - DAG(s) 'example_branch_dop_operator_v3' retrieved from /home/airflow/.local/lib/python3.12/site-packages/airflow/example_dags/example_branch_python_dop_operator_3.py
[2025-10-08T08:43:13.739+0000] {logging_mixin.py:188} INFO - [2025-10-08T08:43:13.739+0000] {dag.py:3096} INFO - Sync 1 DAGs
[2025-10-08T08:43:13.786+0000] {logging_mixin.py:188} INFO - [2025-10-08T08:43:13.785+0000] {dag.py:3954} INFO - Setting next_dagrun for example_branch_dop_operator_v3 to 2025-10-08 08:42:00+00:00, run_after=2025-10-08 08:43:00+00:00
[2025-10-08T08:43:13.829+0000] {processor.py:183} INFO - Processing /home/airflow/.local/lib/python3.12/site-packages/airflow/example_dags/example_branch_python_dop_operator_3.py took 0.192 seconds
[2025-10-08T08:43:43.966+0000] {processor.py:161} INFO - Started process (PID=3906) to work on /home/airflow/.local/lib/python3.12/site-packages/airflow/example_dags/example_branch_python_dop_operator_3.py
[2025-10-08T08:43:43.968+0000] {processor.py:830} INFO - Processing file /home/airflow/.local/lib/python3.12/site-packages/airflow/example_dags/example_branch_python_dop_operator_3.py for tasks to queue
[2025-10-08T08:43:43.972+0000] {logging_mixin.py:188} INFO - [2025-10-08T08:43:43.972+0000] {dagbag.py:545} INFO - Filling up the DagBag from /home/airflow/.local/lib/python3.12/site-packages/airflow/example_dags/example_branch_python_dop_operator_3.py
[2025-10-08T08:43:43.988+0000] {processor.py:840} INFO - DAG(s) 'example_branch_dop_operator_v3' retrieved from /home/airflow/.local/lib/python3.12/site-packages/airflow/example_dags/example_branch_python_dop_operator_3.py
[2025-10-08T08:43:44.017+0000] {logging_mixin.py:188} INFO - [2025-10-08T08:43:44.017+0000] {dag.py:3096} INFO - Sync 1 DAGs
[2025-10-08T08:43:44.047+0000] {logging_mixin.py:188} INFO - [2025-10-08T08:43:44.047+0000] {dag.py:3954} INFO - Setting next_dagrun for example_branch_dop_operator_v3 to 2025-10-08 08:42:00+00:00, run_after=2025-10-08 08:43:00+00:00
[2025-10-08T08:43:44.071+0000] {processor.py:183} INFO - Processing /home/airflow/.local/lib/python3.12/site-packages/airflow/example_dags/example_branch_python_dop_operator_3.py took 0.116 seconds
[2025-10-08T08:44:14.456+0000] {processor.py:161} INFO - Started process (PID=3965) to work on /home/airflow/.local/lib/python3.12/site-packages/airflow/example_dags/example_branch_python_dop_operator_3.py
[2025-10-08T08:44:14.459+0000] {processor.py:830} INFO - Processing file /home/airflow/.local/lib/python3.12/site-packages/airflow/example_dags/example_branch_python_dop_operator_3.py for tasks to queue
[2025-10-08T08:44:14.463+0000] {logging_mixin.py:188} INFO - [2025-10-08T08:44:14.463+0000] {dagbag.py:545} INFO - Filling up the DagBag from /home/airflow/.local/lib/python3.12/site-packages/airflow/example_dags/example_branch_python_dop_operator_3.py
[2025-10-08T08:44:14.478+0000] {processor.py:840} INFO - DAG(s) 'example_branch_dop_operator_v3' retrieved from /home/airflow/.local/lib/python3.12/site-packages/airflow/example_dags/example_branch_python_dop_operator_3.py
[2025-10-08T08:44:14.510+0000] {logging_mixin.py:188} INFO - [2025-10-08T08:44:14.510+0000] {dag.py:3096} INFO - Sync 1 DAGs
[2025-10-08T08:44:14.546+0000] {logging_mixin.py:188} INFO - [2025-10-08T08:44:14.546+0000] {dag.py:3954} INFO - Setting next_dagrun for example_branch_dop_operator_v3 to 2025-10-08 08:43:00+00:00, run_after=2025-10-08 08:44:00+00:00
[2025-10-08T08:44:14.586+0000] {processor.py:183} INFO - Processing /home/airflow/.local/lib/python3.12/site-packages/airflow/example_dags/example_branch_python_dop_operator_3.py took 0.142 seconds
[2025-10-08T08:44:44.928+0000] {processor.py:161} INFO - Started process (PID=4024) to work on /home/airflow/.local/lib/python3.12/site-packages/airflow/example_dags/example_branch_python_dop_operator_3.py
[2025-10-08T08:44:44.930+0000] {processor.py:830} INFO - Processing file /home/airflow/.local/lib/python3.12/site-packages/airflow/example_dags/example_branch_python_dop_operator_3.py for tasks to queue
[2025-10-08T08:44:44.933+0000] {logging_mixin.py:188} INFO - [2025-10-08T08:44:44.933+0000] {dagbag.py:545} INFO - Filling up the DagBag from /home/airflow/.local/lib/python3.12/site-packages/airflow/example_dags/example_branch_python_dop_operator_3.py
[2025-10-08T08:44:44.949+0000] {processor.py:840} INFO - DAG(s) 'example_branch_dop_operator_v3' retrieved from /home/airflow/.local/lib/python3.12/site-packages/airflow/example_dags/example_branch_python_dop_operator_3.py
[2025-10-08T08:44:44.982+0000] {logging_mixin.py:188} INFO - [2025-10-08T08:44:44.982+0000] {dag.py:3096} INFO - Sync 1 DAGs
[2025-10-08T08:44:45.015+0000] {logging_mixin.py:188} INFO - [2025-10-08T08:44:45.015+0000] {dag.py:3954} INFO - Setting next_dagrun for example_branch_dop_operator_v3 to 2025-10-08 08:43:00+00:00, run_after=2025-10-08 08:44:00+00:00
[2025-10-08T08:44:45.044+0000] {processor.py:183} INFO - Processing /home/airflow/.local/lib/python3.12/site-packages/airflow/example_dags/example_branch_python_dop_operator_3.py took 0.132 seconds
[2025-10-08T08:45:15.419+0000] {processor.py:161} INFO - Started process (PID=4083) to work on /home/airflow/.local/lib/python3.12/site-packages/airflow/example_dags/example_branch_python_dop_operator_3.py
[2025-10-08T08:45:15.421+0000] {processor.py:830} INFO - Processing file /home/airflow/.local/lib/python3.12/site-packages/airflow/example_dags/example_branch_python_dop_operator_3.py for tasks to queue
[2025-10-08T08:45:15.425+0000] {logging_mixin.py:188} INFO - [2025-10-08T08:45:15.424+0000] {dagbag.py:545} INFO - Filling up the DagBag from /home/airflow/.local/lib/python3.12/site-packages/airflow/example_dags/example_branch_python_dop_operator_3.py
[2025-10-08T08:45:15.436+0000] {processor.py:840} INFO - DAG(s) 'example_branch_dop_operator_v3' retrieved from /home/airflow/.local/lib/python3.12/site-packages/airflow/example_dags/example_branch_python_dop_operator_3.py
[2025-10-08T08:45:15.459+0000] {logging_mixin.py:188} INFO - [2025-10-08T08:45:15.459+0000] {dag.py:3096} INFO - Sync 1 DAGs
[2025-10-08T08:45:15.487+0000] {logging_mixin.py:188} INFO - [2025-10-08T08:45:15.487+0000] {dag.py:3954} INFO - Setting next_dagrun for example_branch_dop_operator_v3 to 2025-10-08 08:44:00+00:00, run_after=2025-10-08 08:45:00+00:00
[2025-10-08T08:45:15.515+0000] {processor.py:183} INFO - Processing /home/airflow/.local/lib/python3.12/site-packages/airflow/example_dags/example_branch_python_dop_operator_3.py took 0.108 seconds
[2025-10-08T08:45:45.764+0000] {processor.py:161} INFO - Started process (PID=4142) to work on /home/airflow/.local/lib/python3.12/site-packages/airflow/example_dags/example_branch_python_dop_operator_3.py
[2025-10-08T08:45:45.765+0000] {processor.py:830} INFO - Processing file /home/airflow/.local/lib/python3.12/site-packages/airflow/example_dags/example_branch_python_dop_operator_3.py for tasks to queue
[2025-10-08T08:45:45.768+0000] {logging_mixin.py:188} INFO - [2025-10-08T08:45:45.768+0000] {dagbag.py:545} INFO - Filling up the DagBag from /home/airflow/.local/lib/python3.12/site-packages/airflow/example_dags/example_branch_python_dop_operator_3.py
[2025-10-08T08:45:45.780+0000] {processor.py:840} INFO - DAG(s) 'example_branch_dop_operator_v3' retrieved from /home/airflow/.local/lib/python3.12/site-packages/airflow/example_dags/example_branch_python_dop_operator_3.py
[2025-10-08T08:45:45.807+0000] {logging_mixin.py:188} INFO - [2025-10-08T08:45:45.806+0000] {dag.py:3096} INFO - Sync 1 DAGs
[2025-10-08T08:45:45.839+0000] {logging_mixin.py:188} INFO - [2025-10-08T08:45:45.838+0000] {dag.py:3954} INFO - Setting next_dagrun for example_branch_dop_operator_v3 to 2025-10-08 08:44:00+00:00, run_after=2025-10-08 08:45:00+00:00
[2025-10-08T08:45:45.863+0000] {processor.py:183} INFO - Processing /home/airflow/.local/lib/python3.12/site-packages/airflow/example_dags/example_branch_python_dop_operator_3.py took 0.107 seconds
[2025-10-08T08:46:16.326+0000] {processor.py:161} INFO - Started process (PID=4201) to work on /home/airflow/.local/lib/python3.12/site-packages/airflow/example_dags/example_branch_python_dop_operator_3.py
[2025-10-08T08:46:16.328+0000] {processor.py:830} INFO - Processing file /home/airflow/.local/lib/python3.12/site-packages/airflow/example_dags/example_branch_python_dop_operator_3.py for tasks to queue
[2025-10-08T08:46:16.331+0000] {logging_mixin.py:188} INFO - [2025-10-08T08:46:16.330+0000] {dagbag.py:545} INFO - Filling up the DagBag from /home/airflow/.local/lib/python3.12/site-packages/airflow/example_dags/example_branch_python_dop_operator_3.py
[2025-10-08T08:46:16.343+0000] {processor.py:840} INFO - DAG(s) 'example_branch_dop_operator_v3' retrieved from /home/airflow/.local/lib/python3.12/site-packages/airflow/example_dags/example_branch_python_dop_operator_3.py
[2025-10-08T08:46:16.371+0000] {logging_mixin.py:188} INFO - [2025-10-08T08:46:16.370+0000] {dag.py:3096} INFO - Sync 1 DAGs
[2025-10-08T08:46:16.399+0000] {logging_mixin.py:188} INFO - [2025-10-08T08:46:16.399+0000] {dag.py:3954} INFO - Setting next_dagrun for example_branch_dop_operator_v3 to 2025-10-08 08:45:00+00:00, run_after=2025-10-08 08:46:00+00:00
[2025-10-08T08:46:16.424+0000] {processor.py:183} INFO - Processing /home/airflow/.local/lib/python3.12/site-packages/airflow/example_dags/example_branch_python_dop_operator_3.py took 0.106 seconds
[2025-10-08T08:46:46.774+0000] {processor.py:161} INFO - Started process (PID=4260) to work on /home/airflow/.local/lib/python3.12/site-packages/airflow/example_dags/example_branch_python_dop_operator_3.py
[2025-10-08T08:46:46.776+0000] {processor.py:830} INFO - Processing file /home/airflow/.local/lib/python3.12/site-packages/airflow/example_dags/example_branch_python_dop_operator_3.py for tasks to queue
[2025-10-08T08:46:46.779+0000] {logging_mixin.py:188} INFO - [2025-10-08T08:46:46.779+0000] {dagbag.py:545} INFO - Filling up the DagBag from /home/airflow/.local/lib/python3.12/site-packages/airflow/example_dags/example_branch_python_dop_operator_3.py
[2025-10-08T08:46:46.795+0000] {processor.py:840} INFO - DAG(s) 'example_branch_dop_operator_v3' retrieved from /home/airflow/.local/lib/python3.12/site-packages/airflow/example_dags/example_branch_python_dop_operator_3.py
[2025-10-08T08:46:46.829+0000] {logging_mixin.py:188} INFO - [2025-10-08T08:46:46.828+0000] {dag.py:3096} INFO - Sync 1 DAGs
[2025-10-08T08:46:46.868+0000] {logging_mixin.py:188} INFO - [2025-10-08T08:46:46.867+0000] {dag.py:3954} INFO - Setting next_dagrun for example_branch_dop_operator_v3 to 2025-10-08 08:45:00+00:00, run_after=2025-10-08 08:46:00+00:00
[2025-10-08T08:46:46.899+0000] {processor.py:183} INFO - Processing /home/airflow/.local/lib/python3.12/site-packages/airflow/example_dags/example_branch_python_dop_operator_3.py took 0.137 seconds
[2025-10-08T08:47:17.091+0000] {processor.py:161} INFO - Started process (PID=4319) to work on /home/airflow/.local/lib/python3.12/site-packages/airflow/example_dags/example_branch_python_dop_operator_3.py
[2025-10-08T08:47:17.092+0000] {processor.py:830} INFO - Processing file /home/airflow/.local/lib/python3.12/site-packages/airflow/example_dags/example_branch_python_dop_operator_3.py for tasks to queue
[2025-10-08T08:47:17.095+0000] {logging_mixin.py:188} INFO - [2025-10-08T08:47:17.094+0000] {dagbag.py:545} INFO - Filling up the DagBag from /home/airflow/.local/lib/python3.12/site-packages/airflow/example_dags/example_branch_python_dop_operator_3.py
[2025-10-08T08:47:17.105+0000] {processor.py:840} INFO - DAG(s) 'example_branch_dop_operator_v3' retrieved from /home/airflow/.local/lib/python3.12/site-packages/airflow/example_dags/example_branch_python_dop_operator_3.py
[2025-10-08T08:47:17.131+0000] {logging_mixin.py:188} INFO - [2025-10-08T08:47:17.131+0000] {dag.py:3096} INFO - Sync 1 DAGs
[2025-10-08T08:47:17.162+0000] {logging_mixin.py:188} INFO - [2025-10-08T08:47:17.162+0000] {dag.py:3954} INFO - Setting next_dagrun for example_branch_dop_operator_v3 to 2025-10-08 08:46:00+00:00, run_after=2025-10-08 08:47:00+00:00
[2025-10-08T08:47:17.186+0000] {processor.py:183} INFO - Processing /home/airflow/.local/lib/python3.12/site-packages/airflow/example_dags/example_branch_python_dop_operator_3.py took 0.102 seconds
[2025-10-08T08:47:48.095+0000] {processor.py:161} INFO - Started process (PID=4378) to work on /home/airflow/.local/lib/python3.12/site-packages/airflow/example_dags/example_branch_python_dop_operator_3.py
[2025-10-08T08:47:48.097+0000] {processor.py:830} INFO - Processing file /home/airflow/.local/lib/python3.12/site-packages/airflow/example_dags/example_branch_python_dop_operator_3.py for tasks to queue
[2025-10-08T08:47:48.104+0000] {logging_mixin.py:188} INFO - [2025-10-08T08:47:48.103+0000] {dagbag.py:545} INFO - Filling up the DagBag from /home/airflow/.local/lib/python3.12/site-packages/airflow/example_dags/example_branch_python_dop_operator_3.py
[2025-10-08T08:47:48.118+0000] {processor.py:840} INFO - DAG(s) 'example_branch_dop_operator_v3' retrieved from /home/airflow/.local/lib/python3.12/site-packages/airflow/example_dags/example_branch_python_dop_operator_3.py
[2025-10-08T08:47:48.143+0000] {logging_mixin.py:188} INFO - [2025-10-08T08:47:48.143+0000] {dag.py:3096} INFO - Sync 1 DAGs
[2025-10-08T08:47:48.173+0000] {logging_mixin.py:188} INFO - [2025-10-08T08:47:48.173+0000] {dag.py:3954} INFO - Setting next_dagrun for example_branch_dop_operator_v3 to 2025-10-08 08:46:00+00:00, run_after=2025-10-08 08:47:00+00:00
[2025-10-08T08:47:48.198+0000] {processor.py:183} INFO - Processing /home/airflow/.local/lib/python3.12/site-packages/airflow/example_dags/example_branch_python_dop_operator_3.py took 0.115 seconds
[2025-10-08T08:48:18.289+0000] {processor.py:161} INFO - Started process (PID=4437) to work on /home/airflow/.local/lib/python3.12/site-packages/airflow/example_dags/example_branch_python_dop_operator_3.py
[2025-10-08T08:48:18.291+0000] {processor.py:830} INFO - Processing file /home/airflow/.local/lib/python3.12/site-packages/airflow/example_dags/example_branch_python_dop_operator_3.py for tasks to queue
[2025-10-08T08:48:18.294+0000] {logging_mixin.py:188} INFO - [2025-10-08T08:48:18.293+0000] {dagbag.py:545} INFO - Filling up the DagBag from /home/airflow/.local/lib/python3.12/site-packages/airflow/example_dags/example_branch_python_dop_operator_3.py
[2025-10-08T08:48:18.306+0000] {processor.py:840} INFO - DAG(s) 'example_branch_dop_operator_v3' retrieved from /home/airflow/.local/lib/python3.12/site-packages/airflow/example_dags/example_branch_python_dop_operator_3.py
[2025-10-08T08:48:18.335+0000] {logging_mixin.py:188} INFO - [2025-10-08T08:48:18.335+0000] {dag.py:3096} INFO - Sync 1 DAGs
[2025-10-08T08:48:18.367+0000] {logging_mixin.py:188} INFO - [2025-10-08T08:48:18.367+0000] {dag.py:3954} INFO - Setting next_dagrun for example_branch_dop_operator_v3 to 2025-10-08 08:47:00+00:00, run_after=2025-10-08 08:48:00+00:00
[2025-10-08T08:48:18.411+0000] {processor.py:183} INFO - Processing /home/airflow/.local/lib/python3.12/site-packages/airflow/example_dags/example_branch_python_dop_operator_3.py took 0.129 seconds
[2025-10-08T08:48:49.170+0000] {processor.py:161} INFO - Started process (PID=4496) to work on /home/airflow/.local/lib/python3.12/site-packages/airflow/example_dags/example_branch_python_dop_operator_3.py
[2025-10-08T08:48:49.172+0000] {processor.py:830} INFO - Processing file /home/airflow/.local/lib/python3.12/site-packages/airflow/example_dags/example_branch_python_dop_operator_3.py for tasks to queue
[2025-10-08T08:48:49.177+0000] {logging_mixin.py:188} INFO - [2025-10-08T08:48:49.176+0000] {dagbag.py:545} INFO - Filling up the DagBag from /home/airflow/.local/lib/python3.12/site-packages/airflow/example_dags/example_branch_python_dop_operator_3.py
[2025-10-08T08:48:49.197+0000] {processor.py:840} INFO - DAG(s) 'example_branch_dop_operator_v3' retrieved from /home/airflow/.local/lib/python3.12/site-packages/airflow/example_dags/example_branch_python_dop_operator_3.py
[2025-10-08T08:48:49.223+0000] {logging_mixin.py:188} INFO - [2025-10-08T08:48:49.223+0000] {dag.py:3096} INFO - Sync 1 DAGs
[2025-10-08T08:48:49.254+0000] {logging_mixin.py:188} INFO - [2025-10-08T08:48:49.254+0000] {dag.py:3954} INFO - Setting next_dagrun for example_branch_dop_operator_v3 to 2025-10-08 08:47:00+00:00, run_after=2025-10-08 08:48:00+00:00
[2025-10-08T08:48:49.278+0000] {processor.py:183} INFO - Processing /home/airflow/.local/lib/python3.12/site-packages/airflow/example_dags/example_branch_python_dop_operator_3.py took 0.120 seconds
[2025-10-08T08:49:19.483+0000] {processor.py:161} INFO - Started process (PID=4555) to work on /home/airflow/.local/lib/python3.12/site-packages/airflow/example_dags/example_branch_python_dop_operator_3.py
[2025-10-08T08:49:19.485+0000] {processor.py:830} INFO - Processing file /home/airflow/.local/lib/python3.12/site-packages/airflow/example_dags/example_branch_python_dop_operator_3.py for tasks to queue
[2025-10-08T08:49:19.488+0000] {logging_mixin.py:188} INFO - [2025-10-08T08:49:19.488+0000] {dagbag.py:545} INFO - Filling up the DagBag from /home/airflow/.local/lib/python3.12/site-packages/airflow/example_dags/example_branch_python_dop_operator_3.py
[2025-10-08T08:49:19.499+0000] {processor.py:840} INFO - DAG(s) 'example_branch_dop_operator_v3' retrieved from /home/airflow/.local/lib/python3.12/site-packages/airflow/example_dags/example_branch_python_dop_operator_3.py
[2025-10-08T08:49:19.522+0000] {logging_mixin.py:188} INFO - [2025-10-08T08:49:19.522+0000] {dag.py:3096} INFO - Sync 1 DAGs
[2025-10-08T08:49:19.550+0000] {logging_mixin.py:188} INFO - [2025-10-08T08:49:19.549+0000] {dag.py:3954} INFO - Setting next_dagrun for example_branch_dop_operator_v3 to 2025-10-08 08:48:00+00:00, run_after=2025-10-08 08:49:00+00:00
[2025-10-08T08:49:19.595+0000] {processor.py:183} INFO - Processing /home/airflow/.local/lib/python3.12/site-packages/airflow/example_dags/example_branch_python_dop_operator_3.py took 0.124 seconds
[2025-10-08T08:49:49.784+0000] {processor.py:161} INFO - Started process (PID=4614) to work on /home/airflow/.local/lib/python3.12/site-packages/airflow/example_dags/example_branch_python_dop_operator_3.py
[2025-10-08T08:49:49.785+0000] {processor.py:830} INFO - Processing file /home/airflow/.local/lib/python3.12/site-packages/airflow/example_dags/example_branch_python_dop_operator_3.py for tasks to queue
[2025-10-08T08:49:49.788+0000] {logging_mixin.py:188} INFO - [2025-10-08T08:49:49.788+0000] {dagbag.py:545} INFO - Filling up the DagBag from /home/airflow/.local/lib/python3.12/site-packages/airflow/example_dags/example_branch_python_dop_operator_3.py
[2025-10-08T08:49:49.799+0000] {processor.py:840} INFO - DAG(s) 'example_branch_dop_operator_v3' retrieved from /home/airflow/.local/lib/python3.12/site-packages/airflow/example_dags/example_branch_python_dop_operator_3.py
[2025-10-08T08:49:49.825+0000] {logging_mixin.py:188} INFO - [2025-10-08T08:49:49.824+0000] {dag.py:3096} INFO - Sync 1 DAGs
[2025-10-08T08:49:49.850+0000] {logging_mixin.py:188} INFO - [2025-10-08T08:49:49.850+0000] {dag.py:3954} INFO - Setting next_dagrun for example_branch_dop_operator_v3 to 2025-10-08 08:48:00+00:00, run_after=2025-10-08 08:49:00+00:00
[2025-10-08T08:49:49.892+0000] {processor.py:183} INFO - Processing /home/airflow/.local/lib/python3.12/site-packages/airflow/example_dags/example_branch_python_dop_operator_3.py took 0.115 seconds
[2025-10-08T08:50:20.312+0000] {processor.py:161} INFO - Started process (PID=4673) to work on /home/airflow/.local/lib/python3.12/site-packages/airflow/example_dags/example_branch_python_dop_operator_3.py
[2025-10-08T08:50:20.314+0000] {processor.py:830} INFO - Processing file /home/airflow/.local/lib/python3.12/site-packages/airflow/example_dags/example_branch_python_dop_operator_3.py for tasks to queue
[2025-10-08T08:50:20.318+0000] {logging_mixin.py:188} INFO - [2025-10-08T08:50:20.318+0000] {dagbag.py:545} INFO - Filling up the DagBag from /home/airflow/.local/lib/python3.12/site-packages/airflow/example_dags/example_branch_python_dop_operator_3.py
[2025-10-08T08:50:20.331+0000] {processor.py:840} INFO - DAG(s) 'example_branch_dop_operator_v3' retrieved from /home/airflow/.local/lib/python3.12/site-packages/airflow/example_dags/example_branch_python_dop_operator_3.py
[2025-10-08T08:50:20.364+0000] {logging_mixin.py:188} INFO - [2025-10-08T08:50:20.364+0000] {dag.py:3096} INFO - Sync 1 DAGs
[2025-10-08T08:50:20.427+0000] {logging_mixin.py:188} INFO - [2025-10-08T08:50:20.426+0000] {dag.py:3954} INFO - Setting next_dagrun for example_branch_dop_operator_v3 to 2025-10-08 08:49:00+00:00, run_after=2025-10-08 08:50:00+00:00
[2025-10-08T08:50:20.474+0000] {processor.py:183} INFO - Processing /home/airflow/.local/lib/python3.12/site-packages/airflow/example_dags/example_branch_python_dop_operator_3.py took 0.174 seconds
[2025-10-08T08:50:50.856+0000] {processor.py:161} INFO - Started process (PID=4732) to work on /home/airflow/.local/lib/python3.12/site-packages/airflow/example_dags/example_branch_python_dop_operator_3.py
[2025-10-08T08:50:50.857+0000] {processor.py:830} INFO - Processing file /home/airflow/.local/lib/python3.12/site-packages/airflow/example_dags/example_branch_python_dop_operator_3.py for tasks to queue
[2025-10-08T08:50:50.861+0000] {logging_mixin.py:188} INFO - [2025-10-08T08:50:50.860+0000] {dagbag.py:545} INFO - Filling up the DagBag from /home/airflow/.local/lib/python3.12/site-packages/airflow/example_dags/example_branch_python_dop_operator_3.py
[2025-10-08T08:50:50.875+0000] {processor.py:840} INFO - DAG(s) 'example_branch_dop_operator_v3' retrieved from /home/airflow/.local/lib/python3.12/site-packages/airflow/example_dags/example_branch_python_dop_operator_3.py
[2025-10-08T08:50:50.909+0000] {logging_mixin.py:188} INFO - [2025-10-08T08:50:50.908+0000] {dag.py:3096} INFO - Sync 1 DAGs
[2025-10-08T08:50:50.948+0000] {logging_mixin.py:188} INFO - [2025-10-08T08:50:50.948+0000] {dag.py:3954} INFO - Setting next_dagrun for example_branch_dop_operator_v3 to 2025-10-08 08:49:00+00:00, run_after=2025-10-08 08:50:00+00:00
[2025-10-08T08:50:50.984+0000] {processor.py:183} INFO - Processing /home/airflow/.local/lib/python3.12/site-packages/airflow/example_dags/example_branch_python_dop_operator_3.py took 0.146 seconds
[2025-10-08T08:52:22.778+0000] {processor.py:161} INFO - Started process (PID=68) to work on /home/airflow/.local/lib/python3.12/site-packages/airflow/example_dags/example_branch_python_dop_operator_3.py
[2025-10-08T08:52:22.784+0000] {processor.py:830} INFO - Processing file /home/airflow/.local/lib/python3.12/site-packages/airflow/example_dags/example_branch_python_dop_operator_3.py for tasks to queue
[2025-10-08T08:52:22.794+0000] {logging_mixin.py:188} INFO - [2025-10-08T08:52:22.793+0000] {dagbag.py:545} INFO - Filling up the DagBag from /home/airflow/.local/lib/python3.12/site-packages/airflow/example_dags/example_branch_python_dop_operator_3.py
[2025-10-08T08:52:22.844+0000] {processor.py:840} INFO - DAG(s) 'example_branch_dop_operator_v3' retrieved from /home/airflow/.local/lib/python3.12/site-packages/airflow/example_dags/example_branch_python_dop_operator_3.py
[2025-10-08T08:52:23.093+0000] {logging_mixin.py:188} INFO - [2025-10-08T08:52:23.093+0000] {dag.py:3096} INFO - Sync 1 DAGs
[2025-10-08T08:52:23.156+0000] {logging_mixin.py:188} INFO - [2025-10-08T08:52:23.155+0000] {dag.py:3954} INFO - Setting next_dagrun for example_branch_dop_operator_v3 to 2025-10-08 08:51:00+00:00, run_after=2025-10-08 08:52:00+00:00
[2025-10-08T08:52:23.206+0000] {processor.py:183} INFO - Processing /home/airflow/.local/lib/python3.12/site-packages/airflow/example_dags/example_branch_python_dop_operator_3.py took 0.470 seconds
[2025-10-08T08:52:53.955+0000] {processor.py:161} INFO - Started process (PID=127) to work on /home/airflow/.local/lib/python3.12/site-packages/airflow/example_dags/example_branch_python_dop_operator_3.py
[2025-10-08T08:52:53.958+0000] {processor.py:830} INFO - Processing file /home/airflow/.local/lib/python3.12/site-packages/airflow/example_dags/example_branch_python_dop_operator_3.py for tasks to queue
[2025-10-08T08:52:53.962+0000] {logging_mixin.py:188} INFO - [2025-10-08T08:52:53.962+0000] {dagbag.py:545} INFO - Filling up the DagBag from /home/airflow/.local/lib/python3.12/site-packages/airflow/example_dags/example_branch_python_dop_operator_3.py
[2025-10-08T08:52:53.979+0000] {processor.py:840} INFO - DAG(s) 'example_branch_dop_operator_v3' retrieved from /home/airflow/.local/lib/python3.12/site-packages/airflow/example_dags/example_branch_python_dop_operator_3.py
[2025-10-08T08:52:54.009+0000] {logging_mixin.py:188} INFO - [2025-10-08T08:52:54.009+0000] {dag.py:3096} INFO - Sync 1 DAGs
[2025-10-08T08:52:54.042+0000] {logging_mixin.py:188} INFO - [2025-10-08T08:52:54.041+0000] {dag.py:3954} INFO - Setting next_dagrun for example_branch_dop_operator_v3 to 2025-10-08 08:51:00+00:00, run_after=2025-10-08 08:52:00+00:00
[2025-10-08T08:52:54.072+0000] {processor.py:183} INFO - Processing /home/airflow/.local/lib/python3.12/site-packages/airflow/example_dags/example_branch_python_dop_operator_3.py took 0.132 seconds
[2025-10-08T08:53:24.930+0000] {processor.py:161} INFO - Started process (PID=186) to work on /home/airflow/.local/lib/python3.12/site-packages/airflow/example_dags/example_branch_python_dop_operator_3.py
[2025-10-08T08:53:24.932+0000] {processor.py:830} INFO - Processing file /home/airflow/.local/lib/python3.12/site-packages/airflow/example_dags/example_branch_python_dop_operator_3.py for tasks to queue
[2025-10-08T08:53:24.935+0000] {logging_mixin.py:188} INFO - [2025-10-08T08:53:24.935+0000] {dagbag.py:545} INFO - Filling up the DagBag from /home/airflow/.local/lib/python3.12/site-packages/airflow/example_dags/example_branch_python_dop_operator_3.py
[2025-10-08T08:53:24.945+0000] {processor.py:840} INFO - DAG(s) 'example_branch_dop_operator_v3' retrieved from /home/airflow/.local/lib/python3.12/site-packages/airflow/example_dags/example_branch_python_dop_operator_3.py
[2025-10-08T08:53:24.977+0000] {logging_mixin.py:188} INFO - [2025-10-08T08:53:24.976+0000] {dag.py:3096} INFO - Sync 1 DAGs
[2025-10-08T08:53:25.007+0000] {logging_mixin.py:188} INFO - [2025-10-08T08:53:25.007+0000] {dag.py:3954} INFO - Setting next_dagrun for example_branch_dop_operator_v3 to 2025-10-08 08:52:00+00:00, run_after=2025-10-08 08:53:00+00:00
[2025-10-08T08:53:25.039+0000] {processor.py:183} INFO - Processing /home/airflow/.local/lib/python3.12/site-packages/airflow/example_dags/example_branch_python_dop_operator_3.py took 0.118 seconds
[2025-10-08T08:53:55.617+0000] {processor.py:161} INFO - Started process (PID=245) to work on /home/airflow/.local/lib/python3.12/site-packages/airflow/example_dags/example_branch_python_dop_operator_3.py
[2025-10-08T08:53:55.619+0000] {processor.py:830} INFO - Processing file /home/airflow/.local/lib/python3.12/site-packages/airflow/example_dags/example_branch_python_dop_operator_3.py for tasks to queue
[2025-10-08T08:53:55.622+0000] {logging_mixin.py:188} INFO - [2025-10-08T08:53:55.622+0000] {dagbag.py:545} INFO - Filling up the DagBag from /home/airflow/.local/lib/python3.12/site-packages/airflow/example_dags/example_branch_python_dop_operator_3.py
[2025-10-08T08:53:55.635+0000] {processor.py:840} INFO - DAG(s) 'example_branch_dop_operator_v3' retrieved from /home/airflow/.local/lib/python3.12/site-packages/airflow/example_dags/example_branch_python_dop_operator_3.py
[2025-10-08T08:53:55.666+0000] {logging_mixin.py:188} INFO - [2025-10-08T08:53:55.665+0000] {dag.py:3096} INFO - Sync 1 DAGs
[2025-10-08T08:53:55.699+0000] {logging_mixin.py:188} INFO - [2025-10-08T08:53:55.698+0000] {dag.py:3954} INFO - Setting next_dagrun for example_branch_dop_operator_v3 to 2025-10-08 08:52:00+00:00, run_after=2025-10-08 08:53:00+00:00
[2025-10-08T08:53:55.727+0000] {processor.py:183} INFO - Processing /home/airflow/.local/lib/python3.12/site-packages/airflow/example_dags/example_branch_python_dop_operator_3.py took 0.119 seconds
[2025-10-08T08:54:26.346+0000] {processor.py:161} INFO - Started process (PID=304) to work on /home/airflow/.local/lib/python3.12/site-packages/airflow/example_dags/example_branch_python_dop_operator_3.py
[2025-10-08T08:54:26.351+0000] {processor.py:830} INFO - Processing file /home/airflow/.local/lib/python3.12/site-packages/airflow/example_dags/example_branch_python_dop_operator_3.py for tasks to queue
[2025-10-08T08:54:26.360+0000] {logging_mixin.py:188} INFO - [2025-10-08T08:54:26.359+0000] {dagbag.py:545} INFO - Filling up the DagBag from /home/airflow/.local/lib/python3.12/site-packages/airflow/example_dags/example_branch_python_dop_operator_3.py
[2025-10-08T08:54:26.420+0000] {processor.py:840} INFO - DAG(s) 'example_branch_dop_operator_v3' retrieved from /home/airflow/.local/lib/python3.12/site-packages/airflow/example_dags/example_branch_python_dop_operator_3.py
[2025-10-08T08:54:26.547+0000] {logging_mixin.py:188} INFO - [2025-10-08T08:54:26.547+0000] {dag.py:3096} INFO - Sync 1 DAGs
[2025-10-08T08:54:26.649+0000] {logging_mixin.py:188} INFO - [2025-10-08T08:54:26.649+0000] {dag.py:3954} INFO - Setting next_dagrun for example_branch_dop_operator_v3 to 2025-10-08 08:53:00+00:00, run_after=2025-10-08 08:54:00+00:00
[2025-10-08T08:54:26.702+0000] {processor.py:183} INFO - Processing /home/airflow/.local/lib/python3.12/site-packages/airflow/example_dags/example_branch_python_dop_operator_3.py took 0.385 seconds
[2025-10-08T08:54:57.509+0000] {processor.py:161} INFO - Started process (PID=363) to work on /home/airflow/.local/lib/python3.12/site-packages/airflow/example_dags/example_branch_python_dop_operator_3.py
[2025-10-08T08:54:57.511+0000] {processor.py:830} INFO - Processing file /home/airflow/.local/lib/python3.12/site-packages/airflow/example_dags/example_branch_python_dop_operator_3.py for tasks to queue
[2025-10-08T08:54:57.515+0000] {logging_mixin.py:188} INFO - [2025-10-08T08:54:57.514+0000] {dagbag.py:545} INFO - Filling up the DagBag from /home/airflow/.local/lib/python3.12/site-packages/airflow/example_dags/example_branch_python_dop_operator_3.py
[2025-10-08T08:54:57.532+0000] {processor.py:840} INFO - DAG(s) 'example_branch_dop_operator_v3' retrieved from /home/airflow/.local/lib/python3.12/site-packages/airflow/example_dags/example_branch_python_dop_operator_3.py
[2025-10-08T08:54:57.561+0000] {logging_mixin.py:188} INFO - [2025-10-08T08:54:57.560+0000] {dag.py:3096} INFO - Sync 1 DAGs
[2025-10-08T08:54:57.591+0000] {logging_mixin.py:188} INFO - [2025-10-08T08:54:57.591+0000] {dag.py:3954} INFO - Setting next_dagrun for example_branch_dop_operator_v3 to 2025-10-08 08:53:00+00:00, run_after=2025-10-08 08:54:00+00:00
[2025-10-08T08:54:57.618+0000] {processor.py:183} INFO - Processing /home/airflow/.local/lib/python3.12/site-packages/airflow/example_dags/example_branch_python_dop_operator_3.py took 0.123 seconds
[2025-10-08T08:55:28.007+0000] {processor.py:161} INFO - Started process (PID=422) to work on /home/airflow/.local/lib/python3.12/site-packages/airflow/example_dags/example_branch_python_dop_operator_3.py
[2025-10-08T08:55:28.009+0000] {processor.py:830} INFO - Processing file /home/airflow/.local/lib/python3.12/site-packages/airflow/example_dags/example_branch_python_dop_operator_3.py for tasks to queue
[2025-10-08T08:55:28.017+0000] {logging_mixin.py:188} INFO - [2025-10-08T08:55:28.015+0000] {dagbag.py:545} INFO - Filling up the DagBag from /home/airflow/.local/lib/python3.12/site-packages/airflow/example_dags/example_branch_python_dop_operator_3.py
[2025-10-08T08:55:28.076+0000] {processor.py:840} INFO - DAG(s) 'example_branch_dop_operator_v3' retrieved from /home/airflow/.local/lib/python3.12/site-packages/airflow/example_dags/example_branch_python_dop_operator_3.py
[2025-10-08T08:55:28.257+0000] {logging_mixin.py:188} INFO - [2025-10-08T08:55:28.257+0000] {dag.py:3096} INFO - Sync 1 DAGs
[2025-10-08T08:55:28.394+0000] {logging_mixin.py:188} INFO - [2025-10-08T08:55:28.392+0000] {dag.py:3954} INFO - Setting next_dagrun for example_branch_dop_operator_v3 to 2025-10-08 08:54:00+00:00, run_after=2025-10-08 08:55:00+00:00
[2025-10-08T08:55:28.474+0000] {processor.py:183} INFO - Processing /home/airflow/.local/lib/python3.12/site-packages/airflow/example_dags/example_branch_python_dop_operator_3.py took 0.488 seconds
[2025-10-08T08:55:59.122+0000] {processor.py:161} INFO - Started process (PID=481) to work on /home/airflow/.local/lib/python3.12/site-packages/airflow/example_dags/example_branch_python_dop_operator_3.py
[2025-10-08T08:55:59.124+0000] {processor.py:830} INFO - Processing file /home/airflow/.local/lib/python3.12/site-packages/airflow/example_dags/example_branch_python_dop_operator_3.py for tasks to queue
[2025-10-08T08:55:59.127+0000] {logging_mixin.py:188} INFO - [2025-10-08T08:55:59.127+0000] {dagbag.py:545} INFO - Filling up the DagBag from /home/airflow/.local/lib/python3.12/site-packages/airflow/example_dags/example_branch_python_dop_operator_3.py
[2025-10-08T08:55:59.145+0000] {processor.py:840} INFO - DAG(s) 'example_branch_dop_operator_v3' retrieved from /home/airflow/.local/lib/python3.12/site-packages/airflow/example_dags/example_branch_python_dop_operator_3.py
[2025-10-08T08:55:59.186+0000] {logging_mixin.py:188} INFO - [2025-10-08T08:55:59.186+0000] {dag.py:3096} INFO - Sync 1 DAGs
[2025-10-08T08:55:59.233+0000] {logging_mixin.py:188} INFO - [2025-10-08T08:55:59.232+0000] {dag.py:3954} INFO - Setting next_dagrun for example_branch_dop_operator_v3 to 2025-10-08 08:54:00+00:00, run_after=2025-10-08 08:55:00+00:00
[2025-10-08T08:55:59.281+0000] {processor.py:183} INFO - Processing /home/airflow/.local/lib/python3.12/site-packages/airflow/example_dags/example_branch_python_dop_operator_3.py took 0.170 seconds
[2025-10-08T08:56:29.603+0000] {processor.py:161} INFO - Started process (PID=540) to work on /home/airflow/.local/lib/python3.12/site-packages/airflow/example_dags/example_branch_python_dop_operator_3.py
[2025-10-08T08:56:29.605+0000] {processor.py:830} INFO - Processing file /home/airflow/.local/lib/python3.12/site-packages/airflow/example_dags/example_branch_python_dop_operator_3.py for tasks to queue
[2025-10-08T08:56:29.608+0000] {logging_mixin.py:188} INFO - [2025-10-08T08:56:29.607+0000] {dagbag.py:545} INFO - Filling up the DagBag from /home/airflow/.local/lib/python3.12/site-packages/airflow/example_dags/example_branch_python_dop_operator_3.py
[2025-10-08T08:56:29.623+0000] {processor.py:840} INFO - DAG(s) 'example_branch_dop_operator_v3' retrieved from /home/airflow/.local/lib/python3.12/site-packages/airflow/example_dags/example_branch_python_dop_operator_3.py
[2025-10-08T08:56:29.647+0000] {logging_mixin.py:188} INFO - [2025-10-08T08:56:29.647+0000] {dag.py:3096} INFO - Sync 1 DAGs
[2025-10-08T08:56:29.684+0000] {logging_mixin.py:188} INFO - [2025-10-08T08:56:29.684+0000] {dag.py:3954} INFO - Setting next_dagrun for example_branch_dop_operator_v3 to 2025-10-08 08:55:00+00:00, run_after=2025-10-08 08:56:00+00:00
[2025-10-08T08:56:29.712+0000] {processor.py:183} INFO - Processing /home/airflow/.local/lib/python3.12/site-packages/airflow/example_dags/example_branch_python_dop_operator_3.py took 0.115 seconds
[2025-10-08T08:57:00.079+0000] {processor.py:161} INFO - Started process (PID=599) to work on /home/airflow/.local/lib/python3.12/site-packages/airflow/example_dags/example_branch_python_dop_operator_3.py
[2025-10-08T08:57:00.081+0000] {processor.py:830} INFO - Processing file /home/airflow/.local/lib/python3.12/site-packages/airflow/example_dags/example_branch_python_dop_operator_3.py for tasks to queue
[2025-10-08T08:57:00.085+0000] {logging_mixin.py:188} INFO - [2025-10-08T08:57:00.084+0000] {dagbag.py:545} INFO - Filling up the DagBag from /home/airflow/.local/lib/python3.12/site-packages/airflow/example_dags/example_branch_python_dop_operator_3.py
[2025-10-08T08:57:00.100+0000] {processor.py:840} INFO - DAG(s) 'example_branch_dop_operator_v3' retrieved from /home/airflow/.local/lib/python3.12/site-packages/airflow/example_dags/example_branch_python_dop_operator_3.py
[2025-10-08T08:57:00.146+0000] {logging_mixin.py:188} INFO - [2025-10-08T08:57:00.145+0000] {dag.py:3096} INFO - Sync 1 DAGs
[2025-10-08T08:57:00.185+0000] {logging_mixin.py:188} INFO - [2025-10-08T08:57:00.184+0000] {dag.py:3954} INFO - Setting next_dagrun for example_branch_dop_operator_v3 to 2025-10-08 08:56:00+00:00, run_after=2025-10-08 08:57:00+00:00
[2025-10-08T08:57:00.206+0000] {processor.py:183} INFO - Processing /home/airflow/.local/lib/python3.12/site-packages/airflow/example_dags/example_branch_python_dop_operator_3.py took 0.141 seconds
[2025-10-08T08:57:30.583+0000] {processor.py:161} INFO - Started process (PID=658) to work on /home/airflow/.local/lib/python3.12/site-packages/airflow/example_dags/example_branch_python_dop_operator_3.py
[2025-10-08T08:57:30.585+0000] {processor.py:830} INFO - Processing file /home/airflow/.local/lib/python3.12/site-packages/airflow/example_dags/example_branch_python_dop_operator_3.py for tasks to queue
[2025-10-08T08:57:30.588+0000] {logging_mixin.py:188} INFO - [2025-10-08T08:57:30.588+0000] {dagbag.py:545} INFO - Filling up the DagBag from /home/airflow/.local/lib/python3.12/site-packages/airflow/example_dags/example_branch_python_dop_operator_3.py
[2025-10-08T08:57:30.601+0000] {processor.py:840} INFO - DAG(s) 'example_branch_dop_operator_v3' retrieved from /home/airflow/.local/lib/python3.12/site-packages/airflow/example_dags/example_branch_python_dop_operator_3.py
[2025-10-08T08:57:30.628+0000] {logging_mixin.py:188} INFO - [2025-10-08T08:57:30.628+0000] {dag.py:3096} INFO - Sync 1 DAGs
[2025-10-08T08:57:30.663+0000] {logging_mixin.py:188} INFO - [2025-10-08T08:57:30.663+0000] {dag.py:3954} INFO - Setting next_dagrun for example_branch_dop_operator_v3 to 2025-10-08 08:56:00+00:00, run_after=2025-10-08 08:57:00+00:00
[2025-10-08T08:57:30.700+0000] {processor.py:183} INFO - Processing /home/airflow/.local/lib/python3.12/site-packages/airflow/example_dags/example_branch_python_dop_operator_3.py took 0.126 seconds
[2025-10-08T08:58:00.811+0000] {processor.py:161} INFO - Started process (PID=717) to work on /home/airflow/.local/lib/python3.12/site-packages/airflow/example_dags/example_branch_python_dop_operator_3.py
[2025-10-08T08:58:00.813+0000] {processor.py:830} INFO - Processing file /home/airflow/.local/lib/python3.12/site-packages/airflow/example_dags/example_branch_python_dop_operator_3.py for tasks to queue
[2025-10-08T08:58:00.818+0000] {logging_mixin.py:188} INFO - [2025-10-08T08:58:00.817+0000] {dagbag.py:545} INFO - Filling up the DagBag from /home/airflow/.local/lib/python3.12/site-packages/airflow/example_dags/example_branch_python_dop_operator_3.py
[2025-10-08T08:58:00.834+0000] {processor.py:840} INFO - DAG(s) 'example_branch_dop_operator_v3' retrieved from /home/airflow/.local/lib/python3.12/site-packages/airflow/example_dags/example_branch_python_dop_operator_3.py
[2025-10-08T08:58:00.879+0000] {logging_mixin.py:188} INFO - [2025-10-08T08:58:00.879+0000] {dag.py:3096} INFO - Sync 1 DAGs
[2025-10-08T08:58:00.916+0000] {logging_mixin.py:188} INFO - [2025-10-08T08:58:00.916+0000] {dag.py:3954} INFO - Setting next_dagrun for example_branch_dop_operator_v3 to 2025-10-08 08:57:00+00:00, run_after=2025-10-08 08:58:00+00:00
[2025-10-08T08:58:00.941+0000] {processor.py:183} INFO - Processing /home/airflow/.local/lib/python3.12/site-packages/airflow/example_dags/example_branch_python_dop_operator_3.py took 0.142 seconds
[2025-10-08T08:58:31.304+0000] {processor.py:161} INFO - Started process (PID=776) to work on /home/airflow/.local/lib/python3.12/site-packages/airflow/example_dags/example_branch_python_dop_operator_3.py
[2025-10-08T08:58:31.307+0000] {processor.py:830} INFO - Processing file /home/airflow/.local/lib/python3.12/site-packages/airflow/example_dags/example_branch_python_dop_operator_3.py for tasks to queue
[2025-10-08T08:58:31.312+0000] {logging_mixin.py:188} INFO - [2025-10-08T08:58:31.311+0000] {dagbag.py:545} INFO - Filling up the DagBag from /home/airflow/.local/lib/python3.12/site-packages/airflow/example_dags/example_branch_python_dop_operator_3.py
[2025-10-08T08:58:31.327+0000] {processor.py:840} INFO - DAG(s) 'example_branch_dop_operator_v3' retrieved from /home/airflow/.local/lib/python3.12/site-packages/airflow/example_dags/example_branch_python_dop_operator_3.py
[2025-10-08T08:58:31.353+0000] {logging_mixin.py:188} INFO - [2025-10-08T08:58:31.352+0000] {dag.py:3096} INFO - Sync 1 DAGs
[2025-10-08T08:58:31.384+0000] {logging_mixin.py:188} INFO - [2025-10-08T08:58:31.384+0000] {dag.py:3954} INFO - Setting next_dagrun for example_branch_dop_operator_v3 to 2025-10-08 08:57:00+00:00, run_after=2025-10-08 08:58:00+00:00
[2025-10-08T08:58:31.411+0000] {processor.py:183} INFO - Processing /home/airflow/.local/lib/python3.12/site-packages/airflow/example_dags/example_branch_python_dop_operator_3.py took 0.119 seconds
[2025-10-08T08:59:01.654+0000] {processor.py:161} INFO - Started process (PID=835) to work on /home/airflow/.local/lib/python3.12/site-packages/airflow/example_dags/example_branch_python_dop_operator_3.py
[2025-10-08T08:59:01.656+0000] {processor.py:830} INFO - Processing file /home/airflow/.local/lib/python3.12/site-packages/airflow/example_dags/example_branch_python_dop_operator_3.py for tasks to queue
[2025-10-08T08:59:01.661+0000] {logging_mixin.py:188} INFO - [2025-10-08T08:59:01.661+0000] {dagbag.py:545} INFO - Filling up the DagBag from /home/airflow/.local/lib/python3.12/site-packages/airflow/example_dags/example_branch_python_dop_operator_3.py
[2025-10-08T08:59:01.679+0000] {processor.py:840} INFO - DAG(s) 'example_branch_dop_operator_v3' retrieved from /home/airflow/.local/lib/python3.12/site-packages/airflow/example_dags/example_branch_python_dop_operator_3.py
[2025-10-08T08:59:01.707+0000] {logging_mixin.py:188} INFO - [2025-10-08T08:59:01.707+0000] {dag.py:3096} INFO - Sync 1 DAGs
[2025-10-08T08:59:01.745+0000] {logging_mixin.py:188} INFO - [2025-10-08T08:59:01.745+0000] {dag.py:3954} INFO - Setting next_dagrun for example_branch_dop_operator_v3 to 2025-10-08 08:58:00+00:00, run_after=2025-10-08 08:59:00+00:00
[2025-10-08T08:59:01.773+0000] {processor.py:183} INFO - Processing /home/airflow/.local/lib/python3.12/site-packages/airflow/example_dags/example_branch_python_dop_operator_3.py took 0.135 seconds
[2025-10-08T08:59:31.830+0000] {processor.py:161} INFO - Started process (PID=894) to work on /home/airflow/.local/lib/python3.12/site-packages/airflow/example_dags/example_branch_python_dop_operator_3.py
[2025-10-08T08:59:31.831+0000] {processor.py:830} INFO - Processing file /home/airflow/.local/lib/python3.12/site-packages/airflow/example_dags/example_branch_python_dop_operator_3.py for tasks to queue
[2025-10-08T08:59:31.834+0000] {logging_mixin.py:188} INFO - [2025-10-08T08:59:31.833+0000] {dagbag.py:545} INFO - Filling up the DagBag from /home/airflow/.local/lib/python3.12/site-packages/airflow/example_dags/example_branch_python_dop_operator_3.py
[2025-10-08T08:59:31.846+0000] {processor.py:840} INFO - DAG(s) 'example_branch_dop_operator_v3' retrieved from /home/airflow/.local/lib/python3.12/site-packages/airflow/example_dags/example_branch_python_dop_operator_3.py
[2025-10-08T08:59:31.872+0000] {logging_mixin.py:188} INFO - [2025-10-08T08:59:31.872+0000] {dag.py:3096} INFO - Sync 1 DAGs
[2025-10-08T08:59:31.913+0000] {logging_mixin.py:188} INFO - [2025-10-08T08:59:31.913+0000] {dag.py:3954} INFO - Setting next_dagrun for example_branch_dop_operator_v3 to 2025-10-08 08:58:00+00:00, run_after=2025-10-08 08:59:00+00:00
[2025-10-08T08:59:31.943+0000] {processor.py:183} INFO - Processing /home/airflow/.local/lib/python3.12/site-packages/airflow/example_dags/example_branch_python_dop_operator_3.py took 0.121 seconds
[2025-10-08T09:00:02.152+0000] {processor.py:161} INFO - Started process (PID=953) to work on /home/airflow/.local/lib/python3.12/site-packages/airflow/example_dags/example_branch_python_dop_operator_3.py
[2025-10-08T09:00:02.154+0000] {processor.py:830} INFO - Processing file /home/airflow/.local/lib/python3.12/site-packages/airflow/example_dags/example_branch_python_dop_operator_3.py for tasks to queue
[2025-10-08T09:00:02.157+0000] {logging_mixin.py:188} INFO - [2025-10-08T09:00:02.156+0000] {dagbag.py:545} INFO - Filling up the DagBag from /home/airflow/.local/lib/python3.12/site-packages/airflow/example_dags/example_branch_python_dop_operator_3.py
[2025-10-08T09:00:02.170+0000] {processor.py:840} INFO - DAG(s) 'example_branch_dop_operator_v3' retrieved from /home/airflow/.local/lib/python3.12/site-packages/airflow/example_dags/example_branch_python_dop_operator_3.py
[2025-10-08T09:00:02.198+0000] {logging_mixin.py:188} INFO - [2025-10-08T09:00:02.198+0000] {dag.py:3096} INFO - Sync 1 DAGs
[2025-10-08T09:00:02.228+0000] {logging_mixin.py:188} INFO - [2025-10-08T09:00:02.228+0000] {dag.py:3954} INFO - Setting next_dagrun for example_branch_dop_operator_v3 to 2025-10-08 08:59:00+00:00, run_after=2025-10-08 09:00:00+00:00
[2025-10-08T09:00:02.274+0000] {processor.py:183} INFO - Processing /home/airflow/.local/lib/python3.12/site-packages/airflow/example_dags/example_branch_python_dop_operator_3.py took 0.130 seconds
[2025-10-08T09:00:32.660+0000] {processor.py:161} INFO - Started process (PID=1012) to work on /home/airflow/.local/lib/python3.12/site-packages/airflow/example_dags/example_branch_python_dop_operator_3.py
[2025-10-08T09:00:32.664+0000] {processor.py:830} INFO - Processing file /home/airflow/.local/lib/python3.12/site-packages/airflow/example_dags/example_branch_python_dop_operator_3.py for tasks to queue
[2025-10-08T09:00:32.670+0000] {logging_mixin.py:188} INFO - [2025-10-08T09:00:32.669+0000] {dagbag.py:545} INFO - Filling up the DagBag from /home/airflow/.local/lib/python3.12/site-packages/airflow/example_dags/example_branch_python_dop_operator_3.py
[2025-10-08T09:00:32.690+0000] {processor.py:840} INFO - DAG(s) 'example_branch_dop_operator_v3' retrieved from /home/airflow/.local/lib/python3.12/site-packages/airflow/example_dags/example_branch_python_dop_operator_3.py
[2025-10-08T09:00:32.745+0000] {logging_mixin.py:188} INFO - [2025-10-08T09:00:32.744+0000] {dag.py:3096} INFO - Sync 1 DAGs
[2025-10-08T09:00:32.820+0000] {logging_mixin.py:188} INFO - [2025-10-08T09:00:32.820+0000] {dag.py:3954} INFO - Setting next_dagrun for example_branch_dop_operator_v3 to 2025-10-08 08:59:00+00:00, run_after=2025-10-08 09:00:00+00:00
[2025-10-08T09:00:32.880+0000] {processor.py:183} INFO - Processing /home/airflow/.local/lib/python3.12/site-packages/airflow/example_dags/example_branch_python_dop_operator_3.py took 0.230 seconds
[2025-10-08T09:01:02.960+0000] {processor.py:161} INFO - Started process (PID=1071) to work on /home/airflow/.local/lib/python3.12/site-packages/airflow/example_dags/example_branch_python_dop_operator_3.py
[2025-10-08T09:01:02.963+0000] {processor.py:830} INFO - Processing file /home/airflow/.local/lib/python3.12/site-packages/airflow/example_dags/example_branch_python_dop_operator_3.py for tasks to queue
[2025-10-08T09:01:02.966+0000] {logging_mixin.py:188} INFO - [2025-10-08T09:01:02.966+0000] {dagbag.py:545} INFO - Filling up the DagBag from /home/airflow/.local/lib/python3.12/site-packages/airflow/example_dags/example_branch_python_dop_operator_3.py
[2025-10-08T09:01:02.982+0000] {processor.py:840} INFO - DAG(s) 'example_branch_dop_operator_v3' retrieved from /home/airflow/.local/lib/python3.12/site-packages/airflow/example_dags/example_branch_python_dop_operator_3.py
[2025-10-08T09:01:03.012+0000] {logging_mixin.py:188} INFO - [2025-10-08T09:01:03.012+0000] {dag.py:3096} INFO - Sync 1 DAGs
[2025-10-08T09:01:03.046+0000] {logging_mixin.py:188} INFO - [2025-10-08T09:01:03.045+0000] {dag.py:3954} INFO - Setting next_dagrun for example_branch_dop_operator_v3 to 2025-10-08 09:00:00+00:00, run_after=2025-10-08 09:01:00+00:00
[2025-10-08T09:01:03.076+0000] {processor.py:183} INFO - Processing /home/airflow/.local/lib/python3.12/site-packages/airflow/example_dags/example_branch_python_dop_operator_3.py took 0.124 seconds
[2025-10-08T09:01:33.300+0000] {processor.py:161} INFO - Started process (PID=1130) to work on /home/airflow/.local/lib/python3.12/site-packages/airflow/example_dags/example_branch_python_dop_operator_3.py
[2025-10-08T09:01:33.303+0000] {processor.py:830} INFO - Processing file /home/airflow/.local/lib/python3.12/site-packages/airflow/example_dags/example_branch_python_dop_operator_3.py for tasks to queue
[2025-10-08T09:01:33.308+0000] {logging_mixin.py:188} INFO - [2025-10-08T09:01:33.307+0000] {dagbag.py:545} INFO - Filling up the DagBag from /home/airflow/.local/lib/python3.12/site-packages/airflow/example_dags/example_branch_python_dop_operator_3.py
[2025-10-08T09:01:33.324+0000] {processor.py:840} INFO - DAG(s) 'example_branch_dop_operator_v3' retrieved from /home/airflow/.local/lib/python3.12/site-packages/airflow/example_dags/example_branch_python_dop_operator_3.py
[2025-10-08T09:01:33.354+0000] {logging_mixin.py:188} INFO - [2025-10-08T09:01:33.354+0000] {dag.py:3096} INFO - Sync 1 DAGs
[2025-10-08T09:01:33.385+0000] {logging_mixin.py:188} INFO - [2025-10-08T09:01:33.384+0000] {dag.py:3954} INFO - Setting next_dagrun for example_branch_dop_operator_v3 to 2025-10-08 09:00:00+00:00, run_after=2025-10-08 09:01:00+00:00
[2025-10-08T09:01:33.409+0000] {processor.py:183} INFO - Processing /home/airflow/.local/lib/python3.12/site-packages/airflow/example_dags/example_branch_python_dop_operator_3.py took 0.116 seconds
[2025-10-08T09:02:03.839+0000] {processor.py:161} INFO - Started process (PID=1189) to work on /home/airflow/.local/lib/python3.12/site-packages/airflow/example_dags/example_branch_python_dop_operator_3.py
[2025-10-08T09:02:03.841+0000] {processor.py:830} INFO - Processing file /home/airflow/.local/lib/python3.12/site-packages/airflow/example_dags/example_branch_python_dop_operator_3.py for tasks to queue
[2025-10-08T09:02:03.846+0000] {logging_mixin.py:188} INFO - [2025-10-08T09:02:03.846+0000] {dagbag.py:545} INFO - Filling up the DagBag from /home/airflow/.local/lib/python3.12/site-packages/airflow/example_dags/example_branch_python_dop_operator_3.py
[2025-10-08T09:02:03.869+0000] {processor.py:840} INFO - DAG(s) 'example_branch_dop_operator_v3' retrieved from /home/airflow/.local/lib/python3.12/site-packages/airflow/example_dags/example_branch_python_dop_operator_3.py
[2025-10-08T09:02:03.900+0000] {logging_mixin.py:188} INFO - [2025-10-08T09:02:03.899+0000] {dag.py:3096} INFO - Sync 1 DAGs
[2025-10-08T09:02:03.929+0000] {logging_mixin.py:188} INFO - [2025-10-08T09:02:03.929+0000] {dag.py:3954} INFO - Setting next_dagrun for example_branch_dop_operator_v3 to 2025-10-08 09:01:00+00:00, run_after=2025-10-08 09:02:00+00:00
[2025-10-08T09:02:03.954+0000] {processor.py:183} INFO - Processing /home/airflow/.local/lib/python3.12/site-packages/airflow/example_dags/example_branch_python_dop_operator_3.py took 0.129 seconds
[2025-10-08T09:02:34.198+0000] {processor.py:161} INFO - Started process (PID=1248) to work on /home/airflow/.local/lib/python3.12/site-packages/airflow/example_dags/example_branch_python_dop_operator_3.py
[2025-10-08T09:02:34.205+0000] {processor.py:830} INFO - Processing file /home/airflow/.local/lib/python3.12/site-packages/airflow/example_dags/example_branch_python_dop_operator_3.py for tasks to queue
[2025-10-08T09:02:34.209+0000] {logging_mixin.py:188} INFO - [2025-10-08T09:02:34.209+0000] {dagbag.py:545} INFO - Filling up the DagBag from /home/airflow/.local/lib/python3.12/site-packages/airflow/example_dags/example_branch_python_dop_operator_3.py
[2025-10-08T09:02:34.223+0000] {processor.py:840} INFO - DAG(s) 'example_branch_dop_operator_v3' retrieved from /home/airflow/.local/lib/python3.12/site-packages/airflow/example_dags/example_branch_python_dop_operator_3.py
[2025-10-08T09:02:34.252+0000] {logging_mixin.py:188} INFO - [2025-10-08T09:02:34.251+0000] {dag.py:3096} INFO - Sync 1 DAGs
[2025-10-08T09:02:34.293+0000] {logging_mixin.py:188} INFO - [2025-10-08T09:02:34.292+0000] {dag.py:3954} INFO - Setting next_dagrun for example_branch_dop_operator_v3 to 2025-10-08 09:01:00+00:00, run_after=2025-10-08 09:02:00+00:00
[2025-10-08T09:02:34.345+0000] {processor.py:183} INFO - Processing /home/airflow/.local/lib/python3.12/site-packages/airflow/example_dags/example_branch_python_dop_operator_3.py took 0.161 seconds
[2025-10-08T09:03:04.487+0000] {processor.py:161} INFO - Started process (PID=1307) to work on /home/airflow/.local/lib/python3.12/site-packages/airflow/example_dags/example_branch_python_dop_operator_3.py
[2025-10-08T09:03:04.489+0000] {processor.py:830} INFO - Processing file /home/airflow/.local/lib/python3.12/site-packages/airflow/example_dags/example_branch_python_dop_operator_3.py for tasks to queue
[2025-10-08T09:03:04.492+0000] {logging_mixin.py:188} INFO - [2025-10-08T09:03:04.491+0000] {dagbag.py:545} INFO - Filling up the DagBag from /home/airflow/.local/lib/python3.12/site-packages/airflow/example_dags/example_branch_python_dop_operator_3.py
[2025-10-08T09:03:04.502+0000] {processor.py:840} INFO - DAG(s) 'example_branch_dop_operator_v3' retrieved from /home/airflow/.local/lib/python3.12/site-packages/airflow/example_dags/example_branch_python_dop_operator_3.py
[2025-10-08T09:03:04.537+0000] {logging_mixin.py:188} INFO - [2025-10-08T09:03:04.537+0000] {dag.py:3096} INFO - Sync 1 DAGs
[2025-10-08T09:03:04.571+0000] {logging_mixin.py:188} INFO - [2025-10-08T09:03:04.571+0000] {dag.py:3954} INFO - Setting next_dagrun for example_branch_dop_operator_v3 to 2025-10-08 09:02:00+00:00, run_after=2025-10-08 09:03:00+00:00
[2025-10-08T09:03:04.834+0000] {processor.py:183} INFO - Processing /home/airflow/.local/lib/python3.12/site-packages/airflow/example_dags/example_branch_python_dop_operator_3.py took 0.354 seconds
[2025-10-08T09:03:35.185+0000] {processor.py:161} INFO - Started process (PID=1366) to work on /home/airflow/.local/lib/python3.12/site-packages/airflow/example_dags/example_branch_python_dop_operator_3.py
[2025-10-08T09:03:35.187+0000] {processor.py:830} INFO - Processing file /home/airflow/.local/lib/python3.12/site-packages/airflow/example_dags/example_branch_python_dop_operator_3.py for tasks to queue
[2025-10-08T09:03:35.190+0000] {logging_mixin.py:188} INFO - [2025-10-08T09:03:35.190+0000] {dagbag.py:545} INFO - Filling up the DagBag from /home/airflow/.local/lib/python3.12/site-packages/airflow/example_dags/example_branch_python_dop_operator_3.py
[2025-10-08T09:03:35.202+0000] {processor.py:840} INFO - DAG(s) 'example_branch_dop_operator_v3' retrieved from /home/airflow/.local/lib/python3.12/site-packages/airflow/example_dags/example_branch_python_dop_operator_3.py
[2025-10-08T09:03:35.231+0000] {logging_mixin.py:188} INFO - [2025-10-08T09:03:35.231+0000] {dag.py:3096} INFO - Sync 1 DAGs
[2025-10-08T09:03:35.260+0000] {logging_mixin.py:188} INFO - [2025-10-08T09:03:35.259+0000] {dag.py:3954} INFO - Setting next_dagrun for example_branch_dop_operator_v3 to 2025-10-08 09:02:00+00:00, run_after=2025-10-08 09:03:00+00:00
[2025-10-08T09:03:35.287+0000] {processor.py:183} INFO - Processing /home/airflow/.local/lib/python3.12/site-packages/airflow/example_dags/example_branch_python_dop_operator_3.py took 0.111 seconds
[2025-10-08T09:04:05.481+0000] {processor.py:161} INFO - Started process (PID=1423) to work on /home/airflow/.local/lib/python3.12/site-packages/airflow/example_dags/example_branch_python_dop_operator_3.py
[2025-10-08T09:04:05.485+0000] {processor.py:830} INFO - Processing file /home/airflow/.local/lib/python3.12/site-packages/airflow/example_dags/example_branch_python_dop_operator_3.py for tasks to queue
[2025-10-08T09:04:05.490+0000] {logging_mixin.py:188} INFO - [2025-10-08T09:04:05.490+0000] {dagbag.py:545} INFO - Filling up the DagBag from /home/airflow/.local/lib/python3.12/site-packages/airflow/example_dags/example_branch_python_dop_operator_3.py
[2025-10-08T09:04:05.512+0000] {processor.py:840} INFO - DAG(s) 'example_branch_dop_operator_v3' retrieved from /home/airflow/.local/lib/python3.12/site-packages/airflow/example_dags/example_branch_python_dop_operator_3.py
[2025-10-08T09:04:05.545+0000] {logging_mixin.py:188} INFO - [2025-10-08T09:04:05.544+0000] {dag.py:3096} INFO - Sync 1 DAGs
[2025-10-08T09:04:05.595+0000] {logging_mixin.py:188} INFO - [2025-10-08T09:04:05.595+0000] {dag.py:3954} INFO - Setting next_dagrun for example_branch_dop_operator_v3 to 2025-10-08 09:03:00+00:00, run_after=2025-10-08 09:04:00+00:00
[2025-10-08T09:04:05.630+0000] {processor.py:183} INFO - Processing /home/airflow/.local/lib/python3.12/site-packages/airflow/example_dags/example_branch_python_dop_operator_3.py took 0.163 seconds
