[2025-10-08T08:02:55.585+0000] {processor.py:161} INFO - Started process (PID=83) to work on /home/airflow/.local/lib/python3.12/site-packages/airflow/example_dags/example_bash_operator.py
[2025-10-08T08:02:55.600+0000] {processor.py:830} INFO - Processing file /home/airflow/.local/lib/python3.12/site-packages/airflow/example_dags/example_bash_operator.py for tasks to queue
[2025-10-08T08:02:55.628+0000] {logging_mixin.py:188} INFO - [2025-10-08T08:02:55.623+0000] {dagbag.py:545} INFO - Filling up the DagBag from /home/airflow/.local/lib/python3.12/site-packages/airflow/example_dags/example_bash_operator.py
[2025-10-08T08:02:55.853+0000] {processor.py:840} INFO - DAG(s) 'example_bash_operator' retrieved from /home/airflow/.local/lib/python3.12/site-packages/airflow/example_dags/example_bash_operator.py
[2025-10-08T08:02:56.394+0000] {logging_mixin.py:188} INFO - [2025-10-08T08:02:56.392+0000] {override.py:1829} INFO - Created Permission View: can edit on DAG:example_bash_operator
[2025-10-08T08:02:56.423+0000] {logging_mixin.py:188} INFO - [2025-10-08T08:02:56.422+0000] {override.py:1829} INFO - Created Permission View: can delete on DAG:example_bash_operator
[2025-10-08T08:02:56.444+0000] {logging_mixin.py:188} INFO - [2025-10-08T08:02:56.443+0000] {override.py:1829} INFO - Created Permission View: can read on DAG:example_bash_operator
[2025-10-08T08:02:56.446+0000] {logging_mixin.py:188} INFO - [2025-10-08T08:02:56.445+0000] {dag.py:3096} INFO - Sync 1 DAGs
[2025-10-08T08:02:56.485+0000] {logging_mixin.py:188} INFO - [2025-10-08T08:02:56.485+0000] {dag.py:3118} INFO - Creating ORM DAG for example_bash_operator
[2025-10-08T08:02:56.524+0000] {logging_mixin.py:188} INFO - [2025-10-08T08:02:56.523+0000] {dag.py:3954} INFO - Setting next_dagrun for example_bash_operator to 2025-10-07 00:00:00+00:00, run_after=2025-10-08 00:00:00+00:00
[2025-10-08T08:02:56.612+0000] {processor.py:183} INFO - Processing /home/airflow/.local/lib/python3.12/site-packages/airflow/example_dags/example_bash_operator.py took 1.124 seconds
[2025-10-08T08:03:26.857+0000] {processor.py:161} INFO - Started process (PID=141) to work on /home/airflow/.local/lib/python3.12/site-packages/airflow/example_dags/example_bash_operator.py
[2025-10-08T08:03:26.864+0000] {processor.py:830} INFO - Processing file /home/airflow/.local/lib/python3.12/site-packages/airflow/example_dags/example_bash_operator.py for tasks to queue
[2025-10-08T08:03:26.869+0000] {logging_mixin.py:188} INFO - [2025-10-08T08:03:26.868+0000] {dagbag.py:545} INFO - Filling up the DagBag from /home/airflow/.local/lib/python3.12/site-packages/airflow/example_dags/example_bash_operator.py
[2025-10-08T08:03:26.895+0000] {processor.py:840} INFO - DAG(s) 'example_bash_operator' retrieved from /home/airflow/.local/lib/python3.12/site-packages/airflow/example_dags/example_bash_operator.py
[2025-10-08T08:03:26.948+0000] {logging_mixin.py:188} INFO - [2025-10-08T08:03:26.948+0000] {dag.py:3096} INFO - Sync 1 DAGs
[2025-10-08T08:03:26.983+0000] {logging_mixin.py:188} INFO - [2025-10-08T08:03:26.983+0000] {dag.py:3954} INFO - Setting next_dagrun for example_bash_operator to 2025-10-07 00:00:00+00:00, run_after=2025-10-08 00:00:00+00:00
[2025-10-08T08:03:27.009+0000] {processor.py:183} INFO - Processing /home/airflow/.local/lib/python3.12/site-packages/airflow/example_dags/example_bash_operator.py took 0.168 seconds
[2025-10-08T08:03:57.179+0000] {processor.py:161} INFO - Started process (PID=199) to work on /home/airflow/.local/lib/python3.12/site-packages/airflow/example_dags/example_bash_operator.py
[2025-10-08T08:03:57.180+0000] {processor.py:830} INFO - Processing file /home/airflow/.local/lib/python3.12/site-packages/airflow/example_dags/example_bash_operator.py for tasks to queue
[2025-10-08T08:03:57.184+0000] {logging_mixin.py:188} INFO - [2025-10-08T08:03:57.183+0000] {dagbag.py:545} INFO - Filling up the DagBag from /home/airflow/.local/lib/python3.12/site-packages/airflow/example_dags/example_bash_operator.py
[2025-10-08T08:03:57.202+0000] {processor.py:840} INFO - DAG(s) 'example_bash_operator' retrieved from /home/airflow/.local/lib/python3.12/site-packages/airflow/example_dags/example_bash_operator.py
[2025-10-08T08:03:57.247+0000] {logging_mixin.py:188} INFO - [2025-10-08T08:03:57.247+0000] {dag.py:3096} INFO - Sync 1 DAGs
[2025-10-08T08:03:57.291+0000] {logging_mixin.py:188} INFO - [2025-10-08T08:03:57.291+0000] {dag.py:3954} INFO - Setting next_dagrun for example_bash_operator to 2025-10-07 00:00:00+00:00, run_after=2025-10-08 00:00:00+00:00
[2025-10-08T08:03:57.341+0000] {processor.py:183} INFO - Processing /home/airflow/.local/lib/python3.12/site-packages/airflow/example_dags/example_bash_operator.py took 0.172 seconds
[2025-10-08T08:04:27.561+0000] {processor.py:161} INFO - Started process (PID=257) to work on /home/airflow/.local/lib/python3.12/site-packages/airflow/example_dags/example_bash_operator.py
[2025-10-08T08:04:27.562+0000] {processor.py:830} INFO - Processing file /home/airflow/.local/lib/python3.12/site-packages/airflow/example_dags/example_bash_operator.py for tasks to queue
[2025-10-08T08:04:27.568+0000] {logging_mixin.py:188} INFO - [2025-10-08T08:04:27.567+0000] {dagbag.py:545} INFO - Filling up the DagBag from /home/airflow/.local/lib/python3.12/site-packages/airflow/example_dags/example_bash_operator.py
[2025-10-08T08:04:27.586+0000] {processor.py:840} INFO - DAG(s) 'example_bash_operator' retrieved from /home/airflow/.local/lib/python3.12/site-packages/airflow/example_dags/example_bash_operator.py
[2025-10-08T08:04:27.626+0000] {logging_mixin.py:188} INFO - [2025-10-08T08:04:27.625+0000] {dag.py:3096} INFO - Sync 1 DAGs
[2025-10-08T08:04:27.665+0000] {logging_mixin.py:188} INFO - [2025-10-08T08:04:27.665+0000] {dag.py:3954} INFO - Setting next_dagrun for example_bash_operator to 2025-10-07 00:00:00+00:00, run_after=2025-10-08 00:00:00+00:00
[2025-10-08T08:04:27.697+0000] {processor.py:183} INFO - Processing /home/airflow/.local/lib/python3.12/site-packages/airflow/example_dags/example_bash_operator.py took 0.151 seconds
[2025-10-08T08:04:58.603+0000] {processor.py:161} INFO - Started process (PID=315) to work on /home/airflow/.local/lib/python3.12/site-packages/airflow/example_dags/example_bash_operator.py
[2025-10-08T08:04:58.604+0000] {processor.py:830} INFO - Processing file /home/airflow/.local/lib/python3.12/site-packages/airflow/example_dags/example_bash_operator.py for tasks to queue
[2025-10-08T08:04:58.607+0000] {logging_mixin.py:188} INFO - [2025-10-08T08:04:58.607+0000] {dagbag.py:545} INFO - Filling up the DagBag from /home/airflow/.local/lib/python3.12/site-packages/airflow/example_dags/example_bash_operator.py
[2025-10-08T08:04:58.626+0000] {processor.py:840} INFO - DAG(s) 'example_bash_operator' retrieved from /home/airflow/.local/lib/python3.12/site-packages/airflow/example_dags/example_bash_operator.py
[2025-10-08T08:04:58.686+0000] {logging_mixin.py:188} INFO - [2025-10-08T08:04:58.685+0000] {dag.py:3096} INFO - Sync 1 DAGs
[2025-10-08T08:04:58.743+0000] {logging_mixin.py:188} INFO - [2025-10-08T08:04:58.743+0000] {dag.py:3954} INFO - Setting next_dagrun for example_bash_operator to 2025-10-07 00:00:00+00:00, run_after=2025-10-08 00:00:00+00:00
[2025-10-08T08:04:58.783+0000] {processor.py:183} INFO - Processing /home/airflow/.local/lib/python3.12/site-packages/airflow/example_dags/example_bash_operator.py took 0.189 seconds
[2025-10-08T08:05:29.192+0000] {processor.py:161} INFO - Started process (PID=373) to work on /home/airflow/.local/lib/python3.12/site-packages/airflow/example_dags/example_bash_operator.py
[2025-10-08T08:05:29.194+0000] {processor.py:830} INFO - Processing file /home/airflow/.local/lib/python3.12/site-packages/airflow/example_dags/example_bash_operator.py for tasks to queue
[2025-10-08T08:05:29.198+0000] {logging_mixin.py:188} INFO - [2025-10-08T08:05:29.197+0000] {dagbag.py:545} INFO - Filling up the DagBag from /home/airflow/.local/lib/python3.12/site-packages/airflow/example_dags/example_bash_operator.py
[2025-10-08T08:05:29.213+0000] {processor.py:840} INFO - DAG(s) 'example_bash_operator' retrieved from /home/airflow/.local/lib/python3.12/site-packages/airflow/example_dags/example_bash_operator.py
[2025-10-08T08:05:29.260+0000] {logging_mixin.py:188} INFO - [2025-10-08T08:05:29.259+0000] {dag.py:3096} INFO - Sync 1 DAGs
[2025-10-08T08:05:29.292+0000] {logging_mixin.py:188} INFO - [2025-10-08T08:05:29.292+0000] {dag.py:3954} INFO - Setting next_dagrun for example_bash_operator to 2025-10-07 00:00:00+00:00, run_after=2025-10-08 00:00:00+00:00
[2025-10-08T08:05:29.320+0000] {processor.py:183} INFO - Processing /home/airflow/.local/lib/python3.12/site-packages/airflow/example_dags/example_bash_operator.py took 0.136 seconds
[2025-10-08T08:05:59.466+0000] {processor.py:161} INFO - Started process (PID=431) to work on /home/airflow/.local/lib/python3.12/site-packages/airflow/example_dags/example_bash_operator.py
[2025-10-08T08:05:59.468+0000] {processor.py:830} INFO - Processing file /home/airflow/.local/lib/python3.12/site-packages/airflow/example_dags/example_bash_operator.py for tasks to queue
[2025-10-08T08:05:59.472+0000] {logging_mixin.py:188} INFO - [2025-10-08T08:05:59.472+0000] {dagbag.py:545} INFO - Filling up the DagBag from /home/airflow/.local/lib/python3.12/site-packages/airflow/example_dags/example_bash_operator.py
[2025-10-08T08:05:59.490+0000] {processor.py:840} INFO - DAG(s) 'example_bash_operator' retrieved from /home/airflow/.local/lib/python3.12/site-packages/airflow/example_dags/example_bash_operator.py
[2025-10-08T08:05:59.529+0000] {logging_mixin.py:188} INFO - [2025-10-08T08:05:59.529+0000] {dag.py:3096} INFO - Sync 1 DAGs
[2025-10-08T08:05:59.567+0000] {logging_mixin.py:188} INFO - [2025-10-08T08:05:59.567+0000] {dag.py:3954} INFO - Setting next_dagrun for example_bash_operator to 2025-10-07 00:00:00+00:00, run_after=2025-10-08 00:00:00+00:00
[2025-10-08T08:05:59.613+0000] {processor.py:183} INFO - Processing /home/airflow/.local/lib/python3.12/site-packages/airflow/example_dags/example_bash_operator.py took 0.155 seconds
[2025-10-08T08:07:46.085+0000] {processor.py:161} INFO - Started process (PID=72) to work on /home/airflow/.local/lib/python3.12/site-packages/airflow/example_dags/example_bash_operator.py
[2025-10-08T08:07:46.092+0000] {processor.py:830} INFO - Processing file /home/airflow/.local/lib/python3.12/site-packages/airflow/example_dags/example_bash_operator.py for tasks to queue
[2025-10-08T08:07:46.104+0000] {logging_mixin.py:188} INFO - [2025-10-08T08:07:46.102+0000] {dagbag.py:545} INFO - Filling up the DagBag from /home/airflow/.local/lib/python3.12/site-packages/airflow/example_dags/example_bash_operator.py
[2025-10-08T08:07:46.193+0000] {processor.py:840} INFO - DAG(s) 'example_bash_operator' retrieved from /home/airflow/.local/lib/python3.12/site-packages/airflow/example_dags/example_bash_operator.py
[2025-10-08T08:07:46.464+0000] {logging_mixin.py:188} INFO - [2025-10-08T08:07:46.464+0000] {dag.py:3096} INFO - Sync 1 DAGs
[2025-10-08T08:07:46.546+0000] {logging_mixin.py:188} INFO - [2025-10-08T08:07:46.545+0000] {dag.py:3954} INFO - Setting next_dagrun for example_bash_operator to 2025-10-07 00:00:00+00:00, run_after=2025-10-08 00:00:00+00:00
[2025-10-08T08:07:46.609+0000] {processor.py:183} INFO - Processing /home/airflow/.local/lib/python3.12/site-packages/airflow/example_dags/example_bash_operator.py took 0.569 seconds
[2025-10-08T08:08:17.254+0000] {processor.py:161} INFO - Started process (PID=130) to work on /home/airflow/.local/lib/python3.12/site-packages/airflow/example_dags/example_bash_operator.py
[2025-10-08T08:08:17.261+0000] {processor.py:830} INFO - Processing file /home/airflow/.local/lib/python3.12/site-packages/airflow/example_dags/example_bash_operator.py for tasks to queue
[2025-10-08T08:08:17.265+0000] {logging_mixin.py:188} INFO - [2025-10-08T08:08:17.264+0000] {dagbag.py:545} INFO - Filling up the DagBag from /home/airflow/.local/lib/python3.12/site-packages/airflow/example_dags/example_bash_operator.py
[2025-10-08T08:08:17.281+0000] {processor.py:840} INFO - DAG(s) 'example_bash_operator' retrieved from /home/airflow/.local/lib/python3.12/site-packages/airflow/example_dags/example_bash_operator.py
[2025-10-08T08:08:17.327+0000] {logging_mixin.py:188} INFO - [2025-10-08T08:08:17.326+0000] {dag.py:3096} INFO - Sync 1 DAGs
[2025-10-08T08:08:17.366+0000] {logging_mixin.py:188} INFO - [2025-10-08T08:08:17.365+0000] {dag.py:3954} INFO - Setting next_dagrun for example_bash_operator to 2025-10-07 00:00:00+00:00, run_after=2025-10-08 00:00:00+00:00
[2025-10-08T08:08:17.400+0000] {processor.py:183} INFO - Processing /home/airflow/.local/lib/python3.12/site-packages/airflow/example_dags/example_bash_operator.py took 0.155 seconds
[2025-10-08T08:08:47.502+0000] {processor.py:161} INFO - Started process (PID=188) to work on /home/airflow/.local/lib/python3.12/site-packages/airflow/example_dags/example_bash_operator.py
[2025-10-08T08:08:47.504+0000] {processor.py:830} INFO - Processing file /home/airflow/.local/lib/python3.12/site-packages/airflow/example_dags/example_bash_operator.py for tasks to queue
[2025-10-08T08:08:47.508+0000] {logging_mixin.py:188} INFO - [2025-10-08T08:08:47.507+0000] {dagbag.py:545} INFO - Filling up the DagBag from /home/airflow/.local/lib/python3.12/site-packages/airflow/example_dags/example_bash_operator.py
[2025-10-08T08:08:47.526+0000] {processor.py:840} INFO - DAG(s) 'example_bash_operator' retrieved from /home/airflow/.local/lib/python3.12/site-packages/airflow/example_dags/example_bash_operator.py
[2025-10-08T08:08:47.578+0000] {logging_mixin.py:188} INFO - [2025-10-08T08:08:47.578+0000] {dag.py:3096} INFO - Sync 1 DAGs
[2025-10-08T08:08:47.622+0000] {logging_mixin.py:188} INFO - [2025-10-08T08:08:47.622+0000] {dag.py:3954} INFO - Setting next_dagrun for example_bash_operator to 2025-10-07 00:00:00+00:00, run_after=2025-10-08 00:00:00+00:00
[2025-10-08T08:08:47.683+0000] {processor.py:183} INFO - Processing /home/airflow/.local/lib/python3.12/site-packages/airflow/example_dags/example_bash_operator.py took 0.192 seconds
[2025-10-08T08:09:18.006+0000] {processor.py:161} INFO - Started process (PID=246) to work on /home/airflow/.local/lib/python3.12/site-packages/airflow/example_dags/example_bash_operator.py
[2025-10-08T08:09:18.008+0000] {processor.py:830} INFO - Processing file /home/airflow/.local/lib/python3.12/site-packages/airflow/example_dags/example_bash_operator.py for tasks to queue
[2025-10-08T08:09:18.014+0000] {logging_mixin.py:188} INFO - [2025-10-08T08:09:18.013+0000] {dagbag.py:545} INFO - Filling up the DagBag from /home/airflow/.local/lib/python3.12/site-packages/airflow/example_dags/example_bash_operator.py
[2025-10-08T08:09:18.039+0000] {processor.py:840} INFO - DAG(s) 'example_bash_operator' retrieved from /home/airflow/.local/lib/python3.12/site-packages/airflow/example_dags/example_bash_operator.py
[2025-10-08T08:09:18.093+0000] {logging_mixin.py:188} INFO - [2025-10-08T08:09:18.092+0000] {dag.py:3096} INFO - Sync 1 DAGs
[2025-10-08T08:09:18.143+0000] {logging_mixin.py:188} INFO - [2025-10-08T08:09:18.143+0000] {dag.py:3954} INFO - Setting next_dagrun for example_bash_operator to 2025-10-07 00:00:00+00:00, run_after=2025-10-08 00:00:00+00:00
[2025-10-08T08:09:18.180+0000] {processor.py:183} INFO - Processing /home/airflow/.local/lib/python3.12/site-packages/airflow/example_dags/example_bash_operator.py took 0.193 seconds
[2025-10-08T08:09:48.377+0000] {processor.py:161} INFO - Started process (PID=304) to work on /home/airflow/.local/lib/python3.12/site-packages/airflow/example_dags/example_bash_operator.py
[2025-10-08T08:09:48.380+0000] {processor.py:830} INFO - Processing file /home/airflow/.local/lib/python3.12/site-packages/airflow/example_dags/example_bash_operator.py for tasks to queue
[2025-10-08T08:09:48.385+0000] {logging_mixin.py:188} INFO - [2025-10-08T08:09:48.384+0000] {dagbag.py:545} INFO - Filling up the DagBag from /home/airflow/.local/lib/python3.12/site-packages/airflow/example_dags/example_bash_operator.py
[2025-10-08T08:09:48.404+0000] {processor.py:840} INFO - DAG(s) 'example_bash_operator' retrieved from /home/airflow/.local/lib/python3.12/site-packages/airflow/example_dags/example_bash_operator.py
[2025-10-08T08:09:48.473+0000] {logging_mixin.py:188} INFO - [2025-10-08T08:09:48.472+0000] {dag.py:3096} INFO - Sync 1 DAGs
[2025-10-08T08:09:48.513+0000] {logging_mixin.py:188} INFO - [2025-10-08T08:09:48.513+0000] {dag.py:3954} INFO - Setting next_dagrun for example_bash_operator to 2025-10-07 00:00:00+00:00, run_after=2025-10-08 00:00:00+00:00
[2025-10-08T08:09:48.544+0000] {processor.py:183} INFO - Processing /home/airflow/.local/lib/python3.12/site-packages/airflow/example_dags/example_bash_operator.py took 0.182 seconds
[2025-10-08T08:10:18.915+0000] {processor.py:161} INFO - Started process (PID=362) to work on /home/airflow/.local/lib/python3.12/site-packages/airflow/example_dags/example_bash_operator.py
[2025-10-08T08:10:18.918+0000] {processor.py:830} INFO - Processing file /home/airflow/.local/lib/python3.12/site-packages/airflow/example_dags/example_bash_operator.py for tasks to queue
[2025-10-08T08:10:18.923+0000] {logging_mixin.py:188} INFO - [2025-10-08T08:10:18.922+0000] {dagbag.py:545} INFO - Filling up the DagBag from /home/airflow/.local/lib/python3.12/site-packages/airflow/example_dags/example_bash_operator.py
[2025-10-08T08:10:18.948+0000] {processor.py:840} INFO - DAG(s) 'example_bash_operator' retrieved from /home/airflow/.local/lib/python3.12/site-packages/airflow/example_dags/example_bash_operator.py
[2025-10-08T08:10:19.006+0000] {logging_mixin.py:188} INFO - [2025-10-08T08:10:19.006+0000] {dag.py:3096} INFO - Sync 1 DAGs
[2025-10-08T08:10:19.046+0000] {logging_mixin.py:188} INFO - [2025-10-08T08:10:19.046+0000] {dag.py:3954} INFO - Setting next_dagrun for example_bash_operator to 2025-10-07 00:00:00+00:00, run_after=2025-10-08 00:00:00+00:00
[2025-10-08T08:10:19.073+0000] {processor.py:183} INFO - Processing /home/airflow/.local/lib/python3.12/site-packages/airflow/example_dags/example_bash_operator.py took 0.177 seconds
[2025-10-08T08:10:49.356+0000] {processor.py:161} INFO - Started process (PID=420) to work on /home/airflow/.local/lib/python3.12/site-packages/airflow/example_dags/example_bash_operator.py
[2025-10-08T08:10:49.358+0000] {processor.py:830} INFO - Processing file /home/airflow/.local/lib/python3.12/site-packages/airflow/example_dags/example_bash_operator.py for tasks to queue
[2025-10-08T08:10:49.361+0000] {logging_mixin.py:188} INFO - [2025-10-08T08:10:49.361+0000] {dagbag.py:545} INFO - Filling up the DagBag from /home/airflow/.local/lib/python3.12/site-packages/airflow/example_dags/example_bash_operator.py
[2025-10-08T08:10:49.379+0000] {processor.py:840} INFO - DAG(s) 'example_bash_operator' retrieved from /home/airflow/.local/lib/python3.12/site-packages/airflow/example_dags/example_bash_operator.py
[2025-10-08T08:10:49.419+0000] {logging_mixin.py:188} INFO - [2025-10-08T08:10:49.419+0000] {dag.py:3096} INFO - Sync 1 DAGs
[2025-10-08T08:10:49.468+0000] {logging_mixin.py:188} INFO - [2025-10-08T08:10:49.467+0000] {dag.py:3954} INFO - Setting next_dagrun for example_bash_operator to 2025-10-07 00:00:00+00:00, run_after=2025-10-08 00:00:00+00:00
[2025-10-08T08:10:49.505+0000] {processor.py:183} INFO - Processing /home/airflow/.local/lib/python3.12/site-packages/airflow/example_dags/example_bash_operator.py took 0.157 seconds
[2025-10-08T08:11:20.208+0000] {processor.py:161} INFO - Started process (PID=478) to work on /home/airflow/.local/lib/python3.12/site-packages/airflow/example_dags/example_bash_operator.py
[2025-10-08T08:11:20.211+0000] {processor.py:830} INFO - Processing file /home/airflow/.local/lib/python3.12/site-packages/airflow/example_dags/example_bash_operator.py for tasks to queue
[2025-10-08T08:11:20.215+0000] {logging_mixin.py:188} INFO - [2025-10-08T08:11:20.214+0000] {dagbag.py:545} INFO - Filling up the DagBag from /home/airflow/.local/lib/python3.12/site-packages/airflow/example_dags/example_bash_operator.py
[2025-10-08T08:11:20.233+0000] {processor.py:840} INFO - DAG(s) 'example_bash_operator' retrieved from /home/airflow/.local/lib/python3.12/site-packages/airflow/example_dags/example_bash_operator.py
[2025-10-08T08:11:20.281+0000] {logging_mixin.py:188} INFO - [2025-10-08T08:11:20.280+0000] {dag.py:3096} INFO - Sync 1 DAGs
[2025-10-08T08:11:20.312+0000] {logging_mixin.py:188} INFO - [2025-10-08T08:11:20.311+0000] {dag.py:3954} INFO - Setting next_dagrun for example_bash_operator to 2025-10-07 00:00:00+00:00, run_after=2025-10-08 00:00:00+00:00
[2025-10-08T08:11:20.354+0000] {processor.py:183} INFO - Processing /home/airflow/.local/lib/python3.12/site-packages/airflow/example_dags/example_bash_operator.py took 0.159 seconds
[2025-10-08T08:11:50.600+0000] {processor.py:161} INFO - Started process (PID=536) to work on /home/airflow/.local/lib/python3.12/site-packages/airflow/example_dags/example_bash_operator.py
[2025-10-08T08:11:50.601+0000] {processor.py:830} INFO - Processing file /home/airflow/.local/lib/python3.12/site-packages/airflow/example_dags/example_bash_operator.py for tasks to queue
[2025-10-08T08:11:50.604+0000] {logging_mixin.py:188} INFO - [2025-10-08T08:11:50.604+0000] {dagbag.py:545} INFO - Filling up the DagBag from /home/airflow/.local/lib/python3.12/site-packages/airflow/example_dags/example_bash_operator.py
[2025-10-08T08:11:50.618+0000] {processor.py:840} INFO - DAG(s) 'example_bash_operator' retrieved from /home/airflow/.local/lib/python3.12/site-packages/airflow/example_dags/example_bash_operator.py
[2025-10-08T08:11:50.656+0000] {logging_mixin.py:188} INFO - [2025-10-08T08:11:50.656+0000] {dag.py:3096} INFO - Sync 1 DAGs
[2025-10-08T08:11:50.700+0000] {logging_mixin.py:188} INFO - [2025-10-08T08:11:50.700+0000] {dag.py:3954} INFO - Setting next_dagrun for example_bash_operator to 2025-10-07 00:00:00+00:00, run_after=2025-10-08 00:00:00+00:00
[2025-10-08T08:11:50.737+0000] {processor.py:183} INFO - Processing /home/airflow/.local/lib/python3.12/site-packages/airflow/example_dags/example_bash_operator.py took 0.145 seconds
[2025-10-08T08:12:21.014+0000] {processor.py:161} INFO - Started process (PID=594) to work on /home/airflow/.local/lib/python3.12/site-packages/airflow/example_dags/example_bash_operator.py
[2025-10-08T08:12:21.019+0000] {processor.py:830} INFO - Processing file /home/airflow/.local/lib/python3.12/site-packages/airflow/example_dags/example_bash_operator.py for tasks to queue
[2025-10-08T08:12:21.026+0000] {logging_mixin.py:188} INFO - [2025-10-08T08:12:21.025+0000] {dagbag.py:545} INFO - Filling up the DagBag from /home/airflow/.local/lib/python3.12/site-packages/airflow/example_dags/example_bash_operator.py
[2025-10-08T08:12:21.052+0000] {processor.py:840} INFO - DAG(s) 'example_bash_operator' retrieved from /home/airflow/.local/lib/python3.12/site-packages/airflow/example_dags/example_bash_operator.py
[2025-10-08T08:12:21.130+0000] {logging_mixin.py:188} INFO - [2025-10-08T08:12:21.130+0000] {dag.py:3096} INFO - Sync 1 DAGs
[2025-10-08T08:12:21.165+0000] {logging_mixin.py:188} INFO - [2025-10-08T08:12:21.164+0000] {dag.py:3954} INFO - Setting next_dagrun for example_bash_operator to 2025-10-07 00:00:00+00:00, run_after=2025-10-08 00:00:00+00:00
[2025-10-08T08:12:21.206+0000] {processor.py:183} INFO - Processing /home/airflow/.local/lib/python3.12/site-packages/airflow/example_dags/example_bash_operator.py took 0.212 seconds
[2025-10-08T08:12:51.658+0000] {processor.py:161} INFO - Started process (PID=652) to work on /home/airflow/.local/lib/python3.12/site-packages/airflow/example_dags/example_bash_operator.py
[2025-10-08T08:12:51.660+0000] {processor.py:830} INFO - Processing file /home/airflow/.local/lib/python3.12/site-packages/airflow/example_dags/example_bash_operator.py for tasks to queue
[2025-10-08T08:12:51.664+0000] {logging_mixin.py:188} INFO - [2025-10-08T08:12:51.663+0000] {dagbag.py:545} INFO - Filling up the DagBag from /home/airflow/.local/lib/python3.12/site-packages/airflow/example_dags/example_bash_operator.py
[2025-10-08T08:12:51.680+0000] {processor.py:840} INFO - DAG(s) 'example_bash_operator' retrieved from /home/airflow/.local/lib/python3.12/site-packages/airflow/example_dags/example_bash_operator.py
[2025-10-08T08:12:51.726+0000] {logging_mixin.py:188} INFO - [2025-10-08T08:12:51.725+0000] {dag.py:3096} INFO - Sync 1 DAGs
[2025-10-08T08:12:51.768+0000] {logging_mixin.py:188} INFO - [2025-10-08T08:12:51.768+0000] {dag.py:3954} INFO - Setting next_dagrun for example_bash_operator to 2025-10-07 00:00:00+00:00, run_after=2025-10-08 00:00:00+00:00
[2025-10-08T08:12:51.816+0000] {processor.py:183} INFO - Processing /home/airflow/.local/lib/python3.12/site-packages/airflow/example_dags/example_bash_operator.py took 0.167 seconds
[2025-10-08T08:13:22.861+0000] {processor.py:161} INFO - Started process (PID=710) to work on /home/airflow/.local/lib/python3.12/site-packages/airflow/example_dags/example_bash_operator.py
[2025-10-08T08:13:22.864+0000] {processor.py:830} INFO - Processing file /home/airflow/.local/lib/python3.12/site-packages/airflow/example_dags/example_bash_operator.py for tasks to queue
[2025-10-08T08:13:22.871+0000] {logging_mixin.py:188} INFO - [2025-10-08T08:13:22.869+0000] {dagbag.py:545} INFO - Filling up the DagBag from /home/airflow/.local/lib/python3.12/site-packages/airflow/example_dags/example_bash_operator.py
[2025-10-08T08:13:22.910+0000] {processor.py:840} INFO - DAG(s) 'example_bash_operator' retrieved from /home/airflow/.local/lib/python3.12/site-packages/airflow/example_dags/example_bash_operator.py
[2025-10-08T08:13:22.959+0000] {logging_mixin.py:188} INFO - [2025-10-08T08:13:22.958+0000] {dag.py:3096} INFO - Sync 1 DAGs
[2025-10-08T08:13:23.017+0000] {logging_mixin.py:188} INFO - [2025-10-08T08:13:23.017+0000] {dag.py:3954} INFO - Setting next_dagrun for example_bash_operator to 2025-10-07 00:00:00+00:00, run_after=2025-10-08 00:00:00+00:00
[2025-10-08T08:13:23.073+0000] {processor.py:183} INFO - Processing /home/airflow/.local/lib/python3.12/site-packages/airflow/example_dags/example_bash_operator.py took 0.233 seconds
[2025-10-08T08:13:53.508+0000] {processor.py:161} INFO - Started process (PID=768) to work on /home/airflow/.local/lib/python3.12/site-packages/airflow/example_dags/example_bash_operator.py
[2025-10-08T08:13:53.510+0000] {processor.py:830} INFO - Processing file /home/airflow/.local/lib/python3.12/site-packages/airflow/example_dags/example_bash_operator.py for tasks to queue
[2025-10-08T08:13:53.515+0000] {logging_mixin.py:188} INFO - [2025-10-08T08:13:53.514+0000] {dagbag.py:545} INFO - Filling up the DagBag from /home/airflow/.local/lib/python3.12/site-packages/airflow/example_dags/example_bash_operator.py
[2025-10-08T08:13:53.537+0000] {processor.py:840} INFO - DAG(s) 'example_bash_operator' retrieved from /home/airflow/.local/lib/python3.12/site-packages/airflow/example_dags/example_bash_operator.py
[2025-10-08T08:13:53.600+0000] {logging_mixin.py:188} INFO - [2025-10-08T08:13:53.600+0000] {dag.py:3096} INFO - Sync 1 DAGs
[2025-10-08T08:13:53.646+0000] {logging_mixin.py:188} INFO - [2025-10-08T08:13:53.646+0000] {dag.py:3954} INFO - Setting next_dagrun for example_bash_operator to 2025-10-07 00:00:00+00:00, run_after=2025-10-08 00:00:00+00:00
[2025-10-08T08:13:53.696+0000] {processor.py:183} INFO - Processing /home/airflow/.local/lib/python3.12/site-packages/airflow/example_dags/example_bash_operator.py took 0.201 seconds
[2025-10-08T08:14:23.960+0000] {processor.py:161} INFO - Started process (PID=826) to work on /home/airflow/.local/lib/python3.12/site-packages/airflow/example_dags/example_bash_operator.py
[2025-10-08T08:14:23.962+0000] {processor.py:830} INFO - Processing file /home/airflow/.local/lib/python3.12/site-packages/airflow/example_dags/example_bash_operator.py for tasks to queue
[2025-10-08T08:14:23.965+0000] {logging_mixin.py:188} INFO - [2025-10-08T08:14:23.964+0000] {dagbag.py:545} INFO - Filling up the DagBag from /home/airflow/.local/lib/python3.12/site-packages/airflow/example_dags/example_bash_operator.py
[2025-10-08T08:14:23.980+0000] {processor.py:840} INFO - DAG(s) 'example_bash_operator' retrieved from /home/airflow/.local/lib/python3.12/site-packages/airflow/example_dags/example_bash_operator.py
[2025-10-08T08:14:24.031+0000] {logging_mixin.py:188} INFO - [2025-10-08T08:14:24.031+0000] {dag.py:3096} INFO - Sync 1 DAGs
[2025-10-08T08:14:24.062+0000] {logging_mixin.py:188} INFO - [2025-10-08T08:14:24.062+0000] {dag.py:3954} INFO - Setting next_dagrun for example_bash_operator to 2025-10-07 00:00:00+00:00, run_after=2025-10-08 00:00:00+00:00
[2025-10-08T08:14:24.093+0000] {processor.py:183} INFO - Processing /home/airflow/.local/lib/python3.12/site-packages/airflow/example_dags/example_bash_operator.py took 0.142 seconds
[2025-10-08T08:14:54.635+0000] {processor.py:161} INFO - Started process (PID=883) to work on /home/airflow/.local/lib/python3.12/site-packages/airflow/example_dags/example_bash_operator.py
[2025-10-08T08:14:54.637+0000] {processor.py:830} INFO - Processing file /home/airflow/.local/lib/python3.12/site-packages/airflow/example_dags/example_bash_operator.py for tasks to queue
[2025-10-08T08:14:54.640+0000] {logging_mixin.py:188} INFO - [2025-10-08T08:14:54.639+0000] {dagbag.py:545} INFO - Filling up the DagBag from /home/airflow/.local/lib/python3.12/site-packages/airflow/example_dags/example_bash_operator.py
[2025-10-08T08:14:54.654+0000] {processor.py:840} INFO - DAG(s) 'example_bash_operator' retrieved from /home/airflow/.local/lib/python3.12/site-packages/airflow/example_dags/example_bash_operator.py
[2025-10-08T08:14:54.705+0000] {logging_mixin.py:188} INFO - [2025-10-08T08:14:54.705+0000] {dag.py:3096} INFO - Sync 1 DAGs
[2025-10-08T08:14:54.740+0000] {logging_mixin.py:188} INFO - [2025-10-08T08:14:54.739+0000] {dag.py:3954} INFO - Setting next_dagrun for example_bash_operator to 2025-10-07 00:00:00+00:00, run_after=2025-10-08 00:00:00+00:00
[2025-10-08T08:14:54.771+0000] {processor.py:183} INFO - Processing /home/airflow/.local/lib/python3.12/site-packages/airflow/example_dags/example_bash_operator.py took 0.142 seconds
[2025-10-08T08:15:25.171+0000] {processor.py:161} INFO - Started process (PID=941) to work on /home/airflow/.local/lib/python3.12/site-packages/airflow/example_dags/example_bash_operator.py
[2025-10-08T08:15:25.173+0000] {processor.py:830} INFO - Processing file /home/airflow/.local/lib/python3.12/site-packages/airflow/example_dags/example_bash_operator.py for tasks to queue
[2025-10-08T08:15:25.178+0000] {logging_mixin.py:188} INFO - [2025-10-08T08:15:25.176+0000] {dagbag.py:545} INFO - Filling up the DagBag from /home/airflow/.local/lib/python3.12/site-packages/airflow/example_dags/example_bash_operator.py
[2025-10-08T08:15:25.202+0000] {processor.py:840} INFO - DAG(s) 'example_bash_operator' retrieved from /home/airflow/.local/lib/python3.12/site-packages/airflow/example_dags/example_bash_operator.py
[2025-10-08T08:15:25.255+0000] {logging_mixin.py:188} INFO - [2025-10-08T08:15:25.255+0000] {dag.py:3096} INFO - Sync 1 DAGs
[2025-10-08T08:15:25.294+0000] {logging_mixin.py:188} INFO - [2025-10-08T08:15:25.293+0000] {dag.py:3954} INFO - Setting next_dagrun for example_bash_operator to 2025-10-07 00:00:00+00:00, run_after=2025-10-08 00:00:00+00:00
[2025-10-08T08:15:25.321+0000] {processor.py:183} INFO - Processing /home/airflow/.local/lib/python3.12/site-packages/airflow/example_dags/example_bash_operator.py took 0.159 seconds
[2025-10-08T08:15:55.929+0000] {processor.py:161} INFO - Started process (PID=999) to work on /home/airflow/.local/lib/python3.12/site-packages/airflow/example_dags/example_bash_operator.py
[2025-10-08T08:15:55.933+0000] {processor.py:830} INFO - Processing file /home/airflow/.local/lib/python3.12/site-packages/airflow/example_dags/example_bash_operator.py for tasks to queue
[2025-10-08T08:15:55.941+0000] {logging_mixin.py:188} INFO - [2025-10-08T08:15:55.940+0000] {dagbag.py:545} INFO - Filling up the DagBag from /home/airflow/.local/lib/python3.12/site-packages/airflow/example_dags/example_bash_operator.py
[2025-10-08T08:15:55.996+0000] {processor.py:840} INFO - DAG(s) 'example_bash_operator' retrieved from /home/airflow/.local/lib/python3.12/site-packages/airflow/example_dags/example_bash_operator.py
[2025-10-08T08:15:56.090+0000] {logging_mixin.py:188} INFO - [2025-10-08T08:15:56.090+0000] {dag.py:3096} INFO - Sync 1 DAGs
[2025-10-08T08:15:56.151+0000] {logging_mixin.py:188} INFO - [2025-10-08T08:15:56.150+0000] {dag.py:3954} INFO - Setting next_dagrun for example_bash_operator to 2025-10-07 00:00:00+00:00, run_after=2025-10-08 00:00:00+00:00
[2025-10-08T08:15:56.204+0000] {processor.py:183} INFO - Processing /home/airflow/.local/lib/python3.12/site-packages/airflow/example_dags/example_bash_operator.py took 0.296 seconds
[2025-10-08T08:16:26.551+0000] {processor.py:161} INFO - Started process (PID=1057) to work on /home/airflow/.local/lib/python3.12/site-packages/airflow/example_dags/example_bash_operator.py
[2025-10-08T08:16:26.554+0000] {processor.py:830} INFO - Processing file /home/airflow/.local/lib/python3.12/site-packages/airflow/example_dags/example_bash_operator.py for tasks to queue
[2025-10-08T08:16:26.563+0000] {logging_mixin.py:188} INFO - [2025-10-08T08:16:26.562+0000] {dagbag.py:545} INFO - Filling up the DagBag from /home/airflow/.local/lib/python3.12/site-packages/airflow/example_dags/example_bash_operator.py
[2025-10-08T08:16:26.598+0000] {processor.py:840} INFO - DAG(s) 'example_bash_operator' retrieved from /home/airflow/.local/lib/python3.12/site-packages/airflow/example_dags/example_bash_operator.py
[2025-10-08T08:16:26.638+0000] {logging_mixin.py:188} INFO - [2025-10-08T08:16:26.638+0000] {dag.py:3096} INFO - Sync 1 DAGs
[2025-10-08T08:16:26.670+0000] {logging_mixin.py:188} INFO - [2025-10-08T08:16:26.670+0000] {dag.py:3954} INFO - Setting next_dagrun for example_bash_operator to 2025-10-07 00:00:00+00:00, run_after=2025-10-08 00:00:00+00:00
[2025-10-08T08:16:26.701+0000] {processor.py:183} INFO - Processing /home/airflow/.local/lib/python3.12/site-packages/airflow/example_dags/example_bash_operator.py took 0.173 seconds
[2025-10-08T08:16:56.804+0000] {processor.py:161} INFO - Started process (PID=1115) to work on /home/airflow/.local/lib/python3.12/site-packages/airflow/example_dags/example_bash_operator.py
[2025-10-08T08:16:56.806+0000] {processor.py:830} INFO - Processing file /home/airflow/.local/lib/python3.12/site-packages/airflow/example_dags/example_bash_operator.py for tasks to queue
[2025-10-08T08:16:56.810+0000] {logging_mixin.py:188} INFO - [2025-10-08T08:16:56.809+0000] {dagbag.py:545} INFO - Filling up the DagBag from /home/airflow/.local/lib/python3.12/site-packages/airflow/example_dags/example_bash_operator.py
[2025-10-08T08:16:56.826+0000] {processor.py:840} INFO - DAG(s) 'example_bash_operator' retrieved from /home/airflow/.local/lib/python3.12/site-packages/airflow/example_dags/example_bash_operator.py
[2025-10-08T08:16:56.870+0000] {logging_mixin.py:188} INFO - [2025-10-08T08:16:56.870+0000] {dag.py:3096} INFO - Sync 1 DAGs
[2025-10-08T08:16:56.907+0000] {logging_mixin.py:188} INFO - [2025-10-08T08:16:56.906+0000] {dag.py:3954} INFO - Setting next_dagrun for example_bash_operator to 2025-10-07 00:00:00+00:00, run_after=2025-10-08 00:00:00+00:00
[2025-10-08T08:16:56.942+0000] {processor.py:183} INFO - Processing /home/airflow/.local/lib/python3.12/site-packages/airflow/example_dags/example_bash_operator.py took 0.147 seconds
[2025-10-08T08:17:27.132+0000] {processor.py:161} INFO - Started process (PID=1173) to work on /home/airflow/.local/lib/python3.12/site-packages/airflow/example_dags/example_bash_operator.py
[2025-10-08T08:17:27.135+0000] {processor.py:830} INFO - Processing file /home/airflow/.local/lib/python3.12/site-packages/airflow/example_dags/example_bash_operator.py for tasks to queue
[2025-10-08T08:17:27.142+0000] {logging_mixin.py:188} INFO - [2025-10-08T08:17:27.141+0000] {dagbag.py:545} INFO - Filling up the DagBag from /home/airflow/.local/lib/python3.12/site-packages/airflow/example_dags/example_bash_operator.py
[2025-10-08T08:17:27.180+0000] {processor.py:840} INFO - DAG(s) 'example_bash_operator' retrieved from /home/airflow/.local/lib/python3.12/site-packages/airflow/example_dags/example_bash_operator.py
[2025-10-08T08:17:27.234+0000] {logging_mixin.py:188} INFO - [2025-10-08T08:17:27.233+0000] {dag.py:3096} INFO - Sync 1 DAGs
[2025-10-08T08:17:27.266+0000] {logging_mixin.py:188} INFO - [2025-10-08T08:17:27.266+0000] {dag.py:3954} INFO - Setting next_dagrun for example_bash_operator to 2025-10-07 00:00:00+00:00, run_after=2025-10-08 00:00:00+00:00
[2025-10-08T08:17:27.320+0000] {processor.py:183} INFO - Processing /home/airflow/.local/lib/python3.12/site-packages/airflow/example_dags/example_bash_operator.py took 0.211 seconds
[2025-10-08T08:17:58.171+0000] {processor.py:161} INFO - Started process (PID=1233) to work on /home/airflow/.local/lib/python3.12/site-packages/airflow/example_dags/example_bash_operator.py
[2025-10-08T08:17:58.173+0000] {processor.py:830} INFO - Processing file /home/airflow/.local/lib/python3.12/site-packages/airflow/example_dags/example_bash_operator.py for tasks to queue
[2025-10-08T08:17:58.178+0000] {logging_mixin.py:188} INFO - [2025-10-08T08:17:58.177+0000] {dagbag.py:545} INFO - Filling up the DagBag from /home/airflow/.local/lib/python3.12/site-packages/airflow/example_dags/example_bash_operator.py
[2025-10-08T08:17:58.204+0000] {processor.py:840} INFO - DAG(s) 'example_bash_operator' retrieved from /home/airflow/.local/lib/python3.12/site-packages/airflow/example_dags/example_bash_operator.py
[2025-10-08T08:17:58.306+0000] {logging_mixin.py:188} INFO - [2025-10-08T08:17:58.305+0000] {dag.py:3096} INFO - Sync 1 DAGs
[2025-10-08T08:17:58.336+0000] {logging_mixin.py:188} INFO - [2025-10-08T08:17:58.336+0000] {dag.py:3954} INFO - Setting next_dagrun for example_bash_operator to 2025-10-07 00:00:00+00:00, run_after=2025-10-08 00:00:00+00:00
[2025-10-08T08:17:58.532+0000] {processor.py:183} INFO - Processing /home/airflow/.local/lib/python3.12/site-packages/airflow/example_dags/example_bash_operator.py took 0.376 seconds
[2025-10-08T08:18:28.840+0000] {processor.py:161} INFO - Started process (PID=1293) to work on /home/airflow/.local/lib/python3.12/site-packages/airflow/example_dags/example_bash_operator.py
[2025-10-08T08:18:28.843+0000] {processor.py:830} INFO - Processing file /home/airflow/.local/lib/python3.12/site-packages/airflow/example_dags/example_bash_operator.py for tasks to queue
[2025-10-08T08:18:28.848+0000] {logging_mixin.py:188} INFO - [2025-10-08T08:18:28.847+0000] {dagbag.py:545} INFO - Filling up the DagBag from /home/airflow/.local/lib/python3.12/site-packages/airflow/example_dags/example_bash_operator.py
[2025-10-08T08:18:28.868+0000] {processor.py:840} INFO - DAG(s) 'example_bash_operator' retrieved from /home/airflow/.local/lib/python3.12/site-packages/airflow/example_dags/example_bash_operator.py
[2025-10-08T08:18:28.967+0000] {logging_mixin.py:188} INFO - [2025-10-08T08:18:28.966+0000] {dag.py:3096} INFO - Sync 1 DAGs
[2025-10-08T08:18:29.025+0000] {logging_mixin.py:188} INFO - [2025-10-08T08:18:29.024+0000] {dag.py:3954} INFO - Setting next_dagrun for example_bash_operator to 2025-10-07 00:00:00+00:00, run_after=2025-10-08 00:00:00+00:00
[2025-10-08T08:18:29.050+0000] {processor.py:183} INFO - Processing /home/airflow/.local/lib/python3.12/site-packages/airflow/example_dags/example_bash_operator.py took 0.226 seconds
[2025-10-08T08:18:59.580+0000] {processor.py:161} INFO - Started process (PID=1352) to work on /home/airflow/.local/lib/python3.12/site-packages/airflow/example_dags/example_bash_operator.py
[2025-10-08T08:18:59.582+0000] {processor.py:830} INFO - Processing file /home/airflow/.local/lib/python3.12/site-packages/airflow/example_dags/example_bash_operator.py for tasks to queue
[2025-10-08T08:18:59.590+0000] {logging_mixin.py:188} INFO - [2025-10-08T08:18:59.589+0000] {dagbag.py:545} INFO - Filling up the DagBag from /home/airflow/.local/lib/python3.12/site-packages/airflow/example_dags/example_bash_operator.py
[2025-10-08T08:18:59.608+0000] {processor.py:840} INFO - DAG(s) 'example_bash_operator' retrieved from /home/airflow/.local/lib/python3.12/site-packages/airflow/example_dags/example_bash_operator.py
[2025-10-08T08:18:59.664+0000] {logging_mixin.py:188} INFO - [2025-10-08T08:18:59.664+0000] {dag.py:3096} INFO - Sync 1 DAGs
[2025-10-08T08:18:59.698+0000] {logging_mixin.py:188} INFO - [2025-10-08T08:18:59.698+0000] {dag.py:3954} INFO - Setting next_dagrun for example_bash_operator to 2025-10-07 00:00:00+00:00, run_after=2025-10-08 00:00:00+00:00
[2025-10-08T08:18:59.740+0000] {processor.py:183} INFO - Processing /home/airflow/.local/lib/python3.12/site-packages/airflow/example_dags/example_bash_operator.py took 0.170 seconds
[2025-10-08T08:19:30.786+0000] {processor.py:161} INFO - Started process (PID=1410) to work on /home/airflow/.local/lib/python3.12/site-packages/airflow/example_dags/example_bash_operator.py
[2025-10-08T08:19:30.789+0000] {processor.py:830} INFO - Processing file /home/airflow/.local/lib/python3.12/site-packages/airflow/example_dags/example_bash_operator.py for tasks to queue
[2025-10-08T08:19:30.793+0000] {logging_mixin.py:188} INFO - [2025-10-08T08:19:30.792+0000] {dagbag.py:545} INFO - Filling up the DagBag from /home/airflow/.local/lib/python3.12/site-packages/airflow/example_dags/example_bash_operator.py
[2025-10-08T08:19:30.816+0000] {processor.py:840} INFO - DAG(s) 'example_bash_operator' retrieved from /home/airflow/.local/lib/python3.12/site-packages/airflow/example_dags/example_bash_operator.py
[2025-10-08T08:19:30.863+0000] {logging_mixin.py:188} INFO - [2025-10-08T08:19:30.862+0000] {dag.py:3096} INFO - Sync 1 DAGs
[2025-10-08T08:19:31.056+0000] {logging_mixin.py:188} INFO - [2025-10-08T08:19:31.056+0000] {dag.py:3954} INFO - Setting next_dagrun for example_bash_operator to 2025-10-07 00:00:00+00:00, run_after=2025-10-08 00:00:00+00:00
[2025-10-08T08:19:31.079+0000] {processor.py:183} INFO - Processing /home/airflow/.local/lib/python3.12/site-packages/airflow/example_dags/example_bash_operator.py took 0.305 seconds
[2025-10-08T08:20:01.943+0000] {processor.py:161} INFO - Started process (PID=1469) to work on /home/airflow/.local/lib/python3.12/site-packages/airflow/example_dags/example_bash_operator.py
[2025-10-08T08:20:01.946+0000] {processor.py:830} INFO - Processing file /home/airflow/.local/lib/python3.12/site-packages/airflow/example_dags/example_bash_operator.py for tasks to queue
[2025-10-08T08:20:01.951+0000] {logging_mixin.py:188} INFO - [2025-10-08T08:20:01.950+0000] {dagbag.py:545} INFO - Filling up the DagBag from /home/airflow/.local/lib/python3.12/site-packages/airflow/example_dags/example_bash_operator.py
[2025-10-08T08:20:01.972+0000] {processor.py:840} INFO - DAG(s) 'example_bash_operator' retrieved from /home/airflow/.local/lib/python3.12/site-packages/airflow/example_dags/example_bash_operator.py
[2025-10-08T08:20:02.013+0000] {logging_mixin.py:188} INFO - [2025-10-08T08:20:02.012+0000] {dag.py:3096} INFO - Sync 1 DAGs
[2025-10-08T08:20:02.047+0000] {logging_mixin.py:188} INFO - [2025-10-08T08:20:02.047+0000] {dag.py:3954} INFO - Setting next_dagrun for example_bash_operator to 2025-10-07 00:00:00+00:00, run_after=2025-10-08 00:00:00+00:00
[2025-10-08T08:20:02.296+0000] {processor.py:183} INFO - Processing /home/airflow/.local/lib/python3.12/site-packages/airflow/example_dags/example_bash_operator.py took 0.368 seconds
[2025-10-08T08:20:33.075+0000] {processor.py:161} INFO - Started process (PID=1528) to work on /home/airflow/.local/lib/python3.12/site-packages/airflow/example_dags/example_bash_operator.py
[2025-10-08T08:20:33.078+0000] {processor.py:830} INFO - Processing file /home/airflow/.local/lib/python3.12/site-packages/airflow/example_dags/example_bash_operator.py for tasks to queue
[2025-10-08T08:20:33.083+0000] {logging_mixin.py:188} INFO - [2025-10-08T08:20:33.082+0000] {dagbag.py:545} INFO - Filling up the DagBag from /home/airflow/.local/lib/python3.12/site-packages/airflow/example_dags/example_bash_operator.py
[2025-10-08T08:20:33.101+0000] {processor.py:840} INFO - DAG(s) 'example_bash_operator' retrieved from /home/airflow/.local/lib/python3.12/site-packages/airflow/example_dags/example_bash_operator.py
[2025-10-08T08:20:33.145+0000] {logging_mixin.py:188} INFO - [2025-10-08T08:20:33.145+0000] {dag.py:3096} INFO - Sync 1 DAGs
[2025-10-08T08:20:33.200+0000] {logging_mixin.py:188} INFO - [2025-10-08T08:20:33.199+0000] {dag.py:3954} INFO - Setting next_dagrun for example_bash_operator to 2025-10-07 00:00:00+00:00, run_after=2025-10-08 00:00:00+00:00
[2025-10-08T08:20:33.235+0000] {processor.py:183} INFO - Processing /home/airflow/.local/lib/python3.12/site-packages/airflow/example_dags/example_bash_operator.py took 0.185 seconds
[2025-10-08T08:21:03.728+0000] {processor.py:161} INFO - Started process (PID=1587) to work on /home/airflow/.local/lib/python3.12/site-packages/airflow/example_dags/example_bash_operator.py
[2025-10-08T08:21:03.731+0000] {processor.py:830} INFO - Processing file /home/airflow/.local/lib/python3.12/site-packages/airflow/example_dags/example_bash_operator.py for tasks to queue
[2025-10-08T08:21:03.735+0000] {logging_mixin.py:188} INFO - [2025-10-08T08:21:03.735+0000] {dagbag.py:545} INFO - Filling up the DagBag from /home/airflow/.local/lib/python3.12/site-packages/airflow/example_dags/example_bash_operator.py
[2025-10-08T08:21:03.756+0000] {processor.py:840} INFO - DAG(s) 'example_bash_operator' retrieved from /home/airflow/.local/lib/python3.12/site-packages/airflow/example_dags/example_bash_operator.py
[2025-10-08T08:21:03.802+0000] {logging_mixin.py:188} INFO - [2025-10-08T08:21:03.801+0000] {dag.py:3096} INFO - Sync 1 DAGs
[2025-10-08T08:21:03.835+0000] {logging_mixin.py:188} INFO - [2025-10-08T08:21:03.835+0000] {dag.py:3954} INFO - Setting next_dagrun for example_bash_operator to 2025-10-07 00:00:00+00:00, run_after=2025-10-08 00:00:00+00:00
[2025-10-08T08:21:03.866+0000] {processor.py:183} INFO - Processing /home/airflow/.local/lib/python3.12/site-packages/airflow/example_dags/example_bash_operator.py took 0.148 seconds
[2025-10-08T08:21:34.073+0000] {processor.py:161} INFO - Started process (PID=1646) to work on /home/airflow/.local/lib/python3.12/site-packages/airflow/example_dags/example_bash_operator.py
[2025-10-08T08:21:34.074+0000] {processor.py:830} INFO - Processing file /home/airflow/.local/lib/python3.12/site-packages/airflow/example_dags/example_bash_operator.py for tasks to queue
[2025-10-08T08:21:34.079+0000] {logging_mixin.py:188} INFO - [2025-10-08T08:21:34.078+0000] {dagbag.py:545} INFO - Filling up the DagBag from /home/airflow/.local/lib/python3.12/site-packages/airflow/example_dags/example_bash_operator.py
[2025-10-08T08:21:34.096+0000] {processor.py:840} INFO - DAG(s) 'example_bash_operator' retrieved from /home/airflow/.local/lib/python3.12/site-packages/airflow/example_dags/example_bash_operator.py
[2025-10-08T08:21:34.149+0000] {logging_mixin.py:188} INFO - [2025-10-08T08:21:34.149+0000] {dag.py:3096} INFO - Sync 1 DAGs
[2025-10-08T08:21:34.185+0000] {logging_mixin.py:188} INFO - [2025-10-08T08:21:34.185+0000] {dag.py:3954} INFO - Setting next_dagrun for example_bash_operator to 2025-10-07 00:00:00+00:00, run_after=2025-10-08 00:00:00+00:00
[2025-10-08T08:21:34.224+0000] {processor.py:183} INFO - Processing /home/airflow/.local/lib/python3.12/site-packages/airflow/example_dags/example_bash_operator.py took 0.161 seconds
[2025-10-08T08:22:04.527+0000] {processor.py:161} INFO - Started process (PID=1705) to work on /home/airflow/.local/lib/python3.12/site-packages/airflow/example_dags/example_bash_operator.py
[2025-10-08T08:22:04.531+0000] {processor.py:830} INFO - Processing file /home/airflow/.local/lib/python3.12/site-packages/airflow/example_dags/example_bash_operator.py for tasks to queue
[2025-10-08T08:22:04.538+0000] {logging_mixin.py:188} INFO - [2025-10-08T08:22:04.537+0000] {dagbag.py:545} INFO - Filling up the DagBag from /home/airflow/.local/lib/python3.12/site-packages/airflow/example_dags/example_bash_operator.py
[2025-10-08T08:22:04.577+0000] {processor.py:840} INFO - DAG(s) 'example_bash_operator' retrieved from /home/airflow/.local/lib/python3.12/site-packages/airflow/example_dags/example_bash_operator.py
[2025-10-08T08:22:04.662+0000] {logging_mixin.py:188} INFO - [2025-10-08T08:22:04.662+0000] {dag.py:3096} INFO - Sync 1 DAGs
[2025-10-08T08:22:04.700+0000] {logging_mixin.py:188} INFO - [2025-10-08T08:22:04.700+0000] {dag.py:3954} INFO - Setting next_dagrun for example_bash_operator to 2025-10-07 00:00:00+00:00, run_after=2025-10-08 00:00:00+00:00
[2025-10-08T08:22:04.735+0000] {processor.py:183} INFO - Processing /home/airflow/.local/lib/python3.12/site-packages/airflow/example_dags/example_bash_operator.py took 0.228 seconds
[2025-10-08T08:22:35.381+0000] {processor.py:161} INFO - Started process (PID=1764) to work on /home/airflow/.local/lib/python3.12/site-packages/airflow/example_dags/example_bash_operator.py
[2025-10-08T08:22:35.383+0000] {processor.py:830} INFO - Processing file /home/airflow/.local/lib/python3.12/site-packages/airflow/example_dags/example_bash_operator.py for tasks to queue
[2025-10-08T08:22:35.388+0000] {logging_mixin.py:188} INFO - [2025-10-08T08:22:35.387+0000] {dagbag.py:545} INFO - Filling up the DagBag from /home/airflow/.local/lib/python3.12/site-packages/airflow/example_dags/example_bash_operator.py
[2025-10-08T08:22:35.408+0000] {processor.py:840} INFO - DAG(s) 'example_bash_operator' retrieved from /home/airflow/.local/lib/python3.12/site-packages/airflow/example_dags/example_bash_operator.py
[2025-10-08T08:22:35.456+0000] {logging_mixin.py:188} INFO - [2025-10-08T08:22:35.455+0000] {dag.py:3096} INFO - Sync 1 DAGs
[2025-10-08T08:22:35.488+0000] {logging_mixin.py:188} INFO - [2025-10-08T08:22:35.488+0000] {dag.py:3954} INFO - Setting next_dagrun for example_bash_operator to 2025-10-07 00:00:00+00:00, run_after=2025-10-08 00:00:00+00:00
[2025-10-08T08:22:35.539+0000] {processor.py:183} INFO - Processing /home/airflow/.local/lib/python3.12/site-packages/airflow/example_dags/example_bash_operator.py took 0.167 seconds
[2025-10-08T08:23:06.559+0000] {processor.py:161} INFO - Started process (PID=1823) to work on /home/airflow/.local/lib/python3.12/site-packages/airflow/example_dags/example_bash_operator.py
[2025-10-08T08:23:06.561+0000] {processor.py:830} INFO - Processing file /home/airflow/.local/lib/python3.12/site-packages/airflow/example_dags/example_bash_operator.py for tasks to queue
[2025-10-08T08:23:06.564+0000] {logging_mixin.py:188} INFO - [2025-10-08T08:23:06.564+0000] {dagbag.py:545} INFO - Filling up the DagBag from /home/airflow/.local/lib/python3.12/site-packages/airflow/example_dags/example_bash_operator.py
[2025-10-08T08:23:06.583+0000] {processor.py:840} INFO - DAG(s) 'example_bash_operator' retrieved from /home/airflow/.local/lib/python3.12/site-packages/airflow/example_dags/example_bash_operator.py
[2025-10-08T08:23:06.627+0000] {logging_mixin.py:188} INFO - [2025-10-08T08:23:06.626+0000] {dag.py:3096} INFO - Sync 1 DAGs
[2025-10-08T08:23:06.668+0000] {logging_mixin.py:188} INFO - [2025-10-08T08:23:06.668+0000] {dag.py:3954} INFO - Setting next_dagrun for example_bash_operator to 2025-10-07 00:00:00+00:00, run_after=2025-10-08 00:00:00+00:00
[2025-10-08T08:23:06.703+0000] {processor.py:183} INFO - Processing /home/airflow/.local/lib/python3.12/site-packages/airflow/example_dags/example_bash_operator.py took 0.153 seconds
[2025-10-08T08:23:37.509+0000] {processor.py:161} INFO - Started process (PID=1882) to work on /home/airflow/.local/lib/python3.12/site-packages/airflow/example_dags/example_bash_operator.py
[2025-10-08T08:23:37.511+0000] {processor.py:830} INFO - Processing file /home/airflow/.local/lib/python3.12/site-packages/airflow/example_dags/example_bash_operator.py for tasks to queue
[2025-10-08T08:23:37.514+0000] {logging_mixin.py:188} INFO - [2025-10-08T08:23:37.514+0000] {dagbag.py:545} INFO - Filling up the DagBag from /home/airflow/.local/lib/python3.12/site-packages/airflow/example_dags/example_bash_operator.py
[2025-10-08T08:23:37.531+0000] {processor.py:840} INFO - DAG(s) 'example_bash_operator' retrieved from /home/airflow/.local/lib/python3.12/site-packages/airflow/example_dags/example_bash_operator.py
[2025-10-08T08:23:37.570+0000] {logging_mixin.py:188} INFO - [2025-10-08T08:23:37.569+0000] {dag.py:3096} INFO - Sync 1 DAGs
[2025-10-08T08:23:37.608+0000] {logging_mixin.py:188} INFO - [2025-10-08T08:23:37.607+0000] {dag.py:3954} INFO - Setting next_dagrun for example_bash_operator to 2025-10-07 00:00:00+00:00, run_after=2025-10-08 00:00:00+00:00
[2025-10-08T08:23:37.680+0000] {processor.py:183} INFO - Processing /home/airflow/.local/lib/python3.12/site-packages/airflow/example_dags/example_bash_operator.py took 0.179 seconds
[2025-10-08T08:24:07.849+0000] {processor.py:161} INFO - Started process (PID=1941) to work on /home/airflow/.local/lib/python3.12/site-packages/airflow/example_dags/example_bash_operator.py
[2025-10-08T08:24:07.852+0000] {processor.py:830} INFO - Processing file /home/airflow/.local/lib/python3.12/site-packages/airflow/example_dags/example_bash_operator.py for tasks to queue
[2025-10-08T08:24:07.857+0000] {logging_mixin.py:188} INFO - [2025-10-08T08:24:07.857+0000] {dagbag.py:545} INFO - Filling up the DagBag from /home/airflow/.local/lib/python3.12/site-packages/airflow/example_dags/example_bash_operator.py
[2025-10-08T08:24:07.892+0000] {processor.py:840} INFO - DAG(s) 'example_bash_operator' retrieved from /home/airflow/.local/lib/python3.12/site-packages/airflow/example_dags/example_bash_operator.py
[2025-10-08T08:24:07.946+0000] {logging_mixin.py:188} INFO - [2025-10-08T08:24:07.945+0000] {dag.py:3096} INFO - Sync 1 DAGs
[2025-10-08T08:24:07.980+0000] {logging_mixin.py:188} INFO - [2025-10-08T08:24:07.980+0000] {dag.py:3954} INFO - Setting next_dagrun for example_bash_operator to 2025-10-07 00:00:00+00:00, run_after=2025-10-08 00:00:00+00:00
[2025-10-08T08:24:08.007+0000] {processor.py:183} INFO - Processing /home/airflow/.local/lib/python3.12/site-packages/airflow/example_dags/example_bash_operator.py took 0.173 seconds
[2025-10-08T08:24:38.410+0000] {processor.py:161} INFO - Started process (PID=2000) to work on /home/airflow/.local/lib/python3.12/site-packages/airflow/example_dags/example_bash_operator.py
[2025-10-08T08:24:38.412+0000] {processor.py:830} INFO - Processing file /home/airflow/.local/lib/python3.12/site-packages/airflow/example_dags/example_bash_operator.py for tasks to queue
[2025-10-08T08:24:38.418+0000] {logging_mixin.py:188} INFO - [2025-10-08T08:24:38.417+0000] {dagbag.py:545} INFO - Filling up the DagBag from /home/airflow/.local/lib/python3.12/site-packages/airflow/example_dags/example_bash_operator.py
[2025-10-08T08:24:38.448+0000] {processor.py:840} INFO - DAG(s) 'example_bash_operator' retrieved from /home/airflow/.local/lib/python3.12/site-packages/airflow/example_dags/example_bash_operator.py
[2025-10-08T08:24:38.492+0000] {logging_mixin.py:188} INFO - [2025-10-08T08:24:38.492+0000] {dag.py:3096} INFO - Sync 1 DAGs
[2025-10-08T08:24:38.527+0000] {logging_mixin.py:188} INFO - [2025-10-08T08:24:38.527+0000] {dag.py:3954} INFO - Setting next_dagrun for example_bash_operator to 2025-10-07 00:00:00+00:00, run_after=2025-10-08 00:00:00+00:00
[2025-10-08T08:24:38.578+0000] {processor.py:183} INFO - Processing /home/airflow/.local/lib/python3.12/site-packages/airflow/example_dags/example_bash_operator.py took 0.182 seconds
[2025-10-08T08:25:09.025+0000] {processor.py:161} INFO - Started process (PID=2059) to work on /home/airflow/.local/lib/python3.12/site-packages/airflow/example_dags/example_bash_operator.py
[2025-10-08T08:25:09.027+0000] {processor.py:830} INFO - Processing file /home/airflow/.local/lib/python3.12/site-packages/airflow/example_dags/example_bash_operator.py for tasks to queue
[2025-10-08T08:25:09.031+0000] {logging_mixin.py:188} INFO - [2025-10-08T08:25:09.031+0000] {dagbag.py:545} INFO - Filling up the DagBag from /home/airflow/.local/lib/python3.12/site-packages/airflow/example_dags/example_bash_operator.py
[2025-10-08T08:25:09.050+0000] {processor.py:840} INFO - DAG(s) 'example_bash_operator' retrieved from /home/airflow/.local/lib/python3.12/site-packages/airflow/example_dags/example_bash_operator.py
[2025-10-08T08:25:09.095+0000] {logging_mixin.py:188} INFO - [2025-10-08T08:25:09.095+0000] {dag.py:3096} INFO - Sync 1 DAGs
[2025-10-08T08:25:09.131+0000] {logging_mixin.py:188} INFO - [2025-10-08T08:25:09.130+0000] {dag.py:3954} INFO - Setting next_dagrun for example_bash_operator to 2025-10-07 00:00:00+00:00, run_after=2025-10-08 00:00:00+00:00
[2025-10-08T08:25:09.169+0000] {processor.py:183} INFO - Processing /home/airflow/.local/lib/python3.12/site-packages/airflow/example_dags/example_bash_operator.py took 0.158 seconds
[2025-10-08T08:25:40.262+0000] {processor.py:161} INFO - Started process (PID=2118) to work on /home/airflow/.local/lib/python3.12/site-packages/airflow/example_dags/example_bash_operator.py
[2025-10-08T08:25:40.264+0000] {processor.py:830} INFO - Processing file /home/airflow/.local/lib/python3.12/site-packages/airflow/example_dags/example_bash_operator.py for tasks to queue
[2025-10-08T08:25:40.269+0000] {logging_mixin.py:188} INFO - [2025-10-08T08:25:40.268+0000] {dagbag.py:545} INFO - Filling up the DagBag from /home/airflow/.local/lib/python3.12/site-packages/airflow/example_dags/example_bash_operator.py
[2025-10-08T08:25:40.306+0000] {processor.py:840} INFO - DAG(s) 'example_bash_operator' retrieved from /home/airflow/.local/lib/python3.12/site-packages/airflow/example_dags/example_bash_operator.py
[2025-10-08T08:25:40.358+0000] {logging_mixin.py:188} INFO - [2025-10-08T08:25:40.357+0000] {dag.py:3096} INFO - Sync 1 DAGs
[2025-10-08T08:25:40.399+0000] {logging_mixin.py:188} INFO - [2025-10-08T08:25:40.398+0000] {dag.py:3954} INFO - Setting next_dagrun for example_bash_operator to 2025-10-07 00:00:00+00:00, run_after=2025-10-08 00:00:00+00:00
[2025-10-08T08:25:40.444+0000] {processor.py:183} INFO - Processing /home/airflow/.local/lib/python3.12/site-packages/airflow/example_dags/example_bash_operator.py took 0.195 seconds
[2025-10-08T08:26:10.539+0000] {processor.py:161} INFO - Started process (PID=2177) to work on /home/airflow/.local/lib/python3.12/site-packages/airflow/example_dags/example_bash_operator.py
[2025-10-08T08:26:10.541+0000] {processor.py:830} INFO - Processing file /home/airflow/.local/lib/python3.12/site-packages/airflow/example_dags/example_bash_operator.py for tasks to queue
[2025-10-08T08:26:10.544+0000] {logging_mixin.py:188} INFO - [2025-10-08T08:26:10.544+0000] {dagbag.py:545} INFO - Filling up the DagBag from /home/airflow/.local/lib/python3.12/site-packages/airflow/example_dags/example_bash_operator.py
[2025-10-08T08:26:10.561+0000] {processor.py:840} INFO - DAG(s) 'example_bash_operator' retrieved from /home/airflow/.local/lib/python3.12/site-packages/airflow/example_dags/example_bash_operator.py
[2025-10-08T08:26:10.599+0000] {logging_mixin.py:188} INFO - [2025-10-08T08:26:10.599+0000] {dag.py:3096} INFO - Sync 1 DAGs
[2025-10-08T08:26:10.629+0000] {logging_mixin.py:188} INFO - [2025-10-08T08:26:10.629+0000] {dag.py:3954} INFO - Setting next_dagrun for example_bash_operator to 2025-10-07 00:00:00+00:00, run_after=2025-10-08 00:00:00+00:00
[2025-10-08T08:26:10.663+0000] {processor.py:183} INFO - Processing /home/airflow/.local/lib/python3.12/site-packages/airflow/example_dags/example_bash_operator.py took 0.132 seconds
[2025-10-08T08:26:41.005+0000] {processor.py:161} INFO - Started process (PID=2236) to work on /home/airflow/.local/lib/python3.12/site-packages/airflow/example_dags/example_bash_operator.py
[2025-10-08T08:26:41.007+0000] {processor.py:830} INFO - Processing file /home/airflow/.local/lib/python3.12/site-packages/airflow/example_dags/example_bash_operator.py for tasks to queue
[2025-10-08T08:26:41.009+0000] {logging_mixin.py:188} INFO - [2025-10-08T08:26:41.009+0000] {dagbag.py:545} INFO - Filling up the DagBag from /home/airflow/.local/lib/python3.12/site-packages/airflow/example_dags/example_bash_operator.py
[2025-10-08T08:26:41.024+0000] {processor.py:840} INFO - DAG(s) 'example_bash_operator' retrieved from /home/airflow/.local/lib/python3.12/site-packages/airflow/example_dags/example_bash_operator.py
[2025-10-08T08:26:41.061+0000] {logging_mixin.py:188} INFO - [2025-10-08T08:26:41.061+0000] {dag.py:3096} INFO - Sync 1 DAGs
[2025-10-08T08:26:41.094+0000] {logging_mixin.py:188} INFO - [2025-10-08T08:26:41.094+0000] {dag.py:3954} INFO - Setting next_dagrun for example_bash_operator to 2025-10-07 00:00:00+00:00, run_after=2025-10-08 00:00:00+00:00
[2025-10-08T08:26:41.143+0000] {processor.py:183} INFO - Processing /home/airflow/.local/lib/python3.12/site-packages/airflow/example_dags/example_bash_operator.py took 0.146 seconds
[2025-10-08T08:27:11.440+0000] {processor.py:161} INFO - Started process (PID=2294) to work on /home/airflow/.local/lib/python3.12/site-packages/airflow/example_dags/example_bash_operator.py
[2025-10-08T08:27:11.442+0000] {processor.py:830} INFO - Processing file /home/airflow/.local/lib/python3.12/site-packages/airflow/example_dags/example_bash_operator.py for tasks to queue
[2025-10-08T08:27:11.446+0000] {logging_mixin.py:188} INFO - [2025-10-08T08:27:11.445+0000] {dagbag.py:545} INFO - Filling up the DagBag from /home/airflow/.local/lib/python3.12/site-packages/airflow/example_dags/example_bash_operator.py
[2025-10-08T08:27:11.463+0000] {processor.py:840} INFO - DAG(s) 'example_bash_operator' retrieved from /home/airflow/.local/lib/python3.12/site-packages/airflow/example_dags/example_bash_operator.py
[2025-10-08T08:27:11.508+0000] {logging_mixin.py:188} INFO - [2025-10-08T08:27:11.508+0000] {dag.py:3096} INFO - Sync 1 DAGs
[2025-10-08T08:27:11.542+0000] {logging_mixin.py:188} INFO - [2025-10-08T08:27:11.541+0000] {dag.py:3954} INFO - Setting next_dagrun for example_bash_operator to 2025-10-07 00:00:00+00:00, run_after=2025-10-08 00:00:00+00:00
[2025-10-08T08:27:11.571+0000] {processor.py:183} INFO - Processing /home/airflow/.local/lib/python3.12/site-packages/airflow/example_dags/example_bash_operator.py took 0.144 seconds
[2025-10-08T08:27:42.528+0000] {processor.py:161} INFO - Started process (PID=2352) to work on /home/airflow/.local/lib/python3.12/site-packages/airflow/example_dags/example_bash_operator.py
[2025-10-08T08:27:42.542+0000] {processor.py:830} INFO - Processing file /home/airflow/.local/lib/python3.12/site-packages/airflow/example_dags/example_bash_operator.py for tasks to queue
[2025-10-08T08:27:42.561+0000] {logging_mixin.py:188} INFO - [2025-10-08T08:27:42.559+0000] {dagbag.py:545} INFO - Filling up the DagBag from /home/airflow/.local/lib/python3.12/site-packages/airflow/example_dags/example_bash_operator.py
[2025-10-08T08:27:42.600+0000] {processor.py:840} INFO - DAG(s) 'example_bash_operator' retrieved from /home/airflow/.local/lib/python3.12/site-packages/airflow/example_dags/example_bash_operator.py
[2025-10-08T08:27:42.685+0000] {logging_mixin.py:188} INFO - [2025-10-08T08:27:42.685+0000] {dag.py:3096} INFO - Sync 1 DAGs
[2025-10-08T08:27:42.748+0000] {logging_mixin.py:188} INFO - [2025-10-08T08:27:42.748+0000] {dag.py:3954} INFO - Setting next_dagrun for example_bash_operator to 2025-10-07 00:00:00+00:00, run_after=2025-10-08 00:00:00+00:00
[2025-10-08T08:27:42.812+0000] {processor.py:183} INFO - Processing /home/airflow/.local/lib/python3.12/site-packages/airflow/example_dags/example_bash_operator.py took 0.298 seconds
[2025-10-08T08:28:13.152+0000] {processor.py:161} INFO - Started process (PID=2411) to work on /home/airflow/.local/lib/python3.12/site-packages/airflow/example_dags/example_bash_operator.py
[2025-10-08T08:28:13.155+0000] {processor.py:830} INFO - Processing file /home/airflow/.local/lib/python3.12/site-packages/airflow/example_dags/example_bash_operator.py for tasks to queue
[2025-10-08T08:28:13.160+0000] {logging_mixin.py:188} INFO - [2025-10-08T08:28:13.159+0000] {dagbag.py:545} INFO - Filling up the DagBag from /home/airflow/.local/lib/python3.12/site-packages/airflow/example_dags/example_bash_operator.py
[2025-10-08T08:28:13.180+0000] {processor.py:840} INFO - DAG(s) 'example_bash_operator' retrieved from /home/airflow/.local/lib/python3.12/site-packages/airflow/example_dags/example_bash_operator.py
[2025-10-08T08:28:13.224+0000] {logging_mixin.py:188} INFO - [2025-10-08T08:28:13.224+0000] {dag.py:3096} INFO - Sync 1 DAGs
[2025-10-08T08:28:13.261+0000] {logging_mixin.py:188} INFO - [2025-10-08T08:28:13.261+0000] {dag.py:3954} INFO - Setting next_dagrun for example_bash_operator to 2025-10-07 00:00:00+00:00, run_after=2025-10-08 00:00:00+00:00
[2025-10-08T08:28:13.298+0000] {processor.py:183} INFO - Processing /home/airflow/.local/lib/python3.12/site-packages/airflow/example_dags/example_bash_operator.py took 0.159 seconds
[2025-10-08T08:28:43.643+0000] {processor.py:161} INFO - Started process (PID=2470) to work on /home/airflow/.local/lib/python3.12/site-packages/airflow/example_dags/example_bash_operator.py
[2025-10-08T08:28:43.644+0000] {processor.py:830} INFO - Processing file /home/airflow/.local/lib/python3.12/site-packages/airflow/example_dags/example_bash_operator.py for tasks to queue
[2025-10-08T08:28:43.647+0000] {logging_mixin.py:188} INFO - [2025-10-08T08:28:43.647+0000] {dagbag.py:545} INFO - Filling up the DagBag from /home/airflow/.local/lib/python3.12/site-packages/airflow/example_dags/example_bash_operator.py
[2025-10-08T08:28:43.669+0000] {processor.py:840} INFO - DAG(s) 'example_bash_operator' retrieved from /home/airflow/.local/lib/python3.12/site-packages/airflow/example_dags/example_bash_operator.py
[2025-10-08T08:28:43.710+0000] {logging_mixin.py:188} INFO - [2025-10-08T08:28:43.710+0000] {dag.py:3096} INFO - Sync 1 DAGs
[2025-10-08T08:28:43.744+0000] {logging_mixin.py:188} INFO - [2025-10-08T08:28:43.743+0000] {dag.py:3954} INFO - Setting next_dagrun for example_bash_operator to 2025-10-07 00:00:00+00:00, run_after=2025-10-08 00:00:00+00:00
[2025-10-08T08:28:43.771+0000] {processor.py:183} INFO - Processing /home/airflow/.local/lib/python3.12/site-packages/airflow/example_dags/example_bash_operator.py took 0.137 seconds
[2025-10-08T08:29:13.963+0000] {processor.py:161} INFO - Started process (PID=2529) to work on /home/airflow/.local/lib/python3.12/site-packages/airflow/example_dags/example_bash_operator.py
[2025-10-08T08:29:13.966+0000] {processor.py:830} INFO - Processing file /home/airflow/.local/lib/python3.12/site-packages/airflow/example_dags/example_bash_operator.py for tasks to queue
[2025-10-08T08:29:13.972+0000] {logging_mixin.py:188} INFO - [2025-10-08T08:29:13.971+0000] {dagbag.py:545} INFO - Filling up the DagBag from /home/airflow/.local/lib/python3.12/site-packages/airflow/example_dags/example_bash_operator.py
[2025-10-08T08:29:13.999+0000] {processor.py:840} INFO - DAG(s) 'example_bash_operator' retrieved from /home/airflow/.local/lib/python3.12/site-packages/airflow/example_dags/example_bash_operator.py
[2025-10-08T08:29:14.052+0000] {logging_mixin.py:188} INFO - [2025-10-08T08:29:14.052+0000] {dag.py:3096} INFO - Sync 1 DAGs
[2025-10-08T08:29:14.083+0000] {logging_mixin.py:188} INFO - [2025-10-08T08:29:14.083+0000] {dag.py:3954} INFO - Setting next_dagrun for example_bash_operator to 2025-10-07 00:00:00+00:00, run_after=2025-10-08 00:00:00+00:00
[2025-10-08T08:29:14.126+0000] {processor.py:183} INFO - Processing /home/airflow/.local/lib/python3.12/site-packages/airflow/example_dags/example_bash_operator.py took 0.178 seconds
[2025-10-08T08:29:44.272+0000] {processor.py:161} INFO - Started process (PID=2588) to work on /home/airflow/.local/lib/python3.12/site-packages/airflow/example_dags/example_bash_operator.py
[2025-10-08T08:29:44.274+0000] {processor.py:830} INFO - Processing file /home/airflow/.local/lib/python3.12/site-packages/airflow/example_dags/example_bash_operator.py for tasks to queue
[2025-10-08T08:29:44.278+0000] {logging_mixin.py:188} INFO - [2025-10-08T08:29:44.278+0000] {dagbag.py:545} INFO - Filling up the DagBag from /home/airflow/.local/lib/python3.12/site-packages/airflow/example_dags/example_bash_operator.py
[2025-10-08T08:29:44.297+0000] {processor.py:840} INFO - DAG(s) 'example_bash_operator' retrieved from /home/airflow/.local/lib/python3.12/site-packages/airflow/example_dags/example_bash_operator.py
[2025-10-08T08:29:44.340+0000] {logging_mixin.py:188} INFO - [2025-10-08T08:29:44.340+0000] {dag.py:3096} INFO - Sync 1 DAGs
[2025-10-08T08:29:44.377+0000] {logging_mixin.py:188} INFO - [2025-10-08T08:29:44.376+0000] {dag.py:3954} INFO - Setting next_dagrun for example_bash_operator to 2025-10-07 00:00:00+00:00, run_after=2025-10-08 00:00:00+00:00
[2025-10-08T08:29:44.418+0000] {processor.py:183} INFO - Processing /home/airflow/.local/lib/python3.12/site-packages/airflow/example_dags/example_bash_operator.py took 0.155 seconds
[2025-10-08T08:33:03.773+0000] {processor.py:161} INFO - Started process (PID=2665) to work on /home/airflow/.local/lib/python3.12/site-packages/airflow/example_dags/example_bash_operator.py
[2025-10-08T08:33:03.780+0000] {processor.py:830} INFO - Processing file /home/airflow/.local/lib/python3.12/site-packages/airflow/example_dags/example_bash_operator.py for tasks to queue
[2025-10-08T08:33:03.789+0000] {logging_mixin.py:188} INFO - [2025-10-08T08:33:03.788+0000] {dagbag.py:545} INFO - Filling up the DagBag from /home/airflow/.local/lib/python3.12/site-packages/airflow/example_dags/example_bash_operator.py
[2025-10-08T08:33:03.811+0000] {processor.py:840} INFO - DAG(s) 'example_bash_operator' retrieved from /home/airflow/.local/lib/python3.12/site-packages/airflow/example_dags/example_bash_operator.py
[2025-10-08T08:33:03.846+0000] {logging_mixin.py:188} INFO - [2025-10-08T08:33:03.845+0000] {dag.py:3096} INFO - Sync 1 DAGs
[2025-10-08T08:33:03.871+0000] {logging_mixin.py:188} INFO - [2025-10-08T08:33:03.871+0000] {dag.py:3954} INFO - Setting next_dagrun for example_bash_operator to 2025-10-07 00:00:00+00:00, run_after=2025-10-08 00:00:00+00:00
[2025-10-08T08:33:03.897+0000] {processor.py:183} INFO - Processing /home/airflow/.local/lib/python3.12/site-packages/airflow/example_dags/example_bash_operator.py took 0.134 seconds
[2025-10-08T08:33:34.611+0000] {processor.py:161} INFO - Started process (PID=2724) to work on /home/airflow/.local/lib/python3.12/site-packages/airflow/example_dags/example_bash_operator.py
[2025-10-08T08:33:34.613+0000] {processor.py:830} INFO - Processing file /home/airflow/.local/lib/python3.12/site-packages/airflow/example_dags/example_bash_operator.py for tasks to queue
[2025-10-08T08:33:34.614+0000] {logging_mixin.py:188} INFO - [2025-10-08T08:33:34.614+0000] {dagbag.py:545} INFO - Filling up the DagBag from /home/airflow/.local/lib/python3.12/site-packages/airflow/example_dags/example_bash_operator.py
[2025-10-08T08:33:34.625+0000] {processor.py:840} INFO - DAG(s) 'example_bash_operator' retrieved from /home/airflow/.local/lib/python3.12/site-packages/airflow/example_dags/example_bash_operator.py
[2025-10-08T08:33:34.648+0000] {logging_mixin.py:188} INFO - [2025-10-08T08:33:34.647+0000] {dag.py:3096} INFO - Sync 1 DAGs
[2025-10-08T08:33:34.669+0000] {logging_mixin.py:188} INFO - [2025-10-08T08:33:34.669+0000] {dag.py:3954} INFO - Setting next_dagrun for example_bash_operator to 2025-10-07 00:00:00+00:00, run_after=2025-10-08 00:00:00+00:00
[2025-10-08T08:33:34.690+0000] {processor.py:183} INFO - Processing /home/airflow/.local/lib/python3.12/site-packages/airflow/example_dags/example_bash_operator.py took 0.084 seconds
[2025-10-08T08:34:05.107+0000] {processor.py:161} INFO - Started process (PID=2783) to work on /home/airflow/.local/lib/python3.12/site-packages/airflow/example_dags/example_bash_operator.py
[2025-10-08T08:34:05.108+0000] {processor.py:830} INFO - Processing file /home/airflow/.local/lib/python3.12/site-packages/airflow/example_dags/example_bash_operator.py for tasks to queue
[2025-10-08T08:34:05.111+0000] {logging_mixin.py:188} INFO - [2025-10-08T08:34:05.111+0000] {dagbag.py:545} INFO - Filling up the DagBag from /home/airflow/.local/lib/python3.12/site-packages/airflow/example_dags/example_bash_operator.py
[2025-10-08T08:34:05.128+0000] {processor.py:840} INFO - DAG(s) 'example_bash_operator' retrieved from /home/airflow/.local/lib/python3.12/site-packages/airflow/example_dags/example_bash_operator.py
[2025-10-08T08:34:05.166+0000] {logging_mixin.py:188} INFO - [2025-10-08T08:34:05.166+0000] {dag.py:3096} INFO - Sync 1 DAGs
[2025-10-08T08:34:05.190+0000] {logging_mixin.py:188} INFO - [2025-10-08T08:34:05.190+0000] {dag.py:3954} INFO - Setting next_dagrun for example_bash_operator to 2025-10-07 00:00:00+00:00, run_after=2025-10-08 00:00:00+00:00
[2025-10-08T08:34:05.216+0000] {processor.py:183} INFO - Processing /home/airflow/.local/lib/python3.12/site-packages/airflow/example_dags/example_bash_operator.py took 0.118 seconds
[2025-10-08T08:34:36.239+0000] {processor.py:161} INFO - Started process (PID=2842) to work on /home/airflow/.local/lib/python3.12/site-packages/airflow/example_dags/example_bash_operator.py
[2025-10-08T08:34:36.241+0000] {processor.py:830} INFO - Processing file /home/airflow/.local/lib/python3.12/site-packages/airflow/example_dags/example_bash_operator.py for tasks to queue
[2025-10-08T08:34:36.246+0000] {logging_mixin.py:188} INFO - [2025-10-08T08:34:36.245+0000] {dagbag.py:545} INFO - Filling up the DagBag from /home/airflow/.local/lib/python3.12/site-packages/airflow/example_dags/example_bash_operator.py
[2025-10-08T08:34:36.265+0000] {processor.py:840} INFO - DAG(s) 'example_bash_operator' retrieved from /home/airflow/.local/lib/python3.12/site-packages/airflow/example_dags/example_bash_operator.py
[2025-10-08T08:34:36.298+0000] {logging_mixin.py:188} INFO - [2025-10-08T08:34:36.298+0000] {dag.py:3096} INFO - Sync 1 DAGs
[2025-10-08T08:34:36.326+0000] {logging_mixin.py:188} INFO - [2025-10-08T08:34:36.325+0000] {dag.py:3954} INFO - Setting next_dagrun for example_bash_operator to 2025-10-07 00:00:00+00:00, run_after=2025-10-08 00:00:00+00:00
[2025-10-08T08:34:36.347+0000] {processor.py:183} INFO - Processing /home/airflow/.local/lib/python3.12/site-packages/airflow/example_dags/example_bash_operator.py took 0.123 seconds
[2025-10-08T08:35:06.761+0000] {processor.py:161} INFO - Started process (PID=2901) to work on /home/airflow/.local/lib/python3.12/site-packages/airflow/example_dags/example_bash_operator.py
[2025-10-08T08:35:06.766+0000] {processor.py:830} INFO - Processing file /home/airflow/.local/lib/python3.12/site-packages/airflow/example_dags/example_bash_operator.py for tasks to queue
[2025-10-08T08:35:06.777+0000] {logging_mixin.py:188} INFO - [2025-10-08T08:35:06.776+0000] {dagbag.py:545} INFO - Filling up the DagBag from /home/airflow/.local/lib/python3.12/site-packages/airflow/example_dags/example_bash_operator.py
[2025-10-08T08:35:06.795+0000] {processor.py:840} INFO - DAG(s) 'example_bash_operator' retrieved from /home/airflow/.local/lib/python3.12/site-packages/airflow/example_dags/example_bash_operator.py
[2025-10-08T08:35:06.838+0000] {logging_mixin.py:188} INFO - [2025-10-08T08:35:06.838+0000] {dag.py:3096} INFO - Sync 1 DAGs
[2025-10-08T08:35:06.902+0000] {logging_mixin.py:188} INFO - [2025-10-08T08:35:06.901+0000] {dag.py:3954} INFO - Setting next_dagrun for example_bash_operator to 2025-10-07 00:00:00+00:00, run_after=2025-10-08 00:00:00+00:00
[2025-10-08T08:35:06.981+0000] {processor.py:183} INFO - Processing /home/airflow/.local/lib/python3.12/site-packages/airflow/example_dags/example_bash_operator.py took 0.231 seconds
[2025-10-08T08:35:37.122+0000] {processor.py:161} INFO - Started process (PID=2960) to work on /home/airflow/.local/lib/python3.12/site-packages/airflow/example_dags/example_bash_operator.py
[2025-10-08T08:35:37.124+0000] {processor.py:830} INFO - Processing file /home/airflow/.local/lib/python3.12/site-packages/airflow/example_dags/example_bash_operator.py for tasks to queue
[2025-10-08T08:35:37.131+0000] {logging_mixin.py:188} INFO - [2025-10-08T08:35:37.131+0000] {dagbag.py:545} INFO - Filling up the DagBag from /home/airflow/.local/lib/python3.12/site-packages/airflow/example_dags/example_bash_operator.py
[2025-10-08T08:35:37.143+0000] {processor.py:840} INFO - DAG(s) 'example_bash_operator' retrieved from /home/airflow/.local/lib/python3.12/site-packages/airflow/example_dags/example_bash_operator.py
[2025-10-08T08:35:37.171+0000] {logging_mixin.py:188} INFO - [2025-10-08T08:35:37.171+0000] {dag.py:3096} INFO - Sync 1 DAGs
[2025-10-08T08:35:37.195+0000] {logging_mixin.py:188} INFO - [2025-10-08T08:35:37.194+0000] {dag.py:3954} INFO - Setting next_dagrun for example_bash_operator to 2025-10-07 00:00:00+00:00, run_after=2025-10-08 00:00:00+00:00
[2025-10-08T08:35:37.216+0000] {processor.py:183} INFO - Processing /home/airflow/.local/lib/python3.12/site-packages/airflow/example_dags/example_bash_operator.py took 0.100 seconds
[2025-10-08T08:36:07.643+0000] {processor.py:161} INFO - Started process (PID=3019) to work on /home/airflow/.local/lib/python3.12/site-packages/airflow/example_dags/example_bash_operator.py
[2025-10-08T08:36:07.645+0000] {processor.py:830} INFO - Processing file /home/airflow/.local/lib/python3.12/site-packages/airflow/example_dags/example_bash_operator.py for tasks to queue
[2025-10-08T08:36:07.649+0000] {logging_mixin.py:188} INFO - [2025-10-08T08:36:07.648+0000] {dagbag.py:545} INFO - Filling up the DagBag from /home/airflow/.local/lib/python3.12/site-packages/airflow/example_dags/example_bash_operator.py
[2025-10-08T08:36:07.663+0000] {processor.py:840} INFO - DAG(s) 'example_bash_operator' retrieved from /home/airflow/.local/lib/python3.12/site-packages/airflow/example_dags/example_bash_operator.py
[2025-10-08T08:36:07.698+0000] {logging_mixin.py:188} INFO - [2025-10-08T08:36:07.698+0000] {dag.py:3096} INFO - Sync 1 DAGs
[2025-10-08T08:36:07.723+0000] {logging_mixin.py:188} INFO - [2025-10-08T08:36:07.722+0000] {dag.py:3954} INFO - Setting next_dagrun for example_bash_operator to 2025-10-07 00:00:00+00:00, run_after=2025-10-08 00:00:00+00:00
[2025-10-08T08:36:07.747+0000] {processor.py:183} INFO - Processing /home/airflow/.local/lib/python3.12/site-packages/airflow/example_dags/example_bash_operator.py took 0.112 seconds
[2025-10-08T08:36:37.920+0000] {processor.py:161} INFO - Started process (PID=3078) to work on /home/airflow/.local/lib/python3.12/site-packages/airflow/example_dags/example_bash_operator.py
[2025-10-08T08:36:37.922+0000] {processor.py:830} INFO - Processing file /home/airflow/.local/lib/python3.12/site-packages/airflow/example_dags/example_bash_operator.py for tasks to queue
[2025-10-08T08:36:37.926+0000] {logging_mixin.py:188} INFO - [2025-10-08T08:36:37.925+0000] {dagbag.py:545} INFO - Filling up the DagBag from /home/airflow/.local/lib/python3.12/site-packages/airflow/example_dags/example_bash_operator.py
[2025-10-08T08:36:37.940+0000] {processor.py:840} INFO - DAG(s) 'example_bash_operator' retrieved from /home/airflow/.local/lib/python3.12/site-packages/airflow/example_dags/example_bash_operator.py
[2025-10-08T08:36:37.967+0000] {logging_mixin.py:188} INFO - [2025-10-08T08:36:37.967+0000] {dag.py:3096} INFO - Sync 1 DAGs
[2025-10-08T08:36:37.991+0000] {logging_mixin.py:188} INFO - [2025-10-08T08:36:37.990+0000] {dag.py:3954} INFO - Setting next_dagrun for example_bash_operator to 2025-10-07 00:00:00+00:00, run_after=2025-10-08 00:00:00+00:00
[2025-10-08T08:36:38.014+0000] {processor.py:183} INFO - Processing /home/airflow/.local/lib/python3.12/site-packages/airflow/example_dags/example_bash_operator.py took 0.104 seconds
[2025-10-08T08:37:08.777+0000] {processor.py:161} INFO - Started process (PID=3137) to work on /home/airflow/.local/lib/python3.12/site-packages/airflow/example_dags/example_bash_operator.py
[2025-10-08T08:37:08.779+0000] {processor.py:830} INFO - Processing file /home/airflow/.local/lib/python3.12/site-packages/airflow/example_dags/example_bash_operator.py for tasks to queue
[2025-10-08T08:37:08.781+0000] {logging_mixin.py:188} INFO - [2025-10-08T08:37:08.781+0000] {dagbag.py:545} INFO - Filling up the DagBag from /home/airflow/.local/lib/python3.12/site-packages/airflow/example_dags/example_bash_operator.py
[2025-10-08T08:37:08.795+0000] {processor.py:840} INFO - DAG(s) 'example_bash_operator' retrieved from /home/airflow/.local/lib/python3.12/site-packages/airflow/example_dags/example_bash_operator.py
[2025-10-08T08:37:08.828+0000] {logging_mixin.py:188} INFO - [2025-10-08T08:37:08.828+0000] {dag.py:3096} INFO - Sync 1 DAGs
[2025-10-08T08:37:08.859+0000] {logging_mixin.py:188} INFO - [2025-10-08T08:37:08.859+0000] {dag.py:3954} INFO - Setting next_dagrun for example_bash_operator to 2025-10-07 00:00:00+00:00, run_after=2025-10-08 00:00:00+00:00
[2025-10-08T08:37:08.884+0000] {processor.py:183} INFO - Processing /home/airflow/.local/lib/python3.12/site-packages/airflow/example_dags/example_bash_operator.py took 0.115 seconds
[2025-10-08T08:37:39.161+0000] {processor.py:161} INFO - Started process (PID=3196) to work on /home/airflow/.local/lib/python3.12/site-packages/airflow/example_dags/example_bash_operator.py
[2025-10-08T08:37:39.162+0000] {processor.py:830} INFO - Processing file /home/airflow/.local/lib/python3.12/site-packages/airflow/example_dags/example_bash_operator.py for tasks to queue
[2025-10-08T08:37:39.165+0000] {logging_mixin.py:188} INFO - [2025-10-08T08:37:39.164+0000] {dagbag.py:545} INFO - Filling up the DagBag from /home/airflow/.local/lib/python3.12/site-packages/airflow/example_dags/example_bash_operator.py
[2025-10-08T08:37:39.177+0000] {processor.py:840} INFO - DAG(s) 'example_bash_operator' retrieved from /home/airflow/.local/lib/python3.12/site-packages/airflow/example_dags/example_bash_operator.py
[2025-10-08T08:37:39.213+0000] {logging_mixin.py:188} INFO - [2025-10-08T08:37:39.213+0000] {dag.py:3096} INFO - Sync 1 DAGs
[2025-10-08T08:37:39.241+0000] {logging_mixin.py:188} INFO - [2025-10-08T08:37:39.241+0000] {dag.py:3954} INFO - Setting next_dagrun for example_bash_operator to 2025-10-07 00:00:00+00:00, run_after=2025-10-08 00:00:00+00:00
[2025-10-08T08:37:39.269+0000] {processor.py:183} INFO - Processing /home/airflow/.local/lib/python3.12/site-packages/airflow/example_dags/example_bash_operator.py took 0.115 seconds
[2025-10-08T08:38:09.621+0000] {processor.py:161} INFO - Started process (PID=3255) to work on /home/airflow/.local/lib/python3.12/site-packages/airflow/example_dags/example_bash_operator.py
[2025-10-08T08:38:09.622+0000] {processor.py:830} INFO - Processing file /home/airflow/.local/lib/python3.12/site-packages/airflow/example_dags/example_bash_operator.py for tasks to queue
[2025-10-08T08:38:09.625+0000] {logging_mixin.py:188} INFO - [2025-10-08T08:38:09.625+0000] {dagbag.py:545} INFO - Filling up the DagBag from /home/airflow/.local/lib/python3.12/site-packages/airflow/example_dags/example_bash_operator.py
[2025-10-08T08:38:09.639+0000] {processor.py:840} INFO - DAG(s) 'example_bash_operator' retrieved from /home/airflow/.local/lib/python3.12/site-packages/airflow/example_dags/example_bash_operator.py
[2025-10-08T08:38:09.671+0000] {logging_mixin.py:188} INFO - [2025-10-08T08:38:09.671+0000] {dag.py:3096} INFO - Sync 1 DAGs
[2025-10-08T08:38:09.697+0000] {logging_mixin.py:188} INFO - [2025-10-08T08:38:09.697+0000] {dag.py:3954} INFO - Setting next_dagrun for example_bash_operator to 2025-10-07 00:00:00+00:00, run_after=2025-10-08 00:00:00+00:00
[2025-10-08T08:38:09.721+0000] {processor.py:183} INFO - Processing /home/airflow/.local/lib/python3.12/site-packages/airflow/example_dags/example_bash_operator.py took 0.108 seconds
[2025-10-08T08:38:40.901+0000] {processor.py:161} INFO - Started process (PID=3314) to work on /home/airflow/.local/lib/python3.12/site-packages/airflow/example_dags/example_bash_operator.py
[2025-10-08T08:38:40.904+0000] {processor.py:830} INFO - Processing file /home/airflow/.local/lib/python3.12/site-packages/airflow/example_dags/example_bash_operator.py for tasks to queue
[2025-10-08T08:38:40.910+0000] {logging_mixin.py:188} INFO - [2025-10-08T08:38:40.909+0000] {dagbag.py:545} INFO - Filling up the DagBag from /home/airflow/.local/lib/python3.12/site-packages/airflow/example_dags/example_bash_operator.py
[2025-10-08T08:38:40.939+0000] {processor.py:840} INFO - DAG(s) 'example_bash_operator' retrieved from /home/airflow/.local/lib/python3.12/site-packages/airflow/example_dags/example_bash_operator.py
[2025-10-08T08:38:40.985+0000] {logging_mixin.py:188} INFO - [2025-10-08T08:38:40.985+0000] {dag.py:3096} INFO - Sync 1 DAGs
[2025-10-08T08:38:41.012+0000] {logging_mixin.py:188} INFO - [2025-10-08T08:38:41.011+0000] {dag.py:3954} INFO - Setting next_dagrun for example_bash_operator to 2025-10-07 00:00:00+00:00, run_after=2025-10-08 00:00:00+00:00
[2025-10-08T08:38:41.042+0000] {processor.py:183} INFO - Processing /home/airflow/.local/lib/python3.12/site-packages/airflow/example_dags/example_bash_operator.py took 0.159 seconds
[2025-10-08T08:39:12.066+0000] {processor.py:161} INFO - Started process (PID=3374) to work on /home/airflow/.local/lib/python3.12/site-packages/airflow/example_dags/example_bash_operator.py
[2025-10-08T08:39:12.068+0000] {processor.py:830} INFO - Processing file /home/airflow/.local/lib/python3.12/site-packages/airflow/example_dags/example_bash_operator.py for tasks to queue
[2025-10-08T08:39:12.070+0000] {logging_mixin.py:188} INFO - [2025-10-08T08:39:12.070+0000] {dagbag.py:545} INFO - Filling up the DagBag from /home/airflow/.local/lib/python3.12/site-packages/airflow/example_dags/example_bash_operator.py
[2025-10-08T08:39:12.083+0000] {processor.py:840} INFO - DAG(s) 'example_bash_operator' retrieved from /home/airflow/.local/lib/python3.12/site-packages/airflow/example_dags/example_bash_operator.py
[2025-10-08T08:39:12.118+0000] {logging_mixin.py:188} INFO - [2025-10-08T08:39:12.117+0000] {dag.py:3096} INFO - Sync 1 DAGs
[2025-10-08T08:39:12.143+0000] {logging_mixin.py:188} INFO - [2025-10-08T08:39:12.143+0000] {dag.py:3954} INFO - Setting next_dagrun for example_bash_operator to 2025-10-07 00:00:00+00:00, run_after=2025-10-08 00:00:00+00:00
[2025-10-08T08:39:12.169+0000] {processor.py:183} INFO - Processing /home/airflow/.local/lib/python3.12/site-packages/airflow/example_dags/example_bash_operator.py took 0.116 seconds
[2025-10-08T08:39:42.406+0000] {processor.py:161} INFO - Started process (PID=3439) to work on /home/airflow/.local/lib/python3.12/site-packages/airflow/example_dags/example_bash_operator.py
[2025-10-08T08:39:42.407+0000] {processor.py:830} INFO - Processing file /home/airflow/.local/lib/python3.12/site-packages/airflow/example_dags/example_bash_operator.py for tasks to queue
[2025-10-08T08:39:42.411+0000] {logging_mixin.py:188} INFO - [2025-10-08T08:39:42.410+0000] {dagbag.py:545} INFO - Filling up the DagBag from /home/airflow/.local/lib/python3.12/site-packages/airflow/example_dags/example_bash_operator.py
[2025-10-08T08:39:42.428+0000] {processor.py:840} INFO - DAG(s) 'example_bash_operator' retrieved from /home/airflow/.local/lib/python3.12/site-packages/airflow/example_dags/example_bash_operator.py
[2025-10-08T08:39:42.469+0000] {logging_mixin.py:188} INFO - [2025-10-08T08:39:42.469+0000] {dag.py:3096} INFO - Sync 1 DAGs
[2025-10-08T08:39:42.503+0000] {logging_mixin.py:188} INFO - [2025-10-08T08:39:42.503+0000] {dag.py:3954} INFO - Setting next_dagrun for example_bash_operator to 2025-10-07 00:00:00+00:00, run_after=2025-10-08 00:00:00+00:00
[2025-10-08T08:39:42.534+0000] {processor.py:183} INFO - Processing /home/airflow/.local/lib/python3.12/site-packages/airflow/example_dags/example_bash_operator.py took 0.140 seconds
[2025-10-08T08:40:12.768+0000] {processor.py:161} INFO - Started process (PID=3498) to work on /home/airflow/.local/lib/python3.12/site-packages/airflow/example_dags/example_bash_operator.py
[2025-10-08T08:40:12.771+0000] {processor.py:830} INFO - Processing file /home/airflow/.local/lib/python3.12/site-packages/airflow/example_dags/example_bash_operator.py for tasks to queue
[2025-10-08T08:40:12.776+0000] {logging_mixin.py:188} INFO - [2025-10-08T08:40:12.775+0000] {dagbag.py:545} INFO - Filling up the DagBag from /home/airflow/.local/lib/python3.12/site-packages/airflow/example_dags/example_bash_operator.py
[2025-10-08T08:40:12.800+0000] {processor.py:840} INFO - DAG(s) 'example_bash_operator' retrieved from /home/airflow/.local/lib/python3.12/site-packages/airflow/example_dags/example_bash_operator.py
[2025-10-08T08:40:12.838+0000] {logging_mixin.py:188} INFO - [2025-10-08T08:40:12.838+0000] {dag.py:3096} INFO - Sync 1 DAGs
[2025-10-08T08:40:12.865+0000] {logging_mixin.py:188} INFO - [2025-10-08T08:40:12.865+0000] {dag.py:3954} INFO - Setting next_dagrun for example_bash_operator to 2025-10-07 00:00:00+00:00, run_after=2025-10-08 00:00:00+00:00
[2025-10-08T08:40:12.889+0000] {processor.py:183} INFO - Processing /home/airflow/.local/lib/python3.12/site-packages/airflow/example_dags/example_bash_operator.py took 0.135 seconds
[2025-10-08T08:40:43.353+0000] {processor.py:161} INFO - Started process (PID=3562) to work on /home/airflow/.local/lib/python3.12/site-packages/airflow/example_dags/example_bash_operator.py
[2025-10-08T08:40:43.355+0000] {processor.py:830} INFO - Processing file /home/airflow/.local/lib/python3.12/site-packages/airflow/example_dags/example_bash_operator.py for tasks to queue
[2025-10-08T08:40:43.361+0000] {logging_mixin.py:188} INFO - [2025-10-08T08:40:43.360+0000] {dagbag.py:545} INFO - Filling up the DagBag from /home/airflow/.local/lib/python3.12/site-packages/airflow/example_dags/example_bash_operator.py
[2025-10-08T08:40:43.386+0000] {processor.py:840} INFO - DAG(s) 'example_bash_operator' retrieved from /home/airflow/.local/lib/python3.12/site-packages/airflow/example_dags/example_bash_operator.py
[2025-10-08T08:40:43.421+0000] {logging_mixin.py:188} INFO - [2025-10-08T08:40:43.420+0000] {dag.py:3096} INFO - Sync 1 DAGs
[2025-10-08T08:40:43.449+0000] {logging_mixin.py:188} INFO - [2025-10-08T08:40:43.448+0000] {dag.py:3954} INFO - Setting next_dagrun for example_bash_operator to 2025-10-07 00:00:00+00:00, run_after=2025-10-08 00:00:00+00:00
[2025-10-08T08:40:43.482+0000] {processor.py:183} INFO - Processing /home/airflow/.local/lib/python3.12/site-packages/airflow/example_dags/example_bash_operator.py took 0.138 seconds
[2025-10-08T08:41:13.883+0000] {processor.py:161} INFO - Started process (PID=3622) to work on /home/airflow/.local/lib/python3.12/site-packages/airflow/example_dags/example_bash_operator.py
[2025-10-08T08:41:13.885+0000] {processor.py:830} INFO - Processing file /home/airflow/.local/lib/python3.12/site-packages/airflow/example_dags/example_bash_operator.py for tasks to queue
[2025-10-08T08:41:13.888+0000] {logging_mixin.py:188} INFO - [2025-10-08T08:41:13.887+0000] {dagbag.py:545} INFO - Filling up the DagBag from /home/airflow/.local/lib/python3.12/site-packages/airflow/example_dags/example_bash_operator.py
[2025-10-08T08:41:13.907+0000] {processor.py:840} INFO - DAG(s) 'example_bash_operator' retrieved from /home/airflow/.local/lib/python3.12/site-packages/airflow/example_dags/example_bash_operator.py
[2025-10-08T08:41:13.948+0000] {logging_mixin.py:188} INFO - [2025-10-08T08:41:13.948+0000] {dag.py:3096} INFO - Sync 1 DAGs
[2025-10-08T08:41:13.989+0000] {logging_mixin.py:188} INFO - [2025-10-08T08:41:13.989+0000] {dag.py:3954} INFO - Setting next_dagrun for example_bash_operator to 2025-10-07 00:00:00+00:00, run_after=2025-10-08 00:00:00+00:00
[2025-10-08T08:41:14.019+0000] {processor.py:183} INFO - Processing /home/airflow/.local/lib/python3.12/site-packages/airflow/example_dags/example_bash_operator.py took 0.144 seconds
[2025-10-08T08:41:44.683+0000] {processor.py:161} INFO - Started process (PID=3681) to work on /home/airflow/.local/lib/python3.12/site-packages/airflow/example_dags/example_bash_operator.py
[2025-10-08T08:41:44.685+0000] {processor.py:830} INFO - Processing file /home/airflow/.local/lib/python3.12/site-packages/airflow/example_dags/example_bash_operator.py for tasks to queue
[2025-10-08T08:41:44.689+0000] {logging_mixin.py:188} INFO - [2025-10-08T08:41:44.688+0000] {dagbag.py:545} INFO - Filling up the DagBag from /home/airflow/.local/lib/python3.12/site-packages/airflow/example_dags/example_bash_operator.py
[2025-10-08T08:41:44.703+0000] {processor.py:840} INFO - DAG(s) 'example_bash_operator' retrieved from /home/airflow/.local/lib/python3.12/site-packages/airflow/example_dags/example_bash_operator.py
[2025-10-08T08:41:44.734+0000] {logging_mixin.py:188} INFO - [2025-10-08T08:41:44.733+0000] {dag.py:3096} INFO - Sync 1 DAGs
[2025-10-08T08:41:44.761+0000] {logging_mixin.py:188} INFO - [2025-10-08T08:41:44.761+0000] {dag.py:3954} INFO - Setting next_dagrun for example_bash_operator to 2025-10-07 00:00:00+00:00, run_after=2025-10-08 00:00:00+00:00
[2025-10-08T08:41:44.786+0000] {processor.py:183} INFO - Processing /home/airflow/.local/lib/python3.12/site-packages/airflow/example_dags/example_bash_operator.py took 0.112 seconds
[2025-10-08T08:42:15.301+0000] {processor.py:161} INFO - Started process (PID=3740) to work on /home/airflow/.local/lib/python3.12/site-packages/airflow/example_dags/example_bash_operator.py
[2025-10-08T08:42:15.303+0000] {processor.py:830} INFO - Processing file /home/airflow/.local/lib/python3.12/site-packages/airflow/example_dags/example_bash_operator.py for tasks to queue
[2025-10-08T08:42:15.305+0000] {logging_mixin.py:188} INFO - [2025-10-08T08:42:15.305+0000] {dagbag.py:545} INFO - Filling up the DagBag from /home/airflow/.local/lib/python3.12/site-packages/airflow/example_dags/example_bash_operator.py
[2025-10-08T08:42:15.318+0000] {processor.py:840} INFO - DAG(s) 'example_bash_operator' retrieved from /home/airflow/.local/lib/python3.12/site-packages/airflow/example_dags/example_bash_operator.py
[2025-10-08T08:42:15.348+0000] {logging_mixin.py:188} INFO - [2025-10-08T08:42:15.347+0000] {dag.py:3096} INFO - Sync 1 DAGs
[2025-10-08T08:42:15.372+0000] {logging_mixin.py:188} INFO - [2025-10-08T08:42:15.372+0000] {dag.py:3954} INFO - Setting next_dagrun for example_bash_operator to 2025-10-07 00:00:00+00:00, run_after=2025-10-08 00:00:00+00:00
[2025-10-08T08:42:15.396+0000] {processor.py:183} INFO - Processing /home/airflow/.local/lib/python3.12/site-packages/airflow/example_dags/example_bash_operator.py took 0.101 seconds
[2025-10-08T08:42:45.883+0000] {processor.py:161} INFO - Started process (PID=3799) to work on /home/airflow/.local/lib/python3.12/site-packages/airflow/example_dags/example_bash_operator.py
[2025-10-08T08:42:45.885+0000] {processor.py:830} INFO - Processing file /home/airflow/.local/lib/python3.12/site-packages/airflow/example_dags/example_bash_operator.py for tasks to queue
[2025-10-08T08:42:45.888+0000] {logging_mixin.py:188} INFO - [2025-10-08T08:42:45.887+0000] {dagbag.py:545} INFO - Filling up the DagBag from /home/airflow/.local/lib/python3.12/site-packages/airflow/example_dags/example_bash_operator.py
[2025-10-08T08:42:45.901+0000] {processor.py:840} INFO - DAG(s) 'example_bash_operator' retrieved from /home/airflow/.local/lib/python3.12/site-packages/airflow/example_dags/example_bash_operator.py
[2025-10-08T08:42:45.930+0000] {logging_mixin.py:188} INFO - [2025-10-08T08:42:45.929+0000] {dag.py:3096} INFO - Sync 1 DAGs
[2025-10-08T08:42:45.953+0000] {logging_mixin.py:188} INFO - [2025-10-08T08:42:45.953+0000] {dag.py:3954} INFO - Setting next_dagrun for example_bash_operator to 2025-10-07 00:00:00+00:00, run_after=2025-10-08 00:00:00+00:00
[2025-10-08T08:42:45.974+0000] {processor.py:183} INFO - Processing /home/airflow/.local/lib/python3.12/site-packages/airflow/example_dags/example_bash_operator.py took 0.098 seconds
[2025-10-08T08:43:16.935+0000] {processor.py:161} INFO - Started process (PID=3858) to work on /home/airflow/.local/lib/python3.12/site-packages/airflow/example_dags/example_bash_operator.py
[2025-10-08T08:43:16.937+0000] {processor.py:830} INFO - Processing file /home/airflow/.local/lib/python3.12/site-packages/airflow/example_dags/example_bash_operator.py for tasks to queue
[2025-10-08T08:43:16.940+0000] {logging_mixin.py:188} INFO - [2025-10-08T08:43:16.940+0000] {dagbag.py:545} INFO - Filling up the DagBag from /home/airflow/.local/lib/python3.12/site-packages/airflow/example_dags/example_bash_operator.py
[2025-10-08T08:43:16.974+0000] {processor.py:840} INFO - DAG(s) 'example_bash_operator' retrieved from /home/airflow/.local/lib/python3.12/site-packages/airflow/example_dags/example_bash_operator.py
[2025-10-08T08:43:17.022+0000] {logging_mixin.py:188} INFO - [2025-10-08T08:43:17.022+0000] {dag.py:3096} INFO - Sync 1 DAGs
[2025-10-08T08:43:17.049+0000] {logging_mixin.py:188} INFO - [2025-10-08T08:43:17.049+0000] {dag.py:3954} INFO - Setting next_dagrun for example_bash_operator to 2025-10-07 00:00:00+00:00, run_after=2025-10-08 00:00:00+00:00
[2025-10-08T08:43:17.078+0000] {processor.py:183} INFO - Processing /home/airflow/.local/lib/python3.12/site-packages/airflow/example_dags/example_bash_operator.py took 0.155 seconds
[2025-10-08T08:43:47.220+0000] {processor.py:161} INFO - Started process (PID=3917) to work on /home/airflow/.local/lib/python3.12/site-packages/airflow/example_dags/example_bash_operator.py
[2025-10-08T08:43:47.221+0000] {processor.py:830} INFO - Processing file /home/airflow/.local/lib/python3.12/site-packages/airflow/example_dags/example_bash_operator.py for tasks to queue
[2025-10-08T08:43:47.225+0000] {logging_mixin.py:188} INFO - [2025-10-08T08:43:47.224+0000] {dagbag.py:545} INFO - Filling up the DagBag from /home/airflow/.local/lib/python3.12/site-packages/airflow/example_dags/example_bash_operator.py
[2025-10-08T08:43:47.244+0000] {processor.py:840} INFO - DAG(s) 'example_bash_operator' retrieved from /home/airflow/.local/lib/python3.12/site-packages/airflow/example_dags/example_bash_operator.py
[2025-10-08T08:43:47.278+0000] {logging_mixin.py:188} INFO - [2025-10-08T08:43:47.278+0000] {dag.py:3096} INFO - Sync 1 DAGs
[2025-10-08T08:43:47.305+0000] {logging_mixin.py:188} INFO - [2025-10-08T08:43:47.304+0000] {dag.py:3954} INFO - Setting next_dagrun for example_bash_operator to 2025-10-07 00:00:00+00:00, run_after=2025-10-08 00:00:00+00:00
[2025-10-08T08:43:47.328+0000] {processor.py:183} INFO - Processing /home/airflow/.local/lib/python3.12/site-packages/airflow/example_dags/example_bash_operator.py took 0.117 seconds
[2025-10-08T08:44:17.752+0000] {processor.py:161} INFO - Started process (PID=3976) to work on /home/airflow/.local/lib/python3.12/site-packages/airflow/example_dags/example_bash_operator.py
[2025-10-08T08:44:17.754+0000] {processor.py:830} INFO - Processing file /home/airflow/.local/lib/python3.12/site-packages/airflow/example_dags/example_bash_operator.py for tasks to queue
[2025-10-08T08:44:17.760+0000] {logging_mixin.py:188} INFO - [2025-10-08T08:44:17.759+0000] {dagbag.py:545} INFO - Filling up the DagBag from /home/airflow/.local/lib/python3.12/site-packages/airflow/example_dags/example_bash_operator.py
[2025-10-08T08:44:17.779+0000] {processor.py:840} INFO - DAG(s) 'example_bash_operator' retrieved from /home/airflow/.local/lib/python3.12/site-packages/airflow/example_dags/example_bash_operator.py
[2025-10-08T08:44:17.835+0000] {logging_mixin.py:188} INFO - [2025-10-08T08:44:17.834+0000] {dag.py:3096} INFO - Sync 1 DAGs
[2025-10-08T08:44:17.878+0000] {logging_mixin.py:188} INFO - [2025-10-08T08:44:17.878+0000] {dag.py:3954} INFO - Setting next_dagrun for example_bash_operator to 2025-10-07 00:00:00+00:00, run_after=2025-10-08 00:00:00+00:00
[2025-10-08T08:44:17.925+0000] {processor.py:183} INFO - Processing /home/airflow/.local/lib/python3.12/site-packages/airflow/example_dags/example_bash_operator.py took 0.186 seconds
[2025-10-08T08:44:48.066+0000] {processor.py:161} INFO - Started process (PID=4035) to work on /home/airflow/.local/lib/python3.12/site-packages/airflow/example_dags/example_bash_operator.py
[2025-10-08T08:44:48.067+0000] {processor.py:830} INFO - Processing file /home/airflow/.local/lib/python3.12/site-packages/airflow/example_dags/example_bash_operator.py for tasks to queue
[2025-10-08T08:44:48.070+0000] {logging_mixin.py:188} INFO - [2025-10-08T08:44:48.069+0000] {dagbag.py:545} INFO - Filling up the DagBag from /home/airflow/.local/lib/python3.12/site-packages/airflow/example_dags/example_bash_operator.py
[2025-10-08T08:44:48.083+0000] {processor.py:840} INFO - DAG(s) 'example_bash_operator' retrieved from /home/airflow/.local/lib/python3.12/site-packages/airflow/example_dags/example_bash_operator.py
[2025-10-08T08:44:48.113+0000] {logging_mixin.py:188} INFO - [2025-10-08T08:44:48.112+0000] {dag.py:3096} INFO - Sync 1 DAGs
[2025-10-08T08:44:48.140+0000] {logging_mixin.py:188} INFO - [2025-10-08T08:44:48.139+0000] {dag.py:3954} INFO - Setting next_dagrun for example_bash_operator to 2025-10-07 00:00:00+00:00, run_after=2025-10-08 00:00:00+00:00
[2025-10-08T08:44:48.165+0000] {processor.py:183} INFO - Processing /home/airflow/.local/lib/python3.12/site-packages/airflow/example_dags/example_bash_operator.py took 0.107 seconds
[2025-10-08T08:45:18.261+0000] {processor.py:161} INFO - Started process (PID=4094) to work on /home/airflow/.local/lib/python3.12/site-packages/airflow/example_dags/example_bash_operator.py
[2025-10-08T08:45:18.262+0000] {processor.py:830} INFO - Processing file /home/airflow/.local/lib/python3.12/site-packages/airflow/example_dags/example_bash_operator.py for tasks to queue
[2025-10-08T08:45:18.264+0000] {logging_mixin.py:188} INFO - [2025-10-08T08:45:18.264+0000] {dagbag.py:545} INFO - Filling up the DagBag from /home/airflow/.local/lib/python3.12/site-packages/airflow/example_dags/example_bash_operator.py
[2025-10-08T08:45:18.277+0000] {processor.py:840} INFO - DAG(s) 'example_bash_operator' retrieved from /home/airflow/.local/lib/python3.12/site-packages/airflow/example_dags/example_bash_operator.py
[2025-10-08T08:45:18.306+0000] {logging_mixin.py:188} INFO - [2025-10-08T08:45:18.306+0000] {dag.py:3096} INFO - Sync 1 DAGs
[2025-10-08T08:45:18.332+0000] {logging_mixin.py:188} INFO - [2025-10-08T08:45:18.332+0000] {dag.py:3954} INFO - Setting next_dagrun for example_bash_operator to 2025-10-07 00:00:00+00:00, run_after=2025-10-08 00:00:00+00:00
[2025-10-08T08:45:18.357+0000] {processor.py:183} INFO - Processing /home/airflow/.local/lib/python3.12/site-packages/airflow/example_dags/example_bash_operator.py took 0.103 seconds
[2025-10-08T08:45:48.663+0000] {processor.py:161} INFO - Started process (PID=4153) to work on /home/airflow/.local/lib/python3.12/site-packages/airflow/example_dags/example_bash_operator.py
[2025-10-08T08:45:48.665+0000] {processor.py:830} INFO - Processing file /home/airflow/.local/lib/python3.12/site-packages/airflow/example_dags/example_bash_operator.py for tasks to queue
[2025-10-08T08:45:48.668+0000] {logging_mixin.py:188} INFO - [2025-10-08T08:45:48.667+0000] {dagbag.py:545} INFO - Filling up the DagBag from /home/airflow/.local/lib/python3.12/site-packages/airflow/example_dags/example_bash_operator.py
[2025-10-08T08:45:48.682+0000] {processor.py:840} INFO - DAG(s) 'example_bash_operator' retrieved from /home/airflow/.local/lib/python3.12/site-packages/airflow/example_dags/example_bash_operator.py
[2025-10-08T08:45:48.715+0000] {logging_mixin.py:188} INFO - [2025-10-08T08:45:48.715+0000] {dag.py:3096} INFO - Sync 1 DAGs
[2025-10-08T08:45:48.742+0000] {logging_mixin.py:188} INFO - [2025-10-08T08:45:48.742+0000] {dag.py:3954} INFO - Setting next_dagrun for example_bash_operator to 2025-10-07 00:00:00+00:00, run_after=2025-10-08 00:00:00+00:00
[2025-10-08T08:45:48.772+0000] {processor.py:183} INFO - Processing /home/airflow/.local/lib/python3.12/site-packages/airflow/example_dags/example_bash_operator.py took 0.116 seconds
[2025-10-08T08:46:19.252+0000] {processor.py:161} INFO - Started process (PID=4212) to work on /home/airflow/.local/lib/python3.12/site-packages/airflow/example_dags/example_bash_operator.py
[2025-10-08T08:46:19.254+0000] {processor.py:830} INFO - Processing file /home/airflow/.local/lib/python3.12/site-packages/airflow/example_dags/example_bash_operator.py for tasks to queue
[2025-10-08T08:46:19.257+0000] {logging_mixin.py:188} INFO - [2025-10-08T08:46:19.256+0000] {dagbag.py:545} INFO - Filling up the DagBag from /home/airflow/.local/lib/python3.12/site-packages/airflow/example_dags/example_bash_operator.py
[2025-10-08T08:46:19.273+0000] {processor.py:840} INFO - DAG(s) 'example_bash_operator' retrieved from /home/airflow/.local/lib/python3.12/site-packages/airflow/example_dags/example_bash_operator.py
[2025-10-08T08:46:19.304+0000] {logging_mixin.py:188} INFO - [2025-10-08T08:46:19.304+0000] {dag.py:3096} INFO - Sync 1 DAGs
[2025-10-08T08:46:19.335+0000] {logging_mixin.py:188} INFO - [2025-10-08T08:46:19.334+0000] {dag.py:3954} INFO - Setting next_dagrun for example_bash_operator to 2025-10-07 00:00:00+00:00, run_after=2025-10-08 00:00:00+00:00
[2025-10-08T08:46:19.360+0000] {processor.py:183} INFO - Processing /home/airflow/.local/lib/python3.12/site-packages/airflow/example_dags/example_bash_operator.py took 0.116 seconds
[2025-10-08T08:46:49.870+0000] {processor.py:161} INFO - Started process (PID=4271) to work on /home/airflow/.local/lib/python3.12/site-packages/airflow/example_dags/example_bash_operator.py
[2025-10-08T08:46:49.872+0000] {processor.py:830} INFO - Processing file /home/airflow/.local/lib/python3.12/site-packages/airflow/example_dags/example_bash_operator.py for tasks to queue
[2025-10-08T08:46:49.877+0000] {logging_mixin.py:188} INFO - [2025-10-08T08:46:49.876+0000] {dagbag.py:545} INFO - Filling up the DagBag from /home/airflow/.local/lib/python3.12/site-packages/airflow/example_dags/example_bash_operator.py
[2025-10-08T08:46:49.894+0000] {processor.py:840} INFO - DAG(s) 'example_bash_operator' retrieved from /home/airflow/.local/lib/python3.12/site-packages/airflow/example_dags/example_bash_operator.py
[2025-10-08T08:46:49.934+0000] {logging_mixin.py:188} INFO - [2025-10-08T08:46:49.934+0000] {dag.py:3096} INFO - Sync 1 DAGs
[2025-10-08T08:46:49.974+0000] {logging_mixin.py:188} INFO - [2025-10-08T08:46:49.974+0000] {dag.py:3954} INFO - Setting next_dagrun for example_bash_operator to 2025-10-07 00:00:00+00:00, run_after=2025-10-08 00:00:00+00:00
[2025-10-08T08:46:50.006+0000] {processor.py:183} INFO - Processing /home/airflow/.local/lib/python3.12/site-packages/airflow/example_dags/example_bash_operator.py took 0.146 seconds
[2025-10-08T08:47:20.168+0000] {processor.py:161} INFO - Started process (PID=4330) to work on /home/airflow/.local/lib/python3.12/site-packages/airflow/example_dags/example_bash_operator.py
[2025-10-08T08:47:20.170+0000] {processor.py:830} INFO - Processing file /home/airflow/.local/lib/python3.12/site-packages/airflow/example_dags/example_bash_operator.py for tasks to queue
[2025-10-08T08:47:20.174+0000] {logging_mixin.py:188} INFO - [2025-10-08T08:47:20.173+0000] {dagbag.py:545} INFO - Filling up the DagBag from /home/airflow/.local/lib/python3.12/site-packages/airflow/example_dags/example_bash_operator.py
[2025-10-08T08:47:20.193+0000] {processor.py:840} INFO - DAG(s) 'example_bash_operator' retrieved from /home/airflow/.local/lib/python3.12/site-packages/airflow/example_dags/example_bash_operator.py
[2025-10-08T08:47:20.267+0000] {logging_mixin.py:188} INFO - [2025-10-08T08:47:20.266+0000] {dag.py:3096} INFO - Sync 1 DAGs
[2025-10-08T08:47:20.371+0000] {logging_mixin.py:188} INFO - [2025-10-08T08:47:20.371+0000] {dag.py:3954} INFO - Setting next_dagrun for example_bash_operator to 2025-10-07 00:00:00+00:00, run_after=2025-10-08 00:00:00+00:00
[2025-10-08T08:47:20.505+0000] {processor.py:183} INFO - Processing /home/airflow/.local/lib/python3.12/site-packages/airflow/example_dags/example_bash_operator.py took 0.349 seconds
[2025-10-08T08:47:51.669+0000] {processor.py:161} INFO - Started process (PID=4389) to work on /home/airflow/.local/lib/python3.12/site-packages/airflow/example_dags/example_bash_operator.py
[2025-10-08T08:47:51.671+0000] {processor.py:830} INFO - Processing file /home/airflow/.local/lib/python3.12/site-packages/airflow/example_dags/example_bash_operator.py for tasks to queue
[2025-10-08T08:47:51.674+0000] {logging_mixin.py:188} INFO - [2025-10-08T08:47:51.673+0000] {dagbag.py:545} INFO - Filling up the DagBag from /home/airflow/.local/lib/python3.12/site-packages/airflow/example_dags/example_bash_operator.py
[2025-10-08T08:47:51.691+0000] {processor.py:840} INFO - DAG(s) 'example_bash_operator' retrieved from /home/airflow/.local/lib/python3.12/site-packages/airflow/example_dags/example_bash_operator.py
[2025-10-08T08:47:51.724+0000] {logging_mixin.py:188} INFO - [2025-10-08T08:47:51.724+0000] {dag.py:3096} INFO - Sync 1 DAGs
[2025-10-08T08:47:51.754+0000] {logging_mixin.py:188} INFO - [2025-10-08T08:47:51.753+0000] {dag.py:3954} INFO - Setting next_dagrun for example_bash_operator to 2025-10-07 00:00:00+00:00, run_after=2025-10-08 00:00:00+00:00
[2025-10-08T08:47:51.792+0000] {processor.py:183} INFO - Processing /home/airflow/.local/lib/python3.12/site-packages/airflow/example_dags/example_bash_operator.py took 0.132 seconds
[2025-10-08T08:48:22.439+0000] {processor.py:161} INFO - Started process (PID=4448) to work on /home/airflow/.local/lib/python3.12/site-packages/airflow/example_dags/example_bash_operator.py
[2025-10-08T08:48:22.440+0000] {processor.py:830} INFO - Processing file /home/airflow/.local/lib/python3.12/site-packages/airflow/example_dags/example_bash_operator.py for tasks to queue
[2025-10-08T08:48:22.443+0000] {logging_mixin.py:188} INFO - [2025-10-08T08:48:22.443+0000] {dagbag.py:545} INFO - Filling up the DagBag from /home/airflow/.local/lib/python3.12/site-packages/airflow/example_dags/example_bash_operator.py
[2025-10-08T08:48:22.461+0000] {processor.py:840} INFO - DAG(s) 'example_bash_operator' retrieved from /home/airflow/.local/lib/python3.12/site-packages/airflow/example_dags/example_bash_operator.py
[2025-10-08T08:48:22.494+0000] {logging_mixin.py:188} INFO - [2025-10-08T08:48:22.493+0000] {dag.py:3096} INFO - Sync 1 DAGs
[2025-10-08T08:48:22.525+0000] {logging_mixin.py:188} INFO - [2025-10-08T08:48:22.525+0000] {dag.py:3954} INFO - Setting next_dagrun for example_bash_operator to 2025-10-07 00:00:00+00:00, run_after=2025-10-08 00:00:00+00:00
[2025-10-08T08:48:22.553+0000] {processor.py:183} INFO - Processing /home/airflow/.local/lib/python3.12/site-packages/airflow/example_dags/example_bash_operator.py took 0.124 seconds
[2025-10-08T08:48:53.562+0000] {processor.py:161} INFO - Started process (PID=4507) to work on /home/airflow/.local/lib/python3.12/site-packages/airflow/example_dags/example_bash_operator.py
[2025-10-08T08:48:53.564+0000] {processor.py:830} INFO - Processing file /home/airflow/.local/lib/python3.12/site-packages/airflow/example_dags/example_bash_operator.py for tasks to queue
[2025-10-08T08:48:53.567+0000] {logging_mixin.py:188} INFO - [2025-10-08T08:48:53.567+0000] {dagbag.py:545} INFO - Filling up the DagBag from /home/airflow/.local/lib/python3.12/site-packages/airflow/example_dags/example_bash_operator.py
[2025-10-08T08:48:53.584+0000] {processor.py:840} INFO - DAG(s) 'example_bash_operator' retrieved from /home/airflow/.local/lib/python3.12/site-packages/airflow/example_dags/example_bash_operator.py
[2025-10-08T08:48:53.616+0000] {logging_mixin.py:188} INFO - [2025-10-08T08:48:53.616+0000] {dag.py:3096} INFO - Sync 1 DAGs
[2025-10-08T08:48:53.644+0000] {logging_mixin.py:188} INFO - [2025-10-08T08:48:53.643+0000] {dag.py:3954} INFO - Setting next_dagrun for example_bash_operator to 2025-10-07 00:00:00+00:00, run_after=2025-10-08 00:00:00+00:00
[2025-10-08T08:48:53.682+0000] {processor.py:183} INFO - Processing /home/airflow/.local/lib/python3.12/site-packages/airflow/example_dags/example_bash_operator.py took 0.128 seconds
[2025-10-08T08:49:23.930+0000] {processor.py:161} INFO - Started process (PID=4566) to work on /home/airflow/.local/lib/python3.12/site-packages/airflow/example_dags/example_bash_operator.py
[2025-10-08T08:49:23.932+0000] {processor.py:830} INFO - Processing file /home/airflow/.local/lib/python3.12/site-packages/airflow/example_dags/example_bash_operator.py for tasks to queue
[2025-10-08T08:49:23.936+0000] {logging_mixin.py:188} INFO - [2025-10-08T08:49:23.936+0000] {dagbag.py:545} INFO - Filling up the DagBag from /home/airflow/.local/lib/python3.12/site-packages/airflow/example_dags/example_bash_operator.py
[2025-10-08T08:49:23.958+0000] {processor.py:840} INFO - DAG(s) 'example_bash_operator' retrieved from /home/airflow/.local/lib/python3.12/site-packages/airflow/example_dags/example_bash_operator.py
[2025-10-08T08:49:23.993+0000] {logging_mixin.py:188} INFO - [2025-10-08T08:49:23.993+0000] {dag.py:3096} INFO - Sync 1 DAGs
[2025-10-08T08:49:24.025+0000] {logging_mixin.py:188} INFO - [2025-10-08T08:49:24.025+0000] {dag.py:3954} INFO - Setting next_dagrun for example_bash_operator to 2025-10-07 00:00:00+00:00, run_after=2025-10-08 00:00:00+00:00
[2025-10-08T08:49:24.059+0000] {processor.py:183} INFO - Processing /home/airflow/.local/lib/python3.12/site-packages/airflow/example_dags/example_bash_operator.py took 0.141 seconds
[2025-10-08T08:49:54.135+0000] {processor.py:161} INFO - Started process (PID=4625) to work on /home/airflow/.local/lib/python3.12/site-packages/airflow/example_dags/example_bash_operator.py
[2025-10-08T08:49:54.137+0000] {processor.py:830} INFO - Processing file /home/airflow/.local/lib/python3.12/site-packages/airflow/example_dags/example_bash_operator.py for tasks to queue
[2025-10-08T08:49:54.141+0000] {logging_mixin.py:188} INFO - [2025-10-08T08:49:54.140+0000] {dagbag.py:545} INFO - Filling up the DagBag from /home/airflow/.local/lib/python3.12/site-packages/airflow/example_dags/example_bash_operator.py
[2025-10-08T08:49:54.153+0000] {processor.py:840} INFO - DAG(s) 'example_bash_operator' retrieved from /home/airflow/.local/lib/python3.12/site-packages/airflow/example_dags/example_bash_operator.py
[2025-10-08T08:49:54.186+0000] {logging_mixin.py:188} INFO - [2025-10-08T08:49:54.186+0000] {dag.py:3096} INFO - Sync 1 DAGs
[2025-10-08T08:49:54.209+0000] {logging_mixin.py:188} INFO - [2025-10-08T08:49:54.209+0000] {dag.py:3954} INFO - Setting next_dagrun for example_bash_operator to 2025-10-07 00:00:00+00:00, run_after=2025-10-08 00:00:00+00:00
[2025-10-08T08:49:54.235+0000] {processor.py:183} INFO - Processing /home/airflow/.local/lib/python3.12/site-packages/airflow/example_dags/example_bash_operator.py took 0.108 seconds
[2025-10-08T08:50:24.631+0000] {processor.py:161} INFO - Started process (PID=4684) to work on /home/airflow/.local/lib/python3.12/site-packages/airflow/example_dags/example_bash_operator.py
[2025-10-08T08:50:24.633+0000] {processor.py:830} INFO - Processing file /home/airflow/.local/lib/python3.12/site-packages/airflow/example_dags/example_bash_operator.py for tasks to queue
[2025-10-08T08:50:24.635+0000] {logging_mixin.py:188} INFO - [2025-10-08T08:50:24.635+0000] {dagbag.py:545} INFO - Filling up the DagBag from /home/airflow/.local/lib/python3.12/site-packages/airflow/example_dags/example_bash_operator.py
[2025-10-08T08:50:24.648+0000] {processor.py:840} INFO - DAG(s) 'example_bash_operator' retrieved from /home/airflow/.local/lib/python3.12/site-packages/airflow/example_dags/example_bash_operator.py
[2025-10-08T08:50:24.677+0000] {logging_mixin.py:188} INFO - [2025-10-08T08:50:24.676+0000] {dag.py:3096} INFO - Sync 1 DAGs
[2025-10-08T08:50:24.713+0000] {logging_mixin.py:188} INFO - [2025-10-08T08:50:24.713+0000] {dag.py:3954} INFO - Setting next_dagrun for example_bash_operator to 2025-10-07 00:00:00+00:00, run_after=2025-10-08 00:00:00+00:00
[2025-10-08T08:50:24.737+0000] {processor.py:183} INFO - Processing /home/airflow/.local/lib/python3.12/site-packages/airflow/example_dags/example_bash_operator.py took 0.113 seconds
[2025-10-08T08:50:54.956+0000] {processor.py:161} INFO - Started process (PID=4743) to work on /home/airflow/.local/lib/python3.12/site-packages/airflow/example_dags/example_bash_operator.py
[2025-10-08T08:50:54.959+0000] {processor.py:830} INFO - Processing file /home/airflow/.local/lib/python3.12/site-packages/airflow/example_dags/example_bash_operator.py for tasks to queue
[2025-10-08T08:50:54.966+0000] {logging_mixin.py:188} INFO - [2025-10-08T08:50:54.965+0000] {dagbag.py:545} INFO - Filling up the DagBag from /home/airflow/.local/lib/python3.12/site-packages/airflow/example_dags/example_bash_operator.py
[2025-10-08T08:50:54.993+0000] {processor.py:840} INFO - DAG(s) 'example_bash_operator' retrieved from /home/airflow/.local/lib/python3.12/site-packages/airflow/example_dags/example_bash_operator.py
[2025-10-08T08:50:55.026+0000] {logging_mixin.py:188} INFO - [2025-10-08T08:50:55.026+0000] {dag.py:3096} INFO - Sync 1 DAGs
[2025-10-08T08:50:55.053+0000] {logging_mixin.py:188} INFO - [2025-10-08T08:50:55.053+0000] {dag.py:3954} INFO - Setting next_dagrun for example_bash_operator to 2025-10-07 00:00:00+00:00, run_after=2025-10-08 00:00:00+00:00
[2025-10-08T08:50:55.078+0000] {processor.py:183} INFO - Processing /home/airflow/.local/lib/python3.12/site-packages/airflow/example_dags/example_bash_operator.py took 0.148 seconds
[2025-10-08T08:52:27.227+0000] {processor.py:161} INFO - Started process (PID=79) to work on /home/airflow/.local/lib/python3.12/site-packages/airflow/example_dags/example_bash_operator.py
[2025-10-08T08:52:27.230+0000] {processor.py:830} INFO - Processing file /home/airflow/.local/lib/python3.12/site-packages/airflow/example_dags/example_bash_operator.py for tasks to queue
[2025-10-08T08:52:27.241+0000] {logging_mixin.py:188} INFO - [2025-10-08T08:52:27.238+0000] {dagbag.py:545} INFO - Filling up the DagBag from /home/airflow/.local/lib/python3.12/site-packages/airflow/example_dags/example_bash_operator.py
[2025-10-08T08:52:27.286+0000] {processor.py:840} INFO - DAG(s) 'example_bash_operator' retrieved from /home/airflow/.local/lib/python3.12/site-packages/airflow/example_dags/example_bash_operator.py
[2025-10-08T08:52:27.713+0000] {logging_mixin.py:188} INFO - [2025-10-08T08:52:27.712+0000] {dag.py:3096} INFO - Sync 1 DAGs
[2025-10-08T08:52:27.769+0000] {logging_mixin.py:188} INFO - [2025-10-08T08:52:27.768+0000] {dag.py:3954} INFO - Setting next_dagrun for example_bash_operator to 2025-10-07 00:00:00+00:00, run_after=2025-10-08 00:00:00+00:00
[2025-10-08T08:52:27.837+0000] {processor.py:183} INFO - Processing /home/airflow/.local/lib/python3.12/site-packages/airflow/example_dags/example_bash_operator.py took 0.631 seconds
[2025-10-08T08:52:58.395+0000] {processor.py:161} INFO - Started process (PID=138) to work on /home/airflow/.local/lib/python3.12/site-packages/airflow/example_dags/example_bash_operator.py
[2025-10-08T08:52:58.397+0000] {processor.py:830} INFO - Processing file /home/airflow/.local/lib/python3.12/site-packages/airflow/example_dags/example_bash_operator.py for tasks to queue
[2025-10-08T08:52:58.402+0000] {logging_mixin.py:188} INFO - [2025-10-08T08:52:58.402+0000] {dagbag.py:545} INFO - Filling up the DagBag from /home/airflow/.local/lib/python3.12/site-packages/airflow/example_dags/example_bash_operator.py
[2025-10-08T08:52:58.427+0000] {processor.py:840} INFO - DAG(s) 'example_bash_operator' retrieved from /home/airflow/.local/lib/python3.12/site-packages/airflow/example_dags/example_bash_operator.py
[2025-10-08T08:52:58.479+0000] {logging_mixin.py:188} INFO - [2025-10-08T08:52:58.479+0000] {dag.py:3096} INFO - Sync 1 DAGs
[2025-10-08T08:52:58.520+0000] {logging_mixin.py:188} INFO - [2025-10-08T08:52:58.520+0000] {dag.py:3954} INFO - Setting next_dagrun for example_bash_operator to 2025-10-07 00:00:00+00:00, run_after=2025-10-08 00:00:00+00:00
[2025-10-08T08:52:58.555+0000] {processor.py:183} INFO - Processing /home/airflow/.local/lib/python3.12/site-packages/airflow/example_dags/example_bash_operator.py took 0.172 seconds
[2025-10-08T08:53:29.412+0000] {processor.py:161} INFO - Started process (PID=197) to work on /home/airflow/.local/lib/python3.12/site-packages/airflow/example_dags/example_bash_operator.py
[2025-10-08T08:53:29.414+0000] {processor.py:830} INFO - Processing file /home/airflow/.local/lib/python3.12/site-packages/airflow/example_dags/example_bash_operator.py for tasks to queue
[2025-10-08T08:53:29.418+0000] {logging_mixin.py:188} INFO - [2025-10-08T08:53:29.417+0000] {dagbag.py:545} INFO - Filling up the DagBag from /home/airflow/.local/lib/python3.12/site-packages/airflow/example_dags/example_bash_operator.py
[2025-10-08T08:53:29.437+0000] {processor.py:840} INFO - DAG(s) 'example_bash_operator' retrieved from /home/airflow/.local/lib/python3.12/site-packages/airflow/example_dags/example_bash_operator.py
[2025-10-08T08:53:29.471+0000] {logging_mixin.py:188} INFO - [2025-10-08T08:53:29.471+0000] {dag.py:3096} INFO - Sync 1 DAGs
[2025-10-08T08:53:29.502+0000] {logging_mixin.py:188} INFO - [2025-10-08T08:53:29.502+0000] {dag.py:3954} INFO - Setting next_dagrun for example_bash_operator to 2025-10-07 00:00:00+00:00, run_after=2025-10-08 00:00:00+00:00
[2025-10-08T08:53:29.542+0000] {processor.py:183} INFO - Processing /home/airflow/.local/lib/python3.12/site-packages/airflow/example_dags/example_bash_operator.py took 0.142 seconds
[2025-10-08T08:54:00.031+0000] {processor.py:161} INFO - Started process (PID=256) to work on /home/airflow/.local/lib/python3.12/site-packages/airflow/example_dags/example_bash_operator.py
[2025-10-08T08:54:00.033+0000] {processor.py:830} INFO - Processing file /home/airflow/.local/lib/python3.12/site-packages/airflow/example_dags/example_bash_operator.py for tasks to queue
[2025-10-08T08:54:00.039+0000] {logging_mixin.py:188} INFO - [2025-10-08T08:54:00.038+0000] {dagbag.py:545} INFO - Filling up the DagBag from /home/airflow/.local/lib/python3.12/site-packages/airflow/example_dags/example_bash_operator.py
[2025-10-08T08:54:00.057+0000] {processor.py:840} INFO - DAG(s) 'example_bash_operator' retrieved from /home/airflow/.local/lib/python3.12/site-packages/airflow/example_dags/example_bash_operator.py
[2025-10-08T08:54:00.101+0000] {logging_mixin.py:188} INFO - [2025-10-08T08:54:00.101+0000] {dag.py:3096} INFO - Sync 1 DAGs
[2025-10-08T08:54:00.134+0000] {logging_mixin.py:188} INFO - [2025-10-08T08:54:00.134+0000] {dag.py:3954} INFO - Setting next_dagrun for example_bash_operator to 2025-10-07 00:00:00+00:00, run_after=2025-10-08 00:00:00+00:00
[2025-10-08T08:54:00.161+0000] {processor.py:183} INFO - Processing /home/airflow/.local/lib/python3.12/site-packages/airflow/example_dags/example_bash_operator.py took 0.144 seconds
[2025-10-08T08:54:30.419+0000] {processor.py:161} INFO - Started process (PID=315) to work on /home/airflow/.local/lib/python3.12/site-packages/airflow/example_dags/example_bash_operator.py
[2025-10-08T08:54:30.421+0000] {processor.py:830} INFO - Processing file /home/airflow/.local/lib/python3.12/site-packages/airflow/example_dags/example_bash_operator.py for tasks to queue
[2025-10-08T08:54:30.426+0000] {logging_mixin.py:188} INFO - [2025-10-08T08:54:30.425+0000] {dagbag.py:545} INFO - Filling up the DagBag from /home/airflow/.local/lib/python3.12/site-packages/airflow/example_dags/example_bash_operator.py
[2025-10-08T08:54:30.444+0000] {processor.py:840} INFO - DAG(s) 'example_bash_operator' retrieved from /home/airflow/.local/lib/python3.12/site-packages/airflow/example_dags/example_bash_operator.py
[2025-10-08T08:54:30.484+0000] {logging_mixin.py:188} INFO - [2025-10-08T08:54:30.484+0000] {dag.py:3096} INFO - Sync 1 DAGs
[2025-10-08T08:54:30.517+0000] {logging_mixin.py:188} INFO - [2025-10-08T08:54:30.517+0000] {dag.py:3954} INFO - Setting next_dagrun for example_bash_operator to 2025-10-07 00:00:00+00:00, run_after=2025-10-08 00:00:00+00:00
[2025-10-08T08:54:30.784+0000] {processor.py:183} INFO - Processing /home/airflow/.local/lib/python3.12/site-packages/airflow/example_dags/example_bash_operator.py took 0.374 seconds
[2025-10-08T08:55:00.866+0000] {processor.py:161} INFO - Started process (PID=373) to work on /home/airflow/.local/lib/python3.12/site-packages/airflow/example_dags/example_bash_operator.py
[2025-10-08T08:55:00.867+0000] {processor.py:830} INFO - Processing file /home/airflow/.local/lib/python3.12/site-packages/airflow/example_dags/example_bash_operator.py for tasks to queue
[2025-10-08T08:55:00.869+0000] {logging_mixin.py:188} INFO - [2025-10-08T08:55:00.869+0000] {dagbag.py:545} INFO - Filling up the DagBag from /home/airflow/.local/lib/python3.12/site-packages/airflow/example_dags/example_bash_operator.py
[2025-10-08T08:55:00.881+0000] {processor.py:840} INFO - DAG(s) 'example_bash_operator' retrieved from /home/airflow/.local/lib/python3.12/site-packages/airflow/example_dags/example_bash_operator.py
[2025-10-08T08:55:00.912+0000] {logging_mixin.py:188} INFO - [2025-10-08T08:55:00.912+0000] {dag.py:3096} INFO - Sync 1 DAGs
[2025-10-08T08:55:00.937+0000] {logging_mixin.py:188} INFO - [2025-10-08T08:55:00.937+0000] {dag.py:3954} INFO - Setting next_dagrun for example_bash_operator to 2025-10-07 00:00:00+00:00, run_after=2025-10-08 00:00:00+00:00
[2025-10-08T08:55:00.959+0000] {processor.py:183} INFO - Processing /home/airflow/.local/lib/python3.12/site-packages/airflow/example_dags/example_bash_operator.py took 0.100 seconds
[2025-10-08T08:55:31.488+0000] {processor.py:161} INFO - Started process (PID=432) to work on /home/airflow/.local/lib/python3.12/site-packages/airflow/example_dags/example_bash_operator.py
[2025-10-08T08:55:31.490+0000] {processor.py:830} INFO - Processing file /home/airflow/.local/lib/python3.12/site-packages/airflow/example_dags/example_bash_operator.py for tasks to queue
[2025-10-08T08:55:31.493+0000] {logging_mixin.py:188} INFO - [2025-10-08T08:55:31.493+0000] {dagbag.py:545} INFO - Filling up the DagBag from /home/airflow/.local/lib/python3.12/site-packages/airflow/example_dags/example_bash_operator.py
[2025-10-08T08:55:31.510+0000] {processor.py:840} INFO - DAG(s) 'example_bash_operator' retrieved from /home/airflow/.local/lib/python3.12/site-packages/airflow/example_dags/example_bash_operator.py
[2025-10-08T08:55:31.555+0000] {logging_mixin.py:188} INFO - [2025-10-08T08:55:31.554+0000] {dag.py:3096} INFO - Sync 1 DAGs
[2025-10-08T08:55:31.608+0000] {logging_mixin.py:188} INFO - [2025-10-08T08:55:31.608+0000] {dag.py:3954} INFO - Setting next_dagrun for example_bash_operator to 2025-10-07 00:00:00+00:00, run_after=2025-10-08 00:00:00+00:00
[2025-10-08T08:55:31.651+0000] {processor.py:183} INFO - Processing /home/airflow/.local/lib/python3.12/site-packages/airflow/example_dags/example_bash_operator.py took 0.172 seconds
[2025-10-08T08:56:02.208+0000] {processor.py:161} INFO - Started process (PID=491) to work on /home/airflow/.local/lib/python3.12/site-packages/airflow/example_dags/example_bash_operator.py
[2025-10-08T08:56:02.211+0000] {processor.py:830} INFO - Processing file /home/airflow/.local/lib/python3.12/site-packages/airflow/example_dags/example_bash_operator.py for tasks to queue
[2025-10-08T08:56:02.217+0000] {logging_mixin.py:188} INFO - [2025-10-08T08:56:02.216+0000] {dagbag.py:545} INFO - Filling up the DagBag from /home/airflow/.local/lib/python3.12/site-packages/airflow/example_dags/example_bash_operator.py
[2025-10-08T08:56:02.246+0000] {processor.py:840} INFO - DAG(s) 'example_bash_operator' retrieved from /home/airflow/.local/lib/python3.12/site-packages/airflow/example_dags/example_bash_operator.py
[2025-10-08T08:56:02.307+0000] {logging_mixin.py:188} INFO - [2025-10-08T08:56:02.306+0000] {dag.py:3096} INFO - Sync 1 DAGs
[2025-10-08T08:56:02.343+0000] {logging_mixin.py:188} INFO - [2025-10-08T08:56:02.343+0000] {dag.py:3954} INFO - Setting next_dagrun for example_bash_operator to 2025-10-07 00:00:00+00:00, run_after=2025-10-08 00:00:00+00:00
[2025-10-08T08:56:02.372+0000] {processor.py:183} INFO - Processing /home/airflow/.local/lib/python3.12/site-packages/airflow/example_dags/example_bash_operator.py took 0.182 seconds
[2025-10-08T08:56:32.630+0000] {processor.py:161} INFO - Started process (PID=550) to work on /home/airflow/.local/lib/python3.12/site-packages/airflow/example_dags/example_bash_operator.py
[2025-10-08T08:56:32.632+0000] {processor.py:830} INFO - Processing file /home/airflow/.local/lib/python3.12/site-packages/airflow/example_dags/example_bash_operator.py for tasks to queue
[2025-10-08T08:56:32.636+0000] {logging_mixin.py:188} INFO - [2025-10-08T08:56:32.636+0000] {dagbag.py:545} INFO - Filling up the DagBag from /home/airflow/.local/lib/python3.12/site-packages/airflow/example_dags/example_bash_operator.py
[2025-10-08T08:56:32.657+0000] {processor.py:840} INFO - DAG(s) 'example_bash_operator' retrieved from /home/airflow/.local/lib/python3.12/site-packages/airflow/example_dags/example_bash_operator.py
[2025-10-08T08:56:32.697+0000] {logging_mixin.py:188} INFO - [2025-10-08T08:56:32.697+0000] {dag.py:3096} INFO - Sync 1 DAGs
[2025-10-08T08:56:32.732+0000] {logging_mixin.py:188} INFO - [2025-10-08T08:56:32.732+0000] {dag.py:3954} INFO - Setting next_dagrun for example_bash_operator to 2025-10-07 00:00:00+00:00, run_after=2025-10-08 00:00:00+00:00
[2025-10-08T08:56:32.768+0000] {processor.py:183} INFO - Processing /home/airflow/.local/lib/python3.12/site-packages/airflow/example_dags/example_bash_operator.py took 0.151 seconds
[2025-10-08T08:57:03.380+0000] {processor.py:161} INFO - Started process (PID=609) to work on /home/airflow/.local/lib/python3.12/site-packages/airflow/example_dags/example_bash_operator.py
[2025-10-08T08:57:03.383+0000] {processor.py:830} INFO - Processing file /home/airflow/.local/lib/python3.12/site-packages/airflow/example_dags/example_bash_operator.py for tasks to queue
[2025-10-08T08:57:03.390+0000] {logging_mixin.py:188} INFO - [2025-10-08T08:57:03.389+0000] {dagbag.py:545} INFO - Filling up the DagBag from /home/airflow/.local/lib/python3.12/site-packages/airflow/example_dags/example_bash_operator.py
[2025-10-08T08:57:03.413+0000] {processor.py:840} INFO - DAG(s) 'example_bash_operator' retrieved from /home/airflow/.local/lib/python3.12/site-packages/airflow/example_dags/example_bash_operator.py
[2025-10-08T08:57:03.447+0000] {logging_mixin.py:188} INFO - [2025-10-08T08:57:03.447+0000] {dag.py:3096} INFO - Sync 1 DAGs
[2025-10-08T08:57:03.474+0000] {logging_mixin.py:188} INFO - [2025-10-08T08:57:03.473+0000] {dag.py:3954} INFO - Setting next_dagrun for example_bash_operator to 2025-10-07 00:00:00+00:00, run_after=2025-10-08 00:00:00+00:00
[2025-10-08T08:57:03.499+0000] {processor.py:183} INFO - Processing /home/airflow/.local/lib/python3.12/site-packages/airflow/example_dags/example_bash_operator.py took 0.133 seconds
[2025-10-08T08:57:34.573+0000] {processor.py:161} INFO - Started process (PID=668) to work on /home/airflow/.local/lib/python3.12/site-packages/airflow/example_dags/example_bash_operator.py
[2025-10-08T08:57:34.575+0000] {processor.py:830} INFO - Processing file /home/airflow/.local/lib/python3.12/site-packages/airflow/example_dags/example_bash_operator.py for tasks to queue
[2025-10-08T08:57:34.579+0000] {logging_mixin.py:188} INFO - [2025-10-08T08:57:34.579+0000] {dagbag.py:545} INFO - Filling up the DagBag from /home/airflow/.local/lib/python3.12/site-packages/airflow/example_dags/example_bash_operator.py
[2025-10-08T08:57:34.593+0000] {processor.py:840} INFO - DAG(s) 'example_bash_operator' retrieved from /home/airflow/.local/lib/python3.12/site-packages/airflow/example_dags/example_bash_operator.py
[2025-10-08T08:57:34.622+0000] {logging_mixin.py:188} INFO - [2025-10-08T08:57:34.622+0000] {dag.py:3096} INFO - Sync 1 DAGs
[2025-10-08T08:57:34.649+0000] {logging_mixin.py:188} INFO - [2025-10-08T08:57:34.649+0000] {dag.py:3954} INFO - Setting next_dagrun for example_bash_operator to 2025-10-07 00:00:00+00:00, run_after=2025-10-08 00:00:00+00:00
[2025-10-08T08:57:34.675+0000] {processor.py:183} INFO - Processing /home/airflow/.local/lib/python3.12/site-packages/airflow/example_dags/example_bash_operator.py took 0.109 seconds
[2025-10-08T08:58:04.926+0000] {processor.py:161} INFO - Started process (PID=729) to work on /home/airflow/.local/lib/python3.12/site-packages/airflow/example_dags/example_bash_operator.py
[2025-10-08T08:58:04.928+0000] {processor.py:830} INFO - Processing file /home/airflow/.local/lib/python3.12/site-packages/airflow/example_dags/example_bash_operator.py for tasks to queue
[2025-10-08T08:58:04.930+0000] {logging_mixin.py:188} INFO - [2025-10-08T08:58:04.930+0000] {dagbag.py:545} INFO - Filling up the DagBag from /home/airflow/.local/lib/python3.12/site-packages/airflow/example_dags/example_bash_operator.py
[2025-10-08T08:58:04.944+0000] {processor.py:840} INFO - DAG(s) 'example_bash_operator' retrieved from /home/airflow/.local/lib/python3.12/site-packages/airflow/example_dags/example_bash_operator.py
[2025-10-08T08:58:04.977+0000] {logging_mixin.py:188} INFO - [2025-10-08T08:58:04.976+0000] {dag.py:3096} INFO - Sync 1 DAGs
[2025-10-08T08:58:05.003+0000] {logging_mixin.py:188} INFO - [2025-10-08T08:58:05.003+0000] {dag.py:3954} INFO - Setting next_dagrun for example_bash_operator to 2025-10-07 00:00:00+00:00, run_after=2025-10-08 00:00:00+00:00
[2025-10-08T08:58:05.027+0000] {processor.py:183} INFO - Processing /home/airflow/.local/lib/python3.12/site-packages/airflow/example_dags/example_bash_operator.py took 0.107 seconds
[2025-10-08T08:58:35.166+0000] {processor.py:161} INFO - Started process (PID=788) to work on /home/airflow/.local/lib/python3.12/site-packages/airflow/example_dags/example_bash_operator.py
[2025-10-08T08:58:35.168+0000] {processor.py:830} INFO - Processing file /home/airflow/.local/lib/python3.12/site-packages/airflow/example_dags/example_bash_operator.py for tasks to queue
[2025-10-08T08:58:35.171+0000] {logging_mixin.py:188} INFO - [2025-10-08T08:58:35.170+0000] {dagbag.py:545} INFO - Filling up the DagBag from /home/airflow/.local/lib/python3.12/site-packages/airflow/example_dags/example_bash_operator.py
[2025-10-08T08:58:35.184+0000] {processor.py:840} INFO - DAG(s) 'example_bash_operator' retrieved from /home/airflow/.local/lib/python3.12/site-packages/airflow/example_dags/example_bash_operator.py
[2025-10-08T08:58:35.217+0000] {logging_mixin.py:188} INFO - [2025-10-08T08:58:35.217+0000] {dag.py:3096} INFO - Sync 1 DAGs
[2025-10-08T08:58:35.247+0000] {logging_mixin.py:188} INFO - [2025-10-08T08:58:35.247+0000] {dag.py:3954} INFO - Setting next_dagrun for example_bash_operator to 2025-10-07 00:00:00+00:00, run_after=2025-10-08 00:00:00+00:00
[2025-10-08T08:58:35.271+0000] {processor.py:183} INFO - Processing /home/airflow/.local/lib/python3.12/site-packages/airflow/example_dags/example_bash_operator.py took 0.113 seconds
[2025-10-08T08:59:05.416+0000] {processor.py:161} INFO - Started process (PID=846) to work on /home/airflow/.local/lib/python3.12/site-packages/airflow/example_dags/example_bash_operator.py
[2025-10-08T08:59:05.417+0000] {processor.py:830} INFO - Processing file /home/airflow/.local/lib/python3.12/site-packages/airflow/example_dags/example_bash_operator.py for tasks to queue
[2025-10-08T08:59:05.420+0000] {logging_mixin.py:188} INFO - [2025-10-08T08:59:05.419+0000] {dagbag.py:545} INFO - Filling up the DagBag from /home/airflow/.local/lib/python3.12/site-packages/airflow/example_dags/example_bash_operator.py
[2025-10-08T08:59:05.433+0000] {processor.py:840} INFO - DAG(s) 'example_bash_operator' retrieved from /home/airflow/.local/lib/python3.12/site-packages/airflow/example_dags/example_bash_operator.py
[2025-10-08T08:59:05.465+0000] {logging_mixin.py:188} INFO - [2025-10-08T08:59:05.465+0000] {dag.py:3096} INFO - Sync 1 DAGs
[2025-10-08T08:59:05.497+0000] {logging_mixin.py:188} INFO - [2025-10-08T08:59:05.497+0000] {dag.py:3954} INFO - Setting next_dagrun for example_bash_operator to 2025-10-07 00:00:00+00:00, run_after=2025-10-08 00:00:00+00:00
[2025-10-08T08:59:05.532+0000] {processor.py:183} INFO - Processing /home/airflow/.local/lib/python3.12/site-packages/airflow/example_dags/example_bash_operator.py took 0.123 seconds
[2025-10-08T08:59:35.974+0000] {processor.py:161} INFO - Started process (PID=905) to work on /home/airflow/.local/lib/python3.12/site-packages/airflow/example_dags/example_bash_operator.py
[2025-10-08T08:59:35.976+0000] {processor.py:830} INFO - Processing file /home/airflow/.local/lib/python3.12/site-packages/airflow/example_dags/example_bash_operator.py for tasks to queue
[2025-10-08T08:59:35.979+0000] {logging_mixin.py:188} INFO - [2025-10-08T08:59:35.978+0000] {dagbag.py:545} INFO - Filling up the DagBag from /home/airflow/.local/lib/python3.12/site-packages/airflow/example_dags/example_bash_operator.py
[2025-10-08T08:59:35.991+0000] {processor.py:840} INFO - DAG(s) 'example_bash_operator' retrieved from /home/airflow/.local/lib/python3.12/site-packages/airflow/example_dags/example_bash_operator.py
[2025-10-08T08:59:36.023+0000] {logging_mixin.py:188} INFO - [2025-10-08T08:59:36.023+0000] {dag.py:3096} INFO - Sync 1 DAGs
[2025-10-08T08:59:36.049+0000] {logging_mixin.py:188} INFO - [2025-10-08T08:59:36.048+0000] {dag.py:3954} INFO - Setting next_dagrun for example_bash_operator to 2025-10-07 00:00:00+00:00, run_after=2025-10-08 00:00:00+00:00
[2025-10-08T08:59:36.092+0000] {processor.py:183} INFO - Processing /home/airflow/.local/lib/python3.12/site-packages/airflow/example_dags/example_bash_operator.py took 0.126 seconds
[2025-10-08T09:00:06.358+0000] {processor.py:161} INFO - Started process (PID=964) to work on /home/airflow/.local/lib/python3.12/site-packages/airflow/example_dags/example_bash_operator.py
[2025-10-08T09:00:06.360+0000] {processor.py:830} INFO - Processing file /home/airflow/.local/lib/python3.12/site-packages/airflow/example_dags/example_bash_operator.py for tasks to queue
[2025-10-08T09:00:06.363+0000] {logging_mixin.py:188} INFO - [2025-10-08T09:00:06.363+0000] {dagbag.py:545} INFO - Filling up the DagBag from /home/airflow/.local/lib/python3.12/site-packages/airflow/example_dags/example_bash_operator.py
[2025-10-08T09:00:06.380+0000] {processor.py:840} INFO - DAG(s) 'example_bash_operator' retrieved from /home/airflow/.local/lib/python3.12/site-packages/airflow/example_dags/example_bash_operator.py
[2025-10-08T09:00:06.421+0000] {logging_mixin.py:188} INFO - [2025-10-08T09:00:06.421+0000] {dag.py:3096} INFO - Sync 1 DAGs
[2025-10-08T09:00:06.455+0000] {logging_mixin.py:188} INFO - [2025-10-08T09:00:06.454+0000] {dag.py:3954} INFO - Setting next_dagrun for example_bash_operator to 2025-10-07 00:00:00+00:00, run_after=2025-10-08 00:00:00+00:00
[2025-10-08T09:00:06.483+0000] {processor.py:183} INFO - Processing /home/airflow/.local/lib/python3.12/site-packages/airflow/example_dags/example_bash_operator.py took 0.133 seconds
[2025-10-08T09:00:36.634+0000] {processor.py:161} INFO - Started process (PID=1023) to work on /home/airflow/.local/lib/python3.12/site-packages/airflow/example_dags/example_bash_operator.py
[2025-10-08T09:00:36.636+0000] {processor.py:830} INFO - Processing file /home/airflow/.local/lib/python3.12/site-packages/airflow/example_dags/example_bash_operator.py for tasks to queue
[2025-10-08T09:00:36.640+0000] {logging_mixin.py:188} INFO - [2025-10-08T09:00:36.639+0000] {dagbag.py:545} INFO - Filling up the DagBag from /home/airflow/.local/lib/python3.12/site-packages/airflow/example_dags/example_bash_operator.py
[2025-10-08T09:00:36.661+0000] {processor.py:840} INFO - DAG(s) 'example_bash_operator' retrieved from /home/airflow/.local/lib/python3.12/site-packages/airflow/example_dags/example_bash_operator.py
[2025-10-08T09:00:36.707+0000] {logging_mixin.py:188} INFO - [2025-10-08T09:00:36.707+0000] {dag.py:3096} INFO - Sync 1 DAGs
[2025-10-08T09:00:36.743+0000] {logging_mixin.py:188} INFO - [2025-10-08T09:00:36.743+0000] {dag.py:3954} INFO - Setting next_dagrun for example_bash_operator to 2025-10-07 00:00:00+00:00, run_after=2025-10-08 00:00:00+00:00
[2025-10-08T09:00:36.774+0000] {processor.py:183} INFO - Processing /home/airflow/.local/lib/python3.12/site-packages/airflow/example_dags/example_bash_operator.py took 0.148 seconds
[2025-10-08T09:01:07.058+0000] {processor.py:161} INFO - Started process (PID=1082) to work on /home/airflow/.local/lib/python3.12/site-packages/airflow/example_dags/example_bash_operator.py
[2025-10-08T09:01:07.060+0000] {processor.py:830} INFO - Processing file /home/airflow/.local/lib/python3.12/site-packages/airflow/example_dags/example_bash_operator.py for tasks to queue
[2025-10-08T09:01:07.063+0000] {logging_mixin.py:188} INFO - [2025-10-08T09:01:07.063+0000] {dagbag.py:545} INFO - Filling up the DagBag from /home/airflow/.local/lib/python3.12/site-packages/airflow/example_dags/example_bash_operator.py
[2025-10-08T09:01:07.077+0000] {processor.py:840} INFO - DAG(s) 'example_bash_operator' retrieved from /home/airflow/.local/lib/python3.12/site-packages/airflow/example_dags/example_bash_operator.py
[2025-10-08T09:01:07.111+0000] {logging_mixin.py:188} INFO - [2025-10-08T09:01:07.110+0000] {dag.py:3096} INFO - Sync 1 DAGs
[2025-10-08T09:01:07.140+0000] {logging_mixin.py:188} INFO - [2025-10-08T09:01:07.139+0000] {dag.py:3954} INFO - Setting next_dagrun for example_bash_operator to 2025-10-07 00:00:00+00:00, run_after=2025-10-08 00:00:00+00:00
[2025-10-08T09:01:07.167+0000] {processor.py:183} INFO - Processing /home/airflow/.local/lib/python3.12/site-packages/airflow/example_dags/example_bash_operator.py took 0.117 seconds
[2025-10-08T09:01:37.368+0000] {processor.py:161} INFO - Started process (PID=1141) to work on /home/airflow/.local/lib/python3.12/site-packages/airflow/example_dags/example_bash_operator.py
[2025-10-08T09:01:37.372+0000] {processor.py:830} INFO - Processing file /home/airflow/.local/lib/python3.12/site-packages/airflow/example_dags/example_bash_operator.py for tasks to queue
[2025-10-08T09:01:37.376+0000] {logging_mixin.py:188} INFO - [2025-10-08T09:01:37.375+0000] {dagbag.py:545} INFO - Filling up the DagBag from /home/airflow/.local/lib/python3.12/site-packages/airflow/example_dags/example_bash_operator.py
[2025-10-08T09:01:37.403+0000] {processor.py:840} INFO - DAG(s) 'example_bash_operator' retrieved from /home/airflow/.local/lib/python3.12/site-packages/airflow/example_dags/example_bash_operator.py
[2025-10-08T09:01:37.452+0000] {logging_mixin.py:188} INFO - [2025-10-08T09:01:37.451+0000] {dag.py:3096} INFO - Sync 1 DAGs
[2025-10-08T09:01:37.484+0000] {logging_mixin.py:188} INFO - [2025-10-08T09:01:37.483+0000] {dag.py:3954} INFO - Setting next_dagrun for example_bash_operator to 2025-10-07 00:00:00+00:00, run_after=2025-10-08 00:00:00+00:00
[2025-10-08T09:01:37.513+0000] {processor.py:183} INFO - Processing /home/airflow/.local/lib/python3.12/site-packages/airflow/example_dags/example_bash_operator.py took 0.162 seconds
[2025-10-08T09:02:08.255+0000] {processor.py:161} INFO - Started process (PID=1200) to work on /home/airflow/.local/lib/python3.12/site-packages/airflow/example_dags/example_bash_operator.py
[2025-10-08T09:02:08.256+0000] {processor.py:830} INFO - Processing file /home/airflow/.local/lib/python3.12/site-packages/airflow/example_dags/example_bash_operator.py for tasks to queue
[2025-10-08T09:02:08.259+0000] {logging_mixin.py:188} INFO - [2025-10-08T09:02:08.258+0000] {dagbag.py:545} INFO - Filling up the DagBag from /home/airflow/.local/lib/python3.12/site-packages/airflow/example_dags/example_bash_operator.py
[2025-10-08T09:02:08.272+0000] {processor.py:840} INFO - DAG(s) 'example_bash_operator' retrieved from /home/airflow/.local/lib/python3.12/site-packages/airflow/example_dags/example_bash_operator.py
[2025-10-08T09:02:08.316+0000] {logging_mixin.py:188} INFO - [2025-10-08T09:02:08.315+0000] {dag.py:3096} INFO - Sync 1 DAGs
[2025-10-08T09:02:08.347+0000] {logging_mixin.py:188} INFO - [2025-10-08T09:02:08.347+0000] {dag.py:3954} INFO - Setting next_dagrun for example_bash_operator to 2025-10-07 00:00:00+00:00, run_after=2025-10-08 00:00:00+00:00
[2025-10-08T09:02:08.377+0000] {processor.py:183} INFO - Processing /home/airflow/.local/lib/python3.12/site-packages/airflow/example_dags/example_bash_operator.py took 0.129 seconds
[2025-10-08T09:02:38.563+0000] {processor.py:161} INFO - Started process (PID=1259) to work on /home/airflow/.local/lib/python3.12/site-packages/airflow/example_dags/example_bash_operator.py
[2025-10-08T09:02:38.567+0000] {processor.py:830} INFO - Processing file /home/airflow/.local/lib/python3.12/site-packages/airflow/example_dags/example_bash_operator.py for tasks to queue
[2025-10-08T09:02:38.573+0000] {logging_mixin.py:188} INFO - [2025-10-08T09:02:38.573+0000] {dagbag.py:545} INFO - Filling up the DagBag from /home/airflow/.local/lib/python3.12/site-packages/airflow/example_dags/example_bash_operator.py
[2025-10-08T09:02:38.594+0000] {processor.py:840} INFO - DAG(s) 'example_bash_operator' retrieved from /home/airflow/.local/lib/python3.12/site-packages/airflow/example_dags/example_bash_operator.py
[2025-10-08T09:02:38.644+0000] {logging_mixin.py:188} INFO - [2025-10-08T09:02:38.643+0000] {dag.py:3096} INFO - Sync 1 DAGs
[2025-10-08T09:02:38.680+0000] {logging_mixin.py:188} INFO - [2025-10-08T09:02:38.680+0000] {dag.py:3954} INFO - Setting next_dagrun for example_bash_operator to 2025-10-07 00:00:00+00:00, run_after=2025-10-08 00:00:00+00:00
[2025-10-08T09:02:38.730+0000] {processor.py:183} INFO - Processing /home/airflow/.local/lib/python3.12/site-packages/airflow/example_dags/example_bash_operator.py took 0.179 seconds
[2025-10-08T09:03:08.818+0000] {processor.py:161} INFO - Started process (PID=1318) to work on /home/airflow/.local/lib/python3.12/site-packages/airflow/example_dags/example_bash_operator.py
[2025-10-08T09:03:08.820+0000] {processor.py:830} INFO - Processing file /home/airflow/.local/lib/python3.12/site-packages/airflow/example_dags/example_bash_operator.py for tasks to queue
[2025-10-08T09:03:08.824+0000] {logging_mixin.py:188} INFO - [2025-10-08T09:03:08.823+0000] {dagbag.py:545} INFO - Filling up the DagBag from /home/airflow/.local/lib/python3.12/site-packages/airflow/example_dags/example_bash_operator.py
[2025-10-08T09:03:08.840+0000] {processor.py:840} INFO - DAG(s) 'example_bash_operator' retrieved from /home/airflow/.local/lib/python3.12/site-packages/airflow/example_dags/example_bash_operator.py
[2025-10-08T09:03:08.882+0000] {logging_mixin.py:188} INFO - [2025-10-08T09:03:08.882+0000] {dag.py:3096} INFO - Sync 1 DAGs
[2025-10-08T09:03:08.910+0000] {logging_mixin.py:188} INFO - [2025-10-08T09:03:08.910+0000] {dag.py:3954} INFO - Setting next_dagrun for example_bash_operator to 2025-10-07 00:00:00+00:00, run_after=2025-10-08 00:00:00+00:00
[2025-10-08T09:03:08.972+0000] {processor.py:183} INFO - Processing /home/airflow/.local/lib/python3.12/site-packages/airflow/example_dags/example_bash_operator.py took 0.165 seconds
[2025-10-08T09:03:39.721+0000] {processor.py:161} INFO - Started process (PID=1377) to work on /home/airflow/.local/lib/python3.12/site-packages/airflow/example_dags/example_bash_operator.py
[2025-10-08T09:03:39.723+0000] {processor.py:830} INFO - Processing file /home/airflow/.local/lib/python3.12/site-packages/airflow/example_dags/example_bash_operator.py for tasks to queue
[2025-10-08T09:03:39.727+0000] {logging_mixin.py:188} INFO - [2025-10-08T09:03:39.727+0000] {dagbag.py:545} INFO - Filling up the DagBag from /home/airflow/.local/lib/python3.12/site-packages/airflow/example_dags/example_bash_operator.py
[2025-10-08T09:03:39.747+0000] {processor.py:840} INFO - DAG(s) 'example_bash_operator' retrieved from /home/airflow/.local/lib/python3.12/site-packages/airflow/example_dags/example_bash_operator.py
[2025-10-08T09:03:39.787+0000] {logging_mixin.py:188} INFO - [2025-10-08T09:03:39.786+0000] {dag.py:3096} INFO - Sync 1 DAGs
[2025-10-08T09:03:40.016+0000] {logging_mixin.py:188} INFO - [2025-10-08T09:03:40.015+0000] {dag.py:3954} INFO - Setting next_dagrun for example_bash_operator to 2025-10-07 00:00:00+00:00, run_after=2025-10-08 00:00:00+00:00
[2025-10-08T09:03:40.052+0000] {processor.py:183} INFO - Processing /home/airflow/.local/lib/python3.12/site-packages/airflow/example_dags/example_bash_operator.py took 0.343 seconds
[2025-10-08T09:04:10.139+0000] {processor.py:161} INFO - Started process (PID=1436) to work on /home/airflow/.local/lib/python3.12/site-packages/airflow/example_dags/example_bash_operator.py
[2025-10-08T09:04:10.140+0000] {processor.py:830} INFO - Processing file /home/airflow/.local/lib/python3.12/site-packages/airflow/example_dags/example_bash_operator.py for tasks to queue
[2025-10-08T09:04:10.143+0000] {logging_mixin.py:188} INFO - [2025-10-08T09:04:10.143+0000] {dagbag.py:545} INFO - Filling up the DagBag from /home/airflow/.local/lib/python3.12/site-packages/airflow/example_dags/example_bash_operator.py
[2025-10-08T09:04:10.158+0000] {processor.py:840} INFO - DAG(s) 'example_bash_operator' retrieved from /home/airflow/.local/lib/python3.12/site-packages/airflow/example_dags/example_bash_operator.py
[2025-10-08T09:04:10.191+0000] {logging_mixin.py:188} INFO - [2025-10-08T09:04:10.191+0000] {dag.py:3096} INFO - Sync 1 DAGs
[2025-10-08T09:04:10.217+0000] {logging_mixin.py:188} INFO - [2025-10-08T09:04:10.217+0000] {dag.py:3954} INFO - Setting next_dagrun for example_bash_operator to 2025-10-07 00:00:00+00:00, run_after=2025-10-08 00:00:00+00:00
[2025-10-08T09:04:10.440+0000] {processor.py:183} INFO - Processing /home/airflow/.local/lib/python3.12/site-packages/airflow/example_dags/example_bash_operator.py took 0.307 seconds
