[2025-10-08T08:03:00.804+0000] {processor.py:161} INFO - Started process (PID=96) to work on /home/airflow/.local/lib/python3.12/site-packages/airflow/example_dags/example_branch_datetime_operator.py
[2025-10-08T08:03:00.806+0000] {processor.py:830} INFO - Processing file /home/airflow/.local/lib/python3.12/site-packages/airflow/example_dags/example_branch_datetime_operator.py for tasks to queue
[2025-10-08T08:03:00.811+0000] {logging_mixin.py:188} INFO - [2025-10-08T08:03:00.811+0000] {dagbag.py:545} INFO - Filling up the DagBag from /home/airflow/.local/lib/python3.12/site-packages/airflow/example_dags/example_branch_datetime_operator.py
[2025-10-08T08:03:00.829+0000] {processor.py:840} INFO - DAG(s) 'example_branch_datetime_operator_2', 'example_branch_datetime_operator', 'example_branch_datetime_operator_3' retrieved from /home/airflow/.local/lib/python3.12/site-packages/airflow/example_dags/example_branch_datetime_operator.py
[2025-10-08T08:03:01.006+0000] {logging_mixin.py:188} INFO - [2025-10-08T08:03:01.005+0000] {override.py:1829} INFO - Created Permission View: can edit on DAG:example_branch_datetime_operator_2
[2025-10-08T08:03:01.025+0000] {logging_mixin.py:188} INFO - [2025-10-08T08:03:01.025+0000] {override.py:1829} INFO - Created Permission View: can delete on DAG:example_branch_datetime_operator_2
[2025-10-08T08:03:01.040+0000] {logging_mixin.py:188} INFO - [2025-10-08T08:03:01.040+0000] {override.py:1829} INFO - Created Permission View: can read on DAG:example_branch_datetime_operator_2
[2025-10-08T08:03:01.069+0000] {logging_mixin.py:188} INFO - [2025-10-08T08:03:01.068+0000] {override.py:1829} INFO - Created Permission View: can edit on DAG:example_branch_datetime_operator
[2025-10-08T08:03:01.084+0000] {logging_mixin.py:188} INFO - [2025-10-08T08:03:01.084+0000] {override.py:1829} INFO - Created Permission View: can delete on DAG:example_branch_datetime_operator
[2025-10-08T08:03:01.099+0000] {logging_mixin.py:188} INFO - [2025-10-08T08:03:01.098+0000] {override.py:1829} INFO - Created Permission View: can read on DAG:example_branch_datetime_operator
[2025-10-08T08:03:01.130+0000] {logging_mixin.py:188} INFO - [2025-10-08T08:03:01.129+0000] {override.py:1829} INFO - Created Permission View: can edit on DAG:example_branch_datetime_operator_3
[2025-10-08T08:03:01.144+0000] {logging_mixin.py:188} INFO - [2025-10-08T08:03:01.143+0000] {override.py:1829} INFO - Created Permission View: can delete on DAG:example_branch_datetime_operator_3
[2025-10-08T08:03:01.156+0000] {logging_mixin.py:188} INFO - [2025-10-08T08:03:01.155+0000] {override.py:1829} INFO - Created Permission View: can read on DAG:example_branch_datetime_operator_3
[2025-10-08T08:03:01.157+0000] {logging_mixin.py:188} INFO - [2025-10-08T08:03:01.157+0000] {dag.py:3096} INFO - Sync 3 DAGs
[2025-10-08T08:03:01.173+0000] {logging_mixin.py:188} INFO - [2025-10-08T08:03:01.173+0000] {dag.py:3118} INFO - Creating ORM DAG for example_branch_datetime_operator
[2025-10-08T08:03:01.175+0000] {logging_mixin.py:188} INFO - [2025-10-08T08:03:01.175+0000] {dag.py:3118} INFO - Creating ORM DAG for example_branch_datetime_operator_2
[2025-10-08T08:03:01.177+0000] {logging_mixin.py:188} INFO - [2025-10-08T08:03:01.176+0000] {dag.py:3118} INFO - Creating ORM DAG for example_branch_datetime_operator_3
[2025-10-08T08:03:01.207+0000] {logging_mixin.py:188} INFO - [2025-10-08T08:03:01.205+0000] {dag.py:3954} INFO - Setting next_dagrun for example_branch_datetime_operator to 2025-10-07 00:00:00+00:00, run_after=2025-10-08 00:00:00+00:00
[2025-10-08T08:03:01.212+0000] {logging_mixin.py:188} INFO - [2025-10-08T08:03:01.212+0000] {dag.py:3954} INFO - Setting next_dagrun for example_branch_datetime_operator_2 to 2025-10-07 00:00:00+00:00, run_after=2025-10-08 00:00:00+00:00
[2025-10-08T08:03:01.214+0000] {logging_mixin.py:188} INFO - [2025-10-08T08:03:01.214+0000] {dag.py:3954} INFO - Setting next_dagrun for example_branch_datetime_operator_3 to 2025-10-07 00:00:00+00:00, run_after=2025-10-08 00:00:00+00:00
[2025-10-08T08:03:01.260+0000] {processor.py:183} INFO - Processing /home/airflow/.local/lib/python3.12/site-packages/airflow/example_dags/example_branch_datetime_operator.py took 0.465 seconds
[2025-10-08T08:03:32.132+0000] {processor.py:161} INFO - Started process (PID=154) to work on /home/airflow/.local/lib/python3.12/site-packages/airflow/example_dags/example_branch_datetime_operator.py
[2025-10-08T08:03:32.135+0000] {processor.py:830} INFO - Processing file /home/airflow/.local/lib/python3.12/site-packages/airflow/example_dags/example_branch_datetime_operator.py for tasks to queue
[2025-10-08T08:03:32.141+0000] {logging_mixin.py:188} INFO - [2025-10-08T08:03:32.140+0000] {dagbag.py:545} INFO - Filling up the DagBag from /home/airflow/.local/lib/python3.12/site-packages/airflow/example_dags/example_branch_datetime_operator.py
[2025-10-08T08:03:32.168+0000] {processor.py:840} INFO - DAG(s) 'example_branch_datetime_operator', 'example_branch_datetime_operator_2', 'example_branch_datetime_operator_3' retrieved from /home/airflow/.local/lib/python3.12/site-packages/airflow/example_dags/example_branch_datetime_operator.py
[2025-10-08T08:03:32.220+0000] {logging_mixin.py:188} INFO - [2025-10-08T08:03:32.219+0000] {dag.py:3096} INFO - Sync 3 DAGs
[2025-10-08T08:03:32.255+0000] {logging_mixin.py:188} INFO - [2025-10-08T08:03:32.255+0000] {dag.py:3954} INFO - Setting next_dagrun for example_branch_datetime_operator to 2025-10-07 00:00:00+00:00, run_after=2025-10-08 00:00:00+00:00
[2025-10-08T08:03:32.262+0000] {logging_mixin.py:188} INFO - [2025-10-08T08:03:32.262+0000] {dag.py:3954} INFO - Setting next_dagrun for example_branch_datetime_operator_2 to 2025-10-07 00:00:00+00:00, run_after=2025-10-08 00:00:00+00:00
[2025-10-08T08:03:32.267+0000] {logging_mixin.py:188} INFO - [2025-10-08T08:03:32.267+0000] {dag.py:3954} INFO - Setting next_dagrun for example_branch_datetime_operator_3 to 2025-10-07 00:00:00+00:00, run_after=2025-10-08 00:00:00+00:00
[2025-10-08T08:03:32.302+0000] {processor.py:183} INFO - Processing /home/airflow/.local/lib/python3.12/site-packages/airflow/example_dags/example_branch_datetime_operator.py took 0.185 seconds
[2025-10-08T08:04:02.919+0000] {processor.py:161} INFO - Started process (PID=212) to work on /home/airflow/.local/lib/python3.12/site-packages/airflow/example_dags/example_branch_datetime_operator.py
[2025-10-08T08:04:02.921+0000] {processor.py:830} INFO - Processing file /home/airflow/.local/lib/python3.12/site-packages/airflow/example_dags/example_branch_datetime_operator.py for tasks to queue
[2025-10-08T08:04:02.926+0000] {logging_mixin.py:188} INFO - [2025-10-08T08:04:02.925+0000] {dagbag.py:545} INFO - Filling up the DagBag from /home/airflow/.local/lib/python3.12/site-packages/airflow/example_dags/example_branch_datetime_operator.py
[2025-10-08T08:04:02.945+0000] {processor.py:840} INFO - DAG(s) 'example_branch_datetime_operator_2', 'example_branch_datetime_operator_3', 'example_branch_datetime_operator' retrieved from /home/airflow/.local/lib/python3.12/site-packages/airflow/example_dags/example_branch_datetime_operator.py
[2025-10-08T08:04:02.987+0000] {logging_mixin.py:188} INFO - [2025-10-08T08:04:02.987+0000] {dag.py:3096} INFO - Sync 3 DAGs
[2025-10-08T08:04:03.024+0000] {logging_mixin.py:188} INFO - [2025-10-08T08:04:03.024+0000] {dag.py:3954} INFO - Setting next_dagrun for example_branch_datetime_operator to 2025-10-07 00:00:00+00:00, run_after=2025-10-08 00:00:00+00:00
[2025-10-08T08:04:03.032+0000] {logging_mixin.py:188} INFO - [2025-10-08T08:04:03.032+0000] {dag.py:3954} INFO - Setting next_dagrun for example_branch_datetime_operator_2 to 2025-10-07 00:00:00+00:00, run_after=2025-10-08 00:00:00+00:00
[2025-10-08T08:04:03.037+0000] {logging_mixin.py:188} INFO - [2025-10-08T08:04:03.037+0000] {dag.py:3954} INFO - Setting next_dagrun for example_branch_datetime_operator_3 to 2025-10-07 00:00:00+00:00, run_after=2025-10-08 00:00:00+00:00
[2025-10-08T08:04:03.072+0000] {processor.py:183} INFO - Processing /home/airflow/.local/lib/python3.12/site-packages/airflow/example_dags/example_branch_datetime_operator.py took 0.166 seconds
[2025-10-08T08:04:33.414+0000] {processor.py:161} INFO - Started process (PID=270) to work on /home/airflow/.local/lib/python3.12/site-packages/airflow/example_dags/example_branch_datetime_operator.py
[2025-10-08T08:04:33.419+0000] {processor.py:830} INFO - Processing file /home/airflow/.local/lib/python3.12/site-packages/airflow/example_dags/example_branch_datetime_operator.py for tasks to queue
[2025-10-08T08:04:33.427+0000] {logging_mixin.py:188} INFO - [2025-10-08T08:04:33.426+0000] {dagbag.py:545} INFO - Filling up the DagBag from /home/airflow/.local/lib/python3.12/site-packages/airflow/example_dags/example_branch_datetime_operator.py
[2025-10-08T08:04:33.467+0000] {processor.py:840} INFO - DAG(s) 'example_branch_datetime_operator_3', 'example_branch_datetime_operator_2', 'example_branch_datetime_operator' retrieved from /home/airflow/.local/lib/python3.12/site-packages/airflow/example_dags/example_branch_datetime_operator.py
[2025-10-08T08:04:33.526+0000] {logging_mixin.py:188} INFO - [2025-10-08T08:04:33.526+0000] {dag.py:3096} INFO - Sync 3 DAGs
[2025-10-08T08:04:33.564+0000] {logging_mixin.py:188} INFO - [2025-10-08T08:04:33.564+0000] {dag.py:3954} INFO - Setting next_dagrun for example_branch_datetime_operator to 2025-10-07 00:00:00+00:00, run_after=2025-10-08 00:00:00+00:00
[2025-10-08T08:04:33.571+0000] {logging_mixin.py:188} INFO - [2025-10-08T08:04:33.571+0000] {dag.py:3954} INFO - Setting next_dagrun for example_branch_datetime_operator_2 to 2025-10-07 00:00:00+00:00, run_after=2025-10-08 00:00:00+00:00
[2025-10-08T08:04:33.575+0000] {logging_mixin.py:188} INFO - [2025-10-08T08:04:33.574+0000] {dag.py:3954} INFO - Setting next_dagrun for example_branch_datetime_operator_3 to 2025-10-07 00:00:00+00:00, run_after=2025-10-08 00:00:00+00:00
[2025-10-08T08:04:33.601+0000] {processor.py:183} INFO - Processing /home/airflow/.local/lib/python3.12/site-packages/airflow/example_dags/example_branch_datetime_operator.py took 0.206 seconds
[2025-10-08T08:05:04.359+0000] {processor.py:161} INFO - Started process (PID=328) to work on /home/airflow/.local/lib/python3.12/site-packages/airflow/example_dags/example_branch_datetime_operator.py
[2025-10-08T08:05:04.361+0000] {processor.py:830} INFO - Processing file /home/airflow/.local/lib/python3.12/site-packages/airflow/example_dags/example_branch_datetime_operator.py for tasks to queue
[2025-10-08T08:05:04.366+0000] {logging_mixin.py:188} INFO - [2025-10-08T08:05:04.365+0000] {dagbag.py:545} INFO - Filling up the DagBag from /home/airflow/.local/lib/python3.12/site-packages/airflow/example_dags/example_branch_datetime_operator.py
[2025-10-08T08:05:04.379+0000] {processor.py:840} INFO - DAG(s) 'example_branch_datetime_operator_2', 'example_branch_datetime_operator_3', 'example_branch_datetime_operator' retrieved from /home/airflow/.local/lib/python3.12/site-packages/airflow/example_dags/example_branch_datetime_operator.py
[2025-10-08T08:05:04.418+0000] {logging_mixin.py:188} INFO - [2025-10-08T08:05:04.417+0000] {dag.py:3096} INFO - Sync 3 DAGs
[2025-10-08T08:05:04.447+0000] {logging_mixin.py:188} INFO - [2025-10-08T08:05:04.447+0000] {dag.py:3954} INFO - Setting next_dagrun for example_branch_datetime_operator to 2025-10-07 00:00:00+00:00, run_after=2025-10-08 00:00:00+00:00
[2025-10-08T08:05:04.454+0000] {logging_mixin.py:188} INFO - [2025-10-08T08:05:04.453+0000] {dag.py:3954} INFO - Setting next_dagrun for example_branch_datetime_operator_2 to 2025-10-07 00:00:00+00:00, run_after=2025-10-08 00:00:00+00:00
[2025-10-08T08:05:04.457+0000] {logging_mixin.py:188} INFO - [2025-10-08T08:05:04.457+0000] {dag.py:3954} INFO - Setting next_dagrun for example_branch_datetime_operator_3 to 2025-10-07 00:00:00+00:00, run_after=2025-10-08 00:00:00+00:00
[2025-10-08T08:05:04.481+0000] {processor.py:183} INFO - Processing /home/airflow/.local/lib/python3.12/site-packages/airflow/example_dags/example_branch_datetime_operator.py took 0.136 seconds
[2025-10-08T08:05:34.623+0000] {processor.py:161} INFO - Started process (PID=386) to work on /home/airflow/.local/lib/python3.12/site-packages/airflow/example_dags/example_branch_datetime_operator.py
[2025-10-08T08:05:34.626+0000] {processor.py:830} INFO - Processing file /home/airflow/.local/lib/python3.12/site-packages/airflow/example_dags/example_branch_datetime_operator.py for tasks to queue
[2025-10-08T08:05:34.630+0000] {logging_mixin.py:188} INFO - [2025-10-08T08:05:34.630+0000] {dagbag.py:545} INFO - Filling up the DagBag from /home/airflow/.local/lib/python3.12/site-packages/airflow/example_dags/example_branch_datetime_operator.py
[2025-10-08T08:05:34.653+0000] {processor.py:840} INFO - DAG(s) 'example_branch_datetime_operator_2', 'example_branch_datetime_operator_3', 'example_branch_datetime_operator' retrieved from /home/airflow/.local/lib/python3.12/site-packages/airflow/example_dags/example_branch_datetime_operator.py
[2025-10-08T08:05:34.706+0000] {logging_mixin.py:188} INFO - [2025-10-08T08:05:34.706+0000] {dag.py:3096} INFO - Sync 3 DAGs
[2025-10-08T08:05:34.749+0000] {logging_mixin.py:188} INFO - [2025-10-08T08:05:34.748+0000] {dag.py:3954} INFO - Setting next_dagrun for example_branch_datetime_operator to 2025-10-07 00:00:00+00:00, run_after=2025-10-08 00:00:00+00:00
[2025-10-08T08:05:34.757+0000] {logging_mixin.py:188} INFO - [2025-10-08T08:05:34.756+0000] {dag.py:3954} INFO - Setting next_dagrun for example_branch_datetime_operator_2 to 2025-10-07 00:00:00+00:00, run_after=2025-10-08 00:00:00+00:00
[2025-10-08T08:05:34.762+0000] {logging_mixin.py:188} INFO - [2025-10-08T08:05:34.762+0000] {dag.py:3954} INFO - Setting next_dagrun for example_branch_datetime_operator_3 to 2025-10-07 00:00:00+00:00, run_after=2025-10-08 00:00:00+00:00
[2025-10-08T08:05:34.801+0000] {processor.py:183} INFO - Processing /home/airflow/.local/lib/python3.12/site-packages/airflow/example_dags/example_branch_datetime_operator.py took 0.197 seconds
[2025-10-08T08:06:04.964+0000] {processor.py:161} INFO - Started process (PID=444) to work on /home/airflow/.local/lib/python3.12/site-packages/airflow/example_dags/example_branch_datetime_operator.py
[2025-10-08T08:06:04.967+0000] {processor.py:830} INFO - Processing file /home/airflow/.local/lib/python3.12/site-packages/airflow/example_dags/example_branch_datetime_operator.py for tasks to queue
[2025-10-08T08:06:04.972+0000] {logging_mixin.py:188} INFO - [2025-10-08T08:06:04.971+0000] {dagbag.py:545} INFO - Filling up the DagBag from /home/airflow/.local/lib/python3.12/site-packages/airflow/example_dags/example_branch_datetime_operator.py
[2025-10-08T08:06:04.992+0000] {processor.py:840} INFO - DAG(s) 'example_branch_datetime_operator', 'example_branch_datetime_operator_2', 'example_branch_datetime_operator_3' retrieved from /home/airflow/.local/lib/python3.12/site-packages/airflow/example_dags/example_branch_datetime_operator.py
[2025-10-08T08:06:05.047+0000] {logging_mixin.py:188} INFO - [2025-10-08T08:06:05.047+0000] {dag.py:3096} INFO - Sync 3 DAGs
[2025-10-08T08:06:05.083+0000] {logging_mixin.py:188} INFO - [2025-10-08T08:06:05.083+0000] {dag.py:3954} INFO - Setting next_dagrun for example_branch_datetime_operator to 2025-10-07 00:00:00+00:00, run_after=2025-10-08 00:00:00+00:00
[2025-10-08T08:06:05.098+0000] {logging_mixin.py:188} INFO - [2025-10-08T08:06:05.097+0000] {dag.py:3954} INFO - Setting next_dagrun for example_branch_datetime_operator_2 to 2025-10-07 00:00:00+00:00, run_after=2025-10-08 00:00:00+00:00
[2025-10-08T08:06:05.104+0000] {logging_mixin.py:188} INFO - [2025-10-08T08:06:05.103+0000] {dag.py:3954} INFO - Setting next_dagrun for example_branch_datetime_operator_3 to 2025-10-07 00:00:00+00:00, run_after=2025-10-08 00:00:00+00:00
[2025-10-08T08:06:05.137+0000] {processor.py:183} INFO - Processing /home/airflow/.local/lib/python3.12/site-packages/airflow/example_dags/example_branch_datetime_operator.py took 0.185 seconds
[2025-10-08T08:07:48.971+0000] {processor.py:161} INFO - Started process (PID=85) to work on /home/airflow/.local/lib/python3.12/site-packages/airflow/example_dags/example_branch_datetime_operator.py
[2025-10-08T08:07:48.973+0000] {processor.py:830} INFO - Processing file /home/airflow/.local/lib/python3.12/site-packages/airflow/example_dags/example_branch_datetime_operator.py for tasks to queue
[2025-10-08T08:07:48.976+0000] {logging_mixin.py:188} INFO - [2025-10-08T08:07:48.976+0000] {dagbag.py:545} INFO - Filling up the DagBag from /home/airflow/.local/lib/python3.12/site-packages/airflow/example_dags/example_branch_datetime_operator.py
[2025-10-08T08:07:48.997+0000] {processor.py:840} INFO - DAG(s) 'example_branch_datetime_operator_3', 'example_branch_datetime_operator_2', 'example_branch_datetime_operator' retrieved from /home/airflow/.local/lib/python3.12/site-packages/airflow/example_dags/example_branch_datetime_operator.py
[2025-10-08T08:07:49.177+0000] {logging_mixin.py:188} INFO - [2025-10-08T08:07:49.177+0000] {dag.py:3096} INFO - Sync 3 DAGs
[2025-10-08T08:07:49.203+0000] {logging_mixin.py:188} INFO - [2025-10-08T08:07:49.203+0000] {dag.py:3954} INFO - Setting next_dagrun for example_branch_datetime_operator to 2025-10-07 00:00:00+00:00, run_after=2025-10-08 00:00:00+00:00
[2025-10-08T08:07:49.210+0000] {logging_mixin.py:188} INFO - [2025-10-08T08:07:49.209+0000] {dag.py:3954} INFO - Setting next_dagrun for example_branch_datetime_operator_2 to 2025-10-07 00:00:00+00:00, run_after=2025-10-08 00:00:00+00:00
[2025-10-08T08:07:49.213+0000] {logging_mixin.py:188} INFO - [2025-10-08T08:07:49.213+0000] {dag.py:3954} INFO - Setting next_dagrun for example_branch_datetime_operator_3 to 2025-10-07 00:00:00+00:00, run_after=2025-10-08 00:00:00+00:00
[2025-10-08T08:07:49.239+0000] {processor.py:183} INFO - Processing /home/airflow/.local/lib/python3.12/site-packages/airflow/example_dags/example_branch_datetime_operator.py took 0.276 seconds
[2025-10-08T08:08:19.461+0000] {processor.py:161} INFO - Started process (PID=143) to work on /home/airflow/.local/lib/python3.12/site-packages/airflow/example_dags/example_branch_datetime_operator.py
[2025-10-08T08:08:19.464+0000] {processor.py:830} INFO - Processing file /home/airflow/.local/lib/python3.12/site-packages/airflow/example_dags/example_branch_datetime_operator.py for tasks to queue
[2025-10-08T08:08:19.471+0000] {logging_mixin.py:188} INFO - [2025-10-08T08:08:19.469+0000] {dagbag.py:545} INFO - Filling up the DagBag from /home/airflow/.local/lib/python3.12/site-packages/airflow/example_dags/example_branch_datetime_operator.py
[2025-10-08T08:08:19.497+0000] {processor.py:840} INFO - DAG(s) 'example_branch_datetime_operator_2', 'example_branch_datetime_operator', 'example_branch_datetime_operator_3' retrieved from /home/airflow/.local/lib/python3.12/site-packages/airflow/example_dags/example_branch_datetime_operator.py
[2025-10-08T08:08:19.550+0000] {logging_mixin.py:188} INFO - [2025-10-08T08:08:19.549+0000] {dag.py:3096} INFO - Sync 3 DAGs
[2025-10-08T08:08:19.589+0000] {logging_mixin.py:188} INFO - [2025-10-08T08:08:19.588+0000] {dag.py:3954} INFO - Setting next_dagrun for example_branch_datetime_operator to 2025-10-07 00:00:00+00:00, run_after=2025-10-08 00:00:00+00:00
[2025-10-08T08:08:19.600+0000] {logging_mixin.py:188} INFO - [2025-10-08T08:08:19.600+0000] {dag.py:3954} INFO - Setting next_dagrun for example_branch_datetime_operator_2 to 2025-10-07 00:00:00+00:00, run_after=2025-10-08 00:00:00+00:00
[2025-10-08T08:08:19.606+0000] {logging_mixin.py:188} INFO - [2025-10-08T08:08:19.606+0000] {dag.py:3954} INFO - Setting next_dagrun for example_branch_datetime_operator_3 to 2025-10-07 00:00:00+00:00, run_after=2025-10-08 00:00:00+00:00
[2025-10-08T08:08:19.642+0000] {processor.py:183} INFO - Processing /home/airflow/.local/lib/python3.12/site-packages/airflow/example_dags/example_branch_datetime_operator.py took 0.199 seconds
[2025-10-08T08:08:50.456+0000] {processor.py:161} INFO - Started process (PID=201) to work on /home/airflow/.local/lib/python3.12/site-packages/airflow/example_dags/example_branch_datetime_operator.py
[2025-10-08T08:08:50.458+0000] {processor.py:830} INFO - Processing file /home/airflow/.local/lib/python3.12/site-packages/airflow/example_dags/example_branch_datetime_operator.py for tasks to queue
[2025-10-08T08:08:50.461+0000] {logging_mixin.py:188} INFO - [2025-10-08T08:08:50.460+0000] {dagbag.py:545} INFO - Filling up the DagBag from /home/airflow/.local/lib/python3.12/site-packages/airflow/example_dags/example_branch_datetime_operator.py
[2025-10-08T08:08:50.474+0000] {processor.py:840} INFO - DAG(s) 'example_branch_datetime_operator_3', 'example_branch_datetime_operator_2', 'example_branch_datetime_operator' retrieved from /home/airflow/.local/lib/python3.12/site-packages/airflow/example_dags/example_branch_datetime_operator.py
[2025-10-08T08:08:50.517+0000] {logging_mixin.py:188} INFO - [2025-10-08T08:08:50.517+0000] {dag.py:3096} INFO - Sync 3 DAGs
[2025-10-08T08:08:50.547+0000] {logging_mixin.py:188} INFO - [2025-10-08T08:08:50.547+0000] {dag.py:3954} INFO - Setting next_dagrun for example_branch_datetime_operator to 2025-10-07 00:00:00+00:00, run_after=2025-10-08 00:00:00+00:00
[2025-10-08T08:08:50.554+0000] {logging_mixin.py:188} INFO - [2025-10-08T08:08:50.554+0000] {dag.py:3954} INFO - Setting next_dagrun for example_branch_datetime_operator_2 to 2025-10-07 00:00:00+00:00, run_after=2025-10-08 00:00:00+00:00
[2025-10-08T08:08:50.557+0000] {logging_mixin.py:188} INFO - [2025-10-08T08:08:50.557+0000] {dag.py:3954} INFO - Setting next_dagrun for example_branch_datetime_operator_3 to 2025-10-07 00:00:00+00:00, run_after=2025-10-08 00:00:00+00:00
[2025-10-08T08:08:50.582+0000] {processor.py:183} INFO - Processing /home/airflow/.local/lib/python3.12/site-packages/airflow/example_dags/example_branch_datetime_operator.py took 0.134 seconds
[2025-10-08T08:09:21.247+0000] {processor.py:161} INFO - Started process (PID=259) to work on /home/airflow/.local/lib/python3.12/site-packages/airflow/example_dags/example_branch_datetime_operator.py
[2025-10-08T08:09:21.249+0000] {processor.py:830} INFO - Processing file /home/airflow/.local/lib/python3.12/site-packages/airflow/example_dags/example_branch_datetime_operator.py for tasks to queue
[2025-10-08T08:09:21.253+0000] {logging_mixin.py:188} INFO - [2025-10-08T08:09:21.252+0000] {dagbag.py:545} INFO - Filling up the DagBag from /home/airflow/.local/lib/python3.12/site-packages/airflow/example_dags/example_branch_datetime_operator.py
[2025-10-08T08:09:21.268+0000] {processor.py:840} INFO - DAG(s) 'example_branch_datetime_operator_3', 'example_branch_datetime_operator_2', 'example_branch_datetime_operator' retrieved from /home/airflow/.local/lib/python3.12/site-packages/airflow/example_dags/example_branch_datetime_operator.py
[2025-10-08T08:09:21.310+0000] {logging_mixin.py:188} INFO - [2025-10-08T08:09:21.310+0000] {dag.py:3096} INFO - Sync 3 DAGs
[2025-10-08T08:09:21.342+0000] {logging_mixin.py:188} INFO - [2025-10-08T08:09:21.342+0000] {dag.py:3954} INFO - Setting next_dagrun for example_branch_datetime_operator to 2025-10-07 00:00:00+00:00, run_after=2025-10-08 00:00:00+00:00
[2025-10-08T08:09:21.350+0000] {logging_mixin.py:188} INFO - [2025-10-08T08:09:21.350+0000] {dag.py:3954} INFO - Setting next_dagrun for example_branch_datetime_operator_2 to 2025-10-07 00:00:00+00:00, run_after=2025-10-08 00:00:00+00:00
[2025-10-08T08:09:21.355+0000] {logging_mixin.py:188} INFO - [2025-10-08T08:09:21.354+0000] {dag.py:3954} INFO - Setting next_dagrun for example_branch_datetime_operator_3 to 2025-10-07 00:00:00+00:00, run_after=2025-10-08 00:00:00+00:00
[2025-10-08T08:09:21.381+0000] {processor.py:183} INFO - Processing /home/airflow/.local/lib/python3.12/site-packages/airflow/example_dags/example_branch_datetime_operator.py took 0.143 seconds
[2025-10-08T08:09:51.683+0000] {processor.py:161} INFO - Started process (PID=317) to work on /home/airflow/.local/lib/python3.12/site-packages/airflow/example_dags/example_branch_datetime_operator.py
[2025-10-08T08:09:51.685+0000] {processor.py:830} INFO - Processing file /home/airflow/.local/lib/python3.12/site-packages/airflow/example_dags/example_branch_datetime_operator.py for tasks to queue
[2025-10-08T08:09:51.690+0000] {logging_mixin.py:188} INFO - [2025-10-08T08:09:51.690+0000] {dagbag.py:545} INFO - Filling up the DagBag from /home/airflow/.local/lib/python3.12/site-packages/airflow/example_dags/example_branch_datetime_operator.py
[2025-10-08T08:09:51.708+0000] {processor.py:840} INFO - DAG(s) 'example_branch_datetime_operator', 'example_branch_datetime_operator_2', 'example_branch_datetime_operator_3' retrieved from /home/airflow/.local/lib/python3.12/site-packages/airflow/example_dags/example_branch_datetime_operator.py
[2025-10-08T08:09:51.747+0000] {logging_mixin.py:188} INFO - [2025-10-08T08:09:51.747+0000] {dag.py:3096} INFO - Sync 3 DAGs
[2025-10-08T08:09:51.777+0000] {logging_mixin.py:188} INFO - [2025-10-08T08:09:51.777+0000] {dag.py:3954} INFO - Setting next_dagrun for example_branch_datetime_operator to 2025-10-07 00:00:00+00:00, run_after=2025-10-08 00:00:00+00:00
[2025-10-08T08:09:51.784+0000] {logging_mixin.py:188} INFO - [2025-10-08T08:09:51.784+0000] {dag.py:3954} INFO - Setting next_dagrun for example_branch_datetime_operator_2 to 2025-10-07 00:00:00+00:00, run_after=2025-10-08 00:00:00+00:00
[2025-10-08T08:09:51.787+0000] {logging_mixin.py:188} INFO - [2025-10-08T08:09:51.787+0000] {dag.py:3954} INFO - Setting next_dagrun for example_branch_datetime_operator_3 to 2025-10-07 00:00:00+00:00, run_after=2025-10-08 00:00:00+00:00
[2025-10-08T08:09:51.808+0000] {processor.py:183} INFO - Processing /home/airflow/.local/lib/python3.12/site-packages/airflow/example_dags/example_branch_datetime_operator.py took 0.138 seconds
[2025-10-08T08:10:22.245+0000] {processor.py:161} INFO - Started process (PID=375) to work on /home/airflow/.local/lib/python3.12/site-packages/airflow/example_dags/example_branch_datetime_operator.py
[2025-10-08T08:10:22.247+0000] {processor.py:830} INFO - Processing file /home/airflow/.local/lib/python3.12/site-packages/airflow/example_dags/example_branch_datetime_operator.py for tasks to queue
[2025-10-08T08:10:22.251+0000] {logging_mixin.py:188} INFO - [2025-10-08T08:10:22.250+0000] {dagbag.py:545} INFO - Filling up the DagBag from /home/airflow/.local/lib/python3.12/site-packages/airflow/example_dags/example_branch_datetime_operator.py
[2025-10-08T08:10:22.267+0000] {processor.py:840} INFO - DAG(s) 'example_branch_datetime_operator', 'example_branch_datetime_operator_3', 'example_branch_datetime_operator_2' retrieved from /home/airflow/.local/lib/python3.12/site-packages/airflow/example_dags/example_branch_datetime_operator.py
[2025-10-08T08:10:22.303+0000] {logging_mixin.py:188} INFO - [2025-10-08T08:10:22.303+0000] {dag.py:3096} INFO - Sync 3 DAGs
[2025-10-08T08:10:22.337+0000] {logging_mixin.py:188} INFO - [2025-10-08T08:10:22.336+0000] {dag.py:3954} INFO - Setting next_dagrun for example_branch_datetime_operator to 2025-10-07 00:00:00+00:00, run_after=2025-10-08 00:00:00+00:00
[2025-10-08T08:10:22.343+0000] {logging_mixin.py:188} INFO - [2025-10-08T08:10:22.342+0000] {dag.py:3954} INFO - Setting next_dagrun for example_branch_datetime_operator_2 to 2025-10-07 00:00:00+00:00, run_after=2025-10-08 00:00:00+00:00
[2025-10-08T08:10:22.347+0000] {logging_mixin.py:188} INFO - [2025-10-08T08:10:22.346+0000] {dag.py:3954} INFO - Setting next_dagrun for example_branch_datetime_operator_3 to 2025-10-07 00:00:00+00:00, run_after=2025-10-08 00:00:00+00:00
[2025-10-08T08:10:22.369+0000] {processor.py:183} INFO - Processing /home/airflow/.local/lib/python3.12/site-packages/airflow/example_dags/example_branch_datetime_operator.py took 0.136 seconds
[2025-10-08T08:10:53.236+0000] {processor.py:161} INFO - Started process (PID=433) to work on /home/airflow/.local/lib/python3.12/site-packages/airflow/example_dags/example_branch_datetime_operator.py
[2025-10-08T08:10:53.239+0000] {processor.py:830} INFO - Processing file /home/airflow/.local/lib/python3.12/site-packages/airflow/example_dags/example_branch_datetime_operator.py for tasks to queue
[2025-10-08T08:10:53.243+0000] {logging_mixin.py:188} INFO - [2025-10-08T08:10:53.242+0000] {dagbag.py:545} INFO - Filling up the DagBag from /home/airflow/.local/lib/python3.12/site-packages/airflow/example_dags/example_branch_datetime_operator.py
[2025-10-08T08:10:53.258+0000] {processor.py:840} INFO - DAG(s) 'example_branch_datetime_operator_3', 'example_branch_datetime_operator', 'example_branch_datetime_operator_2' retrieved from /home/airflow/.local/lib/python3.12/site-packages/airflow/example_dags/example_branch_datetime_operator.py
[2025-10-08T08:10:53.298+0000] {logging_mixin.py:188} INFO - [2025-10-08T08:10:53.297+0000] {dag.py:3096} INFO - Sync 3 DAGs
[2025-10-08T08:10:53.329+0000] {logging_mixin.py:188} INFO - [2025-10-08T08:10:53.328+0000] {dag.py:3954} INFO - Setting next_dagrun for example_branch_datetime_operator to 2025-10-07 00:00:00+00:00, run_after=2025-10-08 00:00:00+00:00
[2025-10-08T08:10:53.336+0000] {logging_mixin.py:188} INFO - [2025-10-08T08:10:53.336+0000] {dag.py:3954} INFO - Setting next_dagrun for example_branch_datetime_operator_2 to 2025-10-07 00:00:00+00:00, run_after=2025-10-08 00:00:00+00:00
[2025-10-08T08:10:53.342+0000] {logging_mixin.py:188} INFO - [2025-10-08T08:10:53.341+0000] {dag.py:3954} INFO - Setting next_dagrun for example_branch_datetime_operator_3 to 2025-10-07 00:00:00+00:00, run_after=2025-10-08 00:00:00+00:00
[2025-10-08T08:10:53.374+0000] {processor.py:183} INFO - Processing /home/airflow/.local/lib/python3.12/site-packages/airflow/example_dags/example_branch_datetime_operator.py took 0.147 seconds
[2025-10-08T08:11:23.989+0000] {processor.py:161} INFO - Started process (PID=491) to work on /home/airflow/.local/lib/python3.12/site-packages/airflow/example_dags/example_branch_datetime_operator.py
[2025-10-08T08:11:23.997+0000] {processor.py:830} INFO - Processing file /home/airflow/.local/lib/python3.12/site-packages/airflow/example_dags/example_branch_datetime_operator.py for tasks to queue
[2025-10-08T08:11:24.003+0000] {logging_mixin.py:188} INFO - [2025-10-08T08:11:24.002+0000] {dagbag.py:545} INFO - Filling up the DagBag from /home/airflow/.local/lib/python3.12/site-packages/airflow/example_dags/example_branch_datetime_operator.py
[2025-10-08T08:11:24.021+0000] {processor.py:840} INFO - DAG(s) 'example_branch_datetime_operator_3', 'example_branch_datetime_operator', 'example_branch_datetime_operator_2' retrieved from /home/airflow/.local/lib/python3.12/site-packages/airflow/example_dags/example_branch_datetime_operator.py
[2025-10-08T08:11:24.070+0000] {logging_mixin.py:188} INFO - [2025-10-08T08:11:24.070+0000] {dag.py:3096} INFO - Sync 3 DAGs
[2025-10-08T08:11:24.119+0000] {logging_mixin.py:188} INFO - [2025-10-08T08:11:24.119+0000] {dag.py:3954} INFO - Setting next_dagrun for example_branch_datetime_operator to 2025-10-07 00:00:00+00:00, run_after=2025-10-08 00:00:00+00:00
[2025-10-08T08:11:24.128+0000] {logging_mixin.py:188} INFO - [2025-10-08T08:11:24.127+0000] {dag.py:3954} INFO - Setting next_dagrun for example_branch_datetime_operator_2 to 2025-10-07 00:00:00+00:00, run_after=2025-10-08 00:00:00+00:00
[2025-10-08T08:11:24.132+0000] {logging_mixin.py:188} INFO - [2025-10-08T08:11:24.132+0000] {dag.py:3954} INFO - Setting next_dagrun for example_branch_datetime_operator_3 to 2025-10-07 00:00:00+00:00, run_after=2025-10-08 00:00:00+00:00
[2025-10-08T08:11:24.163+0000] {processor.py:183} INFO - Processing /home/airflow/.local/lib/python3.12/site-packages/airflow/example_dags/example_branch_datetime_operator.py took 0.190 seconds
[2025-10-08T08:11:54.757+0000] {processor.py:161} INFO - Started process (PID=549) to work on /home/airflow/.local/lib/python3.12/site-packages/airflow/example_dags/example_branch_datetime_operator.py
[2025-10-08T08:11:54.759+0000] {processor.py:830} INFO - Processing file /home/airflow/.local/lib/python3.12/site-packages/airflow/example_dags/example_branch_datetime_operator.py for tasks to queue
[2025-10-08T08:11:54.763+0000] {logging_mixin.py:188} INFO - [2025-10-08T08:11:54.762+0000] {dagbag.py:545} INFO - Filling up the DagBag from /home/airflow/.local/lib/python3.12/site-packages/airflow/example_dags/example_branch_datetime_operator.py
[2025-10-08T08:11:54.783+0000] {processor.py:840} INFO - DAG(s) 'example_branch_datetime_operator_2', 'example_branch_datetime_operator_3', 'example_branch_datetime_operator' retrieved from /home/airflow/.local/lib/python3.12/site-packages/airflow/example_dags/example_branch_datetime_operator.py
[2025-10-08T08:11:54.862+0000] {logging_mixin.py:188} INFO - [2025-10-08T08:11:54.861+0000] {dag.py:3096} INFO - Sync 3 DAGs
[2025-10-08T08:11:54.911+0000] {logging_mixin.py:188} INFO - [2025-10-08T08:11:54.911+0000] {dag.py:3954} INFO - Setting next_dagrun for example_branch_datetime_operator to 2025-10-07 00:00:00+00:00, run_after=2025-10-08 00:00:00+00:00
[2025-10-08T08:11:54.920+0000] {logging_mixin.py:188} INFO - [2025-10-08T08:11:54.919+0000] {dag.py:3954} INFO - Setting next_dagrun for example_branch_datetime_operator_2 to 2025-10-07 00:00:00+00:00, run_after=2025-10-08 00:00:00+00:00
[2025-10-08T08:11:54.924+0000] {logging_mixin.py:188} INFO - [2025-10-08T08:11:54.924+0000] {dag.py:3954} INFO - Setting next_dagrun for example_branch_datetime_operator_3 to 2025-10-07 00:00:00+00:00, run_after=2025-10-08 00:00:00+00:00
[2025-10-08T08:11:54.968+0000] {processor.py:183} INFO - Processing /home/airflow/.local/lib/python3.12/site-packages/airflow/example_dags/example_branch_datetime_operator.py took 0.225 seconds
[2025-10-08T08:12:25.222+0000] {processor.py:161} INFO - Started process (PID=607) to work on /home/airflow/.local/lib/python3.12/site-packages/airflow/example_dags/example_branch_datetime_operator.py
[2025-10-08T08:12:25.225+0000] {processor.py:830} INFO - Processing file /home/airflow/.local/lib/python3.12/site-packages/airflow/example_dags/example_branch_datetime_operator.py for tasks to queue
[2025-10-08T08:12:25.234+0000] {logging_mixin.py:188} INFO - [2025-10-08T08:12:25.233+0000] {dagbag.py:545} INFO - Filling up the DagBag from /home/airflow/.local/lib/python3.12/site-packages/airflow/example_dags/example_branch_datetime_operator.py
[2025-10-08T08:12:25.263+0000] {processor.py:840} INFO - DAG(s) 'example_branch_datetime_operator_3', 'example_branch_datetime_operator_2', 'example_branch_datetime_operator' retrieved from /home/airflow/.local/lib/python3.12/site-packages/airflow/example_dags/example_branch_datetime_operator.py
[2025-10-08T08:12:25.395+0000] {logging_mixin.py:188} INFO - [2025-10-08T08:12:25.394+0000] {dag.py:3096} INFO - Sync 3 DAGs
[2025-10-08T08:12:25.507+0000] {logging_mixin.py:188} INFO - [2025-10-08T08:12:25.507+0000] {dag.py:3954} INFO - Setting next_dagrun for example_branch_datetime_operator to 2025-10-07 00:00:00+00:00, run_after=2025-10-08 00:00:00+00:00
[2025-10-08T08:12:25.537+0000] {logging_mixin.py:188} INFO - [2025-10-08T08:12:25.537+0000] {dag.py:3954} INFO - Setting next_dagrun for example_branch_datetime_operator_2 to 2025-10-07 00:00:00+00:00, run_after=2025-10-08 00:00:00+00:00
[2025-10-08T08:12:25.552+0000] {logging_mixin.py:188} INFO - [2025-10-08T08:12:25.551+0000] {dag.py:3954} INFO - Setting next_dagrun for example_branch_datetime_operator_3 to 2025-10-07 00:00:00+00:00, run_after=2025-10-08 00:00:00+00:00
[2025-10-08T08:12:25.639+0000] {processor.py:183} INFO - Processing /home/airflow/.local/lib/python3.12/site-packages/airflow/example_dags/example_branch_datetime_operator.py took 0.429 seconds
[2025-10-08T08:12:56.101+0000] {processor.py:161} INFO - Started process (PID=665) to work on /home/airflow/.local/lib/python3.12/site-packages/airflow/example_dags/example_branch_datetime_operator.py
[2025-10-08T08:12:56.104+0000] {processor.py:830} INFO - Processing file /home/airflow/.local/lib/python3.12/site-packages/airflow/example_dags/example_branch_datetime_operator.py for tasks to queue
[2025-10-08T08:12:56.109+0000] {logging_mixin.py:188} INFO - [2025-10-08T08:12:56.109+0000] {dagbag.py:545} INFO - Filling up the DagBag from /home/airflow/.local/lib/python3.12/site-packages/airflow/example_dags/example_branch_datetime_operator.py
[2025-10-08T08:12:56.148+0000] {processor.py:840} INFO - DAG(s) 'example_branch_datetime_operator_2', 'example_branch_datetime_operator_3', 'example_branch_datetime_operator' retrieved from /home/airflow/.local/lib/python3.12/site-packages/airflow/example_dags/example_branch_datetime_operator.py
[2025-10-08T08:12:56.224+0000] {logging_mixin.py:188} INFO - [2025-10-08T08:12:56.224+0000] {dag.py:3096} INFO - Sync 3 DAGs
[2025-10-08T08:12:56.279+0000] {logging_mixin.py:188} INFO - [2025-10-08T08:12:56.279+0000] {dag.py:3954} INFO - Setting next_dagrun for example_branch_datetime_operator to 2025-10-07 00:00:00+00:00, run_after=2025-10-08 00:00:00+00:00
[2025-10-08T08:12:56.294+0000] {logging_mixin.py:188} INFO - [2025-10-08T08:12:56.294+0000] {dag.py:3954} INFO - Setting next_dagrun for example_branch_datetime_operator_2 to 2025-10-07 00:00:00+00:00, run_after=2025-10-08 00:00:00+00:00
[2025-10-08T08:12:56.302+0000] {logging_mixin.py:188} INFO - [2025-10-08T08:12:56.302+0000] {dag.py:3954} INFO - Setting next_dagrun for example_branch_datetime_operator_3 to 2025-10-07 00:00:00+00:00, run_after=2025-10-08 00:00:00+00:00
[2025-10-08T08:12:56.353+0000] {processor.py:183} INFO - Processing /home/airflow/.local/lib/python3.12/site-packages/airflow/example_dags/example_branch_datetime_operator.py took 0.268 seconds
[2025-10-08T08:13:26.534+0000] {processor.py:161} INFO - Started process (PID=723) to work on /home/airflow/.local/lib/python3.12/site-packages/airflow/example_dags/example_branch_datetime_operator.py
[2025-10-08T08:13:26.536+0000] {processor.py:830} INFO - Processing file /home/airflow/.local/lib/python3.12/site-packages/airflow/example_dags/example_branch_datetime_operator.py for tasks to queue
[2025-10-08T08:13:26.539+0000] {logging_mixin.py:188} INFO - [2025-10-08T08:13:26.539+0000] {dagbag.py:545} INFO - Filling up the DagBag from /home/airflow/.local/lib/python3.12/site-packages/airflow/example_dags/example_branch_datetime_operator.py
[2025-10-08T08:13:26.553+0000] {processor.py:840} INFO - DAG(s) 'example_branch_datetime_operator_2', 'example_branch_datetime_operator_3', 'example_branch_datetime_operator' retrieved from /home/airflow/.local/lib/python3.12/site-packages/airflow/example_dags/example_branch_datetime_operator.py
[2025-10-08T08:13:26.592+0000] {logging_mixin.py:188} INFO - [2025-10-08T08:13:26.591+0000] {dag.py:3096} INFO - Sync 3 DAGs
[2025-10-08T08:13:26.629+0000] {logging_mixin.py:188} INFO - [2025-10-08T08:13:26.629+0000] {dag.py:3954} INFO - Setting next_dagrun for example_branch_datetime_operator to 2025-10-07 00:00:00+00:00, run_after=2025-10-08 00:00:00+00:00
[2025-10-08T08:13:26.636+0000] {logging_mixin.py:188} INFO - [2025-10-08T08:13:26.636+0000] {dag.py:3954} INFO - Setting next_dagrun for example_branch_datetime_operator_2 to 2025-10-07 00:00:00+00:00, run_after=2025-10-08 00:00:00+00:00
[2025-10-08T08:13:26.639+0000] {logging_mixin.py:188} INFO - [2025-10-08T08:13:26.639+0000] {dag.py:3954} INFO - Setting next_dagrun for example_branch_datetime_operator_3 to 2025-10-07 00:00:00+00:00, run_after=2025-10-08 00:00:00+00:00
[2025-10-08T08:13:26.668+0000] {processor.py:183} INFO - Processing /home/airflow/.local/lib/python3.12/site-packages/airflow/example_dags/example_branch_datetime_operator.py took 0.141 seconds
[2025-10-08T08:13:57.264+0000] {processor.py:161} INFO - Started process (PID=781) to work on /home/airflow/.local/lib/python3.12/site-packages/airflow/example_dags/example_branch_datetime_operator.py
[2025-10-08T08:13:57.265+0000] {processor.py:830} INFO - Processing file /home/airflow/.local/lib/python3.12/site-packages/airflow/example_dags/example_branch_datetime_operator.py for tasks to queue
[2025-10-08T08:13:57.269+0000] {logging_mixin.py:188} INFO - [2025-10-08T08:13:57.268+0000] {dagbag.py:545} INFO - Filling up the DagBag from /home/airflow/.local/lib/python3.12/site-packages/airflow/example_dags/example_branch_datetime_operator.py
[2025-10-08T08:13:57.285+0000] {processor.py:840} INFO - DAG(s) 'example_branch_datetime_operator', 'example_branch_datetime_operator_3', 'example_branch_datetime_operator_2' retrieved from /home/airflow/.local/lib/python3.12/site-packages/airflow/example_dags/example_branch_datetime_operator.py
[2025-10-08T08:13:57.335+0000] {logging_mixin.py:188} INFO - [2025-10-08T08:13:57.335+0000] {dag.py:3096} INFO - Sync 3 DAGs
[2025-10-08T08:13:57.385+0000] {logging_mixin.py:188} INFO - [2025-10-08T08:13:57.384+0000] {dag.py:3954} INFO - Setting next_dagrun for example_branch_datetime_operator to 2025-10-07 00:00:00+00:00, run_after=2025-10-08 00:00:00+00:00
[2025-10-08T08:13:57.397+0000] {logging_mixin.py:188} INFO - [2025-10-08T08:13:57.396+0000] {dag.py:3954} INFO - Setting next_dagrun for example_branch_datetime_operator_2 to 2025-10-07 00:00:00+00:00, run_after=2025-10-08 00:00:00+00:00
[2025-10-08T08:13:57.403+0000] {logging_mixin.py:188} INFO - [2025-10-08T08:13:57.402+0000] {dag.py:3954} INFO - Setting next_dagrun for example_branch_datetime_operator_3 to 2025-10-07 00:00:00+00:00, run_after=2025-10-08 00:00:00+00:00
[2025-10-08T08:13:57.451+0000] {processor.py:183} INFO - Processing /home/airflow/.local/lib/python3.12/site-packages/airflow/example_dags/example_branch_datetime_operator.py took 0.196 seconds
[2025-10-08T08:14:27.657+0000] {processor.py:161} INFO - Started process (PID=839) to work on /home/airflow/.local/lib/python3.12/site-packages/airflow/example_dags/example_branch_datetime_operator.py
[2025-10-08T08:14:27.658+0000] {processor.py:830} INFO - Processing file /home/airflow/.local/lib/python3.12/site-packages/airflow/example_dags/example_branch_datetime_operator.py for tasks to queue
[2025-10-08T08:14:27.663+0000] {logging_mixin.py:188} INFO - [2025-10-08T08:14:27.662+0000] {dagbag.py:545} INFO - Filling up the DagBag from /home/airflow/.local/lib/python3.12/site-packages/airflow/example_dags/example_branch_datetime_operator.py
[2025-10-08T08:14:27.678+0000] {processor.py:840} INFO - DAG(s) 'example_branch_datetime_operator', 'example_branch_datetime_operator_2', 'example_branch_datetime_operator_3' retrieved from /home/airflow/.local/lib/python3.12/site-packages/airflow/example_dags/example_branch_datetime_operator.py
[2025-10-08T08:14:27.713+0000] {logging_mixin.py:188} INFO - [2025-10-08T08:14:27.713+0000] {dag.py:3096} INFO - Sync 3 DAGs
[2025-10-08T08:14:27.744+0000] {logging_mixin.py:188} INFO - [2025-10-08T08:14:27.743+0000] {dag.py:3954} INFO - Setting next_dagrun for example_branch_datetime_operator to 2025-10-07 00:00:00+00:00, run_after=2025-10-08 00:00:00+00:00
[2025-10-08T08:14:27.754+0000] {logging_mixin.py:188} INFO - [2025-10-08T08:14:27.754+0000] {dag.py:3954} INFO - Setting next_dagrun for example_branch_datetime_operator_2 to 2025-10-07 00:00:00+00:00, run_after=2025-10-08 00:00:00+00:00
[2025-10-08T08:14:27.759+0000] {logging_mixin.py:188} INFO - [2025-10-08T08:14:27.759+0000] {dag.py:3954} INFO - Setting next_dagrun for example_branch_datetime_operator_3 to 2025-10-07 00:00:00+00:00, run_after=2025-10-08 00:00:00+00:00
[2025-10-08T08:14:27.784+0000] {processor.py:183} INFO - Processing /home/airflow/.local/lib/python3.12/site-packages/airflow/example_dags/example_branch_datetime_operator.py took 0.139 seconds
[2025-10-08T08:14:57.942+0000] {processor.py:161} INFO - Started process (PID=896) to work on /home/airflow/.local/lib/python3.12/site-packages/airflow/example_dags/example_branch_datetime_operator.py
[2025-10-08T08:14:57.945+0000] {processor.py:830} INFO - Processing file /home/airflow/.local/lib/python3.12/site-packages/airflow/example_dags/example_branch_datetime_operator.py for tasks to queue
[2025-10-08T08:14:57.950+0000] {logging_mixin.py:188} INFO - [2025-10-08T08:14:57.949+0000] {dagbag.py:545} INFO - Filling up the DagBag from /home/airflow/.local/lib/python3.12/site-packages/airflow/example_dags/example_branch_datetime_operator.py
[2025-10-08T08:14:57.973+0000] {processor.py:840} INFO - DAG(s) 'example_branch_datetime_operator', 'example_branch_datetime_operator_2', 'example_branch_datetime_operator_3' retrieved from /home/airflow/.local/lib/python3.12/site-packages/airflow/example_dags/example_branch_datetime_operator.py
[2025-10-08T08:14:58.028+0000] {logging_mixin.py:188} INFO - [2025-10-08T08:14:58.027+0000] {dag.py:3096} INFO - Sync 3 DAGs
[2025-10-08T08:14:58.063+0000] {logging_mixin.py:188} INFO - [2025-10-08T08:14:58.063+0000] {dag.py:3954} INFO - Setting next_dagrun for example_branch_datetime_operator to 2025-10-07 00:00:00+00:00, run_after=2025-10-08 00:00:00+00:00
[2025-10-08T08:14:58.073+0000] {logging_mixin.py:188} INFO - [2025-10-08T08:14:58.072+0000] {dag.py:3954} INFO - Setting next_dagrun for example_branch_datetime_operator_2 to 2025-10-07 00:00:00+00:00, run_after=2025-10-08 00:00:00+00:00
[2025-10-08T08:14:58.078+0000] {logging_mixin.py:188} INFO - [2025-10-08T08:14:58.077+0000] {dag.py:3954} INFO - Setting next_dagrun for example_branch_datetime_operator_3 to 2025-10-07 00:00:00+00:00, run_after=2025-10-08 00:00:00+00:00
[2025-10-08T08:14:58.122+0000] {processor.py:183} INFO - Processing /home/airflow/.local/lib/python3.12/site-packages/airflow/example_dags/example_branch_datetime_operator.py took 0.195 seconds
[2025-10-08T08:15:28.705+0000] {processor.py:161} INFO - Started process (PID=954) to work on /home/airflow/.local/lib/python3.12/site-packages/airflow/example_dags/example_branch_datetime_operator.py
[2025-10-08T08:15:28.708+0000] {processor.py:830} INFO - Processing file /home/airflow/.local/lib/python3.12/site-packages/airflow/example_dags/example_branch_datetime_operator.py for tasks to queue
[2025-10-08T08:15:28.713+0000] {logging_mixin.py:188} INFO - [2025-10-08T08:15:28.712+0000] {dagbag.py:545} INFO - Filling up the DagBag from /home/airflow/.local/lib/python3.12/site-packages/airflow/example_dags/example_branch_datetime_operator.py
[2025-10-08T08:15:28.738+0000] {processor.py:840} INFO - DAG(s) 'example_branch_datetime_operator_3', 'example_branch_datetime_operator_2', 'example_branch_datetime_operator' retrieved from /home/airflow/.local/lib/python3.12/site-packages/airflow/example_dags/example_branch_datetime_operator.py
[2025-10-08T08:15:28.855+0000] {logging_mixin.py:188} INFO - [2025-10-08T08:15:28.855+0000] {dag.py:3096} INFO - Sync 3 DAGs
[2025-10-08T08:15:28.933+0000] {logging_mixin.py:188} INFO - [2025-10-08T08:15:28.933+0000] {dag.py:3954} INFO - Setting next_dagrun for example_branch_datetime_operator to 2025-10-07 00:00:00+00:00, run_after=2025-10-08 00:00:00+00:00
[2025-10-08T08:15:28.945+0000] {logging_mixin.py:188} INFO - [2025-10-08T08:15:28.945+0000] {dag.py:3954} INFO - Setting next_dagrun for example_branch_datetime_operator_2 to 2025-10-07 00:00:00+00:00, run_after=2025-10-08 00:00:00+00:00
[2025-10-08T08:15:28.954+0000] {logging_mixin.py:188} INFO - [2025-10-08T08:15:28.953+0000] {dag.py:3954} INFO - Setting next_dagrun for example_branch_datetime_operator_3 to 2025-10-07 00:00:00+00:00, run_after=2025-10-08 00:00:00+00:00
[2025-10-08T08:15:28.995+0000] {processor.py:183} INFO - Processing /home/airflow/.local/lib/python3.12/site-packages/airflow/example_dags/example_branch_datetime_operator.py took 0.307 seconds
[2025-10-08T08:15:59.079+0000] {processor.py:161} INFO - Started process (PID=1012) to work on /home/airflow/.local/lib/python3.12/site-packages/airflow/example_dags/example_branch_datetime_operator.py
[2025-10-08T08:15:59.082+0000] {processor.py:830} INFO - Processing file /home/airflow/.local/lib/python3.12/site-packages/airflow/example_dags/example_branch_datetime_operator.py for tasks to queue
[2025-10-08T08:15:59.088+0000] {logging_mixin.py:188} INFO - [2025-10-08T08:15:59.087+0000] {dagbag.py:545} INFO - Filling up the DagBag from /home/airflow/.local/lib/python3.12/site-packages/airflow/example_dags/example_branch_datetime_operator.py
[2025-10-08T08:15:59.112+0000] {processor.py:840} INFO - DAG(s) 'example_branch_datetime_operator', 'example_branch_datetime_operator_2', 'example_branch_datetime_operator_3' retrieved from /home/airflow/.local/lib/python3.12/site-packages/airflow/example_dags/example_branch_datetime_operator.py
[2025-10-08T08:15:59.153+0000] {logging_mixin.py:188} INFO - [2025-10-08T08:15:59.153+0000] {dag.py:3096} INFO - Sync 3 DAGs
[2025-10-08T08:15:59.204+0000] {logging_mixin.py:188} INFO - [2025-10-08T08:15:59.204+0000] {dag.py:3954} INFO - Setting next_dagrun for example_branch_datetime_operator to 2025-10-07 00:00:00+00:00, run_after=2025-10-08 00:00:00+00:00
[2025-10-08T08:15:59.216+0000] {logging_mixin.py:188} INFO - [2025-10-08T08:15:59.215+0000] {dag.py:3954} INFO - Setting next_dagrun for example_branch_datetime_operator_2 to 2025-10-07 00:00:00+00:00, run_after=2025-10-08 00:00:00+00:00
[2025-10-08T08:15:59.224+0000] {logging_mixin.py:188} INFO - [2025-10-08T08:15:59.223+0000] {dag.py:3954} INFO - Setting next_dagrun for example_branch_datetime_operator_3 to 2025-10-07 00:00:00+00:00, run_after=2025-10-08 00:00:00+00:00
[2025-10-08T08:15:59.280+0000] {processor.py:183} INFO - Processing /home/airflow/.local/lib/python3.12/site-packages/airflow/example_dags/example_branch_datetime_operator.py took 0.213 seconds
[2025-10-08T08:16:30.163+0000] {processor.py:161} INFO - Started process (PID=1070) to work on /home/airflow/.local/lib/python3.12/site-packages/airflow/example_dags/example_branch_datetime_operator.py
[2025-10-08T08:16:30.166+0000] {processor.py:830} INFO - Processing file /home/airflow/.local/lib/python3.12/site-packages/airflow/example_dags/example_branch_datetime_operator.py for tasks to queue
[2025-10-08T08:16:30.171+0000] {logging_mixin.py:188} INFO - [2025-10-08T08:16:30.170+0000] {dagbag.py:545} INFO - Filling up the DagBag from /home/airflow/.local/lib/python3.12/site-packages/airflow/example_dags/example_branch_datetime_operator.py
[2025-10-08T08:16:30.186+0000] {processor.py:840} INFO - DAG(s) 'example_branch_datetime_operator', 'example_branch_datetime_operator_2', 'example_branch_datetime_operator_3' retrieved from /home/airflow/.local/lib/python3.12/site-packages/airflow/example_dags/example_branch_datetime_operator.py
[2025-10-08T08:16:30.239+0000] {logging_mixin.py:188} INFO - [2025-10-08T08:16:30.239+0000] {dag.py:3096} INFO - Sync 3 DAGs
[2025-10-08T08:16:30.287+0000] {logging_mixin.py:188} INFO - [2025-10-08T08:16:30.286+0000] {dag.py:3954} INFO - Setting next_dagrun for example_branch_datetime_operator to 2025-10-07 00:00:00+00:00, run_after=2025-10-08 00:00:00+00:00
[2025-10-08T08:16:30.295+0000] {logging_mixin.py:188} INFO - [2025-10-08T08:16:30.294+0000] {dag.py:3954} INFO - Setting next_dagrun for example_branch_datetime_operator_2 to 2025-10-07 00:00:00+00:00, run_after=2025-10-08 00:00:00+00:00
[2025-10-08T08:16:30.299+0000] {logging_mixin.py:188} INFO - [2025-10-08T08:16:30.299+0000] {dag.py:3954} INFO - Setting next_dagrun for example_branch_datetime_operator_3 to 2025-10-07 00:00:00+00:00, run_after=2025-10-08 00:00:00+00:00
[2025-10-08T08:16:30.334+0000] {processor.py:183} INFO - Processing /home/airflow/.local/lib/python3.12/site-packages/airflow/example_dags/example_branch_datetime_operator.py took 0.182 seconds
[2025-10-08T08:17:00.933+0000] {processor.py:161} INFO - Started process (PID=1128) to work on /home/airflow/.local/lib/python3.12/site-packages/airflow/example_dags/example_branch_datetime_operator.py
[2025-10-08T08:17:00.935+0000] {processor.py:830} INFO - Processing file /home/airflow/.local/lib/python3.12/site-packages/airflow/example_dags/example_branch_datetime_operator.py for tasks to queue
[2025-10-08T08:17:00.939+0000] {logging_mixin.py:188} INFO - [2025-10-08T08:17:00.938+0000] {dagbag.py:545} INFO - Filling up the DagBag from /home/airflow/.local/lib/python3.12/site-packages/airflow/example_dags/example_branch_datetime_operator.py
[2025-10-08T08:17:00.958+0000] {processor.py:840} INFO - DAG(s) 'example_branch_datetime_operator_3', 'example_branch_datetime_operator_2', 'example_branch_datetime_operator' retrieved from /home/airflow/.local/lib/python3.12/site-packages/airflow/example_dags/example_branch_datetime_operator.py
[2025-10-08T08:17:01.006+0000] {logging_mixin.py:188} INFO - [2025-10-08T08:17:01.006+0000] {dag.py:3096} INFO - Sync 3 DAGs
[2025-10-08T08:17:01.050+0000] {logging_mixin.py:188} INFO - [2025-10-08T08:17:01.050+0000] {dag.py:3954} INFO - Setting next_dagrun for example_branch_datetime_operator to 2025-10-07 00:00:00+00:00, run_after=2025-10-08 00:00:00+00:00
[2025-10-08T08:17:01.060+0000] {logging_mixin.py:188} INFO - [2025-10-08T08:17:01.060+0000] {dag.py:3954} INFO - Setting next_dagrun for example_branch_datetime_operator_2 to 2025-10-07 00:00:00+00:00, run_after=2025-10-08 00:00:00+00:00
[2025-10-08T08:17:01.065+0000] {logging_mixin.py:188} INFO - [2025-10-08T08:17:01.065+0000] {dag.py:3954} INFO - Setting next_dagrun for example_branch_datetime_operator_3 to 2025-10-07 00:00:00+00:00, run_after=2025-10-08 00:00:00+00:00
[2025-10-08T08:17:01.097+0000] {processor.py:183} INFO - Processing /home/airflow/.local/lib/python3.12/site-packages/airflow/example_dags/example_branch_datetime_operator.py took 0.172 seconds
[2025-10-08T08:17:31.513+0000] {processor.py:161} INFO - Started process (PID=1186) to work on /home/airflow/.local/lib/python3.12/site-packages/airflow/example_dags/example_branch_datetime_operator.py
[2025-10-08T08:17:31.515+0000] {processor.py:830} INFO - Processing file /home/airflow/.local/lib/python3.12/site-packages/airflow/example_dags/example_branch_datetime_operator.py for tasks to queue
[2025-10-08T08:17:31.519+0000] {logging_mixin.py:188} INFO - [2025-10-08T08:17:31.519+0000] {dagbag.py:545} INFO - Filling up the DagBag from /home/airflow/.local/lib/python3.12/site-packages/airflow/example_dags/example_branch_datetime_operator.py
[2025-10-08T08:17:31.534+0000] {processor.py:840} INFO - DAG(s) 'example_branch_datetime_operator', 'example_branch_datetime_operator_3', 'example_branch_datetime_operator_2' retrieved from /home/airflow/.local/lib/python3.12/site-packages/airflow/example_dags/example_branch_datetime_operator.py
[2025-10-08T08:17:31.597+0000] {logging_mixin.py:188} INFO - [2025-10-08T08:17:31.596+0000] {dag.py:3096} INFO - Sync 3 DAGs
[2025-10-08T08:17:31.633+0000] {logging_mixin.py:188} INFO - [2025-10-08T08:17:31.632+0000] {dag.py:3954} INFO - Setting next_dagrun for example_branch_datetime_operator to 2025-10-07 00:00:00+00:00, run_after=2025-10-08 00:00:00+00:00
[2025-10-08T08:17:31.640+0000] {logging_mixin.py:188} INFO - [2025-10-08T08:17:31.640+0000] {dag.py:3954} INFO - Setting next_dagrun for example_branch_datetime_operator_2 to 2025-10-07 00:00:00+00:00, run_after=2025-10-08 00:00:00+00:00
[2025-10-08T08:17:31.645+0000] {logging_mixin.py:188} INFO - [2025-10-08T08:17:31.645+0000] {dag.py:3954} INFO - Setting next_dagrun for example_branch_datetime_operator_3 to 2025-10-07 00:00:00+00:00, run_after=2025-10-08 00:00:00+00:00
[2025-10-08T08:17:31.688+0000] {processor.py:183} INFO - Processing /home/airflow/.local/lib/python3.12/site-packages/airflow/example_dags/example_branch_datetime_operator.py took 0.187 seconds
[2025-10-08T08:18:01.945+0000] {processor.py:161} INFO - Started process (PID=1245) to work on /home/airflow/.local/lib/python3.12/site-packages/airflow/example_dags/example_branch_datetime_operator.py
[2025-10-08T08:18:01.948+0000] {processor.py:830} INFO - Processing file /home/airflow/.local/lib/python3.12/site-packages/airflow/example_dags/example_branch_datetime_operator.py for tasks to queue
[2025-10-08T08:18:01.954+0000] {logging_mixin.py:188} INFO - [2025-10-08T08:18:01.953+0000] {dagbag.py:545} INFO - Filling up the DagBag from /home/airflow/.local/lib/python3.12/site-packages/airflow/example_dags/example_branch_datetime_operator.py
[2025-10-08T08:18:01.984+0000] {processor.py:840} INFO - DAG(s) 'example_branch_datetime_operator_2', 'example_branch_datetime_operator', 'example_branch_datetime_operator_3' retrieved from /home/airflow/.local/lib/python3.12/site-packages/airflow/example_dags/example_branch_datetime_operator.py
[2025-10-08T08:18:02.036+0000] {logging_mixin.py:188} INFO - [2025-10-08T08:18:02.036+0000] {dag.py:3096} INFO - Sync 3 DAGs
[2025-10-08T08:18:02.105+0000] {logging_mixin.py:188} INFO - [2025-10-08T08:18:02.105+0000] {dag.py:3954} INFO - Setting next_dagrun for example_branch_datetime_operator to 2025-10-07 00:00:00+00:00, run_after=2025-10-08 00:00:00+00:00
[2025-10-08T08:18:02.123+0000] {logging_mixin.py:188} INFO - [2025-10-08T08:18:02.122+0000] {dag.py:3954} INFO - Setting next_dagrun for example_branch_datetime_operator_2 to 2025-10-07 00:00:00+00:00, run_after=2025-10-08 00:00:00+00:00
[2025-10-08T08:18:02.142+0000] {logging_mixin.py:188} INFO - [2025-10-08T08:18:02.141+0000] {dag.py:3954} INFO - Setting next_dagrun for example_branch_datetime_operator_3 to 2025-10-07 00:00:00+00:00, run_after=2025-10-08 00:00:00+00:00
[2025-10-08T08:18:02.390+0000] {processor.py:183} INFO - Processing /home/airflow/.local/lib/python3.12/site-packages/airflow/example_dags/example_branch_datetime_operator.py took 0.465 seconds
[2025-10-08T08:18:33.088+0000] {processor.py:161} INFO - Started process (PID=1305) to work on /home/airflow/.local/lib/python3.12/site-packages/airflow/example_dags/example_branch_datetime_operator.py
[2025-10-08T08:18:33.092+0000] {processor.py:830} INFO - Processing file /home/airflow/.local/lib/python3.12/site-packages/airflow/example_dags/example_branch_datetime_operator.py for tasks to queue
[2025-10-08T08:18:33.098+0000] {logging_mixin.py:188} INFO - [2025-10-08T08:18:33.097+0000] {dagbag.py:545} INFO - Filling up the DagBag from /home/airflow/.local/lib/python3.12/site-packages/airflow/example_dags/example_branch_datetime_operator.py
[2025-10-08T08:18:33.120+0000] {processor.py:840} INFO - DAG(s) 'example_branch_datetime_operator_3', 'example_branch_datetime_operator', 'example_branch_datetime_operator_2' retrieved from /home/airflow/.local/lib/python3.12/site-packages/airflow/example_dags/example_branch_datetime_operator.py
[2025-10-08T08:18:33.185+0000] {logging_mixin.py:188} INFO - [2025-10-08T08:18:33.185+0000] {dag.py:3096} INFO - Sync 3 DAGs
[2025-10-08T08:18:33.253+0000] {logging_mixin.py:188} INFO - [2025-10-08T08:18:33.252+0000] {dag.py:3954} INFO - Setting next_dagrun for example_branch_datetime_operator to 2025-10-07 00:00:00+00:00, run_after=2025-10-08 00:00:00+00:00
[2025-10-08T08:18:33.271+0000] {logging_mixin.py:188} INFO - [2025-10-08T08:18:33.270+0000] {dag.py:3954} INFO - Setting next_dagrun for example_branch_datetime_operator_2 to 2025-10-07 00:00:00+00:00, run_after=2025-10-08 00:00:00+00:00
[2025-10-08T08:18:33.279+0000] {logging_mixin.py:188} INFO - [2025-10-08T08:18:33.279+0000] {dag.py:3954} INFO - Setting next_dagrun for example_branch_datetime_operator_3 to 2025-10-07 00:00:00+00:00, run_after=2025-10-08 00:00:00+00:00
[2025-10-08T08:18:33.333+0000] {processor.py:183} INFO - Processing /home/airflow/.local/lib/python3.12/site-packages/airflow/example_dags/example_branch_datetime_operator.py took 0.254 seconds
[2025-10-08T08:19:03.472+0000] {processor.py:161} INFO - Started process (PID=1364) to work on /home/airflow/.local/lib/python3.12/site-packages/airflow/example_dags/example_branch_datetime_operator.py
[2025-10-08T08:19:03.475+0000] {processor.py:830} INFO - Processing file /home/airflow/.local/lib/python3.12/site-packages/airflow/example_dags/example_branch_datetime_operator.py for tasks to queue
[2025-10-08T08:19:03.481+0000] {logging_mixin.py:188} INFO - [2025-10-08T08:19:03.480+0000] {dagbag.py:545} INFO - Filling up the DagBag from /home/airflow/.local/lib/python3.12/site-packages/airflow/example_dags/example_branch_datetime_operator.py
[2025-10-08T08:19:03.501+0000] {processor.py:840} INFO - DAG(s) 'example_branch_datetime_operator_2', 'example_branch_datetime_operator_3', 'example_branch_datetime_operator' retrieved from /home/airflow/.local/lib/python3.12/site-packages/airflow/example_dags/example_branch_datetime_operator.py
[2025-10-08T08:19:03.560+0000] {logging_mixin.py:188} INFO - [2025-10-08T08:19:03.560+0000] {dag.py:3096} INFO - Sync 3 DAGs
[2025-10-08T08:19:03.598+0000] {logging_mixin.py:188} INFO - [2025-10-08T08:19:03.598+0000] {dag.py:3954} INFO - Setting next_dagrun for example_branch_datetime_operator to 2025-10-07 00:00:00+00:00, run_after=2025-10-08 00:00:00+00:00
[2025-10-08T08:19:03.606+0000] {logging_mixin.py:188} INFO - [2025-10-08T08:19:03.606+0000] {dag.py:3954} INFO - Setting next_dagrun for example_branch_datetime_operator_2 to 2025-10-07 00:00:00+00:00, run_after=2025-10-08 00:00:00+00:00
[2025-10-08T08:19:03.609+0000] {logging_mixin.py:188} INFO - [2025-10-08T08:19:03.609+0000] {dag.py:3954} INFO - Setting next_dagrun for example_branch_datetime_operator_3 to 2025-10-07 00:00:00+00:00, run_after=2025-10-08 00:00:00+00:00
[2025-10-08T08:19:03.636+0000] {processor.py:183} INFO - Processing /home/airflow/.local/lib/python3.12/site-packages/airflow/example_dags/example_branch_datetime_operator.py took 0.181 seconds
[2025-10-08T08:19:34.219+0000] {processor.py:161} INFO - Started process (PID=1423) to work on /home/airflow/.local/lib/python3.12/site-packages/airflow/example_dags/example_branch_datetime_operator.py
[2025-10-08T08:19:34.221+0000] {processor.py:830} INFO - Processing file /home/airflow/.local/lib/python3.12/site-packages/airflow/example_dags/example_branch_datetime_operator.py for tasks to queue
[2025-10-08T08:19:34.227+0000] {logging_mixin.py:188} INFO - [2025-10-08T08:19:34.226+0000] {dagbag.py:545} INFO - Filling up the DagBag from /home/airflow/.local/lib/python3.12/site-packages/airflow/example_dags/example_branch_datetime_operator.py
[2025-10-08T08:19:34.247+0000] {processor.py:840} INFO - DAG(s) 'example_branch_datetime_operator', 'example_branch_datetime_operator_3', 'example_branch_datetime_operator_2' retrieved from /home/airflow/.local/lib/python3.12/site-packages/airflow/example_dags/example_branch_datetime_operator.py
[2025-10-08T08:19:34.296+0000] {logging_mixin.py:188} INFO - [2025-10-08T08:19:34.296+0000] {dag.py:3096} INFO - Sync 3 DAGs
[2025-10-08T08:19:34.508+0000] {logging_mixin.py:188} INFO - [2025-10-08T08:19:34.507+0000] {dag.py:3954} INFO - Setting next_dagrun for example_branch_datetime_operator to 2025-10-07 00:00:00+00:00, run_after=2025-10-08 00:00:00+00:00
[2025-10-08T08:19:34.515+0000] {logging_mixin.py:188} INFO - [2025-10-08T08:19:34.514+0000] {dag.py:3954} INFO - Setting next_dagrun for example_branch_datetime_operator_2 to 2025-10-07 00:00:00+00:00, run_after=2025-10-08 00:00:00+00:00
[2025-10-08T08:19:34.519+0000] {logging_mixin.py:188} INFO - [2025-10-08T08:19:34.518+0000] {dag.py:3954} INFO - Setting next_dagrun for example_branch_datetime_operator_3 to 2025-10-07 00:00:00+00:00, run_after=2025-10-08 00:00:00+00:00
[2025-10-08T08:19:34.540+0000] {processor.py:183} INFO - Processing /home/airflow/.local/lib/python3.12/site-packages/airflow/example_dags/example_branch_datetime_operator.py took 0.332 seconds
[2025-10-08T08:20:04.989+0000] {processor.py:161} INFO - Started process (PID=1482) to work on /home/airflow/.local/lib/python3.12/site-packages/airflow/example_dags/example_branch_datetime_operator.py
[2025-10-08T08:20:04.991+0000] {processor.py:830} INFO - Processing file /home/airflow/.local/lib/python3.12/site-packages/airflow/example_dags/example_branch_datetime_operator.py for tasks to queue
[2025-10-08T08:20:04.996+0000] {logging_mixin.py:188} INFO - [2025-10-08T08:20:04.995+0000] {dagbag.py:545} INFO - Filling up the DagBag from /home/airflow/.local/lib/python3.12/site-packages/airflow/example_dags/example_branch_datetime_operator.py
[2025-10-08T08:20:05.014+0000] {processor.py:840} INFO - DAG(s) 'example_branch_datetime_operator', 'example_branch_datetime_operator_3', 'example_branch_datetime_operator_2' retrieved from /home/airflow/.local/lib/python3.12/site-packages/airflow/example_dags/example_branch_datetime_operator.py
[2025-10-08T08:20:05.070+0000] {logging_mixin.py:188} INFO - [2025-10-08T08:20:05.070+0000] {dag.py:3096} INFO - Sync 3 DAGs
[2025-10-08T08:20:05.275+0000] {logging_mixin.py:188} INFO - [2025-10-08T08:20:05.275+0000] {dag.py:3954} INFO - Setting next_dagrun for example_branch_datetime_operator to 2025-10-07 00:00:00+00:00, run_after=2025-10-08 00:00:00+00:00
[2025-10-08T08:20:05.286+0000] {logging_mixin.py:188} INFO - [2025-10-08T08:20:05.285+0000] {dag.py:3954} INFO - Setting next_dagrun for example_branch_datetime_operator_2 to 2025-10-07 00:00:00+00:00, run_after=2025-10-08 00:00:00+00:00
[2025-10-08T08:20:05.294+0000] {logging_mixin.py:188} INFO - [2025-10-08T08:20:05.294+0000] {dag.py:3954} INFO - Setting next_dagrun for example_branch_datetime_operator_3 to 2025-10-07 00:00:00+00:00, run_after=2025-10-08 00:00:00+00:00
[2025-10-08T08:20:05.324+0000] {processor.py:183} INFO - Processing /home/airflow/.local/lib/python3.12/site-packages/airflow/example_dags/example_branch_datetime_operator.py took 0.346 seconds
[2025-10-08T08:20:35.448+0000] {processor.py:161} INFO - Started process (PID=1541) to work on /home/airflow/.local/lib/python3.12/site-packages/airflow/example_dags/example_branch_datetime_operator.py
[2025-10-08T08:20:35.451+0000] {processor.py:830} INFO - Processing file /home/airflow/.local/lib/python3.12/site-packages/airflow/example_dags/example_branch_datetime_operator.py for tasks to queue
[2025-10-08T08:20:35.456+0000] {logging_mixin.py:188} INFO - [2025-10-08T08:20:35.455+0000] {dagbag.py:545} INFO - Filling up the DagBag from /home/airflow/.local/lib/python3.12/site-packages/airflow/example_dags/example_branch_datetime_operator.py
[2025-10-08T08:20:35.474+0000] {processor.py:840} INFO - DAG(s) 'example_branch_datetime_operator_3', 'example_branch_datetime_operator_2', 'example_branch_datetime_operator' retrieved from /home/airflow/.local/lib/python3.12/site-packages/airflow/example_dags/example_branch_datetime_operator.py
[2025-10-08T08:20:35.525+0000] {logging_mixin.py:188} INFO - [2025-10-08T08:20:35.525+0000] {dag.py:3096} INFO - Sync 3 DAGs
[2025-10-08T08:20:35.561+0000] {logging_mixin.py:188} INFO - [2025-10-08T08:20:35.561+0000] {dag.py:3954} INFO - Setting next_dagrun for example_branch_datetime_operator to 2025-10-07 00:00:00+00:00, run_after=2025-10-08 00:00:00+00:00
[2025-10-08T08:20:35.570+0000] {logging_mixin.py:188} INFO - [2025-10-08T08:20:35.570+0000] {dag.py:3954} INFO - Setting next_dagrun for example_branch_datetime_operator_2 to 2025-10-07 00:00:00+00:00, run_after=2025-10-08 00:00:00+00:00
[2025-10-08T08:20:35.575+0000] {logging_mixin.py:188} INFO - [2025-10-08T08:20:35.575+0000] {dag.py:3954} INFO - Setting next_dagrun for example_branch_datetime_operator_3 to 2025-10-07 00:00:00+00:00, run_after=2025-10-08 00:00:00+00:00
[2025-10-08T08:20:35.609+0000] {processor.py:183} INFO - Processing /home/airflow/.local/lib/python3.12/site-packages/airflow/example_dags/example_branch_datetime_operator.py took 0.173 seconds
[2025-10-08T08:21:05.823+0000] {processor.py:161} INFO - Started process (PID=1600) to work on /home/airflow/.local/lib/python3.12/site-packages/airflow/example_dags/example_branch_datetime_operator.py
[2025-10-08T08:21:05.830+0000] {processor.py:830} INFO - Processing file /home/airflow/.local/lib/python3.12/site-packages/airflow/example_dags/example_branch_datetime_operator.py for tasks to queue
[2025-10-08T08:21:05.841+0000] {logging_mixin.py:188} INFO - [2025-10-08T08:21:05.840+0000] {dagbag.py:545} INFO - Filling up the DagBag from /home/airflow/.local/lib/python3.12/site-packages/airflow/example_dags/example_branch_datetime_operator.py
[2025-10-08T08:21:05.883+0000] {processor.py:840} INFO - DAG(s) 'example_branch_datetime_operator_3', 'example_branch_datetime_operator', 'example_branch_datetime_operator_2' retrieved from /home/airflow/.local/lib/python3.12/site-packages/airflow/example_dags/example_branch_datetime_operator.py
[2025-10-08T08:21:05.975+0000] {logging_mixin.py:188} INFO - [2025-10-08T08:21:05.974+0000] {dag.py:3096} INFO - Sync 3 DAGs
[2025-10-08T08:21:06.098+0000] {logging_mixin.py:188} INFO - [2025-10-08T08:21:06.098+0000] {dag.py:3954} INFO - Setting next_dagrun for example_branch_datetime_operator to 2025-10-07 00:00:00+00:00, run_after=2025-10-08 00:00:00+00:00
[2025-10-08T08:21:06.129+0000] {logging_mixin.py:188} INFO - [2025-10-08T08:21:06.119+0000] {dag.py:3954} INFO - Setting next_dagrun for example_branch_datetime_operator_2 to 2025-10-07 00:00:00+00:00, run_after=2025-10-08 00:00:00+00:00
[2025-10-08T08:21:06.145+0000] {logging_mixin.py:188} INFO - [2025-10-08T08:21:06.134+0000] {dag.py:3954} INFO - Setting next_dagrun for example_branch_datetime_operator_3 to 2025-10-07 00:00:00+00:00, run_after=2025-10-08 00:00:00+00:00
[2025-10-08T08:21:06.250+0000] {processor.py:183} INFO - Processing /home/airflow/.local/lib/python3.12/site-packages/airflow/example_dags/example_branch_datetime_operator.py took 0.457 seconds
[2025-10-08T08:21:36.641+0000] {processor.py:161} INFO - Started process (PID=1659) to work on /home/airflow/.local/lib/python3.12/site-packages/airflow/example_dags/example_branch_datetime_operator.py
[2025-10-08T08:21:36.649+0000] {processor.py:830} INFO - Processing file /home/airflow/.local/lib/python3.12/site-packages/airflow/example_dags/example_branch_datetime_operator.py for tasks to queue
[2025-10-08T08:21:36.653+0000] {logging_mixin.py:188} INFO - [2025-10-08T08:21:36.652+0000] {dagbag.py:545} INFO - Filling up the DagBag from /home/airflow/.local/lib/python3.12/site-packages/airflow/example_dags/example_branch_datetime_operator.py
[2025-10-08T08:21:36.672+0000] {processor.py:840} INFO - DAG(s) 'example_branch_datetime_operator_3', 'example_branch_datetime_operator_2', 'example_branch_datetime_operator' retrieved from /home/airflow/.local/lib/python3.12/site-packages/airflow/example_dags/example_branch_datetime_operator.py
[2025-10-08T08:21:36.726+0000] {logging_mixin.py:188} INFO - [2025-10-08T08:21:36.726+0000] {dag.py:3096} INFO - Sync 3 DAGs
[2025-10-08T08:21:36.766+0000] {logging_mixin.py:188} INFO - [2025-10-08T08:21:36.765+0000] {dag.py:3954} INFO - Setting next_dagrun for example_branch_datetime_operator to 2025-10-07 00:00:00+00:00, run_after=2025-10-08 00:00:00+00:00
[2025-10-08T08:21:36.774+0000] {logging_mixin.py:188} INFO - [2025-10-08T08:21:36.773+0000] {dag.py:3954} INFO - Setting next_dagrun for example_branch_datetime_operator_2 to 2025-10-07 00:00:00+00:00, run_after=2025-10-08 00:00:00+00:00
[2025-10-08T08:21:36.778+0000] {logging_mixin.py:188} INFO - [2025-10-08T08:21:36.777+0000] {dag.py:3954} INFO - Setting next_dagrun for example_branch_datetime_operator_3 to 2025-10-07 00:00:00+00:00, run_after=2025-10-08 00:00:00+00:00
[2025-10-08T08:21:36.807+0000] {processor.py:183} INFO - Processing /home/airflow/.local/lib/python3.12/site-packages/airflow/example_dags/example_branch_datetime_operator.py took 0.175 seconds
[2025-10-08T08:22:07.060+0000] {processor.py:161} INFO - Started process (PID=1718) to work on /home/airflow/.local/lib/python3.12/site-packages/airflow/example_dags/example_branch_datetime_operator.py
[2025-10-08T08:22:07.063+0000] {processor.py:830} INFO - Processing file /home/airflow/.local/lib/python3.12/site-packages/airflow/example_dags/example_branch_datetime_operator.py for tasks to queue
[2025-10-08T08:22:07.066+0000] {logging_mixin.py:188} INFO - [2025-10-08T08:22:07.066+0000] {dagbag.py:545} INFO - Filling up the DagBag from /home/airflow/.local/lib/python3.12/site-packages/airflow/example_dags/example_branch_datetime_operator.py
[2025-10-08T08:22:07.089+0000] {processor.py:840} INFO - DAG(s) 'example_branch_datetime_operator', 'example_branch_datetime_operator_3', 'example_branch_datetime_operator_2' retrieved from /home/airflow/.local/lib/python3.12/site-packages/airflow/example_dags/example_branch_datetime_operator.py
[2025-10-08T08:22:07.133+0000] {logging_mixin.py:188} INFO - [2025-10-08T08:22:07.133+0000] {dag.py:3096} INFO - Sync 3 DAGs
[2025-10-08T08:22:07.172+0000] {logging_mixin.py:188} INFO - [2025-10-08T08:22:07.172+0000] {dag.py:3954} INFO - Setting next_dagrun for example_branch_datetime_operator to 2025-10-07 00:00:00+00:00, run_after=2025-10-08 00:00:00+00:00
[2025-10-08T08:22:07.179+0000] {logging_mixin.py:188} INFO - [2025-10-08T08:22:07.179+0000] {dag.py:3954} INFO - Setting next_dagrun for example_branch_datetime_operator_2 to 2025-10-07 00:00:00+00:00, run_after=2025-10-08 00:00:00+00:00
[2025-10-08T08:22:07.183+0000] {logging_mixin.py:188} INFO - [2025-10-08T08:22:07.183+0000] {dag.py:3954} INFO - Setting next_dagrun for example_branch_datetime_operator_3 to 2025-10-07 00:00:00+00:00, run_after=2025-10-08 00:00:00+00:00
[2025-10-08T08:22:07.236+0000] {processor.py:183} INFO - Processing /home/airflow/.local/lib/python3.12/site-packages/airflow/example_dags/example_branch_datetime_operator.py took 0.185 seconds
[2025-10-08T08:22:38.082+0000] {processor.py:161} INFO - Started process (PID=1777) to work on /home/airflow/.local/lib/python3.12/site-packages/airflow/example_dags/example_branch_datetime_operator.py
[2025-10-08T08:22:38.084+0000] {processor.py:830} INFO - Processing file /home/airflow/.local/lib/python3.12/site-packages/airflow/example_dags/example_branch_datetime_operator.py for tasks to queue
[2025-10-08T08:22:38.087+0000] {logging_mixin.py:188} INFO - [2025-10-08T08:22:38.087+0000] {dagbag.py:545} INFO - Filling up the DagBag from /home/airflow/.local/lib/python3.12/site-packages/airflow/example_dags/example_branch_datetime_operator.py
[2025-10-08T08:22:38.107+0000] {processor.py:840} INFO - DAG(s) 'example_branch_datetime_operator', 'example_branch_datetime_operator_2', 'example_branch_datetime_operator_3' retrieved from /home/airflow/.local/lib/python3.12/site-packages/airflow/example_dags/example_branch_datetime_operator.py
[2025-10-08T08:22:38.154+0000] {logging_mixin.py:188} INFO - [2025-10-08T08:22:38.154+0000] {dag.py:3096} INFO - Sync 3 DAGs
[2025-10-08T08:22:38.196+0000] {logging_mixin.py:188} INFO - [2025-10-08T08:22:38.196+0000] {dag.py:3954} INFO - Setting next_dagrun for example_branch_datetime_operator to 2025-10-07 00:00:00+00:00, run_after=2025-10-08 00:00:00+00:00
[2025-10-08T08:22:38.206+0000] {logging_mixin.py:188} INFO - [2025-10-08T08:22:38.206+0000] {dag.py:3954} INFO - Setting next_dagrun for example_branch_datetime_operator_2 to 2025-10-07 00:00:00+00:00, run_after=2025-10-08 00:00:00+00:00
[2025-10-08T08:22:38.212+0000] {logging_mixin.py:188} INFO - [2025-10-08T08:22:38.212+0000] {dag.py:3954} INFO - Setting next_dagrun for example_branch_datetime_operator_3 to 2025-10-07 00:00:00+00:00, run_after=2025-10-08 00:00:00+00:00
[2025-10-08T08:22:38.249+0000] {processor.py:183} INFO - Processing /home/airflow/.local/lib/python3.12/site-packages/airflow/example_dags/example_branch_datetime_operator.py took 0.180 seconds
[2025-10-08T08:23:08.886+0000] {processor.py:161} INFO - Started process (PID=1836) to work on /home/airflow/.local/lib/python3.12/site-packages/airflow/example_dags/example_branch_datetime_operator.py
[2025-10-08T08:23:08.888+0000] {processor.py:830} INFO - Processing file /home/airflow/.local/lib/python3.12/site-packages/airflow/example_dags/example_branch_datetime_operator.py for tasks to queue
[2025-10-08T08:23:08.891+0000] {logging_mixin.py:188} INFO - [2025-10-08T08:23:08.891+0000] {dagbag.py:545} INFO - Filling up the DagBag from /home/airflow/.local/lib/python3.12/site-packages/airflow/example_dags/example_branch_datetime_operator.py
[2025-10-08T08:23:08.905+0000] {processor.py:840} INFO - DAG(s) 'example_branch_datetime_operator', 'example_branch_datetime_operator_2', 'example_branch_datetime_operator_3' retrieved from /home/airflow/.local/lib/python3.12/site-packages/airflow/example_dags/example_branch_datetime_operator.py
[2025-10-08T08:23:08.977+0000] {logging_mixin.py:188} INFO - [2025-10-08T08:23:08.976+0000] {dag.py:3096} INFO - Sync 3 DAGs
[2025-10-08T08:23:09.019+0000] {logging_mixin.py:188} INFO - [2025-10-08T08:23:09.019+0000] {dag.py:3954} INFO - Setting next_dagrun for example_branch_datetime_operator to 2025-10-07 00:00:00+00:00, run_after=2025-10-08 00:00:00+00:00
[2025-10-08T08:23:09.033+0000] {logging_mixin.py:188} INFO - [2025-10-08T08:23:09.032+0000] {dag.py:3954} INFO - Setting next_dagrun for example_branch_datetime_operator_2 to 2025-10-07 00:00:00+00:00, run_after=2025-10-08 00:00:00+00:00
[2025-10-08T08:23:09.040+0000] {logging_mixin.py:188} INFO - [2025-10-08T08:23:09.040+0000] {dag.py:3954} INFO - Setting next_dagrun for example_branch_datetime_operator_3 to 2025-10-07 00:00:00+00:00, run_after=2025-10-08 00:00:00+00:00
[2025-10-08T08:23:09.086+0000] {processor.py:183} INFO - Processing /home/airflow/.local/lib/python3.12/site-packages/airflow/example_dags/example_branch_datetime_operator.py took 0.209 seconds
[2025-10-08T08:23:39.614+0000] {processor.py:161} INFO - Started process (PID=1895) to work on /home/airflow/.local/lib/python3.12/site-packages/airflow/example_dags/example_branch_datetime_operator.py
[2025-10-08T08:23:39.616+0000] {processor.py:830} INFO - Processing file /home/airflow/.local/lib/python3.12/site-packages/airflow/example_dags/example_branch_datetime_operator.py for tasks to queue
[2025-10-08T08:23:39.619+0000] {logging_mixin.py:188} INFO - [2025-10-08T08:23:39.618+0000] {dagbag.py:545} INFO - Filling up the DagBag from /home/airflow/.local/lib/python3.12/site-packages/airflow/example_dags/example_branch_datetime_operator.py
[2025-10-08T08:23:39.636+0000] {processor.py:840} INFO - DAG(s) 'example_branch_datetime_operator', 'example_branch_datetime_operator_2', 'example_branch_datetime_operator_3' retrieved from /home/airflow/.local/lib/python3.12/site-packages/airflow/example_dags/example_branch_datetime_operator.py
[2025-10-08T08:23:39.686+0000] {logging_mixin.py:188} INFO - [2025-10-08T08:23:39.685+0000] {dag.py:3096} INFO - Sync 3 DAGs
[2025-10-08T08:23:39.724+0000] {logging_mixin.py:188} INFO - [2025-10-08T08:23:39.723+0000] {dag.py:3954} INFO - Setting next_dagrun for example_branch_datetime_operator to 2025-10-07 00:00:00+00:00, run_after=2025-10-08 00:00:00+00:00
[2025-10-08T08:23:39.734+0000] {logging_mixin.py:188} INFO - [2025-10-08T08:23:39.733+0000] {dag.py:3954} INFO - Setting next_dagrun for example_branch_datetime_operator_2 to 2025-10-07 00:00:00+00:00, run_after=2025-10-08 00:00:00+00:00
[2025-10-08T08:23:39.739+0000] {logging_mixin.py:188} INFO - [2025-10-08T08:23:39.739+0000] {dag.py:3954} INFO - Setting next_dagrun for example_branch_datetime_operator_3 to 2025-10-07 00:00:00+00:00, run_after=2025-10-08 00:00:00+00:00
[2025-10-08T08:23:39.778+0000] {processor.py:183} INFO - Processing /home/airflow/.local/lib/python3.12/site-packages/airflow/example_dags/example_branch_datetime_operator.py took 0.173 seconds
[2025-10-08T08:24:10.570+0000] {processor.py:161} INFO - Started process (PID=1954) to work on /home/airflow/.local/lib/python3.12/site-packages/airflow/example_dags/example_branch_datetime_operator.py
[2025-10-08T08:24:10.572+0000] {processor.py:830} INFO - Processing file /home/airflow/.local/lib/python3.12/site-packages/airflow/example_dags/example_branch_datetime_operator.py for tasks to queue
[2025-10-08T08:24:10.577+0000] {logging_mixin.py:188} INFO - [2025-10-08T08:24:10.577+0000] {dagbag.py:545} INFO - Filling up the DagBag from /home/airflow/.local/lib/python3.12/site-packages/airflow/example_dags/example_branch_datetime_operator.py
[2025-10-08T08:24:10.597+0000] {processor.py:840} INFO - DAG(s) 'example_branch_datetime_operator_2', 'example_branch_datetime_operator_3', 'example_branch_datetime_operator' retrieved from /home/airflow/.local/lib/python3.12/site-packages/airflow/example_dags/example_branch_datetime_operator.py
[2025-10-08T08:24:10.648+0000] {logging_mixin.py:188} INFO - [2025-10-08T08:24:10.648+0000] {dag.py:3096} INFO - Sync 3 DAGs
[2025-10-08T08:24:10.692+0000] {logging_mixin.py:188} INFO - [2025-10-08T08:24:10.692+0000] {dag.py:3954} INFO - Setting next_dagrun for example_branch_datetime_operator to 2025-10-07 00:00:00+00:00, run_after=2025-10-08 00:00:00+00:00
[2025-10-08T08:24:10.701+0000] {logging_mixin.py:188} INFO - [2025-10-08T08:24:10.701+0000] {dag.py:3954} INFO - Setting next_dagrun for example_branch_datetime_operator_2 to 2025-10-07 00:00:00+00:00, run_after=2025-10-08 00:00:00+00:00
[2025-10-08T08:24:10.706+0000] {logging_mixin.py:188} INFO - [2025-10-08T08:24:10.706+0000] {dag.py:3954} INFO - Setting next_dagrun for example_branch_datetime_operator_3 to 2025-10-07 00:00:00+00:00, run_after=2025-10-08 00:00:00+00:00
[2025-10-08T08:24:10.761+0000] {processor.py:183} INFO - Processing /home/airflow/.local/lib/python3.12/site-packages/airflow/example_dags/example_branch_datetime_operator.py took 0.205 seconds
[2025-10-08T08:24:41.590+0000] {processor.py:161} INFO - Started process (PID=2013) to work on /home/airflow/.local/lib/python3.12/site-packages/airflow/example_dags/example_branch_datetime_operator.py
[2025-10-08T08:24:41.592+0000] {processor.py:830} INFO - Processing file /home/airflow/.local/lib/python3.12/site-packages/airflow/example_dags/example_branch_datetime_operator.py for tasks to queue
[2025-10-08T08:24:41.596+0000] {logging_mixin.py:188} INFO - [2025-10-08T08:24:41.596+0000] {dagbag.py:545} INFO - Filling up the DagBag from /home/airflow/.local/lib/python3.12/site-packages/airflow/example_dags/example_branch_datetime_operator.py
[2025-10-08T08:24:41.636+0000] {processor.py:840} INFO - DAG(s) 'example_branch_datetime_operator_2', 'example_branch_datetime_operator_3', 'example_branch_datetime_operator' retrieved from /home/airflow/.local/lib/python3.12/site-packages/airflow/example_dags/example_branch_datetime_operator.py
[2025-10-08T08:24:41.704+0000] {logging_mixin.py:188} INFO - [2025-10-08T08:24:41.703+0000] {dag.py:3096} INFO - Sync 3 DAGs
[2025-10-08T08:24:41.748+0000] {logging_mixin.py:188} INFO - [2025-10-08T08:24:41.747+0000] {dag.py:3954} INFO - Setting next_dagrun for example_branch_datetime_operator to 2025-10-07 00:00:00+00:00, run_after=2025-10-08 00:00:00+00:00
[2025-10-08T08:24:41.760+0000] {logging_mixin.py:188} INFO - [2025-10-08T08:24:41.760+0000] {dag.py:3954} INFO - Setting next_dagrun for example_branch_datetime_operator_2 to 2025-10-07 00:00:00+00:00, run_after=2025-10-08 00:00:00+00:00
[2025-10-08T08:24:41.765+0000] {logging_mixin.py:188} INFO - [2025-10-08T08:24:41.765+0000] {dag.py:3954} INFO - Setting next_dagrun for example_branch_datetime_operator_3 to 2025-10-07 00:00:00+00:00, run_after=2025-10-08 00:00:00+00:00
[2025-10-08T08:24:41.797+0000] {processor.py:183} INFO - Processing /home/airflow/.local/lib/python3.12/site-packages/airflow/example_dags/example_branch_datetime_operator.py took 0.221 seconds
[2025-10-08T08:25:12.147+0000] {processor.py:161} INFO - Started process (PID=2072) to work on /home/airflow/.local/lib/python3.12/site-packages/airflow/example_dags/example_branch_datetime_operator.py
[2025-10-08T08:25:12.151+0000] {processor.py:830} INFO - Processing file /home/airflow/.local/lib/python3.12/site-packages/airflow/example_dags/example_branch_datetime_operator.py for tasks to queue
[2025-10-08T08:25:12.157+0000] {logging_mixin.py:188} INFO - [2025-10-08T08:25:12.156+0000] {dagbag.py:545} INFO - Filling up the DagBag from /home/airflow/.local/lib/python3.12/site-packages/airflow/example_dags/example_branch_datetime_operator.py
[2025-10-08T08:25:12.172+0000] {processor.py:840} INFO - DAG(s) 'example_branch_datetime_operator', 'example_branch_datetime_operator_3', 'example_branch_datetime_operator_2' retrieved from /home/airflow/.local/lib/python3.12/site-packages/airflow/example_dags/example_branch_datetime_operator.py
[2025-10-08T08:25:12.214+0000] {logging_mixin.py:188} INFO - [2025-10-08T08:25:12.214+0000] {dag.py:3096} INFO - Sync 3 DAGs
[2025-10-08T08:25:12.255+0000] {logging_mixin.py:188} INFO - [2025-10-08T08:25:12.255+0000] {dag.py:3954} INFO - Setting next_dagrun for example_branch_datetime_operator to 2025-10-07 00:00:00+00:00, run_after=2025-10-08 00:00:00+00:00
[2025-10-08T08:25:12.262+0000] {logging_mixin.py:188} INFO - [2025-10-08T08:25:12.261+0000] {dag.py:3954} INFO - Setting next_dagrun for example_branch_datetime_operator_2 to 2025-10-07 00:00:00+00:00, run_after=2025-10-08 00:00:00+00:00
[2025-10-08T08:25:12.267+0000] {logging_mixin.py:188} INFO - [2025-10-08T08:25:12.267+0000] {dag.py:3954} INFO - Setting next_dagrun for example_branch_datetime_operator_3 to 2025-10-07 00:00:00+00:00, run_after=2025-10-08 00:00:00+00:00
[2025-10-08T08:25:12.312+0000] {processor.py:183} INFO - Processing /home/airflow/.local/lib/python3.12/site-packages/airflow/example_dags/example_branch_datetime_operator.py took 0.183 seconds
[2025-10-08T08:25:42.768+0000] {processor.py:161} INFO - Started process (PID=2131) to work on /home/airflow/.local/lib/python3.12/site-packages/airflow/example_dags/example_branch_datetime_operator.py
[2025-10-08T08:25:42.772+0000] {processor.py:830} INFO - Processing file /home/airflow/.local/lib/python3.12/site-packages/airflow/example_dags/example_branch_datetime_operator.py for tasks to queue
[2025-10-08T08:25:42.775+0000] {logging_mixin.py:188} INFO - [2025-10-08T08:25:42.775+0000] {dagbag.py:545} INFO - Filling up the DagBag from /home/airflow/.local/lib/python3.12/site-packages/airflow/example_dags/example_branch_datetime_operator.py
[2025-10-08T08:25:42.790+0000] {processor.py:840} INFO - DAG(s) 'example_branch_datetime_operator_2', 'example_branch_datetime_operator', 'example_branch_datetime_operator_3' retrieved from /home/airflow/.local/lib/python3.12/site-packages/airflow/example_dags/example_branch_datetime_operator.py
[2025-10-08T08:25:42.839+0000] {logging_mixin.py:188} INFO - [2025-10-08T08:25:42.839+0000] {dag.py:3096} INFO - Sync 3 DAGs
[2025-10-08T08:25:42.898+0000] {logging_mixin.py:188} INFO - [2025-10-08T08:25:42.897+0000] {dag.py:3954} INFO - Setting next_dagrun for example_branch_datetime_operator to 2025-10-07 00:00:00+00:00, run_after=2025-10-08 00:00:00+00:00
[2025-10-08T08:25:42.913+0000] {logging_mixin.py:188} INFO - [2025-10-08T08:25:42.912+0000] {dag.py:3954} INFO - Setting next_dagrun for example_branch_datetime_operator_2 to 2025-10-07 00:00:00+00:00, run_after=2025-10-08 00:00:00+00:00
[2025-10-08T08:25:42.918+0000] {logging_mixin.py:188} INFO - [2025-10-08T08:25:42.918+0000] {dag.py:3954} INFO - Setting next_dagrun for example_branch_datetime_operator_3 to 2025-10-07 00:00:00+00:00, run_after=2025-10-08 00:00:00+00:00
[2025-10-08T08:25:42.951+0000] {processor.py:183} INFO - Processing /home/airflow/.local/lib/python3.12/site-packages/airflow/example_dags/example_branch_datetime_operator.py took 0.193 seconds
[2025-10-08T08:26:13.207+0000] {processor.py:161} INFO - Started process (PID=2190) to work on /home/airflow/.local/lib/python3.12/site-packages/airflow/example_dags/example_branch_datetime_operator.py
[2025-10-08T08:26:13.209+0000] {processor.py:830} INFO - Processing file /home/airflow/.local/lib/python3.12/site-packages/airflow/example_dags/example_branch_datetime_operator.py for tasks to queue
[2025-10-08T08:26:13.213+0000] {logging_mixin.py:188} INFO - [2025-10-08T08:26:13.212+0000] {dagbag.py:545} INFO - Filling up the DagBag from /home/airflow/.local/lib/python3.12/site-packages/airflow/example_dags/example_branch_datetime_operator.py
[2025-10-08T08:26:13.226+0000] {processor.py:840} INFO - DAG(s) 'example_branch_datetime_operator_2', 'example_branch_datetime_operator_3', 'example_branch_datetime_operator' retrieved from /home/airflow/.local/lib/python3.12/site-packages/airflow/example_dags/example_branch_datetime_operator.py
[2025-10-08T08:26:13.268+0000] {logging_mixin.py:188} INFO - [2025-10-08T08:26:13.268+0000] {dag.py:3096} INFO - Sync 3 DAGs
[2025-10-08T08:26:13.300+0000] {logging_mixin.py:188} INFO - [2025-10-08T08:26:13.299+0000] {dag.py:3954} INFO - Setting next_dagrun for example_branch_datetime_operator to 2025-10-07 00:00:00+00:00, run_after=2025-10-08 00:00:00+00:00
[2025-10-08T08:26:13.306+0000] {logging_mixin.py:188} INFO - [2025-10-08T08:26:13.306+0000] {dag.py:3954} INFO - Setting next_dagrun for example_branch_datetime_operator_2 to 2025-10-07 00:00:00+00:00, run_after=2025-10-08 00:00:00+00:00
[2025-10-08T08:26:13.310+0000] {logging_mixin.py:188} INFO - [2025-10-08T08:26:13.310+0000] {dag.py:3954} INFO - Setting next_dagrun for example_branch_datetime_operator_3 to 2025-10-07 00:00:00+00:00, run_after=2025-10-08 00:00:00+00:00
[2025-10-08T08:26:13.334+0000] {processor.py:183} INFO - Processing /home/airflow/.local/lib/python3.12/site-packages/airflow/example_dags/example_branch_datetime_operator.py took 0.137 seconds
[2025-10-08T08:26:44.326+0000] {processor.py:161} INFO - Started process (PID=2249) to work on /home/airflow/.local/lib/python3.12/site-packages/airflow/example_dags/example_branch_datetime_operator.py
[2025-10-08T08:26:44.329+0000] {processor.py:830} INFO - Processing file /home/airflow/.local/lib/python3.12/site-packages/airflow/example_dags/example_branch_datetime_operator.py for tasks to queue
[2025-10-08T08:26:44.333+0000] {logging_mixin.py:188} INFO - [2025-10-08T08:26:44.332+0000] {dagbag.py:545} INFO - Filling up the DagBag from /home/airflow/.local/lib/python3.12/site-packages/airflow/example_dags/example_branch_datetime_operator.py
[2025-10-08T08:26:44.364+0000] {processor.py:840} INFO - DAG(s) 'example_branch_datetime_operator_3', 'example_branch_datetime_operator_2', 'example_branch_datetime_operator' retrieved from /home/airflow/.local/lib/python3.12/site-packages/airflow/example_dags/example_branch_datetime_operator.py
[2025-10-08T08:26:44.439+0000] {logging_mixin.py:188} INFO - [2025-10-08T08:26:44.439+0000] {dag.py:3096} INFO - Sync 3 DAGs
[2025-10-08T08:26:44.480+0000] {logging_mixin.py:188} INFO - [2025-10-08T08:26:44.480+0000] {dag.py:3954} INFO - Setting next_dagrun for example_branch_datetime_operator to 2025-10-07 00:00:00+00:00, run_after=2025-10-08 00:00:00+00:00
[2025-10-08T08:26:44.487+0000] {logging_mixin.py:188} INFO - [2025-10-08T08:26:44.487+0000] {dag.py:3954} INFO - Setting next_dagrun for example_branch_datetime_operator_2 to 2025-10-07 00:00:00+00:00, run_after=2025-10-08 00:00:00+00:00
[2025-10-08T08:26:44.491+0000] {logging_mixin.py:188} INFO - [2025-10-08T08:26:44.491+0000] {dag.py:3954} INFO - Setting next_dagrun for example_branch_datetime_operator_3 to 2025-10-07 00:00:00+00:00, run_after=2025-10-08 00:00:00+00:00
[2025-10-08T08:26:44.527+0000] {processor.py:183} INFO - Processing /home/airflow/.local/lib/python3.12/site-packages/airflow/example_dags/example_branch_datetime_operator.py took 0.225 seconds
[2025-10-08T08:27:15.268+0000] {processor.py:161} INFO - Started process (PID=2308) to work on /home/airflow/.local/lib/python3.12/site-packages/airflow/example_dags/example_branch_datetime_operator.py
[2025-10-08T08:27:15.270+0000] {processor.py:830} INFO - Processing file /home/airflow/.local/lib/python3.12/site-packages/airflow/example_dags/example_branch_datetime_operator.py for tasks to queue
[2025-10-08T08:27:15.273+0000] {logging_mixin.py:188} INFO - [2025-10-08T08:27:15.273+0000] {dagbag.py:545} INFO - Filling up the DagBag from /home/airflow/.local/lib/python3.12/site-packages/airflow/example_dags/example_branch_datetime_operator.py
[2025-10-08T08:27:15.289+0000] {processor.py:840} INFO - DAG(s) 'example_branch_datetime_operator_3', 'example_branch_datetime_operator', 'example_branch_datetime_operator_2' retrieved from /home/airflow/.local/lib/python3.12/site-packages/airflow/example_dags/example_branch_datetime_operator.py
[2025-10-08T08:27:15.335+0000] {logging_mixin.py:188} INFO - [2025-10-08T08:27:15.335+0000] {dag.py:3096} INFO - Sync 3 DAGs
[2025-10-08T08:27:15.372+0000] {logging_mixin.py:188} INFO - [2025-10-08T08:27:15.371+0000] {dag.py:3954} INFO - Setting next_dagrun for example_branch_datetime_operator to 2025-10-07 00:00:00+00:00, run_after=2025-10-08 00:00:00+00:00
[2025-10-08T08:27:15.379+0000] {logging_mixin.py:188} INFO - [2025-10-08T08:27:15.379+0000] {dag.py:3954} INFO - Setting next_dagrun for example_branch_datetime_operator_2 to 2025-10-07 00:00:00+00:00, run_after=2025-10-08 00:00:00+00:00
[2025-10-08T08:27:15.382+0000] {logging_mixin.py:188} INFO - [2025-10-08T08:27:15.382+0000] {dag.py:3954} INFO - Setting next_dagrun for example_branch_datetime_operator_3 to 2025-10-07 00:00:00+00:00, run_after=2025-10-08 00:00:00+00:00
[2025-10-08T08:27:15.413+0000] {processor.py:183} INFO - Processing /home/airflow/.local/lib/python3.12/site-packages/airflow/example_dags/example_branch_datetime_operator.py took 0.155 seconds
[2025-10-08T08:27:47.136+0000] {processor.py:161} INFO - Started process (PID=2367) to work on /home/airflow/.local/lib/python3.12/site-packages/airflow/example_dags/example_branch_datetime_operator.py
[2025-10-08T08:27:47.145+0000] {processor.py:830} INFO - Processing file /home/airflow/.local/lib/python3.12/site-packages/airflow/example_dags/example_branch_datetime_operator.py for tasks to queue
[2025-10-08T08:27:47.152+0000] {logging_mixin.py:188} INFO - [2025-10-08T08:27:47.151+0000] {dagbag.py:545} INFO - Filling up the DagBag from /home/airflow/.local/lib/python3.12/site-packages/airflow/example_dags/example_branch_datetime_operator.py
[2025-10-08T08:27:47.197+0000] {processor.py:840} INFO - DAG(s) 'example_branch_datetime_operator_3', 'example_branch_datetime_operator', 'example_branch_datetime_operator_2' retrieved from /home/airflow/.local/lib/python3.12/site-packages/airflow/example_dags/example_branch_datetime_operator.py
[2025-10-08T08:27:47.277+0000] {logging_mixin.py:188} INFO - [2025-10-08T08:27:47.277+0000] {dag.py:3096} INFO - Sync 3 DAGs
[2025-10-08T08:27:47.356+0000] {logging_mixin.py:188} INFO - [2025-10-08T08:27:47.356+0000] {dag.py:3954} INFO - Setting next_dagrun for example_branch_datetime_operator to 2025-10-07 00:00:00+00:00, run_after=2025-10-08 00:00:00+00:00
[2025-10-08T08:27:47.366+0000] {logging_mixin.py:188} INFO - [2025-10-08T08:27:47.365+0000] {dag.py:3954} INFO - Setting next_dagrun for example_branch_datetime_operator_2 to 2025-10-07 00:00:00+00:00, run_after=2025-10-08 00:00:00+00:00
[2025-10-08T08:27:47.372+0000] {logging_mixin.py:188} INFO - [2025-10-08T08:27:47.371+0000] {dag.py:3954} INFO - Setting next_dagrun for example_branch_datetime_operator_3 to 2025-10-07 00:00:00+00:00, run_after=2025-10-08 00:00:00+00:00
[2025-10-08T08:27:47.417+0000] {processor.py:183} INFO - Processing /home/airflow/.local/lib/python3.12/site-packages/airflow/example_dags/example_branch_datetime_operator.py took 0.317 seconds
[2025-10-08T08:28:18.046+0000] {processor.py:161} INFO - Started process (PID=2426) to work on /home/airflow/.local/lib/python3.12/site-packages/airflow/example_dags/example_branch_datetime_operator.py
[2025-10-08T08:28:18.050+0000] {processor.py:830} INFO - Processing file /home/airflow/.local/lib/python3.12/site-packages/airflow/example_dags/example_branch_datetime_operator.py for tasks to queue
[2025-10-08T08:28:18.054+0000] {logging_mixin.py:188} INFO - [2025-10-08T08:28:18.053+0000] {dagbag.py:545} INFO - Filling up the DagBag from /home/airflow/.local/lib/python3.12/site-packages/airflow/example_dags/example_branch_datetime_operator.py
[2025-10-08T08:28:18.069+0000] {processor.py:840} INFO - DAG(s) 'example_branch_datetime_operator_2', 'example_branch_datetime_operator_3', 'example_branch_datetime_operator' retrieved from /home/airflow/.local/lib/python3.12/site-packages/airflow/example_dags/example_branch_datetime_operator.py
[2025-10-08T08:28:18.123+0000] {logging_mixin.py:188} INFO - [2025-10-08T08:28:18.123+0000] {dag.py:3096} INFO - Sync 3 DAGs
[2025-10-08T08:28:18.170+0000] {logging_mixin.py:188} INFO - [2025-10-08T08:28:18.170+0000] {dag.py:3954} INFO - Setting next_dagrun for example_branch_datetime_operator to 2025-10-07 00:00:00+00:00, run_after=2025-10-08 00:00:00+00:00
[2025-10-08T08:28:18.179+0000] {logging_mixin.py:188} INFO - [2025-10-08T08:28:18.178+0000] {dag.py:3954} INFO - Setting next_dagrun for example_branch_datetime_operator_2 to 2025-10-07 00:00:00+00:00, run_after=2025-10-08 00:00:00+00:00
[2025-10-08T08:28:18.186+0000] {logging_mixin.py:188} INFO - [2025-10-08T08:28:18.185+0000] {dag.py:3954} INFO - Setting next_dagrun for example_branch_datetime_operator_3 to 2025-10-07 00:00:00+00:00, run_after=2025-10-08 00:00:00+00:00
[2025-10-08T08:28:18.230+0000] {processor.py:183} INFO - Processing /home/airflow/.local/lib/python3.12/site-packages/airflow/example_dags/example_branch_datetime_operator.py took 0.195 seconds
[2025-10-08T08:28:49.046+0000] {processor.py:161} INFO - Started process (PID=2491) to work on /home/airflow/.local/lib/python3.12/site-packages/airflow/example_dags/example_branch_datetime_operator.py
[2025-10-08T08:28:49.048+0000] {processor.py:830} INFO - Processing file /home/airflow/.local/lib/python3.12/site-packages/airflow/example_dags/example_branch_datetime_operator.py for tasks to queue
[2025-10-08T08:28:49.051+0000] {logging_mixin.py:188} INFO - [2025-10-08T08:28:49.051+0000] {dagbag.py:545} INFO - Filling up the DagBag from /home/airflow/.local/lib/python3.12/site-packages/airflow/example_dags/example_branch_datetime_operator.py
[2025-10-08T08:28:49.067+0000] {processor.py:840} INFO - DAG(s) 'example_branch_datetime_operator_2', 'example_branch_datetime_operator', 'example_branch_datetime_operator_3' retrieved from /home/airflow/.local/lib/python3.12/site-packages/airflow/example_dags/example_branch_datetime_operator.py
[2025-10-08T08:28:49.116+0000] {logging_mixin.py:188} INFO - [2025-10-08T08:28:49.115+0000] {dag.py:3096} INFO - Sync 3 DAGs
[2025-10-08T08:28:49.152+0000] {logging_mixin.py:188} INFO - [2025-10-08T08:28:49.152+0000] {dag.py:3954} INFO - Setting next_dagrun for example_branch_datetime_operator to 2025-10-07 00:00:00+00:00, run_after=2025-10-08 00:00:00+00:00
[2025-10-08T08:28:49.161+0000] {logging_mixin.py:188} INFO - [2025-10-08T08:28:49.161+0000] {dag.py:3954} INFO - Setting next_dagrun for example_branch_datetime_operator_2 to 2025-10-07 00:00:00+00:00, run_after=2025-10-08 00:00:00+00:00
[2025-10-08T08:28:49.165+0000] {logging_mixin.py:188} INFO - [2025-10-08T08:28:49.165+0000] {dag.py:3954} INFO - Setting next_dagrun for example_branch_datetime_operator_3 to 2025-10-07 00:00:00+00:00, run_after=2025-10-08 00:00:00+00:00
[2025-10-08T08:28:49.196+0000] {processor.py:183} INFO - Processing /home/airflow/.local/lib/python3.12/site-packages/airflow/example_dags/example_branch_datetime_operator.py took 0.158 seconds
[2025-10-08T08:29:19.781+0000] {processor.py:161} INFO - Started process (PID=2550) to work on /home/airflow/.local/lib/python3.12/site-packages/airflow/example_dags/example_branch_datetime_operator.py
[2025-10-08T08:29:19.784+0000] {processor.py:830} INFO - Processing file /home/airflow/.local/lib/python3.12/site-packages/airflow/example_dags/example_branch_datetime_operator.py for tasks to queue
[2025-10-08T08:29:19.789+0000] {logging_mixin.py:188} INFO - [2025-10-08T08:29:19.788+0000] {dagbag.py:545} INFO - Filling up the DagBag from /home/airflow/.local/lib/python3.12/site-packages/airflow/example_dags/example_branch_datetime_operator.py
[2025-10-08T08:29:19.813+0000] {processor.py:840} INFO - DAG(s) 'example_branch_datetime_operator_3', 'example_branch_datetime_operator_2', 'example_branch_datetime_operator' retrieved from /home/airflow/.local/lib/python3.12/site-packages/airflow/example_dags/example_branch_datetime_operator.py
[2025-10-08T08:29:19.854+0000] {logging_mixin.py:188} INFO - [2025-10-08T08:29:19.854+0000] {dag.py:3096} INFO - Sync 3 DAGs
[2025-10-08T08:29:19.884+0000] {logging_mixin.py:188} INFO - [2025-10-08T08:29:19.884+0000] {dag.py:3954} INFO - Setting next_dagrun for example_branch_datetime_operator to 2025-10-07 00:00:00+00:00, run_after=2025-10-08 00:00:00+00:00
[2025-10-08T08:29:19.891+0000] {logging_mixin.py:188} INFO - [2025-10-08T08:29:19.891+0000] {dag.py:3954} INFO - Setting next_dagrun for example_branch_datetime_operator_2 to 2025-10-07 00:00:00+00:00, run_after=2025-10-08 00:00:00+00:00
[2025-10-08T08:29:19.895+0000] {logging_mixin.py:188} INFO - [2025-10-08T08:29:19.894+0000] {dag.py:3954} INFO - Setting next_dagrun for example_branch_datetime_operator_3 to 2025-10-07 00:00:00+00:00, run_after=2025-10-08 00:00:00+00:00
[2025-10-08T08:29:19.921+0000] {processor.py:183} INFO - Processing /home/airflow/.local/lib/python3.12/site-packages/airflow/example_dags/example_branch_datetime_operator.py took 0.156 seconds
[2025-10-08T08:29:50.235+0000] {processor.py:161} INFO - Started process (PID=2609) to work on /home/airflow/.local/lib/python3.12/site-packages/airflow/example_dags/example_branch_datetime_operator.py
[2025-10-08T08:29:50.238+0000] {processor.py:830} INFO - Processing file /home/airflow/.local/lib/python3.12/site-packages/airflow/example_dags/example_branch_datetime_operator.py for tasks to queue
[2025-10-08T08:29:50.245+0000] {logging_mixin.py:188} INFO - [2025-10-08T08:29:50.244+0000] {dagbag.py:545} INFO - Filling up the DagBag from /home/airflow/.local/lib/python3.12/site-packages/airflow/example_dags/example_branch_datetime_operator.py
[2025-10-08T08:29:50.296+0000] {processor.py:840} INFO - DAG(s) 'example_branch_datetime_operator', 'example_branch_datetime_operator_2', 'example_branch_datetime_operator_3' retrieved from /home/airflow/.local/lib/python3.12/site-packages/airflow/example_dags/example_branch_datetime_operator.py
[2025-10-08T08:29:50.343+0000] {logging_mixin.py:188} INFO - [2025-10-08T08:29:50.343+0000] {dag.py:3096} INFO - Sync 3 DAGs
[2025-10-08T08:29:50.393+0000] {logging_mixin.py:188} INFO - [2025-10-08T08:29:50.393+0000] {dag.py:3954} INFO - Setting next_dagrun for example_branch_datetime_operator to 2025-10-07 00:00:00+00:00, run_after=2025-10-08 00:00:00+00:00
[2025-10-08T08:29:50.404+0000] {logging_mixin.py:188} INFO - [2025-10-08T08:29:50.403+0000] {dag.py:3954} INFO - Setting next_dagrun for example_branch_datetime_operator_2 to 2025-10-07 00:00:00+00:00, run_after=2025-10-08 00:00:00+00:00
[2025-10-08T08:29:50.408+0000] {logging_mixin.py:188} INFO - [2025-10-08T08:29:50.407+0000] {dag.py:3954} INFO - Setting next_dagrun for example_branch_datetime_operator_3 to 2025-10-07 00:00:00+00:00, run_after=2025-10-08 00:00:00+00:00
[2025-10-08T08:29:50.450+0000] {processor.py:183} INFO - Processing /home/airflow/.local/lib/python3.12/site-packages/airflow/example_dags/example_branch_datetime_operator.py took 0.226 seconds
[2025-10-08T08:33:05.405+0000] {processor.py:161} INFO - Started process (PID=2678) to work on /home/airflow/.local/lib/python3.12/site-packages/airflow/example_dags/example_branch_datetime_operator.py
[2025-10-08T08:33:05.407+0000] {processor.py:830} INFO - Processing file /home/airflow/.local/lib/python3.12/site-packages/airflow/example_dags/example_branch_datetime_operator.py for tasks to queue
[2025-10-08T08:33:05.411+0000] {logging_mixin.py:188} INFO - [2025-10-08T08:33:05.410+0000] {dagbag.py:545} INFO - Filling up the DagBag from /home/airflow/.local/lib/python3.12/site-packages/airflow/example_dags/example_branch_datetime_operator.py
[2025-10-08T08:33:05.425+0000] {processor.py:840} INFO - DAG(s) 'example_branch_datetime_operator_3', 'example_branch_datetime_operator_2', 'example_branch_datetime_operator' retrieved from /home/airflow/.local/lib/python3.12/site-packages/airflow/example_dags/example_branch_datetime_operator.py
[2025-10-08T08:33:05.461+0000] {logging_mixin.py:188} INFO - [2025-10-08T08:33:05.461+0000] {dag.py:3096} INFO - Sync 3 DAGs
[2025-10-08T08:33:05.496+0000] {logging_mixin.py:188} INFO - [2025-10-08T08:33:05.496+0000] {dag.py:3954} INFO - Setting next_dagrun for example_branch_datetime_operator to 2025-10-07 00:00:00+00:00, run_after=2025-10-08 00:00:00+00:00
[2025-10-08T08:33:05.502+0000] {logging_mixin.py:188} INFO - [2025-10-08T08:33:05.502+0000] {dag.py:3954} INFO - Setting next_dagrun for example_branch_datetime_operator_2 to 2025-10-07 00:00:00+00:00, run_after=2025-10-08 00:00:00+00:00
[2025-10-08T08:33:05.505+0000] {logging_mixin.py:188} INFO - [2025-10-08T08:33:05.505+0000] {dag.py:3954} INFO - Setting next_dagrun for example_branch_datetime_operator_3 to 2025-10-07 00:00:00+00:00, run_after=2025-10-08 00:00:00+00:00
[2025-10-08T08:33:05.539+0000] {processor.py:183} INFO - Processing /home/airflow/.local/lib/python3.12/site-packages/airflow/example_dags/example_branch_datetime_operator.py took 0.143 seconds
[2025-10-08T08:33:36.383+0000] {processor.py:161} INFO - Started process (PID=2737) to work on /home/airflow/.local/lib/python3.12/site-packages/airflow/example_dags/example_branch_datetime_operator.py
[2025-10-08T08:33:36.384+0000] {processor.py:830} INFO - Processing file /home/airflow/.local/lib/python3.12/site-packages/airflow/example_dags/example_branch_datetime_operator.py for tasks to queue
[2025-10-08T08:33:36.386+0000] {logging_mixin.py:188} INFO - [2025-10-08T08:33:36.385+0000] {dagbag.py:545} INFO - Filling up the DagBag from /home/airflow/.local/lib/python3.12/site-packages/airflow/example_dags/example_branch_datetime_operator.py
[2025-10-08T08:33:36.394+0000] {processor.py:840} INFO - DAG(s) 'example_branch_datetime_operator', 'example_branch_datetime_operator_3', 'example_branch_datetime_operator_2' retrieved from /home/airflow/.local/lib/python3.12/site-packages/airflow/example_dags/example_branch_datetime_operator.py
[2025-10-08T08:33:36.419+0000] {logging_mixin.py:188} INFO - [2025-10-08T08:33:36.419+0000] {dag.py:3096} INFO - Sync 3 DAGs
[2025-10-08T08:33:36.439+0000] {logging_mixin.py:188} INFO - [2025-10-08T08:33:36.439+0000] {dag.py:3954} INFO - Setting next_dagrun for example_branch_datetime_operator to 2025-10-07 00:00:00+00:00, run_after=2025-10-08 00:00:00+00:00
[2025-10-08T08:33:36.445+0000] {logging_mixin.py:188} INFO - [2025-10-08T08:33:36.444+0000] {dag.py:3954} INFO - Setting next_dagrun for example_branch_datetime_operator_2 to 2025-10-07 00:00:00+00:00, run_after=2025-10-08 00:00:00+00:00
[2025-10-08T08:33:36.447+0000] {logging_mixin.py:188} INFO - [2025-10-08T08:33:36.447+0000] {dag.py:3954} INFO - Setting next_dagrun for example_branch_datetime_operator_3 to 2025-10-07 00:00:00+00:00, run_after=2025-10-08 00:00:00+00:00
[2025-10-08T08:33:36.467+0000] {processor.py:183} INFO - Processing /home/airflow/.local/lib/python3.12/site-packages/airflow/example_dags/example_branch_datetime_operator.py took 0.090 seconds
[2025-10-08T08:34:06.941+0000] {processor.py:161} INFO - Started process (PID=2796) to work on /home/airflow/.local/lib/python3.12/site-packages/airflow/example_dags/example_branch_datetime_operator.py
[2025-10-08T08:34:06.942+0000] {processor.py:830} INFO - Processing file /home/airflow/.local/lib/python3.12/site-packages/airflow/example_dags/example_branch_datetime_operator.py for tasks to queue
[2025-10-08T08:34:06.944+0000] {logging_mixin.py:188} INFO - [2025-10-08T08:34:06.944+0000] {dagbag.py:545} INFO - Filling up the DagBag from /home/airflow/.local/lib/python3.12/site-packages/airflow/example_dags/example_branch_datetime_operator.py
[2025-10-08T08:34:06.954+0000] {processor.py:840} INFO - DAG(s) 'example_branch_datetime_operator_3', 'example_branch_datetime_operator', 'example_branch_datetime_operator_2' retrieved from /home/airflow/.local/lib/python3.12/site-packages/airflow/example_dags/example_branch_datetime_operator.py
[2025-10-08T08:34:06.985+0000] {logging_mixin.py:188} INFO - [2025-10-08T08:34:06.985+0000] {dag.py:3096} INFO - Sync 3 DAGs
[2025-10-08T08:34:07.011+0000] {logging_mixin.py:188} INFO - [2025-10-08T08:34:07.011+0000] {dag.py:3954} INFO - Setting next_dagrun for example_branch_datetime_operator to 2025-10-07 00:00:00+00:00, run_after=2025-10-08 00:00:00+00:00
[2025-10-08T08:34:07.016+0000] {logging_mixin.py:188} INFO - [2025-10-08T08:34:07.016+0000] {dag.py:3954} INFO - Setting next_dagrun for example_branch_datetime_operator_2 to 2025-10-07 00:00:00+00:00, run_after=2025-10-08 00:00:00+00:00
[2025-10-08T08:34:07.019+0000] {logging_mixin.py:188} INFO - [2025-10-08T08:34:07.019+0000] {dag.py:3954} INFO - Setting next_dagrun for example_branch_datetime_operator_3 to 2025-10-07 00:00:00+00:00, run_after=2025-10-08 00:00:00+00:00
[2025-10-08T08:34:07.039+0000] {processor.py:183} INFO - Processing /home/airflow/.local/lib/python3.12/site-packages/airflow/example_dags/example_branch_datetime_operator.py took 0.104 seconds
[2025-10-08T08:34:37.548+0000] {processor.py:161} INFO - Started process (PID=2855) to work on /home/airflow/.local/lib/python3.12/site-packages/airflow/example_dags/example_branch_datetime_operator.py
[2025-10-08T08:34:37.550+0000] {processor.py:830} INFO - Processing file /home/airflow/.local/lib/python3.12/site-packages/airflow/example_dags/example_branch_datetime_operator.py for tasks to queue
[2025-10-08T08:34:37.553+0000] {logging_mixin.py:188} INFO - [2025-10-08T08:34:37.553+0000] {dagbag.py:545} INFO - Filling up the DagBag from /home/airflow/.local/lib/python3.12/site-packages/airflow/example_dags/example_branch_datetime_operator.py
[2025-10-08T08:34:37.564+0000] {processor.py:840} INFO - DAG(s) 'example_branch_datetime_operator_3', 'example_branch_datetime_operator', 'example_branch_datetime_operator_2' retrieved from /home/airflow/.local/lib/python3.12/site-packages/airflow/example_dags/example_branch_datetime_operator.py
[2025-10-08T08:34:37.596+0000] {logging_mixin.py:188} INFO - [2025-10-08T08:34:37.596+0000] {dag.py:3096} INFO - Sync 3 DAGs
[2025-10-08T08:34:37.623+0000] {logging_mixin.py:188} INFO - [2025-10-08T08:34:37.623+0000] {dag.py:3954} INFO - Setting next_dagrun for example_branch_datetime_operator to 2025-10-07 00:00:00+00:00, run_after=2025-10-08 00:00:00+00:00
[2025-10-08T08:34:37.628+0000] {logging_mixin.py:188} INFO - [2025-10-08T08:34:37.628+0000] {dag.py:3954} INFO - Setting next_dagrun for example_branch_datetime_operator_2 to 2025-10-07 00:00:00+00:00, run_after=2025-10-08 00:00:00+00:00
[2025-10-08T08:34:37.631+0000] {logging_mixin.py:188} INFO - [2025-10-08T08:34:37.631+0000] {dag.py:3954} INFO - Setting next_dagrun for example_branch_datetime_operator_3 to 2025-10-07 00:00:00+00:00, run_after=2025-10-08 00:00:00+00:00
[2025-10-08T08:34:37.651+0000] {processor.py:183} INFO - Processing /home/airflow/.local/lib/python3.12/site-packages/airflow/example_dags/example_branch_datetime_operator.py took 0.112 seconds
[2025-10-08T08:35:07.994+0000] {processor.py:161} INFO - Started process (PID=2914) to work on /home/airflow/.local/lib/python3.12/site-packages/airflow/example_dags/example_branch_datetime_operator.py
[2025-10-08T08:35:07.996+0000] {processor.py:830} INFO - Processing file /home/airflow/.local/lib/python3.12/site-packages/airflow/example_dags/example_branch_datetime_operator.py for tasks to queue
[2025-10-08T08:35:07.999+0000] {logging_mixin.py:188} INFO - [2025-10-08T08:35:07.998+0000] {dagbag.py:545} INFO - Filling up the DagBag from /home/airflow/.local/lib/python3.12/site-packages/airflow/example_dags/example_branch_datetime_operator.py
[2025-10-08T08:35:08.010+0000] {processor.py:840} INFO - DAG(s) 'example_branch_datetime_operator_2', 'example_branch_datetime_operator', 'example_branch_datetime_operator_3' retrieved from /home/airflow/.local/lib/python3.12/site-packages/airflow/example_dags/example_branch_datetime_operator.py
[2025-10-08T08:35:08.042+0000] {logging_mixin.py:188} INFO - [2025-10-08T08:35:08.041+0000] {dag.py:3096} INFO - Sync 3 DAGs
[2025-10-08T08:35:08.070+0000] {logging_mixin.py:188} INFO - [2025-10-08T08:35:08.069+0000] {dag.py:3954} INFO - Setting next_dagrun for example_branch_datetime_operator to 2025-10-07 00:00:00+00:00, run_after=2025-10-08 00:00:00+00:00
[2025-10-08T08:35:08.077+0000] {logging_mixin.py:188} INFO - [2025-10-08T08:35:08.077+0000] {dag.py:3954} INFO - Setting next_dagrun for example_branch_datetime_operator_2 to 2025-10-07 00:00:00+00:00, run_after=2025-10-08 00:00:00+00:00
[2025-10-08T08:35:08.081+0000] {logging_mixin.py:188} INFO - [2025-10-08T08:35:08.080+0000] {dag.py:3954} INFO - Setting next_dagrun for example_branch_datetime_operator_3 to 2025-10-07 00:00:00+00:00, run_after=2025-10-08 00:00:00+00:00
[2025-10-08T08:35:08.105+0000] {processor.py:183} INFO - Processing /home/airflow/.local/lib/python3.12/site-packages/airflow/example_dags/example_branch_datetime_operator.py took 0.122 seconds
[2025-10-08T08:35:38.548+0000] {processor.py:161} INFO - Started process (PID=2973) to work on /home/airflow/.local/lib/python3.12/site-packages/airflow/example_dags/example_branch_datetime_operator.py
[2025-10-08T08:35:38.550+0000] {processor.py:830} INFO - Processing file /home/airflow/.local/lib/python3.12/site-packages/airflow/example_dags/example_branch_datetime_operator.py for tasks to queue
[2025-10-08T08:35:38.552+0000] {logging_mixin.py:188} INFO - [2025-10-08T08:35:38.552+0000] {dagbag.py:545} INFO - Filling up the DagBag from /home/airflow/.local/lib/python3.12/site-packages/airflow/example_dags/example_branch_datetime_operator.py
[2025-10-08T08:35:38.573+0000] {processor.py:840} INFO - DAG(s) 'example_branch_datetime_operator_3', 'example_branch_datetime_operator', 'example_branch_datetime_operator_2' retrieved from /home/airflow/.local/lib/python3.12/site-packages/airflow/example_dags/example_branch_datetime_operator.py
[2025-10-08T08:35:38.607+0000] {logging_mixin.py:188} INFO - [2025-10-08T08:35:38.606+0000] {dag.py:3096} INFO - Sync 3 DAGs
[2025-10-08T08:35:38.634+0000] {logging_mixin.py:188} INFO - [2025-10-08T08:35:38.634+0000] {dag.py:3954} INFO - Setting next_dagrun for example_branch_datetime_operator to 2025-10-07 00:00:00+00:00, run_after=2025-10-08 00:00:00+00:00
[2025-10-08T08:35:38.641+0000] {logging_mixin.py:188} INFO - [2025-10-08T08:35:38.641+0000] {dag.py:3954} INFO - Setting next_dagrun for example_branch_datetime_operator_2 to 2025-10-07 00:00:00+00:00, run_after=2025-10-08 00:00:00+00:00
[2025-10-08T08:35:38.644+0000] {logging_mixin.py:188} INFO - [2025-10-08T08:35:38.644+0000] {dag.py:3954} INFO - Setting next_dagrun for example_branch_datetime_operator_3 to 2025-10-07 00:00:00+00:00, run_after=2025-10-08 00:00:00+00:00
[2025-10-08T08:35:38.664+0000] {processor.py:183} INFO - Processing /home/airflow/.local/lib/python3.12/site-packages/airflow/example_dags/example_branch_datetime_operator.py took 0.122 seconds
[2025-10-08T08:36:09.143+0000] {processor.py:161} INFO - Started process (PID=3033) to work on /home/airflow/.local/lib/python3.12/site-packages/airflow/example_dags/example_branch_datetime_operator.py
[2025-10-08T08:36:09.144+0000] {processor.py:830} INFO - Processing file /home/airflow/.local/lib/python3.12/site-packages/airflow/example_dags/example_branch_datetime_operator.py for tasks to queue
[2025-10-08T08:36:09.147+0000] {logging_mixin.py:188} INFO - [2025-10-08T08:36:09.147+0000] {dagbag.py:545} INFO - Filling up the DagBag from /home/airflow/.local/lib/python3.12/site-packages/airflow/example_dags/example_branch_datetime_operator.py
[2025-10-08T08:36:09.158+0000] {processor.py:840} INFO - DAG(s) 'example_branch_datetime_operator_3', 'example_branch_datetime_operator_2', 'example_branch_datetime_operator' retrieved from /home/airflow/.local/lib/python3.12/site-packages/airflow/example_dags/example_branch_datetime_operator.py
[2025-10-08T08:36:09.200+0000] {logging_mixin.py:188} INFO - [2025-10-08T08:36:09.200+0000] {dag.py:3096} INFO - Sync 3 DAGs
[2025-10-08T08:36:09.237+0000] {logging_mixin.py:188} INFO - [2025-10-08T08:36:09.237+0000] {dag.py:3954} INFO - Setting next_dagrun for example_branch_datetime_operator to 2025-10-07 00:00:00+00:00, run_after=2025-10-08 00:00:00+00:00
[2025-10-08T08:36:09.243+0000] {logging_mixin.py:188} INFO - [2025-10-08T08:36:09.243+0000] {dag.py:3954} INFO - Setting next_dagrun for example_branch_datetime_operator_2 to 2025-10-07 00:00:00+00:00, run_after=2025-10-08 00:00:00+00:00
[2025-10-08T08:36:09.246+0000] {logging_mixin.py:188} INFO - [2025-10-08T08:36:09.246+0000] {dag.py:3954} INFO - Setting next_dagrun for example_branch_datetime_operator_3 to 2025-10-07 00:00:00+00:00, run_after=2025-10-08 00:00:00+00:00
[2025-10-08T08:36:09.273+0000] {processor.py:183} INFO - Processing /home/airflow/.local/lib/python3.12/site-packages/airflow/example_dags/example_branch_datetime_operator.py took 0.138 seconds
[2025-10-08T08:36:40.230+0000] {processor.py:161} INFO - Started process (PID=3092) to work on /home/airflow/.local/lib/python3.12/site-packages/airflow/example_dags/example_branch_datetime_operator.py
[2025-10-08T08:36:40.231+0000] {processor.py:830} INFO - Processing file /home/airflow/.local/lib/python3.12/site-packages/airflow/example_dags/example_branch_datetime_operator.py for tasks to queue
[2025-10-08T08:36:40.233+0000] {logging_mixin.py:188} INFO - [2025-10-08T08:36:40.233+0000] {dagbag.py:545} INFO - Filling up the DagBag from /home/airflow/.local/lib/python3.12/site-packages/airflow/example_dags/example_branch_datetime_operator.py
[2025-10-08T08:36:40.251+0000] {processor.py:840} INFO - DAG(s) 'example_branch_datetime_operator_3', 'example_branch_datetime_operator_2', 'example_branch_datetime_operator' retrieved from /home/airflow/.local/lib/python3.12/site-packages/airflow/example_dags/example_branch_datetime_operator.py
[2025-10-08T08:36:40.302+0000] {logging_mixin.py:188} INFO - [2025-10-08T08:36:40.302+0000] {dag.py:3096} INFO - Sync 3 DAGs
[2025-10-08T08:36:40.343+0000] {logging_mixin.py:188} INFO - [2025-10-08T08:36:40.343+0000] {dag.py:3954} INFO - Setting next_dagrun for example_branch_datetime_operator to 2025-10-07 00:00:00+00:00, run_after=2025-10-08 00:00:00+00:00
[2025-10-08T08:36:40.353+0000] {logging_mixin.py:188} INFO - [2025-10-08T08:36:40.352+0000] {dag.py:3954} INFO - Setting next_dagrun for example_branch_datetime_operator_2 to 2025-10-07 00:00:00+00:00, run_after=2025-10-08 00:00:00+00:00
[2025-10-08T08:36:40.362+0000] {logging_mixin.py:188} INFO - [2025-10-08T08:36:40.360+0000] {dag.py:3954} INFO - Setting next_dagrun for example_branch_datetime_operator_3 to 2025-10-07 00:00:00+00:00, run_after=2025-10-08 00:00:00+00:00
[2025-10-08T08:36:40.416+0000] {processor.py:183} INFO - Processing /home/airflow/.local/lib/python3.12/site-packages/airflow/example_dags/example_branch_datetime_operator.py took 0.194 seconds
[2025-10-08T08:37:10.827+0000] {processor.py:161} INFO - Started process (PID=3151) to work on /home/airflow/.local/lib/python3.12/site-packages/airflow/example_dags/example_branch_datetime_operator.py
[2025-10-08T08:37:10.829+0000] {processor.py:830} INFO - Processing file /home/airflow/.local/lib/python3.12/site-packages/airflow/example_dags/example_branch_datetime_operator.py for tasks to queue
[2025-10-08T08:37:10.832+0000] {logging_mixin.py:188} INFO - [2025-10-08T08:37:10.832+0000] {dagbag.py:545} INFO - Filling up the DagBag from /home/airflow/.local/lib/python3.12/site-packages/airflow/example_dags/example_branch_datetime_operator.py
[2025-10-08T08:37:10.845+0000] {processor.py:840} INFO - DAG(s) 'example_branch_datetime_operator_3', 'example_branch_datetime_operator_2', 'example_branch_datetime_operator' retrieved from /home/airflow/.local/lib/python3.12/site-packages/airflow/example_dags/example_branch_datetime_operator.py
[2025-10-08T08:37:10.877+0000] {logging_mixin.py:188} INFO - [2025-10-08T08:37:10.876+0000] {dag.py:3096} INFO - Sync 3 DAGs
[2025-10-08T08:37:10.903+0000] {logging_mixin.py:188} INFO - [2025-10-08T08:37:10.903+0000] {dag.py:3954} INFO - Setting next_dagrun for example_branch_datetime_operator to 2025-10-07 00:00:00+00:00, run_after=2025-10-08 00:00:00+00:00
[2025-10-08T08:37:10.911+0000] {logging_mixin.py:188} INFO - [2025-10-08T08:37:10.910+0000] {dag.py:3954} INFO - Setting next_dagrun for example_branch_datetime_operator_2 to 2025-10-07 00:00:00+00:00, run_after=2025-10-08 00:00:00+00:00
[2025-10-08T08:37:10.915+0000] {logging_mixin.py:188} INFO - [2025-10-08T08:37:10.915+0000] {dag.py:3954} INFO - Setting next_dagrun for example_branch_datetime_operator_3 to 2025-10-07 00:00:00+00:00, run_after=2025-10-08 00:00:00+00:00
[2025-10-08T08:37:10.938+0000] {processor.py:183} INFO - Processing /home/airflow/.local/lib/python3.12/site-packages/airflow/example_dags/example_branch_datetime_operator.py took 0.121 seconds
[2025-10-08T08:37:41.413+0000] {processor.py:161} INFO - Started process (PID=3210) to work on /home/airflow/.local/lib/python3.12/site-packages/airflow/example_dags/example_branch_datetime_operator.py
[2025-10-08T08:37:41.416+0000] {processor.py:830} INFO - Processing file /home/airflow/.local/lib/python3.12/site-packages/airflow/example_dags/example_branch_datetime_operator.py for tasks to queue
[2025-10-08T08:37:41.419+0000] {logging_mixin.py:188} INFO - [2025-10-08T08:37:41.418+0000] {dagbag.py:545} INFO - Filling up the DagBag from /home/airflow/.local/lib/python3.12/site-packages/airflow/example_dags/example_branch_datetime_operator.py
[2025-10-08T08:37:41.434+0000] {processor.py:840} INFO - DAG(s) 'example_branch_datetime_operator_2', 'example_branch_datetime_operator', 'example_branch_datetime_operator_3' retrieved from /home/airflow/.local/lib/python3.12/site-packages/airflow/example_dags/example_branch_datetime_operator.py
[2025-10-08T08:37:41.487+0000] {logging_mixin.py:188} INFO - [2025-10-08T08:37:41.487+0000] {dag.py:3096} INFO - Sync 3 DAGs
[2025-10-08T08:37:41.521+0000] {logging_mixin.py:188} INFO - [2025-10-08T08:37:41.521+0000] {dag.py:3954} INFO - Setting next_dagrun for example_branch_datetime_operator to 2025-10-07 00:00:00+00:00, run_after=2025-10-08 00:00:00+00:00
[2025-10-08T08:37:41.529+0000] {logging_mixin.py:188} INFO - [2025-10-08T08:37:41.529+0000] {dag.py:3954} INFO - Setting next_dagrun for example_branch_datetime_operator_2 to 2025-10-07 00:00:00+00:00, run_after=2025-10-08 00:00:00+00:00
[2025-10-08T08:37:41.533+0000] {logging_mixin.py:188} INFO - [2025-10-08T08:37:41.533+0000] {dag.py:3954} INFO - Setting next_dagrun for example_branch_datetime_operator_3 to 2025-10-07 00:00:00+00:00, run_after=2025-10-08 00:00:00+00:00
[2025-10-08T08:37:41.560+0000] {processor.py:183} INFO - Processing /home/airflow/.local/lib/python3.12/site-packages/airflow/example_dags/example_branch_datetime_operator.py took 0.156 seconds
[2025-10-08T08:38:12.669+0000] {processor.py:161} INFO - Started process (PID=3269) to work on /home/airflow/.local/lib/python3.12/site-packages/airflow/example_dags/example_branch_datetime_operator.py
[2025-10-08T08:38:12.670+0000] {processor.py:830} INFO - Processing file /home/airflow/.local/lib/python3.12/site-packages/airflow/example_dags/example_branch_datetime_operator.py for tasks to queue
[2025-10-08T08:38:12.675+0000] {logging_mixin.py:188} INFO - [2025-10-08T08:38:12.674+0000] {dagbag.py:545} INFO - Filling up the DagBag from /home/airflow/.local/lib/python3.12/site-packages/airflow/example_dags/example_branch_datetime_operator.py
[2025-10-08T08:38:12.686+0000] {processor.py:840} INFO - DAG(s) 'example_branch_datetime_operator', 'example_branch_datetime_operator_2', 'example_branch_datetime_operator_3' retrieved from /home/airflow/.local/lib/python3.12/site-packages/airflow/example_dags/example_branch_datetime_operator.py
[2025-10-08T08:38:12.718+0000] {logging_mixin.py:188} INFO - [2025-10-08T08:38:12.718+0000] {dag.py:3096} INFO - Sync 3 DAGs
[2025-10-08T08:38:12.744+0000] {logging_mixin.py:188} INFO - [2025-10-08T08:38:12.744+0000] {dag.py:3954} INFO - Setting next_dagrun for example_branch_datetime_operator to 2025-10-07 00:00:00+00:00, run_after=2025-10-08 00:00:00+00:00
[2025-10-08T08:38:12.750+0000] {logging_mixin.py:188} INFO - [2025-10-08T08:38:12.750+0000] {dag.py:3954} INFO - Setting next_dagrun for example_branch_datetime_operator_2 to 2025-10-07 00:00:00+00:00, run_after=2025-10-08 00:00:00+00:00
[2025-10-08T08:38:12.753+0000] {logging_mixin.py:188} INFO - [2025-10-08T08:38:12.753+0000] {dag.py:3954} INFO - Setting next_dagrun for example_branch_datetime_operator_3 to 2025-10-07 00:00:00+00:00, run_after=2025-10-08 00:00:00+00:00
[2025-10-08T08:38:12.775+0000] {processor.py:183} INFO - Processing /home/airflow/.local/lib/python3.12/site-packages/airflow/example_dags/example_branch_datetime_operator.py took 0.117 seconds
[2025-10-08T08:38:43.073+0000] {processor.py:161} INFO - Started process (PID=3328) to work on /home/airflow/.local/lib/python3.12/site-packages/airflow/example_dags/example_branch_datetime_operator.py
[2025-10-08T08:38:43.076+0000] {processor.py:830} INFO - Processing file /home/airflow/.local/lib/python3.12/site-packages/airflow/example_dags/example_branch_datetime_operator.py for tasks to queue
[2025-10-08T08:38:43.081+0000] {logging_mixin.py:188} INFO - [2025-10-08T08:38:43.080+0000] {dagbag.py:545} INFO - Filling up the DagBag from /home/airflow/.local/lib/python3.12/site-packages/airflow/example_dags/example_branch_datetime_operator.py
[2025-10-08T08:38:43.097+0000] {processor.py:840} INFO - DAG(s) 'example_branch_datetime_operator', 'example_branch_datetime_operator_3', 'example_branch_datetime_operator_2' retrieved from /home/airflow/.local/lib/python3.12/site-packages/airflow/example_dags/example_branch_datetime_operator.py
[2025-10-08T08:38:43.137+0000] {logging_mixin.py:188} INFO - [2025-10-08T08:38:43.136+0000] {dag.py:3096} INFO - Sync 3 DAGs
[2025-10-08T08:38:43.163+0000] {logging_mixin.py:188} INFO - [2025-10-08T08:38:43.162+0000] {dag.py:3954} INFO - Setting next_dagrun for example_branch_datetime_operator to 2025-10-07 00:00:00+00:00, run_after=2025-10-08 00:00:00+00:00
[2025-10-08T08:38:43.169+0000] {logging_mixin.py:188} INFO - [2025-10-08T08:38:43.169+0000] {dag.py:3954} INFO - Setting next_dagrun for example_branch_datetime_operator_2 to 2025-10-07 00:00:00+00:00, run_after=2025-10-08 00:00:00+00:00
[2025-10-08T08:38:43.173+0000] {logging_mixin.py:188} INFO - [2025-10-08T08:38:43.172+0000] {dag.py:3954} INFO - Setting next_dagrun for example_branch_datetime_operator_3 to 2025-10-07 00:00:00+00:00, run_after=2025-10-08 00:00:00+00:00
[2025-10-08T08:38:43.191+0000] {processor.py:183} INFO - Processing /home/airflow/.local/lib/python3.12/site-packages/airflow/example_dags/example_branch_datetime_operator.py took 0.126 seconds
[2025-10-08T08:39:13.988+0000] {processor.py:161} INFO - Started process (PID=3388) to work on /home/airflow/.local/lib/python3.12/site-packages/airflow/example_dags/example_branch_datetime_operator.py
[2025-10-08T08:39:13.989+0000] {processor.py:830} INFO - Processing file /home/airflow/.local/lib/python3.12/site-packages/airflow/example_dags/example_branch_datetime_operator.py for tasks to queue
[2025-10-08T08:39:13.993+0000] {logging_mixin.py:188} INFO - [2025-10-08T08:39:13.992+0000] {dagbag.py:545} INFO - Filling up the DagBag from /home/airflow/.local/lib/python3.12/site-packages/airflow/example_dags/example_branch_datetime_operator.py
[2025-10-08T08:39:14.006+0000] {processor.py:840} INFO - DAG(s) 'example_branch_datetime_operator_2', 'example_branch_datetime_operator', 'example_branch_datetime_operator_3' retrieved from /home/airflow/.local/lib/python3.12/site-packages/airflow/example_dags/example_branch_datetime_operator.py
[2025-10-08T08:39:14.038+0000] {logging_mixin.py:188} INFO - [2025-10-08T08:39:14.038+0000] {dag.py:3096} INFO - Sync 3 DAGs
[2025-10-08T08:39:14.067+0000] {logging_mixin.py:188} INFO - [2025-10-08T08:39:14.066+0000] {dag.py:3954} INFO - Setting next_dagrun for example_branch_datetime_operator to 2025-10-07 00:00:00+00:00, run_after=2025-10-08 00:00:00+00:00
[2025-10-08T08:39:14.073+0000] {logging_mixin.py:188} INFO - [2025-10-08T08:39:14.073+0000] {dag.py:3954} INFO - Setting next_dagrun for example_branch_datetime_operator_2 to 2025-10-07 00:00:00+00:00, run_after=2025-10-08 00:00:00+00:00
[2025-10-08T08:39:14.076+0000] {logging_mixin.py:188} INFO - [2025-10-08T08:39:14.076+0000] {dag.py:3954} INFO - Setting next_dagrun for example_branch_datetime_operator_3 to 2025-10-07 00:00:00+00:00, run_after=2025-10-08 00:00:00+00:00
[2025-10-08T08:39:14.098+0000] {processor.py:183} INFO - Processing /home/airflow/.local/lib/python3.12/site-packages/airflow/example_dags/example_branch_datetime_operator.py took 0.120 seconds
[2025-10-08T08:39:44.792+0000] {processor.py:161} INFO - Started process (PID=3453) to work on /home/airflow/.local/lib/python3.12/site-packages/airflow/example_dags/example_branch_datetime_operator.py
[2025-10-08T08:39:44.794+0000] {processor.py:830} INFO - Processing file /home/airflow/.local/lib/python3.12/site-packages/airflow/example_dags/example_branch_datetime_operator.py for tasks to queue
[2025-10-08T08:39:44.797+0000] {logging_mixin.py:188} INFO - [2025-10-08T08:39:44.797+0000] {dagbag.py:545} INFO - Filling up the DagBag from /home/airflow/.local/lib/python3.12/site-packages/airflow/example_dags/example_branch_datetime_operator.py
[2025-10-08T08:39:44.810+0000] {processor.py:840} INFO - DAG(s) 'example_branch_datetime_operator', 'example_branch_datetime_operator_3', 'example_branch_datetime_operator_2' retrieved from /home/airflow/.local/lib/python3.12/site-packages/airflow/example_dags/example_branch_datetime_operator.py
[2025-10-08T08:39:44.848+0000] {logging_mixin.py:188} INFO - [2025-10-08T08:39:44.847+0000] {dag.py:3096} INFO - Sync 3 DAGs
[2025-10-08T08:39:44.876+0000] {logging_mixin.py:188} INFO - [2025-10-08T08:39:44.876+0000] {dag.py:3954} INFO - Setting next_dagrun for example_branch_datetime_operator to 2025-10-07 00:00:00+00:00, run_after=2025-10-08 00:00:00+00:00
[2025-10-08T08:39:44.882+0000] {logging_mixin.py:188} INFO - [2025-10-08T08:39:44.882+0000] {dag.py:3954} INFO - Setting next_dagrun for example_branch_datetime_operator_2 to 2025-10-07 00:00:00+00:00, run_after=2025-10-08 00:00:00+00:00
[2025-10-08T08:39:44.886+0000] {logging_mixin.py:188} INFO - [2025-10-08T08:39:44.885+0000] {dag.py:3954} INFO - Setting next_dagrun for example_branch_datetime_operator_3 to 2025-10-07 00:00:00+00:00, run_after=2025-10-08 00:00:00+00:00
[2025-10-08T08:39:44.911+0000] {processor.py:183} INFO - Processing /home/airflow/.local/lib/python3.12/site-packages/airflow/example_dags/example_branch_datetime_operator.py took 0.127 seconds
[2025-10-08T08:40:15.160+0000] {processor.py:161} INFO - Started process (PID=3512) to work on /home/airflow/.local/lib/python3.12/site-packages/airflow/example_dags/example_branch_datetime_operator.py
[2025-10-08T08:40:15.163+0000] {processor.py:830} INFO - Processing file /home/airflow/.local/lib/python3.12/site-packages/airflow/example_dags/example_branch_datetime_operator.py for tasks to queue
[2025-10-08T08:40:15.168+0000] {logging_mixin.py:188} INFO - [2025-10-08T08:40:15.167+0000] {dagbag.py:545} INFO - Filling up the DagBag from /home/airflow/.local/lib/python3.12/site-packages/airflow/example_dags/example_branch_datetime_operator.py
[2025-10-08T08:40:15.183+0000] {processor.py:840} INFO - DAG(s) 'example_branch_datetime_operator_2', 'example_branch_datetime_operator_3', 'example_branch_datetime_operator' retrieved from /home/airflow/.local/lib/python3.12/site-packages/airflow/example_dags/example_branch_datetime_operator.py
[2025-10-08T08:40:15.222+0000] {logging_mixin.py:188} INFO - [2025-10-08T08:40:15.221+0000] {dag.py:3096} INFO - Sync 3 DAGs
[2025-10-08T08:40:15.250+0000] {logging_mixin.py:188} INFO - [2025-10-08T08:40:15.250+0000] {dag.py:3954} INFO - Setting next_dagrun for example_branch_datetime_operator to 2025-10-07 00:00:00+00:00, run_after=2025-10-08 00:00:00+00:00
[2025-10-08T08:40:15.256+0000] {logging_mixin.py:188} INFO - [2025-10-08T08:40:15.256+0000] {dag.py:3954} INFO - Setting next_dagrun for example_branch_datetime_operator_2 to 2025-10-07 00:00:00+00:00, run_after=2025-10-08 00:00:00+00:00
[2025-10-08T08:40:15.259+0000] {logging_mixin.py:188} INFO - [2025-10-08T08:40:15.259+0000] {dag.py:3954} INFO - Setting next_dagrun for example_branch_datetime_operator_3 to 2025-10-07 00:00:00+00:00, run_after=2025-10-08 00:00:00+00:00
[2025-10-08T08:40:15.282+0000] {processor.py:183} INFO - Processing /home/airflow/.local/lib/python3.12/site-packages/airflow/example_dags/example_branch_datetime_operator.py took 0.138 seconds
[2025-10-08T08:40:45.849+0000] {processor.py:161} INFO - Started process (PID=3577) to work on /home/airflow/.local/lib/python3.12/site-packages/airflow/example_dags/example_branch_datetime_operator.py
[2025-10-08T08:40:45.851+0000] {processor.py:830} INFO - Processing file /home/airflow/.local/lib/python3.12/site-packages/airflow/example_dags/example_branch_datetime_operator.py for tasks to queue
[2025-10-08T08:40:45.854+0000] {logging_mixin.py:188} INFO - [2025-10-08T08:40:45.854+0000] {dagbag.py:545} INFO - Filling up the DagBag from /home/airflow/.local/lib/python3.12/site-packages/airflow/example_dags/example_branch_datetime_operator.py
[2025-10-08T08:40:45.867+0000] {processor.py:840} INFO - DAG(s) 'example_branch_datetime_operator_3', 'example_branch_datetime_operator', 'example_branch_datetime_operator_2' retrieved from /home/airflow/.local/lib/python3.12/site-packages/airflow/example_dags/example_branch_datetime_operator.py
[2025-10-08T08:40:45.897+0000] {logging_mixin.py:188} INFO - [2025-10-08T08:40:45.897+0000] {dag.py:3096} INFO - Sync 3 DAGs
[2025-10-08T08:40:45.923+0000] {logging_mixin.py:188} INFO - [2025-10-08T08:40:45.923+0000] {dag.py:3954} INFO - Setting next_dagrun for example_branch_datetime_operator to 2025-10-07 00:00:00+00:00, run_after=2025-10-08 00:00:00+00:00
[2025-10-08T08:40:45.929+0000] {logging_mixin.py:188} INFO - [2025-10-08T08:40:45.929+0000] {dag.py:3954} INFO - Setting next_dagrun for example_branch_datetime_operator_2 to 2025-10-07 00:00:00+00:00, run_after=2025-10-08 00:00:00+00:00
[2025-10-08T08:40:45.932+0000] {logging_mixin.py:188} INFO - [2025-10-08T08:40:45.932+0000] {dag.py:3954} INFO - Setting next_dagrun for example_branch_datetime_operator_3 to 2025-10-07 00:00:00+00:00, run_after=2025-10-08 00:00:00+00:00
[2025-10-08T08:40:45.952+0000] {processor.py:183} INFO - Processing /home/airflow/.local/lib/python3.12/site-packages/airflow/example_dags/example_branch_datetime_operator.py took 0.112 seconds
[2025-10-08T08:41:16.213+0000] {processor.py:161} INFO - Started process (PID=3636) to work on /home/airflow/.local/lib/python3.12/site-packages/airflow/example_dags/example_branch_datetime_operator.py
[2025-10-08T08:41:16.215+0000] {processor.py:830} INFO - Processing file /home/airflow/.local/lib/python3.12/site-packages/airflow/example_dags/example_branch_datetime_operator.py for tasks to queue
[2025-10-08T08:41:16.218+0000] {logging_mixin.py:188} INFO - [2025-10-08T08:41:16.217+0000] {dagbag.py:545} INFO - Filling up the DagBag from /home/airflow/.local/lib/python3.12/site-packages/airflow/example_dags/example_branch_datetime_operator.py
[2025-10-08T08:41:16.229+0000] {processor.py:840} INFO - DAG(s) 'example_branch_datetime_operator_3', 'example_branch_datetime_operator', 'example_branch_datetime_operator_2' retrieved from /home/airflow/.local/lib/python3.12/site-packages/airflow/example_dags/example_branch_datetime_operator.py
[2025-10-08T08:41:16.266+0000] {logging_mixin.py:188} INFO - [2025-10-08T08:41:16.265+0000] {dag.py:3096} INFO - Sync 3 DAGs
[2025-10-08T08:41:16.293+0000] {logging_mixin.py:188} INFO - [2025-10-08T08:41:16.292+0000] {dag.py:3954} INFO - Setting next_dagrun for example_branch_datetime_operator to 2025-10-07 00:00:00+00:00, run_after=2025-10-08 00:00:00+00:00
[2025-10-08T08:41:16.300+0000] {logging_mixin.py:188} INFO - [2025-10-08T08:41:16.300+0000] {dag.py:3954} INFO - Setting next_dagrun for example_branch_datetime_operator_2 to 2025-10-07 00:00:00+00:00, run_after=2025-10-08 00:00:00+00:00
[2025-10-08T08:41:16.303+0000] {logging_mixin.py:188} INFO - [2025-10-08T08:41:16.303+0000] {dag.py:3954} INFO - Setting next_dagrun for example_branch_datetime_operator_3 to 2025-10-07 00:00:00+00:00, run_after=2025-10-08 00:00:00+00:00
[2025-10-08T08:41:16.325+0000] {processor.py:183} INFO - Processing /home/airflow/.local/lib/python3.12/site-packages/airflow/example_dags/example_branch_datetime_operator.py took 0.120 seconds
[2025-10-08T08:41:47.054+0000] {processor.py:161} INFO - Started process (PID=3695) to work on /home/airflow/.local/lib/python3.12/site-packages/airflow/example_dags/example_branch_datetime_operator.py
[2025-10-08T08:41:47.057+0000] {processor.py:830} INFO - Processing file /home/airflow/.local/lib/python3.12/site-packages/airflow/example_dags/example_branch_datetime_operator.py for tasks to queue
[2025-10-08T08:41:47.060+0000] {logging_mixin.py:188} INFO - [2025-10-08T08:41:47.060+0000] {dagbag.py:545} INFO - Filling up the DagBag from /home/airflow/.local/lib/python3.12/site-packages/airflow/example_dags/example_branch_datetime_operator.py
[2025-10-08T08:41:47.077+0000] {processor.py:840} INFO - DAG(s) 'example_branch_datetime_operator', 'example_branch_datetime_operator_3', 'example_branch_datetime_operator_2' retrieved from /home/airflow/.local/lib/python3.12/site-packages/airflow/example_dags/example_branch_datetime_operator.py
[2025-10-08T08:41:47.066+0000] {logging_mixin.py:188} INFO - [2025-10-08T08:41:47.066+0000] {dag.py:3096} INFO - Sync 3 DAGs
[2025-10-08T08:41:47.090+0000] {logging_mixin.py:188} INFO - [2025-10-08T08:41:47.090+0000] {dag.py:3954} INFO - Setting next_dagrun for example_branch_datetime_operator to 2025-10-07 00:00:00+00:00, run_after=2025-10-08 00:00:00+00:00
[2025-10-08T08:41:47.095+0000] {logging_mixin.py:188} INFO - [2025-10-08T08:41:47.095+0000] {dag.py:3954} INFO - Setting next_dagrun for example_branch_datetime_operator_2 to 2025-10-07 00:00:00+00:00, run_after=2025-10-08 00:00:00+00:00
[2025-10-08T08:41:47.099+0000] {logging_mixin.py:188} INFO - [2025-10-08T08:41:47.098+0000] {dag.py:3954} INFO - Setting next_dagrun for example_branch_datetime_operator_3 to 2025-10-07 00:00:00+00:00, run_after=2025-10-08 00:00:00+00:00
[2025-10-08T08:41:47.119+0000] {processor.py:183} INFO - Processing /home/airflow/.local/lib/python3.12/site-packages/airflow/example_dags/example_branch_datetime_operator.py took 0.118 seconds
[2025-10-08T08:42:17.907+0000] {processor.py:161} INFO - Started process (PID=3754) to work on /home/airflow/.local/lib/python3.12/site-packages/airflow/example_dags/example_branch_datetime_operator.py
[2025-10-08T08:42:17.910+0000] {processor.py:830} INFO - Processing file /home/airflow/.local/lib/python3.12/site-packages/airflow/example_dags/example_branch_datetime_operator.py for tasks to queue
[2025-10-08T08:42:17.917+0000] {logging_mixin.py:188} INFO - [2025-10-08T08:42:17.916+0000] {dagbag.py:545} INFO - Filling up the DagBag from /home/airflow/.local/lib/python3.12/site-packages/airflow/example_dags/example_branch_datetime_operator.py
[2025-10-08T08:42:17.940+0000] {processor.py:840} INFO - DAG(s) 'example_branch_datetime_operator_3', 'example_branch_datetime_operator', 'example_branch_datetime_operator_2' retrieved from /home/airflow/.local/lib/python3.12/site-packages/airflow/example_dags/example_branch_datetime_operator.py
[2025-10-08T08:42:17.976+0000] {logging_mixin.py:188} INFO - [2025-10-08T08:42:17.976+0000] {dag.py:3096} INFO - Sync 3 DAGs
[2025-10-08T08:42:18.005+0000] {logging_mixin.py:188} INFO - [2025-10-08T08:42:18.005+0000] {dag.py:3954} INFO - Setting next_dagrun for example_branch_datetime_operator to 2025-10-07 00:00:00+00:00, run_after=2025-10-08 00:00:00+00:00
[2025-10-08T08:42:18.011+0000] {logging_mixin.py:188} INFO - [2025-10-08T08:42:18.011+0000] {dag.py:3954} INFO - Setting next_dagrun for example_branch_datetime_operator_2 to 2025-10-07 00:00:00+00:00, run_after=2025-10-08 00:00:00+00:00
[2025-10-08T08:42:18.015+0000] {logging_mixin.py:188} INFO - [2025-10-08T08:42:18.015+0000] {dag.py:3954} INFO - Setting next_dagrun for example_branch_datetime_operator_3 to 2025-10-07 00:00:00+00:00, run_after=2025-10-08 00:00:00+00:00
[2025-10-08T08:42:18.040+0000] {processor.py:183} INFO - Processing /home/airflow/.local/lib/python3.12/site-packages/airflow/example_dags/example_branch_datetime_operator.py took 0.152 seconds
[2025-10-08T08:42:48.264+0000] {processor.py:161} INFO - Started process (PID=3813) to work on /home/airflow/.local/lib/python3.12/site-packages/airflow/example_dags/example_branch_datetime_operator.py
[2025-10-08T08:42:48.266+0000] {processor.py:830} INFO - Processing file /home/airflow/.local/lib/python3.12/site-packages/airflow/example_dags/example_branch_datetime_operator.py for tasks to queue
[2025-10-08T08:42:48.268+0000] {logging_mixin.py:188} INFO - [2025-10-08T08:42:48.268+0000] {dagbag.py:545} INFO - Filling up the DagBag from /home/airflow/.local/lib/python3.12/site-packages/airflow/example_dags/example_branch_datetime_operator.py
[2025-10-08T08:42:48.279+0000] {processor.py:840} INFO - DAG(s) 'example_branch_datetime_operator_3', 'example_branch_datetime_operator', 'example_branch_datetime_operator_2' retrieved from /home/airflow/.local/lib/python3.12/site-packages/airflow/example_dags/example_branch_datetime_operator.py
[2025-10-08T08:42:48.311+0000] {logging_mixin.py:188} INFO - [2025-10-08T08:42:48.311+0000] {dag.py:3096} INFO - Sync 3 DAGs
[2025-10-08T08:42:48.336+0000] {logging_mixin.py:188} INFO - [2025-10-08T08:42:48.335+0000] {dag.py:3954} INFO - Setting next_dagrun for example_branch_datetime_operator to 2025-10-07 00:00:00+00:00, run_after=2025-10-08 00:00:00+00:00
[2025-10-08T08:42:48.341+0000] {logging_mixin.py:188} INFO - [2025-10-08T08:42:48.341+0000] {dag.py:3954} INFO - Setting next_dagrun for example_branch_datetime_operator_2 to 2025-10-07 00:00:00+00:00, run_after=2025-10-08 00:00:00+00:00
[2025-10-08T08:42:48.344+0000] {logging_mixin.py:188} INFO - [2025-10-08T08:42:48.344+0000] {dag.py:3954} INFO - Setting next_dagrun for example_branch_datetime_operator_3 to 2025-10-07 00:00:00+00:00, run_after=2025-10-08 00:00:00+00:00
[2025-10-08T08:42:48.367+0000] {processor.py:183} INFO - Processing /home/airflow/.local/lib/python3.12/site-packages/airflow/example_dags/example_branch_datetime_operator.py took 0.110 seconds
[2025-10-08T08:43:18.542+0000] {processor.py:161} INFO - Started process (PID=3872) to work on /home/airflow/.local/lib/python3.12/site-packages/airflow/example_dags/example_branch_datetime_operator.py
[2025-10-08T08:43:18.544+0000] {processor.py:830} INFO - Processing file /home/airflow/.local/lib/python3.12/site-packages/airflow/example_dags/example_branch_datetime_operator.py for tasks to queue
[2025-10-08T08:43:18.547+0000] {logging_mixin.py:188} INFO - [2025-10-08T08:43:18.546+0000] {dagbag.py:545} INFO - Filling up the DagBag from /home/airflow/.local/lib/python3.12/site-packages/airflow/example_dags/example_branch_datetime_operator.py
[2025-10-08T08:43:18.559+0000] {processor.py:840} INFO - DAG(s) 'example_branch_datetime_operator', 'example_branch_datetime_operator_2', 'example_branch_datetime_operator_3' retrieved from /home/airflow/.local/lib/python3.12/site-packages/airflow/example_dags/example_branch_datetime_operator.py
[2025-10-08T08:43:18.608+0000] {logging_mixin.py:188} INFO - [2025-10-08T08:43:18.607+0000] {dag.py:3096} INFO - Sync 3 DAGs
[2025-10-08T08:43:18.641+0000] {logging_mixin.py:188} INFO - [2025-10-08T08:43:18.640+0000] {dag.py:3954} INFO - Setting next_dagrun for example_branch_datetime_operator to 2025-10-07 00:00:00+00:00, run_after=2025-10-08 00:00:00+00:00
[2025-10-08T08:43:18.653+0000] {logging_mixin.py:188} INFO - [2025-10-08T08:43:18.652+0000] {dag.py:3954} INFO - Setting next_dagrun for example_branch_datetime_operator_2 to 2025-10-07 00:00:00+00:00, run_after=2025-10-08 00:00:00+00:00
[2025-10-08T08:43:18.658+0000] {logging_mixin.py:188} INFO - [2025-10-08T08:43:18.657+0000] {dag.py:3954} INFO - Setting next_dagrun for example_branch_datetime_operator_3 to 2025-10-07 00:00:00+00:00, run_after=2025-10-08 00:00:00+00:00
[2025-10-08T08:43:18.687+0000] {processor.py:183} INFO - Processing /home/airflow/.local/lib/python3.12/site-packages/airflow/example_dags/example_branch_datetime_operator.py took 0.156 seconds
[2025-10-08T08:43:49.357+0000] {processor.py:161} INFO - Started process (PID=3931) to work on /home/airflow/.local/lib/python3.12/site-packages/airflow/example_dags/example_branch_datetime_operator.py
[2025-10-08T08:43:49.358+0000] {processor.py:830} INFO - Processing file /home/airflow/.local/lib/python3.12/site-packages/airflow/example_dags/example_branch_datetime_operator.py for tasks to queue
[2025-10-08T08:43:49.361+0000] {logging_mixin.py:188} INFO - [2025-10-08T08:43:49.361+0000] {dagbag.py:545} INFO - Filling up the DagBag from /home/airflow/.local/lib/python3.12/site-packages/airflow/example_dags/example_branch_datetime_operator.py
[2025-10-08T08:43:49.376+0000] {processor.py:840} INFO - DAG(s) 'example_branch_datetime_operator', 'example_branch_datetime_operator_2', 'example_branch_datetime_operator_3' retrieved from /home/airflow/.local/lib/python3.12/site-packages/airflow/example_dags/example_branch_datetime_operator.py
[2025-10-08T08:43:49.409+0000] {logging_mixin.py:188} INFO - [2025-10-08T08:43:49.409+0000] {dag.py:3096} INFO - Sync 3 DAGs
[2025-10-08T08:43:49.441+0000] {logging_mixin.py:188} INFO - [2025-10-08T08:43:49.441+0000] {dag.py:3954} INFO - Setting next_dagrun for example_branch_datetime_operator to 2025-10-07 00:00:00+00:00, run_after=2025-10-08 00:00:00+00:00
[2025-10-08T08:43:49.447+0000] {logging_mixin.py:188} INFO - [2025-10-08T08:43:49.447+0000] {dag.py:3954} INFO - Setting next_dagrun for example_branch_datetime_operator_2 to 2025-10-07 00:00:00+00:00, run_after=2025-10-08 00:00:00+00:00
[2025-10-08T08:43:49.450+0000] {logging_mixin.py:188} INFO - [2025-10-08T08:43:49.450+0000] {dag.py:3954} INFO - Setting next_dagrun for example_branch_datetime_operator_3 to 2025-10-07 00:00:00+00:00, run_after=2025-10-08 00:00:00+00:00
[2025-10-08T08:43:49.471+0000] {processor.py:183} INFO - Processing /home/airflow/.local/lib/python3.12/site-packages/airflow/example_dags/example_branch_datetime_operator.py took 0.124 seconds
[2025-10-08T08:44:20.580+0000] {processor.py:161} INFO - Started process (PID=3990) to work on /home/airflow/.local/lib/python3.12/site-packages/airflow/example_dags/example_branch_datetime_operator.py
[2025-10-08T08:44:20.591+0000] {processor.py:830} INFO - Processing file /home/airflow/.local/lib/python3.12/site-packages/airflow/example_dags/example_branch_datetime_operator.py for tasks to queue
[2025-10-08T08:44:20.598+0000] {logging_mixin.py:188} INFO - [2025-10-08T08:44:20.597+0000] {dagbag.py:545} INFO - Filling up the DagBag from /home/airflow/.local/lib/python3.12/site-packages/airflow/example_dags/example_branch_datetime_operator.py
[2025-10-08T08:44:20.643+0000] {processor.py:840} INFO - DAG(s) 'example_branch_datetime_operator', 'example_branch_datetime_operator_2', 'example_branch_datetime_operator_3' retrieved from /home/airflow/.local/lib/python3.12/site-packages/airflow/example_dags/example_branch_datetime_operator.py
[2025-10-08T08:44:20.720+0000] {logging_mixin.py:188} INFO - [2025-10-08T08:44:20.719+0000] {dag.py:3096} INFO - Sync 3 DAGs
[2025-10-08T08:44:20.772+0000] {logging_mixin.py:188} INFO - [2025-10-08T08:44:20.772+0000] {dag.py:3954} INFO - Setting next_dagrun for example_branch_datetime_operator to 2025-10-07 00:00:00+00:00, run_after=2025-10-08 00:00:00+00:00
[2025-10-08T08:44:20.790+0000] {logging_mixin.py:188} INFO - [2025-10-08T08:44:20.789+0000] {dag.py:3954} INFO - Setting next_dagrun for example_branch_datetime_operator_2 to 2025-10-07 00:00:00+00:00, run_after=2025-10-08 00:00:00+00:00
[2025-10-08T08:44:20.797+0000] {logging_mixin.py:188} INFO - [2025-10-08T08:44:20.797+0000] {dag.py:3954} INFO - Setting next_dagrun for example_branch_datetime_operator_3 to 2025-10-07 00:00:00+00:00, run_after=2025-10-08 00:00:00+00:00
[2025-10-08T08:44:20.853+0000] {processor.py:183} INFO - Processing /home/airflow/.local/lib/python3.12/site-packages/airflow/example_dags/example_branch_datetime_operator.py took 0.295 seconds
[2025-10-08T08:44:51.494+0000] {processor.py:161} INFO - Started process (PID=4049) to work on /home/airflow/.local/lib/python3.12/site-packages/airflow/example_dags/example_branch_datetime_operator.py
[2025-10-08T08:44:51.496+0000] {processor.py:830} INFO - Processing file /home/airflow/.local/lib/python3.12/site-packages/airflow/example_dags/example_branch_datetime_operator.py for tasks to queue
[2025-10-08T08:44:51.499+0000] {logging_mixin.py:188} INFO - [2025-10-08T08:44:51.499+0000] {dagbag.py:545} INFO - Filling up the DagBag from /home/airflow/.local/lib/python3.12/site-packages/airflow/example_dags/example_branch_datetime_operator.py
[2025-10-08T08:44:51.512+0000] {processor.py:840} INFO - DAG(s) 'example_branch_datetime_operator', 'example_branch_datetime_operator_3', 'example_branch_datetime_operator_2' retrieved from /home/airflow/.local/lib/python3.12/site-packages/airflow/example_dags/example_branch_datetime_operator.py
[2025-10-08T08:44:51.547+0000] {logging_mixin.py:188} INFO - [2025-10-08T08:44:51.546+0000] {dag.py:3096} INFO - Sync 3 DAGs
[2025-10-08T08:44:51.577+0000] {logging_mixin.py:188} INFO - [2025-10-08T08:44:51.576+0000] {dag.py:3954} INFO - Setting next_dagrun for example_branch_datetime_operator to 2025-10-07 00:00:00+00:00, run_after=2025-10-08 00:00:00+00:00
[2025-10-08T08:44:51.583+0000] {logging_mixin.py:188} INFO - [2025-10-08T08:44:51.582+0000] {dag.py:3954} INFO - Setting next_dagrun for example_branch_datetime_operator_2 to 2025-10-07 00:00:00+00:00, run_after=2025-10-08 00:00:00+00:00
[2025-10-08T08:44:51.586+0000] {logging_mixin.py:188} INFO - [2025-10-08T08:44:51.586+0000] {dag.py:3954} INFO - Setting next_dagrun for example_branch_datetime_operator_3 to 2025-10-07 00:00:00+00:00, run_after=2025-10-08 00:00:00+00:00
[2025-10-08T08:44:51.607+0000] {processor.py:183} INFO - Processing /home/airflow/.local/lib/python3.12/site-packages/airflow/example_dags/example_branch_datetime_operator.py took 0.123 seconds
[2025-10-08T08:45:22.341+0000] {processor.py:161} INFO - Started process (PID=4108) to work on /home/airflow/.local/lib/python3.12/site-packages/airflow/example_dags/example_branch_datetime_operator.py
[2025-10-08T08:45:22.343+0000] {processor.py:830} INFO - Processing file /home/airflow/.local/lib/python3.12/site-packages/airflow/example_dags/example_branch_datetime_operator.py for tasks to queue
[2025-10-08T08:45:22.347+0000] {logging_mixin.py:188} INFO - [2025-10-08T08:45:22.346+0000] {dagbag.py:545} INFO - Filling up the DagBag from /home/airflow/.local/lib/python3.12/site-packages/airflow/example_dags/example_branch_datetime_operator.py
[2025-10-08T08:45:22.358+0000] {processor.py:840} INFO - DAG(s) 'example_branch_datetime_operator_2', 'example_branch_datetime_operator_3', 'example_branch_datetime_operator' retrieved from /home/airflow/.local/lib/python3.12/site-packages/airflow/example_dags/example_branch_datetime_operator.py
[2025-10-08T08:45:22.394+0000] {logging_mixin.py:188} INFO - [2025-10-08T08:45:22.393+0000] {dag.py:3096} INFO - Sync 3 DAGs
[2025-10-08T08:45:22.424+0000] {logging_mixin.py:188} INFO - [2025-10-08T08:45:22.424+0000] {dag.py:3954} INFO - Setting next_dagrun for example_branch_datetime_operator to 2025-10-07 00:00:00+00:00, run_after=2025-10-08 00:00:00+00:00
[2025-10-08T08:45:22.431+0000] {logging_mixin.py:188} INFO - [2025-10-08T08:45:22.430+0000] {dag.py:3954} INFO - Setting next_dagrun for example_branch_datetime_operator_2 to 2025-10-07 00:00:00+00:00, run_after=2025-10-08 00:00:00+00:00
[2025-10-08T08:45:22.434+0000] {logging_mixin.py:188} INFO - [2025-10-08T08:45:22.434+0000] {dag.py:3954} INFO - Setting next_dagrun for example_branch_datetime_operator_3 to 2025-10-07 00:00:00+00:00, run_after=2025-10-08 00:00:00+00:00
[2025-10-08T08:45:22.457+0000] {processor.py:183} INFO - Processing /home/airflow/.local/lib/python3.12/site-packages/airflow/example_dags/example_branch_datetime_operator.py took 0.122 seconds
[2025-10-08T08:45:52.828+0000] {processor.py:161} INFO - Started process (PID=4167) to work on /home/airflow/.local/lib/python3.12/site-packages/airflow/example_dags/example_branch_datetime_operator.py
[2025-10-08T08:45:52.830+0000] {processor.py:830} INFO - Processing file /home/airflow/.local/lib/python3.12/site-packages/airflow/example_dags/example_branch_datetime_operator.py for tasks to queue
[2025-10-08T08:45:52.832+0000] {logging_mixin.py:188} INFO - [2025-10-08T08:45:52.832+0000] {dagbag.py:545} INFO - Filling up the DagBag from /home/airflow/.local/lib/python3.12/site-packages/airflow/example_dags/example_branch_datetime_operator.py
[2025-10-08T08:45:52.846+0000] {processor.py:840} INFO - DAG(s) 'example_branch_datetime_operator', 'example_branch_datetime_operator_3', 'example_branch_datetime_operator_2' retrieved from /home/airflow/.local/lib/python3.12/site-packages/airflow/example_dags/example_branch_datetime_operator.py
[2025-10-08T08:45:52.881+0000] {logging_mixin.py:188} INFO - [2025-10-08T08:45:52.880+0000] {dag.py:3096} INFO - Sync 3 DAGs
[2025-10-08T08:45:52.921+0000] {logging_mixin.py:188} INFO - [2025-10-08T08:45:52.921+0000] {dag.py:3954} INFO - Setting next_dagrun for example_branch_datetime_operator to 2025-10-07 00:00:00+00:00, run_after=2025-10-08 00:00:00+00:00
[2025-10-08T08:45:52.928+0000] {logging_mixin.py:188} INFO - [2025-10-08T08:45:52.928+0000] {dag.py:3954} INFO - Setting next_dagrun for example_branch_datetime_operator_2 to 2025-10-07 00:00:00+00:00, run_after=2025-10-08 00:00:00+00:00
[2025-10-08T08:45:52.932+0000] {logging_mixin.py:188} INFO - [2025-10-08T08:45:52.932+0000] {dag.py:3954} INFO - Setting next_dagrun for example_branch_datetime_operator_3 to 2025-10-07 00:00:00+00:00, run_after=2025-10-08 00:00:00+00:00
[2025-10-08T08:45:52.956+0000] {processor.py:183} INFO - Processing /home/airflow/.local/lib/python3.12/site-packages/airflow/example_dags/example_branch_datetime_operator.py took 0.135 seconds
[2025-10-08T08:46:23.814+0000] {processor.py:161} INFO - Started process (PID=4226) to work on /home/airflow/.local/lib/python3.12/site-packages/airflow/example_dags/example_branch_datetime_operator.py
[2025-10-08T08:46:23.816+0000] {processor.py:830} INFO - Processing file /home/airflow/.local/lib/python3.12/site-packages/airflow/example_dags/example_branch_datetime_operator.py for tasks to queue
[2025-10-08T08:46:23.820+0000] {logging_mixin.py:188} INFO - [2025-10-08T08:46:23.819+0000] {dagbag.py:545} INFO - Filling up the DagBag from /home/airflow/.local/lib/python3.12/site-packages/airflow/example_dags/example_branch_datetime_operator.py
[2025-10-08T08:46:23.832+0000] {processor.py:840} INFO - DAG(s) 'example_branch_datetime_operator', 'example_branch_datetime_operator_3', 'example_branch_datetime_operator_2' retrieved from /home/airflow/.local/lib/python3.12/site-packages/airflow/example_dags/example_branch_datetime_operator.py
[2025-10-08T08:46:23.870+0000] {logging_mixin.py:188} INFO - [2025-10-08T08:46:23.869+0000] {dag.py:3096} INFO - Sync 3 DAGs
[2025-10-08T08:46:23.902+0000] {logging_mixin.py:188} INFO - [2025-10-08T08:46:23.902+0000] {dag.py:3954} INFO - Setting next_dagrun for example_branch_datetime_operator to 2025-10-07 00:00:00+00:00, run_after=2025-10-08 00:00:00+00:00
[2025-10-08T08:46:23.910+0000] {logging_mixin.py:188} INFO - [2025-10-08T08:46:23.910+0000] {dag.py:3954} INFO - Setting next_dagrun for example_branch_datetime_operator_2 to 2025-10-07 00:00:00+00:00, run_after=2025-10-08 00:00:00+00:00
[2025-10-08T08:46:23.914+0000] {logging_mixin.py:188} INFO - [2025-10-08T08:46:23.913+0000] {dag.py:3954} INFO - Setting next_dagrun for example_branch_datetime_operator_3 to 2025-10-07 00:00:00+00:00, run_after=2025-10-08 00:00:00+00:00
[2025-10-08T08:46:23.938+0000] {processor.py:183} INFO - Processing /home/airflow/.local/lib/python3.12/site-packages/airflow/example_dags/example_branch_datetime_operator.py took 0.134 seconds
[2025-10-08T08:46:54.160+0000] {processor.py:161} INFO - Started process (PID=4285) to work on /home/airflow/.local/lib/python3.12/site-packages/airflow/example_dags/example_branch_datetime_operator.py
[2025-10-08T08:46:54.161+0000] {processor.py:830} INFO - Processing file /home/airflow/.local/lib/python3.12/site-packages/airflow/example_dags/example_branch_datetime_operator.py for tasks to queue
[2025-10-08T08:46:54.164+0000] {logging_mixin.py:188} INFO - [2025-10-08T08:46:54.163+0000] {dagbag.py:545} INFO - Filling up the DagBag from /home/airflow/.local/lib/python3.12/site-packages/airflow/example_dags/example_branch_datetime_operator.py
[2025-10-08T08:46:54.174+0000] {processor.py:840} INFO - DAG(s) 'example_branch_datetime_operator_2', 'example_branch_datetime_operator', 'example_branch_datetime_operator_3' retrieved from /home/airflow/.local/lib/python3.12/site-packages/airflow/example_dags/example_branch_datetime_operator.py
[2025-10-08T08:46:54.206+0000] {logging_mixin.py:188} INFO - [2025-10-08T08:46:54.205+0000] {dag.py:3096} INFO - Sync 3 DAGs
[2025-10-08T08:46:54.232+0000] {logging_mixin.py:188} INFO - [2025-10-08T08:46:54.232+0000] {dag.py:3954} INFO - Setting next_dagrun for example_branch_datetime_operator to 2025-10-07 00:00:00+00:00, run_after=2025-10-08 00:00:00+00:00
[2025-10-08T08:46:54.238+0000] {logging_mixin.py:188} INFO - [2025-10-08T08:46:54.238+0000] {dag.py:3954} INFO - Setting next_dagrun for example_branch_datetime_operator_2 to 2025-10-07 00:00:00+00:00, run_after=2025-10-08 00:00:00+00:00
[2025-10-08T08:46:54.241+0000] {logging_mixin.py:188} INFO - [2025-10-08T08:46:54.241+0000] {dag.py:3954} INFO - Setting next_dagrun for example_branch_datetime_operator_3 to 2025-10-07 00:00:00+00:00, run_after=2025-10-08 00:00:00+00:00
[2025-10-08T08:46:54.264+0000] {processor.py:183} INFO - Processing /home/airflow/.local/lib/python3.12/site-packages/airflow/example_dags/example_branch_datetime_operator.py took 0.111 seconds
[2025-10-08T08:47:24.547+0000] {processor.py:161} INFO - Started process (PID=4344) to work on /home/airflow/.local/lib/python3.12/site-packages/airflow/example_dags/example_branch_datetime_operator.py
[2025-10-08T08:47:24.549+0000] {processor.py:830} INFO - Processing file /home/airflow/.local/lib/python3.12/site-packages/airflow/example_dags/example_branch_datetime_operator.py for tasks to queue
[2025-10-08T08:47:24.552+0000] {logging_mixin.py:188} INFO - [2025-10-08T08:47:24.551+0000] {dagbag.py:545} INFO - Filling up the DagBag from /home/airflow/.local/lib/python3.12/site-packages/airflow/example_dags/example_branch_datetime_operator.py
[2025-10-08T08:47:24.564+0000] {processor.py:840} INFO - DAG(s) 'example_branch_datetime_operator', 'example_branch_datetime_operator_3', 'example_branch_datetime_operator_2' retrieved from /home/airflow/.local/lib/python3.12/site-packages/airflow/example_dags/example_branch_datetime_operator.py
[2025-10-08T08:47:24.595+0000] {logging_mixin.py:188} INFO - [2025-10-08T08:47:24.595+0000] {dag.py:3096} INFO - Sync 3 DAGs
[2025-10-08T08:47:24.620+0000] {logging_mixin.py:188} INFO - [2025-10-08T08:47:24.620+0000] {dag.py:3954} INFO - Setting next_dagrun for example_branch_datetime_operator to 2025-10-07 00:00:00+00:00, run_after=2025-10-08 00:00:00+00:00
[2025-10-08T08:47:24.627+0000] {logging_mixin.py:188} INFO - [2025-10-08T08:47:24.627+0000] {dag.py:3954} INFO - Setting next_dagrun for example_branch_datetime_operator_2 to 2025-10-07 00:00:00+00:00, run_after=2025-10-08 00:00:00+00:00
[2025-10-08T08:47:24.631+0000] {logging_mixin.py:188} INFO - [2025-10-08T08:47:24.630+0000] {dag.py:3954} INFO - Setting next_dagrun for example_branch_datetime_operator_3 to 2025-10-07 00:00:00+00:00, run_after=2025-10-08 00:00:00+00:00
[2025-10-08T08:47:24.652+0000] {processor.py:183} INFO - Processing /home/airflow/.local/lib/python3.12/site-packages/airflow/example_dags/example_branch_datetime_operator.py took 0.113 seconds
[2025-10-08T08:47:54.909+0000] {processor.py:161} INFO - Started process (PID=4403) to work on /home/airflow/.local/lib/python3.12/site-packages/airflow/example_dags/example_branch_datetime_operator.py
[2025-10-08T08:47:54.911+0000] {processor.py:830} INFO - Processing file /home/airflow/.local/lib/python3.12/site-packages/airflow/example_dags/example_branch_datetime_operator.py for tasks to queue
[2025-10-08T08:47:54.914+0000] {logging_mixin.py:188} INFO - [2025-10-08T08:47:54.913+0000] {dagbag.py:545} INFO - Filling up the DagBag from /home/airflow/.local/lib/python3.12/site-packages/airflow/example_dags/example_branch_datetime_operator.py
[2025-10-08T08:47:54.929+0000] {processor.py:840} INFO - DAG(s) 'example_branch_datetime_operator_3', 'example_branch_datetime_operator_2', 'example_branch_datetime_operator' retrieved from /home/airflow/.local/lib/python3.12/site-packages/airflow/example_dags/example_branch_datetime_operator.py
[2025-10-08T08:47:54.968+0000] {logging_mixin.py:188} INFO - [2025-10-08T08:47:54.968+0000] {dag.py:3096} INFO - Sync 3 DAGs
[2025-10-08T08:47:55.006+0000] {logging_mixin.py:188} INFO - [2025-10-08T08:47:55.005+0000] {dag.py:3954} INFO - Setting next_dagrun for example_branch_datetime_operator to 2025-10-07 00:00:00+00:00, run_after=2025-10-08 00:00:00+00:00
[2025-10-08T08:47:55.015+0000] {logging_mixin.py:188} INFO - [2025-10-08T08:47:55.015+0000] {dag.py:3954} INFO - Setting next_dagrun for example_branch_datetime_operator_2 to 2025-10-07 00:00:00+00:00, run_after=2025-10-08 00:00:00+00:00
[2025-10-08T08:47:55.019+0000] {logging_mixin.py:188} INFO - [2025-10-08T08:47:55.019+0000] {dag.py:3954} INFO - Setting next_dagrun for example_branch_datetime_operator_3 to 2025-10-07 00:00:00+00:00, run_after=2025-10-08 00:00:00+00:00
[2025-10-08T08:47:55.047+0000] {processor.py:183} INFO - Processing /home/airflow/.local/lib/python3.12/site-packages/airflow/example_dags/example_branch_datetime_operator.py took 0.146 seconds
[2025-10-08T08:48:25.679+0000] {processor.py:161} INFO - Started process (PID=4462) to work on /home/airflow/.local/lib/python3.12/site-packages/airflow/example_dags/example_branch_datetime_operator.py
[2025-10-08T08:48:25.681+0000] {processor.py:830} INFO - Processing file /home/airflow/.local/lib/python3.12/site-packages/airflow/example_dags/example_branch_datetime_operator.py for tasks to queue
[2025-10-08T08:48:25.684+0000] {logging_mixin.py:188} INFO - [2025-10-08T08:48:25.683+0000] {dagbag.py:545} INFO - Filling up the DagBag from /home/airflow/.local/lib/python3.12/site-packages/airflow/example_dags/example_branch_datetime_operator.py
[2025-10-08T08:48:25.696+0000] {processor.py:840} INFO - DAG(s) 'example_branch_datetime_operator', 'example_branch_datetime_operator_2', 'example_branch_datetime_operator_3' retrieved from /home/airflow/.local/lib/python3.12/site-packages/airflow/example_dags/example_branch_datetime_operator.py
[2025-10-08T08:48:25.738+0000] {logging_mixin.py:188} INFO - [2025-10-08T08:48:25.738+0000] {dag.py:3096} INFO - Sync 3 DAGs
[2025-10-08T08:48:25.772+0000] {logging_mixin.py:188} INFO - [2025-10-08T08:48:25.771+0000] {dag.py:3954} INFO - Setting next_dagrun for example_branch_datetime_operator to 2025-10-07 00:00:00+00:00, run_after=2025-10-08 00:00:00+00:00
[2025-10-08T08:48:25.778+0000] {logging_mixin.py:188} INFO - [2025-10-08T08:48:25.777+0000] {dag.py:3954} INFO - Setting next_dagrun for example_branch_datetime_operator_2 to 2025-10-07 00:00:00+00:00, run_after=2025-10-08 00:00:00+00:00
[2025-10-08T08:48:25.783+0000] {logging_mixin.py:188} INFO - [2025-10-08T08:48:25.783+0000] {dag.py:3954} INFO - Setting next_dagrun for example_branch_datetime_operator_3 to 2025-10-07 00:00:00+00:00, run_after=2025-10-08 00:00:00+00:00
[2025-10-08T08:48:25.808+0000] {processor.py:183} INFO - Processing /home/airflow/.local/lib/python3.12/site-packages/airflow/example_dags/example_branch_datetime_operator.py took 0.136 seconds
[2025-10-08T08:48:56.067+0000] {processor.py:161} INFO - Started process (PID=4521) to work on /home/airflow/.local/lib/python3.12/site-packages/airflow/example_dags/example_branch_datetime_operator.py
[2025-10-08T08:48:56.068+0000] {processor.py:830} INFO - Processing file /home/airflow/.local/lib/python3.12/site-packages/airflow/example_dags/example_branch_datetime_operator.py for tasks to queue
[2025-10-08T08:48:56.070+0000] {logging_mixin.py:188} INFO - [2025-10-08T08:48:56.070+0000] {dagbag.py:545} INFO - Filling up the DagBag from /home/airflow/.local/lib/python3.12/site-packages/airflow/example_dags/example_branch_datetime_operator.py
[2025-10-08T08:48:56.082+0000] {processor.py:840} INFO - DAG(s) 'example_branch_datetime_operator_3', 'example_branch_datetime_operator', 'example_branch_datetime_operator_2' retrieved from /home/airflow/.local/lib/python3.12/site-packages/airflow/example_dags/example_branch_datetime_operator.py
[2025-10-08T08:48:56.113+0000] {logging_mixin.py:188} INFO - [2025-10-08T08:48:56.112+0000] {dag.py:3096} INFO - Sync 3 DAGs
[2025-10-08T08:48:56.138+0000] {logging_mixin.py:188} INFO - [2025-10-08T08:48:56.137+0000] {dag.py:3954} INFO - Setting next_dagrun for example_branch_datetime_operator to 2025-10-07 00:00:00+00:00, run_after=2025-10-08 00:00:00+00:00
[2025-10-08T08:48:56.144+0000] {logging_mixin.py:188} INFO - [2025-10-08T08:48:56.143+0000] {dag.py:3954} INFO - Setting next_dagrun for example_branch_datetime_operator_2 to 2025-10-07 00:00:00+00:00, run_after=2025-10-08 00:00:00+00:00
[2025-10-08T08:48:56.146+0000] {logging_mixin.py:188} INFO - [2025-10-08T08:48:56.146+0000] {dag.py:3954} INFO - Setting next_dagrun for example_branch_datetime_operator_3 to 2025-10-07 00:00:00+00:00, run_after=2025-10-08 00:00:00+00:00
[2025-10-08T08:48:56.170+0000] {processor.py:183} INFO - Processing /home/airflow/.local/lib/python3.12/site-packages/airflow/example_dags/example_branch_datetime_operator.py took 0.110 seconds
[2025-10-08T08:49:26.313+0000] {processor.py:161} INFO - Started process (PID=4580) to work on /home/airflow/.local/lib/python3.12/site-packages/airflow/example_dags/example_branch_datetime_operator.py
[2025-10-08T08:49:26.315+0000] {processor.py:830} INFO - Processing file /home/airflow/.local/lib/python3.12/site-packages/airflow/example_dags/example_branch_datetime_operator.py for tasks to queue
[2025-10-08T08:49:26.317+0000] {logging_mixin.py:188} INFO - [2025-10-08T08:49:26.317+0000] {dagbag.py:545} INFO - Filling up the DagBag from /home/airflow/.local/lib/python3.12/site-packages/airflow/example_dags/example_branch_datetime_operator.py
[2025-10-08T08:49:26.328+0000] {processor.py:840} INFO - DAG(s) 'example_branch_datetime_operator_2', 'example_branch_datetime_operator_3', 'example_branch_datetime_operator' retrieved from /home/airflow/.local/lib/python3.12/site-packages/airflow/example_dags/example_branch_datetime_operator.py
[2025-10-08T08:49:26.366+0000] {logging_mixin.py:188} INFO - [2025-10-08T08:49:26.365+0000] {dag.py:3096} INFO - Sync 3 DAGs
[2025-10-08T08:49:26.392+0000] {logging_mixin.py:188} INFO - [2025-10-08T08:49:26.392+0000] {dag.py:3954} INFO - Setting next_dagrun for example_branch_datetime_operator to 2025-10-07 00:00:00+00:00, run_after=2025-10-08 00:00:00+00:00
[2025-10-08T08:49:26.398+0000] {logging_mixin.py:188} INFO - [2025-10-08T08:49:26.398+0000] {dag.py:3954} INFO - Setting next_dagrun for example_branch_datetime_operator_2 to 2025-10-07 00:00:00+00:00, run_after=2025-10-08 00:00:00+00:00
[2025-10-08T08:49:26.402+0000] {logging_mixin.py:188} INFO - [2025-10-08T08:49:26.402+0000] {dag.py:3954} INFO - Setting next_dagrun for example_branch_datetime_operator_3 to 2025-10-07 00:00:00+00:00, run_after=2025-10-08 00:00:00+00:00
[2025-10-08T08:49:26.421+0000] {processor.py:183} INFO - Processing /home/airflow/.local/lib/python3.12/site-packages/airflow/example_dags/example_branch_datetime_operator.py took 0.117 seconds
[2025-10-08T08:49:56.578+0000] {processor.py:161} INFO - Started process (PID=4639) to work on /home/airflow/.local/lib/python3.12/site-packages/airflow/example_dags/example_branch_datetime_operator.py
[2025-10-08T08:49:56.580+0000] {processor.py:830} INFO - Processing file /home/airflow/.local/lib/python3.12/site-packages/airflow/example_dags/example_branch_datetime_operator.py for tasks to queue
[2025-10-08T08:49:56.583+0000] {logging_mixin.py:188} INFO - [2025-10-08T08:49:56.582+0000] {dagbag.py:545} INFO - Filling up the DagBag from /home/airflow/.local/lib/python3.12/site-packages/airflow/example_dags/example_branch_datetime_operator.py
[2025-10-08T08:49:56.594+0000] {processor.py:840} INFO - DAG(s) 'example_branch_datetime_operator_2', 'example_branch_datetime_operator', 'example_branch_datetime_operator_3' retrieved from /home/airflow/.local/lib/python3.12/site-packages/airflow/example_dags/example_branch_datetime_operator.py
[2025-10-08T08:49:56.629+0000] {logging_mixin.py:188} INFO - [2025-10-08T08:49:56.629+0000] {dag.py:3096} INFO - Sync 3 DAGs
[2025-10-08T08:49:56.657+0000] {logging_mixin.py:188} INFO - [2025-10-08T08:49:56.657+0000] {dag.py:3954} INFO - Setting next_dagrun for example_branch_datetime_operator to 2025-10-07 00:00:00+00:00, run_after=2025-10-08 00:00:00+00:00
[2025-10-08T08:49:56.663+0000] {logging_mixin.py:188} INFO - [2025-10-08T08:49:56.663+0000] {dag.py:3954} INFO - Setting next_dagrun for example_branch_datetime_operator_2 to 2025-10-07 00:00:00+00:00, run_after=2025-10-08 00:00:00+00:00
[2025-10-08T08:49:56.666+0000] {logging_mixin.py:188} INFO - [2025-10-08T08:49:56.666+0000] {dag.py:3954} INFO - Setting next_dagrun for example_branch_datetime_operator_3 to 2025-10-07 00:00:00+00:00, run_after=2025-10-08 00:00:00+00:00
[2025-10-08T08:49:56.695+0000] {processor.py:183} INFO - Processing /home/airflow/.local/lib/python3.12/site-packages/airflow/example_dags/example_branch_datetime_operator.py took 0.125 seconds
[2025-10-08T08:50:27.042+0000] {processor.py:161} INFO - Started process (PID=4698) to work on /home/airflow/.local/lib/python3.12/site-packages/airflow/example_dags/example_branch_datetime_operator.py
[2025-10-08T08:50:27.044+0000] {processor.py:830} INFO - Processing file /home/airflow/.local/lib/python3.12/site-packages/airflow/example_dags/example_branch_datetime_operator.py for tasks to queue
[2025-10-08T08:50:27.046+0000] {logging_mixin.py:188} INFO - [2025-10-08T08:50:27.046+0000] {dagbag.py:545} INFO - Filling up the DagBag from /home/airflow/.local/lib/python3.12/site-packages/airflow/example_dags/example_branch_datetime_operator.py
[2025-10-08T08:50:27.057+0000] {processor.py:840} INFO - DAG(s) 'example_branch_datetime_operator_2', 'example_branch_datetime_operator_3', 'example_branch_datetime_operator' retrieved from /home/airflow/.local/lib/python3.12/site-packages/airflow/example_dags/example_branch_datetime_operator.py
[2025-10-08T08:50:27.088+0000] {logging_mixin.py:188} INFO - [2025-10-08T08:50:27.088+0000] {dag.py:3096} INFO - Sync 3 DAGs
[2025-10-08T08:50:27.112+0000] {logging_mixin.py:188} INFO - [2025-10-08T08:50:27.112+0000] {dag.py:3954} INFO - Setting next_dagrun for example_branch_datetime_operator to 2025-10-07 00:00:00+00:00, run_after=2025-10-08 00:00:00+00:00
[2025-10-08T08:50:27.118+0000] {logging_mixin.py:188} INFO - [2025-10-08T08:50:27.117+0000] {dag.py:3954} INFO - Setting next_dagrun for example_branch_datetime_operator_2 to 2025-10-07 00:00:00+00:00, run_after=2025-10-08 00:00:00+00:00
[2025-10-08T08:50:27.121+0000] {logging_mixin.py:188} INFO - [2025-10-08T08:50:27.120+0000] {dag.py:3954} INFO - Setting next_dagrun for example_branch_datetime_operator_3 to 2025-10-07 00:00:00+00:00, run_after=2025-10-08 00:00:00+00:00
[2025-10-08T08:50:27.145+0000] {processor.py:183} INFO - Processing /home/airflow/.local/lib/python3.12/site-packages/airflow/example_dags/example_branch_datetime_operator.py took 0.111 seconds
[2025-10-08T08:50:57.493+0000] {processor.py:161} INFO - Started process (PID=4757) to work on /home/airflow/.local/lib/python3.12/site-packages/airflow/example_dags/example_branch_datetime_operator.py
[2025-10-08T08:50:57.494+0000] {processor.py:830} INFO - Processing file /home/airflow/.local/lib/python3.12/site-packages/airflow/example_dags/example_branch_datetime_operator.py for tasks to queue
[2025-10-08T08:50:57.497+0000] {logging_mixin.py:188} INFO - [2025-10-08T08:50:57.496+0000] {dagbag.py:545} INFO - Filling up the DagBag from /home/airflow/.local/lib/python3.12/site-packages/airflow/example_dags/example_branch_datetime_operator.py
[2025-10-08T08:50:57.509+0000] {processor.py:840} INFO - DAG(s) 'example_branch_datetime_operator_2', 'example_branch_datetime_operator_3', 'example_branch_datetime_operator' retrieved from /home/airflow/.local/lib/python3.12/site-packages/airflow/example_dags/example_branch_datetime_operator.py
[2025-10-08T08:50:57.546+0000] {logging_mixin.py:188} INFO - [2025-10-08T08:50:57.546+0000] {dag.py:3096} INFO - Sync 3 DAGs
[2025-10-08T08:50:57.571+0000] {logging_mixin.py:188} INFO - [2025-10-08T08:50:57.570+0000] {dag.py:3954} INFO - Setting next_dagrun for example_branch_datetime_operator to 2025-10-07 00:00:00+00:00, run_after=2025-10-08 00:00:00+00:00
[2025-10-08T08:50:57.577+0000] {logging_mixin.py:188} INFO - [2025-10-08T08:50:57.577+0000] {dag.py:3954} INFO - Setting next_dagrun for example_branch_datetime_operator_2 to 2025-10-07 00:00:00+00:00, run_after=2025-10-08 00:00:00+00:00
[2025-10-08T08:50:57.580+0000] {logging_mixin.py:188} INFO - [2025-10-08T08:50:57.580+0000] {dag.py:3954} INFO - Setting next_dagrun for example_branch_datetime_operator_3 to 2025-10-07 00:00:00+00:00, run_after=2025-10-08 00:00:00+00:00
[2025-10-08T08:50:57.608+0000] {processor.py:183} INFO - Processing /home/airflow/.local/lib/python3.12/site-packages/airflow/example_dags/example_branch_datetime_operator.py took 0.128 seconds
[2025-10-08T08:52:31.224+0000] {processor.py:161} INFO - Started process (PID=92) to work on /home/airflow/.local/lib/python3.12/site-packages/airflow/example_dags/example_branch_datetime_operator.py
[2025-10-08T08:52:31.226+0000] {processor.py:830} INFO - Processing file /home/airflow/.local/lib/python3.12/site-packages/airflow/example_dags/example_branch_datetime_operator.py for tasks to queue
[2025-10-08T08:52:31.229+0000] {logging_mixin.py:188} INFO - [2025-10-08T08:52:31.229+0000] {dagbag.py:545} INFO - Filling up the DagBag from /home/airflow/.local/lib/python3.12/site-packages/airflow/example_dags/example_branch_datetime_operator.py
[2025-10-08T08:52:31.242+0000] {processor.py:840} INFO - DAG(s) 'example_branch_datetime_operator_2', 'example_branch_datetime_operator', 'example_branch_datetime_operator_3' retrieved from /home/airflow/.local/lib/python3.12/site-packages/airflow/example_dags/example_branch_datetime_operator.py
[2025-10-08T08:52:31.440+0000] {logging_mixin.py:188} INFO - [2025-10-08T08:52:31.440+0000] {dag.py:3096} INFO - Sync 3 DAGs
[2025-10-08T08:52:31.471+0000] {logging_mixin.py:188} INFO - [2025-10-08T08:52:31.471+0000] {dag.py:3954} INFO - Setting next_dagrun for example_branch_datetime_operator to 2025-10-07 00:00:00+00:00, run_after=2025-10-08 00:00:00+00:00
[2025-10-08T08:52:31.478+0000] {logging_mixin.py:188} INFO - [2025-10-08T08:52:31.478+0000] {dag.py:3954} INFO - Setting next_dagrun for example_branch_datetime_operator_2 to 2025-10-07 00:00:00+00:00, run_after=2025-10-08 00:00:00+00:00
[2025-10-08T08:52:31.482+0000] {logging_mixin.py:188} INFO - [2025-10-08T08:52:31.482+0000] {dag.py:3954} INFO - Setting next_dagrun for example_branch_datetime_operator_3 to 2025-10-07 00:00:00+00:00, run_after=2025-10-08 00:00:00+00:00
[2025-10-08T08:52:31.509+0000] {processor.py:183} INFO - Processing /home/airflow/.local/lib/python3.12/site-packages/airflow/example_dags/example_branch_datetime_operator.py took 0.293 seconds
[2025-10-08T08:53:01.796+0000] {processor.py:161} INFO - Started process (PID=151) to work on /home/airflow/.local/lib/python3.12/site-packages/airflow/example_dags/example_branch_datetime_operator.py
[2025-10-08T08:53:01.798+0000] {processor.py:830} INFO - Processing file /home/airflow/.local/lib/python3.12/site-packages/airflow/example_dags/example_branch_datetime_operator.py for tasks to queue
[2025-10-08T08:53:01.802+0000] {logging_mixin.py:188} INFO - [2025-10-08T08:53:01.801+0000] {dagbag.py:545} INFO - Filling up the DagBag from /home/airflow/.local/lib/python3.12/site-packages/airflow/example_dags/example_branch_datetime_operator.py
[2025-10-08T08:53:01.816+0000] {processor.py:840} INFO - DAG(s) 'example_branch_datetime_operator_3', 'example_branch_datetime_operator', 'example_branch_datetime_operator_2' retrieved from /home/airflow/.local/lib/python3.12/site-packages/airflow/example_dags/example_branch_datetime_operator.py
[2025-10-08T08:53:01.856+0000] {logging_mixin.py:188} INFO - [2025-10-08T08:53:01.856+0000] {dag.py:3096} INFO - Sync 3 DAGs
[2025-10-08T08:53:01.887+0000] {logging_mixin.py:188} INFO - [2025-10-08T08:53:01.886+0000] {dag.py:3954} INFO - Setting next_dagrun for example_branch_datetime_operator to 2025-10-07 00:00:00+00:00, run_after=2025-10-08 00:00:00+00:00
[2025-10-08T08:53:01.894+0000] {logging_mixin.py:188} INFO - [2025-10-08T08:53:01.893+0000] {dag.py:3954} INFO - Setting next_dagrun for example_branch_datetime_operator_2 to 2025-10-07 00:00:00+00:00, run_after=2025-10-08 00:00:00+00:00
[2025-10-08T08:53:01.897+0000] {logging_mixin.py:188} INFO - [2025-10-08T08:53:01.897+0000] {dag.py:3954} INFO - Setting next_dagrun for example_branch_datetime_operator_3 to 2025-10-07 00:00:00+00:00, run_after=2025-10-08 00:00:00+00:00
[2025-10-08T08:53:01.923+0000] {processor.py:183} INFO - Processing /home/airflow/.local/lib/python3.12/site-packages/airflow/example_dags/example_branch_datetime_operator.py took 0.137 seconds
[2025-10-08T08:53:32.734+0000] {processor.py:161} INFO - Started process (PID=210) to work on /home/airflow/.local/lib/python3.12/site-packages/airflow/example_dags/example_branch_datetime_operator.py
[2025-10-08T08:53:32.736+0000] {processor.py:830} INFO - Processing file /home/airflow/.local/lib/python3.12/site-packages/airflow/example_dags/example_branch_datetime_operator.py for tasks to queue
[2025-10-08T08:53:32.741+0000] {logging_mixin.py:188} INFO - [2025-10-08T08:53:32.740+0000] {dagbag.py:545} INFO - Filling up the DagBag from /home/airflow/.local/lib/python3.12/site-packages/airflow/example_dags/example_branch_datetime_operator.py
[2025-10-08T08:53:32.757+0000] {processor.py:840} INFO - DAG(s) 'example_branch_datetime_operator_2', 'example_branch_datetime_operator', 'example_branch_datetime_operator_3' retrieved from /home/airflow/.local/lib/python3.12/site-packages/airflow/example_dags/example_branch_datetime_operator.py
[2025-10-08T08:53:32.802+0000] {logging_mixin.py:188} INFO - [2025-10-08T08:53:32.802+0000] {dag.py:3096} INFO - Sync 3 DAGs
[2025-10-08T08:53:32.836+0000] {logging_mixin.py:188} INFO - [2025-10-08T08:53:32.836+0000] {dag.py:3954} INFO - Setting next_dagrun for example_branch_datetime_operator to 2025-10-07 00:00:00+00:00, run_after=2025-10-08 00:00:00+00:00
[2025-10-08T08:53:32.848+0000] {logging_mixin.py:188} INFO - [2025-10-08T08:53:32.848+0000] {dag.py:3954} INFO - Setting next_dagrun for example_branch_datetime_operator_2 to 2025-10-07 00:00:00+00:00, run_after=2025-10-08 00:00:00+00:00
[2025-10-08T08:53:32.856+0000] {logging_mixin.py:188} INFO - [2025-10-08T08:53:32.855+0000] {dag.py:3954} INFO - Setting next_dagrun for example_branch_datetime_operator_3 to 2025-10-07 00:00:00+00:00, run_after=2025-10-08 00:00:00+00:00
[2025-10-08T08:53:32.890+0000] {processor.py:183} INFO - Processing /home/airflow/.local/lib/python3.12/site-packages/airflow/example_dags/example_branch_datetime_operator.py took 0.165 seconds
[2025-10-08T08:54:03.542+0000] {processor.py:161} INFO - Started process (PID=269) to work on /home/airflow/.local/lib/python3.12/site-packages/airflow/example_dags/example_branch_datetime_operator.py
[2025-10-08T08:54:03.544+0000] {processor.py:830} INFO - Processing file /home/airflow/.local/lib/python3.12/site-packages/airflow/example_dags/example_branch_datetime_operator.py for tasks to queue
[2025-10-08T08:54:03.549+0000] {logging_mixin.py:188} INFO - [2025-10-08T08:54:03.548+0000] {dagbag.py:545} INFO - Filling up the DagBag from /home/airflow/.local/lib/python3.12/site-packages/airflow/example_dags/example_branch_datetime_operator.py
[2025-10-08T08:54:03.563+0000] {processor.py:840} INFO - DAG(s) 'example_branch_datetime_operator_3', 'example_branch_datetime_operator', 'example_branch_datetime_operator_2' retrieved from /home/airflow/.local/lib/python3.12/site-packages/airflow/example_dags/example_branch_datetime_operator.py
[2025-10-08T08:54:03.619+0000] {logging_mixin.py:188} INFO - [2025-10-08T08:54:03.618+0000] {dag.py:3096} INFO - Sync 3 DAGs
[2025-10-08T08:54:03.663+0000] {logging_mixin.py:188} INFO - [2025-10-08T08:54:03.662+0000] {dag.py:3954} INFO - Setting next_dagrun for example_branch_datetime_operator to 2025-10-07 00:00:00+00:00, run_after=2025-10-08 00:00:00+00:00
[2025-10-08T08:54:03.672+0000] {logging_mixin.py:188} INFO - [2025-10-08T08:54:03.672+0000] {dag.py:3954} INFO - Setting next_dagrun for example_branch_datetime_operator_2 to 2025-10-07 00:00:00+00:00, run_after=2025-10-08 00:00:00+00:00
[2025-10-08T08:54:03.678+0000] {logging_mixin.py:188} INFO - [2025-10-08T08:54:03.677+0000] {dag.py:3954} INFO - Setting next_dagrun for example_branch_datetime_operator_3 to 2025-10-07 00:00:00+00:00, run_after=2025-10-08 00:00:00+00:00
[2025-10-08T08:54:03.708+0000] {processor.py:183} INFO - Processing /home/airflow/.local/lib/python3.12/site-packages/airflow/example_dags/example_branch_datetime_operator.py took 0.175 seconds
[2025-10-08T08:54:34.458+0000] {processor.py:161} INFO - Started process (PID=328) to work on /home/airflow/.local/lib/python3.12/site-packages/airflow/example_dags/example_branch_datetime_operator.py
[2025-10-08T08:54:34.461+0000] {processor.py:830} INFO - Processing file /home/airflow/.local/lib/python3.12/site-packages/airflow/example_dags/example_branch_datetime_operator.py for tasks to queue
[2025-10-08T08:54:34.465+0000] {logging_mixin.py:188} INFO - [2025-10-08T08:54:34.464+0000] {dagbag.py:545} INFO - Filling up the DagBag from /home/airflow/.local/lib/python3.12/site-packages/airflow/example_dags/example_branch_datetime_operator.py
[2025-10-08T08:54:34.479+0000] {processor.py:840} INFO - DAG(s) 'example_branch_datetime_operator_2', 'example_branch_datetime_operator_3', 'example_branch_datetime_operator' retrieved from /home/airflow/.local/lib/python3.12/site-packages/airflow/example_dags/example_branch_datetime_operator.py
[2025-10-08T08:54:34.518+0000] {logging_mixin.py:188} INFO - [2025-10-08T08:54:34.518+0000] {dag.py:3096} INFO - Sync 3 DAGs
[2025-10-08T08:54:34.547+0000] {logging_mixin.py:188} INFO - [2025-10-08T08:54:34.547+0000] {dag.py:3954} INFO - Setting next_dagrun for example_branch_datetime_operator to 2025-10-07 00:00:00+00:00, run_after=2025-10-08 00:00:00+00:00
[2025-10-08T08:54:34.554+0000] {logging_mixin.py:188} INFO - [2025-10-08T08:54:34.554+0000] {dag.py:3954} INFO - Setting next_dagrun for example_branch_datetime_operator_2 to 2025-10-07 00:00:00+00:00, run_after=2025-10-08 00:00:00+00:00
[2025-10-08T08:54:34.557+0000] {logging_mixin.py:188} INFO - [2025-10-08T08:54:34.557+0000] {dag.py:3954} INFO - Setting next_dagrun for example_branch_datetime_operator_3 to 2025-10-07 00:00:00+00:00, run_after=2025-10-08 00:00:00+00:00
[2025-10-08T08:54:34.579+0000] {processor.py:183} INFO - Processing /home/airflow/.local/lib/python3.12/site-packages/airflow/example_dags/example_branch_datetime_operator.py took 0.131 seconds
[2025-10-08T08:55:05.048+0000] {processor.py:161} INFO - Started process (PID=387) to work on /home/airflow/.local/lib/python3.12/site-packages/airflow/example_dags/example_branch_datetime_operator.py
[2025-10-08T08:55:05.050+0000] {processor.py:830} INFO - Processing file /home/airflow/.local/lib/python3.12/site-packages/airflow/example_dags/example_branch_datetime_operator.py for tasks to queue
[2025-10-08T08:55:05.053+0000] {logging_mixin.py:188} INFO - [2025-10-08T08:55:05.052+0000] {dagbag.py:545} INFO - Filling up the DagBag from /home/airflow/.local/lib/python3.12/site-packages/airflow/example_dags/example_branch_datetime_operator.py
[2025-10-08T08:55:05.064+0000] {processor.py:840} INFO - DAG(s) 'example_branch_datetime_operator_2', 'example_branch_datetime_operator', 'example_branch_datetime_operator_3' retrieved from /home/airflow/.local/lib/python3.12/site-packages/airflow/example_dags/example_branch_datetime_operator.py
[2025-10-08T08:55:05.094+0000] {logging_mixin.py:188} INFO - [2025-10-08T08:55:05.093+0000] {dag.py:3096} INFO - Sync 3 DAGs
[2025-10-08T08:55:05.122+0000] {logging_mixin.py:188} INFO - [2025-10-08T08:55:05.122+0000] {dag.py:3954} INFO - Setting next_dagrun for example_branch_datetime_operator to 2025-10-07 00:00:00+00:00, run_after=2025-10-08 00:00:00+00:00
[2025-10-08T08:55:05.128+0000] {logging_mixin.py:188} INFO - [2025-10-08T08:55:05.127+0000] {dag.py:3954} INFO - Setting next_dagrun for example_branch_datetime_operator_2 to 2025-10-07 00:00:00+00:00, run_after=2025-10-08 00:00:00+00:00
[2025-10-08T08:55:05.131+0000] {logging_mixin.py:188} INFO - [2025-10-08T08:55:05.131+0000] {dag.py:3954} INFO - Setting next_dagrun for example_branch_datetime_operator_3 to 2025-10-07 00:00:00+00:00, run_after=2025-10-08 00:00:00+00:00
[2025-10-08T08:55:05.167+0000] {processor.py:183} INFO - Processing /home/airflow/.local/lib/python3.12/site-packages/airflow/example_dags/example_branch_datetime_operator.py took 0.129 seconds
[2025-10-08T08:55:35.734+0000] {processor.py:161} INFO - Started process (PID=446) to work on /home/airflow/.local/lib/python3.12/site-packages/airflow/example_dags/example_branch_datetime_operator.py
[2025-10-08T08:55:35.736+0000] {processor.py:830} INFO - Processing file /home/airflow/.local/lib/python3.12/site-packages/airflow/example_dags/example_branch_datetime_operator.py for tasks to queue
[2025-10-08T08:55:35.738+0000] {logging_mixin.py:188} INFO - [2025-10-08T08:55:35.738+0000] {dagbag.py:545} INFO - Filling up the DagBag from /home/airflow/.local/lib/python3.12/site-packages/airflow/example_dags/example_branch_datetime_operator.py
[2025-10-08T08:55:35.750+0000] {processor.py:840} INFO - DAG(s) 'example_branch_datetime_operator', 'example_branch_datetime_operator_2', 'example_branch_datetime_operator_3' retrieved from /home/airflow/.local/lib/python3.12/site-packages/airflow/example_dags/example_branch_datetime_operator.py
[2025-10-08T08:55:35.786+0000] {logging_mixin.py:188} INFO - [2025-10-08T08:55:35.785+0000] {dag.py:3096} INFO - Sync 3 DAGs
[2025-10-08T08:55:35.815+0000] {logging_mixin.py:188} INFO - [2025-10-08T08:55:35.815+0000] {dag.py:3954} INFO - Setting next_dagrun for example_branch_datetime_operator to 2025-10-07 00:00:00+00:00, run_after=2025-10-08 00:00:00+00:00
[2025-10-08T08:55:35.823+0000] {logging_mixin.py:188} INFO - [2025-10-08T08:55:35.822+0000] {dag.py:3954} INFO - Setting next_dagrun for example_branch_datetime_operator_2 to 2025-10-07 00:00:00+00:00, run_after=2025-10-08 00:00:00+00:00
[2025-10-08T08:55:35.826+0000] {logging_mixin.py:188} INFO - [2025-10-08T08:55:35.826+0000] {dag.py:3954} INFO - Setting next_dagrun for example_branch_datetime_operator_3 to 2025-10-07 00:00:00+00:00, run_after=2025-10-08 00:00:00+00:00
[2025-10-08T08:55:35.850+0000] {processor.py:183} INFO - Processing /home/airflow/.local/lib/python3.12/site-packages/airflow/example_dags/example_branch_datetime_operator.py took 0.123 seconds
[2025-10-08T08:56:07.231+0000] {processor.py:161} INFO - Started process (PID=505) to work on /home/airflow/.local/lib/python3.12/site-packages/airflow/example_dags/example_branch_datetime_operator.py
[2025-10-08T08:56:07.233+0000] {processor.py:830} INFO - Processing file /home/airflow/.local/lib/python3.12/site-packages/airflow/example_dags/example_branch_datetime_operator.py for tasks to queue
[2025-10-08T08:56:07.238+0000] {logging_mixin.py:188} INFO - [2025-10-08T08:56:07.237+0000] {dagbag.py:545} INFO - Filling up the DagBag from /home/airflow/.local/lib/python3.12/site-packages/airflow/example_dags/example_branch_datetime_operator.py
[2025-10-08T08:56:07.270+0000] {processor.py:840} INFO - DAG(s) 'example_branch_datetime_operator_2', 'example_branch_datetime_operator', 'example_branch_datetime_operator_3' retrieved from /home/airflow/.local/lib/python3.12/site-packages/airflow/example_dags/example_branch_datetime_operator.py
[2025-10-08T08:56:07.346+0000] {logging_mixin.py:188} INFO - [2025-10-08T08:56:07.346+0000] {dag.py:3096} INFO - Sync 3 DAGs
[2025-10-08T08:56:07.416+0000] {logging_mixin.py:188} INFO - [2025-10-08T08:56:07.415+0000] {dag.py:3954} INFO - Setting next_dagrun for example_branch_datetime_operator to 2025-10-07 00:00:00+00:00, run_after=2025-10-08 00:00:00+00:00
[2025-10-08T08:56:07.427+0000] {logging_mixin.py:188} INFO - [2025-10-08T08:56:07.426+0000] {dag.py:3954} INFO - Setting next_dagrun for example_branch_datetime_operator_2 to 2025-10-07 00:00:00+00:00, run_after=2025-10-08 00:00:00+00:00
[2025-10-08T08:56:07.438+0000] {logging_mixin.py:188} INFO - [2025-10-08T08:56:07.437+0000] {dag.py:3954} INFO - Setting next_dagrun for example_branch_datetime_operator_3 to 2025-10-07 00:00:00+00:00, run_after=2025-10-08 00:00:00+00:00
[2025-10-08T08:56:07.473+0000] {processor.py:183} INFO - Processing /home/airflow/.local/lib/python3.12/site-packages/airflow/example_dags/example_branch_datetime_operator.py took 0.257 seconds
[2025-10-08T08:56:38.180+0000] {processor.py:161} INFO - Started process (PID=564) to work on /home/airflow/.local/lib/python3.12/site-packages/airflow/example_dags/example_branch_datetime_operator.py
[2025-10-08T08:56:38.181+0000] {processor.py:830} INFO - Processing file /home/airflow/.local/lib/python3.12/site-packages/airflow/example_dags/example_branch_datetime_operator.py for tasks to queue
[2025-10-08T08:56:38.185+0000] {logging_mixin.py:188} INFO - [2025-10-08T08:56:38.184+0000] {dagbag.py:545} INFO - Filling up the DagBag from /home/airflow/.local/lib/python3.12/site-packages/airflow/example_dags/example_branch_datetime_operator.py
[2025-10-08T08:56:38.203+0000] {processor.py:840} INFO - DAG(s) 'example_branch_datetime_operator_2', 'example_branch_datetime_operator', 'example_branch_datetime_operator_3' retrieved from /home/airflow/.local/lib/python3.12/site-packages/airflow/example_dags/example_branch_datetime_operator.py
[2025-10-08T08:56:38.250+0000] {logging_mixin.py:188} INFO - [2025-10-08T08:56:38.249+0000] {dag.py:3096} INFO - Sync 3 DAGs
[2025-10-08T08:56:38.291+0000] {logging_mixin.py:188} INFO - [2025-10-08T08:56:38.291+0000] {dag.py:3954} INFO - Setting next_dagrun for example_branch_datetime_operator to 2025-10-07 00:00:00+00:00, run_after=2025-10-08 00:00:00+00:00
[2025-10-08T08:56:38.300+0000] {logging_mixin.py:188} INFO - [2025-10-08T08:56:38.300+0000] {dag.py:3954} INFO - Setting next_dagrun for example_branch_datetime_operator_2 to 2025-10-07 00:00:00+00:00, run_after=2025-10-08 00:00:00+00:00
[2025-10-08T08:56:38.306+0000] {logging_mixin.py:188} INFO - [2025-10-08T08:56:38.306+0000] {dag.py:3954} INFO - Setting next_dagrun for example_branch_datetime_operator_3 to 2025-10-07 00:00:00+00:00, run_after=2025-10-08 00:00:00+00:00
[2025-10-08T08:56:38.342+0000] {processor.py:183} INFO - Processing /home/airflow/.local/lib/python3.12/site-packages/airflow/example_dags/example_branch_datetime_operator.py took 0.171 seconds
[2025-10-08T08:57:08.629+0000] {processor.py:161} INFO - Started process (PID=623) to work on /home/airflow/.local/lib/python3.12/site-packages/airflow/example_dags/example_branch_datetime_operator.py
[2025-10-08T08:57:08.631+0000] {processor.py:830} INFO - Processing file /home/airflow/.local/lib/python3.12/site-packages/airflow/example_dags/example_branch_datetime_operator.py for tasks to queue
[2025-10-08T08:57:08.635+0000] {logging_mixin.py:188} INFO - [2025-10-08T08:57:08.634+0000] {dagbag.py:545} INFO - Filling up the DagBag from /home/airflow/.local/lib/python3.12/site-packages/airflow/example_dags/example_branch_datetime_operator.py
[2025-10-08T08:57:08.649+0000] {processor.py:840} INFO - DAG(s) 'example_branch_datetime_operator_3', 'example_branch_datetime_operator', 'example_branch_datetime_operator_2' retrieved from /home/airflow/.local/lib/python3.12/site-packages/airflow/example_dags/example_branch_datetime_operator.py
[2025-10-08T08:57:08.704+0000] {logging_mixin.py:188} INFO - [2025-10-08T08:57:08.703+0000] {dag.py:3096} INFO - Sync 3 DAGs
[2025-10-08T08:57:08.737+0000] {logging_mixin.py:188} INFO - [2025-10-08T08:57:08.737+0000] {dag.py:3954} INFO - Setting next_dagrun for example_branch_datetime_operator to 2025-10-07 00:00:00+00:00, run_after=2025-10-08 00:00:00+00:00
[2025-10-08T08:57:08.744+0000] {logging_mixin.py:188} INFO - [2025-10-08T08:57:08.744+0000] {dag.py:3954} INFO - Setting next_dagrun for example_branch_datetime_operator_2 to 2025-10-07 00:00:00+00:00, run_after=2025-10-08 00:00:00+00:00
[2025-10-08T08:57:08.748+0000] {logging_mixin.py:188} INFO - [2025-10-08T08:57:08.748+0000] {dag.py:3954} INFO - Setting next_dagrun for example_branch_datetime_operator_3 to 2025-10-07 00:00:00+00:00, run_after=2025-10-08 00:00:00+00:00
[2025-10-08T08:57:08.774+0000] {processor.py:183} INFO - Processing /home/airflow/.local/lib/python3.12/site-packages/airflow/example_dags/example_branch_datetime_operator.py took 0.155 seconds
[2025-10-08T08:57:39.107+0000] {processor.py:161} INFO - Started process (PID=682) to work on /home/airflow/.local/lib/python3.12/site-packages/airflow/example_dags/example_branch_datetime_operator.py
[2025-10-08T08:57:39.109+0000] {processor.py:830} INFO - Processing file /home/airflow/.local/lib/python3.12/site-packages/airflow/example_dags/example_branch_datetime_operator.py for tasks to queue
[2025-10-08T08:57:39.112+0000] {logging_mixin.py:188} INFO - [2025-10-08T08:57:39.112+0000] {dagbag.py:545} INFO - Filling up the DagBag from /home/airflow/.local/lib/python3.12/site-packages/airflow/example_dags/example_branch_datetime_operator.py
[2025-10-08T08:57:39.124+0000] {processor.py:840} INFO - DAG(s) 'example_branch_datetime_operator', 'example_branch_datetime_operator_3', 'example_branch_datetime_operator_2' retrieved from /home/airflow/.local/lib/python3.12/site-packages/airflow/example_dags/example_branch_datetime_operator.py
[2025-10-08T08:57:39.161+0000] {logging_mixin.py:188} INFO - [2025-10-08T08:57:39.161+0000] {dag.py:3096} INFO - Sync 3 DAGs
[2025-10-08T08:57:39.188+0000] {logging_mixin.py:188} INFO - [2025-10-08T08:57:39.188+0000] {dag.py:3954} INFO - Setting next_dagrun for example_branch_datetime_operator to 2025-10-07 00:00:00+00:00, run_after=2025-10-08 00:00:00+00:00
[2025-10-08T08:57:39.194+0000] {logging_mixin.py:188} INFO - [2025-10-08T08:57:39.193+0000] {dag.py:3954} INFO - Setting next_dagrun for example_branch_datetime_operator_2 to 2025-10-07 00:00:00+00:00, run_after=2025-10-08 00:00:00+00:00
[2025-10-08T08:57:39.197+0000] {logging_mixin.py:188} INFO - [2025-10-08T08:57:39.197+0000] {dag.py:3954} INFO - Setting next_dagrun for example_branch_datetime_operator_3 to 2025-10-07 00:00:00+00:00, run_after=2025-10-08 00:00:00+00:00
[2025-10-08T08:57:39.218+0000] {processor.py:183} INFO - Processing /home/airflow/.local/lib/python3.12/site-packages/airflow/example_dags/example_branch_datetime_operator.py took 0.117 seconds
[2025-10-08T08:58:10.067+0000] {processor.py:161} INFO - Started process (PID=741) to work on /home/airflow/.local/lib/python3.12/site-packages/airflow/example_dags/example_branch_datetime_operator.py
[2025-10-08T08:58:10.069+0000] {processor.py:830} INFO - Processing file /home/airflow/.local/lib/python3.12/site-packages/airflow/example_dags/example_branch_datetime_operator.py for tasks to queue
[2025-10-08T08:58:10.072+0000] {logging_mixin.py:188} INFO - [2025-10-08T08:58:10.072+0000] {dagbag.py:545} INFO - Filling up the DagBag from /home/airflow/.local/lib/python3.12/site-packages/airflow/example_dags/example_branch_datetime_operator.py
[2025-10-08T08:58:10.085+0000] {processor.py:840} INFO - DAG(s) 'example_branch_datetime_operator_3', 'example_branch_datetime_operator', 'example_branch_datetime_operator_2' retrieved from /home/airflow/.local/lib/python3.12/site-packages/airflow/example_dags/example_branch_datetime_operator.py
[2025-10-08T08:58:10.118+0000] {logging_mixin.py:188} INFO - [2025-10-08T08:58:10.118+0000] {dag.py:3096} INFO - Sync 3 DAGs
[2025-10-08T08:58:10.146+0000] {logging_mixin.py:188} INFO - [2025-10-08T08:58:10.146+0000] {dag.py:3954} INFO - Setting next_dagrun for example_branch_datetime_operator to 2025-10-07 00:00:00+00:00, run_after=2025-10-08 00:00:00+00:00
[2025-10-08T08:58:10.152+0000] {logging_mixin.py:188} INFO - [2025-10-08T08:58:10.152+0000] {dag.py:3954} INFO - Setting next_dagrun for example_branch_datetime_operator_2 to 2025-10-07 00:00:00+00:00, run_after=2025-10-08 00:00:00+00:00
[2025-10-08T08:58:10.156+0000] {logging_mixin.py:188} INFO - [2025-10-08T08:58:10.156+0000] {dag.py:3954} INFO - Setting next_dagrun for example_branch_datetime_operator_3 to 2025-10-07 00:00:00+00:00, run_after=2025-10-08 00:00:00+00:00
[2025-10-08T08:58:10.174+0000] {processor.py:183} INFO - Processing /home/airflow/.local/lib/python3.12/site-packages/airflow/example_dags/example_branch_datetime_operator.py took 0.119 seconds
[2025-10-08T08:58:40.368+0000] {processor.py:161} INFO - Started process (PID=800) to work on /home/airflow/.local/lib/python3.12/site-packages/airflow/example_dags/example_branch_datetime_operator.py
[2025-10-08T08:58:40.370+0000] {processor.py:830} INFO - Processing file /home/airflow/.local/lib/python3.12/site-packages/airflow/example_dags/example_branch_datetime_operator.py for tasks to queue
[2025-10-08T08:58:40.374+0000] {logging_mixin.py:188} INFO - [2025-10-08T08:58:40.373+0000] {dagbag.py:545} INFO - Filling up the DagBag from /home/airflow/.local/lib/python3.12/site-packages/airflow/example_dags/example_branch_datetime_operator.py
[2025-10-08T08:58:40.390+0000] {processor.py:840} INFO - DAG(s) 'example_branch_datetime_operator_2', 'example_branch_datetime_operator', 'example_branch_datetime_operator_3' retrieved from /home/airflow/.local/lib/python3.12/site-packages/airflow/example_dags/example_branch_datetime_operator.py
[2025-10-08T08:58:40.427+0000] {logging_mixin.py:188} INFO - [2025-10-08T08:58:40.427+0000] {dag.py:3096} INFO - Sync 3 DAGs
[2025-10-08T08:58:40.457+0000] {logging_mixin.py:188} INFO - [2025-10-08T08:58:40.457+0000] {dag.py:3954} INFO - Setting next_dagrun for example_branch_datetime_operator to 2025-10-07 00:00:00+00:00, run_after=2025-10-08 00:00:00+00:00
[2025-10-08T08:58:40.464+0000] {logging_mixin.py:188} INFO - [2025-10-08T08:58:40.464+0000] {dag.py:3954} INFO - Setting next_dagrun for example_branch_datetime_operator_2 to 2025-10-07 00:00:00+00:00, run_after=2025-10-08 00:00:00+00:00
[2025-10-08T08:58:40.467+0000] {logging_mixin.py:188} INFO - [2025-10-08T08:58:40.467+0000] {dag.py:3954} INFO - Setting next_dagrun for example_branch_datetime_operator_3 to 2025-10-07 00:00:00+00:00, run_after=2025-10-08 00:00:00+00:00
[2025-10-08T08:58:40.487+0000] {processor.py:183} INFO - Processing /home/airflow/.local/lib/python3.12/site-packages/airflow/example_dags/example_branch_datetime_operator.py took 0.127 seconds
[2025-10-08T08:59:10.620+0000] {processor.py:161} INFO - Started process (PID=859) to work on /home/airflow/.local/lib/python3.12/site-packages/airflow/example_dags/example_branch_datetime_operator.py
[2025-10-08T08:59:10.623+0000] {processor.py:830} INFO - Processing file /home/airflow/.local/lib/python3.12/site-packages/airflow/example_dags/example_branch_datetime_operator.py for tasks to queue
[2025-10-08T08:59:10.627+0000] {logging_mixin.py:188} INFO - [2025-10-08T08:59:10.626+0000] {dagbag.py:545} INFO - Filling up the DagBag from /home/airflow/.local/lib/python3.12/site-packages/airflow/example_dags/example_branch_datetime_operator.py
[2025-10-08T08:59:10.649+0000] {processor.py:840} INFO - DAG(s) 'example_branch_datetime_operator_3', 'example_branch_datetime_operator_2', 'example_branch_datetime_operator' retrieved from /home/airflow/.local/lib/python3.12/site-packages/airflow/example_dags/example_branch_datetime_operator.py
[2025-10-08T08:59:10.710+0000] {logging_mixin.py:188} INFO - [2025-10-08T08:59:10.710+0000] {dag.py:3096} INFO - Sync 3 DAGs
[2025-10-08T08:59:10.751+0000] {logging_mixin.py:188} INFO - [2025-10-08T08:59:10.750+0000] {dag.py:3954} INFO - Setting next_dagrun for example_branch_datetime_operator to 2025-10-07 00:00:00+00:00, run_after=2025-10-08 00:00:00+00:00
[2025-10-08T08:59:10.760+0000] {logging_mixin.py:188} INFO - [2025-10-08T08:59:10.759+0000] {dag.py:3954} INFO - Setting next_dagrun for example_branch_datetime_operator_2 to 2025-10-07 00:00:00+00:00, run_after=2025-10-08 00:00:00+00:00
[2025-10-08T08:59:10.764+0000] {logging_mixin.py:188} INFO - [2025-10-08T08:59:10.763+0000] {dag.py:3954} INFO - Setting next_dagrun for example_branch_datetime_operator_3 to 2025-10-07 00:00:00+00:00, run_after=2025-10-08 00:00:00+00:00
[2025-10-08T08:59:10.793+0000] {processor.py:183} INFO - Processing /home/airflow/.local/lib/python3.12/site-packages/airflow/example_dags/example_branch_datetime_operator.py took 0.189 seconds
[2025-10-08T08:59:41.107+0000] {processor.py:161} INFO - Started process (PID=918) to work on /home/airflow/.local/lib/python3.12/site-packages/airflow/example_dags/example_branch_datetime_operator.py
[2025-10-08T08:59:41.109+0000] {processor.py:830} INFO - Processing file /home/airflow/.local/lib/python3.12/site-packages/airflow/example_dags/example_branch_datetime_operator.py for tasks to queue
[2025-10-08T08:59:41.111+0000] {logging_mixin.py:188} INFO - [2025-10-08T08:59:41.111+0000] {dagbag.py:545} INFO - Filling up the DagBag from /home/airflow/.local/lib/python3.12/site-packages/airflow/example_dags/example_branch_datetime_operator.py
[2025-10-08T08:59:41.123+0000] {processor.py:840} INFO - DAG(s) 'example_branch_datetime_operator_3', 'example_branch_datetime_operator_2', 'example_branch_datetime_operator' retrieved from /home/airflow/.local/lib/python3.12/site-packages/airflow/example_dags/example_branch_datetime_operator.py
[2025-10-08T08:59:41.154+0000] {logging_mixin.py:188} INFO - [2025-10-08T08:59:41.154+0000] {dag.py:3096} INFO - Sync 3 DAGs
[2025-10-08T08:59:41.178+0000] {logging_mixin.py:188} INFO - [2025-10-08T08:59:41.178+0000] {dag.py:3954} INFO - Setting next_dagrun for example_branch_datetime_operator to 2025-10-07 00:00:00+00:00, run_after=2025-10-08 00:00:00+00:00
[2025-10-08T08:59:41.185+0000] {logging_mixin.py:188} INFO - [2025-10-08T08:59:41.185+0000] {dag.py:3954} INFO - Setting next_dagrun for example_branch_datetime_operator_2 to 2025-10-07 00:00:00+00:00, run_after=2025-10-08 00:00:00+00:00
[2025-10-08T08:59:41.188+0000] {logging_mixin.py:188} INFO - [2025-10-08T08:59:41.188+0000] {dag.py:3954} INFO - Setting next_dagrun for example_branch_datetime_operator_3 to 2025-10-07 00:00:00+00:00, run_after=2025-10-08 00:00:00+00:00
[2025-10-08T08:59:41.209+0000] {processor.py:183} INFO - Processing /home/airflow/.local/lib/python3.12/site-packages/airflow/example_dags/example_branch_datetime_operator.py took 0.108 seconds
[2025-10-08T09:00:11.418+0000] {processor.py:161} INFO - Started process (PID=977) to work on /home/airflow/.local/lib/python3.12/site-packages/airflow/example_dags/example_branch_datetime_operator.py
[2025-10-08T09:00:11.420+0000] {processor.py:830} INFO - Processing file /home/airflow/.local/lib/python3.12/site-packages/airflow/example_dags/example_branch_datetime_operator.py for tasks to queue
[2025-10-08T09:00:11.425+0000] {logging_mixin.py:188} INFO - [2025-10-08T09:00:11.424+0000] {dagbag.py:545} INFO - Filling up the DagBag from /home/airflow/.local/lib/python3.12/site-packages/airflow/example_dags/example_branch_datetime_operator.py
[2025-10-08T09:00:11.443+0000] {processor.py:840} INFO - DAG(s) 'example_branch_datetime_operator', 'example_branch_datetime_operator_2', 'example_branch_datetime_operator_3' retrieved from /home/airflow/.local/lib/python3.12/site-packages/airflow/example_dags/example_branch_datetime_operator.py
[2025-10-08T09:00:11.525+0000] {logging_mixin.py:188} INFO - [2025-10-08T09:00:11.525+0000] {dag.py:3096} INFO - Sync 3 DAGs
[2025-10-08T09:00:11.587+0000] {logging_mixin.py:188} INFO - [2025-10-08T09:00:11.586+0000] {dag.py:3954} INFO - Setting next_dagrun for example_branch_datetime_operator to 2025-10-07 00:00:00+00:00, run_after=2025-10-08 00:00:00+00:00
[2025-10-08T09:00:11.608+0000] {logging_mixin.py:188} INFO - [2025-10-08T09:00:11.607+0000] {dag.py:3954} INFO - Setting next_dagrun for example_branch_datetime_operator_2 to 2025-10-07 00:00:00+00:00, run_after=2025-10-08 00:00:00+00:00
[2025-10-08T09:00:11.616+0000] {logging_mixin.py:188} INFO - [2025-10-08T09:00:11.615+0000] {dag.py:3954} INFO - Setting next_dagrun for example_branch_datetime_operator_3 to 2025-10-07 00:00:00+00:00, run_after=2025-10-08 00:00:00+00:00
[2025-10-08T09:00:11.659+0000] {processor.py:183} INFO - Processing /home/airflow/.local/lib/python3.12/site-packages/airflow/example_dags/example_branch_datetime_operator.py took 0.252 seconds
[2025-10-08T09:00:42.121+0000] {processor.py:161} INFO - Started process (PID=1036) to work on /home/airflow/.local/lib/python3.12/site-packages/airflow/example_dags/example_branch_datetime_operator.py
[2025-10-08T09:00:42.123+0000] {processor.py:830} INFO - Processing file /home/airflow/.local/lib/python3.12/site-packages/airflow/example_dags/example_branch_datetime_operator.py for tasks to queue
[2025-10-08T09:00:42.127+0000] {logging_mixin.py:188} INFO - [2025-10-08T09:00:42.126+0000] {dagbag.py:545} INFO - Filling up the DagBag from /home/airflow/.local/lib/python3.12/site-packages/airflow/example_dags/example_branch_datetime_operator.py
[2025-10-08T09:00:42.141+0000] {processor.py:840} INFO - DAG(s) 'example_branch_datetime_operator_3', 'example_branch_datetime_operator', 'example_branch_datetime_operator_2' retrieved from /home/airflow/.local/lib/python3.12/site-packages/airflow/example_dags/example_branch_datetime_operator.py
[2025-10-08T09:00:42.180+0000] {logging_mixin.py:188} INFO - [2025-10-08T09:00:42.180+0000] {dag.py:3096} INFO - Sync 3 DAGs
[2025-10-08T09:00:42.212+0000] {logging_mixin.py:188} INFO - [2025-10-08T09:00:42.211+0000] {dag.py:3954} INFO - Setting next_dagrun for example_branch_datetime_operator to 2025-10-07 00:00:00+00:00, run_after=2025-10-08 00:00:00+00:00
[2025-10-08T09:00:42.219+0000] {logging_mixin.py:188} INFO - [2025-10-08T09:00:42.219+0000] {dag.py:3954} INFO - Setting next_dagrun for example_branch_datetime_operator_2 to 2025-10-07 00:00:00+00:00, run_after=2025-10-08 00:00:00+00:00
[2025-10-08T09:00:42.222+0000] {logging_mixin.py:188} INFO - [2025-10-08T09:00:42.222+0000] {dag.py:3954} INFO - Setting next_dagrun for example_branch_datetime_operator_3 to 2025-10-07 00:00:00+00:00, run_after=2025-10-08 00:00:00+00:00
[2025-10-08T09:00:42.270+0000] {processor.py:183} INFO - Processing /home/airflow/.local/lib/python3.12/site-packages/airflow/example_dags/example_branch_datetime_operator.py took 0.159 seconds
[2025-10-08T09:01:12.448+0000] {processor.py:161} INFO - Started process (PID=1095) to work on /home/airflow/.local/lib/python3.12/site-packages/airflow/example_dags/example_branch_datetime_operator.py
[2025-10-08T09:01:12.450+0000] {processor.py:830} INFO - Processing file /home/airflow/.local/lib/python3.12/site-packages/airflow/example_dags/example_branch_datetime_operator.py for tasks to queue
[2025-10-08T09:01:12.453+0000] {logging_mixin.py:188} INFO - [2025-10-08T09:01:12.453+0000] {dagbag.py:545} INFO - Filling up the DagBag from /home/airflow/.local/lib/python3.12/site-packages/airflow/example_dags/example_branch_datetime_operator.py
[2025-10-08T09:01:12.466+0000] {processor.py:840} INFO - DAG(s) 'example_branch_datetime_operator_3', 'example_branch_datetime_operator', 'example_branch_datetime_operator_2' retrieved from /home/airflow/.local/lib/python3.12/site-packages/airflow/example_dags/example_branch_datetime_operator.py
[2025-10-08T09:01:12.499+0000] {logging_mixin.py:188} INFO - [2025-10-08T09:01:12.498+0000] {dag.py:3096} INFO - Sync 3 DAGs
[2025-10-08T09:01:12.528+0000] {logging_mixin.py:188} INFO - [2025-10-08T09:01:12.528+0000] {dag.py:3954} INFO - Setting next_dagrun for example_branch_datetime_operator to 2025-10-07 00:00:00+00:00, run_after=2025-10-08 00:00:00+00:00
[2025-10-08T09:01:12.535+0000] {logging_mixin.py:188} INFO - [2025-10-08T09:01:12.535+0000] {dag.py:3954} INFO - Setting next_dagrun for example_branch_datetime_operator_2 to 2025-10-07 00:00:00+00:00, run_after=2025-10-08 00:00:00+00:00
[2025-10-08T09:01:12.540+0000] {logging_mixin.py:188} INFO - [2025-10-08T09:01:12.539+0000] {dag.py:3954} INFO - Setting next_dagrun for example_branch_datetime_operator_3 to 2025-10-07 00:00:00+00:00, run_after=2025-10-08 00:00:00+00:00
[2025-10-08T09:01:12.567+0000] {processor.py:183} INFO - Processing /home/airflow/.local/lib/python3.12/site-packages/airflow/example_dags/example_branch_datetime_operator.py took 0.125 seconds
[2025-10-08T09:01:42.940+0000] {processor.py:161} INFO - Started process (PID=1154) to work on /home/airflow/.local/lib/python3.12/site-packages/airflow/example_dags/example_branch_datetime_operator.py
[2025-10-08T09:01:42.942+0000] {processor.py:830} INFO - Processing file /home/airflow/.local/lib/python3.12/site-packages/airflow/example_dags/example_branch_datetime_operator.py for tasks to queue
[2025-10-08T09:01:42.945+0000] {logging_mixin.py:188} INFO - [2025-10-08T09:01:42.945+0000] {dagbag.py:545} INFO - Filling up the DagBag from /home/airflow/.local/lib/python3.12/site-packages/airflow/example_dags/example_branch_datetime_operator.py
[2025-10-08T09:01:42.956+0000] {processor.py:840} INFO - DAG(s) 'example_branch_datetime_operator', 'example_branch_datetime_operator_2', 'example_branch_datetime_operator_3' retrieved from /home/airflow/.local/lib/python3.12/site-packages/airflow/example_dags/example_branch_datetime_operator.py
[2025-10-08T09:01:42.991+0000] {logging_mixin.py:188} INFO - [2025-10-08T09:01:42.991+0000] {dag.py:3096} INFO - Sync 3 DAGs
[2025-10-08T09:01:43.018+0000] {logging_mixin.py:188} INFO - [2025-10-08T09:01:43.018+0000] {dag.py:3954} INFO - Setting next_dagrun for example_branch_datetime_operator to 2025-10-07 00:00:00+00:00, run_after=2025-10-08 00:00:00+00:00
[2025-10-08T09:01:43.028+0000] {logging_mixin.py:188} INFO - [2025-10-08T09:01:43.027+0000] {dag.py:3954} INFO - Setting next_dagrun for example_branch_datetime_operator_2 to 2025-10-07 00:00:00+00:00, run_after=2025-10-08 00:00:00+00:00
[2025-10-08T09:01:43.038+0000] {logging_mixin.py:188} INFO - [2025-10-08T09:01:43.037+0000] {dag.py:3954} INFO - Setting next_dagrun for example_branch_datetime_operator_3 to 2025-10-07 00:00:00+00:00, run_after=2025-10-08 00:00:00+00:00
[2025-10-08T09:01:43.206+0000] {processor.py:183} INFO - Processing /home/airflow/.local/lib/python3.12/site-packages/airflow/example_dags/example_branch_datetime_operator.py took 0.272 seconds
[2025-10-08T09:02:13.787+0000] {processor.py:161} INFO - Started process (PID=1213) to work on /home/airflow/.local/lib/python3.12/site-packages/airflow/example_dags/example_branch_datetime_operator.py
[2025-10-08T09:02:13.794+0000] {processor.py:830} INFO - Processing file /home/airflow/.local/lib/python3.12/site-packages/airflow/example_dags/example_branch_datetime_operator.py for tasks to queue
[2025-10-08T09:02:13.820+0000] {logging_mixin.py:188} INFO - [2025-10-08T09:02:13.819+0000] {dagbag.py:545} INFO - Filling up the DagBag from /home/airflow/.local/lib/python3.12/site-packages/airflow/example_dags/example_branch_datetime_operator.py
[2025-10-08T09:02:13.878+0000] {processor.py:840} INFO - DAG(s) 'example_branch_datetime_operator_3', 'example_branch_datetime_operator', 'example_branch_datetime_operator_2' retrieved from /home/airflow/.local/lib/python3.12/site-packages/airflow/example_dags/example_branch_datetime_operator.py
[2025-10-08T09:02:14.014+0000] {logging_mixin.py:188} INFO - [2025-10-08T09:02:14.013+0000] {dag.py:3096} INFO - Sync 3 DAGs
[2025-10-08T09:02:14.125+0000] {logging_mixin.py:188} INFO - [2025-10-08T09:02:14.125+0000] {dag.py:3954} INFO - Setting next_dagrun for example_branch_datetime_operator to 2025-10-07 00:00:00+00:00, run_after=2025-10-08 00:00:00+00:00
[2025-10-08T09:02:14.143+0000] {logging_mixin.py:188} INFO - [2025-10-08T09:02:14.142+0000] {dag.py:3954} INFO - Setting next_dagrun for example_branch_datetime_operator_2 to 2025-10-07 00:00:00+00:00, run_after=2025-10-08 00:00:00+00:00
[2025-10-08T09:02:14.151+0000] {logging_mixin.py:188} INFO - [2025-10-08T09:02:14.150+0000] {dag.py:3954} INFO - Setting next_dagrun for example_branch_datetime_operator_3 to 2025-10-07 00:00:00+00:00, run_after=2025-10-08 00:00:00+00:00
[2025-10-08T09:02:14.193+0000] {processor.py:183} INFO - Processing /home/airflow/.local/lib/python3.12/site-packages/airflow/example_dags/example_branch_datetime_operator.py took 0.429 seconds
[2025-10-08T09:02:44.450+0000] {processor.py:161} INFO - Started process (PID=1272) to work on /home/airflow/.local/lib/python3.12/site-packages/airflow/example_dags/example_branch_datetime_operator.py
[2025-10-08T09:02:44.453+0000] {processor.py:830} INFO - Processing file /home/airflow/.local/lib/python3.12/site-packages/airflow/example_dags/example_branch_datetime_operator.py for tasks to queue
[2025-10-08T09:02:44.456+0000] {logging_mixin.py:188} INFO - [2025-10-08T09:02:44.456+0000] {dagbag.py:545} INFO - Filling up the DagBag from /home/airflow/.local/lib/python3.12/site-packages/airflow/example_dags/example_branch_datetime_operator.py
[2025-10-08T09:02:44.470+0000] {processor.py:840} INFO - DAG(s) 'example_branch_datetime_operator_3', 'example_branch_datetime_operator_2', 'example_branch_datetime_operator' retrieved from /home/airflow/.local/lib/python3.12/site-packages/airflow/example_dags/example_branch_datetime_operator.py
[2025-10-08T09:02:44.479+0000] {logging_mixin.py:188} INFO - [2025-10-08T09:02:44.479+0000] {dag.py:3096} INFO - Sync 3 DAGs
[2025-10-08T09:02:44.508+0000] {logging_mixin.py:188} INFO - [2025-10-08T09:02:44.508+0000] {dag.py:3954} INFO - Setting next_dagrun for example_branch_datetime_operator to 2025-10-07 00:00:00+00:00, run_after=2025-10-08 00:00:00+00:00
[2025-10-08T09:02:44.515+0000] {logging_mixin.py:188} INFO - [2025-10-08T09:02:44.514+0000] {dag.py:3954} INFO - Setting next_dagrun for example_branch_datetime_operator_2 to 2025-10-07 00:00:00+00:00, run_after=2025-10-08 00:00:00+00:00
[2025-10-08T09:02:44.519+0000] {logging_mixin.py:188} INFO - [2025-10-08T09:02:44.519+0000] {dag.py:3954} INFO - Setting next_dagrun for example_branch_datetime_operator_3 to 2025-10-07 00:00:00+00:00, run_after=2025-10-08 00:00:00+00:00
[2025-10-08T09:02:44.544+0000] {processor.py:183} INFO - Processing /home/airflow/.local/lib/python3.12/site-packages/airflow/example_dags/example_branch_datetime_operator.py took 0.132 seconds
[2025-10-08T09:03:14.973+0000] {processor.py:161} INFO - Started process (PID=1331) to work on /home/airflow/.local/lib/python3.12/site-packages/airflow/example_dags/example_branch_datetime_operator.py
[2025-10-08T09:03:14.976+0000] {processor.py:830} INFO - Processing file /home/airflow/.local/lib/python3.12/site-packages/airflow/example_dags/example_branch_datetime_operator.py for tasks to queue
[2025-10-08T09:03:14.984+0000] {logging_mixin.py:188} INFO - [2025-10-08T09:03:14.983+0000] {dagbag.py:545} INFO - Filling up the DagBag from /home/airflow/.local/lib/python3.12/site-packages/airflow/example_dags/example_branch_datetime_operator.py
[2025-10-08T09:03:15.022+0000] {processor.py:840} INFO - DAG(s) 'example_branch_datetime_operator_3', 'example_branch_datetime_operator', 'example_branch_datetime_operator_2' retrieved from /home/airflow/.local/lib/python3.12/site-packages/airflow/example_dags/example_branch_datetime_operator.py
[2025-10-08T09:03:15.093+0000] {logging_mixin.py:188} INFO - [2025-10-08T09:03:15.092+0000] {dag.py:3096} INFO - Sync 3 DAGs
[2025-10-08T09:03:15.119+0000] {logging_mixin.py:188} INFO - [2025-10-08T09:03:15.119+0000] {dag.py:3954} INFO - Setting next_dagrun for example_branch_datetime_operator to 2025-10-07 00:00:00+00:00, run_after=2025-10-08 00:00:00+00:00
[2025-10-08T09:03:15.125+0000] {logging_mixin.py:188} INFO - [2025-10-08T09:03:15.125+0000] {dag.py:3954} INFO - Setting next_dagrun for example_branch_datetime_operator_2 to 2025-10-07 00:00:00+00:00, run_after=2025-10-08 00:00:00+00:00
[2025-10-08T09:03:15.129+0000] {logging_mixin.py:188} INFO - [2025-10-08T09:03:15.129+0000] {dag.py:3954} INFO - Setting next_dagrun for example_branch_datetime_operator_3 to 2025-10-07 00:00:00+00:00, run_after=2025-10-08 00:00:00+00:00
[2025-10-08T09:03:15.149+0000] {processor.py:183} INFO - Processing /home/airflow/.local/lib/python3.12/site-packages/airflow/example_dags/example_branch_datetime_operator.py took 0.188 seconds
[2025-10-08T09:03:45.538+0000] {processor.py:161} INFO - Started process (PID=1390) to work on /home/airflow/.local/lib/python3.12/site-packages/airflow/example_dags/example_branch_datetime_operator.py
[2025-10-08T09:03:45.542+0000] {processor.py:830} INFO - Processing file /home/airflow/.local/lib/python3.12/site-packages/airflow/example_dags/example_branch_datetime_operator.py for tasks to queue
[2025-10-08T09:03:45.548+0000] {logging_mixin.py:188} INFO - [2025-10-08T09:03:45.547+0000] {dagbag.py:545} INFO - Filling up the DagBag from /home/airflow/.local/lib/python3.12/site-packages/airflow/example_dags/example_branch_datetime_operator.py
[2025-10-08T09:03:45.572+0000] {processor.py:840} INFO - DAG(s) 'example_branch_datetime_operator_3', 'example_branch_datetime_operator_2', 'example_branch_datetime_operator' retrieved from /home/airflow/.local/lib/python3.12/site-packages/airflow/example_dags/example_branch_datetime_operator.py
[2025-10-08T09:03:45.646+0000] {logging_mixin.py:188} INFO - [2025-10-08T09:03:45.645+0000] {dag.py:3096} INFO - Sync 3 DAGs
[2025-10-08T09:03:45.946+0000] {logging_mixin.py:188} INFO - [2025-10-08T09:03:45.946+0000] {dag.py:3954} INFO - Setting next_dagrun for example_branch_datetime_operator to 2025-10-07 00:00:00+00:00, run_after=2025-10-08 00:00:00+00:00
[2025-10-08T09:03:45.956+0000] {logging_mixin.py:188} INFO - [2025-10-08T09:03:45.955+0000] {dag.py:3954} INFO - Setting next_dagrun for example_branch_datetime_operator_2 to 2025-10-07 00:00:00+00:00, run_after=2025-10-08 00:00:00+00:00
[2025-10-08T09:03:45.963+0000] {logging_mixin.py:188} INFO - [2025-10-08T09:03:45.962+0000] {dag.py:3954} INFO - Setting next_dagrun for example_branch_datetime_operator_3 to 2025-10-07 00:00:00+00:00, run_after=2025-10-08 00:00:00+00:00
[2025-10-08T09:03:45.998+0000] {processor.py:183} INFO - Processing /home/airflow/.local/lib/python3.12/site-packages/airflow/example_dags/example_branch_datetime_operator.py took 0.473 seconds
