[2025-10-08T08:03:04.506+0000] {processor.py:161} INFO - Started process (PID=110) to work on /home/airflow/.local/lib/python3.12/site-packages/airflow/example_dags/tutorial_taskflow_api.py
[2025-10-08T08:03:04.510+0000] {processor.py:830} INFO - Processing file /home/airflow/.local/lib/python3.12/site-packages/airflow/example_dags/tutorial_taskflow_api.py for tasks to queue
[2025-10-08T08:03:04.515+0000] {logging_mixin.py:188} INFO - [2025-10-08T08:03:04.514+0000] {dagbag.py:545} INFO - Filling up the DagBag from /home/airflow/.local/lib/python3.12/site-packages/airflow/example_dags/tutorial_taskflow_api.py
[2025-10-08T08:03:04.534+0000] {processor.py:840} INFO - DAG(s) 'tutorial_taskflow_api' retrieved from /home/airflow/.local/lib/python3.12/site-packages/airflow/example_dags/tutorial_taskflow_api.py
[2025-10-08T08:03:04.796+0000] {logging_mixin.py:188} INFO - [2025-10-08T08:03:04.795+0000] {override.py:1829} INFO - Created Permission View: can edit on DAG:tutorial_taskflow_api
[2025-10-08T08:03:04.815+0000] {logging_mixin.py:188} INFO - [2025-10-08T08:03:04.814+0000] {override.py:1829} INFO - Created Permission View: can delete on DAG:tutorial_taskflow_api
[2025-10-08T08:03:04.827+0000] {logging_mixin.py:188} INFO - [2025-10-08T08:03:04.827+0000] {override.py:1829} INFO - Created Permission View: can read on DAG:tutorial_taskflow_api
[2025-10-08T08:03:04.829+0000] {logging_mixin.py:188} INFO - [2025-10-08T08:03:04.828+0000] {dag.py:3096} INFO - Sync 1 DAGs
[2025-10-08T08:03:04.849+0000] {logging_mixin.py:188} INFO - [2025-10-08T08:03:04.849+0000] {dag.py:3118} INFO - Creating ORM DAG for tutorial_taskflow_api
[2025-10-08T08:03:04.852+0000] {logging_mixin.py:188} INFO - [2025-10-08T08:03:04.851+0000] {dag.py:3954} INFO - Setting next_dagrun for tutorial_taskflow_api to None, run_after=None
[2025-10-08T08:03:04.881+0000] {processor.py:183} INFO - Processing /home/airflow/.local/lib/python3.12/site-packages/airflow/example_dags/tutorial_taskflow_api.py took 0.388 seconds
[2025-10-08T08:03:35.214+0000] {processor.py:161} INFO - Started process (PID=168) to work on /home/airflow/.local/lib/python3.12/site-packages/airflow/example_dags/tutorial_taskflow_api.py
[2025-10-08T08:03:35.217+0000] {processor.py:830} INFO - Processing file /home/airflow/.local/lib/python3.12/site-packages/airflow/example_dags/tutorial_taskflow_api.py for tasks to queue
[2025-10-08T08:03:35.226+0000] {logging_mixin.py:188} INFO - [2025-10-08T08:03:35.225+0000] {dagbag.py:545} INFO - Filling up the DagBag from /home/airflow/.local/lib/python3.12/site-packages/airflow/example_dags/tutorial_taskflow_api.py
[2025-10-08T08:03:35.247+0000] {processor.py:840} INFO - DAG(s) 'tutorial_taskflow_api' retrieved from /home/airflow/.local/lib/python3.12/site-packages/airflow/example_dags/tutorial_taskflow_api.py
[2025-10-08T08:03:35.297+0000] {logging_mixin.py:188} INFO - [2025-10-08T08:03:35.297+0000] {dag.py:3096} INFO - Sync 1 DAGs
[2025-10-08T08:03:35.327+0000] {logging_mixin.py:188} INFO - [2025-10-08T08:03:35.327+0000] {dag.py:3954} INFO - Setting next_dagrun for tutorial_taskflow_api to None, run_after=None
[2025-10-08T08:03:35.371+0000] {processor.py:183} INFO - Processing /home/airflow/.local/lib/python3.12/site-packages/airflow/example_dags/tutorial_taskflow_api.py took 0.178 seconds
[2025-10-08T08:04:06.066+0000] {processor.py:161} INFO - Started process (PID=226) to work on /home/airflow/.local/lib/python3.12/site-packages/airflow/example_dags/tutorial_taskflow_api.py
[2025-10-08T08:04:06.069+0000] {processor.py:830} INFO - Processing file /home/airflow/.local/lib/python3.12/site-packages/airflow/example_dags/tutorial_taskflow_api.py for tasks to queue
[2025-10-08T08:04:06.074+0000] {logging_mixin.py:188} INFO - [2025-10-08T08:04:06.072+0000] {dagbag.py:545} INFO - Filling up the DagBag from /home/airflow/.local/lib/python3.12/site-packages/airflow/example_dags/tutorial_taskflow_api.py
[2025-10-08T08:04:06.093+0000] {processor.py:840} INFO - DAG(s) 'tutorial_taskflow_api' retrieved from /home/airflow/.local/lib/python3.12/site-packages/airflow/example_dags/tutorial_taskflow_api.py
[2025-10-08T08:04:06.132+0000] {logging_mixin.py:188} INFO - [2025-10-08T08:04:06.132+0000] {dag.py:3096} INFO - Sync 1 DAGs
[2025-10-08T08:04:06.157+0000] {logging_mixin.py:188} INFO - [2025-10-08T08:04:06.156+0000] {dag.py:3954} INFO - Setting next_dagrun for tutorial_taskflow_api to None, run_after=None
[2025-10-08T08:04:06.196+0000] {processor.py:183} INFO - Processing /home/airflow/.local/lib/python3.12/site-packages/airflow/example_dags/tutorial_taskflow_api.py took 0.143 seconds
[2025-10-08T08:04:36.515+0000] {processor.py:161} INFO - Started process (PID=284) to work on /home/airflow/.local/lib/python3.12/site-packages/airflow/example_dags/tutorial_taskflow_api.py
[2025-10-08T08:04:36.516+0000] {processor.py:830} INFO - Processing file /home/airflow/.local/lib/python3.12/site-packages/airflow/example_dags/tutorial_taskflow_api.py for tasks to queue
[2025-10-08T08:04:36.520+0000] {logging_mixin.py:188} INFO - [2025-10-08T08:04:36.519+0000] {dagbag.py:545} INFO - Filling up the DagBag from /home/airflow/.local/lib/python3.12/site-packages/airflow/example_dags/tutorial_taskflow_api.py
[2025-10-08T08:04:36.529+0000] {processor.py:840} INFO - DAG(s) 'tutorial_taskflow_api' retrieved from /home/airflow/.local/lib/python3.12/site-packages/airflow/example_dags/tutorial_taskflow_api.py
[2025-10-08T08:04:36.559+0000] {logging_mixin.py:188} INFO - [2025-10-08T08:04:36.558+0000] {dag.py:3096} INFO - Sync 1 DAGs
[2025-10-08T08:04:36.574+0000] {logging_mixin.py:188} INFO - [2025-10-08T08:04:36.574+0000] {dag.py:3954} INFO - Setting next_dagrun for tutorial_taskflow_api to None, run_after=None
[2025-10-08T08:04:36.623+0000] {processor.py:183} INFO - Processing /home/airflow/.local/lib/python3.12/site-packages/airflow/example_dags/tutorial_taskflow_api.py took 0.117 seconds
[2025-10-08T08:05:07.682+0000] {processor.py:161} INFO - Started process (PID=342) to work on /home/airflow/.local/lib/python3.12/site-packages/airflow/example_dags/tutorial_taskflow_api.py
[2025-10-08T08:05:07.685+0000] {processor.py:830} INFO - Processing file /home/airflow/.local/lib/python3.12/site-packages/airflow/example_dags/tutorial_taskflow_api.py for tasks to queue
[2025-10-08T08:05:07.688+0000] {logging_mixin.py:188} INFO - [2025-10-08T08:05:07.687+0000] {dagbag.py:545} INFO - Filling up the DagBag from /home/airflow/.local/lib/python3.12/site-packages/airflow/example_dags/tutorial_taskflow_api.py
[2025-10-08T08:05:07.697+0000] {processor.py:840} INFO - DAG(s) 'tutorial_taskflow_api' retrieved from /home/airflow/.local/lib/python3.12/site-packages/airflow/example_dags/tutorial_taskflow_api.py
[2025-10-08T08:05:07.729+0000] {logging_mixin.py:188} INFO - [2025-10-08T08:05:07.728+0000] {dag.py:3096} INFO - Sync 1 DAGs
[2025-10-08T08:05:07.749+0000] {logging_mixin.py:188} INFO - [2025-10-08T08:05:07.749+0000] {dag.py:3954} INFO - Setting next_dagrun for tutorial_taskflow_api to None, run_after=None
[2025-10-08T08:05:07.800+0000] {processor.py:183} INFO - Processing /home/airflow/.local/lib/python3.12/site-packages/airflow/example_dags/tutorial_taskflow_api.py took 0.125 seconds
[2025-10-08T08:05:38.597+0000] {processor.py:161} INFO - Started process (PID=400) to work on /home/airflow/.local/lib/python3.12/site-packages/airflow/example_dags/tutorial_taskflow_api.py
[2025-10-08T08:05:38.599+0000] {processor.py:830} INFO - Processing file /home/airflow/.local/lib/python3.12/site-packages/airflow/example_dags/tutorial_taskflow_api.py for tasks to queue
[2025-10-08T08:05:38.602+0000] {logging_mixin.py:188} INFO - [2025-10-08T08:05:38.601+0000] {dagbag.py:545} INFO - Filling up the DagBag from /home/airflow/.local/lib/python3.12/site-packages/airflow/example_dags/tutorial_taskflow_api.py
[2025-10-08T08:05:38.612+0000] {processor.py:840} INFO - DAG(s) 'tutorial_taskflow_api' retrieved from /home/airflow/.local/lib/python3.12/site-packages/airflow/example_dags/tutorial_taskflow_api.py
[2025-10-08T08:05:38.659+0000] {logging_mixin.py:188} INFO - [2025-10-08T08:05:38.658+0000] {dag.py:3096} INFO - Sync 1 DAGs
[2025-10-08T08:05:38.689+0000] {logging_mixin.py:188} INFO - [2025-10-08T08:05:38.688+0000] {dag.py:3954} INFO - Setting next_dagrun for tutorial_taskflow_api to None, run_after=None
[2025-10-08T08:05:38.735+0000] {processor.py:183} INFO - Processing /home/airflow/.local/lib/python3.12/site-packages/airflow/example_dags/tutorial_taskflow_api.py took 0.147 seconds
[2025-10-08T08:06:09.411+0000] {processor.py:161} INFO - Started process (PID=458) to work on /home/airflow/.local/lib/python3.12/site-packages/airflow/example_dags/tutorial_taskflow_api.py
[2025-10-08T08:06:09.413+0000] {processor.py:830} INFO - Processing file /home/airflow/.local/lib/python3.12/site-packages/airflow/example_dags/tutorial_taskflow_api.py for tasks to queue
[2025-10-08T08:06:09.416+0000] {logging_mixin.py:188} INFO - [2025-10-08T08:06:09.416+0000] {dagbag.py:545} INFO - Filling up the DagBag from /home/airflow/.local/lib/python3.12/site-packages/airflow/example_dags/tutorial_taskflow_api.py
[2025-10-08T08:06:09.428+0000] {processor.py:840} INFO - DAG(s) 'tutorial_taskflow_api' retrieved from /home/airflow/.local/lib/python3.12/site-packages/airflow/example_dags/tutorial_taskflow_api.py
[2025-10-08T08:06:09.461+0000] {logging_mixin.py:188} INFO - [2025-10-08T08:06:09.460+0000] {dag.py:3096} INFO - Sync 1 DAGs
[2025-10-08T08:06:09.482+0000] {logging_mixin.py:188} INFO - [2025-10-08T08:06:09.482+0000] {dag.py:3954} INFO - Setting next_dagrun for tutorial_taskflow_api to None, run_after=None
[2025-10-08T08:06:09.512+0000] {processor.py:183} INFO - Processing /home/airflow/.local/lib/python3.12/site-packages/airflow/example_dags/tutorial_taskflow_api.py took 0.110 seconds
[2025-10-08T08:07:51.069+0000] {processor.py:161} INFO - Started process (PID=99) to work on /home/airflow/.local/lib/python3.12/site-packages/airflow/example_dags/tutorial_taskflow_api.py
[2025-10-08T08:07:51.073+0000] {processor.py:830} INFO - Processing file /home/airflow/.local/lib/python3.12/site-packages/airflow/example_dags/tutorial_taskflow_api.py for tasks to queue
[2025-10-08T08:07:51.076+0000] {logging_mixin.py:188} INFO - [2025-10-08T08:07:51.076+0000] {dagbag.py:545} INFO - Filling up the DagBag from /home/airflow/.local/lib/python3.12/site-packages/airflow/example_dags/tutorial_taskflow_api.py
[2025-10-08T08:07:51.087+0000] {processor.py:840} INFO - DAG(s) 'tutorial_taskflow_api' retrieved from /home/airflow/.local/lib/python3.12/site-packages/airflow/example_dags/tutorial_taskflow_api.py
[2025-10-08T08:07:51.253+0000] {logging_mixin.py:188} INFO - [2025-10-08T08:07:51.253+0000] {dag.py:3096} INFO - Sync 1 DAGs
[2025-10-08T08:07:51.267+0000] {logging_mixin.py:188} INFO - [2025-10-08T08:07:51.267+0000] {dag.py:3954} INFO - Setting next_dagrun for tutorial_taskflow_api to None, run_after=None
[2025-10-08T08:07:51.297+0000] {processor.py:183} INFO - Processing /home/airflow/.local/lib/python3.12/site-packages/airflow/example_dags/tutorial_taskflow_api.py took 0.236 seconds
[2025-10-08T08:08:22.225+0000] {processor.py:161} INFO - Started process (PID=157) to work on /home/airflow/.local/lib/python3.12/site-packages/airflow/example_dags/tutorial_taskflow_api.py
[2025-10-08T08:08:22.227+0000] {processor.py:830} INFO - Processing file /home/airflow/.local/lib/python3.12/site-packages/airflow/example_dags/tutorial_taskflow_api.py for tasks to queue
[2025-10-08T08:08:22.230+0000] {logging_mixin.py:188} INFO - [2025-10-08T08:08:22.230+0000] {dagbag.py:545} INFO - Filling up the DagBag from /home/airflow/.local/lib/python3.12/site-packages/airflow/example_dags/tutorial_taskflow_api.py
[2025-10-08T08:08:22.239+0000] {processor.py:840} INFO - DAG(s) 'tutorial_taskflow_api' retrieved from /home/airflow/.local/lib/python3.12/site-packages/airflow/example_dags/tutorial_taskflow_api.py
[2025-10-08T08:08:22.274+0000] {logging_mixin.py:188} INFO - [2025-10-08T08:08:22.274+0000] {dag.py:3096} INFO - Sync 1 DAGs
[2025-10-08T08:08:22.298+0000] {logging_mixin.py:188} INFO - [2025-10-08T08:08:22.297+0000] {dag.py:3954} INFO - Setting next_dagrun for tutorial_taskflow_api to None, run_after=None
[2025-10-08T08:08:22.345+0000] {processor.py:183} INFO - Processing /home/airflow/.local/lib/python3.12/site-packages/airflow/example_dags/tutorial_taskflow_api.py took 0.131 seconds
[2025-10-08T08:08:53.280+0000] {processor.py:161} INFO - Started process (PID=215) to work on /home/airflow/.local/lib/python3.12/site-packages/airflow/example_dags/tutorial_taskflow_api.py
[2025-10-08T08:08:53.282+0000] {processor.py:830} INFO - Processing file /home/airflow/.local/lib/python3.12/site-packages/airflow/example_dags/tutorial_taskflow_api.py for tasks to queue
[2025-10-08T08:08:53.287+0000] {logging_mixin.py:188} INFO - [2025-10-08T08:08:53.286+0000] {dagbag.py:545} INFO - Filling up the DagBag from /home/airflow/.local/lib/python3.12/site-packages/airflow/example_dags/tutorial_taskflow_api.py
[2025-10-08T08:08:53.300+0000] {processor.py:840} INFO - DAG(s) 'tutorial_taskflow_api' retrieved from /home/airflow/.local/lib/python3.12/site-packages/airflow/example_dags/tutorial_taskflow_api.py
[2025-10-08T08:08:53.332+0000] {logging_mixin.py:188} INFO - [2025-10-08T08:08:53.331+0000] {dag.py:3096} INFO - Sync 1 DAGs
[2025-10-08T08:08:53.354+0000] {logging_mixin.py:188} INFO - [2025-10-08T08:08:53.354+0000] {dag.py:3954} INFO - Setting next_dagrun for tutorial_taskflow_api to None, run_after=None
[2025-10-08T08:08:53.389+0000] {processor.py:183} INFO - Processing /home/airflow/.local/lib/python3.12/site-packages/airflow/example_dags/tutorial_taskflow_api.py took 0.124 seconds
[2025-10-08T08:09:23.977+0000] {processor.py:161} INFO - Started process (PID=273) to work on /home/airflow/.local/lib/python3.12/site-packages/airflow/example_dags/tutorial_taskflow_api.py
[2025-10-08T08:09:23.979+0000] {processor.py:830} INFO - Processing file /home/airflow/.local/lib/python3.12/site-packages/airflow/example_dags/tutorial_taskflow_api.py for tasks to queue
[2025-10-08T08:09:23.982+0000] {logging_mixin.py:188} INFO - [2025-10-08T08:09:23.981+0000] {dagbag.py:545} INFO - Filling up the DagBag from /home/airflow/.local/lib/python3.12/site-packages/airflow/example_dags/tutorial_taskflow_api.py
[2025-10-08T08:09:23.992+0000] {processor.py:840} INFO - DAG(s) 'tutorial_taskflow_api' retrieved from /home/airflow/.local/lib/python3.12/site-packages/airflow/example_dags/tutorial_taskflow_api.py
[2025-10-08T08:09:24.019+0000] {logging_mixin.py:188} INFO - [2025-10-08T08:09:24.019+0000] {dag.py:3096} INFO - Sync 1 DAGs
[2025-10-08T08:09:24.037+0000] {logging_mixin.py:188} INFO - [2025-10-08T08:09:24.037+0000] {dag.py:3954} INFO - Setting next_dagrun for tutorial_taskflow_api to None, run_after=None
[2025-10-08T08:09:24.064+0000] {processor.py:183} INFO - Processing /home/airflow/.local/lib/python3.12/site-packages/airflow/example_dags/tutorial_taskflow_api.py took 0.096 seconds
[2025-10-08T08:09:54.492+0000] {processor.py:161} INFO - Started process (PID=331) to work on /home/airflow/.local/lib/python3.12/site-packages/airflow/example_dags/tutorial_taskflow_api.py
[2025-10-08T08:09:54.493+0000] {processor.py:830} INFO - Processing file /home/airflow/.local/lib/python3.12/site-packages/airflow/example_dags/tutorial_taskflow_api.py for tasks to queue
[2025-10-08T08:09:54.496+0000] {logging_mixin.py:188} INFO - [2025-10-08T08:09:54.496+0000] {dagbag.py:545} INFO - Filling up the DagBag from /home/airflow/.local/lib/python3.12/site-packages/airflow/example_dags/tutorial_taskflow_api.py
[2025-10-08T08:09:54.507+0000] {processor.py:840} INFO - DAG(s) 'tutorial_taskflow_api' retrieved from /home/airflow/.local/lib/python3.12/site-packages/airflow/example_dags/tutorial_taskflow_api.py
[2025-10-08T08:09:54.538+0000] {logging_mixin.py:188} INFO - [2025-10-08T08:09:54.538+0000] {dag.py:3096} INFO - Sync 1 DAGs
[2025-10-08T08:09:54.558+0000] {logging_mixin.py:188} INFO - [2025-10-08T08:09:54.558+0000] {dag.py:3954} INFO - Setting next_dagrun for tutorial_taskflow_api to None, run_after=None
[2025-10-08T08:09:54.587+0000] {processor.py:183} INFO - Processing /home/airflow/.local/lib/python3.12/site-packages/airflow/example_dags/tutorial_taskflow_api.py took 0.104 seconds
[2025-10-08T08:10:25.575+0000] {processor.py:161} INFO - Started process (PID=389) to work on /home/airflow/.local/lib/python3.12/site-packages/airflow/example_dags/tutorial_taskflow_api.py
[2025-10-08T08:10:25.582+0000] {processor.py:830} INFO - Processing file /home/airflow/.local/lib/python3.12/site-packages/airflow/example_dags/tutorial_taskflow_api.py for tasks to queue
[2025-10-08T08:10:25.591+0000] {logging_mixin.py:188} INFO - [2025-10-08T08:10:25.590+0000] {dagbag.py:545} INFO - Filling up the DagBag from /home/airflow/.local/lib/python3.12/site-packages/airflow/example_dags/tutorial_taskflow_api.py
[2025-10-08T08:10:25.634+0000] {processor.py:840} INFO - DAG(s) 'tutorial_taskflow_api' retrieved from /home/airflow/.local/lib/python3.12/site-packages/airflow/example_dags/tutorial_taskflow_api.py
[2025-10-08T08:10:25.742+0000] {logging_mixin.py:188} INFO - [2025-10-08T08:10:25.741+0000] {dag.py:3096} INFO - Sync 1 DAGs
[2025-10-08T08:10:25.801+0000] {logging_mixin.py:188} INFO - [2025-10-08T08:10:25.801+0000] {dag.py:3954} INFO - Setting next_dagrun for tutorial_taskflow_api to None, run_after=None
[2025-10-08T08:10:25.865+0000] {processor.py:183} INFO - Processing /home/airflow/.local/lib/python3.12/site-packages/airflow/example_dags/tutorial_taskflow_api.py took 0.313 seconds
[2025-10-08T08:10:56.334+0000] {processor.py:161} INFO - Started process (PID=447) to work on /home/airflow/.local/lib/python3.12/site-packages/airflow/example_dags/tutorial_taskflow_api.py
[2025-10-08T08:10:56.336+0000] {processor.py:830} INFO - Processing file /home/airflow/.local/lib/python3.12/site-packages/airflow/example_dags/tutorial_taskflow_api.py for tasks to queue
[2025-10-08T08:10:56.340+0000] {logging_mixin.py:188} INFO - [2025-10-08T08:10:56.339+0000] {dagbag.py:545} INFO - Filling up the DagBag from /home/airflow/.local/lib/python3.12/site-packages/airflow/example_dags/tutorial_taskflow_api.py
[2025-10-08T08:10:56.351+0000] {processor.py:840} INFO - DAG(s) 'tutorial_taskflow_api' retrieved from /home/airflow/.local/lib/python3.12/site-packages/airflow/example_dags/tutorial_taskflow_api.py
[2025-10-08T08:10:56.382+0000] {logging_mixin.py:188} INFO - [2025-10-08T08:10:56.381+0000] {dag.py:3096} INFO - Sync 1 DAGs
[2025-10-08T08:10:56.398+0000] {logging_mixin.py:188} INFO - [2025-10-08T08:10:56.398+0000] {dag.py:3954} INFO - Setting next_dagrun for tutorial_taskflow_api to None, run_after=None
[2025-10-08T08:10:56.427+0000] {processor.py:183} INFO - Processing /home/airflow/.local/lib/python3.12/site-packages/airflow/example_dags/tutorial_taskflow_api.py took 0.101 seconds
[2025-10-08T08:11:27.057+0000] {processor.py:161} INFO - Started process (PID=505) to work on /home/airflow/.local/lib/python3.12/site-packages/airflow/example_dags/tutorial_taskflow_api.py
[2025-10-08T08:11:27.060+0000] {processor.py:830} INFO - Processing file /home/airflow/.local/lib/python3.12/site-packages/airflow/example_dags/tutorial_taskflow_api.py for tasks to queue
[2025-10-08T08:11:27.065+0000] {logging_mixin.py:188} INFO - [2025-10-08T08:11:27.065+0000] {dagbag.py:545} INFO - Filling up the DagBag from /home/airflow/.local/lib/python3.12/site-packages/airflow/example_dags/tutorial_taskflow_api.py
[2025-10-08T08:11:27.076+0000] {processor.py:840} INFO - DAG(s) 'tutorial_taskflow_api' retrieved from /home/airflow/.local/lib/python3.12/site-packages/airflow/example_dags/tutorial_taskflow_api.py
[2025-10-08T08:11:27.104+0000] {logging_mixin.py:188} INFO - [2025-10-08T08:11:27.104+0000] {dag.py:3096} INFO - Sync 1 DAGs
[2025-10-08T08:11:27.120+0000] {logging_mixin.py:188} INFO - [2025-10-08T08:11:27.120+0000] {dag.py:3954} INFO - Setting next_dagrun for tutorial_taskflow_api to None, run_after=None
[2025-10-08T08:11:27.144+0000] {processor.py:183} INFO - Processing /home/airflow/.local/lib/python3.12/site-packages/airflow/example_dags/tutorial_taskflow_api.py took 0.102 seconds
[2025-10-08T08:11:58.027+0000] {processor.py:161} INFO - Started process (PID=563) to work on /home/airflow/.local/lib/python3.12/site-packages/airflow/example_dags/tutorial_taskflow_api.py
[2025-10-08T08:11:58.030+0000] {processor.py:830} INFO - Processing file /home/airflow/.local/lib/python3.12/site-packages/airflow/example_dags/tutorial_taskflow_api.py for tasks to queue
[2025-10-08T08:11:58.033+0000] {logging_mixin.py:188} INFO - [2025-10-08T08:11:58.033+0000] {dagbag.py:545} INFO - Filling up the DagBag from /home/airflow/.local/lib/python3.12/site-packages/airflow/example_dags/tutorial_taskflow_api.py
[2025-10-08T08:11:58.051+0000] {processor.py:840} INFO - DAG(s) 'tutorial_taskflow_api' retrieved from /home/airflow/.local/lib/python3.12/site-packages/airflow/example_dags/tutorial_taskflow_api.py
[2025-10-08T08:11:58.097+0000] {logging_mixin.py:188} INFO - [2025-10-08T08:11:58.097+0000] {dag.py:3096} INFO - Sync 1 DAGs
[2025-10-08T08:11:58.117+0000] {logging_mixin.py:188} INFO - [2025-10-08T08:11:58.117+0000] {dag.py:3954} INFO - Setting next_dagrun for tutorial_taskflow_api to None, run_after=None
[2025-10-08T08:11:58.149+0000] {processor.py:183} INFO - Processing /home/airflow/.local/lib/python3.12/site-packages/airflow/example_dags/tutorial_taskflow_api.py took 0.139 seconds
[2025-10-08T08:12:28.666+0000] {processor.py:161} INFO - Started process (PID=621) to work on /home/airflow/.local/lib/python3.12/site-packages/airflow/example_dags/tutorial_taskflow_api.py
[2025-10-08T08:12:28.669+0000] {processor.py:830} INFO - Processing file /home/airflow/.local/lib/python3.12/site-packages/airflow/example_dags/tutorial_taskflow_api.py for tasks to queue
[2025-10-08T08:12:28.673+0000] {logging_mixin.py:188} INFO - [2025-10-08T08:12:28.672+0000] {dagbag.py:545} INFO - Filling up the DagBag from /home/airflow/.local/lib/python3.12/site-packages/airflow/example_dags/tutorial_taskflow_api.py
[2025-10-08T08:12:28.684+0000] {processor.py:840} INFO - DAG(s) 'tutorial_taskflow_api' retrieved from /home/airflow/.local/lib/python3.12/site-packages/airflow/example_dags/tutorial_taskflow_api.py
[2025-10-08T08:12:28.712+0000] {logging_mixin.py:188} INFO - [2025-10-08T08:12:28.711+0000] {dag.py:3096} INFO - Sync 1 DAGs
[2025-10-08T08:12:28.730+0000] {logging_mixin.py:188} INFO - [2025-10-08T08:12:28.729+0000] {dag.py:3954} INFO - Setting next_dagrun for tutorial_taskflow_api to None, run_after=None
[2025-10-08T08:12:28.769+0000] {processor.py:183} INFO - Processing /home/airflow/.local/lib/python3.12/site-packages/airflow/example_dags/tutorial_taskflow_api.py took 0.118 seconds
[2025-10-08T08:12:59.046+0000] {processor.py:161} INFO - Started process (PID=678) to work on /home/airflow/.local/lib/python3.12/site-packages/airflow/example_dags/tutorial_taskflow_api.py
[2025-10-08T08:12:59.048+0000] {processor.py:830} INFO - Processing file /home/airflow/.local/lib/python3.12/site-packages/airflow/example_dags/tutorial_taskflow_api.py for tasks to queue
[2025-10-08T08:12:59.052+0000] {logging_mixin.py:188} INFO - [2025-10-08T08:12:59.051+0000] {dagbag.py:545} INFO - Filling up the DagBag from /home/airflow/.local/lib/python3.12/site-packages/airflow/example_dags/tutorial_taskflow_api.py
[2025-10-08T08:12:59.061+0000] {processor.py:840} INFO - DAG(s) 'tutorial_taskflow_api' retrieved from /home/airflow/.local/lib/python3.12/site-packages/airflow/example_dags/tutorial_taskflow_api.py
[2025-10-08T08:12:59.092+0000] {logging_mixin.py:188} INFO - [2025-10-08T08:12:59.092+0000] {dag.py:3096} INFO - Sync 1 DAGs
[2025-10-08T08:12:59.109+0000] {logging_mixin.py:188} INFO - [2025-10-08T08:12:59.109+0000] {dag.py:3954} INFO - Setting next_dagrun for tutorial_taskflow_api to None, run_after=None
[2025-10-08T08:12:59.134+0000] {processor.py:183} INFO - Processing /home/airflow/.local/lib/python3.12/site-packages/airflow/example_dags/tutorial_taskflow_api.py took 0.096 seconds
[2025-10-08T08:13:30.398+0000] {processor.py:161} INFO - Started process (PID=737) to work on /home/airflow/.local/lib/python3.12/site-packages/airflow/example_dags/tutorial_taskflow_api.py
[2025-10-08T08:13:30.400+0000] {processor.py:830} INFO - Processing file /home/airflow/.local/lib/python3.12/site-packages/airflow/example_dags/tutorial_taskflow_api.py for tasks to queue
[2025-10-08T08:13:30.404+0000] {logging_mixin.py:188} INFO - [2025-10-08T08:13:30.404+0000] {dagbag.py:545} INFO - Filling up the DagBag from /home/airflow/.local/lib/python3.12/site-packages/airflow/example_dags/tutorial_taskflow_api.py
[2025-10-08T08:13:30.416+0000] {processor.py:840} INFO - DAG(s) 'tutorial_taskflow_api' retrieved from /home/airflow/.local/lib/python3.12/site-packages/airflow/example_dags/tutorial_taskflow_api.py
[2025-10-08T08:13:30.447+0000] {logging_mixin.py:188} INFO - [2025-10-08T08:13:30.447+0000] {dag.py:3096} INFO - Sync 1 DAGs
[2025-10-08T08:13:30.468+0000] {logging_mixin.py:188} INFO - [2025-10-08T08:13:30.468+0000] {dag.py:3954} INFO - Setting next_dagrun for tutorial_taskflow_api to None, run_after=None
[2025-10-08T08:13:30.515+0000] {processor.py:183} INFO - Processing /home/airflow/.local/lib/python3.12/site-packages/airflow/example_dags/tutorial_taskflow_api.py took 0.128 seconds
[2025-10-08T08:14:01.706+0000] {processor.py:161} INFO - Started process (PID=795) to work on /home/airflow/.local/lib/python3.12/site-packages/airflow/example_dags/tutorial_taskflow_api.py
[2025-10-08T08:14:01.708+0000] {processor.py:830} INFO - Processing file /home/airflow/.local/lib/python3.12/site-packages/airflow/example_dags/tutorial_taskflow_api.py for tasks to queue
[2025-10-08T08:14:01.713+0000] {logging_mixin.py:188} INFO - [2025-10-08T08:14:01.712+0000] {dagbag.py:545} INFO - Filling up the DagBag from /home/airflow/.local/lib/python3.12/site-packages/airflow/example_dags/tutorial_taskflow_api.py
[2025-10-08T08:14:01.727+0000] {processor.py:840} INFO - DAG(s) 'tutorial_taskflow_api' retrieved from /home/airflow/.local/lib/python3.12/site-packages/airflow/example_dags/tutorial_taskflow_api.py
[2025-10-08T08:14:01.771+0000] {logging_mixin.py:188} INFO - [2025-10-08T08:14:01.770+0000] {dag.py:3096} INFO - Sync 1 DAGs
[2025-10-08T08:14:01.802+0000] {logging_mixin.py:188} INFO - [2025-10-08T08:14:01.802+0000] {dag.py:3954} INFO - Setting next_dagrun for tutorial_taskflow_api to None, run_after=None
[2025-10-08T08:14:01.844+0000] {processor.py:183} INFO - Processing /home/airflow/.local/lib/python3.12/site-packages/airflow/example_dags/tutorial_taskflow_api.py took 0.150 seconds
[2025-10-08T08:14:32.111+0000] {processor.py:161} INFO - Started process (PID=853) to work on /home/airflow/.local/lib/python3.12/site-packages/airflow/example_dags/tutorial_taskflow_api.py
[2025-10-08T08:14:32.113+0000] {processor.py:830} INFO - Processing file /home/airflow/.local/lib/python3.12/site-packages/airflow/example_dags/tutorial_taskflow_api.py for tasks to queue
[2025-10-08T08:14:32.117+0000] {logging_mixin.py:188} INFO - [2025-10-08T08:14:32.117+0000] {dagbag.py:545} INFO - Filling up the DagBag from /home/airflow/.local/lib/python3.12/site-packages/airflow/example_dags/tutorial_taskflow_api.py
[2025-10-08T08:14:32.128+0000] {processor.py:840} INFO - DAG(s) 'tutorial_taskflow_api' retrieved from /home/airflow/.local/lib/python3.12/site-packages/airflow/example_dags/tutorial_taskflow_api.py
[2025-10-08T08:14:32.160+0000] {logging_mixin.py:188} INFO - [2025-10-08T08:14:32.160+0000] {dag.py:3096} INFO - Sync 1 DAGs
[2025-10-08T08:14:32.179+0000] {logging_mixin.py:188} INFO - [2025-10-08T08:14:32.179+0000] {dag.py:3954} INFO - Setting next_dagrun for tutorial_taskflow_api to None, run_after=None
[2025-10-08T08:14:32.220+0000] {processor.py:183} INFO - Processing /home/airflow/.local/lib/python3.12/site-packages/airflow/example_dags/tutorial_taskflow_api.py took 0.119 seconds
[2025-10-08T08:15:02.875+0000] {processor.py:161} INFO - Started process (PID=910) to work on /home/airflow/.local/lib/python3.12/site-packages/airflow/example_dags/tutorial_taskflow_api.py
[2025-10-08T08:15:02.877+0000] {processor.py:830} INFO - Processing file /home/airflow/.local/lib/python3.12/site-packages/airflow/example_dags/tutorial_taskflow_api.py for tasks to queue
[2025-10-08T08:15:02.880+0000] {logging_mixin.py:188} INFO - [2025-10-08T08:15:02.880+0000] {dagbag.py:545} INFO - Filling up the DagBag from /home/airflow/.local/lib/python3.12/site-packages/airflow/example_dags/tutorial_taskflow_api.py
[2025-10-08T08:15:02.890+0000] {processor.py:840} INFO - DAG(s) 'tutorial_taskflow_api' retrieved from /home/airflow/.local/lib/python3.12/site-packages/airflow/example_dags/tutorial_taskflow_api.py
[2025-10-08T08:15:02.923+0000] {logging_mixin.py:188} INFO - [2025-10-08T08:15:02.922+0000] {dag.py:3096} INFO - Sync 1 DAGs
[2025-10-08T08:15:02.946+0000] {logging_mixin.py:188} INFO - [2025-10-08T08:15:02.946+0000] {dag.py:3954} INFO - Setting next_dagrun for tutorial_taskflow_api to None, run_after=None
[2025-10-08T08:15:02.977+0000] {processor.py:183} INFO - Processing /home/airflow/.local/lib/python3.12/site-packages/airflow/example_dags/tutorial_taskflow_api.py took 0.111 seconds
[2025-10-08T08:15:33.741+0000] {processor.py:161} INFO - Started process (PID=968) to work on /home/airflow/.local/lib/python3.12/site-packages/airflow/example_dags/tutorial_taskflow_api.py
[2025-10-08T08:15:33.743+0000] {processor.py:830} INFO - Processing file /home/airflow/.local/lib/python3.12/site-packages/airflow/example_dags/tutorial_taskflow_api.py for tasks to queue
[2025-10-08T08:15:33.748+0000] {logging_mixin.py:188} INFO - [2025-10-08T08:15:33.747+0000] {dagbag.py:545} INFO - Filling up the DagBag from /home/airflow/.local/lib/python3.12/site-packages/airflow/example_dags/tutorial_taskflow_api.py
[2025-10-08T08:15:33.760+0000] {processor.py:840} INFO - DAG(s) 'tutorial_taskflow_api' retrieved from /home/airflow/.local/lib/python3.12/site-packages/airflow/example_dags/tutorial_taskflow_api.py
[2025-10-08T08:15:33.801+0000] {logging_mixin.py:188} INFO - [2025-10-08T08:15:33.801+0000] {dag.py:3096} INFO - Sync 1 DAGs
[2025-10-08T08:15:33.824+0000] {logging_mixin.py:188} INFO - [2025-10-08T08:15:33.823+0000] {dag.py:3954} INFO - Setting next_dagrun for tutorial_taskflow_api to None, run_after=None
[2025-10-08T08:15:33.875+0000] {processor.py:183} INFO - Processing /home/airflow/.local/lib/python3.12/site-packages/airflow/example_dags/tutorial_taskflow_api.py took 0.146 seconds
[2025-10-08T08:16:04.261+0000] {processor.py:161} INFO - Started process (PID=1026) to work on /home/airflow/.local/lib/python3.12/site-packages/airflow/example_dags/tutorial_taskflow_api.py
[2025-10-08T08:16:04.263+0000] {processor.py:830} INFO - Processing file /home/airflow/.local/lib/python3.12/site-packages/airflow/example_dags/tutorial_taskflow_api.py for tasks to queue
[2025-10-08T08:16:04.269+0000] {logging_mixin.py:188} INFO - [2025-10-08T08:16:04.268+0000] {dagbag.py:545} INFO - Filling up the DagBag from /home/airflow/.local/lib/python3.12/site-packages/airflow/example_dags/tutorial_taskflow_api.py
[2025-10-08T08:16:04.288+0000] {processor.py:840} INFO - DAG(s) 'tutorial_taskflow_api' retrieved from /home/airflow/.local/lib/python3.12/site-packages/airflow/example_dags/tutorial_taskflow_api.py
[2025-10-08T08:16:04.337+0000] {logging_mixin.py:188} INFO - [2025-10-08T08:16:04.337+0000] {dag.py:3096} INFO - Sync 1 DAGs
[2025-10-08T08:16:04.361+0000] {logging_mixin.py:188} INFO - [2025-10-08T08:16:04.361+0000] {dag.py:3954} INFO - Setting next_dagrun for tutorial_taskflow_api to None, run_after=None
[2025-10-08T08:16:04.400+0000] {processor.py:183} INFO - Processing /home/airflow/.local/lib/python3.12/site-packages/airflow/example_dags/tutorial_taskflow_api.py took 0.158 seconds
[2025-10-08T08:16:35.111+0000] {processor.py:161} INFO - Started process (PID=1084) to work on /home/airflow/.local/lib/python3.12/site-packages/airflow/example_dags/tutorial_taskflow_api.py
[2025-10-08T08:16:35.113+0000] {processor.py:830} INFO - Processing file /home/airflow/.local/lib/python3.12/site-packages/airflow/example_dags/tutorial_taskflow_api.py for tasks to queue
[2025-10-08T08:16:35.119+0000] {logging_mixin.py:188} INFO - [2025-10-08T08:16:35.119+0000] {dagbag.py:545} INFO - Filling up the DagBag from /home/airflow/.local/lib/python3.12/site-packages/airflow/example_dags/tutorial_taskflow_api.py
[2025-10-08T08:16:35.133+0000] {processor.py:840} INFO - DAG(s) 'tutorial_taskflow_api' retrieved from /home/airflow/.local/lib/python3.12/site-packages/airflow/example_dags/tutorial_taskflow_api.py
[2025-10-08T08:16:35.174+0000] {logging_mixin.py:188} INFO - [2025-10-08T08:16:35.173+0000] {dag.py:3096} INFO - Sync 1 DAGs
[2025-10-08T08:16:35.190+0000] {logging_mixin.py:188} INFO - [2025-10-08T08:16:35.190+0000] {dag.py:3954} INFO - Setting next_dagrun for tutorial_taskflow_api to None, run_after=None
[2025-10-08T08:16:35.217+0000] {processor.py:183} INFO - Processing /home/airflow/.local/lib/python3.12/site-packages/airflow/example_dags/tutorial_taskflow_api.py took 0.122 seconds
[2025-10-08T08:17:05.298+0000] {processor.py:161} INFO - Started process (PID=1141) to work on /home/airflow/.local/lib/python3.12/site-packages/airflow/example_dags/tutorial_taskflow_api.py
[2025-10-08T08:17:05.300+0000] {processor.py:830} INFO - Processing file /home/airflow/.local/lib/python3.12/site-packages/airflow/example_dags/tutorial_taskflow_api.py for tasks to queue
[2025-10-08T08:17:05.304+0000] {logging_mixin.py:188} INFO - [2025-10-08T08:17:05.303+0000] {dagbag.py:545} INFO - Filling up the DagBag from /home/airflow/.local/lib/python3.12/site-packages/airflow/example_dags/tutorial_taskflow_api.py
[2025-10-08T08:17:05.315+0000] {processor.py:840} INFO - DAG(s) 'tutorial_taskflow_api' retrieved from /home/airflow/.local/lib/python3.12/site-packages/airflow/example_dags/tutorial_taskflow_api.py
[2025-10-08T08:17:05.351+0000] {logging_mixin.py:188} INFO - [2025-10-08T08:17:05.350+0000] {dag.py:3096} INFO - Sync 1 DAGs
[2025-10-08T08:17:05.368+0000] {logging_mixin.py:188} INFO - [2025-10-08T08:17:05.367+0000] {dag.py:3954} INFO - Setting next_dagrun for tutorial_taskflow_api to None, run_after=None
[2025-10-08T08:17:05.406+0000] {processor.py:183} INFO - Processing /home/airflow/.local/lib/python3.12/site-packages/airflow/example_dags/tutorial_taskflow_api.py took 0.117 seconds
[2025-10-08T08:17:36.152+0000] {processor.py:161} INFO - Started process (PID=1199) to work on /home/airflow/.local/lib/python3.12/site-packages/airflow/example_dags/tutorial_taskflow_api.py
[2025-10-08T08:17:36.154+0000] {processor.py:830} INFO - Processing file /home/airflow/.local/lib/python3.12/site-packages/airflow/example_dags/tutorial_taskflow_api.py for tasks to queue
[2025-10-08T08:17:36.159+0000] {logging_mixin.py:188} INFO - [2025-10-08T08:17:36.158+0000] {dagbag.py:545} INFO - Filling up the DagBag from /home/airflow/.local/lib/python3.12/site-packages/airflow/example_dags/tutorial_taskflow_api.py
[2025-10-08T08:17:36.171+0000] {processor.py:840} INFO - DAG(s) 'tutorial_taskflow_api' retrieved from /home/airflow/.local/lib/python3.12/site-packages/airflow/example_dags/tutorial_taskflow_api.py
[2025-10-08T08:17:36.213+0000] {logging_mixin.py:188} INFO - [2025-10-08T08:17:36.213+0000] {dag.py:3096} INFO - Sync 1 DAGs
[2025-10-08T08:17:36.242+0000] {logging_mixin.py:188} INFO - [2025-10-08T08:17:36.241+0000] {dag.py:3954} INFO - Setting next_dagrun for tutorial_taskflow_api to None, run_after=None
[2025-10-08T08:17:36.276+0000] {processor.py:183} INFO - Processing /home/airflow/.local/lib/python3.12/site-packages/airflow/example_dags/tutorial_taskflow_api.py took 0.137 seconds
[2025-10-08T08:18:06.879+0000] {processor.py:161} INFO - Started process (PID=1258) to work on /home/airflow/.local/lib/python3.12/site-packages/airflow/example_dags/tutorial_taskflow_api.py
[2025-10-08T08:18:06.881+0000] {processor.py:830} INFO - Processing file /home/airflow/.local/lib/python3.12/site-packages/airflow/example_dags/tutorial_taskflow_api.py for tasks to queue
[2025-10-08T08:18:06.885+0000] {logging_mixin.py:188} INFO - [2025-10-08T08:18:06.884+0000] {dagbag.py:545} INFO - Filling up the DagBag from /home/airflow/.local/lib/python3.12/site-packages/airflow/example_dags/tutorial_taskflow_api.py
[2025-10-08T08:18:06.895+0000] {processor.py:840} INFO - DAG(s) 'tutorial_taskflow_api' retrieved from /home/airflow/.local/lib/python3.12/site-packages/airflow/example_dags/tutorial_taskflow_api.py
[2025-10-08T08:18:06.929+0000] {logging_mixin.py:188} INFO - [2025-10-08T08:18:06.928+0000] {dag.py:3096} INFO - Sync 1 DAGs
[2025-10-08T08:18:06.950+0000] {logging_mixin.py:188} INFO - [2025-10-08T08:18:06.949+0000] {dag.py:3954} INFO - Setting next_dagrun for tutorial_taskflow_api to None, run_after=None
[2025-10-08T08:18:06.984+0000] {processor.py:183} INFO - Processing /home/airflow/.local/lib/python3.12/site-packages/airflow/example_dags/tutorial_taskflow_api.py took 0.113 seconds
[2025-10-08T08:18:37.694+0000] {processor.py:161} INFO - Started process (PID=1318) to work on /home/airflow/.local/lib/python3.12/site-packages/airflow/example_dags/tutorial_taskflow_api.py
[2025-10-08T08:18:37.697+0000] {processor.py:830} INFO - Processing file /home/airflow/.local/lib/python3.12/site-packages/airflow/example_dags/tutorial_taskflow_api.py for tasks to queue
[2025-10-08T08:18:37.703+0000] {logging_mixin.py:188} INFO - [2025-10-08T08:18:37.703+0000] {dagbag.py:545} INFO - Filling up the DagBag from /home/airflow/.local/lib/python3.12/site-packages/airflow/example_dags/tutorial_taskflow_api.py
[2025-10-08T08:18:37.717+0000] {processor.py:840} INFO - DAG(s) 'tutorial_taskflow_api' retrieved from /home/airflow/.local/lib/python3.12/site-packages/airflow/example_dags/tutorial_taskflow_api.py
[2025-10-08T08:18:37.763+0000] {logging_mixin.py:188} INFO - [2025-10-08T08:18:37.762+0000] {dag.py:3096} INFO - Sync 1 DAGs
[2025-10-08T08:18:37.791+0000] {logging_mixin.py:188} INFO - [2025-10-08T08:18:37.790+0000] {dag.py:3954} INFO - Setting next_dagrun for tutorial_taskflow_api to None, run_after=None
[2025-10-08T08:18:37.832+0000] {processor.py:183} INFO - Processing /home/airflow/.local/lib/python3.12/site-packages/airflow/example_dags/tutorial_taskflow_api.py took 0.153 seconds
[2025-10-08T08:19:08.040+0000] {processor.py:161} INFO - Started process (PID=1376) to work on /home/airflow/.local/lib/python3.12/site-packages/airflow/example_dags/tutorial_taskflow_api.py
[2025-10-08T08:19:08.043+0000] {processor.py:830} INFO - Processing file /home/airflow/.local/lib/python3.12/site-packages/airflow/example_dags/tutorial_taskflow_api.py for tasks to queue
[2025-10-08T08:19:08.048+0000] {logging_mixin.py:188} INFO - [2025-10-08T08:19:08.047+0000] {dagbag.py:545} INFO - Filling up the DagBag from /home/airflow/.local/lib/python3.12/site-packages/airflow/example_dags/tutorial_taskflow_api.py
[2025-10-08T08:19:08.062+0000] {processor.py:840} INFO - DAG(s) 'tutorial_taskflow_api' retrieved from /home/airflow/.local/lib/python3.12/site-packages/airflow/example_dags/tutorial_taskflow_api.py
[2025-10-08T08:19:08.108+0000] {logging_mixin.py:188} INFO - [2025-10-08T08:19:08.107+0000] {dag.py:3096} INFO - Sync 1 DAGs
[2025-10-08T08:19:08.140+0000] {logging_mixin.py:188} INFO - [2025-10-08T08:19:08.140+0000] {dag.py:3954} INFO - Setting next_dagrun for tutorial_taskflow_api to None, run_after=None
[2025-10-08T08:19:08.209+0000] {processor.py:183} INFO - Processing /home/airflow/.local/lib/python3.12/site-packages/airflow/example_dags/tutorial_taskflow_api.py took 0.183 seconds
[2025-10-08T08:19:38.978+0000] {processor.py:161} INFO - Started process (PID=1435) to work on /home/airflow/.local/lib/python3.12/site-packages/airflow/example_dags/tutorial_taskflow_api.py
[2025-10-08T08:19:38.982+0000] {processor.py:830} INFO - Processing file /home/airflow/.local/lib/python3.12/site-packages/airflow/example_dags/tutorial_taskflow_api.py for tasks to queue
[2025-10-08T08:19:38.988+0000] {logging_mixin.py:188} INFO - [2025-10-08T08:19:38.987+0000] {dagbag.py:545} INFO - Filling up the DagBag from /home/airflow/.local/lib/python3.12/site-packages/airflow/example_dags/tutorial_taskflow_api.py
[2025-10-08T08:19:39.003+0000] {processor.py:840} INFO - DAG(s) 'tutorial_taskflow_api' retrieved from /home/airflow/.local/lib/python3.12/site-packages/airflow/example_dags/tutorial_taskflow_api.py
[2025-10-08T08:19:39.039+0000] {logging_mixin.py:188} INFO - [2025-10-08T08:19:39.039+0000] {dag.py:3096} INFO - Sync 1 DAGs
[2025-10-08T08:19:39.059+0000] {logging_mixin.py:188} INFO - [2025-10-08T08:19:39.059+0000] {dag.py:3954} INFO - Setting next_dagrun for tutorial_taskflow_api to None, run_after=None
[2025-10-08T08:19:39.087+0000] {processor.py:183} INFO - Processing /home/airflow/.local/lib/python3.12/site-packages/airflow/example_dags/tutorial_taskflow_api.py took 0.124 seconds
[2025-10-08T08:20:11.604+0000] {processor.py:161} INFO - Started process (PID=1495) to work on /home/airflow/.local/lib/python3.12/site-packages/airflow/example_dags/tutorial_taskflow_api.py
[2025-10-08T08:20:11.608+0000] {processor.py:830} INFO - Processing file /home/airflow/.local/lib/python3.12/site-packages/airflow/example_dags/tutorial_taskflow_api.py for tasks to queue
[2025-10-08T08:20:11.612+0000] {logging_mixin.py:188} INFO - [2025-10-08T08:20:11.612+0000] {dagbag.py:545} INFO - Filling up the DagBag from /home/airflow/.local/lib/python3.12/site-packages/airflow/example_dags/tutorial_taskflow_api.py
[2025-10-08T08:20:11.622+0000] {processor.py:840} INFO - DAG(s) 'tutorial_taskflow_api' retrieved from /home/airflow/.local/lib/python3.12/site-packages/airflow/example_dags/tutorial_taskflow_api.py
[2025-10-08T08:20:11.665+0000] {logging_mixin.py:188} INFO - [2025-10-08T08:20:11.664+0000] {dag.py:3096} INFO - Sync 1 DAGs
[2025-10-08T08:20:11.863+0000] {logging_mixin.py:188} INFO - [2025-10-08T08:20:11.863+0000] {dag.py:3954} INFO - Setting next_dagrun for tutorial_taskflow_api to None, run_after=None
[2025-10-08T08:20:11.931+0000] {processor.py:183} INFO - Processing /home/airflow/.local/lib/python3.12/site-packages/airflow/example_dags/tutorial_taskflow_api.py took 0.337 seconds
[2025-10-08T08:20:42.231+0000] {processor.py:161} INFO - Started process (PID=1554) to work on /home/airflow/.local/lib/python3.12/site-packages/airflow/example_dags/tutorial_taskflow_api.py
[2025-10-08T08:20:42.233+0000] {processor.py:830} INFO - Processing file /home/airflow/.local/lib/python3.12/site-packages/airflow/example_dags/tutorial_taskflow_api.py for tasks to queue
[2025-10-08T08:20:42.239+0000] {logging_mixin.py:188} INFO - [2025-10-08T08:20:42.238+0000] {dagbag.py:545} INFO - Filling up the DagBag from /home/airflow/.local/lib/python3.12/site-packages/airflow/example_dags/tutorial_taskflow_api.py
[2025-10-08T08:20:42.253+0000] {processor.py:840} INFO - DAG(s) 'tutorial_taskflow_api' retrieved from /home/airflow/.local/lib/python3.12/site-packages/airflow/example_dags/tutorial_taskflow_api.py
[2025-10-08T08:20:42.288+0000] {logging_mixin.py:188} INFO - [2025-10-08T08:20:42.288+0000] {dag.py:3096} INFO - Sync 1 DAGs
[2025-10-08T08:20:42.305+0000] {logging_mixin.py:188} INFO - [2025-10-08T08:20:42.305+0000] {dag.py:3954} INFO - Setting next_dagrun for tutorial_taskflow_api to None, run_after=None
[2025-10-08T08:20:42.360+0000] {processor.py:183} INFO - Processing /home/airflow/.local/lib/python3.12/site-packages/airflow/example_dags/tutorial_taskflow_api.py took 0.141 seconds
[2025-10-08T08:21:12.533+0000] {processor.py:161} INFO - Started process (PID=1613) to work on /home/airflow/.local/lib/python3.12/site-packages/airflow/example_dags/tutorial_taskflow_api.py
[2025-10-08T08:21:12.535+0000] {processor.py:830} INFO - Processing file /home/airflow/.local/lib/python3.12/site-packages/airflow/example_dags/tutorial_taskflow_api.py for tasks to queue
[2025-10-08T08:21:12.538+0000] {logging_mixin.py:188} INFO - [2025-10-08T08:21:12.537+0000] {dagbag.py:545} INFO - Filling up the DagBag from /home/airflow/.local/lib/python3.12/site-packages/airflow/example_dags/tutorial_taskflow_api.py
[2025-10-08T08:21:12.548+0000] {processor.py:840} INFO - DAG(s) 'tutorial_taskflow_api' retrieved from /home/airflow/.local/lib/python3.12/site-packages/airflow/example_dags/tutorial_taskflow_api.py
[2025-10-08T08:21:12.586+0000] {logging_mixin.py:188} INFO - [2025-10-08T08:21:12.586+0000] {dag.py:3096} INFO - Sync 1 DAGs
[2025-10-08T08:21:12.605+0000] {logging_mixin.py:188} INFO - [2025-10-08T08:21:12.605+0000] {dag.py:3954} INFO - Setting next_dagrun for tutorial_taskflow_api to None, run_after=None
[2025-10-08T08:21:12.650+0000] {processor.py:183} INFO - Processing /home/airflow/.local/lib/python3.12/site-packages/airflow/example_dags/tutorial_taskflow_api.py took 0.125 seconds
[2025-10-08T08:21:43.162+0000] {processor.py:161} INFO - Started process (PID=1672) to work on /home/airflow/.local/lib/python3.12/site-packages/airflow/example_dags/tutorial_taskflow_api.py
[2025-10-08T08:21:43.165+0000] {processor.py:830} INFO - Processing file /home/airflow/.local/lib/python3.12/site-packages/airflow/example_dags/tutorial_taskflow_api.py for tasks to queue
[2025-10-08T08:21:43.172+0000] {logging_mixin.py:188} INFO - [2025-10-08T08:21:43.171+0000] {dagbag.py:545} INFO - Filling up the DagBag from /home/airflow/.local/lib/python3.12/site-packages/airflow/example_dags/tutorial_taskflow_api.py
[2025-10-08T08:21:43.189+0000] {processor.py:840} INFO - DAG(s) 'tutorial_taskflow_api' retrieved from /home/airflow/.local/lib/python3.12/site-packages/airflow/example_dags/tutorial_taskflow_api.py
[2025-10-08T08:21:43.228+0000] {logging_mixin.py:188} INFO - [2025-10-08T08:21:43.227+0000] {dag.py:3096} INFO - Sync 1 DAGs
[2025-10-08T08:21:43.245+0000] {logging_mixin.py:188} INFO - [2025-10-08T08:21:43.245+0000] {dag.py:3954} INFO - Setting next_dagrun for tutorial_taskflow_api to None, run_after=None
[2025-10-08T08:21:43.271+0000] {processor.py:183} INFO - Processing /home/airflow/.local/lib/python3.12/site-packages/airflow/example_dags/tutorial_taskflow_api.py took 0.126 seconds
[2025-10-08T08:22:13.451+0000] {processor.py:161} INFO - Started process (PID=1731) to work on /home/airflow/.local/lib/python3.12/site-packages/airflow/example_dags/tutorial_taskflow_api.py
[2025-10-08T08:22:13.454+0000] {processor.py:830} INFO - Processing file /home/airflow/.local/lib/python3.12/site-packages/airflow/example_dags/tutorial_taskflow_api.py for tasks to queue
[2025-10-08T08:22:13.461+0000] {logging_mixin.py:188} INFO - [2025-10-08T08:22:13.459+0000] {dagbag.py:545} INFO - Filling up the DagBag from /home/airflow/.local/lib/python3.12/site-packages/airflow/example_dags/tutorial_taskflow_api.py
[2025-10-08T08:22:13.477+0000] {processor.py:840} INFO - DAG(s) 'tutorial_taskflow_api' retrieved from /home/airflow/.local/lib/python3.12/site-packages/airflow/example_dags/tutorial_taskflow_api.py
[2025-10-08T08:22:13.513+0000] {logging_mixin.py:188} INFO - [2025-10-08T08:22:13.513+0000] {dag.py:3096} INFO - Sync 1 DAGs
[2025-10-08T08:22:13.538+0000] {logging_mixin.py:188} INFO - [2025-10-08T08:22:13.538+0000] {dag.py:3954} INFO - Setting next_dagrun for tutorial_taskflow_api to None, run_after=None
[2025-10-08T08:22:13.611+0000] {processor.py:183} INFO - Processing /home/airflow/.local/lib/python3.12/site-packages/airflow/example_dags/tutorial_taskflow_api.py took 0.176 seconds
[2025-10-08T08:22:43.921+0000] {processor.py:161} INFO - Started process (PID=1790) to work on /home/airflow/.local/lib/python3.12/site-packages/airflow/example_dags/tutorial_taskflow_api.py
[2025-10-08T08:22:43.923+0000] {processor.py:830} INFO - Processing file /home/airflow/.local/lib/python3.12/site-packages/airflow/example_dags/tutorial_taskflow_api.py for tasks to queue
[2025-10-08T08:22:43.927+0000] {logging_mixin.py:188} INFO - [2025-10-08T08:22:43.926+0000] {dagbag.py:545} INFO - Filling up the DagBag from /home/airflow/.local/lib/python3.12/site-packages/airflow/example_dags/tutorial_taskflow_api.py
[2025-10-08T08:22:43.937+0000] {processor.py:840} INFO - DAG(s) 'tutorial_taskflow_api' retrieved from /home/airflow/.local/lib/python3.12/site-packages/airflow/example_dags/tutorial_taskflow_api.py
[2025-10-08T08:22:43.966+0000] {logging_mixin.py:188} INFO - [2025-10-08T08:22:43.966+0000] {dag.py:3096} INFO - Sync 1 DAGs
[2025-10-08T08:22:43.988+0000] {logging_mixin.py:188} INFO - [2025-10-08T08:22:43.987+0000] {dag.py:3954} INFO - Setting next_dagrun for tutorial_taskflow_api to None, run_after=None
[2025-10-08T08:22:44.038+0000] {processor.py:183} INFO - Processing /home/airflow/.local/lib/python3.12/site-packages/airflow/example_dags/tutorial_taskflow_api.py took 0.126 seconds
[2025-10-08T08:23:14.684+0000] {processor.py:161} INFO - Started process (PID=1849) to work on /home/airflow/.local/lib/python3.12/site-packages/airflow/example_dags/tutorial_taskflow_api.py
[2025-10-08T08:23:14.687+0000] {processor.py:830} INFO - Processing file /home/airflow/.local/lib/python3.12/site-packages/airflow/example_dags/tutorial_taskflow_api.py for tasks to queue
[2025-10-08T08:23:14.691+0000] {logging_mixin.py:188} INFO - [2025-10-08T08:23:14.691+0000] {dagbag.py:545} INFO - Filling up the DagBag from /home/airflow/.local/lib/python3.12/site-packages/airflow/example_dags/tutorial_taskflow_api.py
[2025-10-08T08:23:14.703+0000] {processor.py:840} INFO - DAG(s) 'tutorial_taskflow_api' retrieved from /home/airflow/.local/lib/python3.12/site-packages/airflow/example_dags/tutorial_taskflow_api.py
[2025-10-08T08:23:14.733+0000] {logging_mixin.py:188} INFO - [2025-10-08T08:23:14.733+0000] {dag.py:3096} INFO - Sync 1 DAGs
[2025-10-08T08:23:14.754+0000] {logging_mixin.py:188} INFO - [2025-10-08T08:23:14.753+0000] {dag.py:3954} INFO - Setting next_dagrun for tutorial_taskflow_api to None, run_after=None
[2025-10-08T08:23:14.803+0000] {processor.py:183} INFO - Processing /home/airflow/.local/lib/python3.12/site-packages/airflow/example_dags/tutorial_taskflow_api.py took 0.137 seconds
[2025-10-08T08:23:45.540+0000] {processor.py:161} INFO - Started process (PID=1908) to work on /home/airflow/.local/lib/python3.12/site-packages/airflow/example_dags/tutorial_taskflow_api.py
[2025-10-08T08:23:45.543+0000] {processor.py:830} INFO - Processing file /home/airflow/.local/lib/python3.12/site-packages/airflow/example_dags/tutorial_taskflow_api.py for tasks to queue
[2025-10-08T08:23:45.549+0000] {logging_mixin.py:188} INFO - [2025-10-08T08:23:45.548+0000] {dagbag.py:545} INFO - Filling up the DagBag from /home/airflow/.local/lib/python3.12/site-packages/airflow/example_dags/tutorial_taskflow_api.py
[2025-10-08T08:23:45.569+0000] {processor.py:840} INFO - DAG(s) 'tutorial_taskflow_api' retrieved from /home/airflow/.local/lib/python3.12/site-packages/airflow/example_dags/tutorial_taskflow_api.py
[2025-10-08T08:23:45.620+0000] {logging_mixin.py:188} INFO - [2025-10-08T08:23:45.619+0000] {dag.py:3096} INFO - Sync 1 DAGs
[2025-10-08T08:23:45.649+0000] {logging_mixin.py:188} INFO - [2025-10-08T08:23:45.648+0000] {dag.py:3954} INFO - Setting next_dagrun for tutorial_taskflow_api to None, run_after=None
[2025-10-08T08:23:45.700+0000] {processor.py:183} INFO - Processing /home/airflow/.local/lib/python3.12/site-packages/airflow/example_dags/tutorial_taskflow_api.py took 0.180 seconds
[2025-10-08T08:24:16.527+0000] {processor.py:161} INFO - Started process (PID=1967) to work on /home/airflow/.local/lib/python3.12/site-packages/airflow/example_dags/tutorial_taskflow_api.py
[2025-10-08T08:24:16.531+0000] {processor.py:830} INFO - Processing file /home/airflow/.local/lib/python3.12/site-packages/airflow/example_dags/tutorial_taskflow_api.py for tasks to queue
[2025-10-08T08:24:16.534+0000] {logging_mixin.py:188} INFO - [2025-10-08T08:24:16.534+0000] {dagbag.py:545} INFO - Filling up the DagBag from /home/airflow/.local/lib/python3.12/site-packages/airflow/example_dags/tutorial_taskflow_api.py
[2025-10-08T08:24:16.553+0000] {processor.py:840} INFO - DAG(s) 'tutorial_taskflow_api' retrieved from /home/airflow/.local/lib/python3.12/site-packages/airflow/example_dags/tutorial_taskflow_api.py
[2025-10-08T08:24:16.600+0000] {logging_mixin.py:188} INFO - [2025-10-08T08:24:16.599+0000] {dag.py:3096} INFO - Sync 1 DAGs
[2025-10-08T08:24:16.636+0000] {logging_mixin.py:188} INFO - [2025-10-08T08:24:16.635+0000] {dag.py:3954} INFO - Setting next_dagrun for tutorial_taskflow_api to None, run_after=None
[2025-10-08T08:24:16.685+0000] {processor.py:183} INFO - Processing /home/airflow/.local/lib/python3.12/site-packages/airflow/example_dags/tutorial_taskflow_api.py took 0.178 seconds
[2025-10-08T08:24:46.847+0000] {processor.py:161} INFO - Started process (PID=2026) to work on /home/airflow/.local/lib/python3.12/site-packages/airflow/example_dags/tutorial_taskflow_api.py
[2025-10-08T08:24:46.849+0000] {processor.py:830} INFO - Processing file /home/airflow/.local/lib/python3.12/site-packages/airflow/example_dags/tutorial_taskflow_api.py for tasks to queue
[2025-10-08T08:24:46.854+0000] {logging_mixin.py:188} INFO - [2025-10-08T08:24:46.853+0000] {dagbag.py:545} INFO - Filling up the DagBag from /home/airflow/.local/lib/python3.12/site-packages/airflow/example_dags/tutorial_taskflow_api.py
[2025-10-08T08:24:46.868+0000] {processor.py:840} INFO - DAG(s) 'tutorial_taskflow_api' retrieved from /home/airflow/.local/lib/python3.12/site-packages/airflow/example_dags/tutorial_taskflow_api.py
[2025-10-08T08:24:46.903+0000] {logging_mixin.py:188} INFO - [2025-10-08T08:24:46.903+0000] {dag.py:3096} INFO - Sync 1 DAGs
[2025-10-08T08:24:46.932+0000] {logging_mixin.py:188} INFO - [2025-10-08T08:24:46.932+0000] {dag.py:3954} INFO - Setting next_dagrun for tutorial_taskflow_api to None, run_after=None
[2025-10-08T08:24:46.966+0000] {processor.py:183} INFO - Processing /home/airflow/.local/lib/python3.12/site-packages/airflow/example_dags/tutorial_taskflow_api.py took 0.132 seconds
[2025-10-08T08:25:17.094+0000] {processor.py:161} INFO - Started process (PID=2085) to work on /home/airflow/.local/lib/python3.12/site-packages/airflow/example_dags/tutorial_taskflow_api.py
[2025-10-08T08:25:17.096+0000] {processor.py:830} INFO - Processing file /home/airflow/.local/lib/python3.12/site-packages/airflow/example_dags/tutorial_taskflow_api.py for tasks to queue
[2025-10-08T08:25:17.100+0000] {logging_mixin.py:188} INFO - [2025-10-08T08:25:17.100+0000] {dagbag.py:545} INFO - Filling up the DagBag from /home/airflow/.local/lib/python3.12/site-packages/airflow/example_dags/tutorial_taskflow_api.py
[2025-10-08T08:25:17.115+0000] {processor.py:840} INFO - DAG(s) 'tutorial_taskflow_api' retrieved from /home/airflow/.local/lib/python3.12/site-packages/airflow/example_dags/tutorial_taskflow_api.py
[2025-10-08T08:25:17.150+0000] {logging_mixin.py:188} INFO - [2025-10-08T08:25:17.149+0000] {dag.py:3096} INFO - Sync 1 DAGs
[2025-10-08T08:25:17.174+0000] {logging_mixin.py:188} INFO - [2025-10-08T08:25:17.174+0000] {dag.py:3954} INFO - Setting next_dagrun for tutorial_taskflow_api to None, run_after=None
[2025-10-08T08:25:17.203+0000] {processor.py:183} INFO - Processing /home/airflow/.local/lib/python3.12/site-packages/airflow/example_dags/tutorial_taskflow_api.py took 0.121 seconds
[2025-10-08T08:25:48.133+0000] {processor.py:161} INFO - Started process (PID=2150) to work on /home/airflow/.local/lib/python3.12/site-packages/airflow/example_dags/tutorial_taskflow_api.py
[2025-10-08T08:25:48.137+0000] {processor.py:830} INFO - Processing file /home/airflow/.local/lib/python3.12/site-packages/airflow/example_dags/tutorial_taskflow_api.py for tasks to queue
[2025-10-08T08:25:48.143+0000] {logging_mixin.py:188} INFO - [2025-10-08T08:25:48.142+0000] {dagbag.py:545} INFO - Filling up the DagBag from /home/airflow/.local/lib/python3.12/site-packages/airflow/example_dags/tutorial_taskflow_api.py
[2025-10-08T08:25:48.162+0000] {processor.py:840} INFO - DAG(s) 'tutorial_taskflow_api' retrieved from /home/airflow/.local/lib/python3.12/site-packages/airflow/example_dags/tutorial_taskflow_api.py
[2025-10-08T08:25:48.219+0000] {logging_mixin.py:188} INFO - [2025-10-08T08:25:48.218+0000] {dag.py:3096} INFO - Sync 1 DAGs
[2025-10-08T08:25:48.250+0000] {logging_mixin.py:188} INFO - [2025-10-08T08:25:48.249+0000] {dag.py:3954} INFO - Setting next_dagrun for tutorial_taskflow_api to None, run_after=None
[2025-10-08T08:25:48.285+0000] {processor.py:183} INFO - Processing /home/airflow/.local/lib/python3.12/site-packages/airflow/example_dags/tutorial_taskflow_api.py took 0.167 seconds
[2025-10-08T08:26:18.698+0000] {processor.py:161} INFO - Started process (PID=2209) to work on /home/airflow/.local/lib/python3.12/site-packages/airflow/example_dags/tutorial_taskflow_api.py
[2025-10-08T08:26:18.700+0000] {processor.py:830} INFO - Processing file /home/airflow/.local/lib/python3.12/site-packages/airflow/example_dags/tutorial_taskflow_api.py for tasks to queue
[2025-10-08T08:26:18.703+0000] {logging_mixin.py:188} INFO - [2025-10-08T08:26:18.702+0000] {dagbag.py:545} INFO - Filling up the DagBag from /home/airflow/.local/lib/python3.12/site-packages/airflow/example_dags/tutorial_taskflow_api.py
[2025-10-08T08:26:18.712+0000] {processor.py:840} INFO - DAG(s) 'tutorial_taskflow_api' retrieved from /home/airflow/.local/lib/python3.12/site-packages/airflow/example_dags/tutorial_taskflow_api.py
[2025-10-08T08:26:18.741+0000] {logging_mixin.py:188} INFO - [2025-10-08T08:26:18.741+0000] {dag.py:3096} INFO - Sync 1 DAGs
[2025-10-08T08:26:18.761+0000] {logging_mixin.py:188} INFO - [2025-10-08T08:26:18.760+0000] {dag.py:3954} INFO - Setting next_dagrun for tutorial_taskflow_api to None, run_after=None
[2025-10-08T08:26:18.792+0000] {processor.py:183} INFO - Processing /home/airflow/.local/lib/python3.12/site-packages/airflow/example_dags/tutorial_taskflow_api.py took 0.103 seconds
[2025-10-08T08:26:49.405+0000] {processor.py:161} INFO - Started process (PID=2268) to work on /home/airflow/.local/lib/python3.12/site-packages/airflow/example_dags/tutorial_taskflow_api.py
[2025-10-08T08:26:49.407+0000] {processor.py:830} INFO - Processing file /home/airflow/.local/lib/python3.12/site-packages/airflow/example_dags/tutorial_taskflow_api.py for tasks to queue
[2025-10-08T08:26:49.413+0000] {logging_mixin.py:188} INFO - [2025-10-08T08:26:49.412+0000] {dagbag.py:545} INFO - Filling up the DagBag from /home/airflow/.local/lib/python3.12/site-packages/airflow/example_dags/tutorial_taskflow_api.py
[2025-10-08T08:26:49.427+0000] {processor.py:840} INFO - DAG(s) 'tutorial_taskflow_api' retrieved from /home/airflow/.local/lib/python3.12/site-packages/airflow/example_dags/tutorial_taskflow_api.py
[2025-10-08T08:26:49.504+0000] {logging_mixin.py:188} INFO - [2025-10-08T08:26:49.503+0000] {dag.py:3096} INFO - Sync 1 DAGs
[2025-10-08T08:26:49.562+0000] {logging_mixin.py:188} INFO - [2025-10-08T08:26:49.561+0000] {dag.py:3954} INFO - Setting next_dagrun for tutorial_taskflow_api to None, run_after=None
[2025-10-08T08:26:49.617+0000] {processor.py:183} INFO - Processing /home/airflow/.local/lib/python3.12/site-packages/airflow/example_dags/tutorial_taskflow_api.py took 0.226 seconds
[2025-10-08T08:27:20.272+0000] {processor.py:161} INFO - Started process (PID=2327) to work on /home/airflow/.local/lib/python3.12/site-packages/airflow/example_dags/tutorial_taskflow_api.py
[2025-10-08T08:27:20.275+0000] {processor.py:830} INFO - Processing file /home/airflow/.local/lib/python3.12/site-packages/airflow/example_dags/tutorial_taskflow_api.py for tasks to queue
[2025-10-08T08:27:20.280+0000] {logging_mixin.py:188} INFO - [2025-10-08T08:27:20.279+0000] {dagbag.py:545} INFO - Filling up the DagBag from /home/airflow/.local/lib/python3.12/site-packages/airflow/example_dags/tutorial_taskflow_api.py
[2025-10-08T08:27:20.294+0000] {processor.py:840} INFO - DAG(s) 'tutorial_taskflow_api' retrieved from /home/airflow/.local/lib/python3.12/site-packages/airflow/example_dags/tutorial_taskflow_api.py
[2025-10-08T08:27:20.325+0000] {logging_mixin.py:188} INFO - [2025-10-08T08:27:20.325+0000] {dag.py:3096} INFO - Sync 1 DAGs
[2025-10-08T08:27:20.344+0000] {logging_mixin.py:188} INFO - [2025-10-08T08:27:20.343+0000] {dag.py:3954} INFO - Setting next_dagrun for tutorial_taskflow_api to None, run_after=None
[2025-10-08T08:27:20.395+0000] {processor.py:183} INFO - Processing /home/airflow/.local/lib/python3.12/site-packages/airflow/example_dags/tutorial_taskflow_api.py took 0.132 seconds
[2025-10-08T08:27:50.675+0000] {processor.py:161} INFO - Started process (PID=2386) to work on /home/airflow/.local/lib/python3.12/site-packages/airflow/example_dags/tutorial_taskflow_api.py
[2025-10-08T08:27:50.677+0000] {processor.py:830} INFO - Processing file /home/airflow/.local/lib/python3.12/site-packages/airflow/example_dags/tutorial_taskflow_api.py for tasks to queue
[2025-10-08T08:27:50.681+0000] {logging_mixin.py:188} INFO - [2025-10-08T08:27:50.681+0000] {dagbag.py:545} INFO - Filling up the DagBag from /home/airflow/.local/lib/python3.12/site-packages/airflow/example_dags/tutorial_taskflow_api.py
[2025-10-08T08:27:50.692+0000] {processor.py:840} INFO - DAG(s) 'tutorial_taskflow_api' retrieved from /home/airflow/.local/lib/python3.12/site-packages/airflow/example_dags/tutorial_taskflow_api.py
[2025-10-08T08:27:50.727+0000] {logging_mixin.py:188} INFO - [2025-10-08T08:27:50.727+0000] {dag.py:3096} INFO - Sync 1 DAGs
[2025-10-08T08:27:50.750+0000] {logging_mixin.py:188} INFO - [2025-10-08T08:27:50.749+0000] {dag.py:3954} INFO - Setting next_dagrun for tutorial_taskflow_api to None, run_after=None
[2025-10-08T08:27:50.789+0000] {processor.py:183} INFO - Processing /home/airflow/.local/lib/python3.12/site-packages/airflow/example_dags/tutorial_taskflow_api.py took 0.125 seconds
[2025-10-08T08:28:21.065+0000] {processor.py:161} INFO - Started process (PID=2445) to work on /home/airflow/.local/lib/python3.12/site-packages/airflow/example_dags/tutorial_taskflow_api.py
[2025-10-08T08:28:21.067+0000] {processor.py:830} INFO - Processing file /home/airflow/.local/lib/python3.12/site-packages/airflow/example_dags/tutorial_taskflow_api.py for tasks to queue
[2025-10-08T08:28:21.073+0000] {logging_mixin.py:188} INFO - [2025-10-08T08:28:21.073+0000] {dagbag.py:545} INFO - Filling up the DagBag from /home/airflow/.local/lib/python3.12/site-packages/airflow/example_dags/tutorial_taskflow_api.py
[2025-10-08T08:28:21.090+0000] {processor.py:840} INFO - DAG(s) 'tutorial_taskflow_api' retrieved from /home/airflow/.local/lib/python3.12/site-packages/airflow/example_dags/tutorial_taskflow_api.py
[2025-10-08T08:28:21.138+0000] {logging_mixin.py:188} INFO - [2025-10-08T08:28:21.137+0000] {dag.py:3096} INFO - Sync 1 DAGs
[2025-10-08T08:28:21.158+0000] {logging_mixin.py:188} INFO - [2025-10-08T08:28:21.158+0000] {dag.py:3954} INFO - Setting next_dagrun for tutorial_taskflow_api to None, run_after=None
[2025-10-08T08:28:21.197+0000] {processor.py:183} INFO - Processing /home/airflow/.local/lib/python3.12/site-packages/airflow/example_dags/tutorial_taskflow_api.py took 0.145 seconds
[2025-10-08T08:28:51.855+0000] {processor.py:161} INFO - Started process (PID=2504) to work on /home/airflow/.local/lib/python3.12/site-packages/airflow/example_dags/tutorial_taskflow_api.py
[2025-10-08T08:28:51.857+0000] {processor.py:830} INFO - Processing file /home/airflow/.local/lib/python3.12/site-packages/airflow/example_dags/tutorial_taskflow_api.py for tasks to queue
[2025-10-08T08:28:51.860+0000] {logging_mixin.py:188} INFO - [2025-10-08T08:28:51.860+0000] {dagbag.py:545} INFO - Filling up the DagBag from /home/airflow/.local/lib/python3.12/site-packages/airflow/example_dags/tutorial_taskflow_api.py
[2025-10-08T08:28:51.873+0000] {processor.py:840} INFO - DAG(s) 'tutorial_taskflow_api' retrieved from /home/airflow/.local/lib/python3.12/site-packages/airflow/example_dags/tutorial_taskflow_api.py
[2025-10-08T08:28:51.903+0000] {logging_mixin.py:188} INFO - [2025-10-08T08:28:51.902+0000] {dag.py:3096} INFO - Sync 1 DAGs
[2025-10-08T08:28:51.918+0000] {logging_mixin.py:188} INFO - [2025-10-08T08:28:51.918+0000] {dag.py:3954} INFO - Setting next_dagrun for tutorial_taskflow_api to None, run_after=None
[2025-10-08T08:28:51.943+0000] {processor.py:183} INFO - Processing /home/airflow/.local/lib/python3.12/site-packages/airflow/example_dags/tutorial_taskflow_api.py took 0.105 seconds
[2025-10-08T08:29:22.833+0000] {processor.py:161} INFO - Started process (PID=2563) to work on /home/airflow/.local/lib/python3.12/site-packages/airflow/example_dags/tutorial_taskflow_api.py
[2025-10-08T08:29:22.837+0000] {processor.py:830} INFO - Processing file /home/airflow/.local/lib/python3.12/site-packages/airflow/example_dags/tutorial_taskflow_api.py for tasks to queue
[2025-10-08T08:29:22.844+0000] {logging_mixin.py:188} INFO - [2025-10-08T08:29:22.843+0000] {dagbag.py:545} INFO - Filling up the DagBag from /home/airflow/.local/lib/python3.12/site-packages/airflow/example_dags/tutorial_taskflow_api.py
[2025-10-08T08:29:22.858+0000] {processor.py:840} INFO - DAG(s) 'tutorial_taskflow_api' retrieved from /home/airflow/.local/lib/python3.12/site-packages/airflow/example_dags/tutorial_taskflow_api.py
[2025-10-08T08:29:22.893+0000] {logging_mixin.py:188} INFO - [2025-10-08T08:29:22.892+0000] {dag.py:3096} INFO - Sync 1 DAGs
[2025-10-08T08:29:22.916+0000] {logging_mixin.py:188} INFO - [2025-10-08T08:29:22.915+0000] {dag.py:3954} INFO - Setting next_dagrun for tutorial_taskflow_api to None, run_after=None
[2025-10-08T08:29:22.974+0000] {processor.py:183} INFO - Processing /home/airflow/.local/lib/python3.12/site-packages/airflow/example_dags/tutorial_taskflow_api.py took 0.152 seconds
[2025-10-08T08:29:53.831+0000] {processor.py:161} INFO - Started process (PID=2622) to work on /home/airflow/.local/lib/python3.12/site-packages/airflow/example_dags/tutorial_taskflow_api.py
[2025-10-08T08:29:53.833+0000] {processor.py:830} INFO - Processing file /home/airflow/.local/lib/python3.12/site-packages/airflow/example_dags/tutorial_taskflow_api.py for tasks to queue
[2025-10-08T08:29:53.837+0000] {logging_mixin.py:188} INFO - [2025-10-08T08:29:53.836+0000] {dagbag.py:545} INFO - Filling up the DagBag from /home/airflow/.local/lib/python3.12/site-packages/airflow/example_dags/tutorial_taskflow_api.py
[2025-10-08T08:29:53.850+0000] {processor.py:840} INFO - DAG(s) 'tutorial_taskflow_api' retrieved from /home/airflow/.local/lib/python3.12/site-packages/airflow/example_dags/tutorial_taskflow_api.py
[2025-10-08T08:29:53.897+0000] {logging_mixin.py:188} INFO - [2025-10-08T08:29:53.897+0000] {dag.py:3096} INFO - Sync 1 DAGs
[2025-10-08T08:29:53.921+0000] {logging_mixin.py:188} INFO - [2025-10-08T08:29:53.921+0000] {dag.py:3954} INFO - Setting next_dagrun for tutorial_taskflow_api to None, run_after=None
[2025-10-08T08:29:53.985+0000] {processor.py:183} INFO - Processing /home/airflow/.local/lib/python3.12/site-packages/airflow/example_dags/tutorial_taskflow_api.py took 0.168 seconds
[2025-10-08T08:33:07.195+0000] {processor.py:161} INFO - Started process (PID=2692) to work on /home/airflow/.local/lib/python3.12/site-packages/airflow/example_dags/tutorial_taskflow_api.py
[2025-10-08T08:33:07.204+0000] {processor.py:830} INFO - Processing file /home/airflow/.local/lib/python3.12/site-packages/airflow/example_dags/tutorial_taskflow_api.py for tasks to queue
[2025-10-08T08:33:07.207+0000] {logging_mixin.py:188} INFO - [2025-10-08T08:33:07.207+0000] {dagbag.py:545} INFO - Filling up the DagBag from /home/airflow/.local/lib/python3.12/site-packages/airflow/example_dags/tutorial_taskflow_api.py
[2025-10-08T08:33:07.217+0000] {processor.py:840} INFO - DAG(s) 'tutorial_taskflow_api' retrieved from /home/airflow/.local/lib/python3.12/site-packages/airflow/example_dags/tutorial_taskflow_api.py
[2025-10-08T08:33:07.243+0000] {logging_mixin.py:188} INFO - [2025-10-08T08:33:07.243+0000] {dag.py:3096} INFO - Sync 1 DAGs
[2025-10-08T08:33:07.260+0000] {logging_mixin.py:188} INFO - [2025-10-08T08:33:07.260+0000] {dag.py:3954} INFO - Setting next_dagrun for tutorial_taskflow_api to None, run_after=None
[2025-10-08T08:33:07.286+0000] {processor.py:183} INFO - Processing /home/airflow/.local/lib/python3.12/site-packages/airflow/example_dags/tutorial_taskflow_api.py took 0.098 seconds
[2025-10-08T08:33:37.508+0000] {processor.py:161} INFO - Started process (PID=2752) to work on /home/airflow/.local/lib/python3.12/site-packages/airflow/example_dags/tutorial_taskflow_api.py
[2025-10-08T08:33:37.510+0000] {processor.py:830} INFO - Processing file /home/airflow/.local/lib/python3.12/site-packages/airflow/example_dags/tutorial_taskflow_api.py for tasks to queue
[2025-10-08T08:33:37.511+0000] {logging_mixin.py:188} INFO - [2025-10-08T08:33:37.511+0000] {dagbag.py:545} INFO - Filling up the DagBag from /home/airflow/.local/lib/python3.12/site-packages/airflow/example_dags/tutorial_taskflow_api.py
[2025-10-08T08:33:37.519+0000] {processor.py:840} INFO - DAG(s) 'tutorial_taskflow_api' retrieved from /home/airflow/.local/lib/python3.12/site-packages/airflow/example_dags/tutorial_taskflow_api.py
[2025-10-08T08:33:37.540+0000] {logging_mixin.py:188} INFO - [2025-10-08T08:33:37.540+0000] {dag.py:3096} INFO - Sync 1 DAGs
[2025-10-08T08:33:37.553+0000] {logging_mixin.py:188} INFO - [2025-10-08T08:33:37.553+0000] {dag.py:3954} INFO - Setting next_dagrun for tutorial_taskflow_api to None, run_after=None
[2025-10-08T08:33:37.575+0000] {processor.py:183} INFO - Processing /home/airflow/.local/lib/python3.12/site-packages/airflow/example_dags/tutorial_taskflow_api.py took 0.073 seconds
[2025-10-08T08:34:08.184+0000] {processor.py:161} INFO - Started process (PID=2811) to work on /home/airflow/.local/lib/python3.12/site-packages/airflow/example_dags/tutorial_taskflow_api.py
[2025-10-08T08:34:08.186+0000] {processor.py:830} INFO - Processing file /home/airflow/.local/lib/python3.12/site-packages/airflow/example_dags/tutorial_taskflow_api.py for tasks to queue
[2025-10-08T08:34:08.189+0000] {logging_mixin.py:188} INFO - [2025-10-08T08:34:08.188+0000] {dagbag.py:545} INFO - Filling up the DagBag from /home/airflow/.local/lib/python3.12/site-packages/airflow/example_dags/tutorial_taskflow_api.py
[2025-10-08T08:34:08.196+0000] {processor.py:840} INFO - DAG(s) 'tutorial_taskflow_api' retrieved from /home/airflow/.local/lib/python3.12/site-packages/airflow/example_dags/tutorial_taskflow_api.py
[2025-10-08T08:34:08.217+0000] {logging_mixin.py:188} INFO - [2025-10-08T08:34:08.216+0000] {dag.py:3096} INFO - Sync 1 DAGs
[2025-10-08T08:34:08.230+0000] {logging_mixin.py:188} INFO - [2025-10-08T08:34:08.229+0000] {dag.py:3954} INFO - Setting next_dagrun for tutorial_taskflow_api to None, run_after=None
[2025-10-08T08:34:08.253+0000] {processor.py:183} INFO - Processing /home/airflow/.local/lib/python3.12/site-packages/airflow/example_dags/tutorial_taskflow_api.py took 0.074 seconds
[2025-10-08T08:34:39.299+0000] {processor.py:161} INFO - Started process (PID=2870) to work on /home/airflow/.local/lib/python3.12/site-packages/airflow/example_dags/tutorial_taskflow_api.py
[2025-10-08T08:34:39.301+0000] {processor.py:830} INFO - Processing file /home/airflow/.local/lib/python3.12/site-packages/airflow/example_dags/tutorial_taskflow_api.py for tasks to queue
[2025-10-08T08:34:39.303+0000] {logging_mixin.py:188} INFO - [2025-10-08T08:34:39.303+0000] {dagbag.py:545} INFO - Filling up the DagBag from /home/airflow/.local/lib/python3.12/site-packages/airflow/example_dags/tutorial_taskflow_api.py
[2025-10-08T08:34:39.313+0000] {processor.py:840} INFO - DAG(s) 'tutorial_taskflow_api' retrieved from /home/airflow/.local/lib/python3.12/site-packages/airflow/example_dags/tutorial_taskflow_api.py
[2025-10-08T08:34:39.336+0000] {logging_mixin.py:188} INFO - [2025-10-08T08:34:39.336+0000] {dag.py:3096} INFO - Sync 1 DAGs
[2025-10-08T08:34:39.350+0000] {logging_mixin.py:188} INFO - [2025-10-08T08:34:39.350+0000] {dag.py:3954} INFO - Setting next_dagrun for tutorial_taskflow_api to None, run_after=None
[2025-10-08T08:34:39.375+0000] {processor.py:183} INFO - Processing /home/airflow/.local/lib/python3.12/site-packages/airflow/example_dags/tutorial_taskflow_api.py took 0.082 seconds
[2025-10-08T08:35:09.899+0000] {processor.py:161} INFO - Started process (PID=2929) to work on /home/airflow/.local/lib/python3.12/site-packages/airflow/example_dags/tutorial_taskflow_api.py
[2025-10-08T08:35:09.908+0000] {processor.py:830} INFO - Processing file /home/airflow/.local/lib/python3.12/site-packages/airflow/example_dags/tutorial_taskflow_api.py for tasks to queue
[2025-10-08T08:35:09.920+0000] {logging_mixin.py:188} INFO - [2025-10-08T08:35:09.918+0000] {dagbag.py:545} INFO - Filling up the DagBag from /home/airflow/.local/lib/python3.12/site-packages/airflow/example_dags/tutorial_taskflow_api.py
[2025-10-08T08:35:09.950+0000] {processor.py:840} INFO - DAG(s) 'tutorial_taskflow_api' retrieved from /home/airflow/.local/lib/python3.12/site-packages/airflow/example_dags/tutorial_taskflow_api.py
[2025-10-08T08:35:10.060+0000] {logging_mixin.py:188} INFO - [2025-10-08T08:35:10.059+0000] {dag.py:3096} INFO - Sync 1 DAGs
[2025-10-08T08:35:10.129+0000] {logging_mixin.py:188} INFO - [2025-10-08T08:35:10.128+0000] {dag.py:3954} INFO - Setting next_dagrun for tutorial_taskflow_api to None, run_after=None
[2025-10-08T08:35:10.207+0000] {processor.py:183} INFO - Processing /home/airflow/.local/lib/python3.12/site-packages/airflow/example_dags/tutorial_taskflow_api.py took 0.329 seconds
[2025-10-08T08:35:40.681+0000] {processor.py:161} INFO - Started process (PID=2988) to work on /home/airflow/.local/lib/python3.12/site-packages/airflow/example_dags/tutorial_taskflow_api.py
[2025-10-08T08:35:40.682+0000] {processor.py:830} INFO - Processing file /home/airflow/.local/lib/python3.12/site-packages/airflow/example_dags/tutorial_taskflow_api.py for tasks to queue
[2025-10-08T08:35:40.685+0000] {logging_mixin.py:188} INFO - [2025-10-08T08:35:40.685+0000] {dagbag.py:545} INFO - Filling up the DagBag from /home/airflow/.local/lib/python3.12/site-packages/airflow/example_dags/tutorial_taskflow_api.py
[2025-10-08T08:35:40.695+0000] {processor.py:840} INFO - DAG(s) 'tutorial_taskflow_api' retrieved from /home/airflow/.local/lib/python3.12/site-packages/airflow/example_dags/tutorial_taskflow_api.py
[2025-10-08T08:35:40.722+0000] {logging_mixin.py:188} INFO - [2025-10-08T08:35:40.721+0000] {dag.py:3096} INFO - Sync 1 DAGs
[2025-10-08T08:35:40.737+0000] {logging_mixin.py:188} INFO - [2025-10-08T08:35:40.737+0000] {dag.py:3954} INFO - Setting next_dagrun for tutorial_taskflow_api to None, run_after=None
[2025-10-08T08:35:40.762+0000] {processor.py:183} INFO - Processing /home/airflow/.local/lib/python3.12/site-packages/airflow/example_dags/tutorial_taskflow_api.py took 0.090 seconds
[2025-10-08T08:36:11.116+0000] {processor.py:161} INFO - Started process (PID=3047) to work on /home/airflow/.local/lib/python3.12/site-packages/airflow/example_dags/tutorial_taskflow_api.py
[2025-10-08T08:36:11.119+0000] {processor.py:830} INFO - Processing file /home/airflow/.local/lib/python3.12/site-packages/airflow/example_dags/tutorial_taskflow_api.py for tasks to queue
[2025-10-08T08:36:11.122+0000] {logging_mixin.py:188} INFO - [2025-10-08T08:36:11.121+0000] {dagbag.py:545} INFO - Filling up the DagBag from /home/airflow/.local/lib/python3.12/site-packages/airflow/example_dags/tutorial_taskflow_api.py
[2025-10-08T08:36:11.135+0000] {processor.py:840} INFO - DAG(s) 'tutorial_taskflow_api' retrieved from /home/airflow/.local/lib/python3.12/site-packages/airflow/example_dags/tutorial_taskflow_api.py
[2025-10-08T08:36:11.165+0000] {logging_mixin.py:188} INFO - [2025-10-08T08:36:11.164+0000] {dag.py:3096} INFO - Sync 1 DAGs
[2025-10-08T08:36:11.182+0000] {logging_mixin.py:188} INFO - [2025-10-08T08:36:11.182+0000] {dag.py:3954} INFO - Setting next_dagrun for tutorial_taskflow_api to None, run_after=None
[2025-10-08T08:36:11.209+0000] {processor.py:183} INFO - Processing /home/airflow/.local/lib/python3.12/site-packages/airflow/example_dags/tutorial_taskflow_api.py took 0.101 seconds
[2025-10-08T08:36:41.636+0000] {processor.py:161} INFO - Started process (PID=3106) to work on /home/airflow/.local/lib/python3.12/site-packages/airflow/example_dags/tutorial_taskflow_api.py
[2025-10-08T08:36:41.638+0000] {processor.py:830} INFO - Processing file /home/airflow/.local/lib/python3.12/site-packages/airflow/example_dags/tutorial_taskflow_api.py for tasks to queue
[2025-10-08T08:36:41.643+0000] {logging_mixin.py:188} INFO - [2025-10-08T08:36:41.642+0000] {dagbag.py:545} INFO - Filling up the DagBag from /home/airflow/.local/lib/python3.12/site-packages/airflow/example_dags/tutorial_taskflow_api.py
[2025-10-08T08:36:41.654+0000] {processor.py:840} INFO - DAG(s) 'tutorial_taskflow_api' retrieved from /home/airflow/.local/lib/python3.12/site-packages/airflow/example_dags/tutorial_taskflow_api.py
[2025-10-08T08:36:41.687+0000] {logging_mixin.py:188} INFO - [2025-10-08T08:36:41.687+0000] {dag.py:3096} INFO - Sync 1 DAGs
[2025-10-08T08:36:41.723+0000] {logging_mixin.py:188} INFO - [2025-10-08T08:36:41.723+0000] {dag.py:3954} INFO - Setting next_dagrun for tutorial_taskflow_api to None, run_after=None
[2025-10-08T08:36:41.753+0000] {processor.py:183} INFO - Processing /home/airflow/.local/lib/python3.12/site-packages/airflow/example_dags/tutorial_taskflow_api.py took 0.126 seconds
[2025-10-08T08:37:12.301+0000] {processor.py:161} INFO - Started process (PID=3165) to work on /home/airflow/.local/lib/python3.12/site-packages/airflow/example_dags/tutorial_taskflow_api.py
[2025-10-08T08:37:12.303+0000] {processor.py:830} INFO - Processing file /home/airflow/.local/lib/python3.12/site-packages/airflow/example_dags/tutorial_taskflow_api.py for tasks to queue
[2025-10-08T08:37:12.306+0000] {logging_mixin.py:188} INFO - [2025-10-08T08:37:12.305+0000] {dagbag.py:545} INFO - Filling up the DagBag from /home/airflow/.local/lib/python3.12/site-packages/airflow/example_dags/tutorial_taskflow_api.py
[2025-10-08T08:37:12.314+0000] {processor.py:840} INFO - DAG(s) 'tutorial_taskflow_api' retrieved from /home/airflow/.local/lib/python3.12/site-packages/airflow/example_dags/tutorial_taskflow_api.py
[2025-10-08T08:37:12.340+0000] {logging_mixin.py:188} INFO - [2025-10-08T08:37:12.339+0000] {dag.py:3096} INFO - Sync 1 DAGs
[2025-10-08T08:37:12.354+0000] {logging_mixin.py:188} INFO - [2025-10-08T08:37:12.354+0000] {dag.py:3954} INFO - Setting next_dagrun for tutorial_taskflow_api to None, run_after=None
[2025-10-08T08:37:12.379+0000] {processor.py:183} INFO - Processing /home/airflow/.local/lib/python3.12/site-packages/airflow/example_dags/tutorial_taskflow_api.py took 0.086 seconds
[2025-10-08T08:37:42.698+0000] {processor.py:161} INFO - Started process (PID=3224) to work on /home/airflow/.local/lib/python3.12/site-packages/airflow/example_dags/tutorial_taskflow_api.py
[2025-10-08T08:37:42.700+0000] {processor.py:830} INFO - Processing file /home/airflow/.local/lib/python3.12/site-packages/airflow/example_dags/tutorial_taskflow_api.py for tasks to queue
[2025-10-08T08:37:42.703+0000] {logging_mixin.py:188} INFO - [2025-10-08T08:37:42.703+0000] {dagbag.py:545} INFO - Filling up the DagBag from /home/airflow/.local/lib/python3.12/site-packages/airflow/example_dags/tutorial_taskflow_api.py
[2025-10-08T08:37:42.718+0000] {processor.py:840} INFO - DAG(s) 'tutorial_taskflow_api' retrieved from /home/airflow/.local/lib/python3.12/site-packages/airflow/example_dags/tutorial_taskflow_api.py
[2025-10-08T08:37:42.747+0000] {logging_mixin.py:188} INFO - [2025-10-08T08:37:42.747+0000] {dag.py:3096} INFO - Sync 1 DAGs
[2025-10-08T08:37:42.765+0000] {logging_mixin.py:188} INFO - [2025-10-08T08:37:42.764+0000] {dag.py:3954} INFO - Setting next_dagrun for tutorial_taskflow_api to None, run_after=None
[2025-10-08T08:37:42.794+0000] {processor.py:183} INFO - Processing /home/airflow/.local/lib/python3.12/site-packages/airflow/example_dags/tutorial_taskflow_api.py took 0.106 seconds
[2025-10-08T08:38:14.059+0000] {processor.py:161} INFO - Started process (PID=3283) to work on /home/airflow/.local/lib/python3.12/site-packages/airflow/example_dags/tutorial_taskflow_api.py
[2025-10-08T08:38:14.061+0000] {processor.py:830} INFO - Processing file /home/airflow/.local/lib/python3.12/site-packages/airflow/example_dags/tutorial_taskflow_api.py for tasks to queue
[2025-10-08T08:38:14.065+0000] {logging_mixin.py:188} INFO - [2025-10-08T08:38:14.064+0000] {dagbag.py:545} INFO - Filling up the DagBag from /home/airflow/.local/lib/python3.12/site-packages/airflow/example_dags/tutorial_taskflow_api.py
[2025-10-08T08:38:14.075+0000] {processor.py:840} INFO - DAG(s) 'tutorial_taskflow_api' retrieved from /home/airflow/.local/lib/python3.12/site-packages/airflow/example_dags/tutorial_taskflow_api.py
[2025-10-08T08:38:14.102+0000] {logging_mixin.py:188} INFO - [2025-10-08T08:38:14.102+0000] {dag.py:3096} INFO - Sync 1 DAGs
[2025-10-08T08:38:14.116+0000] {logging_mixin.py:188} INFO - [2025-10-08T08:38:14.116+0000] {dag.py:3954} INFO - Setting next_dagrun for tutorial_taskflow_api to None, run_after=None
[2025-10-08T08:38:14.141+0000] {processor.py:183} INFO - Processing /home/airflow/.local/lib/python3.12/site-packages/airflow/example_dags/tutorial_taskflow_api.py took 0.089 seconds
[2025-10-08T08:38:45.102+0000] {processor.py:161} INFO - Started process (PID=3342) to work on /home/airflow/.local/lib/python3.12/site-packages/airflow/example_dags/tutorial_taskflow_api.py
[2025-10-08T08:38:45.103+0000] {processor.py:830} INFO - Processing file /home/airflow/.local/lib/python3.12/site-packages/airflow/example_dags/tutorial_taskflow_api.py for tasks to queue
[2025-10-08T08:38:45.106+0000] {logging_mixin.py:188} INFO - [2025-10-08T08:38:45.106+0000] {dagbag.py:545} INFO - Filling up the DagBag from /home/airflow/.local/lib/python3.12/site-packages/airflow/example_dags/tutorial_taskflow_api.py
[2025-10-08T08:38:45.118+0000] {processor.py:840} INFO - DAG(s) 'tutorial_taskflow_api' retrieved from /home/airflow/.local/lib/python3.12/site-packages/airflow/example_dags/tutorial_taskflow_api.py
[2025-10-08T08:38:45.156+0000] {logging_mixin.py:188} INFO - [2025-10-08T08:38:45.156+0000] {dag.py:3096} INFO - Sync 1 DAGs
[2025-10-08T08:38:45.175+0000] {logging_mixin.py:188} INFO - [2025-10-08T08:38:45.175+0000] {dag.py:3954} INFO - Setting next_dagrun for tutorial_taskflow_api to None, run_after=None
[2025-10-08T08:38:45.235+0000] {processor.py:183} INFO - Processing /home/airflow/.local/lib/python3.12/site-packages/airflow/example_dags/tutorial_taskflow_api.py took 0.140 seconds
[2025-10-08T08:39:15.607+0000] {processor.py:161} INFO - Started process (PID=3402) to work on /home/airflow/.local/lib/python3.12/site-packages/airflow/example_dags/tutorial_taskflow_api.py
[2025-10-08T08:39:15.609+0000] {processor.py:830} INFO - Processing file /home/airflow/.local/lib/python3.12/site-packages/airflow/example_dags/tutorial_taskflow_api.py for tasks to queue
[2025-10-08T08:39:15.612+0000] {logging_mixin.py:188} INFO - [2025-10-08T08:39:15.611+0000] {dagbag.py:545} INFO - Filling up the DagBag from /home/airflow/.local/lib/python3.12/site-packages/airflow/example_dags/tutorial_taskflow_api.py
[2025-10-08T08:39:15.621+0000] {processor.py:840} INFO - DAG(s) 'tutorial_taskflow_api' retrieved from /home/airflow/.local/lib/python3.12/site-packages/airflow/example_dags/tutorial_taskflow_api.py
[2025-10-08T08:39:15.645+0000] {logging_mixin.py:188} INFO - [2025-10-08T08:39:15.645+0000] {dag.py:3096} INFO - Sync 1 DAGs
[2025-10-08T08:39:15.661+0000] {logging_mixin.py:188} INFO - [2025-10-08T08:39:15.660+0000] {dag.py:3954} INFO - Setting next_dagrun for tutorial_taskflow_api to None, run_after=None
[2025-10-08T08:39:15.684+0000] {processor.py:183} INFO - Processing /home/airflow/.local/lib/python3.12/site-packages/airflow/example_dags/tutorial_taskflow_api.py took 0.089 seconds
[2025-10-08T08:39:46.507+0000] {processor.py:161} INFO - Started process (PID=3467) to work on /home/airflow/.local/lib/python3.12/site-packages/airflow/example_dags/tutorial_taskflow_api.py
[2025-10-08T08:39:46.509+0000] {processor.py:830} INFO - Processing file /home/airflow/.local/lib/python3.12/site-packages/airflow/example_dags/tutorial_taskflow_api.py for tasks to queue
[2025-10-08T08:39:46.511+0000] {logging_mixin.py:188} INFO - [2025-10-08T08:39:46.511+0000] {dagbag.py:545} INFO - Filling up the DagBag from /home/airflow/.local/lib/python3.12/site-packages/airflow/example_dags/tutorial_taskflow_api.py
[2025-10-08T08:39:46.519+0000] {processor.py:840} INFO - DAG(s) 'tutorial_taskflow_api' retrieved from /home/airflow/.local/lib/python3.12/site-packages/airflow/example_dags/tutorial_taskflow_api.py
[2025-10-08T08:39:46.546+0000] {logging_mixin.py:188} INFO - [2025-10-08T08:39:46.545+0000] {dag.py:3096} INFO - Sync 1 DAGs
[2025-10-08T08:39:46.567+0000] {logging_mixin.py:188} INFO - [2025-10-08T08:39:46.566+0000] {dag.py:3954} INFO - Setting next_dagrun for tutorial_taskflow_api to None, run_after=None
[2025-10-08T08:39:46.600+0000] {processor.py:183} INFO - Processing /home/airflow/.local/lib/python3.12/site-packages/airflow/example_dags/tutorial_taskflow_api.py took 0.100 seconds
[2025-10-08T08:40:17.259+0000] {processor.py:161} INFO - Started process (PID=3526) to work on /home/airflow/.local/lib/python3.12/site-packages/airflow/example_dags/tutorial_taskflow_api.py
[2025-10-08T08:40:17.262+0000] {processor.py:830} INFO - Processing file /home/airflow/.local/lib/python3.12/site-packages/airflow/example_dags/tutorial_taskflow_api.py for tasks to queue
[2025-10-08T08:40:17.266+0000] {logging_mixin.py:188} INFO - [2025-10-08T08:40:17.266+0000] {dagbag.py:545} INFO - Filling up the DagBag from /home/airflow/.local/lib/python3.12/site-packages/airflow/example_dags/tutorial_taskflow_api.py
[2025-10-08T08:40:17.275+0000] {processor.py:840} INFO - DAG(s) 'tutorial_taskflow_api' retrieved from /home/airflow/.local/lib/python3.12/site-packages/airflow/example_dags/tutorial_taskflow_api.py
[2025-10-08T08:40:17.313+0000] {logging_mixin.py:188} INFO - [2025-10-08T08:40:17.313+0000] {dag.py:3096} INFO - Sync 1 DAGs
[2025-10-08T08:40:17.339+0000] {logging_mixin.py:188} INFO - [2025-10-08T08:40:17.338+0000] {dag.py:3954} INFO - Setting next_dagrun for tutorial_taskflow_api to None, run_after=None
[2025-10-08T08:40:17.369+0000] {processor.py:183} INFO - Processing /home/airflow/.local/lib/python3.12/site-packages/airflow/example_dags/tutorial_taskflow_api.py took 0.118 seconds
[2025-10-08T08:40:47.526+0000] {processor.py:161} INFO - Started process (PID=3591) to work on /home/airflow/.local/lib/python3.12/site-packages/airflow/example_dags/tutorial_taskflow_api.py
[2025-10-08T08:40:47.528+0000] {processor.py:830} INFO - Processing file /home/airflow/.local/lib/python3.12/site-packages/airflow/example_dags/tutorial_taskflow_api.py for tasks to queue
[2025-10-08T08:40:47.531+0000] {logging_mixin.py:188} INFO - [2025-10-08T08:40:47.531+0000] {dagbag.py:545} INFO - Filling up the DagBag from /home/airflow/.local/lib/python3.12/site-packages/airflow/example_dags/tutorial_taskflow_api.py
[2025-10-08T08:40:47.541+0000] {processor.py:840} INFO - DAG(s) 'tutorial_taskflow_api' retrieved from /home/airflow/.local/lib/python3.12/site-packages/airflow/example_dags/tutorial_taskflow_api.py
[2025-10-08T08:40:47.564+0000] {logging_mixin.py:188} INFO - [2025-10-08T08:40:47.564+0000] {dag.py:3096} INFO - Sync 1 DAGs
[2025-10-08T08:40:47.580+0000] {logging_mixin.py:188} INFO - [2025-10-08T08:40:47.580+0000] {dag.py:3954} INFO - Setting next_dagrun for tutorial_taskflow_api to None, run_after=None
[2025-10-08T08:40:47.605+0000] {processor.py:183} INFO - Processing /home/airflow/.local/lib/python3.12/site-packages/airflow/example_dags/tutorial_taskflow_api.py took 0.086 seconds
[2025-10-08T08:41:17.994+0000] {processor.py:161} INFO - Started process (PID=3650) to work on /home/airflow/.local/lib/python3.12/site-packages/airflow/example_dags/tutorial_taskflow_api.py
[2025-10-08T08:41:17.996+0000] {processor.py:830} INFO - Processing file /home/airflow/.local/lib/python3.12/site-packages/airflow/example_dags/tutorial_taskflow_api.py for tasks to queue
[2025-10-08T08:41:17.999+0000] {logging_mixin.py:188} INFO - [2025-10-08T08:41:17.998+0000] {dagbag.py:545} INFO - Filling up the DagBag from /home/airflow/.local/lib/python3.12/site-packages/airflow/example_dags/tutorial_taskflow_api.py
[2025-10-08T08:41:18.009+0000] {processor.py:840} INFO - DAG(s) 'tutorial_taskflow_api' retrieved from /home/airflow/.local/lib/python3.12/site-packages/airflow/example_dags/tutorial_taskflow_api.py
[2025-10-08T08:41:18.037+0000] {logging_mixin.py:188} INFO - [2025-10-08T08:41:18.037+0000] {dag.py:3096} INFO - Sync 1 DAGs
[2025-10-08T08:41:18.052+0000] {logging_mixin.py:188} INFO - [2025-10-08T08:41:18.052+0000] {dag.py:3954} INFO - Setting next_dagrun for tutorial_taskflow_api to None, run_after=None
[2025-10-08T08:41:18.077+0000] {processor.py:183} INFO - Processing /home/airflow/.local/lib/python3.12/site-packages/airflow/example_dags/tutorial_taskflow_api.py took 0.093 seconds
[2025-10-08T08:41:48.773+0000] {processor.py:161} INFO - Started process (PID=3709) to work on /home/airflow/.local/lib/python3.12/site-packages/airflow/example_dags/tutorial_taskflow_api.py
[2025-10-08T08:41:48.775+0000] {processor.py:830} INFO - Processing file /home/airflow/.local/lib/python3.12/site-packages/airflow/example_dags/tutorial_taskflow_api.py for tasks to queue
[2025-10-08T08:41:48.779+0000] {logging_mixin.py:188} INFO - [2025-10-08T08:41:48.778+0000] {dagbag.py:545} INFO - Filling up the DagBag from /home/airflow/.local/lib/python3.12/site-packages/airflow/example_dags/tutorial_taskflow_api.py
[2025-10-08T08:41:48.790+0000] {processor.py:840} INFO - DAG(s) 'tutorial_taskflow_api' retrieved from /home/airflow/.local/lib/python3.12/site-packages/airflow/example_dags/tutorial_taskflow_api.py
[2025-10-08T08:41:48.820+0000] {logging_mixin.py:188} INFO - [2025-10-08T08:41:48.819+0000] {dag.py:3096} INFO - Sync 1 DAGs
[2025-10-08T08:41:48.837+0000] {logging_mixin.py:188} INFO - [2025-10-08T08:41:48.837+0000] {dag.py:3954} INFO - Setting next_dagrun for tutorial_taskflow_api to None, run_after=None
[2025-10-08T08:41:48.864+0000] {processor.py:183} INFO - Processing /home/airflow/.local/lib/python3.12/site-packages/airflow/example_dags/tutorial_taskflow_api.py took 0.102 seconds
[2025-10-08T08:42:19.411+0000] {processor.py:161} INFO - Started process (PID=3768) to work on /home/airflow/.local/lib/python3.12/site-packages/airflow/example_dags/tutorial_taskflow_api.py
[2025-10-08T08:42:19.412+0000] {processor.py:830} INFO - Processing file /home/airflow/.local/lib/python3.12/site-packages/airflow/example_dags/tutorial_taskflow_api.py for tasks to queue
[2025-10-08T08:42:19.414+0000] {logging_mixin.py:188} INFO - [2025-10-08T08:42:19.414+0000] {dagbag.py:545} INFO - Filling up the DagBag from /home/airflow/.local/lib/python3.12/site-packages/airflow/example_dags/tutorial_taskflow_api.py
[2025-10-08T08:42:19.422+0000] {processor.py:840} INFO - DAG(s) 'tutorial_taskflow_api' retrieved from /home/airflow/.local/lib/python3.12/site-packages/airflow/example_dags/tutorial_taskflow_api.py
[2025-10-08T08:42:19.450+0000] {logging_mixin.py:188} INFO - [2025-10-08T08:42:19.449+0000] {dag.py:3096} INFO - Sync 1 DAGs
[2025-10-08T08:42:19.466+0000] {logging_mixin.py:188} INFO - [2025-10-08T08:42:19.466+0000] {dag.py:3954} INFO - Setting next_dagrun for tutorial_taskflow_api to None, run_after=None
[2025-10-08T08:42:19.489+0000] {processor.py:183} INFO - Processing /home/airflow/.local/lib/python3.12/site-packages/airflow/example_dags/tutorial_taskflow_api.py took 0.085 seconds
[2025-10-08T08:42:49.769+0000] {processor.py:161} INFO - Started process (PID=3827) to work on /home/airflow/.local/lib/python3.12/site-packages/airflow/example_dags/tutorial_taskflow_api.py
[2025-10-08T08:42:49.770+0000] {processor.py:830} INFO - Processing file /home/airflow/.local/lib/python3.12/site-packages/airflow/example_dags/tutorial_taskflow_api.py for tasks to queue
[2025-10-08T08:42:49.773+0000] {logging_mixin.py:188} INFO - [2025-10-08T08:42:49.772+0000] {dagbag.py:545} INFO - Filling up the DagBag from /home/airflow/.local/lib/python3.12/site-packages/airflow/example_dags/tutorial_taskflow_api.py
[2025-10-08T08:42:49.780+0000] {processor.py:840} INFO - DAG(s) 'tutorial_taskflow_api' retrieved from /home/airflow/.local/lib/python3.12/site-packages/airflow/example_dags/tutorial_taskflow_api.py
[2025-10-08T08:42:49.805+0000] {logging_mixin.py:188} INFO - [2025-10-08T08:42:49.804+0000] {dag.py:3096} INFO - Sync 1 DAGs
[2025-10-08T08:42:49.819+0000] {logging_mixin.py:188} INFO - [2025-10-08T08:42:49.819+0000] {dag.py:3954} INFO - Setting next_dagrun for tutorial_taskflow_api to None, run_after=None
[2025-10-08T08:42:49.843+0000] {processor.py:183} INFO - Processing /home/airflow/.local/lib/python3.12/site-packages/airflow/example_dags/tutorial_taskflow_api.py took 0.081 seconds
[2025-10-08T08:43:20.987+0000] {processor.py:161} INFO - Started process (PID=3886) to work on /home/airflow/.local/lib/python3.12/site-packages/airflow/example_dags/tutorial_taskflow_api.py
[2025-10-08T08:43:20.988+0000] {processor.py:830} INFO - Processing file /home/airflow/.local/lib/python3.12/site-packages/airflow/example_dags/tutorial_taskflow_api.py for tasks to queue
[2025-10-08T08:43:20.991+0000] {logging_mixin.py:188} INFO - [2025-10-08T08:43:20.991+0000] {dagbag.py:545} INFO - Filling up the DagBag from /home/airflow/.local/lib/python3.12/site-packages/airflow/example_dags/tutorial_taskflow_api.py
[2025-10-08T08:43:20.999+0000] {processor.py:840} INFO - DAG(s) 'tutorial_taskflow_api' retrieved from /home/airflow/.local/lib/python3.12/site-packages/airflow/example_dags/tutorial_taskflow_api.py
[2025-10-08T08:43:21.024+0000] {logging_mixin.py:188} INFO - [2025-10-08T08:43:21.024+0000] {dag.py:3096} INFO - Sync 1 DAGs
[2025-10-08T08:43:21.041+0000] {logging_mixin.py:188} INFO - [2025-10-08T08:43:21.041+0000] {dag.py:3954} INFO - Setting next_dagrun for tutorial_taskflow_api to None, run_after=None
[2025-10-08T08:43:21.069+0000] {processor.py:183} INFO - Processing /home/airflow/.local/lib/python3.12/site-packages/airflow/example_dags/tutorial_taskflow_api.py took 0.089 seconds
[2025-10-08T08:43:51.377+0000] {processor.py:161} INFO - Started process (PID=3945) to work on /home/airflow/.local/lib/python3.12/site-packages/airflow/example_dags/tutorial_taskflow_api.py
[2025-10-08T08:43:51.378+0000] {processor.py:830} INFO - Processing file /home/airflow/.local/lib/python3.12/site-packages/airflow/example_dags/tutorial_taskflow_api.py for tasks to queue
[2025-10-08T08:43:51.382+0000] {logging_mixin.py:188} INFO - [2025-10-08T08:43:51.381+0000] {dagbag.py:545} INFO - Filling up the DagBag from /home/airflow/.local/lib/python3.12/site-packages/airflow/example_dags/tutorial_taskflow_api.py
[2025-10-08T08:43:51.390+0000] {processor.py:840} INFO - DAG(s) 'tutorial_taskflow_api' retrieved from /home/airflow/.local/lib/python3.12/site-packages/airflow/example_dags/tutorial_taskflow_api.py
[2025-10-08T08:43:51.417+0000] {logging_mixin.py:188} INFO - [2025-10-08T08:43:51.417+0000] {dag.py:3096} INFO - Sync 1 DAGs
[2025-10-08T08:43:51.433+0000] {logging_mixin.py:188} INFO - [2025-10-08T08:43:51.433+0000] {dag.py:3954} INFO - Setting next_dagrun for tutorial_taskflow_api to None, run_after=None
[2025-10-08T08:43:51.461+0000] {processor.py:183} INFO - Processing /home/airflow/.local/lib/python3.12/site-packages/airflow/example_dags/tutorial_taskflow_api.py took 0.094 seconds
[2025-10-08T08:44:22.046+0000] {processor.py:161} INFO - Started process (PID=4003) to work on /home/airflow/.local/lib/python3.12/site-packages/airflow/example_dags/tutorial_taskflow_api.py
[2025-10-08T08:44:22.048+0000] {processor.py:830} INFO - Processing file /home/airflow/.local/lib/python3.12/site-packages/airflow/example_dags/tutorial_taskflow_api.py for tasks to queue
[2025-10-08T08:44:22.050+0000] {logging_mixin.py:188} INFO - [2025-10-08T08:44:22.050+0000] {dagbag.py:545} INFO - Filling up the DagBag from /home/airflow/.local/lib/python3.12/site-packages/airflow/example_dags/tutorial_taskflow_api.py
[2025-10-08T08:44:22.060+0000] {processor.py:840} INFO - DAG(s) 'tutorial_taskflow_api' retrieved from /home/airflow/.local/lib/python3.12/site-packages/airflow/example_dags/tutorial_taskflow_api.py
[2025-10-08T08:44:22.090+0000] {logging_mixin.py:188} INFO - [2025-10-08T08:44:22.090+0000] {dag.py:3096} INFO - Sync 1 DAGs
[2025-10-08T08:44:22.107+0000] {logging_mixin.py:188} INFO - [2025-10-08T08:44:22.107+0000] {dag.py:3954} INFO - Setting next_dagrun for tutorial_taskflow_api to None, run_after=None
[2025-10-08T08:44:22.133+0000] {processor.py:183} INFO - Processing /home/airflow/.local/lib/python3.12/site-packages/airflow/example_dags/tutorial_taskflow_api.py took 0.094 seconds
[2025-10-08T08:44:53.145+0000] {processor.py:161} INFO - Started process (PID=4063) to work on /home/airflow/.local/lib/python3.12/site-packages/airflow/example_dags/tutorial_taskflow_api.py
[2025-10-08T08:44:53.147+0000] {processor.py:830} INFO - Processing file /home/airflow/.local/lib/python3.12/site-packages/airflow/example_dags/tutorial_taskflow_api.py for tasks to queue
[2025-10-08T08:44:53.150+0000] {logging_mixin.py:188} INFO - [2025-10-08T08:44:53.149+0000] {dagbag.py:545} INFO - Filling up the DagBag from /home/airflow/.local/lib/python3.12/site-packages/airflow/example_dags/tutorial_taskflow_api.py
[2025-10-08T08:44:53.159+0000] {processor.py:840} INFO - DAG(s) 'tutorial_taskflow_api' retrieved from /home/airflow/.local/lib/python3.12/site-packages/airflow/example_dags/tutorial_taskflow_api.py
[2025-10-08T08:44:53.194+0000] {logging_mixin.py:188} INFO - [2025-10-08T08:44:53.194+0000] {dag.py:3096} INFO - Sync 1 DAGs
[2025-10-08T08:44:53.209+0000] {logging_mixin.py:188} INFO - [2025-10-08T08:44:53.209+0000] {dag.py:3954} INFO - Setting next_dagrun for tutorial_taskflow_api to None, run_after=None
[2025-10-08T08:44:53.229+0000] {processor.py:183} INFO - Processing /home/airflow/.local/lib/python3.12/site-packages/airflow/example_dags/tutorial_taskflow_api.py took 0.091 seconds
[2025-10-08T08:45:23.507+0000] {processor.py:161} INFO - Started process (PID=4122) to work on /home/airflow/.local/lib/python3.12/site-packages/airflow/example_dags/tutorial_taskflow_api.py
[2025-10-08T08:45:23.515+0000] {processor.py:830} INFO - Processing file /home/airflow/.local/lib/python3.12/site-packages/airflow/example_dags/tutorial_taskflow_api.py for tasks to queue
[2025-10-08T08:45:23.519+0000] {logging_mixin.py:188} INFO - [2025-10-08T08:45:23.518+0000] {dagbag.py:545} INFO - Filling up the DagBag from /home/airflow/.local/lib/python3.12/site-packages/airflow/example_dags/tutorial_taskflow_api.py
[2025-10-08T08:45:23.529+0000] {processor.py:840} INFO - DAG(s) 'tutorial_taskflow_api' retrieved from /home/airflow/.local/lib/python3.12/site-packages/airflow/example_dags/tutorial_taskflow_api.py
[2025-10-08T08:45:23.550+0000] {logging_mixin.py:188} INFO - [2025-10-08T08:45:23.550+0000] {dag.py:3096} INFO - Sync 1 DAGs
[2025-10-08T08:45:23.564+0000] {logging_mixin.py:188} INFO - [2025-10-08T08:45:23.564+0000] {dag.py:3954} INFO - Setting next_dagrun for tutorial_taskflow_api to None, run_after=None
[2025-10-08T08:45:23.594+0000] {processor.py:183} INFO - Processing /home/airflow/.local/lib/python3.12/site-packages/airflow/example_dags/tutorial_taskflow_api.py took 0.106 seconds
[2025-10-08T08:45:54.020+0000] {processor.py:161} INFO - Started process (PID=4181) to work on /home/airflow/.local/lib/python3.12/site-packages/airflow/example_dags/tutorial_taskflow_api.py
[2025-10-08T08:45:54.021+0000] {processor.py:830} INFO - Processing file /home/airflow/.local/lib/python3.12/site-packages/airflow/example_dags/tutorial_taskflow_api.py for tasks to queue
[2025-10-08T08:45:54.024+0000] {logging_mixin.py:188} INFO - [2025-10-08T08:45:54.023+0000] {dagbag.py:545} INFO - Filling up the DagBag from /home/airflow/.local/lib/python3.12/site-packages/airflow/example_dags/tutorial_taskflow_api.py
[2025-10-08T08:45:54.033+0000] {processor.py:840} INFO - DAG(s) 'tutorial_taskflow_api' retrieved from /home/airflow/.local/lib/python3.12/site-packages/airflow/example_dags/tutorial_taskflow_api.py
[2025-10-08T08:45:54.058+0000] {logging_mixin.py:188} INFO - [2025-10-08T08:45:54.058+0000] {dag.py:3096} INFO - Sync 1 DAGs
[2025-10-08T08:45:54.073+0000] {logging_mixin.py:188} INFO - [2025-10-08T08:45:54.073+0000] {dag.py:3954} INFO - Setting next_dagrun for tutorial_taskflow_api to None, run_after=None
[2025-10-08T08:45:54.103+0000] {processor.py:183} INFO - Processing /home/airflow/.local/lib/python3.12/site-packages/airflow/example_dags/tutorial_taskflow_api.py took 0.091 seconds
[2025-10-08T08:46:24.958+0000] {processor.py:161} INFO - Started process (PID=4240) to work on /home/airflow/.local/lib/python3.12/site-packages/airflow/example_dags/tutorial_taskflow_api.py
[2025-10-08T08:46:24.961+0000] {processor.py:830} INFO - Processing file /home/airflow/.local/lib/python3.12/site-packages/airflow/example_dags/tutorial_taskflow_api.py for tasks to queue
[2025-10-08T08:46:24.968+0000] {logging_mixin.py:188} INFO - [2025-10-08T08:46:24.966+0000] {dagbag.py:545} INFO - Filling up the DagBag from /home/airflow/.local/lib/python3.12/site-packages/airflow/example_dags/tutorial_taskflow_api.py
[2025-10-08T08:46:24.981+0000] {processor.py:840} INFO - DAG(s) 'tutorial_taskflow_api' retrieved from /home/airflow/.local/lib/python3.12/site-packages/airflow/example_dags/tutorial_taskflow_api.py
[2025-10-08T08:46:25.018+0000] {logging_mixin.py:188} INFO - [2025-10-08T08:46:25.018+0000] {dag.py:3096} INFO - Sync 1 DAGs
[2025-10-08T08:46:25.037+0000] {logging_mixin.py:188} INFO - [2025-10-08T08:46:25.037+0000] {dag.py:3954} INFO - Setting next_dagrun for tutorial_taskflow_api to None, run_after=None
[2025-10-08T08:46:25.058+0000] {processor.py:183} INFO - Processing /home/airflow/.local/lib/python3.12/site-packages/airflow/example_dags/tutorial_taskflow_api.py took 0.108 seconds
[2025-10-08T08:46:55.454+0000] {processor.py:161} INFO - Started process (PID=4299) to work on /home/airflow/.local/lib/python3.12/site-packages/airflow/example_dags/tutorial_taskflow_api.py
[2025-10-08T08:46:55.456+0000] {processor.py:830} INFO - Processing file /home/airflow/.local/lib/python3.12/site-packages/airflow/example_dags/tutorial_taskflow_api.py for tasks to queue
[2025-10-08T08:46:55.458+0000] {logging_mixin.py:188} INFO - [2025-10-08T08:46:55.458+0000] {dagbag.py:545} INFO - Filling up the DagBag from /home/airflow/.local/lib/python3.12/site-packages/airflow/example_dags/tutorial_taskflow_api.py
[2025-10-08T08:46:55.466+0000] {processor.py:840} INFO - DAG(s) 'tutorial_taskflow_api' retrieved from /home/airflow/.local/lib/python3.12/site-packages/airflow/example_dags/tutorial_taskflow_api.py
[2025-10-08T08:46:55.489+0000] {logging_mixin.py:188} INFO - [2025-10-08T08:46:55.489+0000] {dag.py:3096} INFO - Sync 1 DAGs
[2025-10-08T08:46:55.504+0000] {logging_mixin.py:188} INFO - [2025-10-08T08:46:55.503+0000] {dag.py:3954} INFO - Setting next_dagrun for tutorial_taskflow_api to None, run_after=None
[2025-10-08T08:46:55.530+0000] {processor.py:183} INFO - Processing /home/airflow/.local/lib/python3.12/site-packages/airflow/example_dags/tutorial_taskflow_api.py took 0.084 seconds
[2025-10-08T08:47:25.795+0000] {processor.py:161} INFO - Started process (PID=4358) to work on /home/airflow/.local/lib/python3.12/site-packages/airflow/example_dags/tutorial_taskflow_api.py
[2025-10-08T08:47:25.796+0000] {processor.py:830} INFO - Processing file /home/airflow/.local/lib/python3.12/site-packages/airflow/example_dags/tutorial_taskflow_api.py for tasks to queue
[2025-10-08T08:47:25.800+0000] {logging_mixin.py:188} INFO - [2025-10-08T08:47:25.799+0000] {dagbag.py:545} INFO - Filling up the DagBag from /home/airflow/.local/lib/python3.12/site-packages/airflow/example_dags/tutorial_taskflow_api.py
[2025-10-08T08:47:25.808+0000] {processor.py:840} INFO - DAG(s) 'tutorial_taskflow_api' retrieved from /home/airflow/.local/lib/python3.12/site-packages/airflow/example_dags/tutorial_taskflow_api.py
[2025-10-08T08:47:25.841+0000] {logging_mixin.py:188} INFO - [2025-10-08T08:47:25.841+0000] {dag.py:3096} INFO - Sync 1 DAGs
[2025-10-08T08:47:25.861+0000] {logging_mixin.py:188} INFO - [2025-10-08T08:47:25.860+0000] {dag.py:3954} INFO - Setting next_dagrun for tutorial_taskflow_api to None, run_after=None
[2025-10-08T08:47:25.898+0000] {processor.py:183} INFO - Processing /home/airflow/.local/lib/python3.12/site-packages/airflow/example_dags/tutorial_taskflow_api.py took 0.112 seconds
[2025-10-08T08:47:56.468+0000] {processor.py:161} INFO - Started process (PID=4417) to work on /home/airflow/.local/lib/python3.12/site-packages/airflow/example_dags/tutorial_taskflow_api.py
[2025-10-08T08:47:56.469+0000] {processor.py:830} INFO - Processing file /home/airflow/.local/lib/python3.12/site-packages/airflow/example_dags/tutorial_taskflow_api.py for tasks to queue
[2025-10-08T08:47:56.472+0000] {logging_mixin.py:188} INFO - [2025-10-08T08:47:56.472+0000] {dagbag.py:545} INFO - Filling up the DagBag from /home/airflow/.local/lib/python3.12/site-packages/airflow/example_dags/tutorial_taskflow_api.py
[2025-10-08T08:47:56.481+0000] {processor.py:840} INFO - DAG(s) 'tutorial_taskflow_api' retrieved from /home/airflow/.local/lib/python3.12/site-packages/airflow/example_dags/tutorial_taskflow_api.py
[2025-10-08T08:47:56.508+0000] {logging_mixin.py:188} INFO - [2025-10-08T08:47:56.508+0000] {dag.py:3096} INFO - Sync 1 DAGs
[2025-10-08T08:47:56.529+0000] {logging_mixin.py:188} INFO - [2025-10-08T08:47:56.528+0000] {dag.py:3954} INFO - Setting next_dagrun for tutorial_taskflow_api to None, run_after=None
[2025-10-08T08:47:56.566+0000] {processor.py:183} INFO - Processing /home/airflow/.local/lib/python3.12/site-packages/airflow/example_dags/tutorial_taskflow_api.py took 0.107 seconds
[2025-10-08T08:48:26.974+0000] {processor.py:161} INFO - Started process (PID=4476) to work on /home/airflow/.local/lib/python3.12/site-packages/airflow/example_dags/tutorial_taskflow_api.py
[2025-10-08T08:48:26.976+0000] {processor.py:830} INFO - Processing file /home/airflow/.local/lib/python3.12/site-packages/airflow/example_dags/tutorial_taskflow_api.py for tasks to queue
[2025-10-08T08:48:26.980+0000] {logging_mixin.py:188} INFO - [2025-10-08T08:48:26.979+0000] {dagbag.py:545} INFO - Filling up the DagBag from /home/airflow/.local/lib/python3.12/site-packages/airflow/example_dags/tutorial_taskflow_api.py
[2025-10-08T08:48:26.991+0000] {processor.py:840} INFO - DAG(s) 'tutorial_taskflow_api' retrieved from /home/airflow/.local/lib/python3.12/site-packages/airflow/example_dags/tutorial_taskflow_api.py
[2025-10-08T08:48:27.032+0000] {logging_mixin.py:188} INFO - [2025-10-08T08:48:27.031+0000] {dag.py:3096} INFO - Sync 1 DAGs
[2025-10-08T08:48:27.062+0000] {logging_mixin.py:188} INFO - [2025-10-08T08:48:27.062+0000] {dag.py:3954} INFO - Setting next_dagrun for tutorial_taskflow_api to None, run_after=None
[2025-10-08T08:48:27.094+0000] {processor.py:183} INFO - Processing /home/airflow/.local/lib/python3.12/site-packages/airflow/example_dags/tutorial_taskflow_api.py took 0.130 seconds
[2025-10-08T08:48:57.449+0000] {processor.py:161} INFO - Started process (PID=4535) to work on /home/airflow/.local/lib/python3.12/site-packages/airflow/example_dags/tutorial_taskflow_api.py
[2025-10-08T08:48:57.453+0000] {processor.py:830} INFO - Processing file /home/airflow/.local/lib/python3.12/site-packages/airflow/example_dags/tutorial_taskflow_api.py for tasks to queue
[2025-10-08T08:48:57.458+0000] {logging_mixin.py:188} INFO - [2025-10-08T08:48:57.457+0000] {dagbag.py:545} INFO - Filling up the DagBag from /home/airflow/.local/lib/python3.12/site-packages/airflow/example_dags/tutorial_taskflow_api.py
[2025-10-08T08:48:57.471+0000] {processor.py:840} INFO - DAG(s) 'tutorial_taskflow_api' retrieved from /home/airflow/.local/lib/python3.12/site-packages/airflow/example_dags/tutorial_taskflow_api.py
[2025-10-08T08:48:57.502+0000] {logging_mixin.py:188} INFO - [2025-10-08T08:48:57.502+0000] {dag.py:3096} INFO - Sync 1 DAGs
[2025-10-08T08:48:57.527+0000] {logging_mixin.py:188} INFO - [2025-10-08T08:48:57.526+0000] {dag.py:3954} INFO - Setting next_dagrun for tutorial_taskflow_api to None, run_after=None
[2025-10-08T08:48:57.580+0000] {processor.py:183} INFO - Processing /home/airflow/.local/lib/python3.12/site-packages/airflow/example_dags/tutorial_taskflow_api.py took 0.148 seconds
[2025-10-08T08:49:28.355+0000] {processor.py:161} INFO - Started process (PID=4594) to work on /home/airflow/.local/lib/python3.12/site-packages/airflow/example_dags/tutorial_taskflow_api.py
[2025-10-08T08:49:28.357+0000] {processor.py:830} INFO - Processing file /home/airflow/.local/lib/python3.12/site-packages/airflow/example_dags/tutorial_taskflow_api.py for tasks to queue
[2025-10-08T08:49:28.359+0000] {logging_mixin.py:188} INFO - [2025-10-08T08:49:28.359+0000] {dagbag.py:545} INFO - Filling up the DagBag from /home/airflow/.local/lib/python3.12/site-packages/airflow/example_dags/tutorial_taskflow_api.py
[2025-10-08T08:49:28.367+0000] {processor.py:840} INFO - DAG(s) 'tutorial_taskflow_api' retrieved from /home/airflow/.local/lib/python3.12/site-packages/airflow/example_dags/tutorial_taskflow_api.py
[2025-10-08T08:49:28.391+0000] {logging_mixin.py:188} INFO - [2025-10-08T08:49:28.391+0000] {dag.py:3096} INFO - Sync 1 DAGs
[2025-10-08T08:49:28.406+0000] {logging_mixin.py:188} INFO - [2025-10-08T08:49:28.406+0000] {dag.py:3954} INFO - Setting next_dagrun for tutorial_taskflow_api to None, run_after=None
[2025-10-08T08:49:28.430+0000] {processor.py:183} INFO - Processing /home/airflow/.local/lib/python3.12/site-packages/airflow/example_dags/tutorial_taskflow_api.py took 0.082 seconds
[2025-10-08T08:49:58.668+0000] {processor.py:161} INFO - Started process (PID=4653) to work on /home/airflow/.local/lib/python3.12/site-packages/airflow/example_dags/tutorial_taskflow_api.py
[2025-10-08T08:49:58.670+0000] {processor.py:830} INFO - Processing file /home/airflow/.local/lib/python3.12/site-packages/airflow/example_dags/tutorial_taskflow_api.py for tasks to queue
[2025-10-08T08:49:58.673+0000] {logging_mixin.py:188} INFO - [2025-10-08T08:49:58.673+0000] {dagbag.py:545} INFO - Filling up the DagBag from /home/airflow/.local/lib/python3.12/site-packages/airflow/example_dags/tutorial_taskflow_api.py
[2025-10-08T08:49:58.681+0000] {processor.py:840} INFO - DAG(s) 'tutorial_taskflow_api' retrieved from /home/airflow/.local/lib/python3.12/site-packages/airflow/example_dags/tutorial_taskflow_api.py
[2025-10-08T08:49:58.713+0000] {logging_mixin.py:188} INFO - [2025-10-08T08:49:58.713+0000] {dag.py:3096} INFO - Sync 1 DAGs
[2025-10-08T08:49:58.731+0000] {logging_mixin.py:188} INFO - [2025-10-08T08:49:58.731+0000] {dag.py:3954} INFO - Setting next_dagrun for tutorial_taskflow_api to None, run_after=None
[2025-10-08T08:49:58.753+0000] {processor.py:183} INFO - Processing /home/airflow/.local/lib/python3.12/site-packages/airflow/example_dags/tutorial_taskflow_api.py took 0.092 seconds
[2025-10-08T08:50:29.100+0000] {processor.py:161} INFO - Started process (PID=4712) to work on /home/airflow/.local/lib/python3.12/site-packages/airflow/example_dags/tutorial_taskflow_api.py
[2025-10-08T08:50:29.103+0000] {processor.py:830} INFO - Processing file /home/airflow/.local/lib/python3.12/site-packages/airflow/example_dags/tutorial_taskflow_api.py for tasks to queue
[2025-10-08T08:50:29.106+0000] {logging_mixin.py:188} INFO - [2025-10-08T08:50:29.106+0000] {dagbag.py:545} INFO - Filling up the DagBag from /home/airflow/.local/lib/python3.12/site-packages/airflow/example_dags/tutorial_taskflow_api.py
[2025-10-08T08:50:29.118+0000] {processor.py:840} INFO - DAG(s) 'tutorial_taskflow_api' retrieved from /home/airflow/.local/lib/python3.12/site-packages/airflow/example_dags/tutorial_taskflow_api.py
[2025-10-08T08:50:29.151+0000] {logging_mixin.py:188} INFO - [2025-10-08T08:50:29.150+0000] {dag.py:3096} INFO - Sync 1 DAGs
[2025-10-08T08:50:29.168+0000] {logging_mixin.py:188} INFO - [2025-10-08T08:50:29.167+0000] {dag.py:3954} INFO - Setting next_dagrun for tutorial_taskflow_api to None, run_after=None
[2025-10-08T08:50:29.195+0000] {processor.py:183} INFO - Processing /home/airflow/.local/lib/python3.12/site-packages/airflow/example_dags/tutorial_taskflow_api.py took 0.102 seconds
[2025-10-08T08:50:59.439+0000] {processor.py:161} INFO - Started process (PID=4771) to work on /home/airflow/.local/lib/python3.12/site-packages/airflow/example_dags/tutorial_taskflow_api.py
[2025-10-08T08:50:59.440+0000] {processor.py:830} INFO - Processing file /home/airflow/.local/lib/python3.12/site-packages/airflow/example_dags/tutorial_taskflow_api.py for tasks to queue
[2025-10-08T08:50:59.442+0000] {logging_mixin.py:188} INFO - [2025-10-08T08:50:59.442+0000] {dagbag.py:545} INFO - Filling up the DagBag from /home/airflow/.local/lib/python3.12/site-packages/airflow/example_dags/tutorial_taskflow_api.py
[2025-10-08T08:50:59.449+0000] {processor.py:840} INFO - DAG(s) 'tutorial_taskflow_api' retrieved from /home/airflow/.local/lib/python3.12/site-packages/airflow/example_dags/tutorial_taskflow_api.py
[2025-10-08T08:50:59.474+0000] {logging_mixin.py:188} INFO - [2025-10-08T08:50:59.474+0000] {dag.py:3096} INFO - Sync 1 DAGs
[2025-10-08T08:50:59.488+0000] {logging_mixin.py:188} INFO - [2025-10-08T08:50:59.488+0000] {dag.py:3954} INFO - Setting next_dagrun for tutorial_taskflow_api to None, run_after=None
[2025-10-08T08:50:59.513+0000] {processor.py:183} INFO - Processing /home/airflow/.local/lib/python3.12/site-packages/airflow/example_dags/tutorial_taskflow_api.py took 0.080 seconds
[2025-10-08T08:52:33.503+0000] {processor.py:161} INFO - Started process (PID=106) to work on /home/airflow/.local/lib/python3.12/site-packages/airflow/example_dags/tutorial_taskflow_api.py
[2025-10-08T08:52:33.505+0000] {processor.py:830} INFO - Processing file /home/airflow/.local/lib/python3.12/site-packages/airflow/example_dags/tutorial_taskflow_api.py for tasks to queue
[2025-10-08T08:52:33.508+0000] {logging_mixin.py:188} INFO - [2025-10-08T08:52:33.508+0000] {dagbag.py:545} INFO - Filling up the DagBag from /home/airflow/.local/lib/python3.12/site-packages/airflow/example_dags/tutorial_taskflow_api.py
[2025-10-08T08:52:33.518+0000] {processor.py:840} INFO - DAG(s) 'tutorial_taskflow_api' retrieved from /home/airflow/.local/lib/python3.12/site-packages/airflow/example_dags/tutorial_taskflow_api.py
[2025-10-08T08:52:33.641+0000] {logging_mixin.py:188} INFO - [2025-10-08T08:52:33.640+0000] {dag.py:3096} INFO - Sync 1 DAGs
[2025-10-08T08:52:33.652+0000] {logging_mixin.py:188} INFO - [2025-10-08T08:52:33.652+0000] {dag.py:3954} INFO - Setting next_dagrun for tutorial_taskflow_api to None, run_after=None
[2025-10-08T08:52:33.678+0000] {processor.py:183} INFO - Processing /home/airflow/.local/lib/python3.12/site-packages/airflow/example_dags/tutorial_taskflow_api.py took 0.182 seconds
[2025-10-08T08:53:04.783+0000] {processor.py:161} INFO - Started process (PID=165) to work on /home/airflow/.local/lib/python3.12/site-packages/airflow/example_dags/tutorial_taskflow_api.py
[2025-10-08T08:53:04.785+0000] {processor.py:830} INFO - Processing file /home/airflow/.local/lib/python3.12/site-packages/airflow/example_dags/tutorial_taskflow_api.py for tasks to queue
[2025-10-08T08:53:04.787+0000] {logging_mixin.py:188} INFO - [2025-10-08T08:53:04.787+0000] {dagbag.py:545} INFO - Filling up the DagBag from /home/airflow/.local/lib/python3.12/site-packages/airflow/example_dags/tutorial_taskflow_api.py
[2025-10-08T08:53:04.795+0000] {processor.py:840} INFO - DAG(s) 'tutorial_taskflow_api' retrieved from /home/airflow/.local/lib/python3.12/site-packages/airflow/example_dags/tutorial_taskflow_api.py
[2025-10-08T08:53:04.823+0000] {logging_mixin.py:188} INFO - [2025-10-08T08:53:04.823+0000] {dag.py:3096} INFO - Sync 1 DAGs
[2025-10-08T08:53:04.840+0000] {logging_mixin.py:188} INFO - [2025-10-08T08:53:04.839+0000] {dag.py:3954} INFO - Setting next_dagrun for tutorial_taskflow_api to None, run_after=None
[2025-10-08T08:53:04.869+0000] {processor.py:183} INFO - Processing /home/airflow/.local/lib/python3.12/site-packages/airflow/example_dags/tutorial_taskflow_api.py took 0.094 seconds
[2025-10-08T08:53:35.550+0000] {processor.py:161} INFO - Started process (PID=224) to work on /home/airflow/.local/lib/python3.12/site-packages/airflow/example_dags/tutorial_taskflow_api.py
[2025-10-08T08:53:35.553+0000] {processor.py:830} INFO - Processing file /home/airflow/.local/lib/python3.12/site-packages/airflow/example_dags/tutorial_taskflow_api.py for tasks to queue
[2025-10-08T08:53:35.559+0000] {logging_mixin.py:188} INFO - [2025-10-08T08:53:35.558+0000] {dagbag.py:545} INFO - Filling up the DagBag from /home/airflow/.local/lib/python3.12/site-packages/airflow/example_dags/tutorial_taskflow_api.py
[2025-10-08T08:53:35.571+0000] {processor.py:840} INFO - DAG(s) 'tutorial_taskflow_api' retrieved from /home/airflow/.local/lib/python3.12/site-packages/airflow/example_dags/tutorial_taskflow_api.py
[2025-10-08T08:53:35.594+0000] {logging_mixin.py:188} INFO - [2025-10-08T08:53:35.594+0000] {dag.py:3096} INFO - Sync 1 DAGs
[2025-10-08T08:53:35.610+0000] {logging_mixin.py:188} INFO - [2025-10-08T08:53:35.609+0000] {dag.py:3954} INFO - Setting next_dagrun for tutorial_taskflow_api to None, run_after=None
[2025-10-08T08:53:35.635+0000] {processor.py:183} INFO - Processing /home/airflow/.local/lib/python3.12/site-packages/airflow/example_dags/tutorial_taskflow_api.py took 0.093 seconds
[2025-10-08T08:54:06.886+0000] {processor.py:161} INFO - Started process (PID=283) to work on /home/airflow/.local/lib/python3.12/site-packages/airflow/example_dags/tutorial_taskflow_api.py
[2025-10-08T08:54:06.889+0000] {processor.py:830} INFO - Processing file /home/airflow/.local/lib/python3.12/site-packages/airflow/example_dags/tutorial_taskflow_api.py for tasks to queue
[2025-10-08T08:54:06.894+0000] {logging_mixin.py:188} INFO - [2025-10-08T08:54:06.893+0000] {dagbag.py:545} INFO - Filling up the DagBag from /home/airflow/.local/lib/python3.12/site-packages/airflow/example_dags/tutorial_taskflow_api.py
[2025-10-08T08:54:06.913+0000] {processor.py:840} INFO - DAG(s) 'tutorial_taskflow_api' retrieved from /home/airflow/.local/lib/python3.12/site-packages/airflow/example_dags/tutorial_taskflow_api.py
[2025-10-08T08:54:06.969+0000] {logging_mixin.py:188} INFO - [2025-10-08T08:54:06.968+0000] {dag.py:3096} INFO - Sync 1 DAGs
[2025-10-08T08:54:07.060+0000] {logging_mixin.py:188} INFO - [2025-10-08T08:54:07.059+0000] {dag.py:3954} INFO - Setting next_dagrun for tutorial_taskflow_api to None, run_after=None
[2025-10-08T08:54:07.152+0000] {processor.py:183} INFO - Processing /home/airflow/.local/lib/python3.12/site-packages/airflow/example_dags/tutorial_taskflow_api.py took 0.282 seconds
[2025-10-08T08:54:37.433+0000] {processor.py:161} INFO - Started process (PID=342) to work on /home/airflow/.local/lib/python3.12/site-packages/airflow/example_dags/tutorial_taskflow_api.py
[2025-10-08T08:54:37.434+0000] {processor.py:830} INFO - Processing file /home/airflow/.local/lib/python3.12/site-packages/airflow/example_dags/tutorial_taskflow_api.py for tasks to queue
[2025-10-08T08:54:37.438+0000] {logging_mixin.py:188} INFO - [2025-10-08T08:54:37.437+0000] {dagbag.py:545} INFO - Filling up the DagBag from /home/airflow/.local/lib/python3.12/site-packages/airflow/example_dags/tutorial_taskflow_api.py
[2025-10-08T08:54:37.449+0000] {processor.py:840} INFO - DAG(s) 'tutorial_taskflow_api' retrieved from /home/airflow/.local/lib/python3.12/site-packages/airflow/example_dags/tutorial_taskflow_api.py
[2025-10-08T08:54:37.476+0000] {logging_mixin.py:188} INFO - [2025-10-08T08:54:37.475+0000] {dag.py:3096} INFO - Sync 1 DAGs
[2025-10-08T08:54:37.493+0000] {logging_mixin.py:188} INFO - [2025-10-08T08:54:37.493+0000] {dag.py:3954} INFO - Setting next_dagrun for tutorial_taskflow_api to None, run_after=None
[2025-10-08T08:54:37.519+0000] {processor.py:183} INFO - Processing /home/airflow/.local/lib/python3.12/site-packages/airflow/example_dags/tutorial_taskflow_api.py took 0.094 seconds
[2025-10-08T08:55:08.726+0000] {processor.py:161} INFO - Started process (PID=401) to work on /home/airflow/.local/lib/python3.12/site-packages/airflow/example_dags/tutorial_taskflow_api.py
[2025-10-08T08:55:08.728+0000] {processor.py:830} INFO - Processing file /home/airflow/.local/lib/python3.12/site-packages/airflow/example_dags/tutorial_taskflow_api.py for tasks to queue
[2025-10-08T08:55:08.731+0000] {logging_mixin.py:188} INFO - [2025-10-08T08:55:08.730+0000] {dagbag.py:545} INFO - Filling up the DagBag from /home/airflow/.local/lib/python3.12/site-packages/airflow/example_dags/tutorial_taskflow_api.py
[2025-10-08T08:55:08.745+0000] {processor.py:840} INFO - DAG(s) 'tutorial_taskflow_api' retrieved from /home/airflow/.local/lib/python3.12/site-packages/airflow/example_dags/tutorial_taskflow_api.py
[2025-10-08T08:55:08.787+0000] {logging_mixin.py:188} INFO - [2025-10-08T08:55:08.786+0000] {dag.py:3096} INFO - Sync 1 DAGs
[2025-10-08T08:55:08.812+0000] {logging_mixin.py:188} INFO - [2025-10-08T08:55:08.811+0000] {dag.py:3954} INFO - Setting next_dagrun for tutorial_taskflow_api to None, run_after=None
[2025-10-08T08:55:08.850+0000] {processor.py:183} INFO - Processing /home/airflow/.local/lib/python3.12/site-packages/airflow/example_dags/tutorial_taskflow_api.py took 0.133 seconds
[2025-10-08T08:55:39.451+0000] {processor.py:161} INFO - Started process (PID=460) to work on /home/airflow/.local/lib/python3.12/site-packages/airflow/example_dags/tutorial_taskflow_api.py
[2025-10-08T08:55:39.453+0000] {processor.py:830} INFO - Processing file /home/airflow/.local/lib/python3.12/site-packages/airflow/example_dags/tutorial_taskflow_api.py for tasks to queue
[2025-10-08T08:55:39.458+0000] {logging_mixin.py:188} INFO - [2025-10-08T08:55:39.457+0000] {dagbag.py:545} INFO - Filling up the DagBag from /home/airflow/.local/lib/python3.12/site-packages/airflow/example_dags/tutorial_taskflow_api.py
[2025-10-08T08:55:39.472+0000] {processor.py:840} INFO - DAG(s) 'tutorial_taskflow_api' retrieved from /home/airflow/.local/lib/python3.12/site-packages/airflow/example_dags/tutorial_taskflow_api.py
[2025-10-08T08:55:39.507+0000] {logging_mixin.py:188} INFO - [2025-10-08T08:55:39.506+0000] {dag.py:3096} INFO - Sync 1 DAGs
[2025-10-08T08:55:39.699+0000] {logging_mixin.py:188} INFO - [2025-10-08T08:55:39.698+0000] {dag.py:3954} INFO - Setting next_dagrun for tutorial_taskflow_api to None, run_after=None
[2025-10-08T08:55:39.744+0000] {processor.py:183} INFO - Processing /home/airflow/.local/lib/python3.12/site-packages/airflow/example_dags/tutorial_taskflow_api.py took 0.302 seconds
[2025-10-08T08:56:09.901+0000] {processor.py:161} INFO - Started process (PID=519) to work on /home/airflow/.local/lib/python3.12/site-packages/airflow/example_dags/tutorial_taskflow_api.py
[2025-10-08T08:56:09.902+0000] {processor.py:830} INFO - Processing file /home/airflow/.local/lib/python3.12/site-packages/airflow/example_dags/tutorial_taskflow_api.py for tasks to queue
[2025-10-08T08:56:09.905+0000] {logging_mixin.py:188} INFO - [2025-10-08T08:56:09.905+0000] {dagbag.py:545} INFO - Filling up the DagBag from /home/airflow/.local/lib/python3.12/site-packages/airflow/example_dags/tutorial_taskflow_api.py
[2025-10-08T08:56:09.914+0000] {processor.py:840} INFO - DAG(s) 'tutorial_taskflow_api' retrieved from /home/airflow/.local/lib/python3.12/site-packages/airflow/example_dags/tutorial_taskflow_api.py
[2025-10-08T08:56:09.940+0000] {logging_mixin.py:188} INFO - [2025-10-08T08:56:09.940+0000] {dag.py:3096} INFO - Sync 1 DAGs
[2025-10-08T08:56:09.964+0000] {logging_mixin.py:188} INFO - [2025-10-08T08:56:09.963+0000] {dag.py:3954} INFO - Setting next_dagrun for tutorial_taskflow_api to None, run_after=None
[2025-10-08T08:56:09.991+0000] {processor.py:183} INFO - Processing /home/airflow/.local/lib/python3.12/site-packages/airflow/example_dags/tutorial_taskflow_api.py took 0.099 seconds
[2025-10-08T08:56:40.820+0000] {processor.py:161} INFO - Started process (PID=578) to work on /home/airflow/.local/lib/python3.12/site-packages/airflow/example_dags/tutorial_taskflow_api.py
[2025-10-08T08:56:40.823+0000] {processor.py:830} INFO - Processing file /home/airflow/.local/lib/python3.12/site-packages/airflow/example_dags/tutorial_taskflow_api.py for tasks to queue
[2025-10-08T08:56:40.828+0000] {logging_mixin.py:188} INFO - [2025-10-08T08:56:40.827+0000] {dagbag.py:545} INFO - Filling up the DagBag from /home/airflow/.local/lib/python3.12/site-packages/airflow/example_dags/tutorial_taskflow_api.py
[2025-10-08T08:56:40.853+0000] {processor.py:840} INFO - DAG(s) 'tutorial_taskflow_api' retrieved from /home/airflow/.local/lib/python3.12/site-packages/airflow/example_dags/tutorial_taskflow_api.py
[2025-10-08T08:56:40.895+0000] {logging_mixin.py:188} INFO - [2025-10-08T08:56:40.895+0000] {dag.py:3096} INFO - Sync 1 DAGs
[2025-10-08T08:56:40.922+0000] {logging_mixin.py:188} INFO - [2025-10-08T08:56:40.922+0000] {dag.py:3954} INFO - Setting next_dagrun for tutorial_taskflow_api to None, run_after=None
[2025-10-08T08:56:40.959+0000] {processor.py:183} INFO - Processing /home/airflow/.local/lib/python3.12/site-packages/airflow/example_dags/tutorial_taskflow_api.py took 0.151 seconds
[2025-10-08T08:57:11.318+0000] {processor.py:161} INFO - Started process (PID=637) to work on /home/airflow/.local/lib/python3.12/site-packages/airflow/example_dags/tutorial_taskflow_api.py
[2025-10-08T08:57:11.320+0000] {processor.py:830} INFO - Processing file /home/airflow/.local/lib/python3.12/site-packages/airflow/example_dags/tutorial_taskflow_api.py for tasks to queue
[2025-10-08T08:57:11.322+0000] {logging_mixin.py:188} INFO - [2025-10-08T08:57:11.322+0000] {dagbag.py:545} INFO - Filling up the DagBag from /home/airflow/.local/lib/python3.12/site-packages/airflow/example_dags/tutorial_taskflow_api.py
[2025-10-08T08:57:11.332+0000] {processor.py:840} INFO - DAG(s) 'tutorial_taskflow_api' retrieved from /home/airflow/.local/lib/python3.12/site-packages/airflow/example_dags/tutorial_taskflow_api.py
[2025-10-08T08:57:11.366+0000] {logging_mixin.py:188} INFO - [2025-10-08T08:57:11.366+0000] {dag.py:3096} INFO - Sync 1 DAGs
[2025-10-08T08:57:11.382+0000] {logging_mixin.py:188} INFO - [2025-10-08T08:57:11.382+0000] {dag.py:3954} INFO - Setting next_dagrun for tutorial_taskflow_api to None, run_after=None
[2025-10-08T08:57:11.406+0000] {processor.py:183} INFO - Processing /home/airflow/.local/lib/python3.12/site-packages/airflow/example_dags/tutorial_taskflow_api.py took 0.097 seconds
[2025-10-08T08:57:42.275+0000] {processor.py:161} INFO - Started process (PID=696) to work on /home/airflow/.local/lib/python3.12/site-packages/airflow/example_dags/tutorial_taskflow_api.py
[2025-10-08T08:57:42.277+0000] {processor.py:830} INFO - Processing file /home/airflow/.local/lib/python3.12/site-packages/airflow/example_dags/tutorial_taskflow_api.py for tasks to queue
[2025-10-08T08:57:42.280+0000] {logging_mixin.py:188} INFO - [2025-10-08T08:57:42.280+0000] {dagbag.py:545} INFO - Filling up the DagBag from /home/airflow/.local/lib/python3.12/site-packages/airflow/example_dags/tutorial_taskflow_api.py
[2025-10-08T08:57:42.289+0000] {processor.py:840} INFO - DAG(s) 'tutorial_taskflow_api' retrieved from /home/airflow/.local/lib/python3.12/site-packages/airflow/example_dags/tutorial_taskflow_api.py
[2025-10-08T08:57:42.313+0000] {logging_mixin.py:188} INFO - [2025-10-08T08:57:42.313+0000] {dag.py:3096} INFO - Sync 1 DAGs
[2025-10-08T08:57:42.328+0000] {logging_mixin.py:188} INFO - [2025-10-08T08:57:42.328+0000] {dag.py:3954} INFO - Setting next_dagrun for tutorial_taskflow_api to None, run_after=None
[2025-10-08T08:57:42.357+0000] {processor.py:183} INFO - Processing /home/airflow/.local/lib/python3.12/site-packages/airflow/example_dags/tutorial_taskflow_api.py took 0.097 seconds
[2025-10-08T08:58:12.822+0000] {processor.py:161} INFO - Started process (PID=755) to work on /home/airflow/.local/lib/python3.12/site-packages/airflow/example_dags/tutorial_taskflow_api.py
[2025-10-08T08:58:12.824+0000] {processor.py:830} INFO - Processing file /home/airflow/.local/lib/python3.12/site-packages/airflow/example_dags/tutorial_taskflow_api.py for tasks to queue
[2025-10-08T08:58:12.827+0000] {logging_mixin.py:188} INFO - [2025-10-08T08:58:12.826+0000] {dagbag.py:545} INFO - Filling up the DagBag from /home/airflow/.local/lib/python3.12/site-packages/airflow/example_dags/tutorial_taskflow_api.py
[2025-10-08T08:58:12.835+0000] {processor.py:840} INFO - DAG(s) 'tutorial_taskflow_api' retrieved from /home/airflow/.local/lib/python3.12/site-packages/airflow/example_dags/tutorial_taskflow_api.py
[2025-10-08T08:58:12.865+0000] {logging_mixin.py:188} INFO - [2025-10-08T08:58:12.865+0000] {dag.py:3096} INFO - Sync 1 DAGs
[2025-10-08T08:58:12.882+0000] {logging_mixin.py:188} INFO - [2025-10-08T08:58:12.882+0000] {dag.py:3954} INFO - Setting next_dagrun for tutorial_taskflow_api to None, run_after=None
[2025-10-08T08:58:12.911+0000] {processor.py:183} INFO - Processing /home/airflow/.local/lib/python3.12/site-packages/airflow/example_dags/tutorial_taskflow_api.py took 0.096 seconds
[2025-10-08T08:58:43.142+0000] {processor.py:161} INFO - Started process (PID=814) to work on /home/airflow/.local/lib/python3.12/site-packages/airflow/example_dags/tutorial_taskflow_api.py
[2025-10-08T08:58:43.143+0000] {processor.py:830} INFO - Processing file /home/airflow/.local/lib/python3.12/site-packages/airflow/example_dags/tutorial_taskflow_api.py for tasks to queue
[2025-10-08T08:58:43.147+0000] {logging_mixin.py:188} INFO - [2025-10-08T08:58:43.146+0000] {dagbag.py:545} INFO - Filling up the DagBag from /home/airflow/.local/lib/python3.12/site-packages/airflow/example_dags/tutorial_taskflow_api.py
[2025-10-08T08:58:43.156+0000] {processor.py:840} INFO - DAG(s) 'tutorial_taskflow_api' retrieved from /home/airflow/.local/lib/python3.12/site-packages/airflow/example_dags/tutorial_taskflow_api.py
[2025-10-08T08:58:43.186+0000] {logging_mixin.py:188} INFO - [2025-10-08T08:58:43.186+0000] {dag.py:3096} INFO - Sync 1 DAGs
[2025-10-08T08:58:43.203+0000] {logging_mixin.py:188} INFO - [2025-10-08T08:58:43.202+0000] {dag.py:3954} INFO - Setting next_dagrun for tutorial_taskflow_api to None, run_after=None
[2025-10-08T08:58:43.228+0000] {processor.py:183} INFO - Processing /home/airflow/.local/lib/python3.12/site-packages/airflow/example_dags/tutorial_taskflow_api.py took 0.094 seconds
[2025-10-08T08:59:13.444+0000] {processor.py:161} INFO - Started process (PID=872) to work on /home/airflow/.local/lib/python3.12/site-packages/airflow/example_dags/tutorial_taskflow_api.py
[2025-10-08T08:59:13.446+0000] {processor.py:830} INFO - Processing file /home/airflow/.local/lib/python3.12/site-packages/airflow/example_dags/tutorial_taskflow_api.py for tasks to queue
[2025-10-08T08:59:13.450+0000] {logging_mixin.py:188} INFO - [2025-10-08T08:59:13.449+0000] {dagbag.py:545} INFO - Filling up the DagBag from /home/airflow/.local/lib/python3.12/site-packages/airflow/example_dags/tutorial_taskflow_api.py
[2025-10-08T08:59:13.461+0000] {processor.py:840} INFO - DAG(s) 'tutorial_taskflow_api' retrieved from /home/airflow/.local/lib/python3.12/site-packages/airflow/example_dags/tutorial_taskflow_api.py
[2025-10-08T08:59:13.503+0000] {logging_mixin.py:188} INFO - [2025-10-08T08:59:13.503+0000] {dag.py:3096} INFO - Sync 1 DAGs
[2025-10-08T08:59:13.522+0000] {logging_mixin.py:188} INFO - [2025-10-08T08:59:13.521+0000] {dag.py:3954} INFO - Setting next_dagrun for tutorial_taskflow_api to None, run_after=None
[2025-10-08T08:59:13.557+0000] {processor.py:183} INFO - Processing /home/airflow/.local/lib/python3.12/site-packages/airflow/example_dags/tutorial_taskflow_api.py took 0.123 seconds
[2025-10-08T08:59:44.357+0000] {processor.py:161} INFO - Started process (PID=931) to work on /home/airflow/.local/lib/python3.12/site-packages/airflow/example_dags/tutorial_taskflow_api.py
[2025-10-08T08:59:44.359+0000] {processor.py:830} INFO - Processing file /home/airflow/.local/lib/python3.12/site-packages/airflow/example_dags/tutorial_taskflow_api.py for tasks to queue
[2025-10-08T08:59:44.363+0000] {logging_mixin.py:188} INFO - [2025-10-08T08:59:44.362+0000] {dagbag.py:545} INFO - Filling up the DagBag from /home/airflow/.local/lib/python3.12/site-packages/airflow/example_dags/tutorial_taskflow_api.py
[2025-10-08T08:59:44.374+0000] {processor.py:840} INFO - DAG(s) 'tutorial_taskflow_api' retrieved from /home/airflow/.local/lib/python3.12/site-packages/airflow/example_dags/tutorial_taskflow_api.py
[2025-10-08T08:59:44.400+0000] {logging_mixin.py:188} INFO - [2025-10-08T08:59:44.400+0000] {dag.py:3096} INFO - Sync 1 DAGs
[2025-10-08T08:59:44.416+0000] {logging_mixin.py:188} INFO - [2025-10-08T08:59:44.416+0000] {dag.py:3954} INFO - Setting next_dagrun for tutorial_taskflow_api to None, run_after=None
[2025-10-08T08:59:44.444+0000] {processor.py:183} INFO - Processing /home/airflow/.local/lib/python3.12/site-packages/airflow/example_dags/tutorial_taskflow_api.py took 0.095 seconds
[2025-10-08T09:00:14.930+0000] {processor.py:161} INFO - Started process (PID=990) to work on /home/airflow/.local/lib/python3.12/site-packages/airflow/example_dags/tutorial_taskflow_api.py
[2025-10-08T09:00:14.932+0000] {processor.py:830} INFO - Processing file /home/airflow/.local/lib/python3.12/site-packages/airflow/example_dags/tutorial_taskflow_api.py for tasks to queue
[2025-10-08T09:00:14.934+0000] {logging_mixin.py:188} INFO - [2025-10-08T09:00:14.934+0000] {dagbag.py:545} INFO - Filling up the DagBag from /home/airflow/.local/lib/python3.12/site-packages/airflow/example_dags/tutorial_taskflow_api.py
[2025-10-08T09:00:14.945+0000] {processor.py:840} INFO - DAG(s) 'tutorial_taskflow_api' retrieved from /home/airflow/.local/lib/python3.12/site-packages/airflow/example_dags/tutorial_taskflow_api.py
[2025-10-08T09:00:14.978+0000] {logging_mixin.py:188} INFO - [2025-10-08T09:00:14.978+0000] {dag.py:3096} INFO - Sync 1 DAGs
[2025-10-08T09:00:14.993+0000] {logging_mixin.py:188} INFO - [2025-10-08T09:00:14.993+0000] {dag.py:3954} INFO - Setting next_dagrun for tutorial_taskflow_api to None, run_after=None
[2025-10-08T09:00:15.022+0000] {processor.py:183} INFO - Processing /home/airflow/.local/lib/python3.12/site-packages/airflow/example_dags/tutorial_taskflow_api.py took 0.099 seconds
[2025-10-08T09:00:45.625+0000] {processor.py:161} INFO - Started process (PID=1049) to work on /home/airflow/.local/lib/python3.12/site-packages/airflow/example_dags/tutorial_taskflow_api.py
[2025-10-08T09:00:45.627+0000] {processor.py:830} INFO - Processing file /home/airflow/.local/lib/python3.12/site-packages/airflow/example_dags/tutorial_taskflow_api.py for tasks to queue
[2025-10-08T09:00:45.630+0000] {logging_mixin.py:188} INFO - [2025-10-08T09:00:45.630+0000] {dagbag.py:545} INFO - Filling up the DagBag from /home/airflow/.local/lib/python3.12/site-packages/airflow/example_dags/tutorial_taskflow_api.py
[2025-10-08T09:00:45.640+0000] {processor.py:840} INFO - DAG(s) 'tutorial_taskflow_api' retrieved from /home/airflow/.local/lib/python3.12/site-packages/airflow/example_dags/tutorial_taskflow_api.py
[2025-10-08T09:00:45.672+0000] {logging_mixin.py:188} INFO - [2025-10-08T09:00:45.672+0000] {dag.py:3096} INFO - Sync 1 DAGs
[2025-10-08T09:00:45.690+0000] {logging_mixin.py:188} INFO - [2025-10-08T09:00:45.689+0000] {dag.py:3954} INFO - Setting next_dagrun for tutorial_taskflow_api to None, run_after=None
[2025-10-08T09:00:45.719+0000] {processor.py:183} INFO - Processing /home/airflow/.local/lib/python3.12/site-packages/airflow/example_dags/tutorial_taskflow_api.py took 0.102 seconds
[2025-10-08T09:01:15.903+0000] {processor.py:161} INFO - Started process (PID=1108) to work on /home/airflow/.local/lib/python3.12/site-packages/airflow/example_dags/tutorial_taskflow_api.py
[2025-10-08T09:01:15.906+0000] {processor.py:830} INFO - Processing file /home/airflow/.local/lib/python3.12/site-packages/airflow/example_dags/tutorial_taskflow_api.py for tasks to queue
[2025-10-08T09:01:15.909+0000] {logging_mixin.py:188} INFO - [2025-10-08T09:01:15.909+0000] {dagbag.py:545} INFO - Filling up the DagBag from /home/airflow/.local/lib/python3.12/site-packages/airflow/example_dags/tutorial_taskflow_api.py
[2025-10-08T09:01:15.922+0000] {processor.py:840} INFO - DAG(s) 'tutorial_taskflow_api' retrieved from /home/airflow/.local/lib/python3.12/site-packages/airflow/example_dags/tutorial_taskflow_api.py
[2025-10-08T09:01:15.952+0000] {logging_mixin.py:188} INFO - [2025-10-08T09:01:15.952+0000] {dag.py:3096} INFO - Sync 1 DAGs
[2025-10-08T09:01:15.972+0000] {logging_mixin.py:188} INFO - [2025-10-08T09:01:15.971+0000] {dag.py:3954} INFO - Setting next_dagrun for tutorial_taskflow_api to None, run_after=None
[2025-10-08T09:01:15.997+0000] {processor.py:183} INFO - Processing /home/airflow/.local/lib/python3.12/site-packages/airflow/example_dags/tutorial_taskflow_api.py took 0.105 seconds
[2025-10-08T09:01:46.107+0000] {processor.py:161} INFO - Started process (PID=1167) to work on /home/airflow/.local/lib/python3.12/site-packages/airflow/example_dags/tutorial_taskflow_api.py
[2025-10-08T09:01:46.109+0000] {processor.py:830} INFO - Processing file /home/airflow/.local/lib/python3.12/site-packages/airflow/example_dags/tutorial_taskflow_api.py for tasks to queue
[2025-10-08T09:01:46.112+0000] {logging_mixin.py:188} INFO - [2025-10-08T09:01:46.111+0000] {dagbag.py:545} INFO - Filling up the DagBag from /home/airflow/.local/lib/python3.12/site-packages/airflow/example_dags/tutorial_taskflow_api.py
[2025-10-08T09:01:46.119+0000] {processor.py:840} INFO - DAG(s) 'tutorial_taskflow_api' retrieved from /home/airflow/.local/lib/python3.12/site-packages/airflow/example_dags/tutorial_taskflow_api.py
[2025-10-08T09:01:46.144+0000] {logging_mixin.py:188} INFO - [2025-10-08T09:01:46.144+0000] {dag.py:3096} INFO - Sync 1 DAGs
[2025-10-08T09:01:46.158+0000] {logging_mixin.py:188} INFO - [2025-10-08T09:01:46.158+0000] {dag.py:3954} INFO - Setting next_dagrun for tutorial_taskflow_api to None, run_after=None
[2025-10-08T09:01:46.183+0000] {processor.py:183} INFO - Processing /home/airflow/.local/lib/python3.12/site-packages/airflow/example_dags/tutorial_taskflow_api.py took 0.083 seconds
[2025-10-08T09:02:16.630+0000] {processor.py:161} INFO - Started process (PID=1226) to work on /home/airflow/.local/lib/python3.12/site-packages/airflow/example_dags/tutorial_taskflow_api.py
[2025-10-08T09:02:16.632+0000] {processor.py:830} INFO - Processing file /home/airflow/.local/lib/python3.12/site-packages/airflow/example_dags/tutorial_taskflow_api.py for tasks to queue
[2025-10-08T09:02:16.636+0000] {logging_mixin.py:188} INFO - [2025-10-08T09:02:16.635+0000] {dagbag.py:545} INFO - Filling up the DagBag from /home/airflow/.local/lib/python3.12/site-packages/airflow/example_dags/tutorial_taskflow_api.py
[2025-10-08T09:02:16.644+0000] {processor.py:840} INFO - DAG(s) 'tutorial_taskflow_api' retrieved from /home/airflow/.local/lib/python3.12/site-packages/airflow/example_dags/tutorial_taskflow_api.py
[2025-10-08T09:02:16.674+0000] {logging_mixin.py:188} INFO - [2025-10-08T09:02:16.674+0000] {dag.py:3096} INFO - Sync 1 DAGs
[2025-10-08T09:02:16.692+0000] {logging_mixin.py:188} INFO - [2025-10-08T09:02:16.692+0000] {dag.py:3954} INFO - Setting next_dagrun for tutorial_taskflow_api to None, run_after=None
[2025-10-08T09:02:16.726+0000] {processor.py:183} INFO - Processing /home/airflow/.local/lib/python3.12/site-packages/airflow/example_dags/tutorial_taskflow_api.py took 0.104 seconds
[2025-10-08T09:02:47.236+0000] {processor.py:161} INFO - Started process (PID=1285) to work on /home/airflow/.local/lib/python3.12/site-packages/airflow/example_dags/tutorial_taskflow_api.py
[2025-10-08T09:02:47.239+0000] {processor.py:830} INFO - Processing file /home/airflow/.local/lib/python3.12/site-packages/airflow/example_dags/tutorial_taskflow_api.py for tasks to queue
[2025-10-08T09:02:47.243+0000] {logging_mixin.py:188} INFO - [2025-10-08T09:02:47.243+0000] {dagbag.py:545} INFO - Filling up the DagBag from /home/airflow/.local/lib/python3.12/site-packages/airflow/example_dags/tutorial_taskflow_api.py
[2025-10-08T09:02:47.251+0000] {processor.py:840} INFO - DAG(s) 'tutorial_taskflow_api' retrieved from /home/airflow/.local/lib/python3.12/site-packages/airflow/example_dags/tutorial_taskflow_api.py
[2025-10-08T09:02:47.279+0000] {logging_mixin.py:188} INFO - [2025-10-08T09:02:47.279+0000] {dag.py:3096} INFO - Sync 1 DAGs
[2025-10-08T09:02:47.293+0000] {logging_mixin.py:188} INFO - [2025-10-08T09:02:47.293+0000] {dag.py:3954} INFO - Setting next_dagrun for tutorial_taskflow_api to None, run_after=None
[2025-10-08T09:02:47.346+0000] {processor.py:183} INFO - Processing /home/airflow/.local/lib/python3.12/site-packages/airflow/example_dags/tutorial_taskflow_api.py took 0.118 seconds
[2025-10-08T09:03:17.793+0000] {processor.py:161} INFO - Started process (PID=1344) to work on /home/airflow/.local/lib/python3.12/site-packages/airflow/example_dags/tutorial_taskflow_api.py
[2025-10-08T09:03:17.795+0000] {processor.py:830} INFO - Processing file /home/airflow/.local/lib/python3.12/site-packages/airflow/example_dags/tutorial_taskflow_api.py for tasks to queue
[2025-10-08T09:03:17.798+0000] {logging_mixin.py:188} INFO - [2025-10-08T09:03:17.798+0000] {dagbag.py:545} INFO - Filling up the DagBag from /home/airflow/.local/lib/python3.12/site-packages/airflow/example_dags/tutorial_taskflow_api.py
[2025-10-08T09:03:17.809+0000] {processor.py:840} INFO - DAG(s) 'tutorial_taskflow_api' retrieved from /home/airflow/.local/lib/python3.12/site-packages/airflow/example_dags/tutorial_taskflow_api.py
[2025-10-08T09:03:17.836+0000] {logging_mixin.py:188} INFO - [2025-10-08T09:03:17.836+0000] {dag.py:3096} INFO - Sync 1 DAGs
[2025-10-08T09:03:17.854+0000] {logging_mixin.py:188} INFO - [2025-10-08T09:03:17.854+0000] {dag.py:3954} INFO - Setting next_dagrun for tutorial_taskflow_api to None, run_after=None
[2025-10-08T09:03:17.899+0000] {processor.py:183} INFO - Processing /home/airflow/.local/lib/python3.12/site-packages/airflow/example_dags/tutorial_taskflow_api.py took 0.113 seconds
[2025-10-08T09:03:49.916+0000] {processor.py:161} INFO - Started process (PID=1403) to work on /home/airflow/.local/lib/python3.12/site-packages/airflow/example_dags/tutorial_taskflow_api.py
[2025-10-08T09:03:49.920+0000] {processor.py:830} INFO - Processing file /home/airflow/.local/lib/python3.12/site-packages/airflow/example_dags/tutorial_taskflow_api.py for tasks to queue
[2025-10-08T09:03:49.924+0000] {logging_mixin.py:188} INFO - [2025-10-08T09:03:49.923+0000] {dagbag.py:545} INFO - Filling up the DagBag from /home/airflow/.local/lib/python3.12/site-packages/airflow/example_dags/tutorial_taskflow_api.py
[2025-10-08T09:03:49.944+0000] {processor.py:840} INFO - DAG(s) 'tutorial_taskflow_api' retrieved from /home/airflow/.local/lib/python3.12/site-packages/airflow/example_dags/tutorial_taskflow_api.py
[2025-10-08T09:03:49.982+0000] {logging_mixin.py:188} INFO - [2025-10-08T09:03:49.981+0000] {dag.py:3096} INFO - Sync 1 DAGs
[2025-10-08T09:03:50.008+0000] {logging_mixin.py:188} INFO - [2025-10-08T09:03:50.007+0000] {dag.py:3954} INFO - Setting next_dagrun for tutorial_taskflow_api to None, run_after=None
[2025-10-08T09:03:50.048+0000] {processor.py:183} INFO - Processing /home/airflow/.local/lib/python3.12/site-packages/airflow/example_dags/tutorial_taskflow_api.py took 0.139 seconds
