[2025-10-08T08:02:47.380+0000] {processor.py:161} INFO - Started process (PID=64) to work on /home/airflow/.local/lib/python3.12/site-packages/airflow/example_dags/tutorial_objectstorage.py
[2025-10-08T08:02:47.382+0000] {processor.py:830} INFO - Processing file /home/airflow/.local/lib/python3.12/site-packages/airflow/example_dags/tutorial_objectstorage.py for tasks to queue
[2025-10-08T08:02:47.390+0000] {logging_mixin.py:188} INFO - [2025-10-08T08:02:47.389+0000] {dagbag.py:545} INFO - Filling up the DagBag from /home/airflow/.local/lib/python3.12/site-packages/airflow/example_dags/tutorial_objectstorage.py
[2025-10-08T08:02:47.431+0000] {processor.py:840} INFO - DAG(s) 'tutorial_objectstorage' retrieved from /home/airflow/.local/lib/python3.12/site-packages/airflow/example_dags/tutorial_objectstorage.py
[2025-10-08T08:02:47.920+0000] {logging_mixin.py:188} INFO - [2025-10-08T08:02:47.919+0000] {override.py:1829} INFO - Created Permission View: can edit on DAG:tutorial_objectstorage
[2025-10-08T08:02:47.944+0000] {logging_mixin.py:188} INFO - [2025-10-08T08:02:47.943+0000] {override.py:1829} INFO - Created Permission View: can delete on DAG:tutorial_objectstorage
[2025-10-08T08:02:47.964+0000] {logging_mixin.py:188} INFO - [2025-10-08T08:02:47.963+0000] {override.py:1829} INFO - Created Permission View: can read on DAG:tutorial_objectstorage
[2025-10-08T08:02:47.966+0000] {logging_mixin.py:188} INFO - [2025-10-08T08:02:47.965+0000] {dag.py:3096} INFO - Sync 1 DAGs
[2025-10-08T08:02:48.000+0000] {logging_mixin.py:188} INFO - [2025-10-08T08:02:47.999+0000] {dag.py:3118} INFO - Creating ORM DAG for tutorial_objectstorage
[2025-10-08T08:02:48.001+0000] {logging_mixin.py:188} INFO - [2025-10-08T08:02:48.001+0000] {dag.py:3954} INFO - Setting next_dagrun for tutorial_objectstorage to None, run_after=None
[2025-10-08T08:02:48.038+0000] {processor.py:183} INFO - Processing /home/airflow/.local/lib/python3.12/site-packages/airflow/example_dags/tutorial_objectstorage.py took 0.670 seconds
[2025-10-08T08:03:18.253+0000] {processor.py:161} INFO - Started process (PID=122) to work on /home/airflow/.local/lib/python3.12/site-packages/airflow/example_dags/tutorial_objectstorage.py
[2025-10-08T08:03:18.283+0000] {processor.py:830} INFO - Processing file /home/airflow/.local/lib/python3.12/site-packages/airflow/example_dags/tutorial_objectstorage.py for tasks to queue
[2025-10-08T08:03:18.354+0000] {logging_mixin.py:188} INFO - [2025-10-08T08:03:18.342+0000] {dagbag.py:545} INFO - Filling up the DagBag from /home/airflow/.local/lib/python3.12/site-packages/airflow/example_dags/tutorial_objectstorage.py
[2025-10-08T08:03:18.449+0000] {processor.py:840} INFO - DAG(s) 'tutorial_objectstorage' retrieved from /home/airflow/.local/lib/python3.12/site-packages/airflow/example_dags/tutorial_objectstorage.py
[2025-10-08T08:03:18.511+0000] {logging_mixin.py:188} INFO - [2025-10-08T08:03:18.511+0000] {dag.py:3096} INFO - Sync 1 DAGs
[2025-10-08T08:03:18.536+0000] {logging_mixin.py:188} INFO - [2025-10-08T08:03:18.535+0000] {dag.py:3954} INFO - Setting next_dagrun for tutorial_objectstorage to None, run_after=None
[2025-10-08T08:03:18.573+0000] {processor.py:183} INFO - Processing /home/airflow/.local/lib/python3.12/site-packages/airflow/example_dags/tutorial_objectstorage.py took 0.334 seconds
[2025-10-08T08:03:49.424+0000] {processor.py:161} INFO - Started process (PID=180) to work on /home/airflow/.local/lib/python3.12/site-packages/airflow/example_dags/tutorial_objectstorage.py
[2025-10-08T08:03:49.426+0000] {processor.py:830} INFO - Processing file /home/airflow/.local/lib/python3.12/site-packages/airflow/example_dags/tutorial_objectstorage.py for tasks to queue
[2025-10-08T08:03:49.432+0000] {logging_mixin.py:188} INFO - [2025-10-08T08:03:49.431+0000] {dagbag.py:545} INFO - Filling up the DagBag from /home/airflow/.local/lib/python3.12/site-packages/airflow/example_dags/tutorial_objectstorage.py
[2025-10-08T08:03:49.456+0000] {processor.py:840} INFO - DAG(s) 'tutorial_objectstorage' retrieved from /home/airflow/.local/lib/python3.12/site-packages/airflow/example_dags/tutorial_objectstorage.py
[2025-10-08T08:03:49.522+0000] {logging_mixin.py:188} INFO - [2025-10-08T08:03:49.522+0000] {dag.py:3096} INFO - Sync 1 DAGs
[2025-10-08T08:03:49.541+0000] {logging_mixin.py:188} INFO - [2025-10-08T08:03:49.541+0000] {dag.py:3954} INFO - Setting next_dagrun for tutorial_objectstorage to None, run_after=None
[2025-10-08T08:03:49.570+0000] {processor.py:183} INFO - Processing /home/airflow/.local/lib/python3.12/site-packages/airflow/example_dags/tutorial_objectstorage.py took 0.158 seconds
[2025-10-08T08:04:19.730+0000] {processor.py:161} INFO - Started process (PID=238) to work on /home/airflow/.local/lib/python3.12/site-packages/airflow/example_dags/tutorial_objectstorage.py
[2025-10-08T08:04:19.735+0000] {processor.py:830} INFO - Processing file /home/airflow/.local/lib/python3.12/site-packages/airflow/example_dags/tutorial_objectstorage.py for tasks to queue
[2025-10-08T08:04:19.746+0000] {logging_mixin.py:188} INFO - [2025-10-08T08:04:19.745+0000] {dagbag.py:545} INFO - Filling up the DagBag from /home/airflow/.local/lib/python3.12/site-packages/airflow/example_dags/tutorial_objectstorage.py
[2025-10-08T08:04:19.779+0000] {processor.py:840} INFO - DAG(s) 'tutorial_objectstorage' retrieved from /home/airflow/.local/lib/python3.12/site-packages/airflow/example_dags/tutorial_objectstorage.py
[2025-10-08T08:04:20.094+0000] {logging_mixin.py:188} INFO - [2025-10-08T08:04:20.093+0000] {dag.py:3096} INFO - Sync 1 DAGs
[2025-10-08T08:04:20.139+0000] {logging_mixin.py:188} INFO - [2025-10-08T08:04:20.138+0000] {dag.py:3954} INFO - Setting next_dagrun for tutorial_objectstorage to None, run_after=None
[2025-10-08T08:04:20.225+0000] {processor.py:183} INFO - Processing /home/airflow/.local/lib/python3.12/site-packages/airflow/example_dags/tutorial_objectstorage.py took 0.524 seconds
[2025-10-08T08:04:50.716+0000] {processor.py:161} INFO - Started process (PID=296) to work on /home/airflow/.local/lib/python3.12/site-packages/airflow/example_dags/tutorial_objectstorage.py
[2025-10-08T08:04:50.720+0000] {processor.py:830} INFO - Processing file /home/airflow/.local/lib/python3.12/site-packages/airflow/example_dags/tutorial_objectstorage.py for tasks to queue
[2025-10-08T08:04:50.725+0000] {logging_mixin.py:188} INFO - [2025-10-08T08:04:50.724+0000] {dagbag.py:545} INFO - Filling up the DagBag from /home/airflow/.local/lib/python3.12/site-packages/airflow/example_dags/tutorial_objectstorage.py
[2025-10-08T08:04:50.738+0000] {processor.py:840} INFO - DAG(s) 'tutorial_objectstorage' retrieved from /home/airflow/.local/lib/python3.12/site-packages/airflow/example_dags/tutorial_objectstorage.py
[2025-10-08T08:04:50.781+0000] {logging_mixin.py:188} INFO - [2025-10-08T08:04:50.780+0000] {dag.py:3096} INFO - Sync 1 DAGs
[2025-10-08T08:04:50.800+0000] {logging_mixin.py:188} INFO - [2025-10-08T08:04:50.799+0000] {dag.py:3954} INFO - Setting next_dagrun for tutorial_objectstorage to None, run_after=None
[2025-10-08T08:04:50.829+0000] {processor.py:183} INFO - Processing /home/airflow/.local/lib/python3.12/site-packages/airflow/example_dags/tutorial_objectstorage.py took 0.132 seconds
[2025-10-08T08:05:21.062+0000] {processor.py:161} INFO - Started process (PID=354) to work on /home/airflow/.local/lib/python3.12/site-packages/airflow/example_dags/tutorial_objectstorage.py
[2025-10-08T08:05:21.063+0000] {processor.py:830} INFO - Processing file /home/airflow/.local/lib/python3.12/site-packages/airflow/example_dags/tutorial_objectstorage.py for tasks to queue
[2025-10-08T08:05:21.065+0000] {logging_mixin.py:188} INFO - [2025-10-08T08:05:21.065+0000] {dagbag.py:545} INFO - Filling up the DagBag from /home/airflow/.local/lib/python3.12/site-packages/airflow/example_dags/tutorial_objectstorage.py
[2025-10-08T08:05:21.072+0000] {processor.py:840} INFO - DAG(s) 'tutorial_objectstorage' retrieved from /home/airflow/.local/lib/python3.12/site-packages/airflow/example_dags/tutorial_objectstorage.py
[2025-10-08T08:05:21.091+0000] {logging_mixin.py:188} INFO - [2025-10-08T08:05:21.091+0000] {dag.py:3096} INFO - Sync 1 DAGs
[2025-10-08T08:05:21.102+0000] {logging_mixin.py:188} INFO - [2025-10-08T08:05:21.102+0000] {dag.py:3954} INFO - Setting next_dagrun for tutorial_objectstorage to None, run_after=None
[2025-10-08T08:05:21.121+0000] {processor.py:183} INFO - Processing /home/airflow/.local/lib/python3.12/site-packages/airflow/example_dags/tutorial_objectstorage.py took 0.066 seconds
[2025-10-08T08:05:51.853+0000] {processor.py:161} INFO - Started process (PID=412) to work on /home/airflow/.local/lib/python3.12/site-packages/airflow/example_dags/tutorial_objectstorage.py
[2025-10-08T08:05:51.855+0000] {processor.py:830} INFO - Processing file /home/airflow/.local/lib/python3.12/site-packages/airflow/example_dags/tutorial_objectstorage.py for tasks to queue
[2025-10-08T08:05:51.858+0000] {logging_mixin.py:188} INFO - [2025-10-08T08:05:51.858+0000] {dagbag.py:545} INFO - Filling up the DagBag from /home/airflow/.local/lib/python3.12/site-packages/airflow/example_dags/tutorial_objectstorage.py
[2025-10-08T08:05:51.871+0000] {processor.py:840} INFO - DAG(s) 'tutorial_objectstorage' retrieved from /home/airflow/.local/lib/python3.12/site-packages/airflow/example_dags/tutorial_objectstorage.py
[2025-10-08T08:05:51.900+0000] {logging_mixin.py:188} INFO - [2025-10-08T08:05:51.900+0000] {dag.py:3096} INFO - Sync 1 DAGs
[2025-10-08T08:05:51.917+0000] {logging_mixin.py:188} INFO - [2025-10-08T08:05:51.917+0000] {dag.py:3954} INFO - Setting next_dagrun for tutorial_objectstorage to None, run_after=None
[2025-10-08T08:05:51.947+0000] {processor.py:183} INFO - Processing /home/airflow/.local/lib/python3.12/site-packages/airflow/example_dags/tutorial_objectstorage.py took 0.103 seconds
[2025-10-08T08:06:22.579+0000] {processor.py:161} INFO - Started process (PID=470) to work on /home/airflow/.local/lib/python3.12/site-packages/airflow/example_dags/tutorial_objectstorage.py
[2025-10-08T08:06:22.582+0000] {processor.py:830} INFO - Processing file /home/airflow/.local/lib/python3.12/site-packages/airflow/example_dags/tutorial_objectstorage.py for tasks to queue
[2025-10-08T08:06:22.590+0000] {logging_mixin.py:188} INFO - [2025-10-08T08:06:22.588+0000] {dagbag.py:545} INFO - Filling up the DagBag from /home/airflow/.local/lib/python3.12/site-packages/airflow/example_dags/tutorial_objectstorage.py
[2025-10-08T08:06:22.605+0000] {processor.py:840} INFO - DAG(s) 'tutorial_objectstorage' retrieved from /home/airflow/.local/lib/python3.12/site-packages/airflow/example_dags/tutorial_objectstorage.py
[2025-10-08T08:06:22.641+0000] {logging_mixin.py:188} INFO - [2025-10-08T08:06:22.641+0000] {dag.py:3096} INFO - Sync 1 DAGs
[2025-10-08T08:06:22.684+0000] {logging_mixin.py:188} INFO - [2025-10-08T08:06:22.682+0000] {dag.py:3954} INFO - Setting next_dagrun for tutorial_objectstorage to None, run_after=None
[2025-10-08T08:06:22.737+0000] {processor.py:183} INFO - Processing /home/airflow/.local/lib/python3.12/site-packages/airflow/example_dags/tutorial_objectstorage.py took 0.175 seconds
[2025-10-08T08:07:42.210+0000] {processor.py:161} INFO - Started process (PID=53) to work on /home/airflow/.local/lib/python3.12/site-packages/airflow/example_dags/tutorial_objectstorage.py
[2025-10-08T08:07:42.213+0000] {processor.py:830} INFO - Processing file /home/airflow/.local/lib/python3.12/site-packages/airflow/example_dags/tutorial_objectstorage.py for tasks to queue
[2025-10-08T08:07:42.219+0000] {logging_mixin.py:188} INFO - [2025-10-08T08:07:42.219+0000] {dagbag.py:545} INFO - Filling up the DagBag from /home/airflow/.local/lib/python3.12/site-packages/airflow/example_dags/tutorial_objectstorage.py
[2025-10-08T08:07:42.238+0000] {processor.py:840} INFO - DAG(s) 'tutorial_objectstorage' retrieved from /home/airflow/.local/lib/python3.12/site-packages/airflow/example_dags/tutorial_objectstorage.py
[2025-10-08T08:07:42.459+0000] {logging_mixin.py:188} INFO - [2025-10-08T08:07:42.459+0000] {dag.py:3096} INFO - Sync 1 DAGs
[2025-10-08T08:07:42.480+0000] {logging_mixin.py:188} INFO - [2025-10-08T08:07:42.480+0000] {dag.py:3954} INFO - Setting next_dagrun for tutorial_objectstorage to None, run_after=None
[2025-10-08T08:07:42.533+0000] {processor.py:183} INFO - Processing /home/airflow/.local/lib/python3.12/site-packages/airflow/example_dags/tutorial_objectstorage.py took 0.339 seconds
[2025-10-08T08:08:12.690+0000] {processor.py:161} INFO - Started process (PID=117) to work on /home/airflow/.local/lib/python3.12/site-packages/airflow/example_dags/tutorial_objectstorage.py
[2025-10-08T08:08:12.693+0000] {processor.py:830} INFO - Processing file /home/airflow/.local/lib/python3.12/site-packages/airflow/example_dags/tutorial_objectstorage.py for tasks to queue
[2025-10-08T08:08:12.698+0000] {logging_mixin.py:188} INFO - [2025-10-08T08:08:12.697+0000] {dagbag.py:545} INFO - Filling up the DagBag from /home/airflow/.local/lib/python3.12/site-packages/airflow/example_dags/tutorial_objectstorage.py
[2025-10-08T08:08:12.717+0000] {processor.py:840} INFO - DAG(s) 'tutorial_objectstorage' retrieved from /home/airflow/.local/lib/python3.12/site-packages/airflow/example_dags/tutorial_objectstorage.py
[2025-10-08T08:08:12.767+0000] {logging_mixin.py:188} INFO - [2025-10-08T08:08:12.766+0000] {dag.py:3096} INFO - Sync 1 DAGs
[2025-10-08T08:08:12.789+0000] {logging_mixin.py:188} INFO - [2025-10-08T08:08:12.789+0000] {dag.py:3954} INFO - Setting next_dagrun for tutorial_objectstorage to None, run_after=None
[2025-10-08T08:08:12.832+0000] {processor.py:183} INFO - Processing /home/airflow/.local/lib/python3.12/site-packages/airflow/example_dags/tutorial_objectstorage.py took 0.153 seconds
[2025-10-08T08:08:43.399+0000] {processor.py:161} INFO - Started process (PID=175) to work on /home/airflow/.local/lib/python3.12/site-packages/airflow/example_dags/tutorial_objectstorage.py
[2025-10-08T08:08:43.401+0000] {processor.py:830} INFO - Processing file /home/airflow/.local/lib/python3.12/site-packages/airflow/example_dags/tutorial_objectstorage.py for tasks to queue
[2025-10-08T08:08:43.406+0000] {logging_mixin.py:188} INFO - [2025-10-08T08:08:43.405+0000] {dagbag.py:545} INFO - Filling up the DagBag from /home/airflow/.local/lib/python3.12/site-packages/airflow/example_dags/tutorial_objectstorage.py
[2025-10-08T08:08:43.418+0000] {processor.py:840} INFO - DAG(s) 'tutorial_objectstorage' retrieved from /home/airflow/.local/lib/python3.12/site-packages/airflow/example_dags/tutorial_objectstorage.py
[2025-10-08T08:08:43.454+0000] {logging_mixin.py:188} INFO - [2025-10-08T08:08:43.454+0000] {dag.py:3096} INFO - Sync 1 DAGs
[2025-10-08T08:08:43.474+0000] {logging_mixin.py:188} INFO - [2025-10-08T08:08:43.474+0000] {dag.py:3954} INFO - Setting next_dagrun for tutorial_objectstorage to None, run_after=None
[2025-10-08T08:08:43.523+0000] {processor.py:183} INFO - Processing /home/airflow/.local/lib/python3.12/site-packages/airflow/example_dags/tutorial_objectstorage.py took 0.133 seconds
[2025-10-08T08:09:14.029+0000] {processor.py:161} INFO - Started process (PID=233) to work on /home/airflow/.local/lib/python3.12/site-packages/airflow/example_dags/tutorial_objectstorage.py
[2025-10-08T08:09:14.032+0000] {processor.py:830} INFO - Processing file /home/airflow/.local/lib/python3.12/site-packages/airflow/example_dags/tutorial_objectstorage.py for tasks to queue
[2025-10-08T08:09:14.036+0000] {logging_mixin.py:188} INFO - [2025-10-08T08:09:14.035+0000] {dagbag.py:545} INFO - Filling up the DagBag from /home/airflow/.local/lib/python3.12/site-packages/airflow/example_dags/tutorial_objectstorage.py
[2025-10-08T08:09:14.050+0000] {processor.py:840} INFO - DAG(s) 'tutorial_objectstorage' retrieved from /home/airflow/.local/lib/python3.12/site-packages/airflow/example_dags/tutorial_objectstorage.py
[2025-10-08T08:09:14.087+0000] {logging_mixin.py:188} INFO - [2025-10-08T08:09:14.087+0000] {dag.py:3096} INFO - Sync 1 DAGs
[2025-10-08T08:09:14.107+0000] {logging_mixin.py:188} INFO - [2025-10-08T08:09:14.106+0000] {dag.py:3954} INFO - Setting next_dagrun for tutorial_objectstorage to None, run_after=None
[2025-10-08T08:09:14.181+0000] {processor.py:183} INFO - Processing /home/airflow/.local/lib/python3.12/site-packages/airflow/example_dags/tutorial_objectstorage.py took 0.165 seconds
[2025-10-08T08:09:44.706+0000] {processor.py:161} INFO - Started process (PID=291) to work on /home/airflow/.local/lib/python3.12/site-packages/airflow/example_dags/tutorial_objectstorage.py
[2025-10-08T08:09:44.708+0000] {processor.py:830} INFO - Processing file /home/airflow/.local/lib/python3.12/site-packages/airflow/example_dags/tutorial_objectstorage.py for tasks to queue
[2025-10-08T08:09:44.715+0000] {logging_mixin.py:188} INFO - [2025-10-08T08:09:44.714+0000] {dagbag.py:545} INFO - Filling up the DagBag from /home/airflow/.local/lib/python3.12/site-packages/airflow/example_dags/tutorial_objectstorage.py
[2025-10-08T08:09:44.727+0000] {processor.py:840} INFO - DAG(s) 'tutorial_objectstorage' retrieved from /home/airflow/.local/lib/python3.12/site-packages/airflow/example_dags/tutorial_objectstorage.py
[2025-10-08T08:09:44.760+0000] {logging_mixin.py:188} INFO - [2025-10-08T08:09:44.760+0000] {dag.py:3096} INFO - Sync 1 DAGs
[2025-10-08T08:09:44.782+0000] {logging_mixin.py:188} INFO - [2025-10-08T08:09:44.782+0000] {dag.py:3954} INFO - Setting next_dagrun for tutorial_objectstorage to None, run_after=None
[2025-10-08T08:09:44.809+0000] {processor.py:183} INFO - Processing /home/airflow/.local/lib/python3.12/site-packages/airflow/example_dags/tutorial_objectstorage.py took 0.121 seconds
[2025-10-08T08:10:15.066+0000] {processor.py:161} INFO - Started process (PID=349) to work on /home/airflow/.local/lib/python3.12/site-packages/airflow/example_dags/tutorial_objectstorage.py
[2025-10-08T08:10:15.069+0000] {processor.py:830} INFO - Processing file /home/airflow/.local/lib/python3.12/site-packages/airflow/example_dags/tutorial_objectstorage.py for tasks to queue
[2025-10-08T08:10:15.074+0000] {logging_mixin.py:188} INFO - [2025-10-08T08:10:15.073+0000] {dagbag.py:545} INFO - Filling up the DagBag from /home/airflow/.local/lib/python3.12/site-packages/airflow/example_dags/tutorial_objectstorage.py
[2025-10-08T08:10:15.092+0000] {processor.py:840} INFO - DAG(s) 'tutorial_objectstorage' retrieved from /home/airflow/.local/lib/python3.12/site-packages/airflow/example_dags/tutorial_objectstorage.py
[2025-10-08T08:10:15.137+0000] {logging_mixin.py:188} INFO - [2025-10-08T08:10:15.137+0000] {dag.py:3096} INFO - Sync 1 DAGs
[2025-10-08T08:10:15.171+0000] {logging_mixin.py:188} INFO - [2025-10-08T08:10:15.170+0000] {dag.py:3954} INFO - Setting next_dagrun for tutorial_objectstorage to None, run_after=None
[2025-10-08T08:10:15.250+0000] {processor.py:183} INFO - Processing /home/airflow/.local/lib/python3.12/site-packages/airflow/example_dags/tutorial_objectstorage.py took 0.199 seconds
[2025-10-08T08:10:45.519+0000] {processor.py:161} INFO - Started process (PID=407) to work on /home/airflow/.local/lib/python3.12/site-packages/airflow/example_dags/tutorial_objectstorage.py
[2025-10-08T08:10:45.522+0000] {processor.py:830} INFO - Processing file /home/airflow/.local/lib/python3.12/site-packages/airflow/example_dags/tutorial_objectstorage.py for tasks to queue
[2025-10-08T08:10:45.550+0000] {logging_mixin.py:188} INFO - [2025-10-08T08:10:45.549+0000] {dagbag.py:545} INFO - Filling up the DagBag from /home/airflow/.local/lib/python3.12/site-packages/airflow/example_dags/tutorial_objectstorage.py
[2025-10-08T08:10:45.619+0000] {processor.py:840} INFO - DAG(s) 'tutorial_objectstorage' retrieved from /home/airflow/.local/lib/python3.12/site-packages/airflow/example_dags/tutorial_objectstorage.py
[2025-10-08T08:10:45.727+0000] {logging_mixin.py:188} INFO - [2025-10-08T08:10:45.726+0000] {dag.py:3096} INFO - Sync 1 DAGs
[2025-10-08T08:10:45.789+0000] {logging_mixin.py:188} INFO - [2025-10-08T08:10:45.788+0000] {dag.py:3954} INFO - Setting next_dagrun for tutorial_objectstorage to None, run_after=None
[2025-10-08T08:10:45.842+0000] {processor.py:183} INFO - Processing /home/airflow/.local/lib/python3.12/site-packages/airflow/example_dags/tutorial_objectstorage.py took 0.350 seconds
[2025-10-08T08:11:16.602+0000] {processor.py:161} INFO - Started process (PID=465) to work on /home/airflow/.local/lib/python3.12/site-packages/airflow/example_dags/tutorial_objectstorage.py
[2025-10-08T08:11:16.604+0000] {processor.py:830} INFO - Processing file /home/airflow/.local/lib/python3.12/site-packages/airflow/example_dags/tutorial_objectstorage.py for tasks to queue
[2025-10-08T08:11:16.610+0000] {logging_mixin.py:188} INFO - [2025-10-08T08:11:16.609+0000] {dagbag.py:545} INFO - Filling up the DagBag from /home/airflow/.local/lib/python3.12/site-packages/airflow/example_dags/tutorial_objectstorage.py
[2025-10-08T08:11:16.629+0000] {processor.py:840} INFO - DAG(s) 'tutorial_objectstorage' retrieved from /home/airflow/.local/lib/python3.12/site-packages/airflow/example_dags/tutorial_objectstorage.py
[2025-10-08T08:11:16.674+0000] {logging_mixin.py:188} INFO - [2025-10-08T08:11:16.673+0000] {dag.py:3096} INFO - Sync 1 DAGs
[2025-10-08T08:11:16.699+0000] {logging_mixin.py:188} INFO - [2025-10-08T08:11:16.699+0000] {dag.py:3954} INFO - Setting next_dagrun for tutorial_objectstorage to None, run_after=None
[2025-10-08T08:11:16.735+0000] {processor.py:183} INFO - Processing /home/airflow/.local/lib/python3.12/site-packages/airflow/example_dags/tutorial_objectstorage.py took 0.141 seconds
[2025-10-08T08:11:46.965+0000] {processor.py:161} INFO - Started process (PID=523) to work on /home/airflow/.local/lib/python3.12/site-packages/airflow/example_dags/tutorial_objectstorage.py
[2025-10-08T08:11:46.969+0000] {processor.py:830} INFO - Processing file /home/airflow/.local/lib/python3.12/site-packages/airflow/example_dags/tutorial_objectstorage.py for tasks to queue
[2025-10-08T08:11:46.973+0000] {logging_mixin.py:188} INFO - [2025-10-08T08:11:46.972+0000] {dagbag.py:545} INFO - Filling up the DagBag from /home/airflow/.local/lib/python3.12/site-packages/airflow/example_dags/tutorial_objectstorage.py
[2025-10-08T08:11:46.992+0000] {processor.py:840} INFO - DAG(s) 'tutorial_objectstorage' retrieved from /home/airflow/.local/lib/python3.12/site-packages/airflow/example_dags/tutorial_objectstorage.py
[2025-10-08T08:11:47.032+0000] {logging_mixin.py:188} INFO - [2025-10-08T08:11:47.031+0000] {dag.py:3096} INFO - Sync 1 DAGs
[2025-10-08T08:11:47.057+0000] {logging_mixin.py:188} INFO - [2025-10-08T08:11:47.057+0000] {dag.py:3954} INFO - Setting next_dagrun for tutorial_objectstorage to None, run_after=None
[2025-10-08T08:11:47.085+0000] {processor.py:183} INFO - Processing /home/airflow/.local/lib/python3.12/site-packages/airflow/example_dags/tutorial_objectstorage.py took 0.128 seconds
[2025-10-08T08:12:17.211+0000] {processor.py:161} INFO - Started process (PID=581) to work on /home/airflow/.local/lib/python3.12/site-packages/airflow/example_dags/tutorial_objectstorage.py
[2025-10-08T08:12:17.214+0000] {processor.py:830} INFO - Processing file /home/airflow/.local/lib/python3.12/site-packages/airflow/example_dags/tutorial_objectstorage.py for tasks to queue
[2025-10-08T08:12:17.219+0000] {logging_mixin.py:188} INFO - [2025-10-08T08:12:17.218+0000] {dagbag.py:545} INFO - Filling up the DagBag from /home/airflow/.local/lib/python3.12/site-packages/airflow/example_dags/tutorial_objectstorage.py
[2025-10-08T08:12:17.234+0000] {processor.py:840} INFO - DAG(s) 'tutorial_objectstorage' retrieved from /home/airflow/.local/lib/python3.12/site-packages/airflow/example_dags/tutorial_objectstorage.py
[2025-10-08T08:12:17.278+0000] {logging_mixin.py:188} INFO - [2025-10-08T08:12:17.277+0000] {dag.py:3096} INFO - Sync 1 DAGs
[2025-10-08T08:12:17.311+0000] {logging_mixin.py:188} INFO - [2025-10-08T08:12:17.311+0000] {dag.py:3954} INFO - Setting next_dagrun for tutorial_objectstorage to None, run_after=None
[2025-10-08T08:12:17.362+0000] {processor.py:183} INFO - Processing /home/airflow/.local/lib/python3.12/site-packages/airflow/example_dags/tutorial_objectstorage.py took 0.165 seconds
[2025-10-08T08:12:47.984+0000] {processor.py:161} INFO - Started process (PID=639) to work on /home/airflow/.local/lib/python3.12/site-packages/airflow/example_dags/tutorial_objectstorage.py
[2025-10-08T08:12:47.988+0000] {processor.py:830} INFO - Processing file /home/airflow/.local/lib/python3.12/site-packages/airflow/example_dags/tutorial_objectstorage.py for tasks to queue
[2025-10-08T08:12:47.997+0000] {logging_mixin.py:188} INFO - [2025-10-08T08:12:47.996+0000] {dagbag.py:545} INFO - Filling up the DagBag from /home/airflow/.local/lib/python3.12/site-packages/airflow/example_dags/tutorial_objectstorage.py
[2025-10-08T08:12:48.030+0000] {processor.py:840} INFO - DAG(s) 'tutorial_objectstorage' retrieved from /home/airflow/.local/lib/python3.12/site-packages/airflow/example_dags/tutorial_objectstorage.py
[2025-10-08T08:12:48.082+0000] {logging_mixin.py:188} INFO - [2025-10-08T08:12:48.081+0000] {dag.py:3096} INFO - Sync 1 DAGs
[2025-10-08T08:12:48.104+0000] {logging_mixin.py:188} INFO - [2025-10-08T08:12:48.103+0000] {dag.py:3954} INFO - Setting next_dagrun for tutorial_objectstorage to None, run_after=None
[2025-10-08T08:12:48.134+0000] {processor.py:183} INFO - Processing /home/airflow/.local/lib/python3.12/site-packages/airflow/example_dags/tutorial_objectstorage.py took 0.178 seconds
[2025-10-08T08:13:19.077+0000] {processor.py:161} INFO - Started process (PID=697) to work on /home/airflow/.local/lib/python3.12/site-packages/airflow/example_dags/tutorial_objectstorage.py
[2025-10-08T08:13:19.079+0000] {processor.py:830} INFO - Processing file /home/airflow/.local/lib/python3.12/site-packages/airflow/example_dags/tutorial_objectstorage.py for tasks to queue
[2025-10-08T08:13:19.085+0000] {logging_mixin.py:188} INFO - [2025-10-08T08:13:19.084+0000] {dagbag.py:545} INFO - Filling up the DagBag from /home/airflow/.local/lib/python3.12/site-packages/airflow/example_dags/tutorial_objectstorage.py
[2025-10-08T08:13:19.107+0000] {processor.py:840} INFO - DAG(s) 'tutorial_objectstorage' retrieved from /home/airflow/.local/lib/python3.12/site-packages/airflow/example_dags/tutorial_objectstorage.py
[2025-10-08T08:13:19.143+0000] {logging_mixin.py:188} INFO - [2025-10-08T08:13:19.143+0000] {dag.py:3096} INFO - Sync 1 DAGs
[2025-10-08T08:13:19.183+0000] {logging_mixin.py:188} INFO - [2025-10-08T08:13:19.183+0000] {dag.py:3954} INFO - Setting next_dagrun for tutorial_objectstorage to None, run_after=None
[2025-10-08T08:13:19.220+0000] {processor.py:183} INFO - Processing /home/airflow/.local/lib/python3.12/site-packages/airflow/example_dags/tutorial_objectstorage.py took 0.158 seconds
[2025-10-08T08:13:49.368+0000] {processor.py:161} INFO - Started process (PID=755) to work on /home/airflow/.local/lib/python3.12/site-packages/airflow/example_dags/tutorial_objectstorage.py
[2025-10-08T08:13:49.370+0000] {processor.py:830} INFO - Processing file /home/airflow/.local/lib/python3.12/site-packages/airflow/example_dags/tutorial_objectstorage.py for tasks to queue
[2025-10-08T08:13:49.375+0000] {logging_mixin.py:188} INFO - [2025-10-08T08:13:49.374+0000] {dagbag.py:545} INFO - Filling up the DagBag from /home/airflow/.local/lib/python3.12/site-packages/airflow/example_dags/tutorial_objectstorage.py
[2025-10-08T08:13:49.390+0000] {processor.py:840} INFO - DAG(s) 'tutorial_objectstorage' retrieved from /home/airflow/.local/lib/python3.12/site-packages/airflow/example_dags/tutorial_objectstorage.py
[2025-10-08T08:13:49.428+0000] {logging_mixin.py:188} INFO - [2025-10-08T08:13:49.427+0000] {dag.py:3096} INFO - Sync 1 DAGs
[2025-10-08T08:13:49.458+0000] {logging_mixin.py:188} INFO - [2025-10-08T08:13:49.457+0000] {dag.py:3954} INFO - Setting next_dagrun for tutorial_objectstorage to None, run_after=None
[2025-10-08T08:13:49.495+0000] {processor.py:183} INFO - Processing /home/airflow/.local/lib/python3.12/site-packages/airflow/example_dags/tutorial_objectstorage.py took 0.137 seconds
[2025-10-08T08:14:19.815+0000] {processor.py:161} INFO - Started process (PID=813) to work on /home/airflow/.local/lib/python3.12/site-packages/airflow/example_dags/tutorial_objectstorage.py
[2025-10-08T08:14:19.817+0000] {processor.py:830} INFO - Processing file /home/airflow/.local/lib/python3.12/site-packages/airflow/example_dags/tutorial_objectstorage.py for tasks to queue
[2025-10-08T08:14:19.823+0000] {logging_mixin.py:188} INFO - [2025-10-08T08:14:19.821+0000] {dagbag.py:545} INFO - Filling up the DagBag from /home/airflow/.local/lib/python3.12/site-packages/airflow/example_dags/tutorial_objectstorage.py
[2025-10-08T08:14:19.839+0000] {processor.py:840} INFO - DAG(s) 'tutorial_objectstorage' retrieved from /home/airflow/.local/lib/python3.12/site-packages/airflow/example_dags/tutorial_objectstorage.py
[2025-10-08T08:14:19.879+0000] {logging_mixin.py:188} INFO - [2025-10-08T08:14:19.879+0000] {dag.py:3096} INFO - Sync 1 DAGs
[2025-10-08T08:14:19.898+0000] {logging_mixin.py:188} INFO - [2025-10-08T08:14:19.898+0000] {dag.py:3954} INFO - Setting next_dagrun for tutorial_objectstorage to None, run_after=None
[2025-10-08T08:14:19.943+0000] {processor.py:183} INFO - Processing /home/airflow/.local/lib/python3.12/site-packages/airflow/example_dags/tutorial_objectstorage.py took 0.141 seconds
[2025-10-08T08:14:50.342+0000] {processor.py:161} INFO - Started process (PID=870) to work on /home/airflow/.local/lib/python3.12/site-packages/airflow/example_dags/tutorial_objectstorage.py
[2025-10-08T08:14:50.344+0000] {processor.py:830} INFO - Processing file /home/airflow/.local/lib/python3.12/site-packages/airflow/example_dags/tutorial_objectstorage.py for tasks to queue
[2025-10-08T08:14:50.348+0000] {logging_mixin.py:188} INFO - [2025-10-08T08:14:50.348+0000] {dagbag.py:545} INFO - Filling up the DagBag from /home/airflow/.local/lib/python3.12/site-packages/airflow/example_dags/tutorial_objectstorage.py
[2025-10-08T08:14:50.360+0000] {processor.py:840} INFO - DAG(s) 'tutorial_objectstorage' retrieved from /home/airflow/.local/lib/python3.12/site-packages/airflow/example_dags/tutorial_objectstorage.py
[2025-10-08T08:14:50.393+0000] {logging_mixin.py:188} INFO - [2025-10-08T08:14:50.392+0000] {dag.py:3096} INFO - Sync 1 DAGs
[2025-10-08T08:14:50.410+0000] {logging_mixin.py:188} INFO - [2025-10-08T08:14:50.409+0000] {dag.py:3954} INFO - Setting next_dagrun for tutorial_objectstorage to None, run_after=None
[2025-10-08T08:14:50.435+0000] {processor.py:183} INFO - Processing /home/airflow/.local/lib/python3.12/site-packages/airflow/example_dags/tutorial_objectstorage.py took 0.105 seconds
[2025-10-08T08:15:20.797+0000] {processor.py:161} INFO - Started process (PID=928) to work on /home/airflow/.local/lib/python3.12/site-packages/airflow/example_dags/tutorial_objectstorage.py
[2025-10-08T08:15:20.799+0000] {processor.py:830} INFO - Processing file /home/airflow/.local/lib/python3.12/site-packages/airflow/example_dags/tutorial_objectstorage.py for tasks to queue
[2025-10-08T08:15:20.803+0000] {logging_mixin.py:188} INFO - [2025-10-08T08:15:20.802+0000] {dagbag.py:545} INFO - Filling up the DagBag from /home/airflow/.local/lib/python3.12/site-packages/airflow/example_dags/tutorial_objectstorage.py
[2025-10-08T08:15:20.815+0000] {processor.py:840} INFO - DAG(s) 'tutorial_objectstorage' retrieved from /home/airflow/.local/lib/python3.12/site-packages/airflow/example_dags/tutorial_objectstorage.py
[2025-10-08T08:15:20.848+0000] {logging_mixin.py:188} INFO - [2025-10-08T08:15:20.848+0000] {dag.py:3096} INFO - Sync 1 DAGs
[2025-10-08T08:15:20.866+0000] {logging_mixin.py:188} INFO - [2025-10-08T08:15:20.866+0000] {dag.py:3954} INFO - Setting next_dagrun for tutorial_objectstorage to None, run_after=None
[2025-10-08T08:15:20.895+0000] {processor.py:183} INFO - Processing /home/airflow/.local/lib/python3.12/site-packages/airflow/example_dags/tutorial_objectstorage.py took 0.108 seconds
[2025-10-08T08:15:51.770+0000] {processor.py:161} INFO - Started process (PID=986) to work on /home/airflow/.local/lib/python3.12/site-packages/airflow/example_dags/tutorial_objectstorage.py
[2025-10-08T08:15:51.772+0000] {processor.py:830} INFO - Processing file /home/airflow/.local/lib/python3.12/site-packages/airflow/example_dags/tutorial_objectstorage.py for tasks to queue
[2025-10-08T08:15:51.776+0000] {logging_mixin.py:188} INFO - [2025-10-08T08:15:51.775+0000] {dagbag.py:545} INFO - Filling up the DagBag from /home/airflow/.local/lib/python3.12/site-packages/airflow/example_dags/tutorial_objectstorage.py
[2025-10-08T08:15:51.791+0000] {processor.py:840} INFO - DAG(s) 'tutorial_objectstorage' retrieved from /home/airflow/.local/lib/python3.12/site-packages/airflow/example_dags/tutorial_objectstorage.py
[2025-10-08T08:15:51.832+0000] {logging_mixin.py:188} INFO - [2025-10-08T08:15:51.832+0000] {dag.py:3096} INFO - Sync 1 DAGs
[2025-10-08T08:15:51.858+0000] {logging_mixin.py:188} INFO - [2025-10-08T08:15:51.857+0000] {dag.py:3954} INFO - Setting next_dagrun for tutorial_objectstorage to None, run_after=None
[2025-10-08T08:15:51.955+0000] {processor.py:183} INFO - Processing /home/airflow/.local/lib/python3.12/site-packages/airflow/example_dags/tutorial_objectstorage.py took 0.199 seconds
[2025-10-08T08:16:22.232+0000] {processor.py:161} INFO - Started process (PID=1044) to work on /home/airflow/.local/lib/python3.12/site-packages/airflow/example_dags/tutorial_objectstorage.py
[2025-10-08T08:16:22.240+0000] {processor.py:830} INFO - Processing file /home/airflow/.local/lib/python3.12/site-packages/airflow/example_dags/tutorial_objectstorage.py for tasks to queue
[2025-10-08T08:16:22.246+0000] {logging_mixin.py:188} INFO - [2025-10-08T08:16:22.245+0000] {dagbag.py:545} INFO - Filling up the DagBag from /home/airflow/.local/lib/python3.12/site-packages/airflow/example_dags/tutorial_objectstorage.py
[2025-10-08T08:16:22.264+0000] {processor.py:840} INFO - DAG(s) 'tutorial_objectstorage' retrieved from /home/airflow/.local/lib/python3.12/site-packages/airflow/example_dags/tutorial_objectstorage.py
[2025-10-08T08:16:22.309+0000] {logging_mixin.py:188} INFO - [2025-10-08T08:16:22.308+0000] {dag.py:3096} INFO - Sync 1 DAGs
[2025-10-08T08:16:22.337+0000] {logging_mixin.py:188} INFO - [2025-10-08T08:16:22.336+0000] {dag.py:3954} INFO - Setting next_dagrun for tutorial_objectstorage to None, run_after=None
[2025-10-08T08:16:22.387+0000] {processor.py:183} INFO - Processing /home/airflow/.local/lib/python3.12/site-packages/airflow/example_dags/tutorial_objectstorage.py took 0.167 seconds
[2025-10-08T08:16:52.670+0000] {processor.py:161} INFO - Started process (PID=1102) to work on /home/airflow/.local/lib/python3.12/site-packages/airflow/example_dags/tutorial_objectstorage.py
[2025-10-08T08:16:52.672+0000] {processor.py:830} INFO - Processing file /home/airflow/.local/lib/python3.12/site-packages/airflow/example_dags/tutorial_objectstorage.py for tasks to queue
[2025-10-08T08:16:52.676+0000] {logging_mixin.py:188} INFO - [2025-10-08T08:16:52.676+0000] {dagbag.py:545} INFO - Filling up the DagBag from /home/airflow/.local/lib/python3.12/site-packages/airflow/example_dags/tutorial_objectstorage.py
[2025-10-08T08:16:52.695+0000] {processor.py:840} INFO - DAG(s) 'tutorial_objectstorage' retrieved from /home/airflow/.local/lib/python3.12/site-packages/airflow/example_dags/tutorial_objectstorage.py
[2025-10-08T08:16:52.733+0000] {logging_mixin.py:188} INFO - [2025-10-08T08:16:52.732+0000] {dag.py:3096} INFO - Sync 1 DAGs
[2025-10-08T08:16:52.763+0000] {logging_mixin.py:188} INFO - [2025-10-08T08:16:52.763+0000] {dag.py:3954} INFO - Setting next_dagrun for tutorial_objectstorage to None, run_after=None
[2025-10-08T08:16:52.799+0000] {processor.py:183} INFO - Processing /home/airflow/.local/lib/python3.12/site-packages/airflow/example_dags/tutorial_objectstorage.py took 0.151 seconds
[2025-10-08T08:17:23.338+0000] {processor.py:161} INFO - Started process (PID=1160) to work on /home/airflow/.local/lib/python3.12/site-packages/airflow/example_dags/tutorial_objectstorage.py
[2025-10-08T08:17:23.342+0000] {processor.py:830} INFO - Processing file /home/airflow/.local/lib/python3.12/site-packages/airflow/example_dags/tutorial_objectstorage.py for tasks to queue
[2025-10-08T08:17:23.348+0000] {logging_mixin.py:188} INFO - [2025-10-08T08:17:23.347+0000] {dagbag.py:545} INFO - Filling up the DagBag from /home/airflow/.local/lib/python3.12/site-packages/airflow/example_dags/tutorial_objectstorage.py
[2025-10-08T08:17:23.374+0000] {processor.py:840} INFO - DAG(s) 'tutorial_objectstorage' retrieved from /home/airflow/.local/lib/python3.12/site-packages/airflow/example_dags/tutorial_objectstorage.py
[2025-10-08T08:17:23.419+0000] {logging_mixin.py:188} INFO - [2025-10-08T08:17:23.418+0000] {dag.py:3096} INFO - Sync 1 DAGs
[2025-10-08T08:17:23.442+0000] {logging_mixin.py:188} INFO - [2025-10-08T08:17:23.441+0000] {dag.py:3954} INFO - Setting next_dagrun for tutorial_objectstorage to None, run_after=None
[2025-10-08T08:17:23.492+0000] {processor.py:183} INFO - Processing /home/airflow/.local/lib/python3.12/site-packages/airflow/example_dags/tutorial_objectstorage.py took 0.173 seconds
[2025-10-08T08:17:54.201+0000] {processor.py:161} INFO - Started process (PID=1219) to work on /home/airflow/.local/lib/python3.12/site-packages/airflow/example_dags/tutorial_objectstorage.py
[2025-10-08T08:17:54.203+0000] {processor.py:830} INFO - Processing file /home/airflow/.local/lib/python3.12/site-packages/airflow/example_dags/tutorial_objectstorage.py for tasks to queue
[2025-10-08T08:17:54.207+0000] {logging_mixin.py:188} INFO - [2025-10-08T08:17:54.207+0000] {dagbag.py:545} INFO - Filling up the DagBag from /home/airflow/.local/lib/python3.12/site-packages/airflow/example_dags/tutorial_objectstorage.py
[2025-10-08T08:17:54.222+0000] {processor.py:840} INFO - DAG(s) 'tutorial_objectstorage' retrieved from /home/airflow/.local/lib/python3.12/site-packages/airflow/example_dags/tutorial_objectstorage.py
[2025-10-08T08:17:54.256+0000] {logging_mixin.py:188} INFO - [2025-10-08T08:17:54.256+0000] {dag.py:3096} INFO - Sync 1 DAGs
[2025-10-08T08:17:54.276+0000] {logging_mixin.py:188} INFO - [2025-10-08T08:17:54.275+0000] {dag.py:3954} INFO - Setting next_dagrun for tutorial_objectstorage to None, run_after=None
[2025-10-08T08:17:54.311+0000] {processor.py:183} INFO - Processing /home/airflow/.local/lib/python3.12/site-packages/airflow/example_dags/tutorial_objectstorage.py took 0.130 seconds
[2025-10-08T08:18:24.694+0000] {processor.py:161} INFO - Started process (PID=1279) to work on /home/airflow/.local/lib/python3.12/site-packages/airflow/example_dags/tutorial_objectstorage.py
[2025-10-08T08:18:24.696+0000] {processor.py:830} INFO - Processing file /home/airflow/.local/lib/python3.12/site-packages/airflow/example_dags/tutorial_objectstorage.py for tasks to queue
[2025-10-08T08:18:24.700+0000] {logging_mixin.py:188} INFO - [2025-10-08T08:18:24.700+0000] {dagbag.py:545} INFO - Filling up the DagBag from /home/airflow/.local/lib/python3.12/site-packages/airflow/example_dags/tutorial_objectstorage.py
[2025-10-08T08:18:24.718+0000] {processor.py:840} INFO - DAG(s) 'tutorial_objectstorage' retrieved from /home/airflow/.local/lib/python3.12/site-packages/airflow/example_dags/tutorial_objectstorage.py
[2025-10-08T08:18:24.763+0000] {logging_mixin.py:188} INFO - [2025-10-08T08:18:24.763+0000] {dag.py:3096} INFO - Sync 1 DAGs
[2025-10-08T08:18:24.796+0000] {logging_mixin.py:188} INFO - [2025-10-08T08:18:24.795+0000] {dag.py:3954} INFO - Setting next_dagrun for tutorial_objectstorage to None, run_after=None
[2025-10-08T08:18:24.836+0000] {processor.py:183} INFO - Processing /home/airflow/.local/lib/python3.12/site-packages/airflow/example_dags/tutorial_objectstorage.py took 0.153 seconds
[2025-10-08T08:18:55.024+0000] {processor.py:161} INFO - Started process (PID=1338) to work on /home/airflow/.local/lib/python3.12/site-packages/airflow/example_dags/tutorial_objectstorage.py
[2025-10-08T08:18:55.027+0000] {processor.py:830} INFO - Processing file /home/airflow/.local/lib/python3.12/site-packages/airflow/example_dags/tutorial_objectstorage.py for tasks to queue
[2025-10-08T08:18:55.033+0000] {logging_mixin.py:188} INFO - [2025-10-08T08:18:55.032+0000] {dagbag.py:545} INFO - Filling up the DagBag from /home/airflow/.local/lib/python3.12/site-packages/airflow/example_dags/tutorial_objectstorage.py
[2025-10-08T08:18:55.051+0000] {processor.py:840} INFO - DAG(s) 'tutorial_objectstorage' retrieved from /home/airflow/.local/lib/python3.12/site-packages/airflow/example_dags/tutorial_objectstorage.py
[2025-10-08T08:18:55.097+0000] {logging_mixin.py:188} INFO - [2025-10-08T08:18:55.096+0000] {dag.py:3096} INFO - Sync 1 DAGs
[2025-10-08T08:18:55.330+0000] {logging_mixin.py:188} INFO - [2025-10-08T08:18:55.330+0000] {dag.py:3954} INFO - Setting next_dagrun for tutorial_objectstorage to None, run_after=None
[2025-10-08T08:18:55.354+0000] {processor.py:183} INFO - Processing /home/airflow/.local/lib/python3.12/site-packages/airflow/example_dags/tutorial_objectstorage.py took 0.346 seconds
[2025-10-08T08:19:26.384+0000] {processor.py:161} INFO - Started process (PID=1397) to work on /home/airflow/.local/lib/python3.12/site-packages/airflow/example_dags/tutorial_objectstorage.py
[2025-10-08T08:19:26.396+0000] {processor.py:830} INFO - Processing file /home/airflow/.local/lib/python3.12/site-packages/airflow/example_dags/tutorial_objectstorage.py for tasks to queue
[2025-10-08T08:19:26.406+0000] {logging_mixin.py:188} INFO - [2025-10-08T08:19:26.404+0000] {dagbag.py:545} INFO - Filling up the DagBag from /home/airflow/.local/lib/python3.12/site-packages/airflow/example_dags/tutorial_objectstorage.py
[2025-10-08T08:19:26.450+0000] {processor.py:840} INFO - DAG(s) 'tutorial_objectstorage' retrieved from /home/airflow/.local/lib/python3.12/site-packages/airflow/example_dags/tutorial_objectstorage.py
[2025-10-08T08:19:26.532+0000] {logging_mixin.py:188} INFO - [2025-10-08T08:19:26.531+0000] {dag.py:3096} INFO - Sync 1 DAGs
[2025-10-08T08:19:26.593+0000] {logging_mixin.py:188} INFO - [2025-10-08T08:19:26.593+0000] {dag.py:3954} INFO - Setting next_dagrun for tutorial_objectstorage to None, run_after=None
[2025-10-08T08:19:26.683+0000] {processor.py:183} INFO - Processing /home/airflow/.local/lib/python3.12/site-packages/airflow/example_dags/tutorial_objectstorage.py took 0.311 seconds
[2025-10-08T08:19:57.049+0000] {processor.py:161} INFO - Started process (PID=1456) to work on /home/airflow/.local/lib/python3.12/site-packages/airflow/example_dags/tutorial_objectstorage.py
[2025-10-08T08:19:57.053+0000] {processor.py:830} INFO - Processing file /home/airflow/.local/lib/python3.12/site-packages/airflow/example_dags/tutorial_objectstorage.py for tasks to queue
[2025-10-08T08:19:57.059+0000] {logging_mixin.py:188} INFO - [2025-10-08T08:19:57.059+0000] {dagbag.py:545} INFO - Filling up the DagBag from /home/airflow/.local/lib/python3.12/site-packages/airflow/example_dags/tutorial_objectstorage.py
[2025-10-08T08:19:57.073+0000] {processor.py:840} INFO - DAG(s) 'tutorial_objectstorage' retrieved from /home/airflow/.local/lib/python3.12/site-packages/airflow/example_dags/tutorial_objectstorage.py
[2025-10-08T08:19:57.114+0000] {logging_mixin.py:188} INFO - [2025-10-08T08:19:57.114+0000] {dag.py:3096} INFO - Sync 1 DAGs
[2025-10-08T08:19:57.132+0000] {logging_mixin.py:188} INFO - [2025-10-08T08:19:57.132+0000] {dag.py:3954} INFO - Setting next_dagrun for tutorial_objectstorage to None, run_after=None
[2025-10-08T08:19:57.179+0000] {processor.py:183} INFO - Processing /home/airflow/.local/lib/python3.12/site-packages/airflow/example_dags/tutorial_objectstorage.py took 0.147 seconds
[2025-10-08T08:20:27.353+0000] {processor.py:161} INFO - Started process (PID=1515) to work on /home/airflow/.local/lib/python3.12/site-packages/airflow/example_dags/tutorial_objectstorage.py
[2025-10-08T08:20:27.356+0000] {processor.py:830} INFO - Processing file /home/airflow/.local/lib/python3.12/site-packages/airflow/example_dags/tutorial_objectstorage.py for tasks to queue
[2025-10-08T08:20:27.362+0000] {logging_mixin.py:188} INFO - [2025-10-08T08:20:27.361+0000] {dagbag.py:545} INFO - Filling up the DagBag from /home/airflow/.local/lib/python3.12/site-packages/airflow/example_dags/tutorial_objectstorage.py
[2025-10-08T08:20:27.380+0000] {processor.py:840} INFO - DAG(s) 'tutorial_objectstorage' retrieved from /home/airflow/.local/lib/python3.12/site-packages/airflow/example_dags/tutorial_objectstorage.py
[2025-10-08T08:20:27.432+0000] {logging_mixin.py:188} INFO - [2025-10-08T08:20:27.432+0000] {dag.py:3096} INFO - Sync 1 DAGs
[2025-10-08T08:20:27.454+0000] {logging_mixin.py:188} INFO - [2025-10-08T08:20:27.454+0000] {dag.py:3954} INFO - Setting next_dagrun for tutorial_objectstorage to None, run_after=None
[2025-10-08T08:20:27.505+0000] {processor.py:183} INFO - Processing /home/airflow/.local/lib/python3.12/site-packages/airflow/example_dags/tutorial_objectstorage.py took 0.171 seconds
[2025-10-08T08:20:57.992+0000] {processor.py:161} INFO - Started process (PID=1574) to work on /home/airflow/.local/lib/python3.12/site-packages/airflow/example_dags/tutorial_objectstorage.py
[2025-10-08T08:20:57.994+0000] {processor.py:830} INFO - Processing file /home/airflow/.local/lib/python3.12/site-packages/airflow/example_dags/tutorial_objectstorage.py for tasks to queue
[2025-10-08T08:20:57.998+0000] {logging_mixin.py:188} INFO - [2025-10-08T08:20:57.998+0000] {dagbag.py:545} INFO - Filling up the DagBag from /home/airflow/.local/lib/python3.12/site-packages/airflow/example_dags/tutorial_objectstorage.py
[2025-10-08T08:20:58.018+0000] {processor.py:840} INFO - DAG(s) 'tutorial_objectstorage' retrieved from /home/airflow/.local/lib/python3.12/site-packages/airflow/example_dags/tutorial_objectstorage.py
[2025-10-08T08:20:58.254+0000] {logging_mixin.py:188} INFO - [2025-10-08T08:20:58.253+0000] {dag.py:3096} INFO - Sync 1 DAGs
[2025-10-08T08:20:58.270+0000] {logging_mixin.py:188} INFO - [2025-10-08T08:20:58.270+0000] {dag.py:3954} INFO - Setting next_dagrun for tutorial_objectstorage to None, run_after=None
[2025-10-08T08:20:58.299+0000] {processor.py:183} INFO - Processing /home/airflow/.local/lib/python3.12/site-packages/airflow/example_dags/tutorial_objectstorage.py took 0.318 seconds
[2025-10-08T08:21:28.922+0000] {processor.py:161} INFO - Started process (PID=1631) to work on /home/airflow/.local/lib/python3.12/site-packages/airflow/example_dags/tutorial_objectstorage.py
[2025-10-08T08:21:28.924+0000] {processor.py:830} INFO - Processing file /home/airflow/.local/lib/python3.12/site-packages/airflow/example_dags/tutorial_objectstorage.py for tasks to queue
[2025-10-08T08:21:28.929+0000] {logging_mixin.py:188} INFO - [2025-10-08T08:21:28.928+0000] {dagbag.py:545} INFO - Filling up the DagBag from /home/airflow/.local/lib/python3.12/site-packages/airflow/example_dags/tutorial_objectstorage.py
[2025-10-08T08:21:28.943+0000] {processor.py:840} INFO - DAG(s) 'tutorial_objectstorage' retrieved from /home/airflow/.local/lib/python3.12/site-packages/airflow/example_dags/tutorial_objectstorage.py
[2025-10-08T08:21:28.987+0000] {logging_mixin.py:188} INFO - [2025-10-08T08:21:28.987+0000] {dag.py:3096} INFO - Sync 1 DAGs
[2025-10-08T08:21:29.008+0000] {logging_mixin.py:188} INFO - [2025-10-08T08:21:29.007+0000] {dag.py:3954} INFO - Setting next_dagrun for tutorial_objectstorage to None, run_after=None
[2025-10-08T08:21:29.053+0000] {processor.py:183} INFO - Processing /home/airflow/.local/lib/python3.12/site-packages/airflow/example_dags/tutorial_objectstorage.py took 0.145 seconds
[2025-10-08T08:21:59.639+0000] {processor.py:161} INFO - Started process (PID=1690) to work on /home/airflow/.local/lib/python3.12/site-packages/airflow/example_dags/tutorial_objectstorage.py
[2025-10-08T08:21:59.643+0000] {processor.py:830} INFO - Processing file /home/airflow/.local/lib/python3.12/site-packages/airflow/example_dags/tutorial_objectstorage.py for tasks to queue
[2025-10-08T08:21:59.648+0000] {logging_mixin.py:188} INFO - [2025-10-08T08:21:59.647+0000] {dagbag.py:545} INFO - Filling up the DagBag from /home/airflow/.local/lib/python3.12/site-packages/airflow/example_dags/tutorial_objectstorage.py
[2025-10-08T08:21:59.666+0000] {processor.py:840} INFO - DAG(s) 'tutorial_objectstorage' retrieved from /home/airflow/.local/lib/python3.12/site-packages/airflow/example_dags/tutorial_objectstorage.py
[2025-10-08T08:21:59.697+0000] {logging_mixin.py:188} INFO - [2025-10-08T08:21:59.696+0000] {dag.py:3096} INFO - Sync 1 DAGs
[2025-10-08T08:21:59.717+0000] {logging_mixin.py:188} INFO - [2025-10-08T08:21:59.716+0000] {dag.py:3954} INFO - Setting next_dagrun for tutorial_objectstorage to None, run_after=None
[2025-10-08T08:21:59.791+0000] {processor.py:183} INFO - Processing /home/airflow/.local/lib/python3.12/site-packages/airflow/example_dags/tutorial_objectstorage.py took 0.174 seconds
[2025-10-08T08:22:30.200+0000] {processor.py:161} INFO - Started process (PID=1749) to work on /home/airflow/.local/lib/python3.12/site-packages/airflow/example_dags/tutorial_objectstorage.py
[2025-10-08T08:22:30.203+0000] {processor.py:830} INFO - Processing file /home/airflow/.local/lib/python3.12/site-packages/airflow/example_dags/tutorial_objectstorage.py for tasks to queue
[2025-10-08T08:22:30.209+0000] {logging_mixin.py:188} INFO - [2025-10-08T08:22:30.208+0000] {dagbag.py:545} INFO - Filling up the DagBag from /home/airflow/.local/lib/python3.12/site-packages/airflow/example_dags/tutorial_objectstorage.py
[2025-10-08T08:22:30.229+0000] {processor.py:840} INFO - DAG(s) 'tutorial_objectstorage' retrieved from /home/airflow/.local/lib/python3.12/site-packages/airflow/example_dags/tutorial_objectstorage.py
[2025-10-08T08:22:30.276+0000] {logging_mixin.py:188} INFO - [2025-10-08T08:22:30.275+0000] {dag.py:3096} INFO - Sync 1 DAGs
[2025-10-08T08:22:30.298+0000] {logging_mixin.py:188} INFO - [2025-10-08T08:22:30.297+0000] {dag.py:3954} INFO - Setting next_dagrun for tutorial_objectstorage to None, run_after=None
[2025-10-08T08:22:30.328+0000] {processor.py:183} INFO - Processing /home/airflow/.local/lib/python3.12/site-packages/airflow/example_dags/tutorial_objectstorage.py took 0.142 seconds
[2025-10-08T08:23:01.255+0000] {processor.py:161} INFO - Started process (PID=1808) to work on /home/airflow/.local/lib/python3.12/site-packages/airflow/example_dags/tutorial_objectstorage.py
[2025-10-08T08:23:01.263+0000] {processor.py:830} INFO - Processing file /home/airflow/.local/lib/python3.12/site-packages/airflow/example_dags/tutorial_objectstorage.py for tasks to queue
[2025-10-08T08:23:01.273+0000] {logging_mixin.py:188} INFO - [2025-10-08T08:23:01.272+0000] {dagbag.py:545} INFO - Filling up the DagBag from /home/airflow/.local/lib/python3.12/site-packages/airflow/example_dags/tutorial_objectstorage.py
[2025-10-08T08:23:01.294+0000] {processor.py:840} INFO - DAG(s) 'tutorial_objectstorage' retrieved from /home/airflow/.local/lib/python3.12/site-packages/airflow/example_dags/tutorial_objectstorage.py
[2025-10-08T08:23:01.331+0000] {logging_mixin.py:188} INFO - [2025-10-08T08:23:01.331+0000] {dag.py:3096} INFO - Sync 1 DAGs
[2025-10-08T08:23:01.353+0000] {logging_mixin.py:188} INFO - [2025-10-08T08:23:01.352+0000] {dag.py:3954} INFO - Setting next_dagrun for tutorial_objectstorage to None, run_after=None
[2025-10-08T08:23:01.416+0000] {processor.py:183} INFO - Processing /home/airflow/.local/lib/python3.12/site-packages/airflow/example_dags/tutorial_objectstorage.py took 0.177 seconds
[2025-10-08T08:23:31.627+0000] {processor.py:161} INFO - Started process (PID=1867) to work on /home/airflow/.local/lib/python3.12/site-packages/airflow/example_dags/tutorial_objectstorage.py
[2025-10-08T08:23:31.630+0000] {processor.py:830} INFO - Processing file /home/airflow/.local/lib/python3.12/site-packages/airflow/example_dags/tutorial_objectstorage.py for tasks to queue
[2025-10-08T08:23:31.635+0000] {logging_mixin.py:188} INFO - [2025-10-08T08:23:31.634+0000] {dagbag.py:545} INFO - Filling up the DagBag from /home/airflow/.local/lib/python3.12/site-packages/airflow/example_dags/tutorial_objectstorage.py
[2025-10-08T08:23:31.649+0000] {processor.py:840} INFO - DAG(s) 'tutorial_objectstorage' retrieved from /home/airflow/.local/lib/python3.12/site-packages/airflow/example_dags/tutorial_objectstorage.py
[2025-10-08T08:23:31.680+0000] {logging_mixin.py:188} INFO - [2025-10-08T08:23:31.680+0000] {dag.py:3096} INFO - Sync 1 DAGs
[2025-10-08T08:23:31.699+0000] {logging_mixin.py:188} INFO - [2025-10-08T08:23:31.698+0000] {dag.py:3954} INFO - Setting next_dagrun for tutorial_objectstorage to None, run_after=None
[2025-10-08T08:23:31.754+0000] {processor.py:183} INFO - Processing /home/airflow/.local/lib/python3.12/site-packages/airflow/example_dags/tutorial_objectstorage.py took 0.140 seconds
[2025-10-08T08:24:02.326+0000] {processor.py:161} INFO - Started process (PID=1926) to work on /home/airflow/.local/lib/python3.12/site-packages/airflow/example_dags/tutorial_objectstorage.py
[2025-10-08T08:24:02.328+0000] {processor.py:830} INFO - Processing file /home/airflow/.local/lib/python3.12/site-packages/airflow/example_dags/tutorial_objectstorage.py for tasks to queue
[2025-10-08T08:24:02.332+0000] {logging_mixin.py:188} INFO - [2025-10-08T08:24:02.331+0000] {dagbag.py:545} INFO - Filling up the DagBag from /home/airflow/.local/lib/python3.12/site-packages/airflow/example_dags/tutorial_objectstorage.py
[2025-10-08T08:24:02.343+0000] {processor.py:840} INFO - DAG(s) 'tutorial_objectstorage' retrieved from /home/airflow/.local/lib/python3.12/site-packages/airflow/example_dags/tutorial_objectstorage.py
[2025-10-08T08:24:02.378+0000] {logging_mixin.py:188} INFO - [2025-10-08T08:24:02.378+0000] {dag.py:3096} INFO - Sync 1 DAGs
[2025-10-08T08:24:02.409+0000] {logging_mixin.py:188} INFO - [2025-10-08T08:24:02.408+0000] {dag.py:3954} INFO - Setting next_dagrun for tutorial_objectstorage to None, run_after=None
[2025-10-08T08:24:02.466+0000] {processor.py:183} INFO - Processing /home/airflow/.local/lib/python3.12/site-packages/airflow/example_dags/tutorial_objectstorage.py took 0.150 seconds
[2025-10-08T08:24:32.919+0000] {processor.py:161} INFO - Started process (PID=1985) to work on /home/airflow/.local/lib/python3.12/site-packages/airflow/example_dags/tutorial_objectstorage.py
[2025-10-08T08:24:32.922+0000] {processor.py:830} INFO - Processing file /home/airflow/.local/lib/python3.12/site-packages/airflow/example_dags/tutorial_objectstorage.py for tasks to queue
[2025-10-08T08:24:32.927+0000] {logging_mixin.py:188} INFO - [2025-10-08T08:24:32.926+0000] {dagbag.py:545} INFO - Filling up the DagBag from /home/airflow/.local/lib/python3.12/site-packages/airflow/example_dags/tutorial_objectstorage.py
[2025-10-08T08:24:32.946+0000] {processor.py:840} INFO - DAG(s) 'tutorial_objectstorage' retrieved from /home/airflow/.local/lib/python3.12/site-packages/airflow/example_dags/tutorial_objectstorage.py
[2025-10-08T08:24:32.986+0000] {logging_mixin.py:188} INFO - [2025-10-08T08:24:32.985+0000] {dag.py:3096} INFO - Sync 1 DAGs
[2025-10-08T08:24:33.007+0000] {logging_mixin.py:188} INFO - [2025-10-08T08:24:33.006+0000] {dag.py:3954} INFO - Setting next_dagrun for tutorial_objectstorage to None, run_after=None
[2025-10-08T08:24:33.038+0000] {processor.py:183} INFO - Processing /home/airflow/.local/lib/python3.12/site-packages/airflow/example_dags/tutorial_objectstorage.py took 0.135 seconds
[2025-10-08T08:25:03.787+0000] {processor.py:161} INFO - Started process (PID=2044) to work on /home/airflow/.local/lib/python3.12/site-packages/airflow/example_dags/tutorial_objectstorage.py
[2025-10-08T08:25:03.790+0000] {processor.py:830} INFO - Processing file /home/airflow/.local/lib/python3.12/site-packages/airflow/example_dags/tutorial_objectstorage.py for tasks to queue
[2025-10-08T08:25:03.795+0000] {logging_mixin.py:188} INFO - [2025-10-08T08:25:03.794+0000] {dagbag.py:545} INFO - Filling up the DagBag from /home/airflow/.local/lib/python3.12/site-packages/airflow/example_dags/tutorial_objectstorage.py
[2025-10-08T08:25:03.808+0000] {processor.py:840} INFO - DAG(s) 'tutorial_objectstorage' retrieved from /home/airflow/.local/lib/python3.12/site-packages/airflow/example_dags/tutorial_objectstorage.py
[2025-10-08T08:25:03.845+0000] {logging_mixin.py:188} INFO - [2025-10-08T08:25:03.845+0000] {dag.py:3096} INFO - Sync 1 DAGs
[2025-10-08T08:25:03.868+0000] {logging_mixin.py:188} INFO - [2025-10-08T08:25:03.868+0000] {dag.py:3954} INFO - Setting next_dagrun for tutorial_objectstorage to None, run_after=None
[2025-10-08T08:25:03.898+0000] {processor.py:183} INFO - Processing /home/airflow/.local/lib/python3.12/site-packages/airflow/example_dags/tutorial_objectstorage.py took 0.127 seconds
[2025-10-08T08:25:34.826+0000] {processor.py:161} INFO - Started process (PID=2103) to work on /home/airflow/.local/lib/python3.12/site-packages/airflow/example_dags/tutorial_objectstorage.py
[2025-10-08T08:25:34.828+0000] {processor.py:830} INFO - Processing file /home/airflow/.local/lib/python3.12/site-packages/airflow/example_dags/tutorial_objectstorage.py for tasks to queue
[2025-10-08T08:25:34.835+0000] {logging_mixin.py:188} INFO - [2025-10-08T08:25:34.834+0000] {dagbag.py:545} INFO - Filling up the DagBag from /home/airflow/.local/lib/python3.12/site-packages/airflow/example_dags/tutorial_objectstorage.py
[2025-10-08T08:25:34.851+0000] {processor.py:840} INFO - DAG(s) 'tutorial_objectstorage' retrieved from /home/airflow/.local/lib/python3.12/site-packages/airflow/example_dags/tutorial_objectstorage.py
[2025-10-08T08:25:34.891+0000] {logging_mixin.py:188} INFO - [2025-10-08T08:25:34.891+0000] {dag.py:3096} INFO - Sync 1 DAGs
[2025-10-08T08:25:34.919+0000] {logging_mixin.py:188} INFO - [2025-10-08T08:25:34.919+0000] {dag.py:3954} INFO - Setting next_dagrun for tutorial_objectstorage to None, run_after=None
[2025-10-08T08:25:34.959+0000] {processor.py:183} INFO - Processing /home/airflow/.local/lib/python3.12/site-packages/airflow/example_dags/tutorial_objectstorage.py took 0.144 seconds
[2025-10-08T08:26:05.738+0000] {processor.py:161} INFO - Started process (PID=2162) to work on /home/airflow/.local/lib/python3.12/site-packages/airflow/example_dags/tutorial_objectstorage.py
[2025-10-08T08:26:05.741+0000] {processor.py:830} INFO - Processing file /home/airflow/.local/lib/python3.12/site-packages/airflow/example_dags/tutorial_objectstorage.py for tasks to queue
[2025-10-08T08:26:05.747+0000] {logging_mixin.py:188} INFO - [2025-10-08T08:26:05.746+0000] {dagbag.py:545} INFO - Filling up the DagBag from /home/airflow/.local/lib/python3.12/site-packages/airflow/example_dags/tutorial_objectstorage.py
[2025-10-08T08:26:05.764+0000] {processor.py:840} INFO - DAG(s) 'tutorial_objectstorage' retrieved from /home/airflow/.local/lib/python3.12/site-packages/airflow/example_dags/tutorial_objectstorage.py
[2025-10-08T08:26:05.813+0000] {logging_mixin.py:188} INFO - [2025-10-08T08:26:05.812+0000] {dag.py:3096} INFO - Sync 1 DAGs
[2025-10-08T08:26:05.836+0000] {logging_mixin.py:188} INFO - [2025-10-08T08:26:05.836+0000] {dag.py:3954} INFO - Setting next_dagrun for tutorial_objectstorage to None, run_after=None
[2025-10-08T08:26:05.895+0000] {processor.py:183} INFO - Processing /home/airflow/.local/lib/python3.12/site-packages/airflow/example_dags/tutorial_objectstorage.py took 0.171 seconds
[2025-10-08T08:26:36.234+0000] {processor.py:161} INFO - Started process (PID=2221) to work on /home/airflow/.local/lib/python3.12/site-packages/airflow/example_dags/tutorial_objectstorage.py
[2025-10-08T08:26:36.237+0000] {processor.py:830} INFO - Processing file /home/airflow/.local/lib/python3.12/site-packages/airflow/example_dags/tutorial_objectstorage.py for tasks to queue
[2025-10-08T08:26:36.246+0000] {logging_mixin.py:188} INFO - [2025-10-08T08:26:36.245+0000] {dagbag.py:545} INFO - Filling up the DagBag from /home/airflow/.local/lib/python3.12/site-packages/airflow/example_dags/tutorial_objectstorage.py
[2025-10-08T08:26:36.279+0000] {processor.py:840} INFO - DAG(s) 'tutorial_objectstorage' retrieved from /home/airflow/.local/lib/python3.12/site-packages/airflow/example_dags/tutorial_objectstorage.py
[2025-10-08T08:26:36.369+0000] {logging_mixin.py:188} INFO - [2025-10-08T08:26:36.368+0000] {dag.py:3096} INFO - Sync 1 DAGs
[2025-10-08T08:26:36.463+0000] {logging_mixin.py:188} INFO - [2025-10-08T08:26:36.462+0000] {dag.py:3954} INFO - Setting next_dagrun for tutorial_objectstorage to None, run_after=None
[2025-10-08T08:26:36.609+0000] {processor.py:183} INFO - Processing /home/airflow/.local/lib/python3.12/site-packages/airflow/example_dags/tutorial_objectstorage.py took 0.398 seconds
[2025-10-08T08:27:06.723+0000] {processor.py:161} INFO - Started process (PID=2280) to work on /home/airflow/.local/lib/python3.12/site-packages/airflow/example_dags/tutorial_objectstorage.py
[2025-10-08T08:27:06.727+0000] {processor.py:830} INFO - Processing file /home/airflow/.local/lib/python3.12/site-packages/airflow/example_dags/tutorial_objectstorage.py for tasks to queue
[2025-10-08T08:27:06.733+0000] {logging_mixin.py:188} INFO - [2025-10-08T08:27:06.732+0000] {dagbag.py:545} INFO - Filling up the DagBag from /home/airflow/.local/lib/python3.12/site-packages/airflow/example_dags/tutorial_objectstorage.py
[2025-10-08T08:27:06.753+0000] {processor.py:840} INFO - DAG(s) 'tutorial_objectstorage' retrieved from /home/airflow/.local/lib/python3.12/site-packages/airflow/example_dags/tutorial_objectstorage.py
[2025-10-08T08:27:06.801+0000] {logging_mixin.py:188} INFO - [2025-10-08T08:27:06.800+0000] {dag.py:3096} INFO - Sync 1 DAGs
[2025-10-08T08:27:06.836+0000] {logging_mixin.py:188} INFO - [2025-10-08T08:27:06.835+0000] {dag.py:3954} INFO - Setting next_dagrun for tutorial_objectstorage to None, run_after=None
[2025-10-08T08:27:06.911+0000] {processor.py:183} INFO - Processing /home/airflow/.local/lib/python3.12/site-packages/airflow/example_dags/tutorial_objectstorage.py took 0.205 seconds
[2025-10-08T08:27:37.138+0000] {processor.py:161} INFO - Started process (PID=2339) to work on /home/airflow/.local/lib/python3.12/site-packages/airflow/example_dags/tutorial_objectstorage.py
[2025-10-08T08:27:37.140+0000] {processor.py:830} INFO - Processing file /home/airflow/.local/lib/python3.12/site-packages/airflow/example_dags/tutorial_objectstorage.py for tasks to queue
[2025-10-08T08:27:37.145+0000] {logging_mixin.py:188} INFO - [2025-10-08T08:27:37.144+0000] {dagbag.py:545} INFO - Filling up the DagBag from /home/airflow/.local/lib/python3.12/site-packages/airflow/example_dags/tutorial_objectstorage.py
[2025-10-08T08:27:37.160+0000] {processor.py:840} INFO - DAG(s) 'tutorial_objectstorage' retrieved from /home/airflow/.local/lib/python3.12/site-packages/airflow/example_dags/tutorial_objectstorage.py
[2025-10-08T08:27:37.199+0000] {logging_mixin.py:188} INFO - [2025-10-08T08:27:37.199+0000] {dag.py:3096} INFO - Sync 1 DAGs
[2025-10-08T08:27:37.219+0000] {logging_mixin.py:188} INFO - [2025-10-08T08:27:37.219+0000] {dag.py:3954} INFO - Setting next_dagrun for tutorial_objectstorage to None, run_after=None
[2025-10-08T08:27:37.258+0000] {processor.py:183} INFO - Processing /home/airflow/.local/lib/python3.12/site-packages/airflow/example_dags/tutorial_objectstorage.py took 0.134 seconds
[2025-10-08T08:28:08.058+0000] {processor.py:161} INFO - Started process (PID=2398) to work on /home/airflow/.local/lib/python3.12/site-packages/airflow/example_dags/tutorial_objectstorage.py
[2025-10-08T08:28:08.108+0000] {processor.py:830} INFO - Processing file /home/airflow/.local/lib/python3.12/site-packages/airflow/example_dags/tutorial_objectstorage.py for tasks to queue
[2025-10-08T08:28:08.150+0000] {logging_mixin.py:188} INFO - [2025-10-08T08:28:08.148+0000] {dagbag.py:545} INFO - Filling up the DagBag from /home/airflow/.local/lib/python3.12/site-packages/airflow/example_dags/tutorial_objectstorage.py
[2025-10-08T08:28:08.230+0000] {processor.py:840} INFO - DAG(s) 'tutorial_objectstorage' retrieved from /home/airflow/.local/lib/python3.12/site-packages/airflow/example_dags/tutorial_objectstorage.py
[2025-10-08T08:28:08.340+0000] {logging_mixin.py:188} INFO - [2025-10-08T08:28:08.340+0000] {dag.py:3096} INFO - Sync 1 DAGs
[2025-10-08T08:28:08.426+0000] {logging_mixin.py:188} INFO - [2025-10-08T08:28:08.425+0000] {dag.py:3954} INFO - Setting next_dagrun for tutorial_objectstorage to None, run_after=None
[2025-10-08T08:28:08.518+0000] {processor.py:183} INFO - Processing /home/airflow/.local/lib/python3.12/site-packages/airflow/example_dags/tutorial_objectstorage.py took 0.481 seconds
[2025-10-08T08:28:38.646+0000] {processor.py:161} INFO - Started process (PID=2457) to work on /home/airflow/.local/lib/python3.12/site-packages/airflow/example_dags/tutorial_objectstorage.py
[2025-10-08T08:28:38.650+0000] {processor.py:830} INFO - Processing file /home/airflow/.local/lib/python3.12/site-packages/airflow/example_dags/tutorial_objectstorage.py for tasks to queue
[2025-10-08T08:28:38.653+0000] {logging_mixin.py:188} INFO - [2025-10-08T08:28:38.652+0000] {dagbag.py:545} INFO - Filling up the DagBag from /home/airflow/.local/lib/python3.12/site-packages/airflow/example_dags/tutorial_objectstorage.py
[2025-10-08T08:28:38.664+0000] {processor.py:840} INFO - DAG(s) 'tutorial_objectstorage' retrieved from /home/airflow/.local/lib/python3.12/site-packages/airflow/example_dags/tutorial_objectstorage.py
[2025-10-08T08:28:38.692+0000] {logging_mixin.py:188} INFO - [2025-10-08T08:28:38.691+0000] {dag.py:3096} INFO - Sync 1 DAGs
[2025-10-08T08:28:38.711+0000] {logging_mixin.py:188} INFO - [2025-10-08T08:28:38.711+0000] {dag.py:3954} INFO - Setting next_dagrun for tutorial_objectstorage to None, run_after=None
[2025-10-08T08:28:38.749+0000] {processor.py:183} INFO - Processing /home/airflow/.local/lib/python3.12/site-packages/airflow/example_dags/tutorial_objectstorage.py took 0.115 seconds
[2025-10-08T08:29:09.244+0000] {processor.py:161} INFO - Started process (PID=2516) to work on /home/airflow/.local/lib/python3.12/site-packages/airflow/example_dags/tutorial_objectstorage.py
[2025-10-08T08:29:09.248+0000] {processor.py:830} INFO - Processing file /home/airflow/.local/lib/python3.12/site-packages/airflow/example_dags/tutorial_objectstorage.py for tasks to queue
[2025-10-08T08:29:09.254+0000] {logging_mixin.py:188} INFO - [2025-10-08T08:29:09.253+0000] {dagbag.py:545} INFO - Filling up the DagBag from /home/airflow/.local/lib/python3.12/site-packages/airflow/example_dags/tutorial_objectstorage.py
[2025-10-08T08:29:09.277+0000] {processor.py:840} INFO - DAG(s) 'tutorial_objectstorage' retrieved from /home/airflow/.local/lib/python3.12/site-packages/airflow/example_dags/tutorial_objectstorage.py
[2025-10-08T08:29:09.332+0000] {logging_mixin.py:188} INFO - [2025-10-08T08:29:09.331+0000] {dag.py:3096} INFO - Sync 1 DAGs
[2025-10-08T08:29:09.356+0000] {logging_mixin.py:188} INFO - [2025-10-08T08:29:09.355+0000] {dag.py:3954} INFO - Setting next_dagrun for tutorial_objectstorage to None, run_after=None
[2025-10-08T08:29:09.390+0000] {processor.py:183} INFO - Processing /home/airflow/.local/lib/python3.12/site-packages/airflow/example_dags/tutorial_objectstorage.py took 0.162 seconds
[2025-10-08T08:29:39.614+0000] {processor.py:161} INFO - Started process (PID=2575) to work on /home/airflow/.local/lib/python3.12/site-packages/airflow/example_dags/tutorial_objectstorage.py
[2025-10-08T08:29:39.616+0000] {processor.py:830} INFO - Processing file /home/airflow/.local/lib/python3.12/site-packages/airflow/example_dags/tutorial_objectstorage.py for tasks to queue
[2025-10-08T08:29:39.621+0000] {logging_mixin.py:188} INFO - [2025-10-08T08:29:39.620+0000] {dagbag.py:545} INFO - Filling up the DagBag from /home/airflow/.local/lib/python3.12/site-packages/airflow/example_dags/tutorial_objectstorage.py
[2025-10-08T08:29:39.635+0000] {processor.py:840} INFO - DAG(s) 'tutorial_objectstorage' retrieved from /home/airflow/.local/lib/python3.12/site-packages/airflow/example_dags/tutorial_objectstorage.py
[2025-10-08T08:29:39.670+0000] {logging_mixin.py:188} INFO - [2025-10-08T08:29:39.670+0000] {dag.py:3096} INFO - Sync 1 DAGs
[2025-10-08T08:29:39.688+0000] {logging_mixin.py:188} INFO - [2025-10-08T08:29:39.688+0000] {dag.py:3954} INFO - Setting next_dagrun for tutorial_objectstorage to None, run_after=None
[2025-10-08T08:29:39.720+0000] {processor.py:183} INFO - Processing /home/airflow/.local/lib/python3.12/site-packages/airflow/example_dags/tutorial_objectstorage.py took 0.119 seconds
[2025-10-08T08:30:10.369+0000] {processor.py:161} INFO - Started process (PID=2634) to work on /home/airflow/.local/lib/python3.12/site-packages/airflow/example_dags/tutorial_objectstorage.py
[2025-10-08T08:30:10.371+0000] {processor.py:830} INFO - Processing file /home/airflow/.local/lib/python3.12/site-packages/airflow/example_dags/tutorial_objectstorage.py for tasks to queue
[2025-10-08T08:30:10.373+0000] {logging_mixin.py:188} INFO - [2025-10-08T08:30:10.373+0000] {dagbag.py:545} INFO - Filling up the DagBag from /home/airflow/.local/lib/python3.12/site-packages/airflow/example_dags/tutorial_objectstorage.py
[2025-10-08T08:30:10.381+0000] {processor.py:840} INFO - DAG(s) 'tutorial_objectstorage' retrieved from /home/airflow/.local/lib/python3.12/site-packages/airflow/example_dags/tutorial_objectstorage.py
[2025-10-08T08:30:10.407+0000] {logging_mixin.py:188} INFO - [2025-10-08T08:30:10.407+0000] {dag.py:3096} INFO - Sync 1 DAGs
[2025-10-08T08:30:10.420+0000] {logging_mixin.py:188} INFO - [2025-10-08T08:30:10.419+0000] {dag.py:3954} INFO - Setting next_dagrun for tutorial_objectstorage to None, run_after=None
[2025-10-08T08:30:10.441+0000] {processor.py:183} INFO - Processing /home/airflow/.local/lib/python3.12/site-packages/airflow/example_dags/tutorial_objectstorage.py took 0.079 seconds
[2025-10-08T08:33:02.313+0000] {processor.py:161} INFO - Started process (PID=2646) to work on /home/airflow/.local/lib/python3.12/site-packages/airflow/example_dags/tutorial_objectstorage.py
[2025-10-08T08:33:02.316+0000] {processor.py:830} INFO - Processing file /home/airflow/.local/lib/python3.12/site-packages/airflow/example_dags/tutorial_objectstorage.py for tasks to queue
[2025-10-08T08:33:02.320+0000] {logging_mixin.py:188} INFO - [2025-10-08T08:33:02.320+0000] {dagbag.py:545} INFO - Filling up the DagBag from /home/airflow/.local/lib/python3.12/site-packages/airflow/example_dags/tutorial_objectstorage.py
[2025-10-08T08:33:02.331+0000] {processor.py:840} INFO - DAG(s) 'tutorial_objectstorage' retrieved from /home/airflow/.local/lib/python3.12/site-packages/airflow/example_dags/tutorial_objectstorage.py
[2025-10-08T08:33:02.358+0000] {logging_mixin.py:188} INFO - [2025-10-08T08:33:02.357+0000] {dag.py:3096} INFO - Sync 1 DAGs
[2025-10-08T08:33:02.371+0000] {logging_mixin.py:188} INFO - [2025-10-08T08:33:02.371+0000] {dag.py:3954} INFO - Setting next_dagrun for tutorial_objectstorage to None, run_after=None
[2025-10-08T08:33:02.397+0000] {processor.py:183} INFO - Processing /home/airflow/.local/lib/python3.12/site-packages/airflow/example_dags/tutorial_objectstorage.py took 0.090 seconds
[2025-10-08T08:33:32.469+0000] {processor.py:161} INFO - Started process (PID=2704) to work on /home/airflow/.local/lib/python3.12/site-packages/airflow/example_dags/tutorial_objectstorage.py
[2025-10-08T08:33:32.471+0000] {processor.py:830} INFO - Processing file /home/airflow/.local/lib/python3.12/site-packages/airflow/example_dags/tutorial_objectstorage.py for tasks to queue
[2025-10-08T08:33:32.474+0000] {logging_mixin.py:188} INFO - [2025-10-08T08:33:32.473+0000] {dagbag.py:545} INFO - Filling up the DagBag from /home/airflow/.local/lib/python3.12/site-packages/airflow/example_dags/tutorial_objectstorage.py
[2025-10-08T08:33:32.487+0000] {processor.py:840} INFO - DAG(s) 'tutorial_objectstorage' retrieved from /home/airflow/.local/lib/python3.12/site-packages/airflow/example_dags/tutorial_objectstorage.py
[2025-10-08T08:33:32.512+0000] {logging_mixin.py:188} INFO - [2025-10-08T08:33:32.511+0000] {dag.py:3096} INFO - Sync 1 DAGs
[2025-10-08T08:33:32.526+0000] {logging_mixin.py:188} INFO - [2025-10-08T08:33:32.525+0000] {dag.py:3954} INFO - Setting next_dagrun for tutorial_objectstorage to None, run_after=None
[2025-10-08T08:33:32.545+0000] {processor.py:183} INFO - Processing /home/airflow/.local/lib/python3.12/site-packages/airflow/example_dags/tutorial_objectstorage.py took 0.082 seconds
[2025-10-08T08:34:03.197+0000] {processor.py:161} INFO - Started process (PID=2764) to work on /home/airflow/.local/lib/python3.12/site-packages/airflow/example_dags/tutorial_objectstorage.py
[2025-10-08T08:34:03.198+0000] {processor.py:830} INFO - Processing file /home/airflow/.local/lib/python3.12/site-packages/airflow/example_dags/tutorial_objectstorage.py for tasks to queue
[2025-10-08T08:34:03.199+0000] {logging_mixin.py:188} INFO - [2025-10-08T08:34:03.199+0000] {dagbag.py:545} INFO - Filling up the DagBag from /home/airflow/.local/lib/python3.12/site-packages/airflow/example_dags/tutorial_objectstorage.py
[2025-10-08T08:34:03.206+0000] {processor.py:840} INFO - DAG(s) 'tutorial_objectstorage' retrieved from /home/airflow/.local/lib/python3.12/site-packages/airflow/example_dags/tutorial_objectstorage.py
[2025-10-08T08:34:03.225+0000] {logging_mixin.py:188} INFO - [2025-10-08T08:34:03.225+0000] {dag.py:3096} INFO - Sync 1 DAGs
[2025-10-08T08:34:03.236+0000] {logging_mixin.py:188} INFO - [2025-10-08T08:34:03.236+0000] {dag.py:3954} INFO - Setting next_dagrun for tutorial_objectstorage to None, run_after=None
[2025-10-08T08:34:03.257+0000] {processor.py:183} INFO - Processing /home/airflow/.local/lib/python3.12/site-packages/airflow/example_dags/tutorial_objectstorage.py took 0.066 seconds
[2025-10-08T08:34:33.537+0000] {processor.py:161} INFO - Started process (PID=2829) to work on /home/airflow/.local/lib/python3.12/site-packages/airflow/example_dags/tutorial_objectstorage.py
[2025-10-08T08:34:33.539+0000] {processor.py:830} INFO - Processing file /home/airflow/.local/lib/python3.12/site-packages/airflow/example_dags/tutorial_objectstorage.py for tasks to queue
[2025-10-08T08:34:33.542+0000] {logging_mixin.py:188} INFO - [2025-10-08T08:34:33.542+0000] {dagbag.py:545} INFO - Filling up the DagBag from /home/airflow/.local/lib/python3.12/site-packages/airflow/example_dags/tutorial_objectstorage.py
[2025-10-08T08:34:33.555+0000] {processor.py:840} INFO - DAG(s) 'tutorial_objectstorage' retrieved from /home/airflow/.local/lib/python3.12/site-packages/airflow/example_dags/tutorial_objectstorage.py
[2025-10-08T08:34:33.587+0000] {logging_mixin.py:188} INFO - [2025-10-08T08:34:33.587+0000] {dag.py:3096} INFO - Sync 1 DAGs
[2025-10-08T08:34:33.608+0000] {logging_mixin.py:188} INFO - [2025-10-08T08:34:33.607+0000] {dag.py:3954} INFO - Setting next_dagrun for tutorial_objectstorage to None, run_after=None
[2025-10-08T08:34:33.640+0000] {processor.py:183} INFO - Processing /home/airflow/.local/lib/python3.12/site-packages/airflow/example_dags/tutorial_objectstorage.py took 0.116 seconds
[2025-10-08T08:35:03.769+0000] {processor.py:161} INFO - Started process (PID=2888) to work on /home/airflow/.local/lib/python3.12/site-packages/airflow/example_dags/tutorial_objectstorage.py
[2025-10-08T08:35:03.770+0000] {processor.py:830} INFO - Processing file /home/airflow/.local/lib/python3.12/site-packages/airflow/example_dags/tutorial_objectstorage.py for tasks to queue
[2025-10-08T08:35:03.774+0000] {logging_mixin.py:188} INFO - [2025-10-08T08:35:03.773+0000] {dagbag.py:545} INFO - Filling up the DagBag from /home/airflow/.local/lib/python3.12/site-packages/airflow/example_dags/tutorial_objectstorage.py
[2025-10-08T08:35:03.785+0000] {processor.py:840} INFO - DAG(s) 'tutorial_objectstorage' retrieved from /home/airflow/.local/lib/python3.12/site-packages/airflow/example_dags/tutorial_objectstorage.py
[2025-10-08T08:35:03.816+0000] {logging_mixin.py:188} INFO - [2025-10-08T08:35:03.815+0000] {dag.py:3096} INFO - Sync 1 DAGs
[2025-10-08T08:35:03.833+0000] {logging_mixin.py:188} INFO - [2025-10-08T08:35:03.833+0000] {dag.py:3954} INFO - Setting next_dagrun for tutorial_objectstorage to None, run_after=None
[2025-10-08T08:35:03.861+0000] {processor.py:183} INFO - Processing /home/airflow/.local/lib/python3.12/site-packages/airflow/example_dags/tutorial_objectstorage.py took 0.101 seconds
[2025-10-08T08:35:34.194+0000] {processor.py:161} INFO - Started process (PID=2947) to work on /home/airflow/.local/lib/python3.12/site-packages/airflow/example_dags/tutorial_objectstorage.py
[2025-10-08T08:35:34.197+0000] {processor.py:830} INFO - Processing file /home/airflow/.local/lib/python3.12/site-packages/airflow/example_dags/tutorial_objectstorage.py for tasks to queue
[2025-10-08T08:35:34.201+0000] {logging_mixin.py:188} INFO - [2025-10-08T08:35:34.201+0000] {dagbag.py:545} INFO - Filling up the DagBag from /home/airflow/.local/lib/python3.12/site-packages/airflow/example_dags/tutorial_objectstorage.py
[2025-10-08T08:35:34.214+0000] {processor.py:840} INFO - DAG(s) 'tutorial_objectstorage' retrieved from /home/airflow/.local/lib/python3.12/site-packages/airflow/example_dags/tutorial_objectstorage.py
[2025-10-08T08:35:34.237+0000] {logging_mixin.py:188} INFO - [2025-10-08T08:35:34.237+0000] {dag.py:3096} INFO - Sync 1 DAGs
[2025-10-08T08:35:34.251+0000] {logging_mixin.py:188} INFO - [2025-10-08T08:35:34.251+0000] {dag.py:3954} INFO - Setting next_dagrun for tutorial_objectstorage to None, run_after=None
[2025-10-08T08:35:34.272+0000] {processor.py:183} INFO - Processing /home/airflow/.local/lib/python3.12/site-packages/airflow/example_dags/tutorial_objectstorage.py took 0.091 seconds
[2025-10-08T08:36:04.698+0000] {processor.py:161} INFO - Started process (PID=3006) to work on /home/airflow/.local/lib/python3.12/site-packages/airflow/example_dags/tutorial_objectstorage.py
[2025-10-08T08:36:04.700+0000] {processor.py:830} INFO - Processing file /home/airflow/.local/lib/python3.12/site-packages/airflow/example_dags/tutorial_objectstorage.py for tasks to queue
[2025-10-08T08:36:04.706+0000] {logging_mixin.py:188} INFO - [2025-10-08T08:36:04.705+0000] {dagbag.py:545} INFO - Filling up the DagBag from /home/airflow/.local/lib/python3.12/site-packages/airflow/example_dags/tutorial_objectstorage.py
[2025-10-08T08:36:04.717+0000] {processor.py:840} INFO - DAG(s) 'tutorial_objectstorage' retrieved from /home/airflow/.local/lib/python3.12/site-packages/airflow/example_dags/tutorial_objectstorage.py
[2025-10-08T08:36:04.746+0000] {logging_mixin.py:188} INFO - [2025-10-08T08:36:04.746+0000] {dag.py:3096} INFO - Sync 1 DAGs
[2025-10-08T08:36:04.761+0000] {logging_mixin.py:188} INFO - [2025-10-08T08:36:04.761+0000] {dag.py:3954} INFO - Setting next_dagrun for tutorial_objectstorage to None, run_after=None
[2025-10-08T08:36:04.784+0000] {processor.py:183} INFO - Processing /home/airflow/.local/lib/python3.12/site-packages/airflow/example_dags/tutorial_objectstorage.py took 0.101 seconds
[2025-10-08T08:36:35.042+0000] {processor.py:161} INFO - Started process (PID=3065) to work on /home/airflow/.local/lib/python3.12/site-packages/airflow/example_dags/tutorial_objectstorage.py
[2025-10-08T08:36:35.045+0000] {processor.py:830} INFO - Processing file /home/airflow/.local/lib/python3.12/site-packages/airflow/example_dags/tutorial_objectstorage.py for tasks to queue
[2025-10-08T08:36:35.048+0000] {logging_mixin.py:188} INFO - [2025-10-08T08:36:35.048+0000] {dagbag.py:545} INFO - Filling up the DagBag from /home/airflow/.local/lib/python3.12/site-packages/airflow/example_dags/tutorial_objectstorage.py
[2025-10-08T08:36:35.060+0000] {processor.py:840} INFO - DAG(s) 'tutorial_objectstorage' retrieved from /home/airflow/.local/lib/python3.12/site-packages/airflow/example_dags/tutorial_objectstorage.py
[2025-10-08T08:36:35.089+0000] {logging_mixin.py:188} INFO - [2025-10-08T08:36:35.089+0000] {dag.py:3096} INFO - Sync 1 DAGs
[2025-10-08T08:36:35.106+0000] {logging_mixin.py:188} INFO - [2025-10-08T08:36:35.105+0000] {dag.py:3954} INFO - Setting next_dagrun for tutorial_objectstorage to None, run_after=None
[2025-10-08T08:36:35.134+0000] {processor.py:183} INFO - Processing /home/airflow/.local/lib/python3.12/site-packages/airflow/example_dags/tutorial_objectstorage.py took 0.116 seconds
[2025-10-08T08:37:05.732+0000] {processor.py:161} INFO - Started process (PID=3124) to work on /home/airflow/.local/lib/python3.12/site-packages/airflow/example_dags/tutorial_objectstorage.py
[2025-10-08T08:37:05.743+0000] {processor.py:830} INFO - Processing file /home/airflow/.local/lib/python3.12/site-packages/airflow/example_dags/tutorial_objectstorage.py for tasks to queue
[2025-10-08T08:37:05.755+0000] {logging_mixin.py:188} INFO - [2025-10-08T08:37:05.753+0000] {dagbag.py:545} INFO - Filling up the DagBag from /home/airflow/.local/lib/python3.12/site-packages/airflow/example_dags/tutorial_objectstorage.py
[2025-10-08T08:37:05.773+0000] {processor.py:840} INFO - DAG(s) 'tutorial_objectstorage' retrieved from /home/airflow/.local/lib/python3.12/site-packages/airflow/example_dags/tutorial_objectstorage.py
[2025-10-08T08:37:05.809+0000] {logging_mixin.py:188} INFO - [2025-10-08T08:37:05.808+0000] {dag.py:3096} INFO - Sync 1 DAGs
[2025-10-08T08:37:05.825+0000] {logging_mixin.py:188} INFO - [2025-10-08T08:37:05.825+0000] {dag.py:3954} INFO - Setting next_dagrun for tutorial_objectstorage to None, run_after=None
[2025-10-08T08:37:05.853+0000] {processor.py:183} INFO - Processing /home/airflow/.local/lib/python3.12/site-packages/airflow/example_dags/tutorial_objectstorage.py took 0.138 seconds
[2025-10-08T08:37:36.273+0000] {processor.py:161} INFO - Started process (PID=3183) to work on /home/airflow/.local/lib/python3.12/site-packages/airflow/example_dags/tutorial_objectstorage.py
[2025-10-08T08:37:36.275+0000] {processor.py:830} INFO - Processing file /home/airflow/.local/lib/python3.12/site-packages/airflow/example_dags/tutorial_objectstorage.py for tasks to queue
[2025-10-08T08:37:36.279+0000] {logging_mixin.py:188} INFO - [2025-10-08T08:37:36.279+0000] {dagbag.py:545} INFO - Filling up the DagBag from /home/airflow/.local/lib/python3.12/site-packages/airflow/example_dags/tutorial_objectstorage.py
[2025-10-08T08:37:36.292+0000] {processor.py:840} INFO - DAG(s) 'tutorial_objectstorage' retrieved from /home/airflow/.local/lib/python3.12/site-packages/airflow/example_dags/tutorial_objectstorage.py
[2025-10-08T08:37:36.322+0000] {logging_mixin.py:188} INFO - [2025-10-08T08:37:36.322+0000] {dag.py:3096} INFO - Sync 1 DAGs
[2025-10-08T08:37:36.339+0000] {logging_mixin.py:188} INFO - [2025-10-08T08:37:36.339+0000] {dag.py:3954} INFO - Setting next_dagrun for tutorial_objectstorage to None, run_after=None
[2025-10-08T08:37:36.365+0000] {processor.py:183} INFO - Processing /home/airflow/.local/lib/python3.12/site-packages/airflow/example_dags/tutorial_objectstorage.py took 0.100 seconds
[2025-10-08T08:38:06.755+0000] {processor.py:161} INFO - Started process (PID=3242) to work on /home/airflow/.local/lib/python3.12/site-packages/airflow/example_dags/tutorial_objectstorage.py
[2025-10-08T08:38:06.758+0000] {processor.py:830} INFO - Processing file /home/airflow/.local/lib/python3.12/site-packages/airflow/example_dags/tutorial_objectstorage.py for tasks to queue
[2025-10-08T08:38:06.760+0000] {logging_mixin.py:188} INFO - [2025-10-08T08:38:06.760+0000] {dagbag.py:545} INFO - Filling up the DagBag from /home/airflow/.local/lib/python3.12/site-packages/airflow/example_dags/tutorial_objectstorage.py
[2025-10-08T08:38:06.769+0000] {processor.py:840} INFO - DAG(s) 'tutorial_objectstorage' retrieved from /home/airflow/.local/lib/python3.12/site-packages/airflow/example_dags/tutorial_objectstorage.py
[2025-10-08T08:38:06.823+0000] {logging_mixin.py:188} INFO - [2025-10-08T08:38:06.822+0000] {dag.py:3096} INFO - Sync 1 DAGs
[2025-10-08T08:38:06.843+0000] {logging_mixin.py:188} INFO - [2025-10-08T08:38:06.843+0000] {dag.py:3954} INFO - Setting next_dagrun for tutorial_objectstorage to None, run_after=None
[2025-10-08T08:38:06.892+0000] {processor.py:183} INFO - Processing /home/airflow/.local/lib/python3.12/site-packages/airflow/example_dags/tutorial_objectstorage.py took 0.144 seconds
[2025-10-08T08:38:37.306+0000] {processor.py:161} INFO - Started process (PID=3301) to work on /home/airflow/.local/lib/python3.12/site-packages/airflow/example_dags/tutorial_objectstorage.py
[2025-10-08T08:38:37.309+0000] {processor.py:830} INFO - Processing file /home/airflow/.local/lib/python3.12/site-packages/airflow/example_dags/tutorial_objectstorage.py for tasks to queue
[2025-10-08T08:38:37.313+0000] {logging_mixin.py:188} INFO - [2025-10-08T08:38:37.312+0000] {dagbag.py:545} INFO - Filling up the DagBag from /home/airflow/.local/lib/python3.12/site-packages/airflow/example_dags/tutorial_objectstorage.py
[2025-10-08T08:38:37.324+0000] {processor.py:840} INFO - DAG(s) 'tutorial_objectstorage' retrieved from /home/airflow/.local/lib/python3.12/site-packages/airflow/example_dags/tutorial_objectstorage.py
[2025-10-08T08:38:37.367+0000] {logging_mixin.py:188} INFO - [2025-10-08T08:38:37.366+0000] {dag.py:3096} INFO - Sync 1 DAGs
[2025-10-08T08:38:37.389+0000] {logging_mixin.py:188} INFO - [2025-10-08T08:38:37.389+0000] {dag.py:3954} INFO - Setting next_dagrun for tutorial_objectstorage to None, run_after=None
[2025-10-08T08:38:37.454+0000] {processor.py:183} INFO - Processing /home/airflow/.local/lib/python3.12/site-packages/airflow/example_dags/tutorial_objectstorage.py took 0.163 seconds
[2025-10-08T08:39:07.680+0000] {processor.py:161} INFO - Started process (PID=3361) to work on /home/airflow/.local/lib/python3.12/site-packages/airflow/example_dags/tutorial_objectstorage.py
[2025-10-08T08:39:07.683+0000] {processor.py:830} INFO - Processing file /home/airflow/.local/lib/python3.12/site-packages/airflow/example_dags/tutorial_objectstorage.py for tasks to queue
[2025-10-08T08:39:07.693+0000] {logging_mixin.py:188} INFO - [2025-10-08T08:39:07.692+0000] {dagbag.py:545} INFO - Filling up the DagBag from /home/airflow/.local/lib/python3.12/site-packages/airflow/example_dags/tutorial_objectstorage.py
[2025-10-08T08:39:07.711+0000] {processor.py:840} INFO - DAG(s) 'tutorial_objectstorage' retrieved from /home/airflow/.local/lib/python3.12/site-packages/airflow/example_dags/tutorial_objectstorage.py
[2025-10-08T08:39:07.753+0000] {logging_mixin.py:188} INFO - [2025-10-08T08:39:07.752+0000] {dag.py:3096} INFO - Sync 1 DAGs
[2025-10-08T08:39:07.777+0000] {logging_mixin.py:188} INFO - [2025-10-08T08:39:07.777+0000] {dag.py:3954} INFO - Setting next_dagrun for tutorial_objectstorage to None, run_after=None
[2025-10-08T08:39:07.816+0000] {processor.py:183} INFO - Processing /home/airflow/.local/lib/python3.12/site-packages/airflow/example_dags/tutorial_objectstorage.py took 0.152 seconds
[2025-10-08T08:39:38.012+0000] {processor.py:161} INFO - Started process (PID=3426) to work on /home/airflow/.local/lib/python3.12/site-packages/airflow/example_dags/tutorial_objectstorage.py
[2025-10-08T08:39:38.014+0000] {processor.py:830} INFO - Processing file /home/airflow/.local/lib/python3.12/site-packages/airflow/example_dags/tutorial_objectstorage.py for tasks to queue
[2025-10-08T08:39:38.047+0000] {logging_mixin.py:188} INFO - [2025-10-08T08:39:38.046+0000] {dagbag.py:545} INFO - Filling up the DagBag from /home/airflow/.local/lib/python3.12/site-packages/airflow/example_dags/tutorial_objectstorage.py
[2025-10-08T08:39:38.070+0000] {processor.py:840} INFO - DAG(s) 'tutorial_objectstorage' retrieved from /home/airflow/.local/lib/python3.12/site-packages/airflow/example_dags/tutorial_objectstorage.py
[2025-10-08T08:39:38.117+0000] {logging_mixin.py:188} INFO - [2025-10-08T08:39:38.116+0000] {dag.py:3096} INFO - Sync 1 DAGs
[2025-10-08T08:39:38.140+0000] {logging_mixin.py:188} INFO - [2025-10-08T08:39:38.139+0000] {dag.py:3954} INFO - Setting next_dagrun for tutorial_objectstorage to None, run_after=None
[2025-10-08T08:39:38.173+0000] {processor.py:183} INFO - Processing /home/airflow/.local/lib/python3.12/site-packages/airflow/example_dags/tutorial_objectstorage.py took 0.172 seconds
[2025-10-08T08:40:08.564+0000] {processor.py:161} INFO - Started process (PID=3485) to work on /home/airflow/.local/lib/python3.12/site-packages/airflow/example_dags/tutorial_objectstorage.py
[2025-10-08T08:40:08.566+0000] {processor.py:830} INFO - Processing file /home/airflow/.local/lib/python3.12/site-packages/airflow/example_dags/tutorial_objectstorage.py for tasks to queue
[2025-10-08T08:40:08.571+0000] {logging_mixin.py:188} INFO - [2025-10-08T08:40:08.570+0000] {dagbag.py:545} INFO - Filling up the DagBag from /home/airflow/.local/lib/python3.12/site-packages/airflow/example_dags/tutorial_objectstorage.py
[2025-10-08T08:40:08.605+0000] {processor.py:840} INFO - DAG(s) 'tutorial_objectstorage' retrieved from /home/airflow/.local/lib/python3.12/site-packages/airflow/example_dags/tutorial_objectstorage.py
[2025-10-08T08:40:08.673+0000] {logging_mixin.py:188} INFO - [2025-10-08T08:40:08.672+0000] {dag.py:3096} INFO - Sync 1 DAGs
[2025-10-08T08:40:08.701+0000] {logging_mixin.py:188} INFO - [2025-10-08T08:40:08.700+0000] {dag.py:3954} INFO - Setting next_dagrun for tutorial_objectstorage to None, run_after=None
[2025-10-08T08:40:08.735+0000] {processor.py:183} INFO - Processing /home/airflow/.local/lib/python3.12/site-packages/airflow/example_dags/tutorial_objectstorage.py took 0.182 seconds
[2025-10-08T08:40:39.266+0000] {processor.py:161} INFO - Started process (PID=3550) to work on /home/airflow/.local/lib/python3.12/site-packages/airflow/example_dags/tutorial_objectstorage.py
[2025-10-08T08:40:39.268+0000] {processor.py:830} INFO - Processing file /home/airflow/.local/lib/python3.12/site-packages/airflow/example_dags/tutorial_objectstorage.py for tasks to queue
[2025-10-08T08:40:39.272+0000] {logging_mixin.py:188} INFO - [2025-10-08T08:40:39.271+0000] {dagbag.py:545} INFO - Filling up the DagBag from /home/airflow/.local/lib/python3.12/site-packages/airflow/example_dags/tutorial_objectstorage.py
[2025-10-08T08:40:39.281+0000] {processor.py:840} INFO - DAG(s) 'tutorial_objectstorage' retrieved from /home/airflow/.local/lib/python3.12/site-packages/airflow/example_dags/tutorial_objectstorage.py
[2025-10-08T08:40:39.304+0000] {logging_mixin.py:188} INFO - [2025-10-08T08:40:39.304+0000] {dag.py:3096} INFO - Sync 1 DAGs
[2025-10-08T08:40:39.321+0000] {logging_mixin.py:188} INFO - [2025-10-08T08:40:39.321+0000] {dag.py:3954} INFO - Setting next_dagrun for tutorial_objectstorage to None, run_after=None
[2025-10-08T08:40:39.368+0000] {processor.py:183} INFO - Processing /home/airflow/.local/lib/python3.12/site-packages/airflow/example_dags/tutorial_objectstorage.py took 0.114 seconds
[2025-10-08T08:41:09.437+0000] {processor.py:161} INFO - Started process (PID=3609) to work on /home/airflow/.local/lib/python3.12/site-packages/airflow/example_dags/tutorial_objectstorage.py
[2025-10-08T08:41:09.440+0000] {processor.py:830} INFO - Processing file /home/airflow/.local/lib/python3.12/site-packages/airflow/example_dags/tutorial_objectstorage.py for tasks to queue
[2025-10-08T08:41:09.444+0000] {logging_mixin.py:188} INFO - [2025-10-08T08:41:09.443+0000] {dagbag.py:545} INFO - Filling up the DagBag from /home/airflow/.local/lib/python3.12/site-packages/airflow/example_dags/tutorial_objectstorage.py
[2025-10-08T08:41:09.456+0000] {processor.py:840} INFO - DAG(s) 'tutorial_objectstorage' retrieved from /home/airflow/.local/lib/python3.12/site-packages/airflow/example_dags/tutorial_objectstorage.py
[2025-10-08T08:41:09.486+0000] {logging_mixin.py:188} INFO - [2025-10-08T08:41:09.485+0000] {dag.py:3096} INFO - Sync 1 DAGs
[2025-10-08T08:41:09.505+0000] {logging_mixin.py:188} INFO - [2025-10-08T08:41:09.505+0000] {dag.py:3954} INFO - Setting next_dagrun for tutorial_objectstorage to None, run_after=None
[2025-10-08T08:41:09.530+0000] {processor.py:183} INFO - Processing /home/airflow/.local/lib/python3.12/site-packages/airflow/example_dags/tutorial_objectstorage.py took 0.103 seconds
[2025-10-08T08:41:39.662+0000] {processor.py:161} INFO - Started process (PID=3668) to work on /home/airflow/.local/lib/python3.12/site-packages/airflow/example_dags/tutorial_objectstorage.py
[2025-10-08T08:41:39.666+0000] {processor.py:830} INFO - Processing file /home/airflow/.local/lib/python3.12/site-packages/airflow/example_dags/tutorial_objectstorage.py for tasks to queue
[2025-10-08T08:41:39.670+0000] {logging_mixin.py:188} INFO - [2025-10-08T08:41:39.670+0000] {dagbag.py:545} INFO - Filling up the DagBag from /home/airflow/.local/lib/python3.12/site-packages/airflow/example_dags/tutorial_objectstorage.py
[2025-10-08T08:41:39.682+0000] {processor.py:840} INFO - DAG(s) 'tutorial_objectstorage' retrieved from /home/airflow/.local/lib/python3.12/site-packages/airflow/example_dags/tutorial_objectstorage.py
[2025-10-08T08:41:39.710+0000] {logging_mixin.py:188} INFO - [2025-10-08T08:41:39.709+0000] {dag.py:3096} INFO - Sync 1 DAGs
[2025-10-08T08:41:39.735+0000] {logging_mixin.py:188} INFO - [2025-10-08T08:41:39.734+0000] {dag.py:3954} INFO - Setting next_dagrun for tutorial_objectstorage to None, run_after=None
[2025-10-08T08:41:39.775+0000] {processor.py:183} INFO - Processing /home/airflow/.local/lib/python3.12/site-packages/airflow/example_dags/tutorial_objectstorage.py took 0.125 seconds
[2025-10-08T08:42:10.161+0000] {processor.py:161} INFO - Started process (PID=3727) to work on /home/airflow/.local/lib/python3.12/site-packages/airflow/example_dags/tutorial_objectstorage.py
[2025-10-08T08:42:10.171+0000] {processor.py:830} INFO - Processing file /home/airflow/.local/lib/python3.12/site-packages/airflow/example_dags/tutorial_objectstorage.py for tasks to queue
[2025-10-08T08:42:10.180+0000] {logging_mixin.py:188} INFO - [2025-10-08T08:42:10.179+0000] {dagbag.py:545} INFO - Filling up the DagBag from /home/airflow/.local/lib/python3.12/site-packages/airflow/example_dags/tutorial_objectstorage.py
[2025-10-08T08:42:10.211+0000] {processor.py:840} INFO - DAG(s) 'tutorial_objectstorage' retrieved from /home/airflow/.local/lib/python3.12/site-packages/airflow/example_dags/tutorial_objectstorage.py
[2025-10-08T08:42:10.319+0000] {logging_mixin.py:188} INFO - [2025-10-08T08:42:10.318+0000] {dag.py:3096} INFO - Sync 1 DAGs
[2025-10-08T08:42:10.404+0000] {logging_mixin.py:188} INFO - [2025-10-08T08:42:10.403+0000] {dag.py:3954} INFO - Setting next_dagrun for tutorial_objectstorage to None, run_after=None
[2025-10-08T08:42:10.520+0000] {processor.py:183} INFO - Processing /home/airflow/.local/lib/python3.12/site-packages/airflow/example_dags/tutorial_objectstorage.py took 0.377 seconds
[2025-10-08T08:42:40.678+0000] {processor.py:161} INFO - Started process (PID=3786) to work on /home/airflow/.local/lib/python3.12/site-packages/airflow/example_dags/tutorial_objectstorage.py
[2025-10-08T08:42:40.680+0000] {processor.py:830} INFO - Processing file /home/airflow/.local/lib/python3.12/site-packages/airflow/example_dags/tutorial_objectstorage.py for tasks to queue
[2025-10-08T08:42:40.684+0000] {logging_mixin.py:188} INFO - [2025-10-08T08:42:40.684+0000] {dagbag.py:545} INFO - Filling up the DagBag from /home/airflow/.local/lib/python3.12/site-packages/airflow/example_dags/tutorial_objectstorage.py
[2025-10-08T08:42:40.700+0000] {processor.py:840} INFO - DAG(s) 'tutorial_objectstorage' retrieved from /home/airflow/.local/lib/python3.12/site-packages/airflow/example_dags/tutorial_objectstorage.py
[2025-10-08T08:42:40.748+0000] {logging_mixin.py:188} INFO - [2025-10-08T08:42:40.747+0000] {dag.py:3096} INFO - Sync 1 DAGs
[2025-10-08T08:42:40.774+0000] {logging_mixin.py:188} INFO - [2025-10-08T08:42:40.774+0000] {dag.py:3954} INFO - Setting next_dagrun for tutorial_objectstorage to None, run_after=None
[2025-10-08T08:42:40.811+0000] {processor.py:183} INFO - Processing /home/airflow/.local/lib/python3.12/site-packages/airflow/example_dags/tutorial_objectstorage.py took 0.153 seconds
[2025-10-08T08:43:11.567+0000] {processor.py:161} INFO - Started process (PID=3845) to work on /home/airflow/.local/lib/python3.12/site-packages/airflow/example_dags/tutorial_objectstorage.py
[2025-10-08T08:43:11.570+0000] {processor.py:830} INFO - Processing file /home/airflow/.local/lib/python3.12/site-packages/airflow/example_dags/tutorial_objectstorage.py for tasks to queue
[2025-10-08T08:43:11.580+0000] {logging_mixin.py:188} INFO - [2025-10-08T08:43:11.578+0000] {dagbag.py:545} INFO - Filling up the DagBag from /home/airflow/.local/lib/python3.12/site-packages/airflow/example_dags/tutorial_objectstorage.py
[2025-10-08T08:43:11.601+0000] {processor.py:840} INFO - DAG(s) 'tutorial_objectstorage' retrieved from /home/airflow/.local/lib/python3.12/site-packages/airflow/example_dags/tutorial_objectstorage.py
[2025-10-08T08:43:11.652+0000] {logging_mixin.py:188} INFO - [2025-10-08T08:43:11.651+0000] {dag.py:3096} INFO - Sync 1 DAGs
[2025-10-08T08:43:11.704+0000] {logging_mixin.py:188} INFO - [2025-10-08T08:43:11.704+0000] {dag.py:3954} INFO - Setting next_dagrun for tutorial_objectstorage to None, run_after=None
[2025-10-08T08:43:11.743+0000] {processor.py:183} INFO - Processing /home/airflow/.local/lib/python3.12/site-packages/airflow/example_dags/tutorial_objectstorage.py took 0.197 seconds
[2025-10-08T08:43:41.952+0000] {processor.py:161} INFO - Started process (PID=3904) to work on /home/airflow/.local/lib/python3.12/site-packages/airflow/example_dags/tutorial_objectstorage.py
[2025-10-08T08:43:41.956+0000] {processor.py:830} INFO - Processing file /home/airflow/.local/lib/python3.12/site-packages/airflow/example_dags/tutorial_objectstorage.py for tasks to queue
[2025-10-08T08:43:41.962+0000] {logging_mixin.py:188} INFO - [2025-10-08T08:43:41.961+0000] {dagbag.py:545} INFO - Filling up the DagBag from /home/airflow/.local/lib/python3.12/site-packages/airflow/example_dags/tutorial_objectstorage.py
[2025-10-08T08:43:41.975+0000] {processor.py:840} INFO - DAG(s) 'tutorial_objectstorage' retrieved from /home/airflow/.local/lib/python3.12/site-packages/airflow/example_dags/tutorial_objectstorage.py
[2025-10-08T08:43:42.011+0000] {logging_mixin.py:188} INFO - [2025-10-08T08:43:42.010+0000] {dag.py:3096} INFO - Sync 1 DAGs
[2025-10-08T08:43:42.031+0000] {logging_mixin.py:188} INFO - [2025-10-08T08:43:42.030+0000] {dag.py:3954} INFO - Setting next_dagrun for tutorial_objectstorage to None, run_after=None
[2025-10-08T08:43:42.065+0000] {processor.py:183} INFO - Processing /home/airflow/.local/lib/python3.12/site-packages/airflow/example_dags/tutorial_objectstorage.py took 0.126 seconds
[2025-10-08T08:44:12.429+0000] {processor.py:161} INFO - Started process (PID=3963) to work on /home/airflow/.local/lib/python3.12/site-packages/airflow/example_dags/tutorial_objectstorage.py
[2025-10-08T08:44:12.431+0000] {processor.py:830} INFO - Processing file /home/airflow/.local/lib/python3.12/site-packages/airflow/example_dags/tutorial_objectstorage.py for tasks to queue
[2025-10-08T08:44:12.434+0000] {logging_mixin.py:188} INFO - [2025-10-08T08:44:12.434+0000] {dagbag.py:545} INFO - Filling up the DagBag from /home/airflow/.local/lib/python3.12/site-packages/airflow/example_dags/tutorial_objectstorage.py
[2025-10-08T08:44:12.447+0000] {processor.py:840} INFO - DAG(s) 'tutorial_objectstorage' retrieved from /home/airflow/.local/lib/python3.12/site-packages/airflow/example_dags/tutorial_objectstorage.py
[2025-10-08T08:44:12.534+0000] {logging_mixin.py:188} INFO - [2025-10-08T08:44:12.534+0000] {dag.py:3096} INFO - Sync 1 DAGs
[2025-10-08T08:44:12.560+0000] {logging_mixin.py:188} INFO - [2025-10-08T08:44:12.560+0000] {dag.py:3954} INFO - Setting next_dagrun for tutorial_objectstorage to None, run_after=None
[2025-10-08T08:44:12.605+0000] {processor.py:183} INFO - Processing /home/airflow/.local/lib/python3.12/site-packages/airflow/example_dags/tutorial_objectstorage.py took 0.184 seconds
[2025-10-08T08:44:42.865+0000] {processor.py:161} INFO - Started process (PID=4022) to work on /home/airflow/.local/lib/python3.12/site-packages/airflow/example_dags/tutorial_objectstorage.py
[2025-10-08T08:44:42.868+0000] {processor.py:830} INFO - Processing file /home/airflow/.local/lib/python3.12/site-packages/airflow/example_dags/tutorial_objectstorage.py for tasks to queue
[2025-10-08T08:44:42.872+0000] {logging_mixin.py:188} INFO - [2025-10-08T08:44:42.871+0000] {dagbag.py:545} INFO - Filling up the DagBag from /home/airflow/.local/lib/python3.12/site-packages/airflow/example_dags/tutorial_objectstorage.py
[2025-10-08T08:44:42.891+0000] {processor.py:840} INFO - DAG(s) 'tutorial_objectstorage' retrieved from /home/airflow/.local/lib/python3.12/site-packages/airflow/example_dags/tutorial_objectstorage.py
[2025-10-08T08:44:42.936+0000] {logging_mixin.py:188} INFO - [2025-10-08T08:44:42.936+0000] {dag.py:3096} INFO - Sync 1 DAGs
[2025-10-08T08:44:42.955+0000] {logging_mixin.py:188} INFO - [2025-10-08T08:44:42.955+0000] {dag.py:3954} INFO - Setting next_dagrun for tutorial_objectstorage to None, run_after=None
[2025-10-08T08:44:42.989+0000] {processor.py:183} INFO - Processing /home/airflow/.local/lib/python3.12/site-packages/airflow/example_dags/tutorial_objectstorage.py took 0.138 seconds
[2025-10-08T08:45:13.406+0000] {processor.py:161} INFO - Started process (PID=4081) to work on /home/airflow/.local/lib/python3.12/site-packages/airflow/example_dags/tutorial_objectstorage.py
[2025-10-08T08:45:13.408+0000] {processor.py:830} INFO - Processing file /home/airflow/.local/lib/python3.12/site-packages/airflow/example_dags/tutorial_objectstorage.py for tasks to queue
[2025-10-08T08:45:13.412+0000] {logging_mixin.py:188} INFO - [2025-10-08T08:45:13.411+0000] {dagbag.py:545} INFO - Filling up the DagBag from /home/airflow/.local/lib/python3.12/site-packages/airflow/example_dags/tutorial_objectstorage.py
[2025-10-08T08:45:13.424+0000] {processor.py:840} INFO - DAG(s) 'tutorial_objectstorage' retrieved from /home/airflow/.local/lib/python3.12/site-packages/airflow/example_dags/tutorial_objectstorage.py
[2025-10-08T08:45:13.453+0000] {logging_mixin.py:188} INFO - [2025-10-08T08:45:13.453+0000] {dag.py:3096} INFO - Sync 1 DAGs
[2025-10-08T08:45:13.471+0000] {logging_mixin.py:188} INFO - [2025-10-08T08:45:13.471+0000] {dag.py:3954} INFO - Setting next_dagrun for tutorial_objectstorage to None, run_after=None
[2025-10-08T08:45:13.534+0000] {processor.py:183} INFO - Processing /home/airflow/.local/lib/python3.12/site-packages/airflow/example_dags/tutorial_objectstorage.py took 0.145 seconds
[2025-10-08T08:45:43.756+0000] {processor.py:161} INFO - Started process (PID=4140) to work on /home/airflow/.local/lib/python3.12/site-packages/airflow/example_dags/tutorial_objectstorage.py
[2025-10-08T08:45:43.759+0000] {processor.py:830} INFO - Processing file /home/airflow/.local/lib/python3.12/site-packages/airflow/example_dags/tutorial_objectstorage.py for tasks to queue
[2025-10-08T08:45:43.762+0000] {logging_mixin.py:188} INFO - [2025-10-08T08:45:43.761+0000] {dagbag.py:545} INFO - Filling up the DagBag from /home/airflow/.local/lib/python3.12/site-packages/airflow/example_dags/tutorial_objectstorage.py
[2025-10-08T08:45:43.775+0000] {processor.py:840} INFO - DAG(s) 'tutorial_objectstorage' retrieved from /home/airflow/.local/lib/python3.12/site-packages/airflow/example_dags/tutorial_objectstorage.py
[2025-10-08T08:45:43.807+0000] {logging_mixin.py:188} INFO - [2025-10-08T08:45:43.806+0000] {dag.py:3096} INFO - Sync 1 DAGs
[2025-10-08T08:45:43.826+0000] {logging_mixin.py:188} INFO - [2025-10-08T08:45:43.826+0000] {dag.py:3954} INFO - Setting next_dagrun for tutorial_objectstorage to None, run_after=None
[2025-10-08T08:45:43.861+0000] {processor.py:183} INFO - Processing /home/airflow/.local/lib/python3.12/site-packages/airflow/example_dags/tutorial_objectstorage.py took 0.115 seconds
[2025-10-08T08:46:14.318+0000] {processor.py:161} INFO - Started process (PID=4199) to work on /home/airflow/.local/lib/python3.12/site-packages/airflow/example_dags/tutorial_objectstorage.py
[2025-10-08T08:46:14.319+0000] {processor.py:830} INFO - Processing file /home/airflow/.local/lib/python3.12/site-packages/airflow/example_dags/tutorial_objectstorage.py for tasks to queue
[2025-10-08T08:46:14.322+0000] {logging_mixin.py:188} INFO - [2025-10-08T08:46:14.322+0000] {dagbag.py:545} INFO - Filling up the DagBag from /home/airflow/.local/lib/python3.12/site-packages/airflow/example_dags/tutorial_objectstorage.py
[2025-10-08T08:46:14.334+0000] {processor.py:840} INFO - DAG(s) 'tutorial_objectstorage' retrieved from /home/airflow/.local/lib/python3.12/site-packages/airflow/example_dags/tutorial_objectstorage.py
[2025-10-08T08:46:14.366+0000] {logging_mixin.py:188} INFO - [2025-10-08T08:46:14.365+0000] {dag.py:3096} INFO - Sync 1 DAGs
[2025-10-08T08:46:14.386+0000] {logging_mixin.py:188} INFO - [2025-10-08T08:46:14.386+0000] {dag.py:3954} INFO - Setting next_dagrun for tutorial_objectstorage to None, run_after=None
[2025-10-08T08:46:14.419+0000] {processor.py:183} INFO - Processing /home/airflow/.local/lib/python3.12/site-packages/airflow/example_dags/tutorial_objectstorage.py took 0.109 seconds
[2025-10-08T08:46:44.878+0000] {processor.py:161} INFO - Started process (PID=4258) to work on /home/airflow/.local/lib/python3.12/site-packages/airflow/example_dags/tutorial_objectstorage.py
[2025-10-08T08:46:44.880+0000] {processor.py:830} INFO - Processing file /home/airflow/.local/lib/python3.12/site-packages/airflow/example_dags/tutorial_objectstorage.py for tasks to queue
[2025-10-08T08:46:44.884+0000] {logging_mixin.py:188} INFO - [2025-10-08T08:46:44.883+0000] {dagbag.py:545} INFO - Filling up the DagBag from /home/airflow/.local/lib/python3.12/site-packages/airflow/example_dags/tutorial_objectstorage.py
[2025-10-08T08:46:44.897+0000] {processor.py:840} INFO - DAG(s) 'tutorial_objectstorage' retrieved from /home/airflow/.local/lib/python3.12/site-packages/airflow/example_dags/tutorial_objectstorage.py
[2025-10-08T08:46:44.927+0000] {logging_mixin.py:188} INFO - [2025-10-08T08:46:44.927+0000] {dag.py:3096} INFO - Sync 1 DAGs
[2025-10-08T08:46:44.945+0000] {logging_mixin.py:188} INFO - [2025-10-08T08:46:44.945+0000] {dag.py:3954} INFO - Setting next_dagrun for tutorial_objectstorage to None, run_after=None
[2025-10-08T08:46:44.982+0000] {processor.py:183} INFO - Processing /home/airflow/.local/lib/python3.12/site-packages/airflow/example_dags/tutorial_objectstorage.py took 0.113 seconds
[2025-10-08T08:47:15.128+0000] {processor.py:161} INFO - Started process (PID=4317) to work on /home/airflow/.local/lib/python3.12/site-packages/airflow/example_dags/tutorial_objectstorage.py
[2025-10-08T08:47:15.131+0000] {processor.py:830} INFO - Processing file /home/airflow/.local/lib/python3.12/site-packages/airflow/example_dags/tutorial_objectstorage.py for tasks to queue
[2025-10-08T08:47:15.134+0000] {logging_mixin.py:188} INFO - [2025-10-08T08:47:15.133+0000] {dagbag.py:545} INFO - Filling up the DagBag from /home/airflow/.local/lib/python3.12/site-packages/airflow/example_dags/tutorial_objectstorage.py
[2025-10-08T08:47:15.145+0000] {processor.py:840} INFO - DAG(s) 'tutorial_objectstorage' retrieved from /home/airflow/.local/lib/python3.12/site-packages/airflow/example_dags/tutorial_objectstorage.py
[2025-10-08T08:47:15.177+0000] {logging_mixin.py:188} INFO - [2025-10-08T08:47:15.176+0000] {dag.py:3096} INFO - Sync 1 DAGs
[2025-10-08T08:47:15.195+0000] {logging_mixin.py:188} INFO - [2025-10-08T08:47:15.195+0000] {dag.py:3954} INFO - Setting next_dagrun for tutorial_objectstorage to None, run_after=None
[2025-10-08T08:47:15.230+0000] {processor.py:183} INFO - Processing /home/airflow/.local/lib/python3.12/site-packages/airflow/example_dags/tutorial_objectstorage.py took 0.111 seconds
[2025-10-08T08:47:45.992+0000] {processor.py:161} INFO - Started process (PID=4376) to work on /home/airflow/.local/lib/python3.12/site-packages/airflow/example_dags/tutorial_objectstorage.py
[2025-10-08T08:47:45.993+0000] {processor.py:830} INFO - Processing file /home/airflow/.local/lib/python3.12/site-packages/airflow/example_dags/tutorial_objectstorage.py for tasks to queue
[2025-10-08T08:47:45.996+0000] {logging_mixin.py:188} INFO - [2025-10-08T08:47:45.996+0000] {dagbag.py:545} INFO - Filling up the DagBag from /home/airflow/.local/lib/python3.12/site-packages/airflow/example_dags/tutorial_objectstorage.py
[2025-10-08T08:47:46.005+0000] {processor.py:840} INFO - DAG(s) 'tutorial_objectstorage' retrieved from /home/airflow/.local/lib/python3.12/site-packages/airflow/example_dags/tutorial_objectstorage.py
[2025-10-08T08:47:46.031+0000] {logging_mixin.py:188} INFO - [2025-10-08T08:47:46.031+0000] {dag.py:3096} INFO - Sync 1 DAGs
[2025-10-08T08:47:46.051+0000] {logging_mixin.py:188} INFO - [2025-10-08T08:47:46.051+0000] {dag.py:3954} INFO - Setting next_dagrun for tutorial_objectstorage to None, run_after=None
[2025-10-08T08:47:46.079+0000] {processor.py:183} INFO - Processing /home/airflow/.local/lib/python3.12/site-packages/airflow/example_dags/tutorial_objectstorage.py took 0.094 seconds
[2025-10-08T08:48:16.277+0000] {processor.py:161} INFO - Started process (PID=4435) to work on /home/airflow/.local/lib/python3.12/site-packages/airflow/example_dags/tutorial_objectstorage.py
[2025-10-08T08:48:16.279+0000] {processor.py:830} INFO - Processing file /home/airflow/.local/lib/python3.12/site-packages/airflow/example_dags/tutorial_objectstorage.py for tasks to queue
[2025-10-08T08:48:16.282+0000] {logging_mixin.py:188} INFO - [2025-10-08T08:48:16.281+0000] {dagbag.py:545} INFO - Filling up the DagBag from /home/airflow/.local/lib/python3.12/site-packages/airflow/example_dags/tutorial_objectstorage.py
[2025-10-08T08:48:16.293+0000] {processor.py:840} INFO - DAG(s) 'tutorial_objectstorage' retrieved from /home/airflow/.local/lib/python3.12/site-packages/airflow/example_dags/tutorial_objectstorage.py
[2025-10-08T08:48:16.324+0000] {logging_mixin.py:188} INFO - [2025-10-08T08:48:16.323+0000] {dag.py:3096} INFO - Sync 1 DAGs
[2025-10-08T08:48:16.340+0000] {logging_mixin.py:188} INFO - [2025-10-08T08:48:16.340+0000] {dag.py:3954} INFO - Setting next_dagrun for tutorial_objectstorage to None, run_after=None
[2025-10-08T08:48:16.366+0000] {processor.py:183} INFO - Processing /home/airflow/.local/lib/python3.12/site-packages/airflow/example_dags/tutorial_objectstorage.py took 0.099 seconds
[2025-10-08T08:48:46.930+0000] {processor.py:161} INFO - Started process (PID=4494) to work on /home/airflow/.local/lib/python3.12/site-packages/airflow/example_dags/tutorial_objectstorage.py
[2025-10-08T08:48:46.932+0000] {processor.py:830} INFO - Processing file /home/airflow/.local/lib/python3.12/site-packages/airflow/example_dags/tutorial_objectstorage.py for tasks to queue
[2025-10-08T08:48:46.935+0000] {logging_mixin.py:188} INFO - [2025-10-08T08:48:46.934+0000] {dagbag.py:545} INFO - Filling up the DagBag from /home/airflow/.local/lib/python3.12/site-packages/airflow/example_dags/tutorial_objectstorage.py
[2025-10-08T08:48:46.946+0000] {processor.py:840} INFO - DAG(s) 'tutorial_objectstorage' retrieved from /home/airflow/.local/lib/python3.12/site-packages/airflow/example_dags/tutorial_objectstorage.py
[2025-10-08T08:48:46.973+0000] {logging_mixin.py:188} INFO - [2025-10-08T08:48:46.972+0000] {dag.py:3096} INFO - Sync 1 DAGs
[2025-10-08T08:48:46.991+0000] {logging_mixin.py:188} INFO - [2025-10-08T08:48:46.991+0000] {dag.py:3954} INFO - Setting next_dagrun for tutorial_objectstorage to None, run_after=None
[2025-10-08T08:48:47.082+0000] {processor.py:183} INFO - Processing /home/airflow/.local/lib/python3.12/site-packages/airflow/example_dags/tutorial_objectstorage.py took 0.160 seconds
[2025-10-08T08:49:17.268+0000] {processor.py:161} INFO - Started process (PID=4553) to work on /home/airflow/.local/lib/python3.12/site-packages/airflow/example_dags/tutorial_objectstorage.py
[2025-10-08T08:49:17.270+0000] {processor.py:830} INFO - Processing file /home/airflow/.local/lib/python3.12/site-packages/airflow/example_dags/tutorial_objectstorage.py for tasks to queue
[2025-10-08T08:49:17.274+0000] {logging_mixin.py:188} INFO - [2025-10-08T08:49:17.273+0000] {dagbag.py:545} INFO - Filling up the DagBag from /home/airflow/.local/lib/python3.12/site-packages/airflow/example_dags/tutorial_objectstorage.py
[2025-10-08T08:49:17.285+0000] {processor.py:840} INFO - DAG(s) 'tutorial_objectstorage' retrieved from /home/airflow/.local/lib/python3.12/site-packages/airflow/example_dags/tutorial_objectstorage.py
[2025-10-08T08:49:17.318+0000] {logging_mixin.py:188} INFO - [2025-10-08T08:49:17.318+0000] {dag.py:3096} INFO - Sync 1 DAGs
[2025-10-08T08:49:17.333+0000] {logging_mixin.py:188} INFO - [2025-10-08T08:49:17.333+0000] {dag.py:3954} INFO - Setting next_dagrun for tutorial_objectstorage to None, run_after=None
[2025-10-08T08:49:17.359+0000] {processor.py:183} INFO - Processing /home/airflow/.local/lib/python3.12/site-packages/airflow/example_dags/tutorial_objectstorage.py took 0.103 seconds
[2025-10-08T08:49:47.772+0000] {processor.py:161} INFO - Started process (PID=4612) to work on /home/airflow/.local/lib/python3.12/site-packages/airflow/example_dags/tutorial_objectstorage.py
[2025-10-08T08:49:47.774+0000] {processor.py:830} INFO - Processing file /home/airflow/.local/lib/python3.12/site-packages/airflow/example_dags/tutorial_objectstorage.py for tasks to queue
[2025-10-08T08:49:47.777+0000] {logging_mixin.py:188} INFO - [2025-10-08T08:49:47.776+0000] {dagbag.py:545} INFO - Filling up the DagBag from /home/airflow/.local/lib/python3.12/site-packages/airflow/example_dags/tutorial_objectstorage.py
[2025-10-08T08:49:47.794+0000] {processor.py:840} INFO - DAG(s) 'tutorial_objectstorage' retrieved from /home/airflow/.local/lib/python3.12/site-packages/airflow/example_dags/tutorial_objectstorage.py
[2025-10-08T08:49:47.838+0000] {logging_mixin.py:188} INFO - [2025-10-08T08:49:47.837+0000] {dag.py:3096} INFO - Sync 1 DAGs
[2025-10-08T08:49:47.853+0000] {logging_mixin.py:188} INFO - [2025-10-08T08:49:47.853+0000] {dag.py:3954} INFO - Setting next_dagrun for tutorial_objectstorage to None, run_after=None
[2025-10-08T08:49:47.880+0000] {processor.py:183} INFO - Processing /home/airflow/.local/lib/python3.12/site-packages/airflow/example_dags/tutorial_objectstorage.py took 0.121 seconds
[2025-10-08T08:50:18.280+0000] {processor.py:161} INFO - Started process (PID=4671) to work on /home/airflow/.local/lib/python3.12/site-packages/airflow/example_dags/tutorial_objectstorage.py
[2025-10-08T08:50:18.281+0000] {processor.py:830} INFO - Processing file /home/airflow/.local/lib/python3.12/site-packages/airflow/example_dags/tutorial_objectstorage.py for tasks to queue
[2025-10-08T08:50:18.285+0000] {logging_mixin.py:188} INFO - [2025-10-08T08:50:18.284+0000] {dagbag.py:545} INFO - Filling up the DagBag from /home/airflow/.local/lib/python3.12/site-packages/airflow/example_dags/tutorial_objectstorage.py
[2025-10-08T08:50:18.300+0000] {processor.py:840} INFO - DAG(s) 'tutorial_objectstorage' retrieved from /home/airflow/.local/lib/python3.12/site-packages/airflow/example_dags/tutorial_objectstorage.py
[2025-10-08T08:50:18.345+0000] {logging_mixin.py:188} INFO - [2025-10-08T08:50:18.345+0000] {dag.py:3096} INFO - Sync 1 DAGs
[2025-10-08T08:50:18.366+0000] {logging_mixin.py:188} INFO - [2025-10-08T08:50:18.366+0000] {dag.py:3954} INFO - Setting next_dagrun for tutorial_objectstorage to None, run_after=None
[2025-10-08T08:50:18.425+0000] {processor.py:183} INFO - Processing /home/airflow/.local/lib/python3.12/site-packages/airflow/example_dags/tutorial_objectstorage.py took 0.156 seconds
[2025-10-08T08:50:48.803+0000] {processor.py:161} INFO - Started process (PID=4730) to work on /home/airflow/.local/lib/python3.12/site-packages/airflow/example_dags/tutorial_objectstorage.py
[2025-10-08T08:50:48.805+0000] {processor.py:830} INFO - Processing file /home/airflow/.local/lib/python3.12/site-packages/airflow/example_dags/tutorial_objectstorage.py for tasks to queue
[2025-10-08T08:50:48.807+0000] {logging_mixin.py:188} INFO - [2025-10-08T08:50:48.807+0000] {dagbag.py:545} INFO - Filling up the DagBag from /home/airflow/.local/lib/python3.12/site-packages/airflow/example_dags/tutorial_objectstorage.py
[2025-10-08T08:50:48.817+0000] {processor.py:840} INFO - DAG(s) 'tutorial_objectstorage' retrieved from /home/airflow/.local/lib/python3.12/site-packages/airflow/example_dags/tutorial_objectstorage.py
[2025-10-08T08:50:48.847+0000] {logging_mixin.py:188} INFO - [2025-10-08T08:50:48.847+0000] {dag.py:3096} INFO - Sync 1 DAGs
[2025-10-08T08:50:48.863+0000] {logging_mixin.py:188} INFO - [2025-10-08T08:50:48.863+0000] {dag.py:3954} INFO - Setting next_dagrun for tutorial_objectstorage to None, run_after=None
[2025-10-08T08:50:48.894+0000] {processor.py:183} INFO - Processing /home/airflow/.local/lib/python3.12/site-packages/airflow/example_dags/tutorial_objectstorage.py took 0.101 seconds
[2025-10-08T08:52:22.244+0000] {processor.py:161} INFO - Started process (PID=66) to work on /home/airflow/.local/lib/python3.12/site-packages/airflow/example_dags/tutorial_objectstorage.py
[2025-10-08T08:52:22.249+0000] {processor.py:830} INFO - Processing file /home/airflow/.local/lib/python3.12/site-packages/airflow/example_dags/tutorial_objectstorage.py for tasks to queue
[2025-10-08T08:52:22.277+0000] {logging_mixin.py:188} INFO - [2025-10-08T08:52:22.273+0000] {dagbag.py:545} INFO - Filling up the DagBag from /home/airflow/.local/lib/python3.12/site-packages/airflow/example_dags/tutorial_objectstorage.py
[2025-10-08T08:52:22.327+0000] {processor.py:840} INFO - DAG(s) 'tutorial_objectstorage' retrieved from /home/airflow/.local/lib/python3.12/site-packages/airflow/example_dags/tutorial_objectstorage.py
[2025-10-08T08:52:22.621+0000] {logging_mixin.py:188} INFO - [2025-10-08T08:52:22.620+0000] {dag.py:3096} INFO - Sync 1 DAGs
[2025-10-08T08:52:22.644+0000] {logging_mixin.py:188} INFO - [2025-10-08T08:52:22.643+0000] {dag.py:3954} INFO - Setting next_dagrun for tutorial_objectstorage to None, run_after=None
[2025-10-08T08:52:22.684+0000] {processor.py:183} INFO - Processing /home/airflow/.local/lib/python3.12/site-packages/airflow/example_dags/tutorial_objectstorage.py took 0.485 seconds
[2025-10-08T08:52:52.773+0000] {processor.py:161} INFO - Started process (PID=125) to work on /home/airflow/.local/lib/python3.12/site-packages/airflow/example_dags/tutorial_objectstorage.py
[2025-10-08T08:52:52.775+0000] {processor.py:830} INFO - Processing file /home/airflow/.local/lib/python3.12/site-packages/airflow/example_dags/tutorial_objectstorage.py for tasks to queue
[2025-10-08T08:52:52.778+0000] {logging_mixin.py:188} INFO - [2025-10-08T08:52:52.777+0000] {dagbag.py:545} INFO - Filling up the DagBag from /home/airflow/.local/lib/python3.12/site-packages/airflow/example_dags/tutorial_objectstorage.py
[2025-10-08T08:52:52.790+0000] {processor.py:840} INFO - DAG(s) 'tutorial_objectstorage' retrieved from /home/airflow/.local/lib/python3.12/site-packages/airflow/example_dags/tutorial_objectstorage.py
[2025-10-08T08:52:52.818+0000] {logging_mixin.py:188} INFO - [2025-10-08T08:52:52.818+0000] {dag.py:3096} INFO - Sync 1 DAGs
[2025-10-08T08:52:52.835+0000] {logging_mixin.py:188} INFO - [2025-10-08T08:52:52.835+0000] {dag.py:3954} INFO - Setting next_dagrun for tutorial_objectstorage to None, run_after=None
[2025-10-08T08:52:52.862+0000] {processor.py:183} INFO - Processing /home/airflow/.local/lib/python3.12/site-packages/airflow/example_dags/tutorial_objectstorage.py took 0.097 seconds
[2025-10-08T08:53:23.720+0000] {processor.py:161} INFO - Started process (PID=184) to work on /home/airflow/.local/lib/python3.12/site-packages/airflow/example_dags/tutorial_objectstorage.py
[2025-10-08T08:53:23.729+0000] {processor.py:830} INFO - Processing file /home/airflow/.local/lib/python3.12/site-packages/airflow/example_dags/tutorial_objectstorage.py for tasks to queue
[2025-10-08T08:53:23.732+0000] {logging_mixin.py:188} INFO - [2025-10-08T08:53:23.732+0000] {dagbag.py:545} INFO - Filling up the DagBag from /home/airflow/.local/lib/python3.12/site-packages/airflow/example_dags/tutorial_objectstorage.py
[2025-10-08T08:53:23.742+0000] {processor.py:840} INFO - DAG(s) 'tutorial_objectstorage' retrieved from /home/airflow/.local/lib/python3.12/site-packages/airflow/example_dags/tutorial_objectstorage.py
[2025-10-08T08:53:23.773+0000] {logging_mixin.py:188} INFO - [2025-10-08T08:53:23.773+0000] {dag.py:3096} INFO - Sync 1 DAGs
[2025-10-08T08:53:23.790+0000] {logging_mixin.py:188} INFO - [2025-10-08T08:53:23.790+0000] {dag.py:3954} INFO - Setting next_dagrun for tutorial_objectstorage to None, run_after=None
[2025-10-08T08:53:23.855+0000] {processor.py:183} INFO - Processing /home/airflow/.local/lib/python3.12/site-packages/airflow/example_dags/tutorial_objectstorage.py took 0.141 seconds
[2025-10-08T08:53:54.164+0000] {processor.py:161} INFO - Started process (PID=243) to work on /home/airflow/.local/lib/python3.12/site-packages/airflow/example_dags/tutorial_objectstorage.py
[2025-10-08T08:53:54.165+0000] {processor.py:830} INFO - Processing file /home/airflow/.local/lib/python3.12/site-packages/airflow/example_dags/tutorial_objectstorage.py for tasks to queue
[2025-10-08T08:53:54.168+0000] {logging_mixin.py:188} INFO - [2025-10-08T08:53:54.167+0000] {dagbag.py:545} INFO - Filling up the DagBag from /home/airflow/.local/lib/python3.12/site-packages/airflow/example_dags/tutorial_objectstorage.py
[2025-10-08T08:53:54.183+0000] {processor.py:840} INFO - DAG(s) 'tutorial_objectstorage' retrieved from /home/airflow/.local/lib/python3.12/site-packages/airflow/example_dags/tutorial_objectstorage.py
[2025-10-08T08:53:54.211+0000] {logging_mixin.py:188} INFO - [2025-10-08T08:53:54.210+0000] {dag.py:3096} INFO - Sync 1 DAGs
[2025-10-08T08:53:54.226+0000] {logging_mixin.py:188} INFO - [2025-10-08T08:53:54.225+0000] {dag.py:3954} INFO - Setting next_dagrun for tutorial_objectstorage to None, run_after=None
[2025-10-08T08:53:54.534+0000] {processor.py:183} INFO - Processing /home/airflow/.local/lib/python3.12/site-packages/airflow/example_dags/tutorial_objectstorage.py took 0.379 seconds
[2025-10-08T08:54:25.093+0000] {processor.py:161} INFO - Started process (PID=302) to work on /home/airflow/.local/lib/python3.12/site-packages/airflow/example_dags/tutorial_objectstorage.py
[2025-10-08T08:54:25.095+0000] {processor.py:830} INFO - Processing file /home/airflow/.local/lib/python3.12/site-packages/airflow/example_dags/tutorial_objectstorage.py for tasks to queue
[2025-10-08T08:54:25.099+0000] {logging_mixin.py:188} INFO - [2025-10-08T08:54:25.098+0000] {dagbag.py:545} INFO - Filling up the DagBag from /home/airflow/.local/lib/python3.12/site-packages/airflow/example_dags/tutorial_objectstorage.py
[2025-10-08T08:54:25.113+0000] {processor.py:840} INFO - DAG(s) 'tutorial_objectstorage' retrieved from /home/airflow/.local/lib/python3.12/site-packages/airflow/example_dags/tutorial_objectstorage.py
[2025-10-08T08:54:25.143+0000] {logging_mixin.py:188} INFO - [2025-10-08T08:54:25.143+0000] {dag.py:3096} INFO - Sync 1 DAGs
[2025-10-08T08:54:25.158+0000] {logging_mixin.py:188} INFO - [2025-10-08T08:54:25.158+0000] {dag.py:3954} INFO - Setting next_dagrun for tutorial_objectstorage to None, run_after=None
[2025-10-08T08:54:25.185+0000] {processor.py:183} INFO - Processing /home/airflow/.local/lib/python3.12/site-packages/airflow/example_dags/tutorial_objectstorage.py took 0.103 seconds
[2025-10-08T08:54:55.320+0000] {processor.py:161} INFO - Started process (PID=361) to work on /home/airflow/.local/lib/python3.12/site-packages/airflow/example_dags/tutorial_objectstorage.py
[2025-10-08T08:54:55.323+0000] {processor.py:830} INFO - Processing file /home/airflow/.local/lib/python3.12/site-packages/airflow/example_dags/tutorial_objectstorage.py for tasks to queue
[2025-10-08T08:54:55.327+0000] {logging_mixin.py:188} INFO - [2025-10-08T08:54:55.326+0000] {dagbag.py:545} INFO - Filling up the DagBag from /home/airflow/.local/lib/python3.12/site-packages/airflow/example_dags/tutorial_objectstorage.py
[2025-10-08T08:54:55.337+0000] {processor.py:840} INFO - DAG(s) 'tutorial_objectstorage' retrieved from /home/airflow/.local/lib/python3.12/site-packages/airflow/example_dags/tutorial_objectstorage.py
[2025-10-08T08:54:55.380+0000] {logging_mixin.py:188} INFO - [2025-10-08T08:54:55.380+0000] {dag.py:3096} INFO - Sync 1 DAGs
[2025-10-08T08:54:55.400+0000] {logging_mixin.py:188} INFO - [2025-10-08T08:54:55.399+0000] {dag.py:3954} INFO - Setting next_dagrun for tutorial_objectstorage to None, run_after=None
[2025-10-08T08:54:55.424+0000] {processor.py:183} INFO - Processing /home/airflow/.local/lib/python3.12/site-packages/airflow/example_dags/tutorial_objectstorage.py took 0.113 seconds
[2025-10-08T08:55:25.804+0000] {processor.py:161} INFO - Started process (PID=420) to work on /home/airflow/.local/lib/python3.12/site-packages/airflow/example_dags/tutorial_objectstorage.py
[2025-10-08T08:55:25.813+0000] {processor.py:830} INFO - Processing file /home/airflow/.local/lib/python3.12/site-packages/airflow/example_dags/tutorial_objectstorage.py for tasks to queue
[2025-10-08T08:55:25.840+0000] {logging_mixin.py:188} INFO - [2025-10-08T08:55:25.839+0000] {dagbag.py:545} INFO - Filling up the DagBag from /home/airflow/.local/lib/python3.12/site-packages/airflow/example_dags/tutorial_objectstorage.py
[2025-10-08T08:55:25.907+0000] {processor.py:840} INFO - DAG(s) 'tutorial_objectstorage' retrieved from /home/airflow/.local/lib/python3.12/site-packages/airflow/example_dags/tutorial_objectstorage.py
[2025-10-08T08:55:25.997+0000] {logging_mixin.py:188} INFO - [2025-10-08T08:55:25.997+0000] {dag.py:3096} INFO - Sync 1 DAGs
[2025-10-08T08:55:26.080+0000] {logging_mixin.py:188} INFO - [2025-10-08T08:55:26.080+0000] {dag.py:3954} INFO - Setting next_dagrun for tutorial_objectstorage to None, run_after=None
[2025-10-08T08:55:26.152+0000] {processor.py:183} INFO - Processing /home/airflow/.local/lib/python3.12/site-packages/airflow/example_dags/tutorial_objectstorage.py took 0.429 seconds
[2025-10-08T08:55:56.789+0000] {processor.py:161} INFO - Started process (PID=479) to work on /home/airflow/.local/lib/python3.12/site-packages/airflow/example_dags/tutorial_objectstorage.py
[2025-10-08T08:55:56.800+0000] {processor.py:830} INFO - Processing file /home/airflow/.local/lib/python3.12/site-packages/airflow/example_dags/tutorial_objectstorage.py for tasks to queue
[2025-10-08T08:55:56.815+0000] {logging_mixin.py:188} INFO - [2025-10-08T08:55:56.814+0000] {dagbag.py:545} INFO - Filling up the DagBag from /home/airflow/.local/lib/python3.12/site-packages/airflow/example_dags/tutorial_objectstorage.py
[2025-10-08T08:55:56.855+0000] {processor.py:840} INFO - DAG(s) 'tutorial_objectstorage' retrieved from /home/airflow/.local/lib/python3.12/site-packages/airflow/example_dags/tutorial_objectstorage.py
[2025-10-08T08:55:56.927+0000] {logging_mixin.py:188} INFO - [2025-10-08T08:55:56.926+0000] {dag.py:3096} INFO - Sync 1 DAGs
[2025-10-08T08:55:56.956+0000] {logging_mixin.py:188} INFO - [2025-10-08T08:55:56.955+0000] {dag.py:3954} INFO - Setting next_dagrun for tutorial_objectstorage to None, run_after=None
[2025-10-08T08:55:57.016+0000] {processor.py:183} INFO - Processing /home/airflow/.local/lib/python3.12/site-packages/airflow/example_dags/tutorial_objectstorage.py took 0.251 seconds
[2025-10-08T08:56:27.425+0000] {processor.py:161} INFO - Started process (PID=538) to work on /home/airflow/.local/lib/python3.12/site-packages/airflow/example_dags/tutorial_objectstorage.py
[2025-10-08T08:56:27.428+0000] {processor.py:830} INFO - Processing file /home/airflow/.local/lib/python3.12/site-packages/airflow/example_dags/tutorial_objectstorage.py for tasks to queue
[2025-10-08T08:56:27.432+0000] {logging_mixin.py:188} INFO - [2025-10-08T08:56:27.431+0000] {dagbag.py:545} INFO - Filling up the DagBag from /home/airflow/.local/lib/python3.12/site-packages/airflow/example_dags/tutorial_objectstorage.py
[2025-10-08T08:56:27.445+0000] {processor.py:840} INFO - DAG(s) 'tutorial_objectstorage' retrieved from /home/airflow/.local/lib/python3.12/site-packages/airflow/example_dags/tutorial_objectstorage.py
[2025-10-08T08:56:27.473+0000] {logging_mixin.py:188} INFO - [2025-10-08T08:56:27.473+0000] {dag.py:3096} INFO - Sync 1 DAGs
[2025-10-08T08:56:27.495+0000] {logging_mixin.py:188} INFO - [2025-10-08T08:56:27.495+0000] {dag.py:3954} INFO - Setting next_dagrun for tutorial_objectstorage to None, run_after=None
[2025-10-08T08:56:27.525+0000] {processor.py:183} INFO - Processing /home/airflow/.local/lib/python3.12/site-packages/airflow/example_dags/tutorial_objectstorage.py took 0.114 seconds
[2025-10-08T08:56:57.871+0000] {processor.py:161} INFO - Started process (PID=597) to work on /home/airflow/.local/lib/python3.12/site-packages/airflow/example_dags/tutorial_objectstorage.py
[2025-10-08T08:56:57.873+0000] {processor.py:830} INFO - Processing file /home/airflow/.local/lib/python3.12/site-packages/airflow/example_dags/tutorial_objectstorage.py for tasks to queue
[2025-10-08T08:56:57.876+0000] {logging_mixin.py:188} INFO - [2025-10-08T08:56:57.876+0000] {dagbag.py:545} INFO - Filling up the DagBag from /home/airflow/.local/lib/python3.12/site-packages/airflow/example_dags/tutorial_objectstorage.py
[2025-10-08T08:56:57.889+0000] {processor.py:840} INFO - DAG(s) 'tutorial_objectstorage' retrieved from /home/airflow/.local/lib/python3.12/site-packages/airflow/example_dags/tutorial_objectstorage.py
[2025-10-08T08:56:57.918+0000] {logging_mixin.py:188} INFO - [2025-10-08T08:56:57.918+0000] {dag.py:3096} INFO - Sync 1 DAGs
[2025-10-08T08:56:57.934+0000] {logging_mixin.py:188} INFO - [2025-10-08T08:56:57.934+0000] {dag.py:3954} INFO - Setting next_dagrun for tutorial_objectstorage to None, run_after=None
[2025-10-08T08:56:57.957+0000] {processor.py:183} INFO - Processing /home/airflow/.local/lib/python3.12/site-packages/airflow/example_dags/tutorial_objectstorage.py took 0.097 seconds
[2025-10-08T08:57:28.416+0000] {processor.py:161} INFO - Started process (PID=656) to work on /home/airflow/.local/lib/python3.12/site-packages/airflow/example_dags/tutorial_objectstorage.py
[2025-10-08T08:57:28.417+0000] {processor.py:830} INFO - Processing file /home/airflow/.local/lib/python3.12/site-packages/airflow/example_dags/tutorial_objectstorage.py for tasks to queue
[2025-10-08T08:57:28.421+0000] {logging_mixin.py:188} INFO - [2025-10-08T08:57:28.421+0000] {dagbag.py:545} INFO - Filling up the DagBag from /home/airflow/.local/lib/python3.12/site-packages/airflow/example_dags/tutorial_objectstorage.py
[2025-10-08T08:57:28.431+0000] {processor.py:840} INFO - DAG(s) 'tutorial_objectstorage' retrieved from /home/airflow/.local/lib/python3.12/site-packages/airflow/example_dags/tutorial_objectstorage.py
[2025-10-08T08:57:28.458+0000] {logging_mixin.py:188} INFO - [2025-10-08T08:57:28.458+0000] {dag.py:3096} INFO - Sync 1 DAGs
[2025-10-08T08:57:28.474+0000] {logging_mixin.py:188} INFO - [2025-10-08T08:57:28.474+0000] {dag.py:3954} INFO - Setting next_dagrun for tutorial_objectstorage to None, run_after=None
[2025-10-08T08:57:28.503+0000] {processor.py:183} INFO - Processing /home/airflow/.local/lib/python3.12/site-packages/airflow/example_dags/tutorial_objectstorage.py took 0.096 seconds
[2025-10-08T08:57:58.636+0000] {processor.py:161} INFO - Started process (PID=715) to work on /home/airflow/.local/lib/python3.12/site-packages/airflow/example_dags/tutorial_objectstorage.py
[2025-10-08T08:57:58.639+0000] {processor.py:830} INFO - Processing file /home/airflow/.local/lib/python3.12/site-packages/airflow/example_dags/tutorial_objectstorage.py for tasks to queue
[2025-10-08T08:57:58.642+0000] {logging_mixin.py:188} INFO - [2025-10-08T08:57:58.642+0000] {dagbag.py:545} INFO - Filling up the DagBag from /home/airflow/.local/lib/python3.12/site-packages/airflow/example_dags/tutorial_objectstorage.py
[2025-10-08T08:57:58.653+0000] {processor.py:840} INFO - DAG(s) 'tutorial_objectstorage' retrieved from /home/airflow/.local/lib/python3.12/site-packages/airflow/example_dags/tutorial_objectstorage.py
[2025-10-08T08:57:58.681+0000] {logging_mixin.py:188} INFO - [2025-10-08T08:57:58.680+0000] {dag.py:3096} INFO - Sync 1 DAGs
[2025-10-08T08:57:58.705+0000] {logging_mixin.py:188} INFO - [2025-10-08T08:57:58.704+0000] {dag.py:3954} INFO - Setting next_dagrun for tutorial_objectstorage to None, run_after=None
[2025-10-08T08:57:58.726+0000] {processor.py:183} INFO - Processing /home/airflow/.local/lib/python3.12/site-packages/airflow/example_dags/tutorial_objectstorage.py took 0.097 seconds
[2025-10-08T08:58:29.044+0000] {processor.py:161} INFO - Started process (PID=774) to work on /home/airflow/.local/lib/python3.12/site-packages/airflow/example_dags/tutorial_objectstorage.py
[2025-10-08T08:58:29.048+0000] {processor.py:830} INFO - Processing file /home/airflow/.local/lib/python3.12/site-packages/airflow/example_dags/tutorial_objectstorage.py for tasks to queue
[2025-10-08T08:58:29.054+0000] {logging_mixin.py:188} INFO - [2025-10-08T08:58:29.053+0000] {dagbag.py:545} INFO - Filling up the DagBag from /home/airflow/.local/lib/python3.12/site-packages/airflow/example_dags/tutorial_objectstorage.py
[2025-10-08T08:58:29.083+0000] {processor.py:840} INFO - DAG(s) 'tutorial_objectstorage' retrieved from /home/airflow/.local/lib/python3.12/site-packages/airflow/example_dags/tutorial_objectstorage.py
[2025-10-08T08:58:29.126+0000] {logging_mixin.py:188} INFO - [2025-10-08T08:58:29.126+0000] {dag.py:3096} INFO - Sync 1 DAGs
[2025-10-08T08:58:29.144+0000] {logging_mixin.py:188} INFO - [2025-10-08T08:58:29.144+0000] {dag.py:3954} INFO - Setting next_dagrun for tutorial_objectstorage to None, run_after=None
[2025-10-08T08:58:29.171+0000] {processor.py:183} INFO - Processing /home/airflow/.local/lib/python3.12/site-packages/airflow/example_dags/tutorial_objectstorage.py took 0.145 seconds
[2025-10-08T08:58:59.441+0000] {processor.py:161} INFO - Started process (PID=833) to work on /home/airflow/.local/lib/python3.12/site-packages/airflow/example_dags/tutorial_objectstorage.py
[2025-10-08T08:58:59.443+0000] {processor.py:830} INFO - Processing file /home/airflow/.local/lib/python3.12/site-packages/airflow/example_dags/tutorial_objectstorage.py for tasks to queue
[2025-10-08T08:58:59.447+0000] {logging_mixin.py:188} INFO - [2025-10-08T08:58:59.446+0000] {dagbag.py:545} INFO - Filling up the DagBag from /home/airflow/.local/lib/python3.12/site-packages/airflow/example_dags/tutorial_objectstorage.py
[2025-10-08T08:58:59.457+0000] {processor.py:840} INFO - DAG(s) 'tutorial_objectstorage' retrieved from /home/airflow/.local/lib/python3.12/site-packages/airflow/example_dags/tutorial_objectstorage.py
[2025-10-08T08:58:59.481+0000] {logging_mixin.py:188} INFO - [2025-10-08T08:58:59.481+0000] {dag.py:3096} INFO - Sync 1 DAGs
[2025-10-08T08:58:59.496+0000] {logging_mixin.py:188} INFO - [2025-10-08T08:58:59.495+0000] {dag.py:3954} INFO - Setting next_dagrun for tutorial_objectstorage to None, run_after=None
[2025-10-08T08:58:59.522+0000] {processor.py:183} INFO - Processing /home/airflow/.local/lib/python3.12/site-packages/airflow/example_dags/tutorial_objectstorage.py took 0.089 seconds
[2025-10-08T08:59:29.679+0000] {processor.py:161} INFO - Started process (PID=892) to work on /home/airflow/.local/lib/python3.12/site-packages/airflow/example_dags/tutorial_objectstorage.py
[2025-10-08T08:59:29.681+0000] {processor.py:830} INFO - Processing file /home/airflow/.local/lib/python3.12/site-packages/airflow/example_dags/tutorial_objectstorage.py for tasks to queue
[2025-10-08T08:59:29.684+0000] {logging_mixin.py:188} INFO - [2025-10-08T08:59:29.683+0000] {dagbag.py:545} INFO - Filling up the DagBag from /home/airflow/.local/lib/python3.12/site-packages/airflow/example_dags/tutorial_objectstorage.py
[2025-10-08T08:59:29.693+0000] {processor.py:840} INFO - DAG(s) 'tutorial_objectstorage' retrieved from /home/airflow/.local/lib/python3.12/site-packages/airflow/example_dags/tutorial_objectstorage.py
[2025-10-08T08:59:29.719+0000] {logging_mixin.py:188} INFO - [2025-10-08T08:59:29.718+0000] {dag.py:3096} INFO - Sync 1 DAGs
[2025-10-08T08:59:29.735+0000] {logging_mixin.py:188} INFO - [2025-10-08T08:59:29.734+0000] {dag.py:3954} INFO - Setting next_dagrun for tutorial_objectstorage to None, run_after=None
[2025-10-08T08:59:29.763+0000] {processor.py:183} INFO - Processing /home/airflow/.local/lib/python3.12/site-packages/airflow/example_dags/tutorial_objectstorage.py took 0.091 seconds
[2025-10-08T08:59:59.958+0000] {processor.py:161} INFO - Started process (PID=951) to work on /home/airflow/.local/lib/python3.12/site-packages/airflow/example_dags/tutorial_objectstorage.py
[2025-10-08T08:59:59.961+0000] {processor.py:830} INFO - Processing file /home/airflow/.local/lib/python3.12/site-packages/airflow/example_dags/tutorial_objectstorage.py for tasks to queue
[2025-10-08T08:59:59.964+0000] {logging_mixin.py:188} INFO - [2025-10-08T08:59:59.963+0000] {dagbag.py:545} INFO - Filling up the DagBag from /home/airflow/.local/lib/python3.12/site-packages/airflow/example_dags/tutorial_objectstorage.py
[2025-10-08T08:59:59.975+0000] {processor.py:840} INFO - DAG(s) 'tutorial_objectstorage' retrieved from /home/airflow/.local/lib/python3.12/site-packages/airflow/example_dags/tutorial_objectstorage.py
[2025-10-08T09:00:00.007+0000] {logging_mixin.py:188} INFO - [2025-10-08T09:00:00.007+0000] {dag.py:3096} INFO - Sync 1 DAGs
[2025-10-08T09:00:00.034+0000] {logging_mixin.py:188} INFO - [2025-10-08T09:00:00.034+0000] {dag.py:3954} INFO - Setting next_dagrun for tutorial_objectstorage to None, run_after=None
[2025-10-08T09:00:00.067+0000] {processor.py:183} INFO - Processing /home/airflow/.local/lib/python3.12/site-packages/airflow/example_dags/tutorial_objectstorage.py took 0.119 seconds
[2025-10-08T09:00:30.384+0000] {processor.py:161} INFO - Started process (PID=1010) to work on /home/airflow/.local/lib/python3.12/site-packages/airflow/example_dags/tutorial_objectstorage.py
[2025-10-08T09:00:30.386+0000] {processor.py:830} INFO - Processing file /home/airflow/.local/lib/python3.12/site-packages/airflow/example_dags/tutorial_objectstorage.py for tasks to queue
[2025-10-08T09:00:30.395+0000] {logging_mixin.py:188} INFO - [2025-10-08T09:00:30.394+0000] {dagbag.py:545} INFO - Filling up the DagBag from /home/airflow/.local/lib/python3.12/site-packages/airflow/example_dags/tutorial_objectstorage.py
[2025-10-08T09:00:30.417+0000] {processor.py:840} INFO - DAG(s) 'tutorial_objectstorage' retrieved from /home/airflow/.local/lib/python3.12/site-packages/airflow/example_dags/tutorial_objectstorage.py
[2025-10-08T09:00:30.460+0000] {logging_mixin.py:188} INFO - [2025-10-08T09:00:30.459+0000] {dag.py:3096} INFO - Sync 1 DAGs
[2025-10-08T09:00:30.489+0000] {logging_mixin.py:188} INFO - [2025-10-08T09:00:30.488+0000] {dag.py:3954} INFO - Setting next_dagrun for tutorial_objectstorage to None, run_after=None
[2025-10-08T09:00:30.550+0000] {processor.py:183} INFO - Processing /home/airflow/.local/lib/python3.12/site-packages/airflow/example_dags/tutorial_objectstorage.py took 0.176 seconds
[2025-10-08T09:01:00.780+0000] {processor.py:161} INFO - Started process (PID=1069) to work on /home/airflow/.local/lib/python3.12/site-packages/airflow/example_dags/tutorial_objectstorage.py
[2025-10-08T09:01:00.781+0000] {processor.py:830} INFO - Processing file /home/airflow/.local/lib/python3.12/site-packages/airflow/example_dags/tutorial_objectstorage.py for tasks to queue
[2025-10-08T09:01:00.784+0000] {logging_mixin.py:188} INFO - [2025-10-08T09:01:00.783+0000] {dagbag.py:545} INFO - Filling up the DagBag from /home/airflow/.local/lib/python3.12/site-packages/airflow/example_dags/tutorial_objectstorage.py
[2025-10-08T09:01:00.793+0000] {processor.py:840} INFO - DAG(s) 'tutorial_objectstorage' retrieved from /home/airflow/.local/lib/python3.12/site-packages/airflow/example_dags/tutorial_objectstorage.py
[2025-10-08T09:01:00.817+0000] {logging_mixin.py:188} INFO - [2025-10-08T09:01:00.817+0000] {dag.py:3096} INFO - Sync 1 DAGs
[2025-10-08T09:01:00.832+0000] {logging_mixin.py:188} INFO - [2025-10-08T09:01:00.831+0000] {dag.py:3954} INFO - Setting next_dagrun for tutorial_objectstorage to None, run_after=None
[2025-10-08T09:01:00.854+0000] {processor.py:183} INFO - Processing /home/airflow/.local/lib/python3.12/site-packages/airflow/example_dags/tutorial_objectstorage.py took 0.081 seconds
[2025-10-08T09:01:31.115+0000] {processor.py:161} INFO - Started process (PID=1128) to work on /home/airflow/.local/lib/python3.12/site-packages/airflow/example_dags/tutorial_objectstorage.py
[2025-10-08T09:01:31.117+0000] {processor.py:830} INFO - Processing file /home/airflow/.local/lib/python3.12/site-packages/airflow/example_dags/tutorial_objectstorage.py for tasks to queue
[2025-10-08T09:01:31.120+0000] {logging_mixin.py:188} INFO - [2025-10-08T09:01:31.120+0000] {dagbag.py:545} INFO - Filling up the DagBag from /home/airflow/.local/lib/python3.12/site-packages/airflow/example_dags/tutorial_objectstorage.py
[2025-10-08T09:01:31.131+0000] {processor.py:840} INFO - DAG(s) 'tutorial_objectstorage' retrieved from /home/airflow/.local/lib/python3.12/site-packages/airflow/example_dags/tutorial_objectstorage.py
[2025-10-08T09:01:31.153+0000] {logging_mixin.py:188} INFO - [2025-10-08T09:01:31.153+0000] {dag.py:3096} INFO - Sync 1 DAGs
[2025-10-08T09:01:31.168+0000] {logging_mixin.py:188} INFO - [2025-10-08T09:01:31.167+0000] {dag.py:3954} INFO - Setting next_dagrun for tutorial_objectstorage to None, run_after=None
[2025-10-08T09:01:31.191+0000] {processor.py:183} INFO - Processing /home/airflow/.local/lib/python3.12/site-packages/airflow/example_dags/tutorial_objectstorage.py took 0.085 seconds
[2025-10-08T09:02:01.742+0000] {processor.py:161} INFO - Started process (PID=1187) to work on /home/airflow/.local/lib/python3.12/site-packages/airflow/example_dags/tutorial_objectstorage.py
[2025-10-08T09:02:01.743+0000] {processor.py:830} INFO - Processing file /home/airflow/.local/lib/python3.12/site-packages/airflow/example_dags/tutorial_objectstorage.py for tasks to queue
[2025-10-08T09:02:01.746+0000] {logging_mixin.py:188} INFO - [2025-10-08T09:02:01.746+0000] {dagbag.py:545} INFO - Filling up the DagBag from /home/airflow/.local/lib/python3.12/site-packages/airflow/example_dags/tutorial_objectstorage.py
[2025-10-08T09:02:01.757+0000] {processor.py:840} INFO - DAG(s) 'tutorial_objectstorage' retrieved from /home/airflow/.local/lib/python3.12/site-packages/airflow/example_dags/tutorial_objectstorage.py
[2025-10-08T09:02:01.786+0000] {logging_mixin.py:188} INFO - [2025-10-08T09:02:01.786+0000] {dag.py:3096} INFO - Sync 1 DAGs
[2025-10-08T09:02:01.802+0000] {logging_mixin.py:188} INFO - [2025-10-08T09:02:01.802+0000] {dag.py:3954} INFO - Setting next_dagrun for tutorial_objectstorage to None, run_after=None
[2025-10-08T09:02:01.829+0000] {processor.py:183} INFO - Processing /home/airflow/.local/lib/python3.12/site-packages/airflow/example_dags/tutorial_objectstorage.py took 0.095 seconds
[2025-10-08T09:02:31.997+0000] {processor.py:161} INFO - Started process (PID=1246) to work on /home/airflow/.local/lib/python3.12/site-packages/airflow/example_dags/tutorial_objectstorage.py
[2025-10-08T09:02:32.000+0000] {processor.py:830} INFO - Processing file /home/airflow/.local/lib/python3.12/site-packages/airflow/example_dags/tutorial_objectstorage.py for tasks to queue
[2025-10-08T09:02:32.004+0000] {logging_mixin.py:188} INFO - [2025-10-08T09:02:32.003+0000] {dagbag.py:545} INFO - Filling up the DagBag from /home/airflow/.local/lib/python3.12/site-packages/airflow/example_dags/tutorial_objectstorage.py
[2025-10-08T09:02:32.015+0000] {processor.py:840} INFO - DAG(s) 'tutorial_objectstorage' retrieved from /home/airflow/.local/lib/python3.12/site-packages/airflow/example_dags/tutorial_objectstorage.py
[2025-10-08T09:02:32.045+0000] {logging_mixin.py:188} INFO - [2025-10-08T09:02:32.045+0000] {dag.py:3096} INFO - Sync 1 DAGs
[2025-10-08T09:02:32.062+0000] {logging_mixin.py:188} INFO - [2025-10-08T09:02:32.062+0000] {dag.py:3954} INFO - Setting next_dagrun for tutorial_objectstorage to None, run_after=None
[2025-10-08T09:02:32.090+0000] {processor.py:183} INFO - Processing /home/airflow/.local/lib/python3.12/site-packages/airflow/example_dags/tutorial_objectstorage.py took 0.103 seconds
[2025-10-08T09:03:02.310+0000] {processor.py:161} INFO - Started process (PID=1303) to work on /home/airflow/.local/lib/python3.12/site-packages/airflow/example_dags/tutorial_objectstorage.py
[2025-10-08T09:03:02.312+0000] {processor.py:830} INFO - Processing file /home/airflow/.local/lib/python3.12/site-packages/airflow/example_dags/tutorial_objectstorage.py for tasks to queue
[2025-10-08T09:03:02.315+0000] {logging_mixin.py:188} INFO - [2025-10-08T09:03:02.315+0000] {dagbag.py:545} INFO - Filling up the DagBag from /home/airflow/.local/lib/python3.12/site-packages/airflow/example_dags/tutorial_objectstorage.py
[2025-10-08T09:03:02.325+0000] {processor.py:840} INFO - DAG(s) 'tutorial_objectstorage' retrieved from /home/airflow/.local/lib/python3.12/site-packages/airflow/example_dags/tutorial_objectstorage.py
[2025-10-08T09:03:02.357+0000] {logging_mixin.py:188} INFO - [2025-10-08T09:03:02.357+0000] {dag.py:3096} INFO - Sync 1 DAGs
[2025-10-08T09:03:02.373+0000] {logging_mixin.py:188} INFO - [2025-10-08T09:03:02.373+0000] {dag.py:3954} INFO - Setting next_dagrun for tutorial_objectstorage to None, run_after=None
[2025-10-08T09:03:02.399+0000] {processor.py:183} INFO - Processing /home/airflow/.local/lib/python3.12/site-packages/airflow/example_dags/tutorial_objectstorage.py took 0.096 seconds
[2025-10-08T09:03:32.554+0000] {processor.py:161} INFO - Started process (PID=1362) to work on /home/airflow/.local/lib/python3.12/site-packages/airflow/example_dags/tutorial_objectstorage.py
[2025-10-08T09:03:32.557+0000] {processor.py:830} INFO - Processing file /home/airflow/.local/lib/python3.12/site-packages/airflow/example_dags/tutorial_objectstorage.py for tasks to queue
[2025-10-08T09:03:32.563+0000] {logging_mixin.py:188} INFO - [2025-10-08T09:03:32.562+0000] {dagbag.py:545} INFO - Filling up the DagBag from /home/airflow/.local/lib/python3.12/site-packages/airflow/example_dags/tutorial_objectstorage.py
[2025-10-08T09:03:32.602+0000] {processor.py:840} INFO - DAG(s) 'tutorial_objectstorage' retrieved from /home/airflow/.local/lib/python3.12/site-packages/airflow/example_dags/tutorial_objectstorage.py
[2025-10-08T09:03:32.644+0000] {logging_mixin.py:188} INFO - [2025-10-08T09:03:32.644+0000] {dag.py:3096} INFO - Sync 1 DAGs
[2025-10-08T09:03:32.668+0000] {logging_mixin.py:188} INFO - [2025-10-08T09:03:32.668+0000] {dag.py:3954} INFO - Setting next_dagrun for tutorial_objectstorage to None, run_after=None
[2025-10-08T09:03:32.709+0000] {processor.py:183} INFO - Processing /home/airflow/.local/lib/python3.12/site-packages/airflow/example_dags/tutorial_objectstorage.py took 0.190 seconds
[2025-10-08T09:04:03.194+0000] {processor.py:161} INFO - Started process (PID=1421) to work on /home/airflow/.local/lib/python3.12/site-packages/airflow/example_dags/tutorial_objectstorage.py
[2025-10-08T09:04:03.201+0000] {processor.py:830} INFO - Processing file /home/airflow/.local/lib/python3.12/site-packages/airflow/example_dags/tutorial_objectstorage.py for tasks to queue
[2025-10-08T09:04:03.207+0000] {logging_mixin.py:188} INFO - [2025-10-08T09:04:03.206+0000] {dagbag.py:545} INFO - Filling up the DagBag from /home/airflow/.local/lib/python3.12/site-packages/airflow/example_dags/tutorial_objectstorage.py
[2025-10-08T09:04:03.234+0000] {processor.py:840} INFO - DAG(s) 'tutorial_objectstorage' retrieved from /home/airflow/.local/lib/python3.12/site-packages/airflow/example_dags/tutorial_objectstorage.py
[2025-10-08T09:04:03.277+0000] {logging_mixin.py:188} INFO - [2025-10-08T09:04:03.276+0000] {dag.py:3096} INFO - Sync 1 DAGs
[2025-10-08T09:04:03.296+0000] {logging_mixin.py:188} INFO - [2025-10-08T09:04:03.296+0000] {dag.py:3954} INFO - Setting next_dagrun for tutorial_objectstorage to None, run_after=None
[2025-10-08T09:04:03.334+0000] {processor.py:183} INFO - Processing /home/airflow/.local/lib/python3.12/site-packages/airflow/example_dags/tutorial_objectstorage.py took 0.153 seconds
