[2025-10-17T02:55:16.736+0000] {processor.py:161} INFO - Started process (PID=102) to work on /home/airflow/.local/lib/python3.12/site-packages/airflow/example_dags/example_display_name.py
[2025-10-17T02:55:16.738+0000] {processor.py:830} INFO - Processing file /home/airflow/.local/lib/python3.12/site-packages/airflow/example_dags/example_display_name.py for tasks to queue
[2025-10-17T02:55:16.742+0000] {logging_mixin.py:188} INFO - [2025-10-17T02:55:16.741+0000] {dagbag.py:545} INFO - Filling up the DagBag from /home/airflow/.local/lib/python3.12/site-packages/airflow/example_dags/example_display_name.py
[2025-10-17T02:55:16.752+0000] {processor.py:840} INFO - DAG(s) 'example_display_name' retrieved from /home/airflow/.local/lib/python3.12/site-packages/airflow/example_dags/example_display_name.py
[2025-10-17T02:55:16.876+0000] {logging_mixin.py:188} INFO - [2025-10-17T02:55:16.876+0000] {override.py:1829} INFO - Created Permission View: can read on DAG:example_display_name
[2025-10-17T02:55:16.887+0000] {logging_mixin.py:188} INFO - [2025-10-17T02:55:16.886+0000] {override.py:1829} INFO - Created Permission View: can delete on DAG:example_display_name
[2025-10-17T02:55:16.894+0000] {logging_mixin.py:188} INFO - [2025-10-17T02:55:16.894+0000] {override.py:1829} INFO - Created Permission View: can edit on DAG:example_display_name
[2025-10-17T02:55:16.895+0000] {logging_mixin.py:188} INFO - [2025-10-17T02:55:16.895+0000] {dag.py:3096} INFO - Sync 1 DAGs
[2025-10-17T02:55:16.908+0000] {logging_mixin.py:188} INFO - [2025-10-17T02:55:16.907+0000] {dag.py:3118} INFO - Creating ORM DAG for example_display_name
[2025-10-17T02:55:16.909+0000] {logging_mixin.py:188} INFO - [2025-10-17T02:55:16.909+0000] {dag.py:3954} INFO - Setting next_dagrun for example_display_name to None, run_after=None
[2025-10-17T02:55:16.927+0000] {processor.py:183} INFO - Processing /home/airflow/.local/lib/python3.12/site-packages/airflow/example_dags/example_display_name.py took 0.198 seconds
[2025-10-17T02:55:47.065+0000] {processor.py:161} INFO - Started process (PID=160) to work on /home/airflow/.local/lib/python3.12/site-packages/airflow/example_dags/example_display_name.py
[2025-10-17T02:55:47.067+0000] {processor.py:830} INFO - Processing file /home/airflow/.local/lib/python3.12/site-packages/airflow/example_dags/example_display_name.py for tasks to queue
[2025-10-17T02:55:47.069+0000] {logging_mixin.py:188} INFO - [2025-10-17T02:55:47.069+0000] {dagbag.py:545} INFO - Filling up the DagBag from /home/airflow/.local/lib/python3.12/site-packages/airflow/example_dags/example_display_name.py
[2025-10-17T02:55:47.075+0000] {processor.py:840} INFO - DAG(s) 'example_display_name' retrieved from /home/airflow/.local/lib/python3.12/site-packages/airflow/example_dags/example_display_name.py
[2025-10-17T02:55:47.094+0000] {logging_mixin.py:188} INFO - [2025-10-17T02:55:47.093+0000] {dag.py:3096} INFO - Sync 1 DAGs
[2025-10-17T02:55:47.108+0000] {logging_mixin.py:188} INFO - [2025-10-17T02:55:47.108+0000] {dag.py:3954} INFO - Setting next_dagrun for example_display_name to None, run_after=None
[2025-10-17T02:55:47.127+0000] {processor.py:183} INFO - Processing /home/airflow/.local/lib/python3.12/site-packages/airflow/example_dags/example_display_name.py took 0.067 seconds
[2025-10-17T02:56:17.389+0000] {processor.py:161} INFO - Started process (PID=219) to work on /home/airflow/.local/lib/python3.12/site-packages/airflow/example_dags/example_display_name.py
[2025-10-17T02:56:17.390+0000] {processor.py:830} INFO - Processing file /home/airflow/.local/lib/python3.12/site-packages/airflow/example_dags/example_display_name.py for tasks to queue
[2025-10-17T02:56:17.393+0000] {logging_mixin.py:188} INFO - [2025-10-17T02:56:17.392+0000] {dagbag.py:545} INFO - Filling up the DagBag from /home/airflow/.local/lib/python3.12/site-packages/airflow/example_dags/example_display_name.py
[2025-10-17T02:56:17.399+0000] {processor.py:840} INFO - DAG(s) 'example_display_name' retrieved from /home/airflow/.local/lib/python3.12/site-packages/airflow/example_dags/example_display_name.py
[2025-10-17T02:56:17.422+0000] {logging_mixin.py:188} INFO - [2025-10-17T02:56:17.421+0000] {dag.py:3096} INFO - Sync 1 DAGs
[2025-10-17T02:56:17.435+0000] {logging_mixin.py:188} INFO - [2025-10-17T02:56:17.435+0000] {dag.py:3954} INFO - Setting next_dagrun for example_display_name to None, run_after=None
[2025-10-17T02:56:17.455+0000] {processor.py:183} INFO - Processing /home/airflow/.local/lib/python3.12/site-packages/airflow/example_dags/example_display_name.py took 0.073 seconds
[2025-10-17T02:56:47.954+0000] {processor.py:161} INFO - Started process (PID=278) to work on /home/airflow/.local/lib/python3.12/site-packages/airflow/example_dags/example_display_name.py
[2025-10-17T02:56:47.955+0000] {processor.py:830} INFO - Processing file /home/airflow/.local/lib/python3.12/site-packages/airflow/example_dags/example_display_name.py for tasks to queue
[2025-10-17T02:56:47.958+0000] {logging_mixin.py:188} INFO - [2025-10-17T02:56:47.958+0000] {dagbag.py:545} INFO - Filling up the DagBag from /home/airflow/.local/lib/python3.12/site-packages/airflow/example_dags/example_display_name.py
[2025-10-17T02:56:47.967+0000] {processor.py:840} INFO - DAG(s) 'example_display_name' retrieved from /home/airflow/.local/lib/python3.12/site-packages/airflow/example_dags/example_display_name.py
[2025-10-17T02:56:47.991+0000] {logging_mixin.py:188} INFO - [2025-10-17T02:56:47.990+0000] {dag.py:3096} INFO - Sync 1 DAGs
[2025-10-17T02:56:48.003+0000] {logging_mixin.py:188} INFO - [2025-10-17T02:56:48.002+0000] {dag.py:3954} INFO - Setting next_dagrun for example_display_name to None, run_after=None
[2025-10-17T02:56:48.021+0000] {processor.py:183} INFO - Processing /home/airflow/.local/lib/python3.12/site-packages/airflow/example_dags/example_display_name.py took 0.074 seconds
[2025-10-17T02:57:19.013+0000] {processor.py:161} INFO - Started process (PID=337) to work on /home/airflow/.local/lib/python3.12/site-packages/airflow/example_dags/example_display_name.py
[2025-10-17T02:57:19.014+0000] {processor.py:830} INFO - Processing file /home/airflow/.local/lib/python3.12/site-packages/airflow/example_dags/example_display_name.py for tasks to queue
[2025-10-17T02:57:19.016+0000] {logging_mixin.py:188} INFO - [2025-10-17T02:57:19.016+0000] {dagbag.py:545} INFO - Filling up the DagBag from /home/airflow/.local/lib/python3.12/site-packages/airflow/example_dags/example_display_name.py
[2025-10-17T02:57:19.023+0000] {processor.py:840} INFO - DAG(s) 'example_display_name' retrieved from /home/airflow/.local/lib/python3.12/site-packages/airflow/example_dags/example_display_name.py
[2025-10-17T02:57:19.040+0000] {logging_mixin.py:188} INFO - [2025-10-17T02:57:19.040+0000] {dag.py:3096} INFO - Sync 1 DAGs
[2025-10-17T02:57:19.050+0000] {logging_mixin.py:188} INFO - [2025-10-17T02:57:19.050+0000] {dag.py:3954} INFO - Setting next_dagrun for example_display_name to None, run_after=None
[2025-10-17T02:57:19.066+0000] {processor.py:183} INFO - Processing /home/airflow/.local/lib/python3.12/site-packages/airflow/example_dags/example_display_name.py took 0.060 seconds
[2025-10-17T02:57:50.228+0000] {processor.py:161} INFO - Started process (PID=396) to work on /home/airflow/.local/lib/python3.12/site-packages/airflow/example_dags/example_display_name.py
[2025-10-17T02:57:50.229+0000] {processor.py:830} INFO - Processing file /home/airflow/.local/lib/python3.12/site-packages/airflow/example_dags/example_display_name.py for tasks to queue
[2025-10-17T02:57:50.232+0000] {logging_mixin.py:188} INFO - [2025-10-17T02:57:50.231+0000] {dagbag.py:545} INFO - Filling up the DagBag from /home/airflow/.local/lib/python3.12/site-packages/airflow/example_dags/example_display_name.py
[2025-10-17T02:57:50.238+0000] {processor.py:840} INFO - DAG(s) 'example_display_name' retrieved from /home/airflow/.local/lib/python3.12/site-packages/airflow/example_dags/example_display_name.py
[2025-10-17T02:57:50.260+0000] {logging_mixin.py:188} INFO - [2025-10-17T02:57:50.260+0000] {dag.py:3096} INFO - Sync 1 DAGs
[2025-10-17T02:57:50.273+0000] {logging_mixin.py:188} INFO - [2025-10-17T02:57:50.273+0000] {dag.py:3954} INFO - Setting next_dagrun for example_display_name to None, run_after=None
[2025-10-17T02:57:50.293+0000] {processor.py:183} INFO - Processing /home/airflow/.local/lib/python3.12/site-packages/airflow/example_dags/example_display_name.py took 0.071 seconds
[2025-10-17T02:58:21.194+0000] {processor.py:161} INFO - Started process (PID=455) to work on /home/airflow/.local/lib/python3.12/site-packages/airflow/example_dags/example_display_name.py
[2025-10-17T02:58:21.195+0000] {processor.py:830} INFO - Processing file /home/airflow/.local/lib/python3.12/site-packages/airflow/example_dags/example_display_name.py for tasks to queue
[2025-10-17T02:58:21.196+0000] {logging_mixin.py:188} INFO - [2025-10-17T02:58:21.196+0000] {dagbag.py:545} INFO - Filling up the DagBag from /home/airflow/.local/lib/python3.12/site-packages/airflow/example_dags/example_display_name.py
[2025-10-17T02:58:21.201+0000] {processor.py:840} INFO - DAG(s) 'example_display_name' retrieved from /home/airflow/.local/lib/python3.12/site-packages/airflow/example_dags/example_display_name.py
[2025-10-17T02:58:21.218+0000] {logging_mixin.py:188} INFO - [2025-10-17T02:58:21.217+0000] {dag.py:3096} INFO - Sync 1 DAGs
[2025-10-17T02:58:21.227+0000] {logging_mixin.py:188} INFO - [2025-10-17T02:58:21.227+0000] {dag.py:3954} INFO - Setting next_dagrun for example_display_name to None, run_after=None
[2025-10-17T02:58:21.243+0000] {processor.py:183} INFO - Processing /home/airflow/.local/lib/python3.12/site-packages/airflow/example_dags/example_display_name.py took 0.054 seconds
[2025-10-17T02:58:51.909+0000] {processor.py:161} INFO - Started process (PID=514) to work on /home/airflow/.local/lib/python3.12/site-packages/airflow/example_dags/example_display_name.py
[2025-10-17T02:58:51.910+0000] {processor.py:830} INFO - Processing file /home/airflow/.local/lib/python3.12/site-packages/airflow/example_dags/example_display_name.py for tasks to queue
[2025-10-17T02:58:51.911+0000] {logging_mixin.py:188} INFO - [2025-10-17T02:58:51.911+0000] {dagbag.py:545} INFO - Filling up the DagBag from /home/airflow/.local/lib/python3.12/site-packages/airflow/example_dags/example_display_name.py
[2025-10-17T02:58:51.916+0000] {processor.py:840} INFO - DAG(s) 'example_display_name' retrieved from /home/airflow/.local/lib/python3.12/site-packages/airflow/example_dags/example_display_name.py
[2025-10-17T02:58:51.938+0000] {logging_mixin.py:188} INFO - [2025-10-17T02:58:51.938+0000] {dag.py:3096} INFO - Sync 1 DAGs
[2025-10-17T02:58:51.948+0000] {logging_mixin.py:188} INFO - [2025-10-17T02:58:51.948+0000] {dag.py:3954} INFO - Setting next_dagrun for example_display_name to None, run_after=None
[2025-10-17T02:58:51.967+0000] {processor.py:183} INFO - Processing /home/airflow/.local/lib/python3.12/site-packages/airflow/example_dags/example_display_name.py took 0.062 seconds
[2025-10-17T02:59:22.344+0000] {processor.py:161} INFO - Started process (PID=573) to work on /home/airflow/.local/lib/python3.12/site-packages/airflow/example_dags/example_display_name.py
[2025-10-17T02:59:22.346+0000] {processor.py:830} INFO - Processing file /home/airflow/.local/lib/python3.12/site-packages/airflow/example_dags/example_display_name.py for tasks to queue
[2025-10-17T02:59:22.348+0000] {logging_mixin.py:188} INFO - [2025-10-17T02:59:22.348+0000] {dagbag.py:545} INFO - Filling up the DagBag from /home/airflow/.local/lib/python3.12/site-packages/airflow/example_dags/example_display_name.py
[2025-10-17T02:59:22.354+0000] {processor.py:840} INFO - DAG(s) 'example_display_name' retrieved from /home/airflow/.local/lib/python3.12/site-packages/airflow/example_dags/example_display_name.py
[2025-10-17T02:59:22.372+0000] {logging_mixin.py:188} INFO - [2025-10-17T02:59:22.372+0000] {dag.py:3096} INFO - Sync 1 DAGs
[2025-10-17T02:59:22.383+0000] {logging_mixin.py:188} INFO - [2025-10-17T02:59:22.383+0000] {dag.py:3954} INFO - Setting next_dagrun for example_display_name to None, run_after=None
[2025-10-17T02:59:22.402+0000] {processor.py:183} INFO - Processing /home/airflow/.local/lib/python3.12/site-packages/airflow/example_dags/example_display_name.py took 0.062 seconds
[2025-10-17T02:59:52.563+0000] {processor.py:161} INFO - Started process (PID=632) to work on /home/airflow/.local/lib/python3.12/site-packages/airflow/example_dags/example_display_name.py
[2025-10-17T02:59:52.563+0000] {processor.py:830} INFO - Processing file /home/airflow/.local/lib/python3.12/site-packages/airflow/example_dags/example_display_name.py for tasks to queue
[2025-10-17T02:59:52.565+0000] {logging_mixin.py:188} INFO - [2025-10-17T02:59:52.565+0000] {dagbag.py:545} INFO - Filling up the DagBag from /home/airflow/.local/lib/python3.12/site-packages/airflow/example_dags/example_display_name.py
[2025-10-17T02:59:52.570+0000] {processor.py:840} INFO - DAG(s) 'example_display_name' retrieved from /home/airflow/.local/lib/python3.12/site-packages/airflow/example_dags/example_display_name.py
[2025-10-17T02:59:52.585+0000] {logging_mixin.py:188} INFO - [2025-10-17T02:59:52.585+0000] {dag.py:3096} INFO - Sync 1 DAGs
[2025-10-17T02:59:52.596+0000] {logging_mixin.py:188} INFO - [2025-10-17T02:59:52.596+0000] {dag.py:3954} INFO - Setting next_dagrun for example_display_name to None, run_after=None
[2025-10-17T02:59:52.613+0000] {processor.py:183} INFO - Processing /home/airflow/.local/lib/python3.12/site-packages/airflow/example_dags/example_display_name.py took 0.055 seconds
[2025-10-17T03:00:22.847+0000] {processor.py:161} INFO - Started process (PID=692) to work on /home/airflow/.local/lib/python3.12/site-packages/airflow/example_dags/example_display_name.py
[2025-10-17T03:00:22.848+0000] {processor.py:830} INFO - Processing file /home/airflow/.local/lib/python3.12/site-packages/airflow/example_dags/example_display_name.py for tasks to queue
[2025-10-17T03:00:22.850+0000] {logging_mixin.py:188} INFO - [2025-10-17T03:00:22.850+0000] {dagbag.py:545} INFO - Filling up the DagBag from /home/airflow/.local/lib/python3.12/site-packages/airflow/example_dags/example_display_name.py
[2025-10-17T03:00:22.854+0000] {processor.py:840} INFO - DAG(s) 'example_display_name' retrieved from /home/airflow/.local/lib/python3.12/site-packages/airflow/example_dags/example_display_name.py
[2025-10-17T03:00:22.871+0000] {logging_mixin.py:188} INFO - [2025-10-17T03:00:22.871+0000] {dag.py:3096} INFO - Sync 1 DAGs
[2025-10-17T03:00:22.881+0000] {logging_mixin.py:188} INFO - [2025-10-17T03:00:22.881+0000] {dag.py:3954} INFO - Setting next_dagrun for example_display_name to None, run_after=None
[2025-10-17T03:00:22.897+0000] {processor.py:183} INFO - Processing /home/airflow/.local/lib/python3.12/site-packages/airflow/example_dags/example_display_name.py took 0.055 seconds
[2025-10-17T03:00:53.260+0000] {processor.py:161} INFO - Started process (PID=751) to work on /home/airflow/.local/lib/python3.12/site-packages/airflow/example_dags/example_display_name.py
[2025-10-17T03:00:53.261+0000] {processor.py:830} INFO - Processing file /home/airflow/.local/lib/python3.12/site-packages/airflow/example_dags/example_display_name.py for tasks to queue
[2025-10-17T03:00:53.263+0000] {logging_mixin.py:188} INFO - [2025-10-17T03:00:53.263+0000] {dagbag.py:545} INFO - Filling up the DagBag from /home/airflow/.local/lib/python3.12/site-packages/airflow/example_dags/example_display_name.py
[2025-10-17T03:00:53.268+0000] {processor.py:840} INFO - DAG(s) 'example_display_name' retrieved from /home/airflow/.local/lib/python3.12/site-packages/airflow/example_dags/example_display_name.py
[2025-10-17T03:00:53.285+0000] {logging_mixin.py:188} INFO - [2025-10-17T03:00:53.285+0000] {dag.py:3096} INFO - Sync 1 DAGs
[2025-10-17T03:00:53.295+0000] {logging_mixin.py:188} INFO - [2025-10-17T03:00:53.295+0000] {dag.py:3954} INFO - Setting next_dagrun for example_display_name to None, run_after=None
[2025-10-17T03:00:53.313+0000] {processor.py:183} INFO - Processing /home/airflow/.local/lib/python3.12/site-packages/airflow/example_dags/example_display_name.py took 0.058 seconds
[2025-10-17T03:01:23.366+0000] {processor.py:161} INFO - Started process (PID=810) to work on /home/airflow/.local/lib/python3.12/site-packages/airflow/example_dags/example_display_name.py
[2025-10-17T03:01:23.368+0000] {processor.py:830} INFO - Processing file /home/airflow/.local/lib/python3.12/site-packages/airflow/example_dags/example_display_name.py for tasks to queue
[2025-10-17T03:01:23.370+0000] {logging_mixin.py:188} INFO - [2025-10-17T03:01:23.370+0000] {dagbag.py:545} INFO - Filling up the DagBag from /home/airflow/.local/lib/python3.12/site-packages/airflow/example_dags/example_display_name.py
[2025-10-17T03:01:23.375+0000] {processor.py:840} INFO - DAG(s) 'example_display_name' retrieved from /home/airflow/.local/lib/python3.12/site-packages/airflow/example_dags/example_display_name.py
[2025-10-17T03:01:23.392+0000] {logging_mixin.py:188} INFO - [2025-10-17T03:01:23.391+0000] {dag.py:3096} INFO - Sync 1 DAGs
[2025-10-17T03:01:23.402+0000] {logging_mixin.py:188} INFO - [2025-10-17T03:01:23.402+0000] {dag.py:3954} INFO - Setting next_dagrun for example_display_name to None, run_after=None
[2025-10-17T03:01:23.419+0000] {processor.py:183} INFO - Processing /home/airflow/.local/lib/python3.12/site-packages/airflow/example_dags/example_display_name.py took 0.058 seconds
[2025-10-17T03:01:55.557+0000] {processor.py:161} INFO - Started process (PID=870) to work on /home/airflow/.local/lib/python3.12/site-packages/airflow/example_dags/example_display_name.py
[2025-10-17T03:01:55.558+0000] {processor.py:830} INFO - Processing file /home/airflow/.local/lib/python3.12/site-packages/airflow/example_dags/example_display_name.py for tasks to queue
[2025-10-17T03:01:55.560+0000] {logging_mixin.py:188} INFO - [2025-10-17T03:01:55.560+0000] {dagbag.py:545} INFO - Filling up the DagBag from /home/airflow/.local/lib/python3.12/site-packages/airflow/example_dags/example_display_name.py
[2025-10-17T03:01:55.565+0000] {processor.py:840} INFO - DAG(s) 'example_display_name' retrieved from /home/airflow/.local/lib/python3.12/site-packages/airflow/example_dags/example_display_name.py
[2025-10-17T03:01:55.580+0000] {logging_mixin.py:188} INFO - [2025-10-17T03:01:55.580+0000] {dag.py:3096} INFO - Sync 1 DAGs
[2025-10-17T03:01:55.589+0000] {logging_mixin.py:188} INFO - [2025-10-17T03:01:55.589+0000] {dag.py:3954} INFO - Setting next_dagrun for example_display_name to None, run_after=None
[2025-10-17T03:01:55.605+0000] {processor.py:183} INFO - Processing /home/airflow/.local/lib/python3.12/site-packages/airflow/example_dags/example_display_name.py took 0.053 seconds
[2025-10-17T03:02:27.097+0000] {processor.py:161} INFO - Started process (PID=929) to work on /home/airflow/.local/lib/python3.12/site-packages/airflow/example_dags/example_display_name.py
[2025-10-17T03:02:27.098+0000] {processor.py:830} INFO - Processing file /home/airflow/.local/lib/python3.12/site-packages/airflow/example_dags/example_display_name.py for tasks to queue
[2025-10-17T03:02:27.100+0000] {logging_mixin.py:188} INFO - [2025-10-17T03:02:27.100+0000] {dagbag.py:545} INFO - Filling up the DagBag from /home/airflow/.local/lib/python3.12/site-packages/airflow/example_dags/example_display_name.py
[2025-10-17T03:02:27.106+0000] {processor.py:840} INFO - DAG(s) 'example_display_name' retrieved from /home/airflow/.local/lib/python3.12/site-packages/airflow/example_dags/example_display_name.py
[2025-10-17T03:02:27.125+0000] {logging_mixin.py:188} INFO - [2025-10-17T03:02:27.124+0000] {dag.py:3096} INFO - Sync 1 DAGs
[2025-10-17T03:02:27.135+0000] {logging_mixin.py:188} INFO - [2025-10-17T03:02:27.135+0000] {dag.py:3954} INFO - Setting next_dagrun for example_display_name to None, run_after=None
[2025-10-17T03:02:27.160+0000] {processor.py:183} INFO - Processing /home/airflow/.local/lib/python3.12/site-packages/airflow/example_dags/example_display_name.py took 0.068 seconds
[2025-10-17T03:02:58.340+0000] {processor.py:161} INFO - Started process (PID=982) to work on /home/airflow/.local/lib/python3.12/site-packages/airflow/example_dags/example_display_name.py
[2025-10-17T03:02:58.341+0000] {processor.py:830} INFO - Processing file /home/airflow/.local/lib/python3.12/site-packages/airflow/example_dags/example_display_name.py for tasks to queue
[2025-10-17T03:02:58.343+0000] {logging_mixin.py:188} INFO - [2025-10-17T03:02:58.342+0000] {dagbag.py:545} INFO - Filling up the DagBag from /home/airflow/.local/lib/python3.12/site-packages/airflow/example_dags/example_display_name.py
[2025-10-17T03:02:58.348+0000] {processor.py:840} INFO - DAG(s) 'example_display_name' retrieved from /home/airflow/.local/lib/python3.12/site-packages/airflow/example_dags/example_display_name.py
[2025-10-17T03:02:58.365+0000] {logging_mixin.py:188} INFO - [2025-10-17T03:02:58.365+0000] {dag.py:3096} INFO - Sync 1 DAGs
[2025-10-17T03:02:58.375+0000] {logging_mixin.py:188} INFO - [2025-10-17T03:02:58.375+0000] {dag.py:3954} INFO - Setting next_dagrun for example_display_name to None, run_after=None
[2025-10-17T03:02:58.392+0000] {processor.py:183} INFO - Processing /home/airflow/.local/lib/python3.12/site-packages/airflow/example_dags/example_display_name.py took 0.058 seconds
[2025-10-17T03:03:30.924+0000] {processor.py:161} INFO - Started process (PID=1047) to work on /home/airflow/.local/lib/python3.12/site-packages/airflow/example_dags/example_display_name.py
[2025-10-17T03:03:30.925+0000] {processor.py:830} INFO - Processing file /home/airflow/.local/lib/python3.12/site-packages/airflow/example_dags/example_display_name.py for tasks to queue
[2025-10-17T03:03:30.927+0000] {logging_mixin.py:188} INFO - [2025-10-17T03:03:30.927+0000] {dagbag.py:545} INFO - Filling up the DagBag from /home/airflow/.local/lib/python3.12/site-packages/airflow/example_dags/example_display_name.py
[2025-10-17T03:03:30.934+0000] {processor.py:840} INFO - DAG(s) 'example_display_name' retrieved from /home/airflow/.local/lib/python3.12/site-packages/airflow/example_dags/example_display_name.py
[2025-10-17T03:03:30.954+0000] {logging_mixin.py:188} INFO - [2025-10-17T03:03:30.954+0000] {dag.py:3096} INFO - Sync 1 DAGs
[2025-10-17T03:03:30.966+0000] {logging_mixin.py:188} INFO - [2025-10-17T03:03:30.966+0000] {dag.py:3954} INFO - Setting next_dagrun for example_display_name to None, run_after=None
[2025-10-17T03:03:30.984+0000] {processor.py:183} INFO - Processing /home/airflow/.local/lib/python3.12/site-packages/airflow/example_dags/example_display_name.py took 0.066 seconds
[2025-10-17T03:04:02.745+0000] {processor.py:161} INFO - Started process (PID=1106) to work on /home/airflow/.local/lib/python3.12/site-packages/airflow/example_dags/example_display_name.py
[2025-10-17T03:04:02.747+0000] {processor.py:830} INFO - Processing file /home/airflow/.local/lib/python3.12/site-packages/airflow/example_dags/example_display_name.py for tasks to queue
[2025-10-17T03:04:02.749+0000] {logging_mixin.py:188} INFO - [2025-10-17T03:04:02.749+0000] {dagbag.py:545} INFO - Filling up the DagBag from /home/airflow/.local/lib/python3.12/site-packages/airflow/example_dags/example_display_name.py
[2025-10-17T03:04:02.755+0000] {processor.py:840} INFO - DAG(s) 'example_display_name' retrieved from /home/airflow/.local/lib/python3.12/site-packages/airflow/example_dags/example_display_name.py
[2025-10-17T03:04:02.777+0000] {logging_mixin.py:188} INFO - [2025-10-17T03:04:02.777+0000] {dag.py:3096} INFO - Sync 1 DAGs
[2025-10-17T03:04:02.789+0000] {logging_mixin.py:188} INFO - [2025-10-17T03:04:02.789+0000] {dag.py:3954} INFO - Setting next_dagrun for example_display_name to None, run_after=None
[2025-10-17T03:04:02.808+0000] {processor.py:183} INFO - Processing /home/airflow/.local/lib/python3.12/site-packages/airflow/example_dags/example_display_name.py took 0.068 seconds
[2025-10-17T03:04:33.890+0000] {processor.py:161} INFO - Started process (PID=1159) to work on /home/airflow/.local/lib/python3.12/site-packages/airflow/example_dags/example_display_name.py
[2025-10-17T03:04:33.891+0000] {processor.py:830} INFO - Processing file /home/airflow/.local/lib/python3.12/site-packages/airflow/example_dags/example_display_name.py for tasks to queue
[2025-10-17T03:04:33.897+0000] {logging_mixin.py:188} INFO - [2025-10-17T03:04:33.897+0000] {dagbag.py:545} INFO - Filling up the DagBag from /home/airflow/.local/lib/python3.12/site-packages/airflow/example_dags/example_display_name.py
[2025-10-17T03:04:33.903+0000] {processor.py:840} INFO - DAG(s) 'example_display_name' retrieved from /home/airflow/.local/lib/python3.12/site-packages/airflow/example_dags/example_display_name.py
[2025-10-17T03:04:33.921+0000] {logging_mixin.py:188} INFO - [2025-10-17T03:04:33.921+0000] {dag.py:3096} INFO - Sync 1 DAGs
[2025-10-17T03:04:33.931+0000] {logging_mixin.py:188} INFO - [2025-10-17T03:04:33.931+0000] {dag.py:3954} INFO - Setting next_dagrun for example_display_name to None, run_after=None
[2025-10-17T03:04:33.946+0000] {processor.py:183} INFO - Processing /home/airflow/.local/lib/python3.12/site-packages/airflow/example_dags/example_display_name.py took 0.060 seconds
[2025-10-17T03:05:06.541+0000] {processor.py:161} INFO - Started process (PID=1225) to work on /home/airflow/.local/lib/python3.12/site-packages/airflow/example_dags/example_display_name.py
[2025-10-17T03:05:06.542+0000] {processor.py:830} INFO - Processing file /home/airflow/.local/lib/python3.12/site-packages/airflow/example_dags/example_display_name.py for tasks to queue
[2025-10-17T03:05:06.544+0000] {logging_mixin.py:188} INFO - [2025-10-17T03:05:06.544+0000] {dagbag.py:545} INFO - Filling up the DagBag from /home/airflow/.local/lib/python3.12/site-packages/airflow/example_dags/example_display_name.py
[2025-10-17T03:05:06.550+0000] {processor.py:840} INFO - DAG(s) 'example_display_name' retrieved from /home/airflow/.local/lib/python3.12/site-packages/airflow/example_dags/example_display_name.py
[2025-10-17T03:05:06.567+0000] {logging_mixin.py:188} INFO - [2025-10-17T03:05:06.567+0000] {dag.py:3096} INFO - Sync 1 DAGs
[2025-10-17T03:05:06.579+0000] {logging_mixin.py:188} INFO - [2025-10-17T03:05:06.578+0000] {dag.py:3954} INFO - Setting next_dagrun for example_display_name to None, run_after=None
[2025-10-17T03:05:06.595+0000] {processor.py:183} INFO - Processing /home/airflow/.local/lib/python3.12/site-packages/airflow/example_dags/example_display_name.py took 0.060 seconds
[2025-10-17T03:05:37.757+0000] {processor.py:161} INFO - Started process (PID=1284) to work on /home/airflow/.local/lib/python3.12/site-packages/airflow/example_dags/example_display_name.py
[2025-10-17T03:05:37.758+0000] {processor.py:830} INFO - Processing file /home/airflow/.local/lib/python3.12/site-packages/airflow/example_dags/example_display_name.py for tasks to queue
[2025-10-17T03:05:37.760+0000] {logging_mixin.py:188} INFO - [2025-10-17T03:05:37.760+0000] {dagbag.py:545} INFO - Filling up the DagBag from /home/airflow/.local/lib/python3.12/site-packages/airflow/example_dags/example_display_name.py
[2025-10-17T03:05:37.766+0000] {processor.py:840} INFO - DAG(s) 'example_display_name' retrieved from /home/airflow/.local/lib/python3.12/site-packages/airflow/example_dags/example_display_name.py
[2025-10-17T03:05:37.785+0000] {logging_mixin.py:188} INFO - [2025-10-17T03:05:37.785+0000] {dag.py:3096} INFO - Sync 1 DAGs
[2025-10-17T03:05:37.796+0000] {logging_mixin.py:188} INFO - [2025-10-17T03:05:37.796+0000] {dag.py:3954} INFO - Setting next_dagrun for example_display_name to None, run_after=None
[2025-10-17T03:05:37.814+0000] {processor.py:183} INFO - Processing /home/airflow/.local/lib/python3.12/site-packages/airflow/example_dags/example_display_name.py took 0.063 seconds
[2025-10-17T03:06:12.154+0000] {processor.py:161} INFO - Started process (PID=1343) to work on /home/airflow/.local/lib/python3.12/site-packages/airflow/example_dags/example_display_name.py
[2025-10-17T03:06:12.155+0000] {processor.py:830} INFO - Processing file /home/airflow/.local/lib/python3.12/site-packages/airflow/example_dags/example_display_name.py for tasks to queue
[2025-10-17T03:06:12.157+0000] {logging_mixin.py:188} INFO - [2025-10-17T03:06:12.156+0000] {dagbag.py:545} INFO - Filling up the DagBag from /home/airflow/.local/lib/python3.12/site-packages/airflow/example_dags/example_display_name.py
[2025-10-17T03:06:12.161+0000] {processor.py:840} INFO - DAG(s) 'example_display_name' retrieved from /home/airflow/.local/lib/python3.12/site-packages/airflow/example_dags/example_display_name.py
[2025-10-17T03:06:12.177+0000] {logging_mixin.py:188} INFO - [2025-10-17T03:06:12.177+0000] {dag.py:3096} INFO - Sync 1 DAGs
[2025-10-17T03:06:12.187+0000] {logging_mixin.py:188} INFO - [2025-10-17T03:06:12.186+0000] {dag.py:3954} INFO - Setting next_dagrun for example_display_name to None, run_after=None
[2025-10-17T03:06:12.203+0000] {processor.py:183} INFO - Processing /home/airflow/.local/lib/python3.12/site-packages/airflow/example_dags/example_display_name.py took 0.054 seconds
[2025-10-17T03:06:43.214+0000] {processor.py:161} INFO - Started process (PID=1402) to work on /home/airflow/.local/lib/python3.12/site-packages/airflow/example_dags/example_display_name.py
[2025-10-17T03:06:43.216+0000] {processor.py:830} INFO - Processing file /home/airflow/.local/lib/python3.12/site-packages/airflow/example_dags/example_display_name.py for tasks to queue
[2025-10-17T03:06:43.218+0000] {logging_mixin.py:188} INFO - [2025-10-17T03:06:43.218+0000] {dagbag.py:545} INFO - Filling up the DagBag from /home/airflow/.local/lib/python3.12/site-packages/airflow/example_dags/example_display_name.py
[2025-10-17T03:06:43.223+0000] {processor.py:840} INFO - DAG(s) 'example_display_name' retrieved from /home/airflow/.local/lib/python3.12/site-packages/airflow/example_dags/example_display_name.py
[2025-10-17T03:06:43.241+0000] {logging_mixin.py:188} INFO - [2025-10-17T03:06:43.241+0000] {dag.py:3096} INFO - Sync 1 DAGs
[2025-10-17T03:06:43.375+0000] {logging_mixin.py:188} INFO - [2025-10-17T03:06:43.375+0000] {dag.py:3954} INFO - Setting next_dagrun for example_display_name to None, run_after=None
[2025-10-17T03:06:43.388+0000] {processor.py:183} INFO - Processing /home/airflow/.local/lib/python3.12/site-packages/airflow/example_dags/example_display_name.py took 0.179 seconds
[2025-10-17T03:07:14.091+0000] {processor.py:161} INFO - Started process (PID=1461) to work on /home/airflow/.local/lib/python3.12/site-packages/airflow/example_dags/example_display_name.py
[2025-10-17T03:07:14.093+0000] {processor.py:830} INFO - Processing file /home/airflow/.local/lib/python3.12/site-packages/airflow/example_dags/example_display_name.py for tasks to queue
[2025-10-17T03:07:14.095+0000] {logging_mixin.py:188} INFO - [2025-10-17T03:07:14.095+0000] {dagbag.py:545} INFO - Filling up the DagBag from /home/airflow/.local/lib/python3.12/site-packages/airflow/example_dags/example_display_name.py
[2025-10-17T03:07:14.102+0000] {processor.py:840} INFO - DAG(s) 'example_display_name' retrieved from /home/airflow/.local/lib/python3.12/site-packages/airflow/example_dags/example_display_name.py
[2025-10-17T03:07:14.123+0000] {logging_mixin.py:188} INFO - [2025-10-17T03:07:14.122+0000] {dag.py:3096} INFO - Sync 1 DAGs
[2025-10-17T03:07:14.135+0000] {logging_mixin.py:188} INFO - [2025-10-17T03:07:14.135+0000] {dag.py:3954} INFO - Setting next_dagrun for example_display_name to None, run_after=None
[2025-10-17T03:07:14.288+0000] {processor.py:183} INFO - Processing /home/airflow/.local/lib/python3.12/site-packages/airflow/example_dags/example_display_name.py took 0.203 seconds
[2025-10-17T03:07:45.114+0000] {processor.py:161} INFO - Started process (PID=1520) to work on /home/airflow/.local/lib/python3.12/site-packages/airflow/example_dags/example_display_name.py
[2025-10-17T03:07:45.115+0000] {processor.py:830} INFO - Processing file /home/airflow/.local/lib/python3.12/site-packages/airflow/example_dags/example_display_name.py for tasks to queue
[2025-10-17T03:07:45.118+0000] {logging_mixin.py:188} INFO - [2025-10-17T03:07:45.117+0000] {dagbag.py:545} INFO - Filling up the DagBag from /home/airflow/.local/lib/python3.12/site-packages/airflow/example_dags/example_display_name.py
[2025-10-17T03:07:45.128+0000] {processor.py:840} INFO - DAG(s) 'example_display_name' retrieved from /home/airflow/.local/lib/python3.12/site-packages/airflow/example_dags/example_display_name.py
[2025-10-17T03:07:45.160+0000] {logging_mixin.py:188} INFO - [2025-10-17T03:07:45.160+0000] {dag.py:3096} INFO - Sync 1 DAGs
[2025-10-17T03:07:45.198+0000] {logging_mixin.py:188} INFO - [2025-10-17T03:07:45.197+0000] {dag.py:3954} INFO - Setting next_dagrun for example_display_name to None, run_after=None
[2025-10-17T03:07:45.251+0000] {processor.py:183} INFO - Processing /home/airflow/.local/lib/python3.12/site-packages/airflow/example_dags/example_display_name.py took 0.147 seconds
[2025-10-17T03:08:16.230+0000] {processor.py:161} INFO - Started process (PID=1581) to work on /home/airflow/.local/lib/python3.12/site-packages/airflow/example_dags/example_display_name.py
[2025-10-17T03:08:16.232+0000] {processor.py:830} INFO - Processing file /home/airflow/.local/lib/python3.12/site-packages/airflow/example_dags/example_display_name.py for tasks to queue
[2025-10-17T03:08:16.234+0000] {logging_mixin.py:188} INFO - [2025-10-17T03:08:16.233+0000] {dagbag.py:545} INFO - Filling up the DagBag from /home/airflow/.local/lib/python3.12/site-packages/airflow/example_dags/example_display_name.py
[2025-10-17T03:08:16.239+0000] {processor.py:840} INFO - DAG(s) 'example_display_name' retrieved from /home/airflow/.local/lib/python3.12/site-packages/airflow/example_dags/example_display_name.py
[2025-10-17T03:08:16.258+0000] {logging_mixin.py:188} INFO - [2025-10-17T03:08:16.258+0000] {dag.py:3096} INFO - Sync 1 DAGs
[2025-10-17T03:08:16.270+0000] {logging_mixin.py:188} INFO - [2025-10-17T03:08:16.269+0000] {dag.py:3954} INFO - Setting next_dagrun for example_display_name to None, run_after=None
[2025-10-17T03:08:16.293+0000] {processor.py:183} INFO - Processing /home/airflow/.local/lib/python3.12/site-packages/airflow/example_dags/example_display_name.py took 0.068 seconds
[2025-10-17T03:08:46.655+0000] {processor.py:161} INFO - Started process (PID=1639) to work on /home/airflow/.local/lib/python3.12/site-packages/airflow/example_dags/example_display_name.py
[2025-10-17T03:08:46.656+0000] {processor.py:830} INFO - Processing file /home/airflow/.local/lib/python3.12/site-packages/airflow/example_dags/example_display_name.py for tasks to queue
[2025-10-17T03:08:46.658+0000] {logging_mixin.py:188} INFO - [2025-10-17T03:08:46.657+0000] {dagbag.py:545} INFO - Filling up the DagBag from /home/airflow/.local/lib/python3.12/site-packages/airflow/example_dags/example_display_name.py
[2025-10-17T03:08:46.663+0000] {processor.py:840} INFO - DAG(s) 'example_display_name' retrieved from /home/airflow/.local/lib/python3.12/site-packages/airflow/example_dags/example_display_name.py
[2025-10-17T03:08:46.680+0000] {logging_mixin.py:188} INFO - [2025-10-17T03:08:46.680+0000] {dag.py:3096} INFO - Sync 1 DAGs
[2025-10-17T03:08:46.690+0000] {logging_mixin.py:188} INFO - [2025-10-17T03:08:46.690+0000] {dag.py:3954} INFO - Setting next_dagrun for example_display_name to None, run_after=None
[2025-10-17T03:08:46.710+0000] {processor.py:183} INFO - Processing /home/airflow/.local/lib/python3.12/site-packages/airflow/example_dags/example_display_name.py took 0.061 seconds
[2025-10-17T03:09:16.845+0000] {processor.py:161} INFO - Started process (PID=1698) to work on /home/airflow/.local/lib/python3.12/site-packages/airflow/example_dags/example_display_name.py
[2025-10-17T03:09:16.846+0000] {processor.py:830} INFO - Processing file /home/airflow/.local/lib/python3.12/site-packages/airflow/example_dags/example_display_name.py for tasks to queue
[2025-10-17T03:09:16.848+0000] {logging_mixin.py:188} INFO - [2025-10-17T03:09:16.848+0000] {dagbag.py:545} INFO - Filling up the DagBag from /home/airflow/.local/lib/python3.12/site-packages/airflow/example_dags/example_display_name.py
[2025-10-17T03:09:16.853+0000] {processor.py:840} INFO - DAG(s) 'example_display_name' retrieved from /home/airflow/.local/lib/python3.12/site-packages/airflow/example_dags/example_display_name.py
[2025-10-17T03:09:16.871+0000] {logging_mixin.py:188} INFO - [2025-10-17T03:09:16.871+0000] {dag.py:3096} INFO - Sync 1 DAGs
[2025-10-17T03:09:16.882+0000] {logging_mixin.py:188} INFO - [2025-10-17T03:09:16.882+0000] {dag.py:3954} INFO - Setting next_dagrun for example_display_name to None, run_after=None
[2025-10-17T03:09:16.900+0000] {processor.py:183} INFO - Processing /home/airflow/.local/lib/python3.12/site-packages/airflow/example_dags/example_display_name.py took 0.061 seconds
[2025-10-17T03:09:47.258+0000] {processor.py:161} INFO - Started process (PID=1757) to work on /home/airflow/.local/lib/python3.12/site-packages/airflow/example_dags/example_display_name.py
[2025-10-17T03:09:47.259+0000] {processor.py:830} INFO - Processing file /home/airflow/.local/lib/python3.12/site-packages/airflow/example_dags/example_display_name.py for tasks to queue
[2025-10-17T03:09:47.261+0000] {logging_mixin.py:188} INFO - [2025-10-17T03:09:47.261+0000] {dagbag.py:545} INFO - Filling up the DagBag from /home/airflow/.local/lib/python3.12/site-packages/airflow/example_dags/example_display_name.py
[2025-10-17T03:09:47.267+0000] {processor.py:840} INFO - DAG(s) 'example_display_name' retrieved from /home/airflow/.local/lib/python3.12/site-packages/airflow/example_dags/example_display_name.py
[2025-10-17T03:09:47.288+0000] {logging_mixin.py:188} INFO - [2025-10-17T03:09:47.288+0000] {dag.py:3096} INFO - Sync 1 DAGs
[2025-10-17T03:09:47.299+0000] {logging_mixin.py:188} INFO - [2025-10-17T03:09:47.298+0000] {dag.py:3954} INFO - Setting next_dagrun for example_display_name to None, run_after=None
[2025-10-17T03:09:47.318+0000] {processor.py:183} INFO - Processing /home/airflow/.local/lib/python3.12/site-packages/airflow/example_dags/example_display_name.py took 0.065 seconds
[2025-10-17T03:10:17.889+0000] {processor.py:161} INFO - Started process (PID=1817) to work on /home/airflow/.local/lib/python3.12/site-packages/airflow/example_dags/example_display_name.py
[2025-10-17T03:10:17.890+0000] {processor.py:830} INFO - Processing file /home/airflow/.local/lib/python3.12/site-packages/airflow/example_dags/example_display_name.py for tasks to queue
[2025-10-17T03:10:17.893+0000] {logging_mixin.py:188} INFO - [2025-10-17T03:10:17.892+0000] {dagbag.py:545} INFO - Filling up the DagBag from /home/airflow/.local/lib/python3.12/site-packages/airflow/example_dags/example_display_name.py
[2025-10-17T03:10:17.899+0000] {processor.py:840} INFO - DAG(s) 'example_display_name' retrieved from /home/airflow/.local/lib/python3.12/site-packages/airflow/example_dags/example_display_name.py
[2025-10-17T03:10:17.919+0000] {logging_mixin.py:188} INFO - [2025-10-17T03:10:17.919+0000] {dag.py:3096} INFO - Sync 1 DAGs
[2025-10-17T03:10:17.931+0000] {logging_mixin.py:188} INFO - [2025-10-17T03:10:17.931+0000] {dag.py:3954} INFO - Setting next_dagrun for example_display_name to None, run_after=None
[2025-10-17T03:10:17.950+0000] {processor.py:183} INFO - Processing /home/airflow/.local/lib/python3.12/site-packages/airflow/example_dags/example_display_name.py took 0.066 seconds
[2025-10-17T03:10:48.094+0000] {processor.py:161} INFO - Started process (PID=1876) to work on /home/airflow/.local/lib/python3.12/site-packages/airflow/example_dags/example_display_name.py
[2025-10-17T03:10:48.095+0000] {processor.py:830} INFO - Processing file /home/airflow/.local/lib/python3.12/site-packages/airflow/example_dags/example_display_name.py for tasks to queue
[2025-10-17T03:10:48.098+0000] {logging_mixin.py:188} INFO - [2025-10-17T03:10:48.097+0000] {dagbag.py:545} INFO - Filling up the DagBag from /home/airflow/.local/lib/python3.12/site-packages/airflow/example_dags/example_display_name.py
[2025-10-17T03:10:48.105+0000] {processor.py:840} INFO - DAG(s) 'example_display_name' retrieved from /home/airflow/.local/lib/python3.12/site-packages/airflow/example_dags/example_display_name.py
[2025-10-17T03:10:48.124+0000] {logging_mixin.py:188} INFO - [2025-10-17T03:10:48.124+0000] {dag.py:3096} INFO - Sync 1 DAGs
[2025-10-17T03:10:48.136+0000] {logging_mixin.py:188} INFO - [2025-10-17T03:10:48.136+0000] {dag.py:3954} INFO - Setting next_dagrun for example_display_name to None, run_after=None
[2025-10-17T03:10:48.180+0000] {processor.py:183} INFO - Processing /home/airflow/.local/lib/python3.12/site-packages/airflow/example_dags/example_display_name.py took 0.093 seconds
[2025-10-17T03:11:18.557+0000] {processor.py:161} INFO - Started process (PID=1935) to work on /home/airflow/.local/lib/python3.12/site-packages/airflow/example_dags/example_display_name.py
[2025-10-17T03:11:18.559+0000] {processor.py:830} INFO - Processing file /home/airflow/.local/lib/python3.12/site-packages/airflow/example_dags/example_display_name.py for tasks to queue
[2025-10-17T03:11:18.574+0000] {logging_mixin.py:188} INFO - [2025-10-17T03:11:18.573+0000] {dagbag.py:545} INFO - Filling up the DagBag from /home/airflow/.local/lib/python3.12/site-packages/airflow/example_dags/example_display_name.py
[2025-10-17T03:11:18.583+0000] {processor.py:840} INFO - DAG(s) 'example_display_name' retrieved from /home/airflow/.local/lib/python3.12/site-packages/airflow/example_dags/example_display_name.py
[2025-10-17T03:11:18.615+0000] {logging_mixin.py:188} INFO - [2025-10-17T03:11:18.615+0000] {dag.py:3096} INFO - Sync 1 DAGs
[2025-10-17T03:11:18.633+0000] {logging_mixin.py:188} INFO - [2025-10-17T03:11:18.632+0000] {dag.py:3954} INFO - Setting next_dagrun for example_display_name to None, run_after=None
[2025-10-17T03:11:18.660+0000] {processor.py:183} INFO - Processing /home/airflow/.local/lib/python3.12/site-packages/airflow/example_dags/example_display_name.py took 0.126 seconds
[2025-10-17T03:11:48.921+0000] {processor.py:161} INFO - Started process (PID=1994) to work on /home/airflow/.local/lib/python3.12/site-packages/airflow/example_dags/example_display_name.py
[2025-10-17T03:11:48.923+0000] {processor.py:830} INFO - Processing file /home/airflow/.local/lib/python3.12/site-packages/airflow/example_dags/example_display_name.py for tasks to queue
[2025-10-17T03:11:48.927+0000] {logging_mixin.py:188} INFO - [2025-10-17T03:11:48.926+0000] {dagbag.py:545} INFO - Filling up the DagBag from /home/airflow/.local/lib/python3.12/site-packages/airflow/example_dags/example_display_name.py
[2025-10-17T03:11:48.941+0000] {processor.py:840} INFO - DAG(s) 'example_display_name' retrieved from /home/airflow/.local/lib/python3.12/site-packages/airflow/example_dags/example_display_name.py
[2025-10-17T03:11:48.974+0000] {logging_mixin.py:188} INFO - [2025-10-17T03:11:48.974+0000] {dag.py:3096} INFO - Sync 1 DAGs
[2025-10-17T03:11:48.994+0000] {logging_mixin.py:188} INFO - [2025-10-17T03:11:48.994+0000] {dag.py:3954} INFO - Setting next_dagrun for example_display_name to None, run_after=None
[2025-10-17T03:11:49.029+0000] {processor.py:183} INFO - Processing /home/airflow/.local/lib/python3.12/site-packages/airflow/example_dags/example_display_name.py took 0.124 seconds
[2025-10-17T03:12:19.836+0000] {processor.py:161} INFO - Started process (PID=2053) to work on /home/airflow/.local/lib/python3.12/site-packages/airflow/example_dags/example_display_name.py
[2025-10-17T03:12:19.837+0000] {processor.py:830} INFO - Processing file /home/airflow/.local/lib/python3.12/site-packages/airflow/example_dags/example_display_name.py for tasks to queue
[2025-10-17T03:12:19.839+0000] {logging_mixin.py:188} INFO - [2025-10-17T03:12:19.839+0000] {dagbag.py:545} INFO - Filling up the DagBag from /home/airflow/.local/lib/python3.12/site-packages/airflow/example_dags/example_display_name.py
[2025-10-17T03:12:19.844+0000] {processor.py:840} INFO - DAG(s) 'example_display_name' retrieved from /home/airflow/.local/lib/python3.12/site-packages/airflow/example_dags/example_display_name.py
[2025-10-17T03:12:19.862+0000] {logging_mixin.py:188} INFO - [2025-10-17T03:12:19.862+0000] {dag.py:3096} INFO - Sync 1 DAGs
[2025-10-17T03:12:19.873+0000] {logging_mixin.py:188} INFO - [2025-10-17T03:12:19.873+0000] {dag.py:3954} INFO - Setting next_dagrun for example_display_name to None, run_after=None
[2025-10-17T03:12:19.892+0000] {processor.py:183} INFO - Processing /home/airflow/.local/lib/python3.12/site-packages/airflow/example_dags/example_display_name.py took 0.062 seconds
[2025-10-17T03:12:50.506+0000] {processor.py:161} INFO - Started process (PID=2112) to work on /home/airflow/.local/lib/python3.12/site-packages/airflow/example_dags/example_display_name.py
[2025-10-17T03:12:50.507+0000] {processor.py:830} INFO - Processing file /home/airflow/.local/lib/python3.12/site-packages/airflow/example_dags/example_display_name.py for tasks to queue
[2025-10-17T03:12:50.509+0000] {logging_mixin.py:188} INFO - [2025-10-17T03:12:50.509+0000] {dagbag.py:545} INFO - Filling up the DagBag from /home/airflow/.local/lib/python3.12/site-packages/airflow/example_dags/example_display_name.py
[2025-10-17T03:12:50.515+0000] {processor.py:840} INFO - DAG(s) 'example_display_name' retrieved from /home/airflow/.local/lib/python3.12/site-packages/airflow/example_dags/example_display_name.py
[2025-10-17T03:12:50.534+0000] {logging_mixin.py:188} INFO - [2025-10-17T03:12:50.533+0000] {dag.py:3096} INFO - Sync 1 DAGs
[2025-10-17T03:12:50.546+0000] {logging_mixin.py:188} INFO - [2025-10-17T03:12:50.546+0000] {dag.py:3954} INFO - Setting next_dagrun for example_display_name to None, run_after=None
[2025-10-17T03:12:50.566+0000] {processor.py:183} INFO - Processing /home/airflow/.local/lib/python3.12/site-packages/airflow/example_dags/example_display_name.py took 0.067 seconds
[2025-10-17T03:13:20.689+0000] {processor.py:161} INFO - Started process (PID=2171) to work on /home/airflow/.local/lib/python3.12/site-packages/airflow/example_dags/example_display_name.py
[2025-10-17T03:13:20.690+0000] {processor.py:830} INFO - Processing file /home/airflow/.local/lib/python3.12/site-packages/airflow/example_dags/example_display_name.py for tasks to queue
[2025-10-17T03:13:20.692+0000] {logging_mixin.py:188} INFO - [2025-10-17T03:13:20.692+0000] {dagbag.py:545} INFO - Filling up the DagBag from /home/airflow/.local/lib/python3.12/site-packages/airflow/example_dags/example_display_name.py
[2025-10-17T03:13:20.698+0000] {processor.py:840} INFO - DAG(s) 'example_display_name' retrieved from /home/airflow/.local/lib/python3.12/site-packages/airflow/example_dags/example_display_name.py
[2025-10-17T03:13:20.716+0000] {logging_mixin.py:188} INFO - [2025-10-17T03:13:20.716+0000] {dag.py:3096} INFO - Sync 1 DAGs
[2025-10-17T03:13:20.728+0000] {logging_mixin.py:188} INFO - [2025-10-17T03:13:20.728+0000] {dag.py:3954} INFO - Setting next_dagrun for example_display_name to None, run_after=None
[2025-10-17T03:13:20.747+0000] {processor.py:183} INFO - Processing /home/airflow/.local/lib/python3.12/site-packages/airflow/example_dags/example_display_name.py took 0.064 seconds
[2025-10-17T03:13:51.050+0000] {processor.py:161} INFO - Started process (PID=2230) to work on /home/airflow/.local/lib/python3.12/site-packages/airflow/example_dags/example_display_name.py
[2025-10-17T03:13:51.051+0000] {processor.py:830} INFO - Processing file /home/airflow/.local/lib/python3.12/site-packages/airflow/example_dags/example_display_name.py for tasks to queue
[2025-10-17T03:13:51.053+0000] {logging_mixin.py:188} INFO - [2025-10-17T03:13:51.053+0000] {dagbag.py:545} INFO - Filling up the DagBag from /home/airflow/.local/lib/python3.12/site-packages/airflow/example_dags/example_display_name.py
[2025-10-17T03:13:51.058+0000] {processor.py:840} INFO - DAG(s) 'example_display_name' retrieved from /home/airflow/.local/lib/python3.12/site-packages/airflow/example_dags/example_display_name.py
[2025-10-17T03:13:51.078+0000] {logging_mixin.py:188} INFO - [2025-10-17T03:13:51.077+0000] {dag.py:3096} INFO - Sync 1 DAGs
[2025-10-17T03:13:51.089+0000] {logging_mixin.py:188} INFO - [2025-10-17T03:13:51.089+0000] {dag.py:3954} INFO - Setting next_dagrun for example_display_name to None, run_after=None
[2025-10-17T03:13:51.112+0000] {processor.py:183} INFO - Processing /home/airflow/.local/lib/python3.12/site-packages/airflow/example_dags/example_display_name.py took 0.069 seconds
[2025-10-17T03:14:22.016+0000] {processor.py:161} INFO - Started process (PID=2289) to work on /home/airflow/.local/lib/python3.12/site-packages/airflow/example_dags/example_display_name.py
[2025-10-17T03:14:22.017+0000] {processor.py:830} INFO - Processing file /home/airflow/.local/lib/python3.12/site-packages/airflow/example_dags/example_display_name.py for tasks to queue
[2025-10-17T03:14:22.020+0000] {logging_mixin.py:188} INFO - [2025-10-17T03:14:22.019+0000] {dagbag.py:545} INFO - Filling up the DagBag from /home/airflow/.local/lib/python3.12/site-packages/airflow/example_dags/example_display_name.py
[2025-10-17T03:14:22.025+0000] {processor.py:840} INFO - DAG(s) 'example_display_name' retrieved from /home/airflow/.local/lib/python3.12/site-packages/airflow/example_dags/example_display_name.py
[2025-10-17T03:14:22.045+0000] {logging_mixin.py:188} INFO - [2025-10-17T03:14:22.044+0000] {dag.py:3096} INFO - Sync 1 DAGs
[2025-10-17T03:14:22.056+0000] {logging_mixin.py:188} INFO - [2025-10-17T03:14:22.056+0000] {dag.py:3954} INFO - Setting next_dagrun for example_display_name to None, run_after=None
[2025-10-17T03:14:22.077+0000] {processor.py:183} INFO - Processing /home/airflow/.local/lib/python3.12/site-packages/airflow/example_dags/example_display_name.py took 0.066 seconds
[2025-10-17T03:14:52.216+0000] {processor.py:161} INFO - Started process (PID=2348) to work on /home/airflow/.local/lib/python3.12/site-packages/airflow/example_dags/example_display_name.py
[2025-10-17T03:14:52.217+0000] {processor.py:830} INFO - Processing file /home/airflow/.local/lib/python3.12/site-packages/airflow/example_dags/example_display_name.py for tasks to queue
[2025-10-17T03:14:52.220+0000] {logging_mixin.py:188} INFO - [2025-10-17T03:14:52.220+0000] {dagbag.py:545} INFO - Filling up the DagBag from /home/airflow/.local/lib/python3.12/site-packages/airflow/example_dags/example_display_name.py
[2025-10-17T03:14:52.227+0000] {processor.py:840} INFO - DAG(s) 'example_display_name' retrieved from /home/airflow/.local/lib/python3.12/site-packages/airflow/example_dags/example_display_name.py
[2025-10-17T03:14:52.248+0000] {logging_mixin.py:188} INFO - [2025-10-17T03:14:52.248+0000] {dag.py:3096} INFO - Sync 1 DAGs
[2025-10-17T03:14:52.258+0000] {logging_mixin.py:188} INFO - [2025-10-17T03:14:52.258+0000] {dag.py:3954} INFO - Setting next_dagrun for example_display_name to None, run_after=None
[2025-10-17T03:14:52.275+0000] {processor.py:183} INFO - Processing /home/airflow/.local/lib/python3.12/site-packages/airflow/example_dags/example_display_name.py took 0.068 seconds
[2025-10-17T03:15:22.568+0000] {processor.py:161} INFO - Started process (PID=2407) to work on /home/airflow/.local/lib/python3.12/site-packages/airflow/example_dags/example_display_name.py
[2025-10-17T03:15:22.569+0000] {processor.py:830} INFO - Processing file /home/airflow/.local/lib/python3.12/site-packages/airflow/example_dags/example_display_name.py for tasks to queue
[2025-10-17T03:15:22.572+0000] {logging_mixin.py:188} INFO - [2025-10-17T03:15:22.571+0000] {dagbag.py:545} INFO - Filling up the DagBag from /home/airflow/.local/lib/python3.12/site-packages/airflow/example_dags/example_display_name.py
[2025-10-17T03:15:22.577+0000] {processor.py:840} INFO - DAG(s) 'example_display_name' retrieved from /home/airflow/.local/lib/python3.12/site-packages/airflow/example_dags/example_display_name.py
[2025-10-17T03:15:22.598+0000] {logging_mixin.py:188} INFO - [2025-10-17T03:15:22.597+0000] {dag.py:3096} INFO - Sync 1 DAGs
[2025-10-17T03:15:22.609+0000] {logging_mixin.py:188} INFO - [2025-10-17T03:15:22.609+0000] {dag.py:3954} INFO - Setting next_dagrun for example_display_name to None, run_after=None
[2025-10-17T03:15:22.631+0000] {processor.py:183} INFO - Processing /home/airflow/.local/lib/python3.12/site-packages/airflow/example_dags/example_display_name.py took 0.068 seconds
[2025-10-17T03:15:53.095+0000] {processor.py:161} INFO - Started process (PID=2466) to work on /home/airflow/.local/lib/python3.12/site-packages/airflow/example_dags/example_display_name.py
[2025-10-17T03:15:53.097+0000] {processor.py:830} INFO - Processing file /home/airflow/.local/lib/python3.12/site-packages/airflow/example_dags/example_display_name.py for tasks to queue
[2025-10-17T03:15:53.099+0000] {logging_mixin.py:188} INFO - [2025-10-17T03:15:53.098+0000] {dagbag.py:545} INFO - Filling up the DagBag from /home/airflow/.local/lib/python3.12/site-packages/airflow/example_dags/example_display_name.py
[2025-10-17T03:15:53.105+0000] {processor.py:840} INFO - DAG(s) 'example_display_name' retrieved from /home/airflow/.local/lib/python3.12/site-packages/airflow/example_dags/example_display_name.py
[2025-10-17T03:15:53.124+0000] {logging_mixin.py:188} INFO - [2025-10-17T03:15:53.123+0000] {dag.py:3096} INFO - Sync 1 DAGs
[2025-10-17T03:15:53.135+0000] {logging_mixin.py:188} INFO - [2025-10-17T03:15:53.134+0000] {dag.py:3954} INFO - Setting next_dagrun for example_display_name to None, run_after=None
[2025-10-17T03:15:53.154+0000] {processor.py:183} INFO - Processing /home/airflow/.local/lib/python3.12/site-packages/airflow/example_dags/example_display_name.py took 0.064 seconds
[2025-10-17T03:16:23.576+0000] {processor.py:161} INFO - Started process (PID=2525) to work on /home/airflow/.local/lib/python3.12/site-packages/airflow/example_dags/example_display_name.py
[2025-10-17T03:16:23.577+0000] {processor.py:830} INFO - Processing file /home/airflow/.local/lib/python3.12/site-packages/airflow/example_dags/example_display_name.py for tasks to queue
[2025-10-17T03:16:23.579+0000] {logging_mixin.py:188} INFO - [2025-10-17T03:16:23.578+0000] {dagbag.py:545} INFO - Filling up the DagBag from /home/airflow/.local/lib/python3.12/site-packages/airflow/example_dags/example_display_name.py
[2025-10-17T03:16:23.584+0000] {processor.py:840} INFO - DAG(s) 'example_display_name' retrieved from /home/airflow/.local/lib/python3.12/site-packages/airflow/example_dags/example_display_name.py
[2025-10-17T03:16:23.601+0000] {logging_mixin.py:188} INFO - [2025-10-17T03:16:23.601+0000] {dag.py:3096} INFO - Sync 1 DAGs
[2025-10-17T03:16:23.611+0000] {logging_mixin.py:188} INFO - [2025-10-17T03:16:23.611+0000] {dag.py:3954} INFO - Setting next_dagrun for example_display_name to None, run_after=None
[2025-10-17T03:16:23.629+0000] {processor.py:183} INFO - Processing /home/airflow/.local/lib/python3.12/site-packages/airflow/example_dags/example_display_name.py took 0.058 seconds
[2025-10-17T03:16:54.300+0000] {processor.py:161} INFO - Started process (PID=2584) to work on /home/airflow/.local/lib/python3.12/site-packages/airflow/example_dags/example_display_name.py
[2025-10-17T03:16:54.301+0000] {processor.py:830} INFO - Processing file /home/airflow/.local/lib/python3.12/site-packages/airflow/example_dags/example_display_name.py for tasks to queue
[2025-10-17T03:16:54.303+0000] {logging_mixin.py:188} INFO - [2025-10-17T03:16:54.303+0000] {dagbag.py:545} INFO - Filling up the DagBag from /home/airflow/.local/lib/python3.12/site-packages/airflow/example_dags/example_display_name.py
[2025-10-17T03:16:54.309+0000] {processor.py:840} INFO - DAG(s) 'example_display_name' retrieved from /home/airflow/.local/lib/python3.12/site-packages/airflow/example_dags/example_display_name.py
[2025-10-17T03:16:54.327+0000] {logging_mixin.py:188} INFO - [2025-10-17T03:16:54.327+0000] {dag.py:3096} INFO - Sync 1 DAGs
[2025-10-17T03:16:54.338+0000] {logging_mixin.py:188} INFO - [2025-10-17T03:16:54.338+0000] {dag.py:3954} INFO - Setting next_dagrun for example_display_name to None, run_after=None
[2025-10-17T03:16:54.357+0000] {processor.py:183} INFO - Processing /home/airflow/.local/lib/python3.12/site-packages/airflow/example_dags/example_display_name.py took 0.063 seconds
[2025-10-17T03:17:24.837+0000] {processor.py:161} INFO - Started process (PID=2643) to work on /home/airflow/.local/lib/python3.12/site-packages/airflow/example_dags/example_display_name.py
[2025-10-17T03:17:24.838+0000] {processor.py:830} INFO - Processing file /home/airflow/.local/lib/python3.12/site-packages/airflow/example_dags/example_display_name.py for tasks to queue
[2025-10-17T03:17:24.840+0000] {logging_mixin.py:188} INFO - [2025-10-17T03:17:24.840+0000] {dagbag.py:545} INFO - Filling up the DagBag from /home/airflow/.local/lib/python3.12/site-packages/airflow/example_dags/example_display_name.py
[2025-10-17T03:17:24.845+0000] {processor.py:840} INFO - DAG(s) 'example_display_name' retrieved from /home/airflow/.local/lib/python3.12/site-packages/airflow/example_dags/example_display_name.py
[2025-10-17T03:17:24.863+0000] {logging_mixin.py:188} INFO - [2025-10-17T03:17:24.863+0000] {dag.py:3096} INFO - Sync 1 DAGs
[2025-10-17T03:17:24.876+0000] {logging_mixin.py:188} INFO - [2025-10-17T03:17:24.875+0000] {dag.py:3954} INFO - Setting next_dagrun for example_display_name to None, run_after=None
[2025-10-17T03:17:24.892+0000] {processor.py:183} INFO - Processing /home/airflow/.local/lib/python3.12/site-packages/airflow/example_dags/example_display_name.py took 0.060 seconds
[2025-10-17T03:17:55.004+0000] {processor.py:161} INFO - Started process (PID=2703) to work on /home/airflow/.local/lib/python3.12/site-packages/airflow/example_dags/example_display_name.py
[2025-10-17T03:17:55.005+0000] {processor.py:830} INFO - Processing file /home/airflow/.local/lib/python3.12/site-packages/airflow/example_dags/example_display_name.py for tasks to queue
[2025-10-17T03:17:55.007+0000] {logging_mixin.py:188} INFO - [2025-10-17T03:17:55.007+0000] {dagbag.py:545} INFO - Filling up the DagBag from /home/airflow/.local/lib/python3.12/site-packages/airflow/example_dags/example_display_name.py
[2025-10-17T03:17:55.012+0000] {processor.py:840} INFO - DAG(s) 'example_display_name' retrieved from /home/airflow/.local/lib/python3.12/site-packages/airflow/example_dags/example_display_name.py
[2025-10-17T03:17:55.030+0000] {logging_mixin.py:188} INFO - [2025-10-17T03:17:55.029+0000] {dag.py:3096} INFO - Sync 1 DAGs
[2025-10-17T03:17:55.041+0000] {logging_mixin.py:188} INFO - [2025-10-17T03:17:55.040+0000] {dag.py:3954} INFO - Setting next_dagrun for example_display_name to None, run_after=None
[2025-10-17T03:17:55.060+0000] {processor.py:183} INFO - Processing /home/airflow/.local/lib/python3.12/site-packages/airflow/example_dags/example_display_name.py took 0.062 seconds
[2025-10-17T03:18:25.820+0000] {processor.py:161} INFO - Started process (PID=2762) to work on /home/airflow/.local/lib/python3.12/site-packages/airflow/example_dags/example_display_name.py
[2025-10-17T03:18:25.821+0000] {processor.py:830} INFO - Processing file /home/airflow/.local/lib/python3.12/site-packages/airflow/example_dags/example_display_name.py for tasks to queue
[2025-10-17T03:18:25.823+0000] {logging_mixin.py:188} INFO - [2025-10-17T03:18:25.823+0000] {dagbag.py:545} INFO - Filling up the DagBag from /home/airflow/.local/lib/python3.12/site-packages/airflow/example_dags/example_display_name.py
[2025-10-17T03:18:25.829+0000] {processor.py:840} INFO - DAG(s) 'example_display_name' retrieved from /home/airflow/.local/lib/python3.12/site-packages/airflow/example_dags/example_display_name.py
[2025-10-17T03:18:25.846+0000] {logging_mixin.py:188} INFO - [2025-10-17T03:18:25.846+0000] {dag.py:3096} INFO - Sync 1 DAGs
[2025-10-17T03:18:25.858+0000] {logging_mixin.py:188} INFO - [2025-10-17T03:18:25.858+0000] {dag.py:3954} INFO - Setting next_dagrun for example_display_name to None, run_after=None
[2025-10-17T03:18:25.878+0000] {processor.py:183} INFO - Processing /home/airflow/.local/lib/python3.12/site-packages/airflow/example_dags/example_display_name.py took 0.063 seconds
[2025-10-17T03:18:56.012+0000] {processor.py:161} INFO - Started process (PID=2821) to work on /home/airflow/.local/lib/python3.12/site-packages/airflow/example_dags/example_display_name.py
[2025-10-17T03:18:56.014+0000] {processor.py:830} INFO - Processing file /home/airflow/.local/lib/python3.12/site-packages/airflow/example_dags/example_display_name.py for tasks to queue
[2025-10-17T03:18:56.016+0000] {logging_mixin.py:188} INFO - [2025-10-17T03:18:56.015+0000] {dagbag.py:545} INFO - Filling up the DagBag from /home/airflow/.local/lib/python3.12/site-packages/airflow/example_dags/example_display_name.py
[2025-10-17T03:18:56.022+0000] {processor.py:840} INFO - DAG(s) 'example_display_name' retrieved from /home/airflow/.local/lib/python3.12/site-packages/airflow/example_dags/example_display_name.py
[2025-10-17T03:18:56.042+0000] {logging_mixin.py:188} INFO - [2025-10-17T03:18:56.042+0000] {dag.py:3096} INFO - Sync 1 DAGs
[2025-10-17T03:18:56.054+0000] {logging_mixin.py:188} INFO - [2025-10-17T03:18:56.054+0000] {dag.py:3954} INFO - Setting next_dagrun for example_display_name to None, run_after=None
[2025-10-17T03:18:56.073+0000] {processor.py:183} INFO - Processing /home/airflow/.local/lib/python3.12/site-packages/airflow/example_dags/example_display_name.py took 0.066 seconds
[2025-10-17T03:19:26.203+0000] {processor.py:161} INFO - Started process (PID=2880) to work on /home/airflow/.local/lib/python3.12/site-packages/airflow/example_dags/example_display_name.py
[2025-10-17T03:19:26.205+0000] {processor.py:830} INFO - Processing file /home/airflow/.local/lib/python3.12/site-packages/airflow/example_dags/example_display_name.py for tasks to queue
[2025-10-17T03:19:26.207+0000] {logging_mixin.py:188} INFO - [2025-10-17T03:19:26.206+0000] {dagbag.py:545} INFO - Filling up the DagBag from /home/airflow/.local/lib/python3.12/site-packages/airflow/example_dags/example_display_name.py
[2025-10-17T03:19:26.213+0000] {processor.py:840} INFO - DAG(s) 'example_display_name' retrieved from /home/airflow/.local/lib/python3.12/site-packages/airflow/example_dags/example_display_name.py
[2025-10-17T03:19:26.232+0000] {logging_mixin.py:188} INFO - [2025-10-17T03:19:26.232+0000] {dag.py:3096} INFO - Sync 1 DAGs
[2025-10-17T03:19:26.244+0000] {logging_mixin.py:188} INFO - [2025-10-17T03:19:26.244+0000] {dag.py:3954} INFO - Setting next_dagrun for example_display_name to None, run_after=None
[2025-10-17T03:19:26.262+0000] {processor.py:183} INFO - Processing /home/airflow/.local/lib/python3.12/site-packages/airflow/example_dags/example_display_name.py took 0.064 seconds
[2025-10-17T03:19:56.438+0000] {processor.py:161} INFO - Started process (PID=2939) to work on /home/airflow/.local/lib/python3.12/site-packages/airflow/example_dags/example_display_name.py
[2025-10-17T03:19:56.439+0000] {processor.py:830} INFO - Processing file /home/airflow/.local/lib/python3.12/site-packages/airflow/example_dags/example_display_name.py for tasks to queue
[2025-10-17T03:19:56.441+0000] {logging_mixin.py:188} INFO - [2025-10-17T03:19:56.441+0000] {dagbag.py:545} INFO - Filling up the DagBag from /home/airflow/.local/lib/python3.12/site-packages/airflow/example_dags/example_display_name.py
[2025-10-17T03:19:56.447+0000] {processor.py:840} INFO - DAG(s) 'example_display_name' retrieved from /home/airflow/.local/lib/python3.12/site-packages/airflow/example_dags/example_display_name.py
[2025-10-17T03:19:56.464+0000] {logging_mixin.py:188} INFO - [2025-10-17T03:19:56.464+0000] {dag.py:3096} INFO - Sync 1 DAGs
[2025-10-17T03:19:56.475+0000] {logging_mixin.py:188} INFO - [2025-10-17T03:19:56.474+0000] {dag.py:3954} INFO - Setting next_dagrun for example_display_name to None, run_after=None
[2025-10-17T03:19:56.491+0000] {processor.py:183} INFO - Processing /home/airflow/.local/lib/python3.12/site-packages/airflow/example_dags/example_display_name.py took 0.059 seconds
[2025-10-17T03:20:26.778+0000] {processor.py:161} INFO - Started process (PID=2998) to work on /home/airflow/.local/lib/python3.12/site-packages/airflow/example_dags/example_display_name.py
[2025-10-17T03:20:26.779+0000] {processor.py:830} INFO - Processing file /home/airflow/.local/lib/python3.12/site-packages/airflow/example_dags/example_display_name.py for tasks to queue
[2025-10-17T03:20:26.782+0000] {logging_mixin.py:188} INFO - [2025-10-17T03:20:26.781+0000] {dagbag.py:545} INFO - Filling up the DagBag from /home/airflow/.local/lib/python3.12/site-packages/airflow/example_dags/example_display_name.py
[2025-10-17T03:20:26.789+0000] {processor.py:840} INFO - DAG(s) 'example_display_name' retrieved from /home/airflow/.local/lib/python3.12/site-packages/airflow/example_dags/example_display_name.py
[2025-10-17T03:20:26.813+0000] {logging_mixin.py:188} INFO - [2025-10-17T03:20:26.813+0000] {dag.py:3096} INFO - Sync 1 DAGs
[2025-10-17T03:20:26.827+0000] {logging_mixin.py:188} INFO - [2025-10-17T03:20:26.826+0000] {dag.py:3954} INFO - Setting next_dagrun for example_display_name to None, run_after=None
[2025-10-17T03:20:26.848+0000] {processor.py:183} INFO - Processing /home/airflow/.local/lib/python3.12/site-packages/airflow/example_dags/example_display_name.py took 0.076 seconds
[2025-10-17T03:20:57.092+0000] {processor.py:161} INFO - Started process (PID=3057) to work on /home/airflow/.local/lib/python3.12/site-packages/airflow/example_dags/example_display_name.py
[2025-10-17T03:20:57.093+0000] {processor.py:830} INFO - Processing file /home/airflow/.local/lib/python3.12/site-packages/airflow/example_dags/example_display_name.py for tasks to queue
[2025-10-17T03:20:57.094+0000] {logging_mixin.py:188} INFO - [2025-10-17T03:20:57.094+0000] {dagbag.py:545} INFO - Filling up the DagBag from /home/airflow/.local/lib/python3.12/site-packages/airflow/example_dags/example_display_name.py
[2025-10-17T03:20:57.100+0000] {processor.py:840} INFO - DAG(s) 'example_display_name' retrieved from /home/airflow/.local/lib/python3.12/site-packages/airflow/example_dags/example_display_name.py
[2025-10-17T03:20:57.117+0000] {logging_mixin.py:188} INFO - [2025-10-17T03:20:57.117+0000] {dag.py:3096} INFO - Sync 1 DAGs
[2025-10-17T03:20:57.128+0000] {logging_mixin.py:188} INFO - [2025-10-17T03:20:57.128+0000] {dag.py:3954} INFO - Setting next_dagrun for example_display_name to None, run_after=None
[2025-10-17T03:20:57.145+0000] {processor.py:183} INFO - Processing /home/airflow/.local/lib/python3.12/site-packages/airflow/example_dags/example_display_name.py took 0.058 seconds
[2025-10-17T03:21:27.234+0000] {processor.py:161} INFO - Started process (PID=3116) to work on /home/airflow/.local/lib/python3.12/site-packages/airflow/example_dags/example_display_name.py
[2025-10-17T03:21:27.235+0000] {processor.py:830} INFO - Processing file /home/airflow/.local/lib/python3.12/site-packages/airflow/example_dags/example_display_name.py for tasks to queue
[2025-10-17T03:21:27.237+0000] {logging_mixin.py:188} INFO - [2025-10-17T03:21:27.236+0000] {dagbag.py:545} INFO - Filling up the DagBag from /home/airflow/.local/lib/python3.12/site-packages/airflow/example_dags/example_display_name.py
[2025-10-17T03:21:27.242+0000] {processor.py:840} INFO - DAG(s) 'example_display_name' retrieved from /home/airflow/.local/lib/python3.12/site-packages/airflow/example_dags/example_display_name.py
[2025-10-17T03:21:27.259+0000] {logging_mixin.py:188} INFO - [2025-10-17T03:21:27.259+0000] {dag.py:3096} INFO - Sync 1 DAGs
[2025-10-17T03:21:27.269+0000] {logging_mixin.py:188} INFO - [2025-10-17T03:21:27.269+0000] {dag.py:3954} INFO - Setting next_dagrun for example_display_name to None, run_after=None
[2025-10-17T03:21:27.285+0000] {processor.py:183} INFO - Processing /home/airflow/.local/lib/python3.12/site-packages/airflow/example_dags/example_display_name.py took 0.057 seconds
[2025-10-17T03:21:57.473+0000] {processor.py:161} INFO - Started process (PID=3175) to work on /home/airflow/.local/lib/python3.12/site-packages/airflow/example_dags/example_display_name.py
[2025-10-17T03:21:57.475+0000] {processor.py:830} INFO - Processing file /home/airflow/.local/lib/python3.12/site-packages/airflow/example_dags/example_display_name.py for tasks to queue
[2025-10-17T03:21:57.477+0000] {logging_mixin.py:188} INFO - [2025-10-17T03:21:57.476+0000] {dagbag.py:545} INFO - Filling up the DagBag from /home/airflow/.local/lib/python3.12/site-packages/airflow/example_dags/example_display_name.py
[2025-10-17T03:21:57.481+0000] {processor.py:840} INFO - DAG(s) 'example_display_name' retrieved from /home/airflow/.local/lib/python3.12/site-packages/airflow/example_dags/example_display_name.py
[2025-10-17T03:21:57.498+0000] {logging_mixin.py:188} INFO - [2025-10-17T03:21:57.498+0000] {dag.py:3096} INFO - Sync 1 DAGs
[2025-10-17T03:21:57.511+0000] {logging_mixin.py:188} INFO - [2025-10-17T03:21:57.511+0000] {dag.py:3954} INFO - Setting next_dagrun for example_display_name to None, run_after=None
[2025-10-17T03:21:57.526+0000] {processor.py:183} INFO - Processing /home/airflow/.local/lib/python3.12/site-packages/airflow/example_dags/example_display_name.py took 0.059 seconds
[2025-10-17T03:22:28.191+0000] {processor.py:161} INFO - Started process (PID=3234) to work on /home/airflow/.local/lib/python3.12/site-packages/airflow/example_dags/example_display_name.py
[2025-10-17T03:22:28.193+0000] {processor.py:830} INFO - Processing file /home/airflow/.local/lib/python3.12/site-packages/airflow/example_dags/example_display_name.py for tasks to queue
[2025-10-17T03:22:28.195+0000] {logging_mixin.py:188} INFO - [2025-10-17T03:22:28.195+0000] {dagbag.py:545} INFO - Filling up the DagBag from /home/airflow/.local/lib/python3.12/site-packages/airflow/example_dags/example_display_name.py
[2025-10-17T03:22:28.203+0000] {processor.py:840} INFO - DAG(s) 'example_display_name' retrieved from /home/airflow/.local/lib/python3.12/site-packages/airflow/example_dags/example_display_name.py
[2025-10-17T03:22:28.225+0000] {logging_mixin.py:188} INFO - [2025-10-17T03:22:28.225+0000] {dag.py:3096} INFO - Sync 1 DAGs
[2025-10-17T03:22:28.239+0000] {logging_mixin.py:188} INFO - [2025-10-17T03:22:28.238+0000] {dag.py:3954} INFO - Setting next_dagrun for example_display_name to None, run_after=None
[2025-10-17T03:22:28.263+0000] {processor.py:183} INFO - Processing /home/airflow/.local/lib/python3.12/site-packages/airflow/example_dags/example_display_name.py took 0.077 seconds
[2025-10-17T03:22:58.454+0000] {processor.py:161} INFO - Started process (PID=3293) to work on /home/airflow/.local/lib/python3.12/site-packages/airflow/example_dags/example_display_name.py
[2025-10-17T03:22:58.456+0000] {processor.py:830} INFO - Processing file /home/airflow/.local/lib/python3.12/site-packages/airflow/example_dags/example_display_name.py for tasks to queue
[2025-10-17T03:22:58.458+0000] {logging_mixin.py:188} INFO - [2025-10-17T03:22:58.457+0000] {dagbag.py:545} INFO - Filling up the DagBag from /home/airflow/.local/lib/python3.12/site-packages/airflow/example_dags/example_display_name.py
[2025-10-17T03:22:58.463+0000] {processor.py:840} INFO - DAG(s) 'example_display_name' retrieved from /home/airflow/.local/lib/python3.12/site-packages/airflow/example_dags/example_display_name.py
[2025-10-17T03:22:58.480+0000] {logging_mixin.py:188} INFO - [2025-10-17T03:22:58.480+0000] {dag.py:3096} INFO - Sync 1 DAGs
[2025-10-17T03:22:58.491+0000] {logging_mixin.py:188} INFO - [2025-10-17T03:22:58.491+0000] {dag.py:3954} INFO - Setting next_dagrun for example_display_name to None, run_after=None
[2025-10-17T03:22:58.509+0000] {processor.py:183} INFO - Processing /home/airflow/.local/lib/python3.12/site-packages/airflow/example_dags/example_display_name.py took 0.060 seconds
[2025-10-17T03:23:28.928+0000] {processor.py:161} INFO - Started process (PID=3352) to work on /home/airflow/.local/lib/python3.12/site-packages/airflow/example_dags/example_display_name.py
[2025-10-17T03:23:28.933+0000] {processor.py:830} INFO - Processing file /home/airflow/.local/lib/python3.12/site-packages/airflow/example_dags/example_display_name.py for tasks to queue
[2025-10-17T03:23:28.939+0000] {logging_mixin.py:188} INFO - [2025-10-17T03:23:28.938+0000] {dagbag.py:545} INFO - Filling up the DagBag from /home/airflow/.local/lib/python3.12/site-packages/airflow/example_dags/example_display_name.py
[2025-10-17T03:23:28.962+0000] {processor.py:840} INFO - DAG(s) 'example_display_name' retrieved from /home/airflow/.local/lib/python3.12/site-packages/airflow/example_dags/example_display_name.py
[2025-10-17T03:23:29.029+0000] {logging_mixin.py:188} INFO - [2025-10-17T03:23:29.028+0000] {dag.py:3096} INFO - Sync 1 DAGs
[2025-10-17T03:23:29.094+0000] {logging_mixin.py:188} INFO - [2025-10-17T03:23:29.093+0000] {dag.py:3954} INFO - Setting next_dagrun for example_display_name to None, run_after=None
[2025-10-17T03:23:29.183+0000] {processor.py:183} INFO - Processing /home/airflow/.local/lib/python3.12/site-packages/airflow/example_dags/example_display_name.py took 0.274 seconds
[2025-10-17T03:23:59.716+0000] {processor.py:161} INFO - Started process (PID=3411) to work on /home/airflow/.local/lib/python3.12/site-packages/airflow/example_dags/example_display_name.py
[2025-10-17T03:23:59.719+0000] {processor.py:830} INFO - Processing file /home/airflow/.local/lib/python3.12/site-packages/airflow/example_dags/example_display_name.py for tasks to queue
[2025-10-17T03:23:59.722+0000] {logging_mixin.py:188} INFO - [2025-10-17T03:23:59.722+0000] {dagbag.py:545} INFO - Filling up the DagBag from /home/airflow/.local/lib/python3.12/site-packages/airflow/example_dags/example_display_name.py
[2025-10-17T03:23:59.732+0000] {processor.py:840} INFO - DAG(s) 'example_display_name' retrieved from /home/airflow/.local/lib/python3.12/site-packages/airflow/example_dags/example_display_name.py
[2025-10-17T03:23:59.765+0000] {logging_mixin.py:188} INFO - [2025-10-17T03:23:59.764+0000] {dag.py:3096} INFO - Sync 1 DAGs
[2025-10-17T03:23:59.787+0000] {logging_mixin.py:188} INFO - [2025-10-17T03:23:59.786+0000] {dag.py:3954} INFO - Setting next_dagrun for example_display_name to None, run_after=None
[2025-10-17T03:23:59.810+0000] {processor.py:183} INFO - Processing /home/airflow/.local/lib/python3.12/site-packages/airflow/example_dags/example_display_name.py took 0.105 seconds
[2025-10-17T03:24:29.948+0000] {processor.py:161} INFO - Started process (PID=3470) to work on /home/airflow/.local/lib/python3.12/site-packages/airflow/example_dags/example_display_name.py
[2025-10-17T03:24:29.949+0000] {processor.py:830} INFO - Processing file /home/airflow/.local/lib/python3.12/site-packages/airflow/example_dags/example_display_name.py for tasks to queue
[2025-10-17T03:24:29.951+0000] {logging_mixin.py:188} INFO - [2025-10-17T03:24:29.951+0000] {dagbag.py:545} INFO - Filling up the DagBag from /home/airflow/.local/lib/python3.12/site-packages/airflow/example_dags/example_display_name.py
[2025-10-17T03:24:29.957+0000] {processor.py:840} INFO - DAG(s) 'example_display_name' retrieved from /home/airflow/.local/lib/python3.12/site-packages/airflow/example_dags/example_display_name.py
[2025-10-17T03:24:29.976+0000] {logging_mixin.py:188} INFO - [2025-10-17T03:24:29.975+0000] {dag.py:3096} INFO - Sync 1 DAGs
[2025-10-17T03:24:29.987+0000] {logging_mixin.py:188} INFO - [2025-10-17T03:24:29.987+0000] {dag.py:3954} INFO - Setting next_dagrun for example_display_name to None, run_after=None
[2025-10-17T03:24:30.005+0000] {processor.py:183} INFO - Processing /home/airflow/.local/lib/python3.12/site-packages/airflow/example_dags/example_display_name.py took 0.062 seconds
[2025-10-17T03:25:00.082+0000] {processor.py:161} INFO - Started process (PID=3529) to work on /home/airflow/.local/lib/python3.12/site-packages/airflow/example_dags/example_display_name.py
[2025-10-17T03:25:00.083+0000] {processor.py:830} INFO - Processing file /home/airflow/.local/lib/python3.12/site-packages/airflow/example_dags/example_display_name.py for tasks to queue
[2025-10-17T03:25:00.085+0000] {logging_mixin.py:188} INFO - [2025-10-17T03:25:00.084+0000] {dagbag.py:545} INFO - Filling up the DagBag from /home/airflow/.local/lib/python3.12/site-packages/airflow/example_dags/example_display_name.py
[2025-10-17T03:25:00.091+0000] {processor.py:840} INFO - DAG(s) 'example_display_name' retrieved from /home/airflow/.local/lib/python3.12/site-packages/airflow/example_dags/example_display_name.py
[2025-10-17T03:25:00.108+0000] {logging_mixin.py:188} INFO - [2025-10-17T03:25:00.108+0000] {dag.py:3096} INFO - Sync 1 DAGs
[2025-10-17T03:25:00.123+0000] {logging_mixin.py:188} INFO - [2025-10-17T03:25:00.123+0000] {dag.py:3954} INFO - Setting next_dagrun for example_display_name to None, run_after=None
[2025-10-17T03:25:00.140+0000] {processor.py:183} INFO - Processing /home/airflow/.local/lib/python3.12/site-packages/airflow/example_dags/example_display_name.py took 0.063 seconds
[2025-10-17T03:25:30.293+0000] {processor.py:161} INFO - Started process (PID=3588) to work on /home/airflow/.local/lib/python3.12/site-packages/airflow/example_dags/example_display_name.py
[2025-10-17T03:25:30.294+0000] {processor.py:830} INFO - Processing file /home/airflow/.local/lib/python3.12/site-packages/airflow/example_dags/example_display_name.py for tasks to queue
[2025-10-17T03:25:30.296+0000] {logging_mixin.py:188} INFO - [2025-10-17T03:25:30.296+0000] {dagbag.py:545} INFO - Filling up the DagBag from /home/airflow/.local/lib/python3.12/site-packages/airflow/example_dags/example_display_name.py
[2025-10-17T03:25:30.302+0000] {processor.py:840} INFO - DAG(s) 'example_display_name' retrieved from /home/airflow/.local/lib/python3.12/site-packages/airflow/example_dags/example_display_name.py
[2025-10-17T03:25:30.322+0000] {logging_mixin.py:188} INFO - [2025-10-17T03:25:30.321+0000] {dag.py:3096} INFO - Sync 1 DAGs
[2025-10-17T03:25:30.334+0000] {logging_mixin.py:188} INFO - [2025-10-17T03:25:30.333+0000] {dag.py:3954} INFO - Setting next_dagrun for example_display_name to None, run_after=None
[2025-10-17T03:25:30.354+0000] {processor.py:183} INFO - Processing /home/airflow/.local/lib/python3.12/site-packages/airflow/example_dags/example_display_name.py took 0.066 seconds
[2025-10-17T03:26:01.106+0000] {processor.py:161} INFO - Started process (PID=3647) to work on /home/airflow/.local/lib/python3.12/site-packages/airflow/example_dags/example_display_name.py
[2025-10-17T03:26:01.107+0000] {processor.py:830} INFO - Processing file /home/airflow/.local/lib/python3.12/site-packages/airflow/example_dags/example_display_name.py for tasks to queue
[2025-10-17T03:26:01.109+0000] {logging_mixin.py:188} INFO - [2025-10-17T03:26:01.109+0000] {dagbag.py:545} INFO - Filling up the DagBag from /home/airflow/.local/lib/python3.12/site-packages/airflow/example_dags/example_display_name.py
[2025-10-17T03:26:01.116+0000] {processor.py:840} INFO - DAG(s) 'example_display_name' retrieved from /home/airflow/.local/lib/python3.12/site-packages/airflow/example_dags/example_display_name.py
[2025-10-17T03:26:01.136+0000] {logging_mixin.py:188} INFO - [2025-10-17T03:26:01.135+0000] {dag.py:3096} INFO - Sync 1 DAGs
[2025-10-17T03:26:01.147+0000] {logging_mixin.py:188} INFO - [2025-10-17T03:26:01.147+0000] {dag.py:3954} INFO - Setting next_dagrun for example_display_name to None, run_after=None
[2025-10-17T03:26:01.165+0000] {processor.py:183} INFO - Processing /home/airflow/.local/lib/python3.12/site-packages/airflow/example_dags/example_display_name.py took 0.066 seconds
[2025-10-17T03:26:31.311+0000] {processor.py:161} INFO - Started process (PID=3706) to work on /home/airflow/.local/lib/python3.12/site-packages/airflow/example_dags/example_display_name.py
[2025-10-17T03:26:31.312+0000] {processor.py:830} INFO - Processing file /home/airflow/.local/lib/python3.12/site-packages/airflow/example_dags/example_display_name.py for tasks to queue
[2025-10-17T03:26:31.314+0000] {logging_mixin.py:188} INFO - [2025-10-17T03:26:31.314+0000] {dagbag.py:545} INFO - Filling up the DagBag from /home/airflow/.local/lib/python3.12/site-packages/airflow/example_dags/example_display_name.py
[2025-10-17T03:26:31.320+0000] {processor.py:840} INFO - DAG(s) 'example_display_name' retrieved from /home/airflow/.local/lib/python3.12/site-packages/airflow/example_dags/example_display_name.py
[2025-10-17T03:26:31.337+0000] {logging_mixin.py:188} INFO - [2025-10-17T03:26:31.336+0000] {dag.py:3096} INFO - Sync 1 DAGs
[2025-10-17T03:26:31.347+0000] {logging_mixin.py:188} INFO - [2025-10-17T03:26:31.347+0000] {dag.py:3954} INFO - Setting next_dagrun for example_display_name to None, run_after=None
[2025-10-17T03:26:31.364+0000] {processor.py:183} INFO - Processing /home/airflow/.local/lib/python3.12/site-packages/airflow/example_dags/example_display_name.py took 0.058 seconds
[2025-10-17T03:27:01.516+0000] {processor.py:161} INFO - Started process (PID=3765) to work on /home/airflow/.local/lib/python3.12/site-packages/airflow/example_dags/example_display_name.py
[2025-10-17T03:27:01.517+0000] {processor.py:830} INFO - Processing file /home/airflow/.local/lib/python3.12/site-packages/airflow/example_dags/example_display_name.py for tasks to queue
[2025-10-17T03:27:01.520+0000] {logging_mixin.py:188} INFO - [2025-10-17T03:27:01.519+0000] {dagbag.py:545} INFO - Filling up the DagBag from /home/airflow/.local/lib/python3.12/site-packages/airflow/example_dags/example_display_name.py
[2025-10-17T03:27:01.525+0000] {processor.py:840} INFO - DAG(s) 'example_display_name' retrieved from /home/airflow/.local/lib/python3.12/site-packages/airflow/example_dags/example_display_name.py
[2025-10-17T03:27:01.542+0000] {logging_mixin.py:188} INFO - [2025-10-17T03:27:01.542+0000] {dag.py:3096} INFO - Sync 1 DAGs
[2025-10-17T03:27:01.553+0000] {logging_mixin.py:188} INFO - [2025-10-17T03:27:01.553+0000] {dag.py:3954} INFO - Setting next_dagrun for example_display_name to None, run_after=None
[2025-10-17T03:27:01.571+0000] {processor.py:183} INFO - Processing /home/airflow/.local/lib/python3.12/site-packages/airflow/example_dags/example_display_name.py took 0.060 seconds
[2025-10-17T03:27:32.090+0000] {processor.py:161} INFO - Started process (PID=3824) to work on /home/airflow/.local/lib/python3.12/site-packages/airflow/example_dags/example_display_name.py
[2025-10-17T03:27:32.091+0000] {processor.py:830} INFO - Processing file /home/airflow/.local/lib/python3.12/site-packages/airflow/example_dags/example_display_name.py for tasks to queue
[2025-10-17T03:27:32.093+0000] {logging_mixin.py:188} INFO - [2025-10-17T03:27:32.093+0000] {dagbag.py:545} INFO - Filling up the DagBag from /home/airflow/.local/lib/python3.12/site-packages/airflow/example_dags/example_display_name.py
[2025-10-17T03:27:32.098+0000] {processor.py:840} INFO - DAG(s) 'example_display_name' retrieved from /home/airflow/.local/lib/python3.12/site-packages/airflow/example_dags/example_display_name.py
[2025-10-17T03:27:32.117+0000] {logging_mixin.py:188} INFO - [2025-10-17T03:27:32.117+0000] {dag.py:3096} INFO - Sync 1 DAGs
[2025-10-17T03:27:32.129+0000] {logging_mixin.py:188} INFO - [2025-10-17T03:27:32.128+0000] {dag.py:3954} INFO - Setting next_dagrun for example_display_name to None, run_after=None
[2025-10-17T03:27:32.148+0000] {processor.py:183} INFO - Processing /home/airflow/.local/lib/python3.12/site-packages/airflow/example_dags/example_display_name.py took 0.063 seconds
[2025-10-17T03:28:02.359+0000] {processor.py:161} INFO - Started process (PID=3883) to work on /home/airflow/.local/lib/python3.12/site-packages/airflow/example_dags/example_display_name.py
[2025-10-17T03:28:02.360+0000] {processor.py:830} INFO - Processing file /home/airflow/.local/lib/python3.12/site-packages/airflow/example_dags/example_display_name.py for tasks to queue
[2025-10-17T03:28:02.363+0000] {logging_mixin.py:188} INFO - [2025-10-17T03:28:02.362+0000] {dagbag.py:545} INFO - Filling up the DagBag from /home/airflow/.local/lib/python3.12/site-packages/airflow/example_dags/example_display_name.py
[2025-10-17T03:28:02.368+0000] {processor.py:840} INFO - DAG(s) 'example_display_name' retrieved from /home/airflow/.local/lib/python3.12/site-packages/airflow/example_dags/example_display_name.py
[2025-10-17T03:28:02.387+0000] {logging_mixin.py:188} INFO - [2025-10-17T03:28:02.387+0000] {dag.py:3096} INFO - Sync 1 DAGs
[2025-10-17T03:28:02.398+0000] {logging_mixin.py:188} INFO - [2025-10-17T03:28:02.398+0000] {dag.py:3954} INFO - Setting next_dagrun for example_display_name to None, run_after=None
[2025-10-17T03:28:02.419+0000] {processor.py:183} INFO - Processing /home/airflow/.local/lib/python3.12/site-packages/airflow/example_dags/example_display_name.py took 0.066 seconds
[2025-10-17T03:28:32.461+0000] {processor.py:161} INFO - Started process (PID=3941) to work on /home/airflow/.local/lib/python3.12/site-packages/airflow/example_dags/example_display_name.py
[2025-10-17T03:28:32.462+0000] {processor.py:830} INFO - Processing file /home/airflow/.local/lib/python3.12/site-packages/airflow/example_dags/example_display_name.py for tasks to queue
[2025-10-17T03:28:32.464+0000] {logging_mixin.py:188} INFO - [2025-10-17T03:28:32.464+0000] {dagbag.py:545} INFO - Filling up the DagBag from /home/airflow/.local/lib/python3.12/site-packages/airflow/example_dags/example_display_name.py
[2025-10-17T03:28:32.471+0000] {processor.py:840} INFO - DAG(s) 'example_display_name' retrieved from /home/airflow/.local/lib/python3.12/site-packages/airflow/example_dags/example_display_name.py
[2025-10-17T03:28:32.489+0000] {logging_mixin.py:188} INFO - [2025-10-17T03:28:32.489+0000] {dag.py:3096} INFO - Sync 1 DAGs
[2025-10-17T03:28:32.501+0000] {logging_mixin.py:188} INFO - [2025-10-17T03:28:32.501+0000] {dag.py:3954} INFO - Setting next_dagrun for example_display_name to None, run_after=None
[2025-10-17T03:28:32.520+0000] {processor.py:183} INFO - Processing /home/airflow/.local/lib/python3.12/site-packages/airflow/example_dags/example_display_name.py took 0.065 seconds
[2025-10-17T03:29:02.939+0000] {processor.py:161} INFO - Started process (PID=4001) to work on /home/airflow/.local/lib/python3.12/site-packages/airflow/example_dags/example_display_name.py
[2025-10-17T03:29:02.941+0000] {processor.py:830} INFO - Processing file /home/airflow/.local/lib/python3.12/site-packages/airflow/example_dags/example_display_name.py for tasks to queue
[2025-10-17T03:29:02.943+0000] {logging_mixin.py:188} INFO - [2025-10-17T03:29:02.943+0000] {dagbag.py:545} INFO - Filling up the DagBag from /home/airflow/.local/lib/python3.12/site-packages/airflow/example_dags/example_display_name.py
[2025-10-17T03:29:02.948+0000] {processor.py:840} INFO - DAG(s) 'example_display_name' retrieved from /home/airflow/.local/lib/python3.12/site-packages/airflow/example_dags/example_display_name.py
[2025-10-17T03:29:02.967+0000] {logging_mixin.py:188} INFO - [2025-10-17T03:29:02.967+0000] {dag.py:3096} INFO - Sync 1 DAGs
[2025-10-17T03:29:02.984+0000] {logging_mixin.py:188} INFO - [2025-10-17T03:29:02.984+0000] {dag.py:3954} INFO - Setting next_dagrun for example_display_name to None, run_after=None
[2025-10-17T03:29:03.004+0000] {processor.py:183} INFO - Processing /home/airflow/.local/lib/python3.12/site-packages/airflow/example_dags/example_display_name.py took 0.070 seconds
[2025-10-17T03:29:33.721+0000] {processor.py:161} INFO - Started process (PID=4060) to work on /home/airflow/.local/lib/python3.12/site-packages/airflow/example_dags/example_display_name.py
[2025-10-17T03:29:33.722+0000] {processor.py:830} INFO - Processing file /home/airflow/.local/lib/python3.12/site-packages/airflow/example_dags/example_display_name.py for tasks to queue
[2025-10-17T03:29:33.724+0000] {logging_mixin.py:188} INFO - [2025-10-17T03:29:33.724+0000] {dagbag.py:545} INFO - Filling up the DagBag from /home/airflow/.local/lib/python3.12/site-packages/airflow/example_dags/example_display_name.py
[2025-10-17T03:29:33.729+0000] {processor.py:840} INFO - DAG(s) 'example_display_name' retrieved from /home/airflow/.local/lib/python3.12/site-packages/airflow/example_dags/example_display_name.py
[2025-10-17T03:29:33.748+0000] {logging_mixin.py:188} INFO - [2025-10-17T03:29:33.748+0000] {dag.py:3096} INFO - Sync 1 DAGs
[2025-10-17T03:29:33.760+0000] {logging_mixin.py:188} INFO - [2025-10-17T03:29:33.759+0000] {dag.py:3954} INFO - Setting next_dagrun for example_display_name to None, run_after=None
[2025-10-17T03:29:33.778+0000] {processor.py:183} INFO - Processing /home/airflow/.local/lib/python3.12/site-packages/airflow/example_dags/example_display_name.py took 0.062 seconds
[2025-10-17T03:30:03.871+0000] {processor.py:161} INFO - Started process (PID=4119) to work on /home/airflow/.local/lib/python3.12/site-packages/airflow/example_dags/example_display_name.py
[2025-10-17T03:30:03.872+0000] {processor.py:830} INFO - Processing file /home/airflow/.local/lib/python3.12/site-packages/airflow/example_dags/example_display_name.py for tasks to queue
[2025-10-17T03:30:03.874+0000] {logging_mixin.py:188} INFO - [2025-10-17T03:30:03.874+0000] {dagbag.py:545} INFO - Filling up the DagBag from /home/airflow/.local/lib/python3.12/site-packages/airflow/example_dags/example_display_name.py
[2025-10-17T03:30:03.880+0000] {processor.py:840} INFO - DAG(s) 'example_display_name' retrieved from /home/airflow/.local/lib/python3.12/site-packages/airflow/example_dags/example_display_name.py
[2025-10-17T03:30:03.899+0000] {logging_mixin.py:188} INFO - [2025-10-17T03:30:03.899+0000] {dag.py:3096} INFO - Sync 1 DAGs
[2025-10-17T03:30:03.912+0000] {logging_mixin.py:188} INFO - [2025-10-17T03:30:03.912+0000] {dag.py:3954} INFO - Setting next_dagrun for example_display_name to None, run_after=None
[2025-10-17T03:30:03.932+0000] {processor.py:183} INFO - Processing /home/airflow/.local/lib/python3.12/site-packages/airflow/example_dags/example_display_name.py took 0.067 seconds
[2025-10-17T03:30:34.945+0000] {processor.py:161} INFO - Started process (PID=4178) to work on /home/airflow/.local/lib/python3.12/site-packages/airflow/example_dags/example_display_name.py
[2025-10-17T03:30:34.949+0000] {processor.py:830} INFO - Processing file /home/airflow/.local/lib/python3.12/site-packages/airflow/example_dags/example_display_name.py for tasks to queue
[2025-10-17T03:30:34.951+0000] {logging_mixin.py:188} INFO - [2025-10-17T03:30:34.951+0000] {dagbag.py:545} INFO - Filling up the DagBag from /home/airflow/.local/lib/python3.12/site-packages/airflow/example_dags/example_display_name.py
[2025-10-17T03:30:34.958+0000] {processor.py:840} INFO - DAG(s) 'example_display_name' retrieved from /home/airflow/.local/lib/python3.12/site-packages/airflow/example_dags/example_display_name.py
[2025-10-17T03:30:34.976+0000] {logging_mixin.py:188} INFO - [2025-10-17T03:30:34.976+0000] {dag.py:3096} INFO - Sync 1 DAGs
[2025-10-17T03:30:34.987+0000] {logging_mixin.py:188} INFO - [2025-10-17T03:30:34.987+0000] {dag.py:3954} INFO - Setting next_dagrun for example_display_name to None, run_after=None
[2025-10-17T03:30:35.004+0000] {processor.py:183} INFO - Processing /home/airflow/.local/lib/python3.12/site-packages/airflow/example_dags/example_display_name.py took 0.085 seconds
[2025-10-17T03:31:05.096+0000] {processor.py:161} INFO - Started process (PID=4237) to work on /home/airflow/.local/lib/python3.12/site-packages/airflow/example_dags/example_display_name.py
[2025-10-17T03:31:05.097+0000] {processor.py:830} INFO - Processing file /home/airflow/.local/lib/python3.12/site-packages/airflow/example_dags/example_display_name.py for tasks to queue
[2025-10-17T03:31:05.099+0000] {logging_mixin.py:188} INFO - [2025-10-17T03:31:05.099+0000] {dagbag.py:545} INFO - Filling up the DagBag from /home/airflow/.local/lib/python3.12/site-packages/airflow/example_dags/example_display_name.py
[2025-10-17T03:31:05.105+0000] {processor.py:840} INFO - DAG(s) 'example_display_name' retrieved from /home/airflow/.local/lib/python3.12/site-packages/airflow/example_dags/example_display_name.py
[2025-10-17T03:31:05.124+0000] {logging_mixin.py:188} INFO - [2025-10-17T03:31:05.124+0000] {dag.py:3096} INFO - Sync 1 DAGs
[2025-10-17T03:31:05.144+0000] {logging_mixin.py:188} INFO - [2025-10-17T03:31:05.143+0000] {dag.py:3954} INFO - Setting next_dagrun for example_display_name to None, run_after=None
[2025-10-17T03:31:05.166+0000] {processor.py:183} INFO - Processing /home/airflow/.local/lib/python3.12/site-packages/airflow/example_dags/example_display_name.py took 0.076 seconds
[2025-10-17T03:31:35.676+0000] {processor.py:161} INFO - Started process (PID=4296) to work on /home/airflow/.local/lib/python3.12/site-packages/airflow/example_dags/example_display_name.py
[2025-10-17T03:31:35.678+0000] {processor.py:830} INFO - Processing file /home/airflow/.local/lib/python3.12/site-packages/airflow/example_dags/example_display_name.py for tasks to queue
[2025-10-17T03:31:35.680+0000] {logging_mixin.py:188} INFO - [2025-10-17T03:31:35.680+0000] {dagbag.py:545} INFO - Filling up the DagBag from /home/airflow/.local/lib/python3.12/site-packages/airflow/example_dags/example_display_name.py
[2025-10-17T03:31:35.687+0000] {processor.py:840} INFO - DAG(s) 'example_display_name' retrieved from /home/airflow/.local/lib/python3.12/site-packages/airflow/example_dags/example_display_name.py
[2025-10-17T03:31:35.707+0000] {logging_mixin.py:188} INFO - [2025-10-17T03:31:35.707+0000] {dag.py:3096} INFO - Sync 1 DAGs
[2025-10-17T03:31:35.720+0000] {logging_mixin.py:188} INFO - [2025-10-17T03:31:35.719+0000] {dag.py:3954} INFO - Setting next_dagrun for example_display_name to None, run_after=None
[2025-10-17T03:31:35.741+0000] {processor.py:183} INFO - Processing /home/airflow/.local/lib/python3.12/site-packages/airflow/example_dags/example_display_name.py took 0.071 seconds
[2025-10-17T03:32:06.227+0000] {processor.py:161} INFO - Started process (PID=4355) to work on /home/airflow/.local/lib/python3.12/site-packages/airflow/example_dags/example_display_name.py
[2025-10-17T03:32:06.229+0000] {processor.py:830} INFO - Processing file /home/airflow/.local/lib/python3.12/site-packages/airflow/example_dags/example_display_name.py for tasks to queue
[2025-10-17T03:32:06.231+0000] {logging_mixin.py:188} INFO - [2025-10-17T03:32:06.230+0000] {dagbag.py:545} INFO - Filling up the DagBag from /home/airflow/.local/lib/python3.12/site-packages/airflow/example_dags/example_display_name.py
[2025-10-17T03:32:06.236+0000] {processor.py:840} INFO - DAG(s) 'example_display_name' retrieved from /home/airflow/.local/lib/python3.12/site-packages/airflow/example_dags/example_display_name.py
[2025-10-17T03:32:06.254+0000] {logging_mixin.py:188} INFO - [2025-10-17T03:32:06.253+0000] {dag.py:3096} INFO - Sync 1 DAGs
[2025-10-17T03:32:06.265+0000] {logging_mixin.py:188} INFO - [2025-10-17T03:32:06.264+0000] {dag.py:3954} INFO - Setting next_dagrun for example_display_name to None, run_after=None
[2025-10-17T03:32:06.283+0000] {processor.py:183} INFO - Processing /home/airflow/.local/lib/python3.12/site-packages/airflow/example_dags/example_display_name.py took 0.061 seconds
[2025-10-17T03:32:36.570+0000] {processor.py:161} INFO - Started process (PID=4414) to work on /home/airflow/.local/lib/python3.12/site-packages/airflow/example_dags/example_display_name.py
[2025-10-17T03:32:36.571+0000] {processor.py:830} INFO - Processing file /home/airflow/.local/lib/python3.12/site-packages/airflow/example_dags/example_display_name.py for tasks to queue
[2025-10-17T03:32:36.573+0000] {logging_mixin.py:188} INFO - [2025-10-17T03:32:36.573+0000] {dagbag.py:545} INFO - Filling up the DagBag from /home/airflow/.local/lib/python3.12/site-packages/airflow/example_dags/example_display_name.py
[2025-10-17T03:32:36.580+0000] {processor.py:840} INFO - DAG(s) 'example_display_name' retrieved from /home/airflow/.local/lib/python3.12/site-packages/airflow/example_dags/example_display_name.py
[2025-10-17T03:32:36.599+0000] {logging_mixin.py:188} INFO - [2025-10-17T03:32:36.599+0000] {dag.py:3096} INFO - Sync 1 DAGs
[2025-10-17T03:32:36.611+0000] {logging_mixin.py:188} INFO - [2025-10-17T03:32:36.611+0000] {dag.py:3954} INFO - Setting next_dagrun for example_display_name to None, run_after=None
[2025-10-17T03:32:36.629+0000] {processor.py:183} INFO - Processing /home/airflow/.local/lib/python3.12/site-packages/airflow/example_dags/example_display_name.py took 0.064 seconds
[2025-10-17T03:33:06.953+0000] {processor.py:161} INFO - Started process (PID=4473) to work on /home/airflow/.local/lib/python3.12/site-packages/airflow/example_dags/example_display_name.py
[2025-10-17T03:33:06.955+0000] {processor.py:830} INFO - Processing file /home/airflow/.local/lib/python3.12/site-packages/airflow/example_dags/example_display_name.py for tasks to queue
[2025-10-17T03:33:06.957+0000] {logging_mixin.py:188} INFO - [2025-10-17T03:33:06.956+0000] {dagbag.py:545} INFO - Filling up the DagBag from /home/airflow/.local/lib/python3.12/site-packages/airflow/example_dags/example_display_name.py
[2025-10-17T03:33:06.963+0000] {processor.py:840} INFO - DAG(s) 'example_display_name' retrieved from /home/airflow/.local/lib/python3.12/site-packages/airflow/example_dags/example_display_name.py
[2025-10-17T03:33:06.983+0000] {logging_mixin.py:188} INFO - [2025-10-17T03:33:06.983+0000] {dag.py:3096} INFO - Sync 1 DAGs
[2025-10-17T03:33:06.995+0000] {logging_mixin.py:188} INFO - [2025-10-17T03:33:06.994+0000] {dag.py:3954} INFO - Setting next_dagrun for example_display_name to None, run_after=None
[2025-10-17T03:33:07.013+0000] {processor.py:183} INFO - Processing /home/airflow/.local/lib/python3.12/site-packages/airflow/example_dags/example_display_name.py took 0.065 seconds
[2025-10-17T03:33:37.544+0000] {processor.py:161} INFO - Started process (PID=4532) to work on /home/airflow/.local/lib/python3.12/site-packages/airflow/example_dags/example_display_name.py
[2025-10-17T03:33:37.546+0000] {processor.py:830} INFO - Processing file /home/airflow/.local/lib/python3.12/site-packages/airflow/example_dags/example_display_name.py for tasks to queue
[2025-10-17T03:33:37.548+0000] {logging_mixin.py:188} INFO - [2025-10-17T03:33:37.548+0000] {dagbag.py:545} INFO - Filling up the DagBag from /home/airflow/.local/lib/python3.12/site-packages/airflow/example_dags/example_display_name.py
[2025-10-17T03:33:37.554+0000] {processor.py:840} INFO - DAG(s) 'example_display_name' retrieved from /home/airflow/.local/lib/python3.12/site-packages/airflow/example_dags/example_display_name.py
[2025-10-17T03:33:37.571+0000] {logging_mixin.py:188} INFO - [2025-10-17T03:33:37.571+0000] {dag.py:3096} INFO - Sync 1 DAGs
[2025-10-17T03:33:37.583+0000] {logging_mixin.py:188} INFO - [2025-10-17T03:33:37.583+0000] {dag.py:3954} INFO - Setting next_dagrun for example_display_name to None, run_after=None
[2025-10-17T03:33:37.602+0000] {processor.py:183} INFO - Processing /home/airflow/.local/lib/python3.12/site-packages/airflow/example_dags/example_display_name.py took 0.063 seconds
[2025-10-17T03:34:08.589+0000] {processor.py:161} INFO - Started process (PID=4591) to work on /home/airflow/.local/lib/python3.12/site-packages/airflow/example_dags/example_display_name.py
[2025-10-17T03:34:08.590+0000] {processor.py:830} INFO - Processing file /home/airflow/.local/lib/python3.12/site-packages/airflow/example_dags/example_display_name.py for tasks to queue
[2025-10-17T03:34:08.592+0000] {logging_mixin.py:188} INFO - [2025-10-17T03:34:08.591+0000] {dagbag.py:545} INFO - Filling up the DagBag from /home/airflow/.local/lib/python3.12/site-packages/airflow/example_dags/example_display_name.py
[2025-10-17T03:34:08.597+0000] {processor.py:840} INFO - DAG(s) 'example_display_name' retrieved from /home/airflow/.local/lib/python3.12/site-packages/airflow/example_dags/example_display_name.py
[2025-10-17T03:34:08.615+0000] {logging_mixin.py:188} INFO - [2025-10-17T03:34:08.615+0000] {dag.py:3096} INFO - Sync 1 DAGs
[2025-10-17T03:34:08.625+0000] {logging_mixin.py:188} INFO - [2025-10-17T03:34:08.625+0000] {dag.py:3954} INFO - Setting next_dagrun for example_display_name to None, run_after=None
[2025-10-17T03:34:08.643+0000] {processor.py:183} INFO - Processing /home/airflow/.local/lib/python3.12/site-packages/airflow/example_dags/example_display_name.py took 0.060 seconds
[2025-10-17T03:34:38.929+0000] {processor.py:161} INFO - Started process (PID=4650) to work on /home/airflow/.local/lib/python3.12/site-packages/airflow/example_dags/example_display_name.py
[2025-10-17T03:34:38.931+0000] {processor.py:830} INFO - Processing file /home/airflow/.local/lib/python3.12/site-packages/airflow/example_dags/example_display_name.py for tasks to queue
[2025-10-17T03:34:38.933+0000] {logging_mixin.py:188} INFO - [2025-10-17T03:34:38.933+0000] {dagbag.py:545} INFO - Filling up the DagBag from /home/airflow/.local/lib/python3.12/site-packages/airflow/example_dags/example_display_name.py
[2025-10-17T03:34:38.939+0000] {processor.py:840} INFO - DAG(s) 'example_display_name' retrieved from /home/airflow/.local/lib/python3.12/site-packages/airflow/example_dags/example_display_name.py
[2025-10-17T03:34:38.957+0000] {logging_mixin.py:188} INFO - [2025-10-17T03:34:38.957+0000] {dag.py:3096} INFO - Sync 1 DAGs
[2025-10-17T03:34:38.968+0000] {logging_mixin.py:188} INFO - [2025-10-17T03:34:38.968+0000] {dag.py:3954} INFO - Setting next_dagrun for example_display_name to None, run_after=None
[2025-10-17T03:34:38.987+0000] {processor.py:183} INFO - Processing /home/airflow/.local/lib/python3.12/site-packages/airflow/example_dags/example_display_name.py took 0.065 seconds
[2025-10-17T03:35:09.390+0000] {processor.py:161} INFO - Started process (PID=4709) to work on /home/airflow/.local/lib/python3.12/site-packages/airflow/example_dags/example_display_name.py
[2025-10-17T03:35:09.391+0000] {processor.py:830} INFO - Processing file /home/airflow/.local/lib/python3.12/site-packages/airflow/example_dags/example_display_name.py for tasks to queue
[2025-10-17T03:35:09.393+0000] {logging_mixin.py:188} INFO - [2025-10-17T03:35:09.393+0000] {dagbag.py:545} INFO - Filling up the DagBag from /home/airflow/.local/lib/python3.12/site-packages/airflow/example_dags/example_display_name.py
[2025-10-17T03:35:09.399+0000] {processor.py:840} INFO - DAG(s) 'example_display_name' retrieved from /home/airflow/.local/lib/python3.12/site-packages/airflow/example_dags/example_display_name.py
[2025-10-17T03:35:09.417+0000] {logging_mixin.py:188} INFO - [2025-10-17T03:35:09.417+0000] {dag.py:3096} INFO - Sync 1 DAGs
[2025-10-17T03:35:09.428+0000] {logging_mixin.py:188} INFO - [2025-10-17T03:35:09.427+0000] {dag.py:3954} INFO - Setting next_dagrun for example_display_name to None, run_after=None
[2025-10-17T03:35:09.448+0000] {processor.py:183} INFO - Processing /home/airflow/.local/lib/python3.12/site-packages/airflow/example_dags/example_display_name.py took 0.063 seconds
[2025-10-17T03:35:39.526+0000] {processor.py:161} INFO - Started process (PID=4768) to work on /home/airflow/.local/lib/python3.12/site-packages/airflow/example_dags/example_display_name.py
[2025-10-17T03:35:39.527+0000] {processor.py:830} INFO - Processing file /home/airflow/.local/lib/python3.12/site-packages/airflow/example_dags/example_display_name.py for tasks to queue
[2025-10-17T03:35:39.528+0000] {logging_mixin.py:188} INFO - [2025-10-17T03:35:39.528+0000] {dagbag.py:545} INFO - Filling up the DagBag from /home/airflow/.local/lib/python3.12/site-packages/airflow/example_dags/example_display_name.py
[2025-10-17T03:35:39.534+0000] {processor.py:840} INFO - DAG(s) 'example_display_name' retrieved from /home/airflow/.local/lib/python3.12/site-packages/airflow/example_dags/example_display_name.py
[2025-10-17T03:35:39.551+0000] {logging_mixin.py:188} INFO - [2025-10-17T03:35:39.550+0000] {dag.py:3096} INFO - Sync 1 DAGs
[2025-10-17T03:35:39.561+0000] {logging_mixin.py:188} INFO - [2025-10-17T03:35:39.561+0000] {dag.py:3954} INFO - Setting next_dagrun for example_display_name to None, run_after=None
[2025-10-17T03:35:39.597+0000] {processor.py:183} INFO - Processing /home/airflow/.local/lib/python3.12/site-packages/airflow/example_dags/example_display_name.py took 0.076 seconds
[2025-10-17T03:36:10.218+0000] {processor.py:161} INFO - Started process (PID=4827) to work on /home/airflow/.local/lib/python3.12/site-packages/airflow/example_dags/example_display_name.py
[2025-10-17T03:36:10.219+0000] {processor.py:830} INFO - Processing file /home/airflow/.local/lib/python3.12/site-packages/airflow/example_dags/example_display_name.py for tasks to queue
[2025-10-17T03:36:10.222+0000] {logging_mixin.py:188} INFO - [2025-10-17T03:36:10.222+0000] {dagbag.py:545} INFO - Filling up the DagBag from /home/airflow/.local/lib/python3.12/site-packages/airflow/example_dags/example_display_name.py
[2025-10-17T03:36:10.229+0000] {processor.py:840} INFO - DAG(s) 'example_display_name' retrieved from /home/airflow/.local/lib/python3.12/site-packages/airflow/example_dags/example_display_name.py
[2025-10-17T03:36:10.252+0000] {logging_mixin.py:188} INFO - [2025-10-17T03:36:10.252+0000] {dag.py:3096} INFO - Sync 1 DAGs
[2025-10-17T03:36:10.267+0000] {logging_mixin.py:188} INFO - [2025-10-17T03:36:10.267+0000] {dag.py:3954} INFO - Setting next_dagrun for example_display_name to None, run_after=None
[2025-10-17T03:36:10.298+0000] {processor.py:183} INFO - Processing /home/airflow/.local/lib/python3.12/site-packages/airflow/example_dags/example_display_name.py took 0.091 seconds
[2025-10-17T03:36:40.465+0000] {processor.py:161} INFO - Started process (PID=4886) to work on /home/airflow/.local/lib/python3.12/site-packages/airflow/example_dags/example_display_name.py
[2025-10-17T03:36:40.466+0000] {processor.py:830} INFO - Processing file /home/airflow/.local/lib/python3.12/site-packages/airflow/example_dags/example_display_name.py for tasks to queue
[2025-10-17T03:36:40.468+0000] {logging_mixin.py:188} INFO - [2025-10-17T03:36:40.468+0000] {dagbag.py:545} INFO - Filling up the DagBag from /home/airflow/.local/lib/python3.12/site-packages/airflow/example_dags/example_display_name.py
[2025-10-17T03:36:40.475+0000] {processor.py:840} INFO - DAG(s) 'example_display_name' retrieved from /home/airflow/.local/lib/python3.12/site-packages/airflow/example_dags/example_display_name.py
[2025-10-17T03:36:40.494+0000] {logging_mixin.py:188} INFO - [2025-10-17T03:36:40.494+0000] {dag.py:3096} INFO - Sync 1 DAGs
[2025-10-17T03:36:40.508+0000] {logging_mixin.py:188} INFO - [2025-10-17T03:36:40.508+0000] {dag.py:3954} INFO - Setting next_dagrun for example_display_name to None, run_after=None
[2025-10-17T03:36:40.526+0000] {processor.py:183} INFO - Processing /home/airflow/.local/lib/python3.12/site-packages/airflow/example_dags/example_display_name.py took 0.070 seconds
[2025-10-17T03:37:10.849+0000] {processor.py:161} INFO - Started process (PID=4946) to work on /home/airflow/.local/lib/python3.12/site-packages/airflow/example_dags/example_display_name.py
[2025-10-17T03:37:10.850+0000] {processor.py:830} INFO - Processing file /home/airflow/.local/lib/python3.12/site-packages/airflow/example_dags/example_display_name.py for tasks to queue
[2025-10-17T03:37:10.853+0000] {logging_mixin.py:188} INFO - [2025-10-17T03:37:10.852+0000] {dagbag.py:545} INFO - Filling up the DagBag from /home/airflow/.local/lib/python3.12/site-packages/airflow/example_dags/example_display_name.py
[2025-10-17T03:37:10.859+0000] {processor.py:840} INFO - DAG(s) 'example_display_name' retrieved from /home/airflow/.local/lib/python3.12/site-packages/airflow/example_dags/example_display_name.py
[2025-10-17T03:37:10.878+0000] {logging_mixin.py:188} INFO - [2025-10-17T03:37:10.878+0000] {dag.py:3096} INFO - Sync 1 DAGs
[2025-10-17T03:37:10.890+0000] {logging_mixin.py:188} INFO - [2025-10-17T03:37:10.890+0000] {dag.py:3954} INFO - Setting next_dagrun for example_display_name to None, run_after=None
[2025-10-17T03:37:10.909+0000] {processor.py:183} INFO - Processing /home/airflow/.local/lib/python3.12/site-packages/airflow/example_dags/example_display_name.py took 0.066 seconds
[2025-10-17T03:37:41.603+0000] {processor.py:161} INFO - Started process (PID=5004) to work on /home/airflow/.local/lib/python3.12/site-packages/airflow/example_dags/example_display_name.py
[2025-10-17T03:37:41.604+0000] {processor.py:830} INFO - Processing file /home/airflow/.local/lib/python3.12/site-packages/airflow/example_dags/example_display_name.py for tasks to queue
[2025-10-17T03:37:41.607+0000] {logging_mixin.py:188} INFO - [2025-10-17T03:37:41.606+0000] {dagbag.py:545} INFO - Filling up the DagBag from /home/airflow/.local/lib/python3.12/site-packages/airflow/example_dags/example_display_name.py
[2025-10-17T03:37:41.612+0000] {processor.py:840} INFO - DAG(s) 'example_display_name' retrieved from /home/airflow/.local/lib/python3.12/site-packages/airflow/example_dags/example_display_name.py
[2025-10-17T03:37:41.632+0000] {logging_mixin.py:188} INFO - [2025-10-17T03:37:41.632+0000] {dag.py:3096} INFO - Sync 1 DAGs
[2025-10-17T03:37:41.646+0000] {logging_mixin.py:188} INFO - [2025-10-17T03:37:41.646+0000] {dag.py:3954} INFO - Setting next_dagrun for example_display_name to None, run_after=None
[2025-10-17T03:37:41.666+0000] {processor.py:183} INFO - Processing /home/airflow/.local/lib/python3.12/site-packages/airflow/example_dags/example_display_name.py took 0.068 seconds
[2025-10-17T03:38:11.920+0000] {processor.py:161} INFO - Started process (PID=5063) to work on /home/airflow/.local/lib/python3.12/site-packages/airflow/example_dags/example_display_name.py
[2025-10-17T03:38:11.921+0000] {processor.py:830} INFO - Processing file /home/airflow/.local/lib/python3.12/site-packages/airflow/example_dags/example_display_name.py for tasks to queue
[2025-10-17T03:38:11.923+0000] {logging_mixin.py:188} INFO - [2025-10-17T03:38:11.922+0000] {dagbag.py:545} INFO - Filling up the DagBag from /home/airflow/.local/lib/python3.12/site-packages/airflow/example_dags/example_display_name.py
[2025-10-17T03:38:11.928+0000] {processor.py:840} INFO - DAG(s) 'example_display_name' retrieved from /home/airflow/.local/lib/python3.12/site-packages/airflow/example_dags/example_display_name.py
[2025-10-17T03:38:11.944+0000] {logging_mixin.py:188} INFO - [2025-10-17T03:38:11.944+0000] {dag.py:3096} INFO - Sync 1 DAGs
[2025-10-17T03:38:11.955+0000] {logging_mixin.py:188} INFO - [2025-10-17T03:38:11.955+0000] {dag.py:3954} INFO - Setting next_dagrun for example_display_name to None, run_after=None
[2025-10-17T03:38:11.973+0000] {processor.py:183} INFO - Processing /home/airflow/.local/lib/python3.12/site-packages/airflow/example_dags/example_display_name.py took 0.058 seconds
[2025-10-17T03:38:42.572+0000] {processor.py:161} INFO - Started process (PID=5122) to work on /home/airflow/.local/lib/python3.12/site-packages/airflow/example_dags/example_display_name.py
[2025-10-17T03:38:42.573+0000] {processor.py:830} INFO - Processing file /home/airflow/.local/lib/python3.12/site-packages/airflow/example_dags/example_display_name.py for tasks to queue
[2025-10-17T03:38:42.576+0000] {logging_mixin.py:188} INFO - [2025-10-17T03:38:42.575+0000] {dagbag.py:545} INFO - Filling up the DagBag from /home/airflow/.local/lib/python3.12/site-packages/airflow/example_dags/example_display_name.py
[2025-10-17T03:38:42.581+0000] {processor.py:840} INFO - DAG(s) 'example_display_name' retrieved from /home/airflow/.local/lib/python3.12/site-packages/airflow/example_dags/example_display_name.py
[2025-10-17T03:38:42.601+0000] {logging_mixin.py:188} INFO - [2025-10-17T03:38:42.601+0000] {dag.py:3096} INFO - Sync 1 DAGs
[2025-10-17T03:38:42.613+0000] {logging_mixin.py:188} INFO - [2025-10-17T03:38:42.613+0000] {dag.py:3954} INFO - Setting next_dagrun for example_display_name to None, run_after=None
[2025-10-17T03:38:42.633+0000] {processor.py:183} INFO - Processing /home/airflow/.local/lib/python3.12/site-packages/airflow/example_dags/example_display_name.py took 0.068 seconds
[2025-10-17T03:39:12.817+0000] {processor.py:161} INFO - Started process (PID=5181) to work on /home/airflow/.local/lib/python3.12/site-packages/airflow/example_dags/example_display_name.py
[2025-10-17T03:39:12.819+0000] {processor.py:830} INFO - Processing file /home/airflow/.local/lib/python3.12/site-packages/airflow/example_dags/example_display_name.py for tasks to queue
[2025-10-17T03:39:12.821+0000] {logging_mixin.py:188} INFO - [2025-10-17T03:39:12.820+0000] {dagbag.py:545} INFO - Filling up the DagBag from /home/airflow/.local/lib/python3.12/site-packages/airflow/example_dags/example_display_name.py
[2025-10-17T03:39:12.826+0000] {processor.py:840} INFO - DAG(s) 'example_display_name' retrieved from /home/airflow/.local/lib/python3.12/site-packages/airflow/example_dags/example_display_name.py
[2025-10-17T03:39:12.846+0000] {logging_mixin.py:188} INFO - [2025-10-17T03:39:12.846+0000] {dag.py:3096} INFO - Sync 1 DAGs
[2025-10-17T03:39:12.858+0000] {logging_mixin.py:188} INFO - [2025-10-17T03:39:12.857+0000] {dag.py:3954} INFO - Setting next_dagrun for example_display_name to None, run_after=None
[2025-10-17T03:39:12.882+0000] {processor.py:183} INFO - Processing /home/airflow/.local/lib/python3.12/site-packages/airflow/example_dags/example_display_name.py took 0.070 seconds
[2025-10-17T03:39:43.180+0000] {processor.py:161} INFO - Started process (PID=5240) to work on /home/airflow/.local/lib/python3.12/site-packages/airflow/example_dags/example_display_name.py
[2025-10-17T03:39:43.181+0000] {processor.py:830} INFO - Processing file /home/airflow/.local/lib/python3.12/site-packages/airflow/example_dags/example_display_name.py for tasks to queue
[2025-10-17T03:39:43.183+0000] {logging_mixin.py:188} INFO - [2025-10-17T03:39:43.183+0000] {dagbag.py:545} INFO - Filling up the DagBag from /home/airflow/.local/lib/python3.12/site-packages/airflow/example_dags/example_display_name.py
[2025-10-17T03:39:43.189+0000] {processor.py:840} INFO - DAG(s) 'example_display_name' retrieved from /home/airflow/.local/lib/python3.12/site-packages/airflow/example_dags/example_display_name.py
[2025-10-17T03:39:43.208+0000] {logging_mixin.py:188} INFO - [2025-10-17T03:39:43.208+0000] {dag.py:3096} INFO - Sync 1 DAGs
[2025-10-17T03:39:43.221+0000] {logging_mixin.py:188} INFO - [2025-10-17T03:39:43.221+0000] {dag.py:3954} INFO - Setting next_dagrun for example_display_name to None, run_after=None
[2025-10-17T03:39:43.243+0000] {processor.py:183} INFO - Processing /home/airflow/.local/lib/python3.12/site-packages/airflow/example_dags/example_display_name.py took 0.068 seconds
[2025-10-17T03:40:13.301+0000] {processor.py:161} INFO - Started process (PID=5299) to work on /home/airflow/.local/lib/python3.12/site-packages/airflow/example_dags/example_display_name.py
[2025-10-17T03:40:13.302+0000] {processor.py:830} INFO - Processing file /home/airflow/.local/lib/python3.12/site-packages/airflow/example_dags/example_display_name.py for tasks to queue
[2025-10-17T03:40:13.304+0000] {logging_mixin.py:188} INFO - [2025-10-17T03:40:13.304+0000] {dagbag.py:545} INFO - Filling up the DagBag from /home/airflow/.local/lib/python3.12/site-packages/airflow/example_dags/example_display_name.py
[2025-10-17T03:40:13.310+0000] {processor.py:840} INFO - DAG(s) 'example_display_name' retrieved from /home/airflow/.local/lib/python3.12/site-packages/airflow/example_dags/example_display_name.py
[2025-10-17T03:40:13.330+0000] {logging_mixin.py:188} INFO - [2025-10-17T03:40:13.330+0000] {dag.py:3096} INFO - Sync 1 DAGs
[2025-10-17T03:40:13.346+0000] {logging_mixin.py:188} INFO - [2025-10-17T03:40:13.346+0000] {dag.py:3954} INFO - Setting next_dagrun for example_display_name to None, run_after=None
[2025-10-17T03:40:13.366+0000] {processor.py:183} INFO - Processing /home/airflow/.local/lib/python3.12/site-packages/airflow/example_dags/example_display_name.py took 0.070 seconds
[2025-10-17T03:40:43.745+0000] {processor.py:161} INFO - Started process (PID=5358) to work on /home/airflow/.local/lib/python3.12/site-packages/airflow/example_dags/example_display_name.py
[2025-10-17T03:40:43.746+0000] {processor.py:830} INFO - Processing file /home/airflow/.local/lib/python3.12/site-packages/airflow/example_dags/example_display_name.py for tasks to queue
[2025-10-17T03:40:43.748+0000] {logging_mixin.py:188} INFO - [2025-10-17T03:40:43.748+0000] {dagbag.py:545} INFO - Filling up the DagBag from /home/airflow/.local/lib/python3.12/site-packages/airflow/example_dags/example_display_name.py
[2025-10-17T03:40:43.754+0000] {processor.py:840} INFO - DAG(s) 'example_display_name' retrieved from /home/airflow/.local/lib/python3.12/site-packages/airflow/example_dags/example_display_name.py
[2025-10-17T03:40:43.772+0000] {logging_mixin.py:188} INFO - [2025-10-17T03:40:43.772+0000] {dag.py:3096} INFO - Sync 1 DAGs
[2025-10-17T03:40:43.783+0000] {logging_mixin.py:188} INFO - [2025-10-17T03:40:43.783+0000] {dag.py:3954} INFO - Setting next_dagrun for example_display_name to None, run_after=None
[2025-10-17T03:40:43.801+0000] {processor.py:183} INFO - Processing /home/airflow/.local/lib/python3.12/site-packages/airflow/example_dags/example_display_name.py took 0.062 seconds
[2025-10-17T03:41:14.302+0000] {processor.py:161} INFO - Started process (PID=5415) to work on /home/airflow/.local/lib/python3.12/site-packages/airflow/example_dags/example_display_name.py
[2025-10-17T03:41:14.303+0000] {processor.py:830} INFO - Processing file /home/airflow/.local/lib/python3.12/site-packages/airflow/example_dags/example_display_name.py for tasks to queue
[2025-10-17T03:41:14.305+0000] {logging_mixin.py:188} INFO - [2025-10-17T03:41:14.304+0000] {dagbag.py:545} INFO - Filling up the DagBag from /home/airflow/.local/lib/python3.12/site-packages/airflow/example_dags/example_display_name.py
[2025-10-17T03:41:14.310+0000] {processor.py:840} INFO - DAG(s) 'example_display_name' retrieved from /home/airflow/.local/lib/python3.12/site-packages/airflow/example_dags/example_display_name.py
[2025-10-17T03:41:14.327+0000] {logging_mixin.py:188} INFO - [2025-10-17T03:41:14.327+0000] {dag.py:3096} INFO - Sync 1 DAGs
[2025-10-17T03:41:14.341+0000] {logging_mixin.py:188} INFO - [2025-10-17T03:41:14.340+0000] {dag.py:3954} INFO - Setting next_dagrun for example_display_name to None, run_after=None
[2025-10-17T03:41:14.359+0000] {processor.py:183} INFO - Processing /home/airflow/.local/lib/python3.12/site-packages/airflow/example_dags/example_display_name.py took 0.062 seconds
[2025-10-17T03:41:45.002+0000] {processor.py:161} INFO - Started process (PID=5474) to work on /home/airflow/.local/lib/python3.12/site-packages/airflow/example_dags/example_display_name.py
[2025-10-17T03:41:45.003+0000] {processor.py:830} INFO - Processing file /home/airflow/.local/lib/python3.12/site-packages/airflow/example_dags/example_display_name.py for tasks to queue
[2025-10-17T03:41:45.005+0000] {logging_mixin.py:188} INFO - [2025-10-17T03:41:45.004+0000] {dagbag.py:545} INFO - Filling up the DagBag from /home/airflow/.local/lib/python3.12/site-packages/airflow/example_dags/example_display_name.py
[2025-10-17T03:41:45.011+0000] {processor.py:840} INFO - DAG(s) 'example_display_name' retrieved from /home/airflow/.local/lib/python3.12/site-packages/airflow/example_dags/example_display_name.py
[2025-10-17T03:41:45.028+0000] {logging_mixin.py:188} INFO - [2025-10-17T03:41:45.027+0000] {dag.py:3096} INFO - Sync 1 DAGs
[2025-10-17T03:41:45.038+0000] {logging_mixin.py:188} INFO - [2025-10-17T03:41:45.038+0000] {dag.py:3954} INFO - Setting next_dagrun for example_display_name to None, run_after=None
[2025-10-17T03:41:45.056+0000] {processor.py:183} INFO - Processing /home/airflow/.local/lib/python3.12/site-packages/airflow/example_dags/example_display_name.py took 0.060 seconds
[2025-10-17T03:42:15.144+0000] {processor.py:161} INFO - Started process (PID=5533) to work on /home/airflow/.local/lib/python3.12/site-packages/airflow/example_dags/example_display_name.py
[2025-10-17T03:42:15.145+0000] {processor.py:830} INFO - Processing file /home/airflow/.local/lib/python3.12/site-packages/airflow/example_dags/example_display_name.py for tasks to queue
[2025-10-17T03:42:15.147+0000] {logging_mixin.py:188} INFO - [2025-10-17T03:42:15.147+0000] {dagbag.py:545} INFO - Filling up the DagBag from /home/airflow/.local/lib/python3.12/site-packages/airflow/example_dags/example_display_name.py
[2025-10-17T03:42:15.153+0000] {processor.py:840} INFO - DAG(s) 'example_display_name' retrieved from /home/airflow/.local/lib/python3.12/site-packages/airflow/example_dags/example_display_name.py
[2025-10-17T03:42:15.168+0000] {logging_mixin.py:188} INFO - [2025-10-17T03:42:15.168+0000] {dag.py:3096} INFO - Sync 1 DAGs
[2025-10-17T03:42:15.179+0000] {logging_mixin.py:188} INFO - [2025-10-17T03:42:15.179+0000] {dag.py:3954} INFO - Setting next_dagrun for example_display_name to None, run_after=None
[2025-10-17T03:42:15.196+0000] {processor.py:183} INFO - Processing /home/airflow/.local/lib/python3.12/site-packages/airflow/example_dags/example_display_name.py took 0.058 seconds
[2025-10-17T03:42:45.516+0000] {processor.py:161} INFO - Started process (PID=5592) to work on /home/airflow/.local/lib/python3.12/site-packages/airflow/example_dags/example_display_name.py
[2025-10-17T03:42:45.517+0000] {processor.py:830} INFO - Processing file /home/airflow/.local/lib/python3.12/site-packages/airflow/example_dags/example_display_name.py for tasks to queue
[2025-10-17T03:42:45.519+0000] {logging_mixin.py:188} INFO - [2025-10-17T03:42:45.518+0000] {dagbag.py:545} INFO - Filling up the DagBag from /home/airflow/.local/lib/python3.12/site-packages/airflow/example_dags/example_display_name.py
[2025-10-17T03:42:45.524+0000] {processor.py:840} INFO - DAG(s) 'example_display_name' retrieved from /home/airflow/.local/lib/python3.12/site-packages/airflow/example_dags/example_display_name.py
[2025-10-17T03:42:45.541+0000] {logging_mixin.py:188} INFO - [2025-10-17T03:42:45.540+0000] {dag.py:3096} INFO - Sync 1 DAGs
[2025-10-17T03:42:45.552+0000] {logging_mixin.py:188} INFO - [2025-10-17T03:42:45.551+0000] {dag.py:3954} INFO - Setting next_dagrun for example_display_name to None, run_after=None
[2025-10-17T03:42:45.568+0000] {processor.py:183} INFO - Processing /home/airflow/.local/lib/python3.12/site-packages/airflow/example_dags/example_display_name.py took 0.057 seconds
[2025-10-17T03:43:15.928+0000] {processor.py:161} INFO - Started process (PID=5651) to work on /home/airflow/.local/lib/python3.12/site-packages/airflow/example_dags/example_display_name.py
[2025-10-17T03:43:15.929+0000] {processor.py:830} INFO - Processing file /home/airflow/.local/lib/python3.12/site-packages/airflow/example_dags/example_display_name.py for tasks to queue
[2025-10-17T03:43:15.931+0000] {logging_mixin.py:188} INFO - [2025-10-17T03:43:15.930+0000] {dagbag.py:545} INFO - Filling up the DagBag from /home/airflow/.local/lib/python3.12/site-packages/airflow/example_dags/example_display_name.py
[2025-10-17T03:43:15.937+0000] {processor.py:840} INFO - DAG(s) 'example_display_name' retrieved from /home/airflow/.local/lib/python3.12/site-packages/airflow/example_dags/example_display_name.py
[2025-10-17T03:43:15.954+0000] {logging_mixin.py:188} INFO - [2025-10-17T03:43:15.954+0000] {dag.py:3096} INFO - Sync 1 DAGs
[2025-10-17T03:43:15.964+0000] {logging_mixin.py:188} INFO - [2025-10-17T03:43:15.964+0000] {dag.py:3954} INFO - Setting next_dagrun for example_display_name to None, run_after=None
[2025-10-17T03:43:15.981+0000] {processor.py:183} INFO - Processing /home/airflow/.local/lib/python3.12/site-packages/airflow/example_dags/example_display_name.py took 0.058 seconds
[2025-10-17T03:43:46.206+0000] {processor.py:161} INFO - Started process (PID=5710) to work on /home/airflow/.local/lib/python3.12/site-packages/airflow/example_dags/example_display_name.py
[2025-10-17T03:43:46.207+0000] {processor.py:830} INFO - Processing file /home/airflow/.local/lib/python3.12/site-packages/airflow/example_dags/example_display_name.py for tasks to queue
[2025-10-17T03:43:46.209+0000] {logging_mixin.py:188} INFO - [2025-10-17T03:43:46.209+0000] {dagbag.py:545} INFO - Filling up the DagBag from /home/airflow/.local/lib/python3.12/site-packages/airflow/example_dags/example_display_name.py
[2025-10-17T03:43:46.214+0000] {processor.py:840} INFO - DAG(s) 'example_display_name' retrieved from /home/airflow/.local/lib/python3.12/site-packages/airflow/example_dags/example_display_name.py
[2025-10-17T03:43:46.231+0000] {logging_mixin.py:188} INFO - [2025-10-17T03:43:46.231+0000] {dag.py:3096} INFO - Sync 1 DAGs
[2025-10-17T03:43:46.244+0000] {logging_mixin.py:188} INFO - [2025-10-17T03:43:46.244+0000] {dag.py:3954} INFO - Setting next_dagrun for example_display_name to None, run_after=None
[2025-10-17T03:43:46.263+0000] {processor.py:183} INFO - Processing /home/airflow/.local/lib/python3.12/site-packages/airflow/example_dags/example_display_name.py took 0.063 seconds
[2025-10-17T03:44:16.988+0000] {processor.py:161} INFO - Started process (PID=5769) to work on /home/airflow/.local/lib/python3.12/site-packages/airflow/example_dags/example_display_name.py
[2025-10-17T03:44:16.989+0000] {processor.py:830} INFO - Processing file /home/airflow/.local/lib/python3.12/site-packages/airflow/example_dags/example_display_name.py for tasks to queue
[2025-10-17T03:44:16.991+0000] {logging_mixin.py:188} INFO - [2025-10-17T03:44:16.991+0000] {dagbag.py:545} INFO - Filling up the DagBag from /home/airflow/.local/lib/python3.12/site-packages/airflow/example_dags/example_display_name.py
[2025-10-17T03:44:16.997+0000] {processor.py:840} INFO - DAG(s) 'example_display_name' retrieved from /home/airflow/.local/lib/python3.12/site-packages/airflow/example_dags/example_display_name.py
[2025-10-17T03:44:17.015+0000] {logging_mixin.py:188} INFO - [2025-10-17T03:44:17.014+0000] {dag.py:3096} INFO - Sync 1 DAGs
[2025-10-17T03:44:17.026+0000] {logging_mixin.py:188} INFO - [2025-10-17T03:44:17.025+0000] {dag.py:3954} INFO - Setting next_dagrun for example_display_name to None, run_after=None
[2025-10-17T03:44:17.041+0000] {processor.py:183} INFO - Processing /home/airflow/.local/lib/python3.12/site-packages/airflow/example_dags/example_display_name.py took 0.058 seconds
[2025-10-17T03:44:47.491+0000] {processor.py:161} INFO - Started process (PID=5829) to work on /home/airflow/.local/lib/python3.12/site-packages/airflow/example_dags/example_display_name.py
[2025-10-17T03:44:47.492+0000] {processor.py:830} INFO - Processing file /home/airflow/.local/lib/python3.12/site-packages/airflow/example_dags/example_display_name.py for tasks to queue
[2025-10-17T03:44:47.494+0000] {logging_mixin.py:188} INFO - [2025-10-17T03:44:47.494+0000] {dagbag.py:545} INFO - Filling up the DagBag from /home/airflow/.local/lib/python3.12/site-packages/airflow/example_dags/example_display_name.py
[2025-10-17T03:44:47.499+0000] {processor.py:840} INFO - DAG(s) 'example_display_name' retrieved from /home/airflow/.local/lib/python3.12/site-packages/airflow/example_dags/example_display_name.py
[2025-10-17T03:44:47.517+0000] {logging_mixin.py:188} INFO - [2025-10-17T03:44:47.517+0000] {dag.py:3096} INFO - Sync 1 DAGs
[2025-10-17T03:44:47.528+0000] {logging_mixin.py:188} INFO - [2025-10-17T03:44:47.528+0000] {dag.py:3954} INFO - Setting next_dagrun for example_display_name to None, run_after=None
[2025-10-17T03:44:47.546+0000] {processor.py:183} INFO - Processing /home/airflow/.local/lib/python3.12/site-packages/airflow/example_dags/example_display_name.py took 0.060 seconds
[2025-10-17T03:45:18.262+0000] {processor.py:161} INFO - Started process (PID=5888) to work on /home/airflow/.local/lib/python3.12/site-packages/airflow/example_dags/example_display_name.py
[2025-10-17T03:45:18.263+0000] {processor.py:830} INFO - Processing file /home/airflow/.local/lib/python3.12/site-packages/airflow/example_dags/example_display_name.py for tasks to queue
[2025-10-17T03:45:18.265+0000] {logging_mixin.py:188} INFO - [2025-10-17T03:45:18.265+0000] {dagbag.py:545} INFO - Filling up the DagBag from /home/airflow/.local/lib/python3.12/site-packages/airflow/example_dags/example_display_name.py
[2025-10-17T03:45:18.271+0000] {processor.py:840} INFO - DAG(s) 'example_display_name' retrieved from /home/airflow/.local/lib/python3.12/site-packages/airflow/example_dags/example_display_name.py
[2025-10-17T03:45:18.289+0000] {logging_mixin.py:188} INFO - [2025-10-17T03:45:18.289+0000] {dag.py:3096} INFO - Sync 1 DAGs
[2025-10-17T03:45:18.301+0000] {logging_mixin.py:188} INFO - [2025-10-17T03:45:18.301+0000] {dag.py:3954} INFO - Setting next_dagrun for example_display_name to None, run_after=None
[2025-10-17T03:45:18.318+0000] {processor.py:183} INFO - Processing /home/airflow/.local/lib/python3.12/site-packages/airflow/example_dags/example_display_name.py took 0.061 seconds
[2025-10-17T03:45:48.478+0000] {processor.py:161} INFO - Started process (PID=5947) to work on /home/airflow/.local/lib/python3.12/site-packages/airflow/example_dags/example_display_name.py
[2025-10-17T03:45:48.479+0000] {processor.py:830} INFO - Processing file /home/airflow/.local/lib/python3.12/site-packages/airflow/example_dags/example_display_name.py for tasks to queue
[2025-10-17T03:45:48.481+0000] {logging_mixin.py:188} INFO - [2025-10-17T03:45:48.481+0000] {dagbag.py:545} INFO - Filling up the DagBag from /home/airflow/.local/lib/python3.12/site-packages/airflow/example_dags/example_display_name.py
[2025-10-17T03:45:48.487+0000] {processor.py:840} INFO - DAG(s) 'example_display_name' retrieved from /home/airflow/.local/lib/python3.12/site-packages/airflow/example_dags/example_display_name.py
[2025-10-17T03:45:48.504+0000] {logging_mixin.py:188} INFO - [2025-10-17T03:45:48.504+0000] {dag.py:3096} INFO - Sync 1 DAGs
[2025-10-17T03:45:48.514+0000] {logging_mixin.py:188} INFO - [2025-10-17T03:45:48.514+0000] {dag.py:3954} INFO - Setting next_dagrun for example_display_name to None, run_after=None
[2025-10-17T03:45:48.530+0000] {processor.py:183} INFO - Processing /home/airflow/.local/lib/python3.12/site-packages/airflow/example_dags/example_display_name.py took 0.057 seconds
[2025-10-17T03:46:18.904+0000] {processor.py:161} INFO - Started process (PID=6012) to work on /home/airflow/.local/lib/python3.12/site-packages/airflow/example_dags/example_display_name.py
[2025-10-17T03:46:18.906+0000] {processor.py:830} INFO - Processing file /home/airflow/.local/lib/python3.12/site-packages/airflow/example_dags/example_display_name.py for tasks to queue
[2025-10-17T03:46:18.908+0000] {logging_mixin.py:188} INFO - [2025-10-17T03:46:18.908+0000] {dagbag.py:545} INFO - Filling up the DagBag from /home/airflow/.local/lib/python3.12/site-packages/airflow/example_dags/example_display_name.py
[2025-10-17T03:46:18.915+0000] {processor.py:840} INFO - DAG(s) 'example_display_name' retrieved from /home/airflow/.local/lib/python3.12/site-packages/airflow/example_dags/example_display_name.py
[2025-10-17T03:46:18.934+0000] {logging_mixin.py:188} INFO - [2025-10-17T03:46:18.934+0000] {dag.py:3096} INFO - Sync 1 DAGs
[2025-10-17T03:46:18.946+0000] {logging_mixin.py:188} INFO - [2025-10-17T03:46:18.946+0000] {dag.py:3954} INFO - Setting next_dagrun for example_display_name to None, run_after=None
[2025-10-17T03:46:18.966+0000] {processor.py:183} INFO - Processing /home/airflow/.local/lib/python3.12/site-packages/airflow/example_dags/example_display_name.py took 0.069 seconds
[2025-10-17T03:46:49.527+0000] {processor.py:161} INFO - Started process (PID=6071) to work on /home/airflow/.local/lib/python3.12/site-packages/airflow/example_dags/example_display_name.py
[2025-10-17T03:46:49.528+0000] {processor.py:830} INFO - Processing file /home/airflow/.local/lib/python3.12/site-packages/airflow/example_dags/example_display_name.py for tasks to queue
[2025-10-17T03:46:49.530+0000] {logging_mixin.py:188} INFO - [2025-10-17T03:46:49.529+0000] {dagbag.py:545} INFO - Filling up the DagBag from /home/airflow/.local/lib/python3.12/site-packages/airflow/example_dags/example_display_name.py
[2025-10-17T03:46:49.535+0000] {processor.py:840} INFO - DAG(s) 'example_display_name' retrieved from /home/airflow/.local/lib/python3.12/site-packages/airflow/example_dags/example_display_name.py
[2025-10-17T03:46:49.553+0000] {logging_mixin.py:188} INFO - [2025-10-17T03:46:49.552+0000] {dag.py:3096} INFO - Sync 1 DAGs
[2025-10-17T03:46:49.563+0000] {logging_mixin.py:188} INFO - [2025-10-17T03:46:49.563+0000] {dag.py:3954} INFO - Setting next_dagrun for example_display_name to None, run_after=None
[2025-10-17T03:46:49.580+0000] {processor.py:183} INFO - Processing /home/airflow/.local/lib/python3.12/site-packages/airflow/example_dags/example_display_name.py took 0.058 seconds
[2025-10-17T03:47:19.683+0000] {processor.py:161} INFO - Started process (PID=6131) to work on /home/airflow/.local/lib/python3.12/site-packages/airflow/example_dags/example_display_name.py
[2025-10-17T03:47:19.684+0000] {processor.py:830} INFO - Processing file /home/airflow/.local/lib/python3.12/site-packages/airflow/example_dags/example_display_name.py for tasks to queue
[2025-10-17T03:47:19.686+0000] {logging_mixin.py:188} INFO - [2025-10-17T03:47:19.686+0000] {dagbag.py:545} INFO - Filling up the DagBag from /home/airflow/.local/lib/python3.12/site-packages/airflow/example_dags/example_display_name.py
[2025-10-17T03:47:19.691+0000] {processor.py:840} INFO - DAG(s) 'example_display_name' retrieved from /home/airflow/.local/lib/python3.12/site-packages/airflow/example_dags/example_display_name.py
[2025-10-17T03:47:19.709+0000] {logging_mixin.py:188} INFO - [2025-10-17T03:47:19.709+0000] {dag.py:3096} INFO - Sync 1 DAGs
[2025-10-17T03:47:19.721+0000] {logging_mixin.py:188} INFO - [2025-10-17T03:47:19.720+0000] {dag.py:3954} INFO - Setting next_dagrun for example_display_name to None, run_after=None
[2025-10-17T03:47:19.737+0000] {processor.py:183} INFO - Processing /home/airflow/.local/lib/python3.12/site-packages/airflow/example_dags/example_display_name.py took 0.059 seconds
[2025-10-17T03:47:51.158+0000] {processor.py:161} INFO - Started process (PID=6190) to work on /home/airflow/.local/lib/python3.12/site-packages/airflow/example_dags/example_display_name.py
[2025-10-17T03:47:51.160+0000] {processor.py:830} INFO - Processing file /home/airflow/.local/lib/python3.12/site-packages/airflow/example_dags/example_display_name.py for tasks to queue
[2025-10-17T03:47:51.166+0000] {logging_mixin.py:188} INFO - [2025-10-17T03:47:51.165+0000] {dagbag.py:545} INFO - Filling up the DagBag from /home/airflow/.local/lib/python3.12/site-packages/airflow/example_dags/example_display_name.py
[2025-10-17T03:47:51.178+0000] {processor.py:840} INFO - DAG(s) 'example_display_name' retrieved from /home/airflow/.local/lib/python3.12/site-packages/airflow/example_dags/example_display_name.py
[2025-10-17T03:47:51.214+0000] {logging_mixin.py:188} INFO - [2025-10-17T03:47:51.214+0000] {dag.py:3096} INFO - Sync 1 DAGs
[2025-10-17T03:47:51.233+0000] {logging_mixin.py:188} INFO - [2025-10-17T03:47:51.233+0000] {dag.py:3954} INFO - Setting next_dagrun for example_display_name to None, run_after=None
[2025-10-17T03:47:51.274+0000] {processor.py:183} INFO - Processing /home/airflow/.local/lib/python3.12/site-packages/airflow/example_dags/example_display_name.py took 0.123 seconds
[2025-10-17T03:48:21.853+0000] {processor.py:161} INFO - Started process (PID=6249) to work on /home/airflow/.local/lib/python3.12/site-packages/airflow/example_dags/example_display_name.py
[2025-10-17T03:48:21.855+0000] {processor.py:830} INFO - Processing file /home/airflow/.local/lib/python3.12/site-packages/airflow/example_dags/example_display_name.py for tasks to queue
[2025-10-17T03:48:21.857+0000] {logging_mixin.py:188} INFO - [2025-10-17T03:48:21.856+0000] {dagbag.py:545} INFO - Filling up the DagBag from /home/airflow/.local/lib/python3.12/site-packages/airflow/example_dags/example_display_name.py
[2025-10-17T03:48:21.862+0000] {processor.py:840} INFO - DAG(s) 'example_display_name' retrieved from /home/airflow/.local/lib/python3.12/site-packages/airflow/example_dags/example_display_name.py
[2025-10-17T03:48:21.881+0000] {logging_mixin.py:188} INFO - [2025-10-17T03:48:21.880+0000] {dag.py:3096} INFO - Sync 1 DAGs
[2025-10-17T03:48:21.894+0000] {logging_mixin.py:188} INFO - [2025-10-17T03:48:21.894+0000] {dag.py:3954} INFO - Setting next_dagrun for example_display_name to None, run_after=None
[2025-10-17T03:48:21.913+0000] {processor.py:183} INFO - Processing /home/airflow/.local/lib/python3.12/site-packages/airflow/example_dags/example_display_name.py took 0.065 seconds
[2025-10-17T03:48:52.318+0000] {processor.py:161} INFO - Started process (PID=6308) to work on /home/airflow/.local/lib/python3.12/site-packages/airflow/example_dags/example_display_name.py
[2025-10-17T03:48:52.319+0000] {processor.py:830} INFO - Processing file /home/airflow/.local/lib/python3.12/site-packages/airflow/example_dags/example_display_name.py for tasks to queue
[2025-10-17T03:48:52.321+0000] {logging_mixin.py:188} INFO - [2025-10-17T03:48:52.321+0000] {dagbag.py:545} INFO - Filling up the DagBag from /home/airflow/.local/lib/python3.12/site-packages/airflow/example_dags/example_display_name.py
[2025-10-17T03:48:52.327+0000] {processor.py:840} INFO - DAG(s) 'example_display_name' retrieved from /home/airflow/.local/lib/python3.12/site-packages/airflow/example_dags/example_display_name.py
[2025-10-17T03:48:52.347+0000] {logging_mixin.py:188} INFO - [2025-10-17T03:48:52.346+0000] {dag.py:3096} INFO - Sync 1 DAGs
[2025-10-17T03:48:52.358+0000] {logging_mixin.py:188} INFO - [2025-10-17T03:48:52.358+0000] {dag.py:3954} INFO - Setting next_dagrun for example_display_name to None, run_after=None
[2025-10-17T03:48:52.377+0000] {processor.py:183} INFO - Processing /home/airflow/.local/lib/python3.12/site-packages/airflow/example_dags/example_display_name.py took 0.065 seconds
[2025-10-17T03:49:22.447+0000] {processor.py:161} INFO - Started process (PID=6367) to work on /home/airflow/.local/lib/python3.12/site-packages/airflow/example_dags/example_display_name.py
[2025-10-17T03:49:22.448+0000] {processor.py:830} INFO - Processing file /home/airflow/.local/lib/python3.12/site-packages/airflow/example_dags/example_display_name.py for tasks to queue
[2025-10-17T03:49:22.451+0000] {logging_mixin.py:188} INFO - [2025-10-17T03:49:22.450+0000] {dagbag.py:545} INFO - Filling up the DagBag from /home/airflow/.local/lib/python3.12/site-packages/airflow/example_dags/example_display_name.py
[2025-10-17T03:49:22.456+0000] {processor.py:840} INFO - DAG(s) 'example_display_name' retrieved from /home/airflow/.local/lib/python3.12/site-packages/airflow/example_dags/example_display_name.py
[2025-10-17T03:49:22.475+0000] {logging_mixin.py:188} INFO - [2025-10-17T03:49:22.475+0000] {dag.py:3096} INFO - Sync 1 DAGs
[2025-10-17T03:49:22.486+0000] {logging_mixin.py:188} INFO - [2025-10-17T03:49:22.486+0000] {dag.py:3954} INFO - Setting next_dagrun for example_display_name to None, run_after=None
[2025-10-17T03:49:22.503+0000] {processor.py:183} INFO - Processing /home/airflow/.local/lib/python3.12/site-packages/airflow/example_dags/example_display_name.py took 0.061 seconds
[2025-10-17T03:49:52.686+0000] {processor.py:161} INFO - Started process (PID=6426) to work on /home/airflow/.local/lib/python3.12/site-packages/airflow/example_dags/example_display_name.py
[2025-10-17T03:49:52.687+0000] {processor.py:830} INFO - Processing file /home/airflow/.local/lib/python3.12/site-packages/airflow/example_dags/example_display_name.py for tasks to queue
[2025-10-17T03:49:52.689+0000] {logging_mixin.py:188} INFO - [2025-10-17T03:49:52.689+0000] {dagbag.py:545} INFO - Filling up the DagBag from /home/airflow/.local/lib/python3.12/site-packages/airflow/example_dags/example_display_name.py
[2025-10-17T03:49:52.696+0000] {processor.py:840} INFO - DAG(s) 'example_display_name' retrieved from /home/airflow/.local/lib/python3.12/site-packages/airflow/example_dags/example_display_name.py
[2025-10-17T03:49:52.714+0000] {logging_mixin.py:188} INFO - [2025-10-17T03:49:52.713+0000] {dag.py:3096} INFO - Sync 1 DAGs
[2025-10-17T03:49:52.726+0000] {logging_mixin.py:188} INFO - [2025-10-17T03:49:52.726+0000] {dag.py:3954} INFO - Setting next_dagrun for example_display_name to None, run_after=None
[2025-10-17T03:49:52.743+0000] {processor.py:183} INFO - Processing /home/airflow/.local/lib/python3.12/site-packages/airflow/example_dags/example_display_name.py took 0.063 seconds
[2025-10-17T03:50:23.459+0000] {processor.py:161} INFO - Started process (PID=6485) to work on /home/airflow/.local/lib/python3.12/site-packages/airflow/example_dags/example_display_name.py
[2025-10-17T03:50:23.460+0000] {processor.py:830} INFO - Processing file /home/airflow/.local/lib/python3.12/site-packages/airflow/example_dags/example_display_name.py for tasks to queue
[2025-10-17T03:50:23.462+0000] {logging_mixin.py:188} INFO - [2025-10-17T03:50:23.461+0000] {dagbag.py:545} INFO - Filling up the DagBag from /home/airflow/.local/lib/python3.12/site-packages/airflow/example_dags/example_display_name.py
[2025-10-17T03:50:23.467+0000] {processor.py:840} INFO - DAG(s) 'example_display_name' retrieved from /home/airflow/.local/lib/python3.12/site-packages/airflow/example_dags/example_display_name.py
[2025-10-17T03:50:23.485+0000] {logging_mixin.py:188} INFO - [2025-10-17T03:50:23.485+0000] {dag.py:3096} INFO - Sync 1 DAGs
[2025-10-17T03:50:23.496+0000] {logging_mixin.py:188} INFO - [2025-10-17T03:50:23.496+0000] {dag.py:3954} INFO - Setting next_dagrun for example_display_name to None, run_after=None
[2025-10-17T03:50:23.514+0000] {processor.py:183} INFO - Processing /home/airflow/.local/lib/python3.12/site-packages/airflow/example_dags/example_display_name.py took 0.061 seconds
[2025-10-17T03:50:54.508+0000] {processor.py:161} INFO - Started process (PID=6543) to work on /home/airflow/.local/lib/python3.12/site-packages/airflow/example_dags/example_display_name.py
[2025-10-17T03:50:54.509+0000] {processor.py:830} INFO - Processing file /home/airflow/.local/lib/python3.12/site-packages/airflow/example_dags/example_display_name.py for tasks to queue
[2025-10-17T03:50:54.512+0000] {logging_mixin.py:188} INFO - [2025-10-17T03:50:54.512+0000] {dagbag.py:545} INFO - Filling up the DagBag from /home/airflow/.local/lib/python3.12/site-packages/airflow/example_dags/example_display_name.py
[2025-10-17T03:50:54.519+0000] {processor.py:840} INFO - DAG(s) 'example_display_name' retrieved from /home/airflow/.local/lib/python3.12/site-packages/airflow/example_dags/example_display_name.py
[2025-10-17T03:50:54.537+0000] {logging_mixin.py:188} INFO - [2025-10-17T03:50:54.537+0000] {dag.py:3096} INFO - Sync 1 DAGs
[2025-10-17T03:50:54.548+0000] {logging_mixin.py:188} INFO - [2025-10-17T03:50:54.548+0000] {dag.py:3954} INFO - Setting next_dagrun for example_display_name to None, run_after=None
[2025-10-17T03:50:54.566+0000] {processor.py:183} INFO - Processing /home/airflow/.local/lib/python3.12/site-packages/airflow/example_dags/example_display_name.py took 0.065 seconds
[2025-10-17T03:51:24.990+0000] {processor.py:161} INFO - Started process (PID=6603) to work on /home/airflow/.local/lib/python3.12/site-packages/airflow/example_dags/example_display_name.py
[2025-10-17T03:51:24.991+0000] {processor.py:830} INFO - Processing file /home/airflow/.local/lib/python3.12/site-packages/airflow/example_dags/example_display_name.py for tasks to queue
[2025-10-17T03:51:24.993+0000] {logging_mixin.py:188} INFO - [2025-10-17T03:51:24.993+0000] {dagbag.py:545} INFO - Filling up the DagBag from /home/airflow/.local/lib/python3.12/site-packages/airflow/example_dags/example_display_name.py
[2025-10-17T03:51:24.999+0000] {processor.py:840} INFO - DAG(s) 'example_display_name' retrieved from /home/airflow/.local/lib/python3.12/site-packages/airflow/example_dags/example_display_name.py
[2025-10-17T03:51:25.021+0000] {logging_mixin.py:188} INFO - [2025-10-17T03:51:25.021+0000] {dag.py:3096} INFO - Sync 1 DAGs
[2025-10-17T03:51:25.033+0000] {logging_mixin.py:188} INFO - [2025-10-17T03:51:25.033+0000] {dag.py:3954} INFO - Setting next_dagrun for example_display_name to None, run_after=None
[2025-10-17T03:51:25.054+0000] {processor.py:183} INFO - Processing /home/airflow/.local/lib/python3.12/site-packages/airflow/example_dags/example_display_name.py took 0.069 seconds
[2025-10-17T03:51:55.116+0000] {processor.py:161} INFO - Started process (PID=6662) to work on /home/airflow/.local/lib/python3.12/site-packages/airflow/example_dags/example_display_name.py
[2025-10-17T03:51:55.117+0000] {processor.py:830} INFO - Processing file /home/airflow/.local/lib/python3.12/site-packages/airflow/example_dags/example_display_name.py for tasks to queue
[2025-10-17T03:51:55.119+0000] {logging_mixin.py:188} INFO - [2025-10-17T03:51:55.119+0000] {dagbag.py:545} INFO - Filling up the DagBag from /home/airflow/.local/lib/python3.12/site-packages/airflow/example_dags/example_display_name.py
[2025-10-17T03:51:55.124+0000] {processor.py:840} INFO - DAG(s) 'example_display_name' retrieved from /home/airflow/.local/lib/python3.12/site-packages/airflow/example_dags/example_display_name.py
[2025-10-17T03:51:55.143+0000] {logging_mixin.py:188} INFO - [2025-10-17T03:51:55.143+0000] {dag.py:3096} INFO - Sync 1 DAGs
[2025-10-17T03:51:55.154+0000] {logging_mixin.py:188} INFO - [2025-10-17T03:51:55.154+0000] {dag.py:3954} INFO - Setting next_dagrun for example_display_name to None, run_after=None
[2025-10-17T03:51:55.173+0000] {processor.py:183} INFO - Processing /home/airflow/.local/lib/python3.12/site-packages/airflow/example_dags/example_display_name.py took 0.061 seconds
[2025-10-17T03:52:26.118+0000] {processor.py:161} INFO - Started process (PID=6721) to work on /home/airflow/.local/lib/python3.12/site-packages/airflow/example_dags/example_display_name.py
[2025-10-17T03:52:26.119+0000] {processor.py:830} INFO - Processing file /home/airflow/.local/lib/python3.12/site-packages/airflow/example_dags/example_display_name.py for tasks to queue
[2025-10-17T03:52:26.121+0000] {logging_mixin.py:188} INFO - [2025-10-17T03:52:26.121+0000] {dagbag.py:545} INFO - Filling up the DagBag from /home/airflow/.local/lib/python3.12/site-packages/airflow/example_dags/example_display_name.py
[2025-10-17T03:52:26.126+0000] {processor.py:840} INFO - DAG(s) 'example_display_name' retrieved from /home/airflow/.local/lib/python3.12/site-packages/airflow/example_dags/example_display_name.py
[2025-10-17T03:52:26.145+0000] {logging_mixin.py:188} INFO - [2025-10-17T03:52:26.145+0000] {dag.py:3096} INFO - Sync 1 DAGs
[2025-10-17T03:52:26.156+0000] {logging_mixin.py:188} INFO - [2025-10-17T03:52:26.156+0000] {dag.py:3954} INFO - Setting next_dagrun for example_display_name to None, run_after=None
[2025-10-17T03:52:26.173+0000] {processor.py:183} INFO - Processing /home/airflow/.local/lib/python3.12/site-packages/airflow/example_dags/example_display_name.py took 0.060 seconds
[2025-10-17T03:52:57.517+0000] {processor.py:161} INFO - Started process (PID=6780) to work on /home/airflow/.local/lib/python3.12/site-packages/airflow/example_dags/example_display_name.py
[2025-10-17T03:52:57.519+0000] {processor.py:830} INFO - Processing file /home/airflow/.local/lib/python3.12/site-packages/airflow/example_dags/example_display_name.py for tasks to queue
[2025-10-17T03:52:57.520+0000] {logging_mixin.py:188} INFO - [2025-10-17T03:52:57.520+0000] {dagbag.py:545} INFO - Filling up the DagBag from /home/airflow/.local/lib/python3.12/site-packages/airflow/example_dags/example_display_name.py
[2025-10-17T03:52:57.526+0000] {processor.py:840} INFO - DAG(s) 'example_display_name' retrieved from /home/airflow/.local/lib/python3.12/site-packages/airflow/example_dags/example_display_name.py
[2025-10-17T03:52:57.544+0000] {logging_mixin.py:188} INFO - [2025-10-17T03:52:57.544+0000] {dag.py:3096} INFO - Sync 1 DAGs
[2025-10-17T03:52:57.555+0000] {logging_mixin.py:188} INFO - [2025-10-17T03:52:57.554+0000] {dag.py:3954} INFO - Setting next_dagrun for example_display_name to None, run_after=None
[2025-10-17T03:52:57.573+0000] {processor.py:183} INFO - Processing /home/airflow/.local/lib/python3.12/site-packages/airflow/example_dags/example_display_name.py took 0.060 seconds
[2025-10-17T03:53:27.654+0000] {processor.py:161} INFO - Started process (PID=6839) to work on /home/airflow/.local/lib/python3.12/site-packages/airflow/example_dags/example_display_name.py
[2025-10-17T03:53:27.655+0000] {processor.py:830} INFO - Processing file /home/airflow/.local/lib/python3.12/site-packages/airflow/example_dags/example_display_name.py for tasks to queue
[2025-10-17T03:53:27.657+0000] {logging_mixin.py:188} INFO - [2025-10-17T03:53:27.657+0000] {dagbag.py:545} INFO - Filling up the DagBag from /home/airflow/.local/lib/python3.12/site-packages/airflow/example_dags/example_display_name.py
[2025-10-17T03:53:27.663+0000] {processor.py:840} INFO - DAG(s) 'example_display_name' retrieved from /home/airflow/.local/lib/python3.12/site-packages/airflow/example_dags/example_display_name.py
[2025-10-17T03:53:27.680+0000] {logging_mixin.py:188} INFO - [2025-10-17T03:53:27.680+0000] {dag.py:3096} INFO - Sync 1 DAGs
[2025-10-17T03:53:27.691+0000] {logging_mixin.py:188} INFO - [2025-10-17T03:53:27.691+0000] {dag.py:3954} INFO - Setting next_dagrun for example_display_name to None, run_after=None
[2025-10-17T03:53:27.708+0000] {processor.py:183} INFO - Processing /home/airflow/.local/lib/python3.12/site-packages/airflow/example_dags/example_display_name.py took 0.058 seconds
[2025-10-17T03:53:58.024+0000] {processor.py:161} INFO - Started process (PID=6898) to work on /home/airflow/.local/lib/python3.12/site-packages/airflow/example_dags/example_display_name.py
[2025-10-17T03:53:58.026+0000] {processor.py:830} INFO - Processing file /home/airflow/.local/lib/python3.12/site-packages/airflow/example_dags/example_display_name.py for tasks to queue
[2025-10-17T03:53:58.028+0000] {logging_mixin.py:188} INFO - [2025-10-17T03:53:58.027+0000] {dagbag.py:545} INFO - Filling up the DagBag from /home/airflow/.local/lib/python3.12/site-packages/airflow/example_dags/example_display_name.py
[2025-10-17T03:53:58.034+0000] {processor.py:840} INFO - DAG(s) 'example_display_name' retrieved from /home/airflow/.local/lib/python3.12/site-packages/airflow/example_dags/example_display_name.py
[2025-10-17T03:53:58.054+0000] {logging_mixin.py:188} INFO - [2025-10-17T03:53:58.054+0000] {dag.py:3096} INFO - Sync 1 DAGs
[2025-10-17T03:53:58.068+0000] {logging_mixin.py:188} INFO - [2025-10-17T03:53:58.068+0000] {dag.py:3954} INFO - Setting next_dagrun for example_display_name to None, run_after=None
[2025-10-17T03:53:58.090+0000] {processor.py:183} INFO - Processing /home/airflow/.local/lib/python3.12/site-packages/airflow/example_dags/example_display_name.py took 0.072 seconds
[2025-10-17T03:54:28.197+0000] {processor.py:161} INFO - Started process (PID=6957) to work on /home/airflow/.local/lib/python3.12/site-packages/airflow/example_dags/example_display_name.py
[2025-10-17T03:54:28.199+0000] {processor.py:830} INFO - Processing file /home/airflow/.local/lib/python3.12/site-packages/airflow/example_dags/example_display_name.py for tasks to queue
[2025-10-17T03:54:28.201+0000] {logging_mixin.py:188} INFO - [2025-10-17T03:54:28.201+0000] {dagbag.py:545} INFO - Filling up the DagBag from /home/airflow/.local/lib/python3.12/site-packages/airflow/example_dags/example_display_name.py
[2025-10-17T03:54:28.208+0000] {processor.py:840} INFO - DAG(s) 'example_display_name' retrieved from /home/airflow/.local/lib/python3.12/site-packages/airflow/example_dags/example_display_name.py
[2025-10-17T03:54:28.226+0000] {logging_mixin.py:188} INFO - [2025-10-17T03:54:28.226+0000] {dag.py:3096} INFO - Sync 1 DAGs
[2025-10-17T03:54:28.237+0000] {logging_mixin.py:188} INFO - [2025-10-17T03:54:28.237+0000] {dag.py:3954} INFO - Setting next_dagrun for example_display_name to None, run_after=None
[2025-10-17T03:54:28.255+0000] {processor.py:183} INFO - Processing /home/airflow/.local/lib/python3.12/site-packages/airflow/example_dags/example_display_name.py took 0.063 seconds
[2025-10-17T03:54:59.165+0000] {processor.py:161} INFO - Started process (PID=7016) to work on /home/airflow/.local/lib/python3.12/site-packages/airflow/example_dags/example_display_name.py
[2025-10-17T03:54:59.166+0000] {processor.py:830} INFO - Processing file /home/airflow/.local/lib/python3.12/site-packages/airflow/example_dags/example_display_name.py for tasks to queue
[2025-10-17T03:54:59.168+0000] {logging_mixin.py:188} INFO - [2025-10-17T03:54:59.167+0000] {dagbag.py:545} INFO - Filling up the DagBag from /home/airflow/.local/lib/python3.12/site-packages/airflow/example_dags/example_display_name.py
[2025-10-17T03:54:59.173+0000] {processor.py:840} INFO - DAG(s) 'example_display_name' retrieved from /home/airflow/.local/lib/python3.12/site-packages/airflow/example_dags/example_display_name.py
[2025-10-17T03:54:59.190+0000] {logging_mixin.py:188} INFO - [2025-10-17T03:54:59.190+0000] {dag.py:3096} INFO - Sync 1 DAGs
[2025-10-17T03:54:59.201+0000] {logging_mixin.py:188} INFO - [2025-10-17T03:54:59.201+0000] {dag.py:3954} INFO - Setting next_dagrun for example_display_name to None, run_after=None
[2025-10-17T03:54:59.219+0000] {processor.py:183} INFO - Processing /home/airflow/.local/lib/python3.12/site-packages/airflow/example_dags/example_display_name.py took 0.059 seconds
[2025-10-17T03:55:29.468+0000] {processor.py:161} INFO - Started process (PID=7075) to work on /home/airflow/.local/lib/python3.12/site-packages/airflow/example_dags/example_display_name.py
[2025-10-17T03:55:29.469+0000] {processor.py:830} INFO - Processing file /home/airflow/.local/lib/python3.12/site-packages/airflow/example_dags/example_display_name.py for tasks to queue
[2025-10-17T03:55:29.471+0000] {logging_mixin.py:188} INFO - [2025-10-17T03:55:29.471+0000] {dagbag.py:545} INFO - Filling up the DagBag from /home/airflow/.local/lib/python3.12/site-packages/airflow/example_dags/example_display_name.py
[2025-10-17T03:55:29.476+0000] {processor.py:840} INFO - DAG(s) 'example_display_name' retrieved from /home/airflow/.local/lib/python3.12/site-packages/airflow/example_dags/example_display_name.py
[2025-10-17T03:55:29.494+0000] {logging_mixin.py:188} INFO - [2025-10-17T03:55:29.494+0000] {dag.py:3096} INFO - Sync 1 DAGs
[2025-10-17T03:55:29.506+0000] {logging_mixin.py:188} INFO - [2025-10-17T03:55:29.505+0000] {dag.py:3954} INFO - Setting next_dagrun for example_display_name to None, run_after=None
[2025-10-17T03:55:29.522+0000] {processor.py:183} INFO - Processing /home/airflow/.local/lib/python3.12/site-packages/airflow/example_dags/example_display_name.py took 0.060 seconds
[2025-10-17T03:56:01.651+0000] {processor.py:161} INFO - Started process (PID=7134) to work on /home/airflow/.local/lib/python3.12/site-packages/airflow/example_dags/example_display_name.py
[2025-10-17T03:56:01.654+0000] {processor.py:830} INFO - Processing file /home/airflow/.local/lib/python3.12/site-packages/airflow/example_dags/example_display_name.py for tasks to queue
[2025-10-17T03:56:01.667+0000] {logging_mixin.py:188} INFO - [2025-10-17T03:56:01.661+0000] {dagbag.py:545} INFO - Filling up the DagBag from /home/airflow/.local/lib/python3.12/site-packages/airflow/example_dags/example_display_name.py
[2025-10-17T03:56:01.690+0000] {processor.py:840} INFO - DAG(s) 'example_display_name' retrieved from /home/airflow/.local/lib/python3.12/site-packages/airflow/example_dags/example_display_name.py
[2025-10-17T03:56:01.754+0000] {logging_mixin.py:188} INFO - [2025-10-17T03:56:01.754+0000] {dag.py:3096} INFO - Sync 1 DAGs
[2025-10-17T03:56:01.805+0000] {logging_mixin.py:188} INFO - [2025-10-17T03:56:01.804+0000] {dag.py:3954} INFO - Setting next_dagrun for example_display_name to None, run_after=None
[2025-10-17T03:56:01.897+0000] {processor.py:183} INFO - Processing /home/airflow/.local/lib/python3.12/site-packages/airflow/example_dags/example_display_name.py took 0.268 seconds
[2025-10-17T03:56:32.091+0000] {processor.py:161} INFO - Started process (PID=7193) to work on /home/airflow/.local/lib/python3.12/site-packages/airflow/example_dags/example_display_name.py
[2025-10-17T03:56:32.093+0000] {processor.py:830} INFO - Processing file /home/airflow/.local/lib/python3.12/site-packages/airflow/example_dags/example_display_name.py for tasks to queue
[2025-10-17T03:56:32.094+0000] {logging_mixin.py:188} INFO - [2025-10-17T03:56:32.094+0000] {dagbag.py:545} INFO - Filling up the DagBag from /home/airflow/.local/lib/python3.12/site-packages/airflow/example_dags/example_display_name.py
[2025-10-17T03:56:32.100+0000] {processor.py:840} INFO - DAG(s) 'example_display_name' retrieved from /home/airflow/.local/lib/python3.12/site-packages/airflow/example_dags/example_display_name.py
[2025-10-17T03:56:32.118+0000] {logging_mixin.py:188} INFO - [2025-10-17T03:56:32.118+0000] {dag.py:3096} INFO - Sync 1 DAGs
[2025-10-17T03:56:32.130+0000] {logging_mixin.py:188} INFO - [2025-10-17T03:56:32.130+0000] {dag.py:3954} INFO - Setting next_dagrun for example_display_name to None, run_after=None
[2025-10-17T03:56:32.151+0000] {processor.py:183} INFO - Processing /home/airflow/.local/lib/python3.12/site-packages/airflow/example_dags/example_display_name.py took 0.065 seconds
[2025-10-17T03:57:02.483+0000] {processor.py:161} INFO - Started process (PID=7252) to work on /home/airflow/.local/lib/python3.12/site-packages/airflow/example_dags/example_display_name.py
[2025-10-17T03:57:02.485+0000] {processor.py:830} INFO - Processing file /home/airflow/.local/lib/python3.12/site-packages/airflow/example_dags/example_display_name.py for tasks to queue
[2025-10-17T03:57:02.488+0000] {logging_mixin.py:188} INFO - [2025-10-17T03:57:02.487+0000] {dagbag.py:545} INFO - Filling up the DagBag from /home/airflow/.local/lib/python3.12/site-packages/airflow/example_dags/example_display_name.py
[2025-10-17T03:57:02.495+0000] {processor.py:840} INFO - DAG(s) 'example_display_name' retrieved from /home/airflow/.local/lib/python3.12/site-packages/airflow/example_dags/example_display_name.py
[2025-10-17T03:57:02.521+0000] {logging_mixin.py:188} INFO - [2025-10-17T03:57:02.520+0000] {dag.py:3096} INFO - Sync 1 DAGs
[2025-10-17T03:57:02.533+0000] {logging_mixin.py:188} INFO - [2025-10-17T03:57:02.533+0000] {dag.py:3954} INFO - Setting next_dagrun for example_display_name to None, run_after=None
[2025-10-17T03:57:02.564+0000] {processor.py:183} INFO - Processing /home/airflow/.local/lib/python3.12/site-packages/airflow/example_dags/example_display_name.py took 0.087 seconds
[2025-10-17T03:57:32.745+0000] {processor.py:161} INFO - Started process (PID=7311) to work on /home/airflow/.local/lib/python3.12/site-packages/airflow/example_dags/example_display_name.py
[2025-10-17T03:57:32.750+0000] {processor.py:830} INFO - Processing file /home/airflow/.local/lib/python3.12/site-packages/airflow/example_dags/example_display_name.py for tasks to queue
[2025-10-17T03:57:32.753+0000] {logging_mixin.py:188} INFO - [2025-10-17T03:57:32.752+0000] {dagbag.py:545} INFO - Filling up the DagBag from /home/airflow/.local/lib/python3.12/site-packages/airflow/example_dags/example_display_name.py
[2025-10-17T03:57:32.759+0000] {processor.py:840} INFO - DAG(s) 'example_display_name' retrieved from /home/airflow/.local/lib/python3.12/site-packages/airflow/example_dags/example_display_name.py
[2025-10-17T03:57:32.785+0000] {logging_mixin.py:188} INFO - [2025-10-17T03:57:32.785+0000] {dag.py:3096} INFO - Sync 1 DAGs
[2025-10-17T03:57:32.800+0000] {logging_mixin.py:188} INFO - [2025-10-17T03:57:32.799+0000] {dag.py:3954} INFO - Setting next_dagrun for example_display_name to None, run_after=None
[2025-10-17T03:57:32.824+0000] {processor.py:183} INFO - Processing /home/airflow/.local/lib/python3.12/site-packages/airflow/example_dags/example_display_name.py took 0.085 seconds
[2025-10-17T03:58:03.160+0000] {processor.py:161} INFO - Started process (PID=7370) to work on /home/airflow/.local/lib/python3.12/site-packages/airflow/example_dags/example_display_name.py
[2025-10-17T03:58:03.162+0000] {processor.py:830} INFO - Processing file /home/airflow/.local/lib/python3.12/site-packages/airflow/example_dags/example_display_name.py for tasks to queue
[2025-10-17T03:58:03.165+0000] {logging_mixin.py:188} INFO - [2025-10-17T03:58:03.164+0000] {dagbag.py:545} INFO - Filling up the DagBag from /home/airflow/.local/lib/python3.12/site-packages/airflow/example_dags/example_display_name.py
[2025-10-17T03:58:03.173+0000] {processor.py:840} INFO - DAG(s) 'example_display_name' retrieved from /home/airflow/.local/lib/python3.12/site-packages/airflow/example_dags/example_display_name.py
[2025-10-17T03:58:03.199+0000] {logging_mixin.py:188} INFO - [2025-10-17T03:58:03.199+0000] {dag.py:3096} INFO - Sync 1 DAGs
[2025-10-17T03:58:03.213+0000] {logging_mixin.py:188} INFO - [2025-10-17T03:58:03.213+0000] {dag.py:3954} INFO - Setting next_dagrun for example_display_name to None, run_after=None
[2025-10-17T03:58:03.252+0000] {processor.py:183} INFO - Processing /home/airflow/.local/lib/python3.12/site-packages/airflow/example_dags/example_display_name.py took 0.100 seconds
[2025-10-17T03:58:33.924+0000] {processor.py:161} INFO - Started process (PID=7430) to work on /home/airflow/.local/lib/python3.12/site-packages/airflow/example_dags/example_display_name.py
[2025-10-17T03:58:33.925+0000] {processor.py:830} INFO - Processing file /home/airflow/.local/lib/python3.12/site-packages/airflow/example_dags/example_display_name.py for tasks to queue
[2025-10-17T03:58:33.928+0000] {logging_mixin.py:188} INFO - [2025-10-17T03:58:33.928+0000] {dagbag.py:545} INFO - Filling up the DagBag from /home/airflow/.local/lib/python3.12/site-packages/airflow/example_dags/example_display_name.py
[2025-10-17T03:58:33.934+0000] {processor.py:840} INFO - DAG(s) 'example_display_name' retrieved from /home/airflow/.local/lib/python3.12/site-packages/airflow/example_dags/example_display_name.py
[2025-10-17T03:58:33.955+0000] {logging_mixin.py:188} INFO - [2025-10-17T03:58:33.955+0000] {dag.py:3096} INFO - Sync 1 DAGs
[2025-10-17T03:58:33.970+0000] {logging_mixin.py:188} INFO - [2025-10-17T03:58:33.969+0000] {dag.py:3954} INFO - Setting next_dagrun for example_display_name to None, run_after=None
[2025-10-17T03:58:33.995+0000] {processor.py:183} INFO - Processing /home/airflow/.local/lib/python3.12/site-packages/airflow/example_dags/example_display_name.py took 0.078 seconds
[2025-10-17T03:59:04.050+0000] {processor.py:161} INFO - Started process (PID=7489) to work on /home/airflow/.local/lib/python3.12/site-packages/airflow/example_dags/example_display_name.py
[2025-10-17T03:59:04.051+0000] {processor.py:830} INFO - Processing file /home/airflow/.local/lib/python3.12/site-packages/airflow/example_dags/example_display_name.py for tasks to queue
[2025-10-17T03:59:04.053+0000] {logging_mixin.py:188} INFO - [2025-10-17T03:59:04.053+0000] {dagbag.py:545} INFO - Filling up the DagBag from /home/airflow/.local/lib/python3.12/site-packages/airflow/example_dags/example_display_name.py
[2025-10-17T03:59:04.059+0000] {processor.py:840} INFO - DAG(s) 'example_display_name' retrieved from /home/airflow/.local/lib/python3.12/site-packages/airflow/example_dags/example_display_name.py
[2025-10-17T03:59:04.073+0000] {logging_mixin.py:188} INFO - [2025-10-17T03:59:04.073+0000] {dag.py:3096} INFO - Sync 1 DAGs
[2025-10-17T03:59:04.087+0000] {logging_mixin.py:188} INFO - [2025-10-17T03:59:04.087+0000] {dag.py:3954} INFO - Setting next_dagrun for example_display_name to None, run_after=None
[2025-10-17T03:59:04.109+0000] {processor.py:183} INFO - Processing /home/airflow/.local/lib/python3.12/site-packages/airflow/example_dags/example_display_name.py took 0.065 seconds
[2025-10-17T03:59:34.887+0000] {processor.py:161} INFO - Started process (PID=7548) to work on /home/airflow/.local/lib/python3.12/site-packages/airflow/example_dags/example_display_name.py
[2025-10-17T03:59:34.889+0000] {processor.py:830} INFO - Processing file /home/airflow/.local/lib/python3.12/site-packages/airflow/example_dags/example_display_name.py for tasks to queue
[2025-10-17T03:59:34.892+0000] {logging_mixin.py:188} INFO - [2025-10-17T03:59:34.892+0000] {dagbag.py:545} INFO - Filling up the DagBag from /home/airflow/.local/lib/python3.12/site-packages/airflow/example_dags/example_display_name.py
[2025-10-17T03:59:34.899+0000] {processor.py:840} INFO - DAG(s) 'example_display_name' retrieved from /home/airflow/.local/lib/python3.12/site-packages/airflow/example_dags/example_display_name.py
[2025-10-17T03:59:34.990+0000] {logging_mixin.py:188} INFO - [2025-10-17T03:59:34.990+0000] {dag.py:3096} INFO - Sync 1 DAGs
[2025-10-17T03:59:35.000+0000] {logging_mixin.py:188} INFO - [2025-10-17T03:59:35.000+0000] {dag.py:3954} INFO - Setting next_dagrun for example_display_name to None, run_after=None
[2025-10-17T03:59:35.019+0000] {processor.py:183} INFO - Processing /home/airflow/.local/lib/python3.12/site-packages/airflow/example_dags/example_display_name.py took 0.138 seconds
[2025-10-17T04:00:05.175+0000] {processor.py:161} INFO - Started process (PID=7607) to work on /home/airflow/.local/lib/python3.12/site-packages/airflow/example_dags/example_display_name.py
[2025-10-17T04:00:05.176+0000] {processor.py:830} INFO - Processing file /home/airflow/.local/lib/python3.12/site-packages/airflow/example_dags/example_display_name.py for tasks to queue
[2025-10-17T04:00:05.178+0000] {logging_mixin.py:188} INFO - [2025-10-17T04:00:05.178+0000] {dagbag.py:545} INFO - Filling up the DagBag from /home/airflow/.local/lib/python3.12/site-packages/airflow/example_dags/example_display_name.py
[2025-10-17T04:00:05.185+0000] {processor.py:840} INFO - DAG(s) 'example_display_name' retrieved from /home/airflow/.local/lib/python3.12/site-packages/airflow/example_dags/example_display_name.py
[2025-10-17T04:00:05.213+0000] {logging_mixin.py:188} INFO - [2025-10-17T04:00:05.213+0000] {dag.py:3096} INFO - Sync 1 DAGs
[2025-10-17T04:00:05.230+0000] {logging_mixin.py:188} INFO - [2025-10-17T04:00:05.230+0000] {dag.py:3954} INFO - Setting next_dagrun for example_display_name to None, run_after=None
[2025-10-17T04:00:05.270+0000] {processor.py:183} INFO - Processing /home/airflow/.local/lib/python3.12/site-packages/airflow/example_dags/example_display_name.py took 0.100 seconds
[2025-10-17T04:00:35.406+0000] {processor.py:161} INFO - Started process (PID=7666) to work on /home/airflow/.local/lib/python3.12/site-packages/airflow/example_dags/example_display_name.py
[2025-10-17T04:00:35.408+0000] {processor.py:830} INFO - Processing file /home/airflow/.local/lib/python3.12/site-packages/airflow/example_dags/example_display_name.py for tasks to queue
[2025-10-17T04:00:35.411+0000] {logging_mixin.py:188} INFO - [2025-10-17T04:00:35.411+0000] {dagbag.py:545} INFO - Filling up the DagBag from /home/airflow/.local/lib/python3.12/site-packages/airflow/example_dags/example_display_name.py
[2025-10-17T04:00:35.423+0000] {processor.py:840} INFO - DAG(s) 'example_display_name' retrieved from /home/airflow/.local/lib/python3.12/site-packages/airflow/example_dags/example_display_name.py
[2025-10-17T04:00:35.478+0000] {logging_mixin.py:188} INFO - [2025-10-17T04:00:35.478+0000] {dag.py:3096} INFO - Sync 1 DAGs
[2025-10-17T04:00:35.497+0000] {logging_mixin.py:188} INFO - [2025-10-17T04:00:35.497+0000] {dag.py:3954} INFO - Setting next_dagrun for example_display_name to None, run_after=None
[2025-10-17T04:00:35.532+0000] {processor.py:183} INFO - Processing /home/airflow/.local/lib/python3.12/site-packages/airflow/example_dags/example_display_name.py took 0.134 seconds
