[2025-10-17T02:55:14.512+0000] {processor.py:161} INFO - Started process (PID=87) to work on /home/airflow/.local/lib/python3.12/site-packages/airflow/example_dags/example_short_circuit_decorator.py
[2025-10-17T02:55:14.514+0000] {processor.py:830} INFO - Processing file /home/airflow/.local/lib/python3.12/site-packages/airflow/example_dags/example_short_circuit_decorator.py for tasks to queue
[2025-10-17T02:55:14.518+0000] {logging_mixin.py:188} INFO - [2025-10-17T02:55:14.517+0000] {dagbag.py:545} INFO - Filling up the DagBag from /home/airflow/.local/lib/python3.12/site-packages/airflow/example_dags/example_short_circuit_decorator.py
[2025-10-17T02:55:14.533+0000] {processor.py:840} INFO - DAG(s) 'example_short_circuit_decorator' retrieved from /home/airflow/.local/lib/python3.12/site-packages/airflow/example_dags/example_short_circuit_decorator.py
[2025-10-17T02:55:14.722+0000] {logging_mixin.py:188} INFO - [2025-10-17T02:55:14.721+0000] {override.py:1829} INFO - Created Permission View: can read on DAG:example_short_circuit_decorator
[2025-10-17T02:55:14.742+0000] {logging_mixin.py:188} INFO - [2025-10-17T02:55:14.742+0000] {override.py:1829} INFO - Created Permission View: can delete on DAG:example_short_circuit_decorator
[2025-10-17T02:55:14.755+0000] {logging_mixin.py:188} INFO - [2025-10-17T02:55:14.755+0000] {override.py:1829} INFO - Created Permission View: can edit on DAG:example_short_circuit_decorator
[2025-10-17T02:55:14.756+0000] {logging_mixin.py:188} INFO - [2025-10-17T02:55:14.756+0000] {dag.py:3096} INFO - Sync 1 DAGs
[2025-10-17T02:55:14.787+0000] {logging_mixin.py:188} INFO - [2025-10-17T02:55:14.786+0000] {dag.py:3118} INFO - Creating ORM DAG for example_short_circuit_decorator
[2025-10-17T02:55:14.804+0000] {logging_mixin.py:188} INFO - [2025-10-17T02:55:14.804+0000] {dag.py:3954} INFO - Setting next_dagrun for example_short_circuit_decorator to 2025-10-16 00:00:00+00:00, run_after=2025-10-17 00:00:00+00:00
[2025-10-17T02:55:14.836+0000] {processor.py:183} INFO - Processing /home/airflow/.local/lib/python3.12/site-packages/airflow/example_dags/example_short_circuit_decorator.py took 0.332 seconds
[2025-10-17T02:55:45.016+0000] {processor.py:161} INFO - Started process (PID=145) to work on /home/airflow/.local/lib/python3.12/site-packages/airflow/example_dags/example_short_circuit_decorator.py
[2025-10-17T02:55:45.017+0000] {processor.py:830} INFO - Processing file /home/airflow/.local/lib/python3.12/site-packages/airflow/example_dags/example_short_circuit_decorator.py for tasks to queue
[2025-10-17T02:55:45.019+0000] {logging_mixin.py:188} INFO - [2025-10-17T02:55:45.019+0000] {dagbag.py:545} INFO - Filling up the DagBag from /home/airflow/.local/lib/python3.12/site-packages/airflow/example_dags/example_short_circuit_decorator.py
[2025-10-17T02:55:45.028+0000] {processor.py:840} INFO - DAG(s) 'example_short_circuit_decorator' retrieved from /home/airflow/.local/lib/python3.12/site-packages/airflow/example_dags/example_short_circuit_decorator.py
[2025-10-17T02:55:45.054+0000] {logging_mixin.py:188} INFO - [2025-10-17T02:55:45.054+0000] {dag.py:3096} INFO - Sync 1 DAGs
[2025-10-17T02:55:45.075+0000] {logging_mixin.py:188} INFO - [2025-10-17T02:55:45.075+0000] {dag.py:3954} INFO - Setting next_dagrun for example_short_circuit_decorator to 2025-10-16 00:00:00+00:00, run_after=2025-10-17 00:00:00+00:00
[2025-10-17T02:55:45.092+0000] {processor.py:183} INFO - Processing /home/airflow/.local/lib/python3.12/site-packages/airflow/example_dags/example_short_circuit_decorator.py took 0.082 seconds
[2025-10-17T02:56:15.566+0000] {processor.py:161} INFO - Started process (PID=204) to work on /home/airflow/.local/lib/python3.12/site-packages/airflow/example_dags/example_short_circuit_decorator.py
[2025-10-17T02:56:15.568+0000] {processor.py:830} INFO - Processing file /home/airflow/.local/lib/python3.12/site-packages/airflow/example_dags/example_short_circuit_decorator.py for tasks to queue
[2025-10-17T02:56:15.570+0000] {logging_mixin.py:188} INFO - [2025-10-17T02:56:15.569+0000] {dagbag.py:545} INFO - Filling up the DagBag from /home/airflow/.local/lib/python3.12/site-packages/airflow/example_dags/example_short_circuit_decorator.py
[2025-10-17T02:56:15.579+0000] {processor.py:840} INFO - DAG(s) 'example_short_circuit_decorator' retrieved from /home/airflow/.local/lib/python3.12/site-packages/airflow/example_dags/example_short_circuit_decorator.py
[2025-10-17T02:56:15.605+0000] {logging_mixin.py:188} INFO - [2025-10-17T02:56:15.605+0000] {dag.py:3096} INFO - Sync 1 DAGs
[2025-10-17T02:56:15.625+0000] {logging_mixin.py:188} INFO - [2025-10-17T02:56:15.625+0000] {dag.py:3954} INFO - Setting next_dagrun for example_short_circuit_decorator to 2025-10-16 00:00:00+00:00, run_after=2025-10-17 00:00:00+00:00
[2025-10-17T02:56:15.645+0000] {processor.py:183} INFO - Processing /home/airflow/.local/lib/python3.12/site-packages/airflow/example_dags/example_short_circuit_decorator.py took 0.084 seconds
[2025-10-17T02:56:45.788+0000] {processor.py:161} INFO - Started process (PID=263) to work on /home/airflow/.local/lib/python3.12/site-packages/airflow/example_dags/example_short_circuit_decorator.py
[2025-10-17T02:56:45.789+0000] {processor.py:830} INFO - Processing file /home/airflow/.local/lib/python3.12/site-packages/airflow/example_dags/example_short_circuit_decorator.py for tasks to queue
[2025-10-17T02:56:45.791+0000] {logging_mixin.py:188} INFO - [2025-10-17T02:56:45.790+0000] {dagbag.py:545} INFO - Filling up the DagBag from /home/airflow/.local/lib/python3.12/site-packages/airflow/example_dags/example_short_circuit_decorator.py
[2025-10-17T02:56:45.798+0000] {processor.py:840} INFO - DAG(s) 'example_short_circuit_decorator' retrieved from /home/airflow/.local/lib/python3.12/site-packages/airflow/example_dags/example_short_circuit_decorator.py
[2025-10-17T02:56:45.818+0000] {logging_mixin.py:188} INFO - [2025-10-17T02:56:45.818+0000] {dag.py:3096} INFO - Sync 1 DAGs
[2025-10-17T02:56:45.835+0000] {logging_mixin.py:188} INFO - [2025-10-17T02:56:45.835+0000] {dag.py:3954} INFO - Setting next_dagrun for example_short_circuit_decorator to 2025-10-16 00:00:00+00:00, run_after=2025-10-17 00:00:00+00:00
[2025-10-17T02:56:45.851+0000] {processor.py:183} INFO - Processing /home/airflow/.local/lib/python3.12/site-packages/airflow/example_dags/example_short_circuit_decorator.py took 0.069 seconds
[2025-10-17T02:57:16.177+0000] {processor.py:161} INFO - Started process (PID=322) to work on /home/airflow/.local/lib/python3.12/site-packages/airflow/example_dags/example_short_circuit_decorator.py
[2025-10-17T02:57:16.178+0000] {processor.py:830} INFO - Processing file /home/airflow/.local/lib/python3.12/site-packages/airflow/example_dags/example_short_circuit_decorator.py for tasks to queue
[2025-10-17T02:57:16.180+0000] {logging_mixin.py:188} INFO - [2025-10-17T02:57:16.180+0000] {dagbag.py:545} INFO - Filling up the DagBag from /home/airflow/.local/lib/python3.12/site-packages/airflow/example_dags/example_short_circuit_decorator.py
[2025-10-17T02:57:16.188+0000] {processor.py:840} INFO - DAG(s) 'example_short_circuit_decorator' retrieved from /home/airflow/.local/lib/python3.12/site-packages/airflow/example_dags/example_short_circuit_decorator.py
[2025-10-17T02:57:16.207+0000] {logging_mixin.py:188} INFO - [2025-10-17T02:57:16.206+0000] {dag.py:3096} INFO - Sync 1 DAGs
[2025-10-17T02:57:16.225+0000] {logging_mixin.py:188} INFO - [2025-10-17T02:57:16.225+0000] {dag.py:3954} INFO - Setting next_dagrun for example_short_circuit_decorator to 2025-10-16 00:00:00+00:00, run_after=2025-10-17 00:00:00+00:00
[2025-10-17T02:57:16.241+0000] {processor.py:183} INFO - Processing /home/airflow/.local/lib/python3.12/site-packages/airflow/example_dags/example_short_circuit_decorator.py took 0.069 seconds
[2025-10-17T02:57:46.478+0000] {processor.py:161} INFO - Started process (PID=381) to work on /home/airflow/.local/lib/python3.12/site-packages/airflow/example_dags/example_short_circuit_decorator.py
[2025-10-17T02:57:46.480+0000] {processor.py:830} INFO - Processing file /home/airflow/.local/lib/python3.12/site-packages/airflow/example_dags/example_short_circuit_decorator.py for tasks to queue
[2025-10-17T02:57:46.482+0000] {logging_mixin.py:188} INFO - [2025-10-17T02:57:46.481+0000] {dagbag.py:545} INFO - Filling up the DagBag from /home/airflow/.local/lib/python3.12/site-packages/airflow/example_dags/example_short_circuit_decorator.py
[2025-10-17T02:57:46.490+0000] {processor.py:840} INFO - DAG(s) 'example_short_circuit_decorator' retrieved from /home/airflow/.local/lib/python3.12/site-packages/airflow/example_dags/example_short_circuit_decorator.py
[2025-10-17T02:57:46.513+0000] {logging_mixin.py:188} INFO - [2025-10-17T02:57:46.512+0000] {dag.py:3096} INFO - Sync 1 DAGs
[2025-10-17T02:57:46.531+0000] {logging_mixin.py:188} INFO - [2025-10-17T02:57:46.531+0000] {dag.py:3954} INFO - Setting next_dagrun for example_short_circuit_decorator to 2025-10-16 00:00:00+00:00, run_after=2025-10-17 00:00:00+00:00
[2025-10-17T02:57:46.549+0000] {processor.py:183} INFO - Processing /home/airflow/.local/lib/python3.12/site-packages/airflow/example_dags/example_short_circuit_decorator.py took 0.076 seconds
[2025-10-17T02:58:17.145+0000] {processor.py:161} INFO - Started process (PID=440) to work on /home/airflow/.local/lib/python3.12/site-packages/airflow/example_dags/example_short_circuit_decorator.py
[2025-10-17T02:58:17.146+0000] {processor.py:830} INFO - Processing file /home/airflow/.local/lib/python3.12/site-packages/airflow/example_dags/example_short_circuit_decorator.py for tasks to queue
[2025-10-17T02:58:17.148+0000] {logging_mixin.py:188} INFO - [2025-10-17T02:58:17.148+0000] {dagbag.py:545} INFO - Filling up the DagBag from /home/airflow/.local/lib/python3.12/site-packages/airflow/example_dags/example_short_circuit_decorator.py
[2025-10-17T02:58:17.155+0000] {processor.py:840} INFO - DAG(s) 'example_short_circuit_decorator' retrieved from /home/airflow/.local/lib/python3.12/site-packages/airflow/example_dags/example_short_circuit_decorator.py
[2025-10-17T02:58:17.172+0000] {logging_mixin.py:188} INFO - [2025-10-17T02:58:17.171+0000] {dag.py:3096} INFO - Sync 1 DAGs
[2025-10-17T02:58:17.187+0000] {logging_mixin.py:188} INFO - [2025-10-17T02:58:17.187+0000] {dag.py:3954} INFO - Setting next_dagrun for example_short_circuit_decorator to 2025-10-16 00:00:00+00:00, run_after=2025-10-17 00:00:00+00:00
[2025-10-17T02:58:17.202+0000] {processor.py:183} INFO - Processing /home/airflow/.local/lib/python3.12/site-packages/airflow/example_dags/example_short_circuit_decorator.py took 0.061 seconds
[2025-10-17T02:58:48.076+0000] {processor.py:161} INFO - Started process (PID=499) to work on /home/airflow/.local/lib/python3.12/site-packages/airflow/example_dags/example_short_circuit_decorator.py
[2025-10-17T02:58:48.077+0000] {processor.py:830} INFO - Processing file /home/airflow/.local/lib/python3.12/site-packages/airflow/example_dags/example_short_circuit_decorator.py for tasks to queue
[2025-10-17T02:58:48.078+0000] {logging_mixin.py:188} INFO - [2025-10-17T02:58:48.078+0000] {dagbag.py:545} INFO - Filling up the DagBag from /home/airflow/.local/lib/python3.12/site-packages/airflow/example_dags/example_short_circuit_decorator.py
[2025-10-17T02:58:48.085+0000] {processor.py:840} INFO - DAG(s) 'example_short_circuit_decorator' retrieved from /home/airflow/.local/lib/python3.12/site-packages/airflow/example_dags/example_short_circuit_decorator.py
[2025-10-17T02:58:48.102+0000] {logging_mixin.py:188} INFO - [2025-10-17T02:58:48.102+0000] {dag.py:3096} INFO - Sync 1 DAGs
[2025-10-17T02:58:48.118+0000] {logging_mixin.py:188} INFO - [2025-10-17T02:58:48.118+0000] {dag.py:3954} INFO - Setting next_dagrun for example_short_circuit_decorator to 2025-10-16 00:00:00+00:00, run_after=2025-10-17 00:00:00+00:00
[2025-10-17T02:58:48.138+0000] {processor.py:183} INFO - Processing /home/airflow/.local/lib/python3.12/site-packages/airflow/example_dags/example_short_circuit_decorator.py took 0.066 seconds
[2025-10-17T02:59:19.281+0000] {processor.py:161} INFO - Started process (PID=558) to work on /home/airflow/.local/lib/python3.12/site-packages/airflow/example_dags/example_short_circuit_decorator.py
[2025-10-17T02:59:19.282+0000] {processor.py:830} INFO - Processing file /home/airflow/.local/lib/python3.12/site-packages/airflow/example_dags/example_short_circuit_decorator.py for tasks to queue
[2025-10-17T02:59:19.285+0000] {logging_mixin.py:188} INFO - [2025-10-17T02:59:19.285+0000] {dagbag.py:545} INFO - Filling up the DagBag from /home/airflow/.local/lib/python3.12/site-packages/airflow/example_dags/example_short_circuit_decorator.py
[2025-10-17T02:59:19.295+0000] {processor.py:840} INFO - DAG(s) 'example_short_circuit_decorator' retrieved from /home/airflow/.local/lib/python3.12/site-packages/airflow/example_dags/example_short_circuit_decorator.py
[2025-10-17T02:59:19.331+0000] {logging_mixin.py:188} INFO - [2025-10-17T02:59:19.330+0000] {dag.py:3096} INFO - Sync 1 DAGs
[2025-10-17T02:59:19.368+0000] {logging_mixin.py:188} INFO - [2025-10-17T02:59:19.367+0000] {dag.py:3954} INFO - Setting next_dagrun for example_short_circuit_decorator to 2025-10-16 00:00:00+00:00, run_after=2025-10-17 00:00:00+00:00
[2025-10-17T02:59:19.430+0000] {processor.py:183} INFO - Processing /home/airflow/.local/lib/python3.12/site-packages/airflow/example_dags/example_short_circuit_decorator.py took 0.155 seconds
[2025-10-17T02:59:49.703+0000] {processor.py:161} INFO - Started process (PID=617) to work on /home/airflow/.local/lib/python3.12/site-packages/airflow/example_dags/example_short_circuit_decorator.py
[2025-10-17T02:59:49.704+0000] {processor.py:830} INFO - Processing file /home/airflow/.local/lib/python3.12/site-packages/airflow/example_dags/example_short_circuit_decorator.py for tasks to queue
[2025-10-17T02:59:49.706+0000] {logging_mixin.py:188} INFO - [2025-10-17T02:59:49.705+0000] {dagbag.py:545} INFO - Filling up the DagBag from /home/airflow/.local/lib/python3.12/site-packages/airflow/example_dags/example_short_circuit_decorator.py
[2025-10-17T02:59:49.712+0000] {processor.py:840} INFO - DAG(s) 'example_short_circuit_decorator' retrieved from /home/airflow/.local/lib/python3.12/site-packages/airflow/example_dags/example_short_circuit_decorator.py
[2025-10-17T02:59:49.730+0000] {logging_mixin.py:188} INFO - [2025-10-17T02:59:49.730+0000] {dag.py:3096} INFO - Sync 1 DAGs
[2025-10-17T02:59:49.747+0000] {logging_mixin.py:188} INFO - [2025-10-17T02:59:49.747+0000] {dag.py:3954} INFO - Setting next_dagrun for example_short_circuit_decorator to 2025-10-16 00:00:00+00:00, run_after=2025-10-17 00:00:00+00:00
[2025-10-17T02:59:49.764+0000] {processor.py:183} INFO - Processing /home/airflow/.local/lib/python3.12/site-packages/airflow/example_dags/example_short_circuit_decorator.py took 0.066 seconds
[2025-10-17T03:00:20.092+0000] {processor.py:161} INFO - Started process (PID=677) to work on /home/airflow/.local/lib/python3.12/site-packages/airflow/example_dags/example_short_circuit_decorator.py
[2025-10-17T03:00:20.093+0000] {processor.py:830} INFO - Processing file /home/airflow/.local/lib/python3.12/site-packages/airflow/example_dags/example_short_circuit_decorator.py for tasks to queue
[2025-10-17T03:00:20.095+0000] {logging_mixin.py:188} INFO - [2025-10-17T03:00:20.095+0000] {dagbag.py:545} INFO - Filling up the DagBag from /home/airflow/.local/lib/python3.12/site-packages/airflow/example_dags/example_short_circuit_decorator.py
[2025-10-17T03:00:20.103+0000] {processor.py:840} INFO - DAG(s) 'example_short_circuit_decorator' retrieved from /home/airflow/.local/lib/python3.12/site-packages/airflow/example_dags/example_short_circuit_decorator.py
[2025-10-17T03:00:20.122+0000] {logging_mixin.py:188} INFO - [2025-10-17T03:00:20.122+0000] {dag.py:3096} INFO - Sync 1 DAGs
[2025-10-17T03:00:20.143+0000] {logging_mixin.py:188} INFO - [2025-10-17T03:00:20.142+0000] {dag.py:3954} INFO - Setting next_dagrun for example_short_circuit_decorator to 2025-10-16 00:00:00+00:00, run_after=2025-10-17 00:00:00+00:00
[2025-10-17T03:00:20.163+0000] {processor.py:183} INFO - Processing /home/airflow/.local/lib/python3.12/site-packages/airflow/example_dags/example_short_circuit_decorator.py took 0.076 seconds
[2025-10-17T03:00:51.526+0000] {processor.py:161} INFO - Started process (PID=736) to work on /home/airflow/.local/lib/python3.12/site-packages/airflow/example_dags/example_short_circuit_decorator.py
[2025-10-17T03:00:51.528+0000] {processor.py:830} INFO - Processing file /home/airflow/.local/lib/python3.12/site-packages/airflow/example_dags/example_short_circuit_decorator.py for tasks to queue
[2025-10-17T03:00:51.529+0000] {logging_mixin.py:188} INFO - [2025-10-17T03:00:51.529+0000] {dagbag.py:545} INFO - Filling up the DagBag from /home/airflow/.local/lib/python3.12/site-packages/airflow/example_dags/example_short_circuit_decorator.py
[2025-10-17T03:00:51.537+0000] {processor.py:840} INFO - DAG(s) 'example_short_circuit_decorator' retrieved from /home/airflow/.local/lib/python3.12/site-packages/airflow/example_dags/example_short_circuit_decorator.py
[2025-10-17T03:00:51.556+0000] {logging_mixin.py:188} INFO - [2025-10-17T03:00:51.555+0000] {dag.py:3096} INFO - Sync 1 DAGs
[2025-10-17T03:00:51.573+0000] {logging_mixin.py:188} INFO - [2025-10-17T03:00:51.573+0000] {dag.py:3954} INFO - Setting next_dagrun for example_short_circuit_decorator to 2025-10-16 00:00:00+00:00, run_after=2025-10-17 00:00:00+00:00
[2025-10-17T03:00:51.590+0000] {processor.py:183} INFO - Processing /home/airflow/.local/lib/python3.12/site-packages/airflow/example_dags/example_short_circuit_decorator.py took 0.068 seconds
[2025-10-17T03:01:22.545+0000] {processor.py:161} INFO - Started process (PID=789) to work on /home/airflow/.local/lib/python3.12/site-packages/airflow/example_dags/example_short_circuit_decorator.py
[2025-10-17T03:01:22.546+0000] {processor.py:830} INFO - Processing file /home/airflow/.local/lib/python3.12/site-packages/airflow/example_dags/example_short_circuit_decorator.py for tasks to queue
[2025-10-17T03:01:22.548+0000] {logging_mixin.py:188} INFO - [2025-10-17T03:01:22.548+0000] {dagbag.py:545} INFO - Filling up the DagBag from /home/airflow/.local/lib/python3.12/site-packages/airflow/example_dags/example_short_circuit_decorator.py
[2025-10-17T03:01:22.557+0000] {processor.py:840} INFO - DAG(s) 'example_short_circuit_decorator' retrieved from /home/airflow/.local/lib/python3.12/site-packages/airflow/example_dags/example_short_circuit_decorator.py
[2025-10-17T03:01:22.580+0000] {logging_mixin.py:188} INFO - [2025-10-17T03:01:22.579+0000] {dag.py:3096} INFO - Sync 1 DAGs
[2025-10-17T03:01:22.598+0000] {logging_mixin.py:188} INFO - [2025-10-17T03:01:22.598+0000] {dag.py:3954} INFO - Setting next_dagrun for example_short_circuit_decorator to 2025-10-16 00:00:00+00:00, run_after=2025-10-17 00:00:00+00:00
[2025-10-17T03:01:22.615+0000] {processor.py:183} INFO - Processing /home/airflow/.local/lib/python3.12/site-packages/airflow/example_dags/example_short_circuit_decorator.py took 0.075 seconds
[2025-10-17T03:01:54.719+0000] {processor.py:161} INFO - Started process (PID=848) to work on /home/airflow/.local/lib/python3.12/site-packages/airflow/example_dags/example_short_circuit_decorator.py
[2025-10-17T03:01:54.721+0000] {processor.py:830} INFO - Processing file /home/airflow/.local/lib/python3.12/site-packages/airflow/example_dags/example_short_circuit_decorator.py for tasks to queue
[2025-10-17T03:01:54.722+0000] {logging_mixin.py:188} INFO - [2025-10-17T03:01:54.722+0000] {dagbag.py:545} INFO - Filling up the DagBag from /home/airflow/.local/lib/python3.12/site-packages/airflow/example_dags/example_short_circuit_decorator.py
[2025-10-17T03:01:54.729+0000] {processor.py:840} INFO - DAG(s) 'example_short_circuit_decorator' retrieved from /home/airflow/.local/lib/python3.12/site-packages/airflow/example_dags/example_short_circuit_decorator.py
[2025-10-17T03:01:54.751+0000] {logging_mixin.py:188} INFO - [2025-10-17T03:01:54.751+0000] {dag.py:3096} INFO - Sync 1 DAGs
[2025-10-17T03:01:54.769+0000] {logging_mixin.py:188} INFO - [2025-10-17T03:01:54.769+0000] {dag.py:3954} INFO - Setting next_dagrun for example_short_circuit_decorator to 2025-10-16 00:00:00+00:00, run_after=2025-10-17 00:00:00+00:00
[2025-10-17T03:01:54.783+0000] {processor.py:183} INFO - Processing /home/airflow/.local/lib/python3.12/site-packages/airflow/example_dags/example_short_circuit_decorator.py took 0.068 seconds
[2025-10-17T03:02:26.286+0000] {processor.py:161} INFO - Started process (PID=908) to work on /home/airflow/.local/lib/python3.12/site-packages/airflow/example_dags/example_short_circuit_decorator.py
[2025-10-17T03:02:26.287+0000] {processor.py:830} INFO - Processing file /home/airflow/.local/lib/python3.12/site-packages/airflow/example_dags/example_short_circuit_decorator.py for tasks to queue
[2025-10-17T03:02:26.289+0000] {logging_mixin.py:188} INFO - [2025-10-17T03:02:26.288+0000] {dagbag.py:545} INFO - Filling up the DagBag from /home/airflow/.local/lib/python3.12/site-packages/airflow/example_dags/example_short_circuit_decorator.py
[2025-10-17T03:02:26.298+0000] {processor.py:840} INFO - DAG(s) 'example_short_circuit_decorator' retrieved from /home/airflow/.local/lib/python3.12/site-packages/airflow/example_dags/example_short_circuit_decorator.py
[2025-10-17T03:02:26.317+0000] {logging_mixin.py:188} INFO - [2025-10-17T03:02:26.316+0000] {dag.py:3096} INFO - Sync 1 DAGs
[2025-10-17T03:02:26.334+0000] {logging_mixin.py:188} INFO - [2025-10-17T03:02:26.333+0000] {dag.py:3954} INFO - Setting next_dagrun for example_short_circuit_decorator to 2025-10-16 00:00:00+00:00, run_after=2025-10-17 00:00:00+00:00
[2025-10-17T03:02:26.354+0000] {processor.py:183} INFO - Processing /home/airflow/.local/lib/python3.12/site-packages/airflow/example_dags/example_short_circuit_decorator.py took 0.073 seconds
[2025-10-17T03:02:57.582+0000] {processor.py:161} INFO - Started process (PID=967) to work on /home/airflow/.local/lib/python3.12/site-packages/airflow/example_dags/example_short_circuit_decorator.py
[2025-10-17T03:02:57.583+0000] {processor.py:830} INFO - Processing file /home/airflow/.local/lib/python3.12/site-packages/airflow/example_dags/example_short_circuit_decorator.py for tasks to queue
[2025-10-17T03:02:57.585+0000] {logging_mixin.py:188} INFO - [2025-10-17T03:02:57.584+0000] {dagbag.py:545} INFO - Filling up the DagBag from /home/airflow/.local/lib/python3.12/site-packages/airflow/example_dags/example_short_circuit_decorator.py
[2025-10-17T03:02:57.592+0000] {processor.py:840} INFO - DAG(s) 'example_short_circuit_decorator' retrieved from /home/airflow/.local/lib/python3.12/site-packages/airflow/example_dags/example_short_circuit_decorator.py
[2025-10-17T03:02:57.615+0000] {logging_mixin.py:188} INFO - [2025-10-17T03:02:57.615+0000] {dag.py:3096} INFO - Sync 1 DAGs
[2025-10-17T03:02:57.635+0000] {logging_mixin.py:188} INFO - [2025-10-17T03:02:57.634+0000] {dag.py:3954} INFO - Setting next_dagrun for example_short_circuit_decorator to 2025-10-16 00:00:00+00:00, run_after=2025-10-17 00:00:00+00:00
[2025-10-17T03:02:57.655+0000] {processor.py:183} INFO - Processing /home/airflow/.local/lib/python3.12/site-packages/airflow/example_dags/example_short_circuit_decorator.py took 0.078 seconds
[2025-10-17T03:03:30.115+0000] {processor.py:161} INFO - Started process (PID=1026) to work on /home/airflow/.local/lib/python3.12/site-packages/airflow/example_dags/example_short_circuit_decorator.py
[2025-10-17T03:03:30.116+0000] {processor.py:830} INFO - Processing file /home/airflow/.local/lib/python3.12/site-packages/airflow/example_dags/example_short_circuit_decorator.py for tasks to queue
[2025-10-17T03:03:30.118+0000] {logging_mixin.py:188} INFO - [2025-10-17T03:03:30.118+0000] {dagbag.py:545} INFO - Filling up the DagBag from /home/airflow/.local/lib/python3.12/site-packages/airflow/example_dags/example_short_circuit_decorator.py
[2025-10-17T03:03:30.128+0000] {processor.py:840} INFO - DAG(s) 'example_short_circuit_decorator' retrieved from /home/airflow/.local/lib/python3.12/site-packages/airflow/example_dags/example_short_circuit_decorator.py
[2025-10-17T03:03:30.149+0000] {logging_mixin.py:188} INFO - [2025-10-17T03:03:30.149+0000] {dag.py:3096} INFO - Sync 1 DAGs
[2025-10-17T03:03:30.176+0000] {logging_mixin.py:188} INFO - [2025-10-17T03:03:30.175+0000] {dag.py:3954} INFO - Setting next_dagrun for example_short_circuit_decorator to 2025-10-16 00:00:00+00:00, run_after=2025-10-17 00:00:00+00:00
[2025-10-17T03:03:30.196+0000] {processor.py:183} INFO - Processing /home/airflow/.local/lib/python3.12/site-packages/airflow/example_dags/example_short_circuit_decorator.py took 0.088 seconds
[2025-10-17T03:04:01.996+0000] {processor.py:161} INFO - Started process (PID=1085) to work on /home/airflow/.local/lib/python3.12/site-packages/airflow/example_dags/example_short_circuit_decorator.py
[2025-10-17T03:04:01.997+0000] {processor.py:830} INFO - Processing file /home/airflow/.local/lib/python3.12/site-packages/airflow/example_dags/example_short_circuit_decorator.py for tasks to queue
[2025-10-17T03:04:01.999+0000] {logging_mixin.py:188} INFO - [2025-10-17T03:04:01.998+0000] {dagbag.py:545} INFO - Filling up the DagBag from /home/airflow/.local/lib/python3.12/site-packages/airflow/example_dags/example_short_circuit_decorator.py
[2025-10-17T03:04:02.005+0000] {processor.py:840} INFO - DAG(s) 'example_short_circuit_decorator' retrieved from /home/airflow/.local/lib/python3.12/site-packages/airflow/example_dags/example_short_circuit_decorator.py
[2025-10-17T03:04:02.030+0000] {logging_mixin.py:188} INFO - [2025-10-17T03:04:02.030+0000] {dag.py:3096} INFO - Sync 1 DAGs
[2025-10-17T03:04:02.047+0000] {logging_mixin.py:188} INFO - [2025-10-17T03:04:02.047+0000] {dag.py:3954} INFO - Setting next_dagrun for example_short_circuit_decorator to 2025-10-16 00:00:00+00:00, run_after=2025-10-17 00:00:00+00:00
[2025-10-17T03:04:02.067+0000] {processor.py:183} INFO - Processing /home/airflow/.local/lib/python3.12/site-packages/airflow/example_dags/example_short_circuit_decorator.py took 0.077 seconds
[2025-10-17T03:04:33.145+0000] {processor.py:161} INFO - Started process (PID=1144) to work on /home/airflow/.local/lib/python3.12/site-packages/airflow/example_dags/example_short_circuit_decorator.py
[2025-10-17T03:04:33.146+0000] {processor.py:830} INFO - Processing file /home/airflow/.local/lib/python3.12/site-packages/airflow/example_dags/example_short_circuit_decorator.py for tasks to queue
[2025-10-17T03:04:33.150+0000] {logging_mixin.py:188} INFO - [2025-10-17T03:04:33.149+0000] {dagbag.py:545} INFO - Filling up the DagBag from /home/airflow/.local/lib/python3.12/site-packages/airflow/example_dags/example_short_circuit_decorator.py
[2025-10-17T03:04:33.158+0000] {processor.py:840} INFO - DAG(s) 'example_short_circuit_decorator' retrieved from /home/airflow/.local/lib/python3.12/site-packages/airflow/example_dags/example_short_circuit_decorator.py
[2025-10-17T03:04:33.179+0000] {logging_mixin.py:188} INFO - [2025-10-17T03:04:33.179+0000] {dag.py:3096} INFO - Sync 1 DAGs
[2025-10-17T03:04:33.198+0000] {logging_mixin.py:188} INFO - [2025-10-17T03:04:33.198+0000] {dag.py:3954} INFO - Setting next_dagrun for example_short_circuit_decorator to 2025-10-16 00:00:00+00:00, run_after=2025-10-17 00:00:00+00:00
[2025-10-17T03:04:33.213+0000] {processor.py:183} INFO - Processing /home/airflow/.local/lib/python3.12/site-packages/airflow/example_dags/example_short_circuit_decorator.py took 0.075 seconds
[2025-10-17T03:05:05.629+0000] {processor.py:161} INFO - Started process (PID=1204) to work on /home/airflow/.local/lib/python3.12/site-packages/airflow/example_dags/example_short_circuit_decorator.py
[2025-10-17T03:05:05.630+0000] {processor.py:830} INFO - Processing file /home/airflow/.local/lib/python3.12/site-packages/airflow/example_dags/example_short_circuit_decorator.py for tasks to queue
[2025-10-17T03:05:05.632+0000] {logging_mixin.py:188} INFO - [2025-10-17T03:05:05.632+0000] {dagbag.py:545} INFO - Filling up the DagBag from /home/airflow/.local/lib/python3.12/site-packages/airflow/example_dags/example_short_circuit_decorator.py
[2025-10-17T03:05:05.641+0000] {processor.py:840} INFO - DAG(s) 'example_short_circuit_decorator' retrieved from /home/airflow/.local/lib/python3.12/site-packages/airflow/example_dags/example_short_circuit_decorator.py
[2025-10-17T03:05:05.665+0000] {logging_mixin.py:188} INFO - [2025-10-17T03:05:05.664+0000] {dag.py:3096} INFO - Sync 1 DAGs
[2025-10-17T03:05:05.685+0000] {logging_mixin.py:188} INFO - [2025-10-17T03:05:05.684+0000] {dag.py:3954} INFO - Setting next_dagrun for example_short_circuit_decorator to 2025-10-16 00:00:00+00:00, run_after=2025-10-17 00:00:00+00:00
[2025-10-17T03:05:05.702+0000] {processor.py:183} INFO - Processing /home/airflow/.local/lib/python3.12/site-packages/airflow/example_dags/example_short_circuit_decorator.py took 0.079 seconds
[2025-10-17T03:05:36.867+0000] {processor.py:161} INFO - Started process (PID=1263) to work on /home/airflow/.local/lib/python3.12/site-packages/airflow/example_dags/example_short_circuit_decorator.py
[2025-10-17T03:05:36.868+0000] {processor.py:830} INFO - Processing file /home/airflow/.local/lib/python3.12/site-packages/airflow/example_dags/example_short_circuit_decorator.py for tasks to queue
[2025-10-17T03:05:36.871+0000] {logging_mixin.py:188} INFO - [2025-10-17T03:05:36.870+0000] {dagbag.py:545} INFO - Filling up the DagBag from /home/airflow/.local/lib/python3.12/site-packages/airflow/example_dags/example_short_circuit_decorator.py
[2025-10-17T03:05:36.878+0000] {processor.py:840} INFO - DAG(s) 'example_short_circuit_decorator' retrieved from /home/airflow/.local/lib/python3.12/site-packages/airflow/example_dags/example_short_circuit_decorator.py
[2025-10-17T03:05:36.897+0000] {logging_mixin.py:188} INFO - [2025-10-17T03:05:36.897+0000] {dag.py:3096} INFO - Sync 1 DAGs
[2025-10-17T03:05:36.914+0000] {logging_mixin.py:188} INFO - [2025-10-17T03:05:36.914+0000] {dag.py:3954} INFO - Setting next_dagrun for example_short_circuit_decorator to 2025-10-16 00:00:00+00:00, run_after=2025-10-17 00:00:00+00:00
[2025-10-17T03:05:36.931+0000] {processor.py:183} INFO - Processing /home/airflow/.local/lib/python3.12/site-packages/airflow/example_dags/example_short_circuit_decorator.py took 0.068 seconds
[2025-10-17T03:06:10.713+0000] {processor.py:161} INFO - Started process (PID=1328) to work on /home/airflow/.local/lib/python3.12/site-packages/airflow/example_dags/example_short_circuit_decorator.py
[2025-10-17T03:06:10.714+0000] {processor.py:830} INFO - Processing file /home/airflow/.local/lib/python3.12/site-packages/airflow/example_dags/example_short_circuit_decorator.py for tasks to queue
[2025-10-17T03:06:10.716+0000] {logging_mixin.py:188} INFO - [2025-10-17T03:06:10.716+0000] {dagbag.py:545} INFO - Filling up the DagBag from /home/airflow/.local/lib/python3.12/site-packages/airflow/example_dags/example_short_circuit_decorator.py
[2025-10-17T03:06:10.724+0000] {processor.py:840} INFO - DAG(s) 'example_short_circuit_decorator' retrieved from /home/airflow/.local/lib/python3.12/site-packages/airflow/example_dags/example_short_circuit_decorator.py
[2025-10-17T03:06:10.745+0000] {logging_mixin.py:188} INFO - [2025-10-17T03:06:10.745+0000] {dag.py:3096} INFO - Sync 1 DAGs
[2025-10-17T03:06:10.889+0000] {logging_mixin.py:188} INFO - [2025-10-17T03:06:10.888+0000] {dag.py:3954} INFO - Setting next_dagrun for example_short_circuit_decorator to 2025-10-16 00:00:00+00:00, run_after=2025-10-17 00:00:00+00:00
[2025-10-17T03:06:10.906+0000] {processor.py:183} INFO - Processing /home/airflow/.local/lib/python3.12/site-packages/airflow/example_dags/example_short_circuit_decorator.py took 0.198 seconds
[2025-10-17T03:06:41.549+0000] {processor.py:161} INFO - Started process (PID=1387) to work on /home/airflow/.local/lib/python3.12/site-packages/airflow/example_dags/example_short_circuit_decorator.py
[2025-10-17T03:06:41.551+0000] {processor.py:830} INFO - Processing file /home/airflow/.local/lib/python3.12/site-packages/airflow/example_dags/example_short_circuit_decorator.py for tasks to queue
[2025-10-17T03:06:41.553+0000] {logging_mixin.py:188} INFO - [2025-10-17T03:06:41.553+0000] {dagbag.py:545} INFO - Filling up the DagBag from /home/airflow/.local/lib/python3.12/site-packages/airflow/example_dags/example_short_circuit_decorator.py
[2025-10-17T03:06:41.561+0000] {processor.py:840} INFO - DAG(s) 'example_short_circuit_decorator' retrieved from /home/airflow/.local/lib/python3.12/site-packages/airflow/example_dags/example_short_circuit_decorator.py
[2025-10-17T03:06:41.583+0000] {logging_mixin.py:188} INFO - [2025-10-17T03:06:41.582+0000] {dag.py:3096} INFO - Sync 1 DAGs
[2025-10-17T03:06:41.600+0000] {logging_mixin.py:188} INFO - [2025-10-17T03:06:41.600+0000] {dag.py:3954} INFO - Setting next_dagrun for example_short_circuit_decorator to 2025-10-16 00:00:00+00:00, run_after=2025-10-17 00:00:00+00:00
[2025-10-17T03:06:41.740+0000] {processor.py:183} INFO - Processing /home/airflow/.local/lib/python3.12/site-packages/airflow/example_dags/example_short_circuit_decorator.py took 0.196 seconds
[2025-10-17T03:07:12.048+0000] {processor.py:161} INFO - Started process (PID=1446) to work on /home/airflow/.local/lib/python3.12/site-packages/airflow/example_dags/example_short_circuit_decorator.py
[2025-10-17T03:07:12.049+0000] {processor.py:830} INFO - Processing file /home/airflow/.local/lib/python3.12/site-packages/airflow/example_dags/example_short_circuit_decorator.py for tasks to queue
[2025-10-17T03:07:12.051+0000] {logging_mixin.py:188} INFO - [2025-10-17T03:07:12.051+0000] {dagbag.py:545} INFO - Filling up the DagBag from /home/airflow/.local/lib/python3.12/site-packages/airflow/example_dags/example_short_circuit_decorator.py
[2025-10-17T03:07:12.061+0000] {processor.py:840} INFO - DAG(s) 'example_short_circuit_decorator' retrieved from /home/airflow/.local/lib/python3.12/site-packages/airflow/example_dags/example_short_circuit_decorator.py
[2025-10-17T03:07:12.084+0000] {logging_mixin.py:188} INFO - [2025-10-17T03:07:12.083+0000] {dag.py:3096} INFO - Sync 1 DAGs
[2025-10-17T03:07:12.104+0000] {logging_mixin.py:188} INFO - [2025-10-17T03:07:12.103+0000] {dag.py:3954} INFO - Setting next_dagrun for example_short_circuit_decorator to 2025-10-16 00:00:00+00:00, run_after=2025-10-17 00:00:00+00:00
[2025-10-17T03:07:12.125+0000] {processor.py:183} INFO - Processing /home/airflow/.local/lib/python3.12/site-packages/airflow/example_dags/example_short_circuit_decorator.py took 0.082 seconds
[2025-10-17T03:07:42.385+0000] {processor.py:161} INFO - Started process (PID=1499) to work on /home/airflow/.local/lib/python3.12/site-packages/airflow/example_dags/example_short_circuit_decorator.py
[2025-10-17T03:07:42.386+0000] {processor.py:830} INFO - Processing file /home/airflow/.local/lib/python3.12/site-packages/airflow/example_dags/example_short_circuit_decorator.py for tasks to queue
[2025-10-17T03:07:42.388+0000] {logging_mixin.py:188} INFO - [2025-10-17T03:07:42.388+0000] {dagbag.py:545} INFO - Filling up the DagBag from /home/airflow/.local/lib/python3.12/site-packages/airflow/example_dags/example_short_circuit_decorator.py
[2025-10-17T03:07:42.396+0000] {processor.py:840} INFO - DAG(s) 'example_short_circuit_decorator' retrieved from /home/airflow/.local/lib/python3.12/site-packages/airflow/example_dags/example_short_circuit_decorator.py
[2025-10-17T03:07:42.418+0000] {logging_mixin.py:188} INFO - [2025-10-17T03:07:42.418+0000] {dag.py:3096} INFO - Sync 1 DAGs
[2025-10-17T03:07:42.437+0000] {logging_mixin.py:188} INFO - [2025-10-17T03:07:42.437+0000] {dag.py:3954} INFO - Setting next_dagrun for example_short_circuit_decorator to 2025-10-16 00:00:00+00:00, run_after=2025-10-17 00:00:00+00:00
[2025-10-17T03:07:42.455+0000] {processor.py:183} INFO - Processing /home/airflow/.local/lib/python3.12/site-packages/airflow/example_dags/example_short_circuit_decorator.py took 0.076 seconds
[2025-10-17T03:08:13.248+0000] {processor.py:161} INFO - Started process (PID=1558) to work on /home/airflow/.local/lib/python3.12/site-packages/airflow/example_dags/example_short_circuit_decorator.py
[2025-10-17T03:08:13.249+0000] {processor.py:830} INFO - Processing file /home/airflow/.local/lib/python3.12/site-packages/airflow/example_dags/example_short_circuit_decorator.py for tasks to queue
[2025-10-17T03:08:13.251+0000] {logging_mixin.py:188} INFO - [2025-10-17T03:08:13.251+0000] {dagbag.py:545} INFO - Filling up the DagBag from /home/airflow/.local/lib/python3.12/site-packages/airflow/example_dags/example_short_circuit_decorator.py
[2025-10-17T03:08:13.259+0000] {processor.py:840} INFO - DAG(s) 'example_short_circuit_decorator' retrieved from /home/airflow/.local/lib/python3.12/site-packages/airflow/example_dags/example_short_circuit_decorator.py
[2025-10-17T03:08:13.279+0000] {logging_mixin.py:188} INFO - [2025-10-17T03:08:13.279+0000] {dag.py:3096} INFO - Sync 1 DAGs
[2025-10-17T03:08:13.298+0000] {logging_mixin.py:188} INFO - [2025-10-17T03:08:13.298+0000] {dag.py:3954} INFO - Setting next_dagrun for example_short_circuit_decorator to 2025-10-16 00:00:00+00:00, run_after=2025-10-17 00:00:00+00:00
[2025-10-17T03:08:13.317+0000] {processor.py:183} INFO - Processing /home/airflow/.local/lib/python3.12/site-packages/airflow/example_dags/example_short_circuit_decorator.py took 0.075 seconds
[2025-10-17T03:08:43.654+0000] {processor.py:161} INFO - Started process (PID=1622) to work on /home/airflow/.local/lib/python3.12/site-packages/airflow/example_dags/example_short_circuit_decorator.py
[2025-10-17T03:08:43.655+0000] {processor.py:830} INFO - Processing file /home/airflow/.local/lib/python3.12/site-packages/airflow/example_dags/example_short_circuit_decorator.py for tasks to queue
[2025-10-17T03:08:43.657+0000] {logging_mixin.py:188} INFO - [2025-10-17T03:08:43.657+0000] {dagbag.py:545} INFO - Filling up the DagBag from /home/airflow/.local/lib/python3.12/site-packages/airflow/example_dags/example_short_circuit_decorator.py
[2025-10-17T03:08:43.665+0000] {processor.py:840} INFO - DAG(s) 'example_short_circuit_decorator' retrieved from /home/airflow/.local/lib/python3.12/site-packages/airflow/example_dags/example_short_circuit_decorator.py
[2025-10-17T03:08:43.685+0000] {logging_mixin.py:188} INFO - [2025-10-17T03:08:43.685+0000] {dag.py:3096} INFO - Sync 1 DAGs
[2025-10-17T03:08:43.704+0000] {logging_mixin.py:188} INFO - [2025-10-17T03:08:43.704+0000] {dag.py:3954} INFO - Setting next_dagrun for example_short_circuit_decorator to 2025-10-16 00:00:00+00:00, run_after=2025-10-17 00:00:00+00:00
[2025-10-17T03:08:43.723+0000] {processor.py:183} INFO - Processing /home/airflow/.local/lib/python3.12/site-packages/airflow/example_dags/example_short_circuit_decorator.py took 0.074 seconds
[2025-10-17T03:09:13.877+0000] {processor.py:161} INFO - Started process (PID=1681) to work on /home/airflow/.local/lib/python3.12/site-packages/airflow/example_dags/example_short_circuit_decorator.py
[2025-10-17T03:09:13.878+0000] {processor.py:830} INFO - Processing file /home/airflow/.local/lib/python3.12/site-packages/airflow/example_dags/example_short_circuit_decorator.py for tasks to queue
[2025-10-17T03:09:13.880+0000] {logging_mixin.py:188} INFO - [2025-10-17T03:09:13.880+0000] {dagbag.py:545} INFO - Filling up the DagBag from /home/airflow/.local/lib/python3.12/site-packages/airflow/example_dags/example_short_circuit_decorator.py
[2025-10-17T03:09:13.887+0000] {processor.py:840} INFO - DAG(s) 'example_short_circuit_decorator' retrieved from /home/airflow/.local/lib/python3.12/site-packages/airflow/example_dags/example_short_circuit_decorator.py
[2025-10-17T03:09:13.907+0000] {logging_mixin.py:188} INFO - [2025-10-17T03:09:13.906+0000] {dag.py:3096} INFO - Sync 1 DAGs
[2025-10-17T03:09:13.926+0000] {logging_mixin.py:188} INFO - [2025-10-17T03:09:13.926+0000] {dag.py:3954} INFO - Setting next_dagrun for example_short_circuit_decorator to 2025-10-16 00:00:00+00:00, run_after=2025-10-17 00:00:00+00:00
[2025-10-17T03:09:13.945+0000] {processor.py:183} INFO - Processing /home/airflow/.local/lib/python3.12/site-packages/airflow/example_dags/example_short_circuit_decorator.py took 0.073 seconds
[2025-10-17T03:09:44.302+0000] {processor.py:161} INFO - Started process (PID=1740) to work on /home/airflow/.local/lib/python3.12/site-packages/airflow/example_dags/example_short_circuit_decorator.py
[2025-10-17T03:09:44.303+0000] {processor.py:830} INFO - Processing file /home/airflow/.local/lib/python3.12/site-packages/airflow/example_dags/example_short_circuit_decorator.py for tasks to queue
[2025-10-17T03:09:44.305+0000] {logging_mixin.py:188} INFO - [2025-10-17T03:09:44.304+0000] {dagbag.py:545} INFO - Filling up the DagBag from /home/airflow/.local/lib/python3.12/site-packages/airflow/example_dags/example_short_circuit_decorator.py
[2025-10-17T03:09:44.313+0000] {processor.py:840} INFO - DAG(s) 'example_short_circuit_decorator' retrieved from /home/airflow/.local/lib/python3.12/site-packages/airflow/example_dags/example_short_circuit_decorator.py
[2025-10-17T03:09:44.333+0000] {logging_mixin.py:188} INFO - [2025-10-17T03:09:44.332+0000] {dag.py:3096} INFO - Sync 1 DAGs
[2025-10-17T03:09:44.351+0000] {logging_mixin.py:188} INFO - [2025-10-17T03:09:44.350+0000] {dag.py:3954} INFO - Setting next_dagrun for example_short_circuit_decorator to 2025-10-16 00:00:00+00:00, run_after=2025-10-17 00:00:00+00:00
[2025-10-17T03:09:44.367+0000] {processor.py:183} INFO - Processing /home/airflow/.local/lib/python3.12/site-packages/airflow/example_dags/example_short_circuit_decorator.py took 0.071 seconds
[2025-10-17T03:10:14.826+0000] {processor.py:161} INFO - Started process (PID=1799) to work on /home/airflow/.local/lib/python3.12/site-packages/airflow/example_dags/example_short_circuit_decorator.py
[2025-10-17T03:10:14.827+0000] {processor.py:830} INFO - Processing file /home/airflow/.local/lib/python3.12/site-packages/airflow/example_dags/example_short_circuit_decorator.py for tasks to queue
[2025-10-17T03:10:14.829+0000] {logging_mixin.py:188} INFO - [2025-10-17T03:10:14.829+0000] {dagbag.py:545} INFO - Filling up the DagBag from /home/airflow/.local/lib/python3.12/site-packages/airflow/example_dags/example_short_circuit_decorator.py
[2025-10-17T03:10:14.838+0000] {processor.py:840} INFO - DAG(s) 'example_short_circuit_decorator' retrieved from /home/airflow/.local/lib/python3.12/site-packages/airflow/example_dags/example_short_circuit_decorator.py
[2025-10-17T03:10:14.862+0000] {logging_mixin.py:188} INFO - [2025-10-17T03:10:14.862+0000] {dag.py:3096} INFO - Sync 1 DAGs
[2025-10-17T03:10:14.885+0000] {logging_mixin.py:188} INFO - [2025-10-17T03:10:14.885+0000] {dag.py:3954} INFO - Setting next_dagrun for example_short_circuit_decorator to 2025-10-16 00:00:00+00:00, run_after=2025-10-17 00:00:00+00:00
[2025-10-17T03:10:14.906+0000] {processor.py:183} INFO - Processing /home/airflow/.local/lib/python3.12/site-packages/airflow/example_dags/example_short_circuit_decorator.py took 0.086 seconds
[2025-10-17T03:10:44.991+0000] {processor.py:161} INFO - Started process (PID=1858) to work on /home/airflow/.local/lib/python3.12/site-packages/airflow/example_dags/example_short_circuit_decorator.py
[2025-10-17T03:10:44.992+0000] {processor.py:830} INFO - Processing file /home/airflow/.local/lib/python3.12/site-packages/airflow/example_dags/example_short_circuit_decorator.py for tasks to queue
[2025-10-17T03:10:44.994+0000] {logging_mixin.py:188} INFO - [2025-10-17T03:10:44.993+0000] {dagbag.py:545} INFO - Filling up the DagBag from /home/airflow/.local/lib/python3.12/site-packages/airflow/example_dags/example_short_circuit_decorator.py
[2025-10-17T03:10:45.001+0000] {processor.py:840} INFO - DAG(s) 'example_short_circuit_decorator' retrieved from /home/airflow/.local/lib/python3.12/site-packages/airflow/example_dags/example_short_circuit_decorator.py
[2025-10-17T03:10:45.025+0000] {logging_mixin.py:188} INFO - [2025-10-17T03:10:45.024+0000] {dag.py:3096} INFO - Sync 1 DAGs
[2025-10-17T03:10:45.043+0000] {logging_mixin.py:188} INFO - [2025-10-17T03:10:45.043+0000] {dag.py:3954} INFO - Setting next_dagrun for example_short_circuit_decorator to 2025-10-16 00:00:00+00:00, run_after=2025-10-17 00:00:00+00:00
[2025-10-17T03:10:45.059+0000] {processor.py:183} INFO - Processing /home/airflow/.local/lib/python3.12/site-packages/airflow/example_dags/example_short_circuit_decorator.py took 0.073 seconds
[2025-10-17T03:11:15.308+0000] {processor.py:161} INFO - Started process (PID=1917) to work on /home/airflow/.local/lib/python3.12/site-packages/airflow/example_dags/example_short_circuit_decorator.py
[2025-10-17T03:11:15.309+0000] {processor.py:830} INFO - Processing file /home/airflow/.local/lib/python3.12/site-packages/airflow/example_dags/example_short_circuit_decorator.py for tasks to queue
[2025-10-17T03:11:15.311+0000] {logging_mixin.py:188} INFO - [2025-10-17T03:11:15.311+0000] {dagbag.py:545} INFO - Filling up the DagBag from /home/airflow/.local/lib/python3.12/site-packages/airflow/example_dags/example_short_circuit_decorator.py
[2025-10-17T03:11:15.319+0000] {processor.py:840} INFO - DAG(s) 'example_short_circuit_decorator' retrieved from /home/airflow/.local/lib/python3.12/site-packages/airflow/example_dags/example_short_circuit_decorator.py
[2025-10-17T03:11:15.338+0000] {logging_mixin.py:188} INFO - [2025-10-17T03:11:15.338+0000] {dag.py:3096} INFO - Sync 1 DAGs
[2025-10-17T03:11:15.355+0000] {logging_mixin.py:188} INFO - [2025-10-17T03:11:15.355+0000] {dag.py:3954} INFO - Setting next_dagrun for example_short_circuit_decorator to 2025-10-16 00:00:00+00:00, run_after=2025-10-17 00:00:00+00:00
[2025-10-17T03:11:15.373+0000] {processor.py:183} INFO - Processing /home/airflow/.local/lib/python3.12/site-packages/airflow/example_dags/example_short_circuit_decorator.py took 0.070 seconds
[2025-10-17T03:11:45.919+0000] {processor.py:161} INFO - Started process (PID=1976) to work on /home/airflow/.local/lib/python3.12/site-packages/airflow/example_dags/example_short_circuit_decorator.py
[2025-10-17T03:11:45.920+0000] {processor.py:830} INFO - Processing file /home/airflow/.local/lib/python3.12/site-packages/airflow/example_dags/example_short_circuit_decorator.py for tasks to queue
[2025-10-17T03:11:45.922+0000] {logging_mixin.py:188} INFO - [2025-10-17T03:11:45.922+0000] {dagbag.py:545} INFO - Filling up the DagBag from /home/airflow/.local/lib/python3.12/site-packages/airflow/example_dags/example_short_circuit_decorator.py
[2025-10-17T03:11:45.930+0000] {processor.py:840} INFO - DAG(s) 'example_short_circuit_decorator' retrieved from /home/airflow/.local/lib/python3.12/site-packages/airflow/example_dags/example_short_circuit_decorator.py
[2025-10-17T03:11:45.950+0000] {logging_mixin.py:188} INFO - [2025-10-17T03:11:45.949+0000] {dag.py:3096} INFO - Sync 1 DAGs
[2025-10-17T03:11:45.968+0000] {logging_mixin.py:188} INFO - [2025-10-17T03:11:45.968+0000] {dag.py:3954} INFO - Setting next_dagrun for example_short_circuit_decorator to 2025-10-16 00:00:00+00:00, run_after=2025-10-17 00:00:00+00:00
[2025-10-17T03:11:45.986+0000] {processor.py:183} INFO - Processing /home/airflow/.local/lib/python3.12/site-packages/airflow/example_dags/example_short_circuit_decorator.py took 0.072 seconds
[2025-10-17T03:12:16.580+0000] {processor.py:161} INFO - Started process (PID=2035) to work on /home/airflow/.local/lib/python3.12/site-packages/airflow/example_dags/example_short_circuit_decorator.py
[2025-10-17T03:12:16.581+0000] {processor.py:830} INFO - Processing file /home/airflow/.local/lib/python3.12/site-packages/airflow/example_dags/example_short_circuit_decorator.py for tasks to queue
[2025-10-17T03:12:16.583+0000] {logging_mixin.py:188} INFO - [2025-10-17T03:12:16.583+0000] {dagbag.py:545} INFO - Filling up the DagBag from /home/airflow/.local/lib/python3.12/site-packages/airflow/example_dags/example_short_circuit_decorator.py
[2025-10-17T03:12:16.591+0000] {processor.py:840} INFO - DAG(s) 'example_short_circuit_decorator' retrieved from /home/airflow/.local/lib/python3.12/site-packages/airflow/example_dags/example_short_circuit_decorator.py
[2025-10-17T03:12:16.611+0000] {logging_mixin.py:188} INFO - [2025-10-17T03:12:16.611+0000] {dag.py:3096} INFO - Sync 1 DAGs
[2025-10-17T03:12:16.631+0000] {logging_mixin.py:188} INFO - [2025-10-17T03:12:16.631+0000] {dag.py:3954} INFO - Setting next_dagrun for example_short_circuit_decorator to 2025-10-16 00:00:00+00:00, run_after=2025-10-17 00:00:00+00:00
[2025-10-17T03:12:16.647+0000] {processor.py:183} INFO - Processing /home/airflow/.local/lib/python3.12/site-packages/airflow/example_dags/example_short_circuit_decorator.py took 0.072 seconds
[2025-10-17T03:12:47.067+0000] {processor.py:161} INFO - Started process (PID=2094) to work on /home/airflow/.local/lib/python3.12/site-packages/airflow/example_dags/example_short_circuit_decorator.py
[2025-10-17T03:12:47.069+0000] {processor.py:830} INFO - Processing file /home/airflow/.local/lib/python3.12/site-packages/airflow/example_dags/example_short_circuit_decorator.py for tasks to queue
[2025-10-17T03:12:47.072+0000] {logging_mixin.py:188} INFO - [2025-10-17T03:12:47.071+0000] {dagbag.py:545} INFO - Filling up the DagBag from /home/airflow/.local/lib/python3.12/site-packages/airflow/example_dags/example_short_circuit_decorator.py
[2025-10-17T03:12:47.080+0000] {processor.py:840} INFO - DAG(s) 'example_short_circuit_decorator' retrieved from /home/airflow/.local/lib/python3.12/site-packages/airflow/example_dags/example_short_circuit_decorator.py
[2025-10-17T03:12:47.102+0000] {logging_mixin.py:188} INFO - [2025-10-17T03:12:47.101+0000] {dag.py:3096} INFO - Sync 1 DAGs
[2025-10-17T03:12:47.122+0000] {logging_mixin.py:188} INFO - [2025-10-17T03:12:47.122+0000] {dag.py:3954} INFO - Setting next_dagrun for example_short_circuit_decorator to 2025-10-16 00:00:00+00:00, run_after=2025-10-17 00:00:00+00:00
[2025-10-17T03:12:47.141+0000] {processor.py:183} INFO - Processing /home/airflow/.local/lib/python3.12/site-packages/airflow/example_dags/example_short_circuit_decorator.py took 0.079 seconds
[2025-10-17T03:13:17.451+0000] {processor.py:161} INFO - Started process (PID=2153) to work on /home/airflow/.local/lib/python3.12/site-packages/airflow/example_dags/example_short_circuit_decorator.py
[2025-10-17T03:13:17.452+0000] {processor.py:830} INFO - Processing file /home/airflow/.local/lib/python3.12/site-packages/airflow/example_dags/example_short_circuit_decorator.py for tasks to queue
[2025-10-17T03:13:17.455+0000] {logging_mixin.py:188} INFO - [2025-10-17T03:13:17.454+0000] {dagbag.py:545} INFO - Filling up the DagBag from /home/airflow/.local/lib/python3.12/site-packages/airflow/example_dags/example_short_circuit_decorator.py
[2025-10-17T03:13:17.463+0000] {processor.py:840} INFO - DAG(s) 'example_short_circuit_decorator' retrieved from /home/airflow/.local/lib/python3.12/site-packages/airflow/example_dags/example_short_circuit_decorator.py
[2025-10-17T03:13:17.485+0000] {logging_mixin.py:188} INFO - [2025-10-17T03:13:17.484+0000] {dag.py:3096} INFO - Sync 1 DAGs
[2025-10-17T03:13:17.505+0000] {logging_mixin.py:188} INFO - [2025-10-17T03:13:17.504+0000] {dag.py:3954} INFO - Setting next_dagrun for example_short_circuit_decorator to 2025-10-16 00:00:00+00:00, run_after=2025-10-17 00:00:00+00:00
[2025-10-17T03:13:17.527+0000] {processor.py:183} INFO - Processing /home/airflow/.local/lib/python3.12/site-packages/airflow/example_dags/example_short_circuit_decorator.py took 0.081 seconds
[2025-10-17T03:13:47.967+0000] {processor.py:161} INFO - Started process (PID=2212) to work on /home/airflow/.local/lib/python3.12/site-packages/airflow/example_dags/example_short_circuit_decorator.py
[2025-10-17T03:13:47.968+0000] {processor.py:830} INFO - Processing file /home/airflow/.local/lib/python3.12/site-packages/airflow/example_dags/example_short_circuit_decorator.py for tasks to queue
[2025-10-17T03:13:47.970+0000] {logging_mixin.py:188} INFO - [2025-10-17T03:13:47.970+0000] {dagbag.py:545} INFO - Filling up the DagBag from /home/airflow/.local/lib/python3.12/site-packages/airflow/example_dags/example_short_circuit_decorator.py
[2025-10-17T03:13:47.978+0000] {processor.py:840} INFO - DAG(s) 'example_short_circuit_decorator' retrieved from /home/airflow/.local/lib/python3.12/site-packages/airflow/example_dags/example_short_circuit_decorator.py
[2025-10-17T03:13:48.000+0000] {logging_mixin.py:188} INFO - [2025-10-17T03:13:48.000+0000] {dag.py:3096} INFO - Sync 1 DAGs
[2025-10-17T03:13:48.020+0000] {logging_mixin.py:188} INFO - [2025-10-17T03:13:48.020+0000] {dag.py:3954} INFO - Setting next_dagrun for example_short_circuit_decorator to 2025-10-16 00:00:00+00:00, run_after=2025-10-17 00:00:00+00:00
[2025-10-17T03:13:48.037+0000] {processor.py:183} INFO - Processing /home/airflow/.local/lib/python3.12/site-packages/airflow/example_dags/example_short_circuit_decorator.py took 0.077 seconds
[2025-10-17T03:14:18.893+0000] {processor.py:161} INFO - Started process (PID=2271) to work on /home/airflow/.local/lib/python3.12/site-packages/airflow/example_dags/example_short_circuit_decorator.py
[2025-10-17T03:14:18.895+0000] {processor.py:830} INFO - Processing file /home/airflow/.local/lib/python3.12/site-packages/airflow/example_dags/example_short_circuit_decorator.py for tasks to queue
[2025-10-17T03:14:18.898+0000] {logging_mixin.py:188} INFO - [2025-10-17T03:14:18.897+0000] {dagbag.py:545} INFO - Filling up the DagBag from /home/airflow/.local/lib/python3.12/site-packages/airflow/example_dags/example_short_circuit_decorator.py
[2025-10-17T03:14:18.910+0000] {processor.py:840} INFO - DAG(s) 'example_short_circuit_decorator' retrieved from /home/airflow/.local/lib/python3.12/site-packages/airflow/example_dags/example_short_circuit_decorator.py
[2025-10-17T03:14:18.938+0000] {logging_mixin.py:188} INFO - [2025-10-17T03:14:18.938+0000] {dag.py:3096} INFO - Sync 1 DAGs
[2025-10-17T03:14:18.965+0000] {logging_mixin.py:188} INFO - [2025-10-17T03:14:18.965+0000] {dag.py:3954} INFO - Setting next_dagrun for example_short_circuit_decorator to 2025-10-16 00:00:00+00:00, run_after=2025-10-17 00:00:00+00:00
[2025-10-17T03:14:18.995+0000] {processor.py:183} INFO - Processing /home/airflow/.local/lib/python3.12/site-packages/airflow/example_dags/example_short_circuit_decorator.py took 0.108 seconds
[2025-10-17T03:14:49.070+0000] {processor.py:161} INFO - Started process (PID=2330) to work on /home/airflow/.local/lib/python3.12/site-packages/airflow/example_dags/example_short_circuit_decorator.py
[2025-10-17T03:14:49.072+0000] {processor.py:830} INFO - Processing file /home/airflow/.local/lib/python3.12/site-packages/airflow/example_dags/example_short_circuit_decorator.py for tasks to queue
[2025-10-17T03:14:49.075+0000] {logging_mixin.py:188} INFO - [2025-10-17T03:14:49.074+0000] {dagbag.py:545} INFO - Filling up the DagBag from /home/airflow/.local/lib/python3.12/site-packages/airflow/example_dags/example_short_circuit_decorator.py
[2025-10-17T03:14:49.088+0000] {processor.py:840} INFO - DAG(s) 'example_short_circuit_decorator' retrieved from /home/airflow/.local/lib/python3.12/site-packages/airflow/example_dags/example_short_circuit_decorator.py
[2025-10-17T03:14:49.125+0000] {logging_mixin.py:188} INFO - [2025-10-17T03:14:49.124+0000] {dag.py:3096} INFO - Sync 1 DAGs
[2025-10-17T03:14:49.162+0000] {logging_mixin.py:188} INFO - [2025-10-17T03:14:49.162+0000] {dag.py:3954} INFO - Setting next_dagrun for example_short_circuit_decorator to 2025-10-16 00:00:00+00:00, run_after=2025-10-17 00:00:00+00:00
[2025-10-17T03:14:49.191+0000] {processor.py:183} INFO - Processing /home/airflow/.local/lib/python3.12/site-packages/airflow/example_dags/example_short_circuit_decorator.py took 0.132 seconds
[2025-10-17T03:15:19.445+0000] {processor.py:161} INFO - Started process (PID=2389) to work on /home/airflow/.local/lib/python3.12/site-packages/airflow/example_dags/example_short_circuit_decorator.py
[2025-10-17T03:15:19.447+0000] {processor.py:830} INFO - Processing file /home/airflow/.local/lib/python3.12/site-packages/airflow/example_dags/example_short_circuit_decorator.py for tasks to queue
[2025-10-17T03:15:19.449+0000] {logging_mixin.py:188} INFO - [2025-10-17T03:15:19.448+0000] {dagbag.py:545} INFO - Filling up the DagBag from /home/airflow/.local/lib/python3.12/site-packages/airflow/example_dags/example_short_circuit_decorator.py
[2025-10-17T03:15:19.457+0000] {processor.py:840} INFO - DAG(s) 'example_short_circuit_decorator' retrieved from /home/airflow/.local/lib/python3.12/site-packages/airflow/example_dags/example_short_circuit_decorator.py
[2025-10-17T03:15:19.477+0000] {logging_mixin.py:188} INFO - [2025-10-17T03:15:19.477+0000] {dag.py:3096} INFO - Sync 1 DAGs
[2025-10-17T03:15:19.497+0000] {logging_mixin.py:188} INFO - [2025-10-17T03:15:19.496+0000] {dag.py:3954} INFO - Setting next_dagrun for example_short_circuit_decorator to 2025-10-16 00:00:00+00:00, run_after=2025-10-17 00:00:00+00:00
[2025-10-17T03:15:19.514+0000] {processor.py:183} INFO - Processing /home/airflow/.local/lib/python3.12/site-packages/airflow/example_dags/example_short_circuit_decorator.py took 0.074 seconds
[2025-10-17T03:15:50.007+0000] {processor.py:161} INFO - Started process (PID=2448) to work on /home/airflow/.local/lib/python3.12/site-packages/airflow/example_dags/example_short_circuit_decorator.py
[2025-10-17T03:15:50.009+0000] {processor.py:830} INFO - Processing file /home/airflow/.local/lib/python3.12/site-packages/airflow/example_dags/example_short_circuit_decorator.py for tasks to queue
[2025-10-17T03:15:50.011+0000] {logging_mixin.py:188} INFO - [2025-10-17T03:15:50.010+0000] {dagbag.py:545} INFO - Filling up the DagBag from /home/airflow/.local/lib/python3.12/site-packages/airflow/example_dags/example_short_circuit_decorator.py
[2025-10-17T03:15:50.018+0000] {processor.py:840} INFO - DAG(s) 'example_short_circuit_decorator' retrieved from /home/airflow/.local/lib/python3.12/site-packages/airflow/example_dags/example_short_circuit_decorator.py
[2025-10-17T03:15:50.038+0000] {logging_mixin.py:188} INFO - [2025-10-17T03:15:50.038+0000] {dag.py:3096} INFO - Sync 1 DAGs
[2025-10-17T03:15:50.058+0000] {logging_mixin.py:188} INFO - [2025-10-17T03:15:50.058+0000] {dag.py:3954} INFO - Setting next_dagrun for example_short_circuit_decorator to 2025-10-16 00:00:00+00:00, run_after=2025-10-17 00:00:00+00:00
[2025-10-17T03:15:50.075+0000] {processor.py:183} INFO - Processing /home/airflow/.local/lib/python3.12/site-packages/airflow/example_dags/example_short_circuit_decorator.py took 0.073 seconds
[2025-10-17T03:16:20.550+0000] {processor.py:161} INFO - Started process (PID=2507) to work on /home/airflow/.local/lib/python3.12/site-packages/airflow/example_dags/example_short_circuit_decorator.py
[2025-10-17T03:16:20.551+0000] {processor.py:830} INFO - Processing file /home/airflow/.local/lib/python3.12/site-packages/airflow/example_dags/example_short_circuit_decorator.py for tasks to queue
[2025-10-17T03:16:20.554+0000] {logging_mixin.py:188} INFO - [2025-10-17T03:16:20.553+0000] {dagbag.py:545} INFO - Filling up the DagBag from /home/airflow/.local/lib/python3.12/site-packages/airflow/example_dags/example_short_circuit_decorator.py
[2025-10-17T03:16:20.561+0000] {processor.py:840} INFO - DAG(s) 'example_short_circuit_decorator' retrieved from /home/airflow/.local/lib/python3.12/site-packages/airflow/example_dags/example_short_circuit_decorator.py
[2025-10-17T03:16:20.583+0000] {logging_mixin.py:188} INFO - [2025-10-17T03:16:20.583+0000] {dag.py:3096} INFO - Sync 1 DAGs
[2025-10-17T03:16:20.602+0000] {logging_mixin.py:188} INFO - [2025-10-17T03:16:20.602+0000] {dag.py:3954} INFO - Setting next_dagrun for example_short_circuit_decorator to 2025-10-16 00:00:00+00:00, run_after=2025-10-17 00:00:00+00:00
[2025-10-17T03:16:20.621+0000] {processor.py:183} INFO - Processing /home/airflow/.local/lib/python3.12/site-packages/airflow/example_dags/example_short_circuit_decorator.py took 0.076 seconds
[2025-10-17T03:16:51.258+0000] {processor.py:161} INFO - Started process (PID=2566) to work on /home/airflow/.local/lib/python3.12/site-packages/airflow/example_dags/example_short_circuit_decorator.py
[2025-10-17T03:16:51.260+0000] {processor.py:830} INFO - Processing file /home/airflow/.local/lib/python3.12/site-packages/airflow/example_dags/example_short_circuit_decorator.py for tasks to queue
[2025-10-17T03:16:51.262+0000] {logging_mixin.py:188} INFO - [2025-10-17T03:16:51.262+0000] {dagbag.py:545} INFO - Filling up the DagBag from /home/airflow/.local/lib/python3.12/site-packages/airflow/example_dags/example_short_circuit_decorator.py
[2025-10-17T03:16:51.271+0000] {processor.py:840} INFO - DAG(s) 'example_short_circuit_decorator' retrieved from /home/airflow/.local/lib/python3.12/site-packages/airflow/example_dags/example_short_circuit_decorator.py
[2025-10-17T03:16:51.292+0000] {logging_mixin.py:188} INFO - [2025-10-17T03:16:51.292+0000] {dag.py:3096} INFO - Sync 1 DAGs
[2025-10-17T03:16:51.312+0000] {logging_mixin.py:188} INFO - [2025-10-17T03:16:51.311+0000] {dag.py:3954} INFO - Setting next_dagrun for example_short_circuit_decorator to 2025-10-16 00:00:00+00:00, run_after=2025-10-17 00:00:00+00:00
[2025-10-17T03:16:51.334+0000] {processor.py:183} INFO - Processing /home/airflow/.local/lib/python3.12/site-packages/airflow/example_dags/example_short_circuit_decorator.py took 0.082 seconds
[2025-10-17T03:17:21.788+0000] {processor.py:161} INFO - Started process (PID=2625) to work on /home/airflow/.local/lib/python3.12/site-packages/airflow/example_dags/example_short_circuit_decorator.py
[2025-10-17T03:17:21.789+0000] {processor.py:830} INFO - Processing file /home/airflow/.local/lib/python3.12/site-packages/airflow/example_dags/example_short_circuit_decorator.py for tasks to queue
[2025-10-17T03:17:21.791+0000] {logging_mixin.py:188} INFO - [2025-10-17T03:17:21.791+0000] {dagbag.py:545} INFO - Filling up the DagBag from /home/airflow/.local/lib/python3.12/site-packages/airflow/example_dags/example_short_circuit_decorator.py
[2025-10-17T03:17:21.798+0000] {processor.py:840} INFO - DAG(s) 'example_short_circuit_decorator' retrieved from /home/airflow/.local/lib/python3.12/site-packages/airflow/example_dags/example_short_circuit_decorator.py
[2025-10-17T03:17:21.825+0000] {logging_mixin.py:188} INFO - [2025-10-17T03:17:21.825+0000] {dag.py:3096} INFO - Sync 1 DAGs
[2025-10-17T03:17:21.842+0000] {logging_mixin.py:188} INFO - [2025-10-17T03:17:21.842+0000] {dag.py:3954} INFO - Setting next_dagrun for example_short_circuit_decorator to 2025-10-16 00:00:00+00:00, run_after=2025-10-17 00:00:00+00:00
[2025-10-17T03:17:21.871+0000] {processor.py:183} INFO - Processing /home/airflow/.local/lib/python3.12/site-packages/airflow/example_dags/example_short_circuit_decorator.py took 0.088 seconds
[2025-10-17T03:17:51.957+0000] {processor.py:161} INFO - Started process (PID=2685) to work on /home/airflow/.local/lib/python3.12/site-packages/airflow/example_dags/example_short_circuit_decorator.py
[2025-10-17T03:17:51.958+0000] {processor.py:830} INFO - Processing file /home/airflow/.local/lib/python3.12/site-packages/airflow/example_dags/example_short_circuit_decorator.py for tasks to queue
[2025-10-17T03:17:51.960+0000] {logging_mixin.py:188} INFO - [2025-10-17T03:17:51.960+0000] {dagbag.py:545} INFO - Filling up the DagBag from /home/airflow/.local/lib/python3.12/site-packages/airflow/example_dags/example_short_circuit_decorator.py
[2025-10-17T03:17:51.968+0000] {processor.py:840} INFO - DAG(s) 'example_short_circuit_decorator' retrieved from /home/airflow/.local/lib/python3.12/site-packages/airflow/example_dags/example_short_circuit_decorator.py
[2025-10-17T03:17:51.990+0000] {logging_mixin.py:188} INFO - [2025-10-17T03:17:51.990+0000] {dag.py:3096} INFO - Sync 1 DAGs
[2025-10-17T03:17:52.008+0000] {logging_mixin.py:188} INFO - [2025-10-17T03:17:52.008+0000] {dag.py:3954} INFO - Setting next_dagrun for example_short_circuit_decorator to 2025-10-16 00:00:00+00:00, run_after=2025-10-17 00:00:00+00:00
[2025-10-17T03:17:52.028+0000] {processor.py:183} INFO - Processing /home/airflow/.local/lib/python3.12/site-packages/airflow/example_dags/example_short_circuit_decorator.py took 0.077 seconds
[2025-10-17T03:18:22.532+0000] {processor.py:161} INFO - Started process (PID=2744) to work on /home/airflow/.local/lib/python3.12/site-packages/airflow/example_dags/example_short_circuit_decorator.py
[2025-10-17T03:18:22.533+0000] {processor.py:830} INFO - Processing file /home/airflow/.local/lib/python3.12/site-packages/airflow/example_dags/example_short_circuit_decorator.py for tasks to queue
[2025-10-17T03:18:22.536+0000] {logging_mixin.py:188} INFO - [2025-10-17T03:18:22.536+0000] {dagbag.py:545} INFO - Filling up the DagBag from /home/airflow/.local/lib/python3.12/site-packages/airflow/example_dags/example_short_circuit_decorator.py
[2025-10-17T03:18:22.544+0000] {processor.py:840} INFO - DAG(s) 'example_short_circuit_decorator' retrieved from /home/airflow/.local/lib/python3.12/site-packages/airflow/example_dags/example_short_circuit_decorator.py
[2025-10-17T03:18:22.568+0000] {logging_mixin.py:188} INFO - [2025-10-17T03:18:22.567+0000] {dag.py:3096} INFO - Sync 1 DAGs
[2025-10-17T03:18:22.593+0000] {logging_mixin.py:188} INFO - [2025-10-17T03:18:22.593+0000] {dag.py:3954} INFO - Setting next_dagrun for example_short_circuit_decorator to 2025-10-16 00:00:00+00:00, run_after=2025-10-17 00:00:00+00:00
[2025-10-17T03:18:22.620+0000] {processor.py:183} INFO - Processing /home/airflow/.local/lib/python3.12/site-packages/airflow/example_dags/example_short_circuit_decorator.py took 0.094 seconds
[2025-10-17T03:18:52.943+0000] {processor.py:161} INFO - Started process (PID=2803) to work on /home/airflow/.local/lib/python3.12/site-packages/airflow/example_dags/example_short_circuit_decorator.py
[2025-10-17T03:18:52.944+0000] {processor.py:830} INFO - Processing file /home/airflow/.local/lib/python3.12/site-packages/airflow/example_dags/example_short_circuit_decorator.py for tasks to queue
[2025-10-17T03:18:52.946+0000] {logging_mixin.py:188} INFO - [2025-10-17T03:18:52.946+0000] {dagbag.py:545} INFO - Filling up the DagBag from /home/airflow/.local/lib/python3.12/site-packages/airflow/example_dags/example_short_circuit_decorator.py
[2025-10-17T03:18:52.954+0000] {processor.py:840} INFO - DAG(s) 'example_short_circuit_decorator' retrieved from /home/airflow/.local/lib/python3.12/site-packages/airflow/example_dags/example_short_circuit_decorator.py
[2025-10-17T03:18:52.973+0000] {logging_mixin.py:188} INFO - [2025-10-17T03:18:52.973+0000] {dag.py:3096} INFO - Sync 1 DAGs
[2025-10-17T03:18:52.992+0000] {logging_mixin.py:188} INFO - [2025-10-17T03:18:52.991+0000] {dag.py:3954} INFO - Setting next_dagrun for example_short_circuit_decorator to 2025-10-16 00:00:00+00:00, run_after=2025-10-17 00:00:00+00:00
[2025-10-17T03:18:53.013+0000] {processor.py:183} INFO - Processing /home/airflow/.local/lib/python3.12/site-packages/airflow/example_dags/example_short_circuit_decorator.py took 0.076 seconds
[2025-10-17T03:19:23.171+0000] {processor.py:161} INFO - Started process (PID=2862) to work on /home/airflow/.local/lib/python3.12/site-packages/airflow/example_dags/example_short_circuit_decorator.py
[2025-10-17T03:19:23.173+0000] {processor.py:830} INFO - Processing file /home/airflow/.local/lib/python3.12/site-packages/airflow/example_dags/example_short_circuit_decorator.py for tasks to queue
[2025-10-17T03:19:23.175+0000] {logging_mixin.py:188} INFO - [2025-10-17T03:19:23.175+0000] {dagbag.py:545} INFO - Filling up the DagBag from /home/airflow/.local/lib/python3.12/site-packages/airflow/example_dags/example_short_circuit_decorator.py
[2025-10-17T03:19:23.185+0000] {processor.py:840} INFO - DAG(s) 'example_short_circuit_decorator' retrieved from /home/airflow/.local/lib/python3.12/site-packages/airflow/example_dags/example_short_circuit_decorator.py
[2025-10-17T03:19:23.207+0000] {logging_mixin.py:188} INFO - [2025-10-17T03:19:23.207+0000] {dag.py:3096} INFO - Sync 1 DAGs
[2025-10-17T03:19:23.231+0000] {logging_mixin.py:188} INFO - [2025-10-17T03:19:23.230+0000] {dag.py:3954} INFO - Setting next_dagrun for example_short_circuit_decorator to 2025-10-16 00:00:00+00:00, run_after=2025-10-17 00:00:00+00:00
[2025-10-17T03:19:23.254+0000] {processor.py:183} INFO - Processing /home/airflow/.local/lib/python3.12/site-packages/airflow/example_dags/example_short_circuit_decorator.py took 0.088 seconds
[2025-10-17T03:19:53.386+0000] {processor.py:161} INFO - Started process (PID=2921) to work on /home/airflow/.local/lib/python3.12/site-packages/airflow/example_dags/example_short_circuit_decorator.py
[2025-10-17T03:19:53.387+0000] {processor.py:830} INFO - Processing file /home/airflow/.local/lib/python3.12/site-packages/airflow/example_dags/example_short_circuit_decorator.py for tasks to queue
[2025-10-17T03:19:53.388+0000] {logging_mixin.py:188} INFO - [2025-10-17T03:19:53.388+0000] {dagbag.py:545} INFO - Filling up the DagBag from /home/airflow/.local/lib/python3.12/site-packages/airflow/example_dags/example_short_circuit_decorator.py
[2025-10-17T03:19:53.396+0000] {processor.py:840} INFO - DAG(s) 'example_short_circuit_decorator' retrieved from /home/airflow/.local/lib/python3.12/site-packages/airflow/example_dags/example_short_circuit_decorator.py
[2025-10-17T03:19:53.416+0000] {logging_mixin.py:188} INFO - [2025-10-17T03:19:53.416+0000] {dag.py:3096} INFO - Sync 1 DAGs
[2025-10-17T03:19:53.433+0000] {logging_mixin.py:188} INFO - [2025-10-17T03:19:53.433+0000] {dag.py:3954} INFO - Setting next_dagrun for example_short_circuit_decorator to 2025-10-16 00:00:00+00:00, run_after=2025-10-17 00:00:00+00:00
[2025-10-17T03:19:53.450+0000] {processor.py:183} INFO - Processing /home/airflow/.local/lib/python3.12/site-packages/airflow/example_dags/example_short_circuit_decorator.py took 0.070 seconds
[2025-10-17T03:20:23.748+0000] {processor.py:161} INFO - Started process (PID=2980) to work on /home/airflow/.local/lib/python3.12/site-packages/airflow/example_dags/example_short_circuit_decorator.py
[2025-10-17T03:20:23.749+0000] {processor.py:830} INFO - Processing file /home/airflow/.local/lib/python3.12/site-packages/airflow/example_dags/example_short_circuit_decorator.py for tasks to queue
[2025-10-17T03:20:23.751+0000] {logging_mixin.py:188} INFO - [2025-10-17T03:20:23.751+0000] {dagbag.py:545} INFO - Filling up the DagBag from /home/airflow/.local/lib/python3.12/site-packages/airflow/example_dags/example_short_circuit_decorator.py
[2025-10-17T03:20:23.759+0000] {processor.py:840} INFO - DAG(s) 'example_short_circuit_decorator' retrieved from /home/airflow/.local/lib/python3.12/site-packages/airflow/example_dags/example_short_circuit_decorator.py
[2025-10-17T03:20:23.777+0000] {logging_mixin.py:188} INFO - [2025-10-17T03:20:23.777+0000] {dag.py:3096} INFO - Sync 1 DAGs
[2025-10-17T03:20:23.795+0000] {logging_mixin.py:188} INFO - [2025-10-17T03:20:23.794+0000] {dag.py:3954} INFO - Setting next_dagrun for example_short_circuit_decorator to 2025-10-16 00:00:00+00:00, run_after=2025-10-17 00:00:00+00:00
[2025-10-17T03:20:23.814+0000] {processor.py:183} INFO - Processing /home/airflow/.local/lib/python3.12/site-packages/airflow/example_dags/example_short_circuit_decorator.py took 0.071 seconds
[2025-10-17T03:20:53.887+0000] {processor.py:161} INFO - Started process (PID=3039) to work on /home/airflow/.local/lib/python3.12/site-packages/airflow/example_dags/example_short_circuit_decorator.py
[2025-10-17T03:20:53.888+0000] {processor.py:830} INFO - Processing file /home/airflow/.local/lib/python3.12/site-packages/airflow/example_dags/example_short_circuit_decorator.py for tasks to queue
[2025-10-17T03:20:53.891+0000] {logging_mixin.py:188} INFO - [2025-10-17T03:20:53.890+0000] {dagbag.py:545} INFO - Filling up the DagBag from /home/airflow/.local/lib/python3.12/site-packages/airflow/example_dags/example_short_circuit_decorator.py
[2025-10-17T03:20:53.900+0000] {processor.py:840} INFO - DAG(s) 'example_short_circuit_decorator' retrieved from /home/airflow/.local/lib/python3.12/site-packages/airflow/example_dags/example_short_circuit_decorator.py
[2025-10-17T03:20:53.922+0000] {logging_mixin.py:188} INFO - [2025-10-17T03:20:53.921+0000] {dag.py:3096} INFO - Sync 1 DAGs
[2025-10-17T03:20:53.943+0000] {logging_mixin.py:188} INFO - [2025-10-17T03:20:53.943+0000] {dag.py:3954} INFO - Setting next_dagrun for example_short_circuit_decorator to 2025-10-16 00:00:00+00:00, run_after=2025-10-17 00:00:00+00:00
[2025-10-17T03:20:53.965+0000] {processor.py:183} INFO - Processing /home/airflow/.local/lib/python3.12/site-packages/airflow/example_dags/example_short_circuit_decorator.py took 0.085 seconds
[2025-10-17T03:21:24.097+0000] {processor.py:161} INFO - Started process (PID=3098) to work on /home/airflow/.local/lib/python3.12/site-packages/airflow/example_dags/example_short_circuit_decorator.py
[2025-10-17T03:21:24.098+0000] {processor.py:830} INFO - Processing file /home/airflow/.local/lib/python3.12/site-packages/airflow/example_dags/example_short_circuit_decorator.py for tasks to queue
[2025-10-17T03:21:24.100+0000] {logging_mixin.py:188} INFO - [2025-10-17T03:21:24.100+0000] {dagbag.py:545} INFO - Filling up the DagBag from /home/airflow/.local/lib/python3.12/site-packages/airflow/example_dags/example_short_circuit_decorator.py
[2025-10-17T03:21:24.108+0000] {processor.py:840} INFO - DAG(s) 'example_short_circuit_decorator' retrieved from /home/airflow/.local/lib/python3.12/site-packages/airflow/example_dags/example_short_circuit_decorator.py
[2025-10-17T03:21:24.132+0000] {logging_mixin.py:188} INFO - [2025-10-17T03:21:24.131+0000] {dag.py:3096} INFO - Sync 1 DAGs
[2025-10-17T03:21:24.151+0000] {logging_mixin.py:188} INFO - [2025-10-17T03:21:24.151+0000] {dag.py:3954} INFO - Setting next_dagrun for example_short_circuit_decorator to 2025-10-16 00:00:00+00:00, run_after=2025-10-17 00:00:00+00:00
[2025-10-17T03:21:24.170+0000] {processor.py:183} INFO - Processing /home/airflow/.local/lib/python3.12/site-packages/airflow/example_dags/example_short_circuit_decorator.py took 0.078 seconds
[2025-10-17T03:21:54.400+0000] {processor.py:161} INFO - Started process (PID=3157) to work on /home/airflow/.local/lib/python3.12/site-packages/airflow/example_dags/example_short_circuit_decorator.py
[2025-10-17T03:21:54.401+0000] {processor.py:830} INFO - Processing file /home/airflow/.local/lib/python3.12/site-packages/airflow/example_dags/example_short_circuit_decorator.py for tasks to queue
[2025-10-17T03:21:54.404+0000] {logging_mixin.py:188} INFO - [2025-10-17T03:21:54.403+0000] {dagbag.py:545} INFO - Filling up the DagBag from /home/airflow/.local/lib/python3.12/site-packages/airflow/example_dags/example_short_circuit_decorator.py
[2025-10-17T03:21:54.411+0000] {processor.py:840} INFO - DAG(s) 'example_short_circuit_decorator' retrieved from /home/airflow/.local/lib/python3.12/site-packages/airflow/example_dags/example_short_circuit_decorator.py
[2025-10-17T03:21:54.434+0000] {logging_mixin.py:188} INFO - [2025-10-17T03:21:54.434+0000] {dag.py:3096} INFO - Sync 1 DAGs
[2025-10-17T03:21:54.455+0000] {logging_mixin.py:188} INFO - [2025-10-17T03:21:54.455+0000] {dag.py:3954} INFO - Setting next_dagrun for example_short_circuit_decorator to 2025-10-16 00:00:00+00:00, run_after=2025-10-17 00:00:00+00:00
[2025-10-17T03:21:54.472+0000] {processor.py:183} INFO - Processing /home/airflow/.local/lib/python3.12/site-packages/airflow/example_dags/example_short_circuit_decorator.py took 0.077 seconds
[2025-10-17T03:22:25.048+0000] {processor.py:161} INFO - Started process (PID=3216) to work on /home/airflow/.local/lib/python3.12/site-packages/airflow/example_dags/example_short_circuit_decorator.py
[2025-10-17T03:22:25.049+0000] {processor.py:830} INFO - Processing file /home/airflow/.local/lib/python3.12/site-packages/airflow/example_dags/example_short_circuit_decorator.py for tasks to queue
[2025-10-17T03:22:25.051+0000] {logging_mixin.py:188} INFO - [2025-10-17T03:22:25.051+0000] {dagbag.py:545} INFO - Filling up the DagBag from /home/airflow/.local/lib/python3.12/site-packages/airflow/example_dags/example_short_circuit_decorator.py
[2025-10-17T03:22:25.059+0000] {processor.py:840} INFO - DAG(s) 'example_short_circuit_decorator' retrieved from /home/airflow/.local/lib/python3.12/site-packages/airflow/example_dags/example_short_circuit_decorator.py
[2025-10-17T03:22:25.079+0000] {logging_mixin.py:188} INFO - [2025-10-17T03:22:25.078+0000] {dag.py:3096} INFO - Sync 1 DAGs
[2025-10-17T03:22:25.098+0000] {logging_mixin.py:188} INFO - [2025-10-17T03:22:25.098+0000] {dag.py:3954} INFO - Setting next_dagrun for example_short_circuit_decorator to 2025-10-16 00:00:00+00:00, run_after=2025-10-17 00:00:00+00:00
[2025-10-17T03:22:25.117+0000] {processor.py:183} INFO - Processing /home/airflow/.local/lib/python3.12/site-packages/airflow/example_dags/example_short_circuit_decorator.py took 0.075 seconds
[2025-10-17T03:22:55.455+0000] {processor.py:161} INFO - Started process (PID=3275) to work on /home/airflow/.local/lib/python3.12/site-packages/airflow/example_dags/example_short_circuit_decorator.py
[2025-10-17T03:22:55.456+0000] {processor.py:830} INFO - Processing file /home/airflow/.local/lib/python3.12/site-packages/airflow/example_dags/example_short_circuit_decorator.py for tasks to queue
[2025-10-17T03:22:55.458+0000] {logging_mixin.py:188} INFO - [2025-10-17T03:22:55.458+0000] {dagbag.py:545} INFO - Filling up the DagBag from /home/airflow/.local/lib/python3.12/site-packages/airflow/example_dags/example_short_circuit_decorator.py
[2025-10-17T03:22:55.467+0000] {processor.py:840} INFO - DAG(s) 'example_short_circuit_decorator' retrieved from /home/airflow/.local/lib/python3.12/site-packages/airflow/example_dags/example_short_circuit_decorator.py
[2025-10-17T03:22:55.486+0000] {logging_mixin.py:188} INFO - [2025-10-17T03:22:55.486+0000] {dag.py:3096} INFO - Sync 1 DAGs
[2025-10-17T03:22:55.503+0000] {logging_mixin.py:188} INFO - [2025-10-17T03:22:55.503+0000] {dag.py:3954} INFO - Setting next_dagrun for example_short_circuit_decorator to 2025-10-16 00:00:00+00:00, run_after=2025-10-17 00:00:00+00:00
[2025-10-17T03:22:55.520+0000] {processor.py:183} INFO - Processing /home/airflow/.local/lib/python3.12/site-packages/airflow/example_dags/example_short_circuit_decorator.py took 0.071 seconds
[2025-10-17T03:23:25.691+0000] {processor.py:161} INFO - Started process (PID=3334) to work on /home/airflow/.local/lib/python3.12/site-packages/airflow/example_dags/example_short_circuit_decorator.py
[2025-10-17T03:23:25.692+0000] {processor.py:830} INFO - Processing file /home/airflow/.local/lib/python3.12/site-packages/airflow/example_dags/example_short_circuit_decorator.py for tasks to queue
[2025-10-17T03:23:25.695+0000] {logging_mixin.py:188} INFO - [2025-10-17T03:23:25.695+0000] {dagbag.py:545} INFO - Filling up the DagBag from /home/airflow/.local/lib/python3.12/site-packages/airflow/example_dags/example_short_circuit_decorator.py
[2025-10-17T03:23:25.712+0000] {processor.py:840} INFO - DAG(s) 'example_short_circuit_decorator' retrieved from /home/airflow/.local/lib/python3.12/site-packages/airflow/example_dags/example_short_circuit_decorator.py
[2025-10-17T03:23:25.754+0000] {logging_mixin.py:188} INFO - [2025-10-17T03:23:25.754+0000] {dag.py:3096} INFO - Sync 1 DAGs
[2025-10-17T03:23:25.783+0000] {logging_mixin.py:188} INFO - [2025-10-17T03:23:25.783+0000] {dag.py:3954} INFO - Setting next_dagrun for example_short_circuit_decorator to 2025-10-16 00:00:00+00:00, run_after=2025-10-17 00:00:00+00:00
[2025-10-17T03:23:25.810+0000] {processor.py:183} INFO - Processing /home/airflow/.local/lib/python3.12/site-packages/airflow/example_dags/example_short_circuit_decorator.py took 0.132 seconds
[2025-10-17T03:23:56.047+0000] {processor.py:161} INFO - Started process (PID=3393) to work on /home/airflow/.local/lib/python3.12/site-packages/airflow/example_dags/example_short_circuit_decorator.py
[2025-10-17T03:23:56.049+0000] {processor.py:830} INFO - Processing file /home/airflow/.local/lib/python3.12/site-packages/airflow/example_dags/example_short_circuit_decorator.py for tasks to queue
[2025-10-17T03:23:56.051+0000] {logging_mixin.py:188} INFO - [2025-10-17T03:23:56.050+0000] {dagbag.py:545} INFO - Filling up the DagBag from /home/airflow/.local/lib/python3.12/site-packages/airflow/example_dags/example_short_circuit_decorator.py
[2025-10-17T03:23:56.058+0000] {processor.py:840} INFO - DAG(s) 'example_short_circuit_decorator' retrieved from /home/airflow/.local/lib/python3.12/site-packages/airflow/example_dags/example_short_circuit_decorator.py
[2025-10-17T03:23:56.082+0000] {logging_mixin.py:188} INFO - [2025-10-17T03:23:56.081+0000] {dag.py:3096} INFO - Sync 1 DAGs
[2025-10-17T03:23:56.108+0000] {logging_mixin.py:188} INFO - [2025-10-17T03:23:56.108+0000] {dag.py:3954} INFO - Setting next_dagrun for example_short_circuit_decorator to 2025-10-16 00:00:00+00:00, run_after=2025-10-17 00:00:00+00:00
[2025-10-17T03:23:56.136+0000] {processor.py:183} INFO - Processing /home/airflow/.local/lib/python3.12/site-packages/airflow/example_dags/example_short_circuit_decorator.py took 0.094 seconds
[2025-10-17T03:24:26.791+0000] {processor.py:161} INFO - Started process (PID=3452) to work on /home/airflow/.local/lib/python3.12/site-packages/airflow/example_dags/example_short_circuit_decorator.py
[2025-10-17T03:24:26.793+0000] {processor.py:830} INFO - Processing file /home/airflow/.local/lib/python3.12/site-packages/airflow/example_dags/example_short_circuit_decorator.py for tasks to queue
[2025-10-17T03:24:26.795+0000] {logging_mixin.py:188} INFO - [2025-10-17T03:24:26.794+0000] {dagbag.py:545} INFO - Filling up the DagBag from /home/airflow/.local/lib/python3.12/site-packages/airflow/example_dags/example_short_circuit_decorator.py
[2025-10-17T03:24:26.802+0000] {processor.py:840} INFO - DAG(s) 'example_short_circuit_decorator' retrieved from /home/airflow/.local/lib/python3.12/site-packages/airflow/example_dags/example_short_circuit_decorator.py
[2025-10-17T03:24:26.823+0000] {logging_mixin.py:188} INFO - [2025-10-17T03:24:26.823+0000] {dag.py:3096} INFO - Sync 1 DAGs
[2025-10-17T03:24:26.844+0000] {logging_mixin.py:188} INFO - [2025-10-17T03:24:26.844+0000] {dag.py:3954} INFO - Setting next_dagrun for example_short_circuit_decorator to 2025-10-16 00:00:00+00:00, run_after=2025-10-17 00:00:00+00:00
[2025-10-17T03:24:26.864+0000] {processor.py:183} INFO - Processing /home/airflow/.local/lib/python3.12/site-packages/airflow/example_dags/example_short_circuit_decorator.py took 0.078 seconds
[2025-10-17T03:24:57.120+0000] {processor.py:161} INFO - Started process (PID=3511) to work on /home/airflow/.local/lib/python3.12/site-packages/airflow/example_dags/example_short_circuit_decorator.py
[2025-10-17T03:24:57.121+0000] {processor.py:830} INFO - Processing file /home/airflow/.local/lib/python3.12/site-packages/airflow/example_dags/example_short_circuit_decorator.py for tasks to queue
[2025-10-17T03:24:57.123+0000] {logging_mixin.py:188} INFO - [2025-10-17T03:24:57.122+0000] {dagbag.py:545} INFO - Filling up the DagBag from /home/airflow/.local/lib/python3.12/site-packages/airflow/example_dags/example_short_circuit_decorator.py
[2025-10-17T03:24:57.131+0000] {processor.py:840} INFO - DAG(s) 'example_short_circuit_decorator' retrieved from /home/airflow/.local/lib/python3.12/site-packages/airflow/example_dags/example_short_circuit_decorator.py
[2025-10-17T03:24:57.149+0000] {logging_mixin.py:188} INFO - [2025-10-17T03:24:57.149+0000] {dag.py:3096} INFO - Sync 1 DAGs
[2025-10-17T03:24:57.167+0000] {logging_mixin.py:188} INFO - [2025-10-17T03:24:57.166+0000] {dag.py:3954} INFO - Setting next_dagrun for example_short_circuit_decorator to 2025-10-16 00:00:00+00:00, run_after=2025-10-17 00:00:00+00:00
[2025-10-17T03:24:57.183+0000] {processor.py:183} INFO - Processing /home/airflow/.local/lib/python3.12/site-packages/airflow/example_dags/example_short_circuit_decorator.py took 0.070 seconds
[2025-10-17T03:25:27.409+0000] {processor.py:161} INFO - Started process (PID=3570) to work on /home/airflow/.local/lib/python3.12/site-packages/airflow/example_dags/example_short_circuit_decorator.py
[2025-10-17T03:25:27.410+0000] {processor.py:830} INFO - Processing file /home/airflow/.local/lib/python3.12/site-packages/airflow/example_dags/example_short_circuit_decorator.py for tasks to queue
[2025-10-17T03:25:27.412+0000] {logging_mixin.py:188} INFO - [2025-10-17T03:25:27.411+0000] {dagbag.py:545} INFO - Filling up the DagBag from /home/airflow/.local/lib/python3.12/site-packages/airflow/example_dags/example_short_circuit_decorator.py
[2025-10-17T03:25:27.419+0000] {processor.py:840} INFO - DAG(s) 'example_short_circuit_decorator' retrieved from /home/airflow/.local/lib/python3.12/site-packages/airflow/example_dags/example_short_circuit_decorator.py
[2025-10-17T03:25:27.440+0000] {logging_mixin.py:188} INFO - [2025-10-17T03:25:27.440+0000] {dag.py:3096} INFO - Sync 1 DAGs
[2025-10-17T03:25:27.459+0000] {logging_mixin.py:188} INFO - [2025-10-17T03:25:27.459+0000] {dag.py:3954} INFO - Setting next_dagrun for example_short_circuit_decorator to 2025-10-16 00:00:00+00:00, run_after=2025-10-17 00:00:00+00:00
[2025-10-17T03:25:27.474+0000] {processor.py:183} INFO - Processing /home/airflow/.local/lib/python3.12/site-packages/airflow/example_dags/example_short_circuit_decorator.py took 0.071 seconds
[2025-10-17T03:25:57.844+0000] {processor.py:161} INFO - Started process (PID=3629) to work on /home/airflow/.local/lib/python3.12/site-packages/airflow/example_dags/example_short_circuit_decorator.py
[2025-10-17T03:25:57.845+0000] {processor.py:830} INFO - Processing file /home/airflow/.local/lib/python3.12/site-packages/airflow/example_dags/example_short_circuit_decorator.py for tasks to queue
[2025-10-17T03:25:57.847+0000] {logging_mixin.py:188} INFO - [2025-10-17T03:25:57.847+0000] {dagbag.py:545} INFO - Filling up the DagBag from /home/airflow/.local/lib/python3.12/site-packages/airflow/example_dags/example_short_circuit_decorator.py
[2025-10-17T03:25:57.854+0000] {processor.py:840} INFO - DAG(s) 'example_short_circuit_decorator' retrieved from /home/airflow/.local/lib/python3.12/site-packages/airflow/example_dags/example_short_circuit_decorator.py
[2025-10-17T03:25:57.872+0000] {logging_mixin.py:188} INFO - [2025-10-17T03:25:57.872+0000] {dag.py:3096} INFO - Sync 1 DAGs
[2025-10-17T03:25:57.889+0000] {logging_mixin.py:188} INFO - [2025-10-17T03:25:57.889+0000] {dag.py:3954} INFO - Setting next_dagrun for example_short_circuit_decorator to 2025-10-16 00:00:00+00:00, run_after=2025-10-17 00:00:00+00:00
[2025-10-17T03:25:57.906+0000] {processor.py:183} INFO - Processing /home/airflow/.local/lib/python3.12/site-packages/airflow/example_dags/example_short_circuit_decorator.py took 0.067 seconds
[2025-10-17T03:26:28.130+0000] {processor.py:161} INFO - Started process (PID=3688) to work on /home/airflow/.local/lib/python3.12/site-packages/airflow/example_dags/example_short_circuit_decorator.py
[2025-10-17T03:26:28.131+0000] {processor.py:830} INFO - Processing file /home/airflow/.local/lib/python3.12/site-packages/airflow/example_dags/example_short_circuit_decorator.py for tasks to queue
[2025-10-17T03:26:28.132+0000] {logging_mixin.py:188} INFO - [2025-10-17T03:26:28.132+0000] {dagbag.py:545} INFO - Filling up the DagBag from /home/airflow/.local/lib/python3.12/site-packages/airflow/example_dags/example_short_circuit_decorator.py
[2025-10-17T03:26:28.140+0000] {processor.py:840} INFO - DAG(s) 'example_short_circuit_decorator' retrieved from /home/airflow/.local/lib/python3.12/site-packages/airflow/example_dags/example_short_circuit_decorator.py
[2025-10-17T03:26:28.160+0000] {logging_mixin.py:188} INFO - [2025-10-17T03:26:28.160+0000] {dag.py:3096} INFO - Sync 1 DAGs
[2025-10-17T03:26:28.180+0000] {logging_mixin.py:188} INFO - [2025-10-17T03:26:28.180+0000] {dag.py:3954} INFO - Setting next_dagrun for example_short_circuit_decorator to 2025-10-16 00:00:00+00:00, run_after=2025-10-17 00:00:00+00:00
[2025-10-17T03:26:28.199+0000] {processor.py:183} INFO - Processing /home/airflow/.local/lib/python3.12/site-packages/airflow/example_dags/example_short_circuit_decorator.py took 0.075 seconds
[2025-10-17T03:26:59.203+0000] {processor.py:161} INFO - Started process (PID=3747) to work on /home/airflow/.local/lib/python3.12/site-packages/airflow/example_dags/example_short_circuit_decorator.py
[2025-10-17T03:26:59.205+0000] {processor.py:830} INFO - Processing file /home/airflow/.local/lib/python3.12/site-packages/airflow/example_dags/example_short_circuit_decorator.py for tasks to queue
[2025-10-17T03:26:59.210+0000] {logging_mixin.py:188} INFO - [2025-10-17T03:26:59.209+0000] {dagbag.py:545} INFO - Filling up the DagBag from /home/airflow/.local/lib/python3.12/site-packages/airflow/example_dags/example_short_circuit_decorator.py
[2025-10-17T03:26:59.253+0000] {processor.py:840} INFO - DAG(s) 'example_short_circuit_decorator' retrieved from /home/airflow/.local/lib/python3.12/site-packages/airflow/example_dags/example_short_circuit_decorator.py
[2025-10-17T03:26:59.328+0000] {logging_mixin.py:188} INFO - [2025-10-17T03:26:59.328+0000] {dag.py:3096} INFO - Sync 1 DAGs
[2025-10-17T03:26:59.388+0000] {logging_mixin.py:188} INFO - [2025-10-17T03:26:59.388+0000] {dag.py:3954} INFO - Setting next_dagrun for example_short_circuit_decorator to 2025-10-16 00:00:00+00:00, run_after=2025-10-17 00:00:00+00:00
[2025-10-17T03:26:59.421+0000] {processor.py:183} INFO - Processing /home/airflow/.local/lib/python3.12/site-packages/airflow/example_dags/example_short_circuit_decorator.py took 0.236 seconds
[2025-10-17T03:27:30.016+0000] {processor.py:161} INFO - Started process (PID=3806) to work on /home/airflow/.local/lib/python3.12/site-packages/airflow/example_dags/example_short_circuit_decorator.py
[2025-10-17T03:27:30.017+0000] {processor.py:830} INFO - Processing file /home/airflow/.local/lib/python3.12/site-packages/airflow/example_dags/example_short_circuit_decorator.py for tasks to queue
[2025-10-17T03:27:30.019+0000] {logging_mixin.py:188} INFO - [2025-10-17T03:27:30.019+0000] {dagbag.py:545} INFO - Filling up the DagBag from /home/airflow/.local/lib/python3.12/site-packages/airflow/example_dags/example_short_circuit_decorator.py
[2025-10-17T03:27:30.027+0000] {processor.py:840} INFO - DAG(s) 'example_short_circuit_decorator' retrieved from /home/airflow/.local/lib/python3.12/site-packages/airflow/example_dags/example_short_circuit_decorator.py
[2025-10-17T03:27:30.048+0000] {logging_mixin.py:188} INFO - [2025-10-17T03:27:30.048+0000] {dag.py:3096} INFO - Sync 1 DAGs
[2025-10-17T03:27:30.068+0000] {logging_mixin.py:188} INFO - [2025-10-17T03:27:30.068+0000] {dag.py:3954} INFO - Setting next_dagrun for example_short_circuit_decorator to 2025-10-16 00:00:00+00:00, run_after=2025-10-17 00:00:00+00:00
[2025-10-17T03:27:30.089+0000] {processor.py:183} INFO - Processing /home/airflow/.local/lib/python3.12/site-packages/airflow/example_dags/example_short_circuit_decorator.py took 0.079 seconds
[2025-10-17T03:28:00.292+0000] {processor.py:161} INFO - Started process (PID=3865) to work on /home/airflow/.local/lib/python3.12/site-packages/airflow/example_dags/example_short_circuit_decorator.py
[2025-10-17T03:28:00.293+0000] {processor.py:830} INFO - Processing file /home/airflow/.local/lib/python3.12/site-packages/airflow/example_dags/example_short_circuit_decorator.py for tasks to queue
[2025-10-17T03:28:00.295+0000] {logging_mixin.py:188} INFO - [2025-10-17T03:28:00.295+0000] {dagbag.py:545} INFO - Filling up the DagBag from /home/airflow/.local/lib/python3.12/site-packages/airflow/example_dags/example_short_circuit_decorator.py
[2025-10-17T03:28:00.303+0000] {processor.py:840} INFO - DAG(s) 'example_short_circuit_decorator' retrieved from /home/airflow/.local/lib/python3.12/site-packages/airflow/example_dags/example_short_circuit_decorator.py
[2025-10-17T03:28:00.323+0000] {logging_mixin.py:188} INFO - [2025-10-17T03:28:00.323+0000] {dag.py:3096} INFO - Sync 1 DAGs
[2025-10-17T03:28:00.344+0000] {logging_mixin.py:188} INFO - [2025-10-17T03:28:00.344+0000] {dag.py:3954} INFO - Setting next_dagrun for example_short_circuit_decorator to 2025-10-16 00:00:00+00:00, run_after=2025-10-17 00:00:00+00:00
[2025-10-17T03:28:00.363+0000] {processor.py:183} INFO - Processing /home/airflow/.local/lib/python3.12/site-packages/airflow/example_dags/example_short_circuit_decorator.py took 0.077 seconds
[2025-10-17T03:28:30.545+0000] {processor.py:161} INFO - Started process (PID=3924) to work on /home/airflow/.local/lib/python3.12/site-packages/airflow/example_dags/example_short_circuit_decorator.py
[2025-10-17T03:28:30.547+0000] {processor.py:830} INFO - Processing file /home/airflow/.local/lib/python3.12/site-packages/airflow/example_dags/example_short_circuit_decorator.py for tasks to queue
[2025-10-17T03:28:30.549+0000] {logging_mixin.py:188} INFO - [2025-10-17T03:28:30.549+0000] {dagbag.py:545} INFO - Filling up the DagBag from /home/airflow/.local/lib/python3.12/site-packages/airflow/example_dags/example_short_circuit_decorator.py
[2025-10-17T03:28:30.557+0000] {processor.py:840} INFO - DAG(s) 'example_short_circuit_decorator' retrieved from /home/airflow/.local/lib/python3.12/site-packages/airflow/example_dags/example_short_circuit_decorator.py
[2025-10-17T03:28:30.579+0000] {logging_mixin.py:188} INFO - [2025-10-17T03:28:30.578+0000] {dag.py:3096} INFO - Sync 1 DAGs
[2025-10-17T03:28:30.600+0000] {logging_mixin.py:188} INFO - [2025-10-17T03:28:30.600+0000] {dag.py:3954} INFO - Setting next_dagrun for example_short_circuit_decorator to 2025-10-16 00:00:00+00:00, run_after=2025-10-17 00:00:00+00:00
[2025-10-17T03:28:30.617+0000] {processor.py:183} INFO - Processing /home/airflow/.local/lib/python3.12/site-packages/airflow/example_dags/example_short_circuit_decorator.py took 0.077 seconds
[2025-10-17T03:29:00.810+0000] {processor.py:161} INFO - Started process (PID=3983) to work on /home/airflow/.local/lib/python3.12/site-packages/airflow/example_dags/example_short_circuit_decorator.py
[2025-10-17T03:29:00.811+0000] {processor.py:830} INFO - Processing file /home/airflow/.local/lib/python3.12/site-packages/airflow/example_dags/example_short_circuit_decorator.py for tasks to queue
[2025-10-17T03:29:00.814+0000] {logging_mixin.py:188} INFO - [2025-10-17T03:29:00.814+0000] {dagbag.py:545} INFO - Filling up the DagBag from /home/airflow/.local/lib/python3.12/site-packages/airflow/example_dags/example_short_circuit_decorator.py
[2025-10-17T03:29:00.822+0000] {processor.py:840} INFO - DAG(s) 'example_short_circuit_decorator' retrieved from /home/airflow/.local/lib/python3.12/site-packages/airflow/example_dags/example_short_circuit_decorator.py
[2025-10-17T03:29:00.844+0000] {logging_mixin.py:188} INFO - [2025-10-17T03:29:00.844+0000] {dag.py:3096} INFO - Sync 1 DAGs
[2025-10-17T03:29:00.869+0000] {logging_mixin.py:188} INFO - [2025-10-17T03:29:00.868+0000] {dag.py:3954} INFO - Setting next_dagrun for example_short_circuit_decorator to 2025-10-16 00:00:00+00:00, run_after=2025-10-17 00:00:00+00:00
[2025-10-17T03:29:00.888+0000] {processor.py:183} INFO - Processing /home/airflow/.local/lib/python3.12/site-packages/airflow/example_dags/example_short_circuit_decorator.py took 0.084 seconds
[2025-10-17T03:29:31.488+0000] {processor.py:161} INFO - Started process (PID=4042) to work on /home/airflow/.local/lib/python3.12/site-packages/airflow/example_dags/example_short_circuit_decorator.py
[2025-10-17T03:29:31.490+0000] {processor.py:830} INFO - Processing file /home/airflow/.local/lib/python3.12/site-packages/airflow/example_dags/example_short_circuit_decorator.py for tasks to queue
[2025-10-17T03:29:31.492+0000] {logging_mixin.py:188} INFO - [2025-10-17T03:29:31.492+0000] {dagbag.py:545} INFO - Filling up the DagBag from /home/airflow/.local/lib/python3.12/site-packages/airflow/example_dags/example_short_circuit_decorator.py
[2025-10-17T03:29:31.500+0000] {processor.py:840} INFO - DAG(s) 'example_short_circuit_decorator' retrieved from /home/airflow/.local/lib/python3.12/site-packages/airflow/example_dags/example_short_circuit_decorator.py
[2025-10-17T03:29:31.523+0000] {logging_mixin.py:188} INFO - [2025-10-17T03:29:31.522+0000] {dag.py:3096} INFO - Sync 1 DAGs
[2025-10-17T03:29:31.542+0000] {logging_mixin.py:188} INFO - [2025-10-17T03:29:31.542+0000] {dag.py:3954} INFO - Setting next_dagrun for example_short_circuit_decorator to 2025-10-16 00:00:00+00:00, run_after=2025-10-17 00:00:00+00:00
[2025-10-17T03:29:31.560+0000] {processor.py:183} INFO - Processing /home/airflow/.local/lib/python3.12/site-packages/airflow/example_dags/example_short_circuit_decorator.py took 0.077 seconds
[2025-10-17T03:30:01.712+0000] {processor.py:161} INFO - Started process (PID=4101) to work on /home/airflow/.local/lib/python3.12/site-packages/airflow/example_dags/example_short_circuit_decorator.py
[2025-10-17T03:30:01.713+0000] {processor.py:830} INFO - Processing file /home/airflow/.local/lib/python3.12/site-packages/airflow/example_dags/example_short_circuit_decorator.py for tasks to queue
[2025-10-17T03:30:01.715+0000] {logging_mixin.py:188} INFO - [2025-10-17T03:30:01.714+0000] {dagbag.py:545} INFO - Filling up the DagBag from /home/airflow/.local/lib/python3.12/site-packages/airflow/example_dags/example_short_circuit_decorator.py
[2025-10-17T03:30:01.723+0000] {processor.py:840} INFO - DAG(s) 'example_short_circuit_decorator' retrieved from /home/airflow/.local/lib/python3.12/site-packages/airflow/example_dags/example_short_circuit_decorator.py
[2025-10-17T03:30:01.746+0000] {logging_mixin.py:188} INFO - [2025-10-17T03:30:01.745+0000] {dag.py:3096} INFO - Sync 1 DAGs
[2025-10-17T03:30:01.768+0000] {logging_mixin.py:188} INFO - [2025-10-17T03:30:01.768+0000] {dag.py:3954} INFO - Setting next_dagrun for example_short_circuit_decorator to 2025-10-16 00:00:00+00:00, run_after=2025-10-17 00:00:00+00:00
[2025-10-17T03:30:01.786+0000] {processor.py:183} INFO - Processing /home/airflow/.local/lib/python3.12/site-packages/airflow/example_dags/example_short_circuit_decorator.py took 0.080 seconds
[2025-10-17T03:30:31.944+0000] {processor.py:161} INFO - Started process (PID=4160) to work on /home/airflow/.local/lib/python3.12/site-packages/airflow/example_dags/example_short_circuit_decorator.py
[2025-10-17T03:30:31.945+0000] {processor.py:830} INFO - Processing file /home/airflow/.local/lib/python3.12/site-packages/airflow/example_dags/example_short_circuit_decorator.py for tasks to queue
[2025-10-17T03:30:31.947+0000] {logging_mixin.py:188} INFO - [2025-10-17T03:30:31.946+0000] {dagbag.py:545} INFO - Filling up the DagBag from /home/airflow/.local/lib/python3.12/site-packages/airflow/example_dags/example_short_circuit_decorator.py
[2025-10-17T03:30:31.954+0000] {processor.py:840} INFO - DAG(s) 'example_short_circuit_decorator' retrieved from /home/airflow/.local/lib/python3.12/site-packages/airflow/example_dags/example_short_circuit_decorator.py
[2025-10-17T03:30:31.975+0000] {logging_mixin.py:188} INFO - [2025-10-17T03:30:31.974+0000] {dag.py:3096} INFO - Sync 1 DAGs
[2025-10-17T03:30:31.993+0000] {logging_mixin.py:188} INFO - [2025-10-17T03:30:31.993+0000] {dag.py:3954} INFO - Setting next_dagrun for example_short_circuit_decorator to 2025-10-16 00:00:00+00:00, run_after=2025-10-17 00:00:00+00:00
[2025-10-17T03:30:32.010+0000] {processor.py:183} INFO - Processing /home/airflow/.local/lib/python3.12/site-packages/airflow/example_dags/example_short_circuit_decorator.py took 0.072 seconds
[2025-10-17T03:31:02.874+0000] {processor.py:161} INFO - Started process (PID=4219) to work on /home/airflow/.local/lib/python3.12/site-packages/airflow/example_dags/example_short_circuit_decorator.py
[2025-10-17T03:31:02.875+0000] {processor.py:830} INFO - Processing file /home/airflow/.local/lib/python3.12/site-packages/airflow/example_dags/example_short_circuit_decorator.py for tasks to queue
[2025-10-17T03:31:02.877+0000] {logging_mixin.py:188} INFO - [2025-10-17T03:31:02.877+0000] {dagbag.py:545} INFO - Filling up the DagBag from /home/airflow/.local/lib/python3.12/site-packages/airflow/example_dags/example_short_circuit_decorator.py
[2025-10-17T03:31:02.885+0000] {processor.py:840} INFO - DAG(s) 'example_short_circuit_decorator' retrieved from /home/airflow/.local/lib/python3.12/site-packages/airflow/example_dags/example_short_circuit_decorator.py
[2025-10-17T03:31:02.906+0000] {logging_mixin.py:188} INFO - [2025-10-17T03:31:02.905+0000] {dag.py:3096} INFO - Sync 1 DAGs
[2025-10-17T03:31:02.925+0000] {logging_mixin.py:188} INFO - [2025-10-17T03:31:02.925+0000] {dag.py:3954} INFO - Setting next_dagrun for example_short_circuit_decorator to 2025-10-16 00:00:00+00:00, run_after=2025-10-17 00:00:00+00:00
[2025-10-17T03:31:02.946+0000] {processor.py:183} INFO - Processing /home/airflow/.local/lib/python3.12/site-packages/airflow/example_dags/example_short_circuit_decorator.py took 0.077 seconds
[2025-10-17T03:31:33.657+0000] {processor.py:161} INFO - Started process (PID=4278) to work on /home/airflow/.local/lib/python3.12/site-packages/airflow/example_dags/example_short_circuit_decorator.py
[2025-10-17T03:31:33.658+0000] {processor.py:830} INFO - Processing file /home/airflow/.local/lib/python3.12/site-packages/airflow/example_dags/example_short_circuit_decorator.py for tasks to queue
[2025-10-17T03:31:33.661+0000] {logging_mixin.py:188} INFO - [2025-10-17T03:31:33.660+0000] {dagbag.py:545} INFO - Filling up the DagBag from /home/airflow/.local/lib/python3.12/site-packages/airflow/example_dags/example_short_circuit_decorator.py
[2025-10-17T03:31:33.669+0000] {processor.py:840} INFO - DAG(s) 'example_short_circuit_decorator' retrieved from /home/airflow/.local/lib/python3.12/site-packages/airflow/example_dags/example_short_circuit_decorator.py
[2025-10-17T03:31:33.694+0000] {logging_mixin.py:188} INFO - [2025-10-17T03:31:33.694+0000] {dag.py:3096} INFO - Sync 1 DAGs
[2025-10-17T03:31:33.719+0000] {logging_mixin.py:188} INFO - [2025-10-17T03:31:33.718+0000] {dag.py:3954} INFO - Setting next_dagrun for example_short_circuit_decorator to 2025-10-16 00:00:00+00:00, run_after=2025-10-17 00:00:00+00:00
[2025-10-17T03:31:33.740+0000] {processor.py:183} INFO - Processing /home/airflow/.local/lib/python3.12/site-packages/airflow/example_dags/example_short_circuit_decorator.py took 0.090 seconds
[2025-10-17T03:32:04.066+0000] {processor.py:161} INFO - Started process (PID=4337) to work on /home/airflow/.local/lib/python3.12/site-packages/airflow/example_dags/example_short_circuit_decorator.py
[2025-10-17T03:32:04.067+0000] {processor.py:830} INFO - Processing file /home/airflow/.local/lib/python3.12/site-packages/airflow/example_dags/example_short_circuit_decorator.py for tasks to queue
[2025-10-17T03:32:04.068+0000] {logging_mixin.py:188} INFO - [2025-10-17T03:32:04.068+0000] {dagbag.py:545} INFO - Filling up the DagBag from /home/airflow/.local/lib/python3.12/site-packages/airflow/example_dags/example_short_circuit_decorator.py
[2025-10-17T03:32:04.077+0000] {processor.py:840} INFO - DAG(s) 'example_short_circuit_decorator' retrieved from /home/airflow/.local/lib/python3.12/site-packages/airflow/example_dags/example_short_circuit_decorator.py
[2025-10-17T03:32:04.096+0000] {logging_mixin.py:188} INFO - [2025-10-17T03:32:04.096+0000] {dag.py:3096} INFO - Sync 1 DAGs
[2025-10-17T03:32:04.114+0000] {logging_mixin.py:188} INFO - [2025-10-17T03:32:04.114+0000] {dag.py:3954} INFO - Setting next_dagrun for example_short_circuit_decorator to 2025-10-16 00:00:00+00:00, run_after=2025-10-17 00:00:00+00:00
[2025-10-17T03:32:04.132+0000] {processor.py:183} INFO - Processing /home/airflow/.local/lib/python3.12/site-packages/airflow/example_dags/example_short_circuit_decorator.py took 0.071 seconds
[2025-10-17T03:32:34.373+0000] {processor.py:161} INFO - Started process (PID=4396) to work on /home/airflow/.local/lib/python3.12/site-packages/airflow/example_dags/example_short_circuit_decorator.py
[2025-10-17T03:32:34.374+0000] {processor.py:830} INFO - Processing file /home/airflow/.local/lib/python3.12/site-packages/airflow/example_dags/example_short_circuit_decorator.py for tasks to queue
[2025-10-17T03:32:34.376+0000] {logging_mixin.py:188} INFO - [2025-10-17T03:32:34.376+0000] {dagbag.py:545} INFO - Filling up the DagBag from /home/airflow/.local/lib/python3.12/site-packages/airflow/example_dags/example_short_circuit_decorator.py
[2025-10-17T03:32:34.384+0000] {processor.py:840} INFO - DAG(s) 'example_short_circuit_decorator' retrieved from /home/airflow/.local/lib/python3.12/site-packages/airflow/example_dags/example_short_circuit_decorator.py
[2025-10-17T03:32:34.403+0000] {logging_mixin.py:188} INFO - [2025-10-17T03:32:34.402+0000] {dag.py:3096} INFO - Sync 1 DAGs
[2025-10-17T03:32:34.422+0000] {logging_mixin.py:188} INFO - [2025-10-17T03:32:34.422+0000] {dag.py:3954} INFO - Setting next_dagrun for example_short_circuit_decorator to 2025-10-16 00:00:00+00:00, run_after=2025-10-17 00:00:00+00:00
[2025-10-17T03:32:34.437+0000] {processor.py:183} INFO - Processing /home/airflow/.local/lib/python3.12/site-packages/airflow/example_dags/example_short_circuit_decorator.py took 0.069 seconds
[2025-10-17T03:33:05.126+0000] {processor.py:161} INFO - Started process (PID=4456) to work on /home/airflow/.local/lib/python3.12/site-packages/airflow/example_dags/example_short_circuit_decorator.py
[2025-10-17T03:33:05.127+0000] {processor.py:830} INFO - Processing file /home/airflow/.local/lib/python3.12/site-packages/airflow/example_dags/example_short_circuit_decorator.py for tasks to queue
[2025-10-17T03:33:05.129+0000] {logging_mixin.py:188} INFO - [2025-10-17T03:33:05.129+0000] {dagbag.py:545} INFO - Filling up the DagBag from /home/airflow/.local/lib/python3.12/site-packages/airflow/example_dags/example_short_circuit_decorator.py
[2025-10-17T03:33:05.137+0000] {processor.py:840} INFO - DAG(s) 'example_short_circuit_decorator' retrieved from /home/airflow/.local/lib/python3.12/site-packages/airflow/example_dags/example_short_circuit_decorator.py
[2025-10-17T03:33:05.156+0000] {logging_mixin.py:188} INFO - [2025-10-17T03:33:05.156+0000] {dag.py:3096} INFO - Sync 1 DAGs
[2025-10-17T03:33:05.174+0000] {logging_mixin.py:188} INFO - [2025-10-17T03:33:05.174+0000] {dag.py:3954} INFO - Setting next_dagrun for example_short_circuit_decorator to 2025-10-16 00:00:00+00:00, run_after=2025-10-17 00:00:00+00:00
[2025-10-17T03:33:05.190+0000] {processor.py:183} INFO - Processing /home/airflow/.local/lib/python3.12/site-packages/airflow/example_dags/example_short_circuit_decorator.py took 0.069 seconds
[2025-10-17T03:33:35.557+0000] {processor.py:161} INFO - Started process (PID=4515) to work on /home/airflow/.local/lib/python3.12/site-packages/airflow/example_dags/example_short_circuit_decorator.py
[2025-10-17T03:33:35.558+0000] {processor.py:830} INFO - Processing file /home/airflow/.local/lib/python3.12/site-packages/airflow/example_dags/example_short_circuit_decorator.py for tasks to queue
[2025-10-17T03:33:35.560+0000] {logging_mixin.py:188} INFO - [2025-10-17T03:33:35.560+0000] {dagbag.py:545} INFO - Filling up the DagBag from /home/airflow/.local/lib/python3.12/site-packages/airflow/example_dags/example_short_circuit_decorator.py
[2025-10-17T03:33:35.568+0000] {processor.py:840} INFO - DAG(s) 'example_short_circuit_decorator' retrieved from /home/airflow/.local/lib/python3.12/site-packages/airflow/example_dags/example_short_circuit_decorator.py
[2025-10-17T03:33:35.590+0000] {logging_mixin.py:188} INFO - [2025-10-17T03:33:35.590+0000] {dag.py:3096} INFO - Sync 1 DAGs
[2025-10-17T03:33:35.610+0000] {logging_mixin.py:188} INFO - [2025-10-17T03:33:35.609+0000] {dag.py:3954} INFO - Setting next_dagrun for example_short_circuit_decorator to 2025-10-16 00:00:00+00:00, run_after=2025-10-17 00:00:00+00:00
[2025-10-17T03:33:35.628+0000] {processor.py:183} INFO - Processing /home/airflow/.local/lib/python3.12/site-packages/airflow/example_dags/example_short_circuit_decorator.py took 0.076 seconds
[2025-10-17T03:34:06.755+0000] {processor.py:161} INFO - Started process (PID=4576) to work on /home/airflow/.local/lib/python3.12/site-packages/airflow/example_dags/example_short_circuit_decorator.py
[2025-10-17T03:34:06.756+0000] {processor.py:830} INFO - Processing file /home/airflow/.local/lib/python3.12/site-packages/airflow/example_dags/example_short_circuit_decorator.py for tasks to queue
[2025-10-17T03:34:06.759+0000] {logging_mixin.py:188} INFO - [2025-10-17T03:34:06.758+0000] {dagbag.py:545} INFO - Filling up the DagBag from /home/airflow/.local/lib/python3.12/site-packages/airflow/example_dags/example_short_circuit_decorator.py
[2025-10-17T03:34:06.767+0000] {processor.py:840} INFO - DAG(s) 'example_short_circuit_decorator' retrieved from /home/airflow/.local/lib/python3.12/site-packages/airflow/example_dags/example_short_circuit_decorator.py
[2025-10-17T03:34:06.788+0000] {logging_mixin.py:188} INFO - [2025-10-17T03:34:06.788+0000] {dag.py:3096} INFO - Sync 1 DAGs
[2025-10-17T03:34:06.808+0000] {logging_mixin.py:188} INFO - [2025-10-17T03:34:06.808+0000] {dag.py:3954} INFO - Setting next_dagrun for example_short_circuit_decorator to 2025-10-16 00:00:00+00:00, run_after=2025-10-17 00:00:00+00:00
[2025-10-17T03:34:06.827+0000] {processor.py:183} INFO - Processing /home/airflow/.local/lib/python3.12/site-packages/airflow/example_dags/example_short_circuit_decorator.py took 0.078 seconds
[2025-10-17T03:34:36.956+0000] {processor.py:161} INFO - Started process (PID=4635) to work on /home/airflow/.local/lib/python3.12/site-packages/airflow/example_dags/example_short_circuit_decorator.py
[2025-10-17T03:34:36.957+0000] {processor.py:830} INFO - Processing file /home/airflow/.local/lib/python3.12/site-packages/airflow/example_dags/example_short_circuit_decorator.py for tasks to queue
[2025-10-17T03:34:36.959+0000] {logging_mixin.py:188} INFO - [2025-10-17T03:34:36.959+0000] {dagbag.py:545} INFO - Filling up the DagBag from /home/airflow/.local/lib/python3.12/site-packages/airflow/example_dags/example_short_circuit_decorator.py
[2025-10-17T03:34:36.968+0000] {processor.py:840} INFO - DAG(s) 'example_short_circuit_decorator' retrieved from /home/airflow/.local/lib/python3.12/site-packages/airflow/example_dags/example_short_circuit_decorator.py
[2025-10-17T03:34:36.988+0000] {logging_mixin.py:188} INFO - [2025-10-17T03:34:36.988+0000] {dag.py:3096} INFO - Sync 1 DAGs
[2025-10-17T03:34:37.007+0000] {logging_mixin.py:188} INFO - [2025-10-17T03:34:37.006+0000] {dag.py:3954} INFO - Setting next_dagrun for example_short_circuit_decorator to 2025-10-16 00:00:00+00:00, run_after=2025-10-17 00:00:00+00:00
[2025-10-17T03:34:37.024+0000] {processor.py:183} INFO - Processing /home/airflow/.local/lib/python3.12/site-packages/airflow/example_dags/example_short_circuit_decorator.py took 0.073 seconds
[2025-10-17T03:35:07.495+0000] {processor.py:161} INFO - Started process (PID=4694) to work on /home/airflow/.local/lib/python3.12/site-packages/airflow/example_dags/example_short_circuit_decorator.py
[2025-10-17T03:35:07.496+0000] {processor.py:830} INFO - Processing file /home/airflow/.local/lib/python3.12/site-packages/airflow/example_dags/example_short_circuit_decorator.py for tasks to queue
[2025-10-17T03:35:07.498+0000] {logging_mixin.py:188} INFO - [2025-10-17T03:35:07.498+0000] {dagbag.py:545} INFO - Filling up the DagBag from /home/airflow/.local/lib/python3.12/site-packages/airflow/example_dags/example_short_circuit_decorator.py
[2025-10-17T03:35:07.506+0000] {processor.py:840} INFO - DAG(s) 'example_short_circuit_decorator' retrieved from /home/airflow/.local/lib/python3.12/site-packages/airflow/example_dags/example_short_circuit_decorator.py
[2025-10-17T03:35:07.527+0000] {logging_mixin.py:188} INFO - [2025-10-17T03:35:07.527+0000] {dag.py:3096} INFO - Sync 1 DAGs
[2025-10-17T03:35:07.546+0000] {logging_mixin.py:188} INFO - [2025-10-17T03:35:07.546+0000] {dag.py:3954} INFO - Setting next_dagrun for example_short_circuit_decorator to 2025-10-16 00:00:00+00:00, run_after=2025-10-17 00:00:00+00:00
[2025-10-17T03:35:07.563+0000] {processor.py:183} INFO - Processing /home/airflow/.local/lib/python3.12/site-packages/airflow/example_dags/example_short_circuit_decorator.py took 0.074 seconds
[2025-10-17T03:35:37.711+0000] {processor.py:161} INFO - Started process (PID=4753) to work on /home/airflow/.local/lib/python3.12/site-packages/airflow/example_dags/example_short_circuit_decorator.py
[2025-10-17T03:35:37.712+0000] {processor.py:830} INFO - Processing file /home/airflow/.local/lib/python3.12/site-packages/airflow/example_dags/example_short_circuit_decorator.py for tasks to queue
[2025-10-17T03:35:37.714+0000] {logging_mixin.py:188} INFO - [2025-10-17T03:35:37.714+0000] {dagbag.py:545} INFO - Filling up the DagBag from /home/airflow/.local/lib/python3.12/site-packages/airflow/example_dags/example_short_circuit_decorator.py
[2025-10-17T03:35:37.721+0000] {processor.py:840} INFO - DAG(s) 'example_short_circuit_decorator' retrieved from /home/airflow/.local/lib/python3.12/site-packages/airflow/example_dags/example_short_circuit_decorator.py
[2025-10-17T03:35:37.741+0000] {logging_mixin.py:188} INFO - [2025-10-17T03:35:37.741+0000] {dag.py:3096} INFO - Sync 1 DAGs
[2025-10-17T03:35:37.760+0000] {logging_mixin.py:188} INFO - [2025-10-17T03:35:37.760+0000] {dag.py:3954} INFO - Setting next_dagrun for example_short_circuit_decorator to 2025-10-16 00:00:00+00:00, run_after=2025-10-17 00:00:00+00:00
[2025-10-17T03:35:37.776+0000] {processor.py:183} INFO - Processing /home/airflow/.local/lib/python3.12/site-packages/airflow/example_dags/example_short_circuit_decorator.py took 0.070 seconds
[2025-10-17T03:36:08.029+0000] {processor.py:161} INFO - Started process (PID=4812) to work on /home/airflow/.local/lib/python3.12/site-packages/airflow/example_dags/example_short_circuit_decorator.py
[2025-10-17T03:36:08.030+0000] {processor.py:830} INFO - Processing file /home/airflow/.local/lib/python3.12/site-packages/airflow/example_dags/example_short_circuit_decorator.py for tasks to queue
[2025-10-17T03:36:08.032+0000] {logging_mixin.py:188} INFO - [2025-10-17T03:36:08.032+0000] {dagbag.py:545} INFO - Filling up the DagBag from /home/airflow/.local/lib/python3.12/site-packages/airflow/example_dags/example_short_circuit_decorator.py
[2025-10-17T03:36:08.040+0000] {processor.py:840} INFO - DAG(s) 'example_short_circuit_decorator' retrieved from /home/airflow/.local/lib/python3.12/site-packages/airflow/example_dags/example_short_circuit_decorator.py
[2025-10-17T03:36:08.059+0000] {logging_mixin.py:188} INFO - [2025-10-17T03:36:08.059+0000] {dag.py:3096} INFO - Sync 1 DAGs
[2025-10-17T03:36:08.077+0000] {logging_mixin.py:188} INFO - [2025-10-17T03:36:08.077+0000] {dag.py:3954} INFO - Setting next_dagrun for example_short_circuit_decorator to 2025-10-16 00:00:00+00:00, run_after=2025-10-17 00:00:00+00:00
[2025-10-17T03:36:08.094+0000] {processor.py:183} INFO - Processing /home/airflow/.local/lib/python3.12/site-packages/airflow/example_dags/example_short_circuit_decorator.py took 0.070 seconds
[2025-10-17T03:36:38.510+0000] {processor.py:161} INFO - Started process (PID=4871) to work on /home/airflow/.local/lib/python3.12/site-packages/airflow/example_dags/example_short_circuit_decorator.py
[2025-10-17T03:36:38.511+0000] {processor.py:830} INFO - Processing file /home/airflow/.local/lib/python3.12/site-packages/airflow/example_dags/example_short_circuit_decorator.py for tasks to queue
[2025-10-17T03:36:38.513+0000] {logging_mixin.py:188} INFO - [2025-10-17T03:36:38.513+0000] {dagbag.py:545} INFO - Filling up the DagBag from /home/airflow/.local/lib/python3.12/site-packages/airflow/example_dags/example_short_circuit_decorator.py
[2025-10-17T03:36:38.521+0000] {processor.py:840} INFO - DAG(s) 'example_short_circuit_decorator' retrieved from /home/airflow/.local/lib/python3.12/site-packages/airflow/example_dags/example_short_circuit_decorator.py
[2025-10-17T03:36:38.541+0000] {logging_mixin.py:188} INFO - [2025-10-17T03:36:38.541+0000] {dag.py:3096} INFO - Sync 1 DAGs
[2025-10-17T03:36:38.560+0000] {logging_mixin.py:188} INFO - [2025-10-17T03:36:38.559+0000] {dag.py:3954} INFO - Setting next_dagrun for example_short_circuit_decorator to 2025-10-16 00:00:00+00:00, run_after=2025-10-17 00:00:00+00:00
[2025-10-17T03:36:38.576+0000] {processor.py:183} INFO - Processing /home/airflow/.local/lib/python3.12/site-packages/airflow/example_dags/example_short_circuit_decorator.py took 0.072 seconds
[2025-10-17T03:37:08.917+0000] {processor.py:161} INFO - Started process (PID=4930) to work on /home/airflow/.local/lib/python3.12/site-packages/airflow/example_dags/example_short_circuit_decorator.py
[2025-10-17T03:37:08.918+0000] {processor.py:830} INFO - Processing file /home/airflow/.local/lib/python3.12/site-packages/airflow/example_dags/example_short_circuit_decorator.py for tasks to queue
[2025-10-17T03:37:08.920+0000] {logging_mixin.py:188} INFO - [2025-10-17T03:37:08.920+0000] {dagbag.py:545} INFO - Filling up the DagBag from /home/airflow/.local/lib/python3.12/site-packages/airflow/example_dags/example_short_circuit_decorator.py
[2025-10-17T03:37:08.928+0000] {processor.py:840} INFO - DAG(s) 'example_short_circuit_decorator' retrieved from /home/airflow/.local/lib/python3.12/site-packages/airflow/example_dags/example_short_circuit_decorator.py
[2025-10-17T03:37:08.951+0000] {logging_mixin.py:188} INFO - [2025-10-17T03:37:08.951+0000] {dag.py:3096} INFO - Sync 1 DAGs
[2025-10-17T03:37:08.972+0000] {logging_mixin.py:188} INFO - [2025-10-17T03:37:08.972+0000] {dag.py:3954} INFO - Setting next_dagrun for example_short_circuit_decorator to 2025-10-16 00:00:00+00:00, run_after=2025-10-17 00:00:00+00:00
[2025-10-17T03:37:08.988+0000] {processor.py:183} INFO - Processing /home/airflow/.local/lib/python3.12/site-packages/airflow/example_dags/example_short_circuit_decorator.py took 0.078 seconds
[2025-10-17T03:37:39.213+0000] {processor.py:161} INFO - Started process (PID=4989) to work on /home/airflow/.local/lib/python3.12/site-packages/airflow/example_dags/example_short_circuit_decorator.py
[2025-10-17T03:37:39.214+0000] {processor.py:830} INFO - Processing file /home/airflow/.local/lib/python3.12/site-packages/airflow/example_dags/example_short_circuit_decorator.py for tasks to queue
[2025-10-17T03:37:39.216+0000] {logging_mixin.py:188} INFO - [2025-10-17T03:37:39.216+0000] {dagbag.py:545} INFO - Filling up the DagBag from /home/airflow/.local/lib/python3.12/site-packages/airflow/example_dags/example_short_circuit_decorator.py
[2025-10-17T03:37:39.225+0000] {processor.py:840} INFO - DAG(s) 'example_short_circuit_decorator' retrieved from /home/airflow/.local/lib/python3.12/site-packages/airflow/example_dags/example_short_circuit_decorator.py
[2025-10-17T03:37:39.245+0000] {logging_mixin.py:188} INFO - [2025-10-17T03:37:39.245+0000] {dag.py:3096} INFO - Sync 1 DAGs
[2025-10-17T03:37:39.265+0000] {logging_mixin.py:188} INFO - [2025-10-17T03:37:39.265+0000] {dag.py:3954} INFO - Setting next_dagrun for example_short_circuit_decorator to 2025-10-16 00:00:00+00:00, run_after=2025-10-17 00:00:00+00:00
[2025-10-17T03:37:39.283+0000] {processor.py:183} INFO - Processing /home/airflow/.local/lib/python3.12/site-packages/airflow/example_dags/example_short_circuit_decorator.py took 0.077 seconds
[2025-10-17T03:38:09.819+0000] {processor.py:161} INFO - Started process (PID=5048) to work on /home/airflow/.local/lib/python3.12/site-packages/airflow/example_dags/example_short_circuit_decorator.py
[2025-10-17T03:38:09.821+0000] {processor.py:830} INFO - Processing file /home/airflow/.local/lib/python3.12/site-packages/airflow/example_dags/example_short_circuit_decorator.py for tasks to queue
[2025-10-17T03:38:09.824+0000] {logging_mixin.py:188} INFO - [2025-10-17T03:38:09.824+0000] {dagbag.py:545} INFO - Filling up the DagBag from /home/airflow/.local/lib/python3.12/site-packages/airflow/example_dags/example_short_circuit_decorator.py
[2025-10-17T03:38:09.866+0000] {processor.py:840} INFO - DAG(s) 'example_short_circuit_decorator' retrieved from /home/airflow/.local/lib/python3.12/site-packages/airflow/example_dags/example_short_circuit_decorator.py
[2025-10-17T03:38:09.961+0000] {logging_mixin.py:188} INFO - [2025-10-17T03:38:09.950+0000] {dag.py:3096} INFO - Sync 1 DAGs
[2025-10-17T03:38:10.036+0000] {logging_mixin.py:188} INFO - [2025-10-17T03:38:10.036+0000] {dag.py:3954} INFO - Setting next_dagrun for example_short_circuit_decorator to 2025-10-16 00:00:00+00:00, run_after=2025-10-17 00:00:00+00:00
[2025-10-17T03:38:10.093+0000] {processor.py:183} INFO - Processing /home/airflow/.local/lib/python3.12/site-packages/airflow/example_dags/example_short_circuit_decorator.py took 0.295 seconds
[2025-10-17T03:38:40.647+0000] {processor.py:161} INFO - Started process (PID=5107) to work on /home/airflow/.local/lib/python3.12/site-packages/airflow/example_dags/example_short_circuit_decorator.py
[2025-10-17T03:38:40.648+0000] {processor.py:830} INFO - Processing file /home/airflow/.local/lib/python3.12/site-packages/airflow/example_dags/example_short_circuit_decorator.py for tasks to queue
[2025-10-17T03:38:40.651+0000] {logging_mixin.py:188} INFO - [2025-10-17T03:38:40.650+0000] {dagbag.py:545} INFO - Filling up the DagBag from /home/airflow/.local/lib/python3.12/site-packages/airflow/example_dags/example_short_circuit_decorator.py
[2025-10-17T03:38:40.659+0000] {processor.py:840} INFO - DAG(s) 'example_short_circuit_decorator' retrieved from /home/airflow/.local/lib/python3.12/site-packages/airflow/example_dags/example_short_circuit_decorator.py
[2025-10-17T03:38:40.682+0000] {logging_mixin.py:188} INFO - [2025-10-17T03:38:40.681+0000] {dag.py:3096} INFO - Sync 1 DAGs
[2025-10-17T03:38:40.705+0000] {logging_mixin.py:188} INFO - [2025-10-17T03:38:40.704+0000] {dag.py:3954} INFO - Setting next_dagrun for example_short_circuit_decorator to 2025-10-16 00:00:00+00:00, run_after=2025-10-17 00:00:00+00:00
[2025-10-17T03:38:40.728+0000] {processor.py:183} INFO - Processing /home/airflow/.local/lib/python3.12/site-packages/airflow/example_dags/example_short_circuit_decorator.py took 0.086 seconds
[2025-10-17T03:39:11.009+0000] {processor.py:161} INFO - Started process (PID=5166) to work on /home/airflow/.local/lib/python3.12/site-packages/airflow/example_dags/example_short_circuit_decorator.py
[2025-10-17T03:39:11.010+0000] {processor.py:830} INFO - Processing file /home/airflow/.local/lib/python3.12/site-packages/airflow/example_dags/example_short_circuit_decorator.py for tasks to queue
[2025-10-17T03:39:11.013+0000] {logging_mixin.py:188} INFO - [2025-10-17T03:39:11.012+0000] {dagbag.py:545} INFO - Filling up the DagBag from /home/airflow/.local/lib/python3.12/site-packages/airflow/example_dags/example_short_circuit_decorator.py
[2025-10-17T03:39:11.021+0000] {processor.py:840} INFO - DAG(s) 'example_short_circuit_decorator' retrieved from /home/airflow/.local/lib/python3.12/site-packages/airflow/example_dags/example_short_circuit_decorator.py
[2025-10-17T03:39:11.041+0000] {logging_mixin.py:188} INFO - [2025-10-17T03:39:11.041+0000] {dag.py:3096} INFO - Sync 1 DAGs
[2025-10-17T03:39:11.062+0000] {logging_mixin.py:188} INFO - [2025-10-17T03:39:11.062+0000] {dag.py:3954} INFO - Setting next_dagrun for example_short_circuit_decorator to 2025-10-16 00:00:00+00:00, run_after=2025-10-17 00:00:00+00:00
[2025-10-17T03:39:11.080+0000] {processor.py:183} INFO - Processing /home/airflow/.local/lib/python3.12/site-packages/airflow/example_dags/example_short_circuit_decorator.py took 0.076 seconds
[2025-10-17T03:39:41.360+0000] {processor.py:161} INFO - Started process (PID=5225) to work on /home/airflow/.local/lib/python3.12/site-packages/airflow/example_dags/example_short_circuit_decorator.py
[2025-10-17T03:39:41.361+0000] {processor.py:830} INFO - Processing file /home/airflow/.local/lib/python3.12/site-packages/airflow/example_dags/example_short_circuit_decorator.py for tasks to queue
[2025-10-17T03:39:41.364+0000] {logging_mixin.py:188} INFO - [2025-10-17T03:39:41.363+0000] {dagbag.py:545} INFO - Filling up the DagBag from /home/airflow/.local/lib/python3.12/site-packages/airflow/example_dags/example_short_circuit_decorator.py
[2025-10-17T03:39:41.372+0000] {processor.py:840} INFO - DAG(s) 'example_short_circuit_decorator' retrieved from /home/airflow/.local/lib/python3.12/site-packages/airflow/example_dags/example_short_circuit_decorator.py
[2025-10-17T03:39:41.392+0000] {logging_mixin.py:188} INFO - [2025-10-17T03:39:41.392+0000] {dag.py:3096} INFO - Sync 1 DAGs
[2025-10-17T03:39:41.410+0000] {logging_mixin.py:188} INFO - [2025-10-17T03:39:41.409+0000] {dag.py:3954} INFO - Setting next_dagrun for example_short_circuit_decorator to 2025-10-16 00:00:00+00:00, run_after=2025-10-17 00:00:00+00:00
[2025-10-17T03:39:41.425+0000] {processor.py:183} INFO - Processing /home/airflow/.local/lib/python3.12/site-packages/airflow/example_dags/example_short_circuit_decorator.py took 0.070 seconds
[2025-10-17T03:40:12.272+0000] {processor.py:161} INFO - Started process (PID=5282) to work on /home/airflow/.local/lib/python3.12/site-packages/airflow/example_dags/example_short_circuit_decorator.py
[2025-10-17T03:40:12.274+0000] {processor.py:830} INFO - Processing file /home/airflow/.local/lib/python3.12/site-packages/airflow/example_dags/example_short_circuit_decorator.py for tasks to queue
[2025-10-17T03:40:12.275+0000] {logging_mixin.py:188} INFO - [2025-10-17T03:40:12.275+0000] {dagbag.py:545} INFO - Filling up the DagBag from /home/airflow/.local/lib/python3.12/site-packages/airflow/example_dags/example_short_circuit_decorator.py
[2025-10-17T03:40:12.283+0000] {processor.py:840} INFO - DAG(s) 'example_short_circuit_decorator' retrieved from /home/airflow/.local/lib/python3.12/site-packages/airflow/example_dags/example_short_circuit_decorator.py
[2025-10-17T03:40:12.303+0000] {logging_mixin.py:188} INFO - [2025-10-17T03:40:12.303+0000] {dag.py:3096} INFO - Sync 1 DAGs
[2025-10-17T03:40:12.322+0000] {logging_mixin.py:188} INFO - [2025-10-17T03:40:12.321+0000] {dag.py:3954} INFO - Setting next_dagrun for example_short_circuit_decorator to 2025-10-16 00:00:00+00:00, run_after=2025-10-17 00:00:00+00:00
[2025-10-17T03:40:12.338+0000] {processor.py:183} INFO - Processing /home/airflow/.local/lib/python3.12/site-packages/airflow/example_dags/example_short_circuit_decorator.py took 0.071 seconds
[2025-10-17T03:40:42.775+0000] {processor.py:161} INFO - Started process (PID=5341) to work on /home/airflow/.local/lib/python3.12/site-packages/airflow/example_dags/example_short_circuit_decorator.py
[2025-10-17T03:40:42.777+0000] {processor.py:830} INFO - Processing file /home/airflow/.local/lib/python3.12/site-packages/airflow/example_dags/example_short_circuit_decorator.py for tasks to queue
[2025-10-17T03:40:42.779+0000] {logging_mixin.py:188} INFO - [2025-10-17T03:40:42.779+0000] {dagbag.py:545} INFO - Filling up the DagBag from /home/airflow/.local/lib/python3.12/site-packages/airflow/example_dags/example_short_circuit_decorator.py
[2025-10-17T03:40:42.787+0000] {processor.py:840} INFO - DAG(s) 'example_short_circuit_decorator' retrieved from /home/airflow/.local/lib/python3.12/site-packages/airflow/example_dags/example_short_circuit_decorator.py
[2025-10-17T03:40:42.805+0000] {logging_mixin.py:188} INFO - [2025-10-17T03:40:42.805+0000] {dag.py:3096} INFO - Sync 1 DAGs
[2025-10-17T03:40:42.823+0000] {logging_mixin.py:188} INFO - [2025-10-17T03:40:42.823+0000] {dag.py:3954} INFO - Setting next_dagrun for example_short_circuit_decorator to 2025-10-16 00:00:00+00:00, run_after=2025-10-17 00:00:00+00:00
[2025-10-17T03:40:42.839+0000] {processor.py:183} INFO - Processing /home/airflow/.local/lib/python3.12/site-packages/airflow/example_dags/example_short_circuit_decorator.py took 0.069 seconds
[2025-10-17T03:41:13.233+0000] {processor.py:161} INFO - Started process (PID=5400) to work on /home/airflow/.local/lib/python3.12/site-packages/airflow/example_dags/example_short_circuit_decorator.py
[2025-10-17T03:41:13.234+0000] {processor.py:830} INFO - Processing file /home/airflow/.local/lib/python3.12/site-packages/airflow/example_dags/example_short_circuit_decorator.py for tasks to queue
[2025-10-17T03:41:13.236+0000] {logging_mixin.py:188} INFO - [2025-10-17T03:41:13.236+0000] {dagbag.py:545} INFO - Filling up the DagBag from /home/airflow/.local/lib/python3.12/site-packages/airflow/example_dags/example_short_circuit_decorator.py
[2025-10-17T03:41:13.243+0000] {processor.py:840} INFO - DAG(s) 'example_short_circuit_decorator' retrieved from /home/airflow/.local/lib/python3.12/site-packages/airflow/example_dags/example_short_circuit_decorator.py
[2025-10-17T03:41:13.263+0000] {logging_mixin.py:188} INFO - [2025-10-17T03:41:13.262+0000] {dag.py:3096} INFO - Sync 1 DAGs
[2025-10-17T03:41:13.281+0000] {logging_mixin.py:188} INFO - [2025-10-17T03:41:13.280+0000] {dag.py:3954} INFO - Setting next_dagrun for example_short_circuit_decorator to 2025-10-16 00:00:00+00:00, run_after=2025-10-17 00:00:00+00:00
[2025-10-17T03:41:13.298+0000] {processor.py:183} INFO - Processing /home/airflow/.local/lib/python3.12/site-packages/airflow/example_dags/example_short_circuit_decorator.py took 0.070 seconds
[2025-10-17T03:41:44.169+0000] {processor.py:161} INFO - Started process (PID=5459) to work on /home/airflow/.local/lib/python3.12/site-packages/airflow/example_dags/example_short_circuit_decorator.py
[2025-10-17T03:41:44.171+0000] {processor.py:830} INFO - Processing file /home/airflow/.local/lib/python3.12/site-packages/airflow/example_dags/example_short_circuit_decorator.py for tasks to queue
[2025-10-17T03:41:44.173+0000] {logging_mixin.py:188} INFO - [2025-10-17T03:41:44.173+0000] {dagbag.py:545} INFO - Filling up the DagBag from /home/airflow/.local/lib/python3.12/site-packages/airflow/example_dags/example_short_circuit_decorator.py
[2025-10-17T03:41:44.182+0000] {processor.py:840} INFO - DAG(s) 'example_short_circuit_decorator' retrieved from /home/airflow/.local/lib/python3.12/site-packages/airflow/example_dags/example_short_circuit_decorator.py
[2025-10-17T03:41:44.206+0000] {logging_mixin.py:188} INFO - [2025-10-17T03:41:44.206+0000] {dag.py:3096} INFO - Sync 1 DAGs
[2025-10-17T03:41:44.224+0000] {logging_mixin.py:188} INFO - [2025-10-17T03:41:44.224+0000] {dag.py:3954} INFO - Setting next_dagrun for example_short_circuit_decorator to 2025-10-16 00:00:00+00:00, run_after=2025-10-17 00:00:00+00:00
[2025-10-17T03:41:44.243+0000] {processor.py:183} INFO - Processing /home/airflow/.local/lib/python3.12/site-packages/airflow/example_dags/example_short_circuit_decorator.py took 0.079 seconds
[2025-10-17T03:42:14.306+0000] {processor.py:161} INFO - Started process (PID=5518) to work on /home/airflow/.local/lib/python3.12/site-packages/airflow/example_dags/example_short_circuit_decorator.py
[2025-10-17T03:42:14.307+0000] {processor.py:830} INFO - Processing file /home/airflow/.local/lib/python3.12/site-packages/airflow/example_dags/example_short_circuit_decorator.py for tasks to queue
[2025-10-17T03:42:14.309+0000] {logging_mixin.py:188} INFO - [2025-10-17T03:42:14.309+0000] {dagbag.py:545} INFO - Filling up the DagBag from /home/airflow/.local/lib/python3.12/site-packages/airflow/example_dags/example_short_circuit_decorator.py
[2025-10-17T03:42:14.317+0000] {processor.py:840} INFO - DAG(s) 'example_short_circuit_decorator' retrieved from /home/airflow/.local/lib/python3.12/site-packages/airflow/example_dags/example_short_circuit_decorator.py
[2025-10-17T03:42:14.339+0000] {logging_mixin.py:188} INFO - [2025-10-17T03:42:14.338+0000] {dag.py:3096} INFO - Sync 1 DAGs
[2025-10-17T03:42:14.358+0000] {logging_mixin.py:188} INFO - [2025-10-17T03:42:14.358+0000] {dag.py:3954} INFO - Setting next_dagrun for example_short_circuit_decorator to 2025-10-16 00:00:00+00:00, run_after=2025-10-17 00:00:00+00:00
[2025-10-17T03:42:14.377+0000] {processor.py:183} INFO - Processing /home/airflow/.local/lib/python3.12/site-packages/airflow/example_dags/example_short_circuit_decorator.py took 0.075 seconds
[2025-10-17T03:42:44.775+0000] {processor.py:161} INFO - Started process (PID=5577) to work on /home/airflow/.local/lib/python3.12/site-packages/airflow/example_dags/example_short_circuit_decorator.py
[2025-10-17T03:42:44.776+0000] {processor.py:830} INFO - Processing file /home/airflow/.local/lib/python3.12/site-packages/airflow/example_dags/example_short_circuit_decorator.py for tasks to queue
[2025-10-17T03:42:44.778+0000] {logging_mixin.py:188} INFO - [2025-10-17T03:42:44.778+0000] {dagbag.py:545} INFO - Filling up the DagBag from /home/airflow/.local/lib/python3.12/site-packages/airflow/example_dags/example_short_circuit_decorator.py
[2025-10-17T03:42:44.786+0000] {processor.py:840} INFO - DAG(s) 'example_short_circuit_decorator' retrieved from /home/airflow/.local/lib/python3.12/site-packages/airflow/example_dags/example_short_circuit_decorator.py
[2025-10-17T03:42:44.806+0000] {logging_mixin.py:188} INFO - [2025-10-17T03:42:44.805+0000] {dag.py:3096} INFO - Sync 1 DAGs
[2025-10-17T03:42:44.828+0000] {logging_mixin.py:188} INFO - [2025-10-17T03:42:44.827+0000] {dag.py:3954} INFO - Setting next_dagrun for example_short_circuit_decorator to 2025-10-16 00:00:00+00:00, run_after=2025-10-17 00:00:00+00:00
[2025-10-17T03:42:44.846+0000] {processor.py:183} INFO - Processing /home/airflow/.local/lib/python3.12/site-packages/airflow/example_dags/example_short_circuit_decorator.py took 0.077 seconds
[2025-10-17T03:43:15.189+0000] {processor.py:161} INFO - Started process (PID=5636) to work on /home/airflow/.local/lib/python3.12/site-packages/airflow/example_dags/example_short_circuit_decorator.py
[2025-10-17T03:43:15.190+0000] {processor.py:830} INFO - Processing file /home/airflow/.local/lib/python3.12/site-packages/airflow/example_dags/example_short_circuit_decorator.py for tasks to queue
[2025-10-17T03:43:15.192+0000] {logging_mixin.py:188} INFO - [2025-10-17T03:43:15.192+0000] {dagbag.py:545} INFO - Filling up the DagBag from /home/airflow/.local/lib/python3.12/site-packages/airflow/example_dags/example_short_circuit_decorator.py
[2025-10-17T03:43:15.201+0000] {processor.py:840} INFO - DAG(s) 'example_short_circuit_decorator' retrieved from /home/airflow/.local/lib/python3.12/site-packages/airflow/example_dags/example_short_circuit_decorator.py
[2025-10-17T03:43:15.221+0000] {logging_mixin.py:188} INFO - [2025-10-17T03:43:15.221+0000] {dag.py:3096} INFO - Sync 1 DAGs
[2025-10-17T03:43:15.240+0000] {logging_mixin.py:188} INFO - [2025-10-17T03:43:15.240+0000] {dag.py:3954} INFO - Setting next_dagrun for example_short_circuit_decorator to 2025-10-16 00:00:00+00:00, run_after=2025-10-17 00:00:00+00:00
[2025-10-17T03:43:15.257+0000] {processor.py:183} INFO - Processing /home/airflow/.local/lib/python3.12/site-packages/airflow/example_dags/example_short_circuit_decorator.py took 0.074 seconds
[2025-10-17T03:43:45.498+0000] {processor.py:161} INFO - Started process (PID=5695) to work on /home/airflow/.local/lib/python3.12/site-packages/airflow/example_dags/example_short_circuit_decorator.py
[2025-10-17T03:43:45.499+0000] {processor.py:830} INFO - Processing file /home/airflow/.local/lib/python3.12/site-packages/airflow/example_dags/example_short_circuit_decorator.py for tasks to queue
[2025-10-17T03:43:45.502+0000] {logging_mixin.py:188} INFO - [2025-10-17T03:43:45.501+0000] {dagbag.py:545} INFO - Filling up the DagBag from /home/airflow/.local/lib/python3.12/site-packages/airflow/example_dags/example_short_circuit_decorator.py
[2025-10-17T03:43:45.510+0000] {processor.py:840} INFO - DAG(s) 'example_short_circuit_decorator' retrieved from /home/airflow/.local/lib/python3.12/site-packages/airflow/example_dags/example_short_circuit_decorator.py
[2025-10-17T03:43:45.528+0000] {logging_mixin.py:188} INFO - [2025-10-17T03:43:45.528+0000] {dag.py:3096} INFO - Sync 1 DAGs
[2025-10-17T03:43:45.546+0000] {logging_mixin.py:188} INFO - [2025-10-17T03:43:45.546+0000] {dag.py:3954} INFO - Setting next_dagrun for example_short_circuit_decorator to 2025-10-16 00:00:00+00:00, run_after=2025-10-17 00:00:00+00:00
[2025-10-17T03:43:45.568+0000] {processor.py:183} INFO - Processing /home/airflow/.local/lib/python3.12/site-packages/airflow/example_dags/example_short_circuit_decorator.py took 0.074 seconds
[2025-10-17T03:44:16.234+0000] {processor.py:161} INFO - Started process (PID=5754) to work on /home/airflow/.local/lib/python3.12/site-packages/airflow/example_dags/example_short_circuit_decorator.py
[2025-10-17T03:44:16.236+0000] {processor.py:830} INFO - Processing file /home/airflow/.local/lib/python3.12/site-packages/airflow/example_dags/example_short_circuit_decorator.py for tasks to queue
[2025-10-17T03:44:16.238+0000] {logging_mixin.py:188} INFO - [2025-10-17T03:44:16.238+0000] {dagbag.py:545} INFO - Filling up the DagBag from /home/airflow/.local/lib/python3.12/site-packages/airflow/example_dags/example_short_circuit_decorator.py
[2025-10-17T03:44:16.246+0000] {processor.py:840} INFO - DAG(s) 'example_short_circuit_decorator' retrieved from /home/airflow/.local/lib/python3.12/site-packages/airflow/example_dags/example_short_circuit_decorator.py
[2025-10-17T03:44:16.265+0000] {logging_mixin.py:188} INFO - [2025-10-17T03:44:16.265+0000] {dag.py:3096} INFO - Sync 1 DAGs
[2025-10-17T03:44:16.285+0000] {logging_mixin.py:188} INFO - [2025-10-17T03:44:16.285+0000] {dag.py:3954} INFO - Setting next_dagrun for example_short_circuit_decorator to 2025-10-16 00:00:00+00:00, run_after=2025-10-17 00:00:00+00:00
[2025-10-17T03:44:16.302+0000] {processor.py:183} INFO - Processing /home/airflow/.local/lib/python3.12/site-packages/airflow/example_dags/example_short_circuit_decorator.py took 0.073 seconds
[2025-10-17T03:44:46.656+0000] {processor.py:161} INFO - Started process (PID=5814) to work on /home/airflow/.local/lib/python3.12/site-packages/airflow/example_dags/example_short_circuit_decorator.py
[2025-10-17T03:44:46.657+0000] {processor.py:830} INFO - Processing file /home/airflow/.local/lib/python3.12/site-packages/airflow/example_dags/example_short_circuit_decorator.py for tasks to queue
[2025-10-17T03:44:46.658+0000] {logging_mixin.py:188} INFO - [2025-10-17T03:44:46.658+0000] {dagbag.py:545} INFO - Filling up the DagBag from /home/airflow/.local/lib/python3.12/site-packages/airflow/example_dags/example_short_circuit_decorator.py
[2025-10-17T03:44:46.666+0000] {processor.py:840} INFO - DAG(s) 'example_short_circuit_decorator' retrieved from /home/airflow/.local/lib/python3.12/site-packages/airflow/example_dags/example_short_circuit_decorator.py
[2025-10-17T03:44:46.687+0000] {logging_mixin.py:188} INFO - [2025-10-17T03:44:46.687+0000] {dag.py:3096} INFO - Sync 1 DAGs
[2025-10-17T03:44:46.705+0000] {logging_mixin.py:188} INFO - [2025-10-17T03:44:46.705+0000] {dag.py:3954} INFO - Setting next_dagrun for example_short_circuit_decorator to 2025-10-16 00:00:00+00:00, run_after=2025-10-17 00:00:00+00:00
[2025-10-17T03:44:46.724+0000] {processor.py:183} INFO - Processing /home/airflow/.local/lib/python3.12/site-packages/airflow/example_dags/example_short_circuit_decorator.py took 0.074 seconds
[2025-10-17T03:45:17.470+0000] {processor.py:161} INFO - Started process (PID=5873) to work on /home/airflow/.local/lib/python3.12/site-packages/airflow/example_dags/example_short_circuit_decorator.py
[2025-10-17T03:45:17.471+0000] {processor.py:830} INFO - Processing file /home/airflow/.local/lib/python3.12/site-packages/airflow/example_dags/example_short_circuit_decorator.py for tasks to queue
[2025-10-17T03:45:17.473+0000] {logging_mixin.py:188} INFO - [2025-10-17T03:45:17.473+0000] {dagbag.py:545} INFO - Filling up the DagBag from /home/airflow/.local/lib/python3.12/site-packages/airflow/example_dags/example_short_circuit_decorator.py
[2025-10-17T03:45:17.481+0000] {processor.py:840} INFO - DAG(s) 'example_short_circuit_decorator' retrieved from /home/airflow/.local/lib/python3.12/site-packages/airflow/example_dags/example_short_circuit_decorator.py
[2025-10-17T03:45:17.504+0000] {logging_mixin.py:188} INFO - [2025-10-17T03:45:17.504+0000] {dag.py:3096} INFO - Sync 1 DAGs
[2025-10-17T03:45:17.527+0000] {logging_mixin.py:188} INFO - [2025-10-17T03:45:17.527+0000] {dag.py:3954} INFO - Setting next_dagrun for example_short_circuit_decorator to 2025-10-16 00:00:00+00:00, run_after=2025-10-17 00:00:00+00:00
[2025-10-17T03:45:17.547+0000] {processor.py:183} INFO - Processing /home/airflow/.local/lib/python3.12/site-packages/airflow/example_dags/example_short_circuit_decorator.py took 0.083 seconds
[2025-10-17T03:45:47.768+0000] {processor.py:161} INFO - Started process (PID=5932) to work on /home/airflow/.local/lib/python3.12/site-packages/airflow/example_dags/example_short_circuit_decorator.py
[2025-10-17T03:45:47.769+0000] {processor.py:830} INFO - Processing file /home/airflow/.local/lib/python3.12/site-packages/airflow/example_dags/example_short_circuit_decorator.py for tasks to queue
[2025-10-17T03:45:47.771+0000] {logging_mixin.py:188} INFO - [2025-10-17T03:45:47.770+0000] {dagbag.py:545} INFO - Filling up the DagBag from /home/airflow/.local/lib/python3.12/site-packages/airflow/example_dags/example_short_circuit_decorator.py
[2025-10-17T03:45:47.780+0000] {processor.py:840} INFO - DAG(s) 'example_short_circuit_decorator' retrieved from /home/airflow/.local/lib/python3.12/site-packages/airflow/example_dags/example_short_circuit_decorator.py
[2025-10-17T03:45:47.800+0000] {logging_mixin.py:188} INFO - [2025-10-17T03:45:47.800+0000] {dag.py:3096} INFO - Sync 1 DAGs
[2025-10-17T03:45:47.819+0000] {logging_mixin.py:188} INFO - [2025-10-17T03:45:47.819+0000] {dag.py:3954} INFO - Setting next_dagrun for example_short_circuit_decorator to 2025-10-16 00:00:00+00:00, run_after=2025-10-17 00:00:00+00:00
[2025-10-17T03:45:47.836+0000] {processor.py:183} INFO - Processing /home/airflow/.local/lib/python3.12/site-packages/airflow/example_dags/example_short_circuit_decorator.py took 0.074 seconds
[2025-10-17T03:46:18.044+0000] {processor.py:161} INFO - Started process (PID=5991) to work on /home/airflow/.local/lib/python3.12/site-packages/airflow/example_dags/example_short_circuit_decorator.py
[2025-10-17T03:46:18.045+0000] {processor.py:830} INFO - Processing file /home/airflow/.local/lib/python3.12/site-packages/airflow/example_dags/example_short_circuit_decorator.py for tasks to queue
[2025-10-17T03:46:18.047+0000] {logging_mixin.py:188} INFO - [2025-10-17T03:46:18.047+0000] {dagbag.py:545} INFO - Filling up the DagBag from /home/airflow/.local/lib/python3.12/site-packages/airflow/example_dags/example_short_circuit_decorator.py
[2025-10-17T03:46:18.056+0000] {processor.py:840} INFO - DAG(s) 'example_short_circuit_decorator' retrieved from /home/airflow/.local/lib/python3.12/site-packages/airflow/example_dags/example_short_circuit_decorator.py
[2025-10-17T03:46:18.078+0000] {logging_mixin.py:188} INFO - [2025-10-17T03:46:18.078+0000] {dag.py:3096} INFO - Sync 1 DAGs
[2025-10-17T03:46:18.101+0000] {logging_mixin.py:188} INFO - [2025-10-17T03:46:18.101+0000] {dag.py:3954} INFO - Setting next_dagrun for example_short_circuit_decorator to 2025-10-16 00:00:00+00:00, run_after=2025-10-17 00:00:00+00:00
[2025-10-17T03:46:18.120+0000] {processor.py:183} INFO - Processing /home/airflow/.local/lib/python3.12/site-packages/airflow/example_dags/example_short_circuit_decorator.py took 0.081 seconds
[2025-10-17T03:46:48.611+0000] {processor.py:161} INFO - Started process (PID=6050) to work on /home/airflow/.local/lib/python3.12/site-packages/airflow/example_dags/example_short_circuit_decorator.py
[2025-10-17T03:46:48.612+0000] {processor.py:830} INFO - Processing file /home/airflow/.local/lib/python3.12/site-packages/airflow/example_dags/example_short_circuit_decorator.py for tasks to queue
[2025-10-17T03:46:48.614+0000] {logging_mixin.py:188} INFO - [2025-10-17T03:46:48.614+0000] {dagbag.py:545} INFO - Filling up the DagBag from /home/airflow/.local/lib/python3.12/site-packages/airflow/example_dags/example_short_circuit_decorator.py
[2025-10-17T03:46:48.623+0000] {processor.py:840} INFO - DAG(s) 'example_short_circuit_decorator' retrieved from /home/airflow/.local/lib/python3.12/site-packages/airflow/example_dags/example_short_circuit_decorator.py
[2025-10-17T03:46:48.644+0000] {logging_mixin.py:188} INFO - [2025-10-17T03:46:48.644+0000] {dag.py:3096} INFO - Sync 1 DAGs
[2025-10-17T03:46:48.664+0000] {logging_mixin.py:188} INFO - [2025-10-17T03:46:48.664+0000] {dag.py:3954} INFO - Setting next_dagrun for example_short_circuit_decorator to 2025-10-16 00:00:00+00:00, run_after=2025-10-17 00:00:00+00:00
[2025-10-17T03:46:48.680+0000] {processor.py:183} INFO - Processing /home/airflow/.local/lib/python3.12/site-packages/airflow/example_dags/example_short_circuit_decorator.py took 0.076 seconds
[2025-10-17T03:47:18.744+0000] {processor.py:161} INFO - Started process (PID=6109) to work on /home/airflow/.local/lib/python3.12/site-packages/airflow/example_dags/example_short_circuit_decorator.py
[2025-10-17T03:47:18.744+0000] {processor.py:830} INFO - Processing file /home/airflow/.local/lib/python3.12/site-packages/airflow/example_dags/example_short_circuit_decorator.py for tasks to queue
[2025-10-17T03:47:18.746+0000] {logging_mixin.py:188} INFO - [2025-10-17T03:47:18.746+0000] {dagbag.py:545} INFO - Filling up the DagBag from /home/airflow/.local/lib/python3.12/site-packages/airflow/example_dags/example_short_circuit_decorator.py
[2025-10-17T03:47:18.756+0000] {processor.py:840} INFO - DAG(s) 'example_short_circuit_decorator' retrieved from /home/airflow/.local/lib/python3.12/site-packages/airflow/example_dags/example_short_circuit_decorator.py
[2025-10-17T03:47:18.777+0000] {logging_mixin.py:188} INFO - [2025-10-17T03:47:18.777+0000] {dag.py:3096} INFO - Sync 1 DAGs
[2025-10-17T03:47:18.797+0000] {logging_mixin.py:188} INFO - [2025-10-17T03:47:18.797+0000] {dag.py:3954} INFO - Setting next_dagrun for example_short_circuit_decorator to 2025-10-16 00:00:00+00:00, run_after=2025-10-17 00:00:00+00:00
[2025-10-17T03:47:18.815+0000] {processor.py:183} INFO - Processing /home/airflow/.local/lib/python3.12/site-packages/airflow/example_dags/example_short_circuit_decorator.py took 0.077 seconds
[2025-10-17T03:47:48.855+0000] {processor.py:161} INFO - Started process (PID=6168) to work on /home/airflow/.local/lib/python3.12/site-packages/airflow/example_dags/example_short_circuit_decorator.py
[2025-10-17T03:47:48.857+0000] {processor.py:830} INFO - Processing file /home/airflow/.local/lib/python3.12/site-packages/airflow/example_dags/example_short_circuit_decorator.py for tasks to queue
[2025-10-17T03:47:48.859+0000] {logging_mixin.py:188} INFO - [2025-10-17T03:47:48.858+0000] {dagbag.py:545} INFO - Filling up the DagBag from /home/airflow/.local/lib/python3.12/site-packages/airflow/example_dags/example_short_circuit_decorator.py
[2025-10-17T03:47:48.869+0000] {processor.py:840} INFO - DAG(s) 'example_short_circuit_decorator' retrieved from /home/airflow/.local/lib/python3.12/site-packages/airflow/example_dags/example_short_circuit_decorator.py
[2025-10-17T03:47:48.891+0000] {logging_mixin.py:188} INFO - [2025-10-17T03:47:48.891+0000] {dag.py:3096} INFO - Sync 1 DAGs
[2025-10-17T03:47:48.911+0000] {logging_mixin.py:188} INFO - [2025-10-17T03:47:48.911+0000] {dag.py:3954} INFO - Setting next_dagrun for example_short_circuit_decorator to 2025-10-16 00:00:00+00:00, run_after=2025-10-17 00:00:00+00:00
[2025-10-17T03:47:48.927+0000] {processor.py:183} INFO - Processing /home/airflow/.local/lib/python3.12/site-packages/airflow/example_dags/example_short_circuit_decorator.py took 0.078 seconds
[2025-10-17T03:48:19.488+0000] {processor.py:161} INFO - Started process (PID=6233) to work on /home/airflow/.local/lib/python3.12/site-packages/airflow/example_dags/example_short_circuit_decorator.py
[2025-10-17T03:48:19.490+0000] {processor.py:830} INFO - Processing file /home/airflow/.local/lib/python3.12/site-packages/airflow/example_dags/example_short_circuit_decorator.py for tasks to queue
[2025-10-17T03:48:19.492+0000] {logging_mixin.py:188} INFO - [2025-10-17T03:48:19.492+0000] {dagbag.py:545} INFO - Filling up the DagBag from /home/airflow/.local/lib/python3.12/site-packages/airflow/example_dags/example_short_circuit_decorator.py
[2025-10-17T03:48:19.500+0000] {processor.py:840} INFO - DAG(s) 'example_short_circuit_decorator' retrieved from /home/airflow/.local/lib/python3.12/site-packages/airflow/example_dags/example_short_circuit_decorator.py
[2025-10-17T03:48:19.521+0000] {logging_mixin.py:188} INFO - [2025-10-17T03:48:19.521+0000] {dag.py:3096} INFO - Sync 1 DAGs
[2025-10-17T03:48:19.542+0000] {logging_mixin.py:188} INFO - [2025-10-17T03:48:19.541+0000] {dag.py:3954} INFO - Setting next_dagrun for example_short_circuit_decorator to 2025-10-16 00:00:00+00:00, run_after=2025-10-17 00:00:00+00:00
[2025-10-17T03:48:19.557+0000] {processor.py:183} INFO - Processing /home/airflow/.local/lib/python3.12/site-packages/airflow/example_dags/example_short_circuit_decorator.py took 0.074 seconds
[2025-10-17T03:48:49.835+0000] {processor.py:161} INFO - Started process (PID=6292) to work on /home/airflow/.local/lib/python3.12/site-packages/airflow/example_dags/example_short_circuit_decorator.py
[2025-10-17T03:48:49.836+0000] {processor.py:830} INFO - Processing file /home/airflow/.local/lib/python3.12/site-packages/airflow/example_dags/example_short_circuit_decorator.py for tasks to queue
[2025-10-17T03:48:49.838+0000] {logging_mixin.py:188} INFO - [2025-10-17T03:48:49.838+0000] {dagbag.py:545} INFO - Filling up the DagBag from /home/airflow/.local/lib/python3.12/site-packages/airflow/example_dags/example_short_circuit_decorator.py
[2025-10-17T03:48:49.847+0000] {processor.py:840} INFO - DAG(s) 'example_short_circuit_decorator' retrieved from /home/airflow/.local/lib/python3.12/site-packages/airflow/example_dags/example_short_circuit_decorator.py
[2025-10-17T03:48:49.869+0000] {logging_mixin.py:188} INFO - [2025-10-17T03:48:49.869+0000] {dag.py:3096} INFO - Sync 1 DAGs
[2025-10-17T03:48:49.890+0000] {logging_mixin.py:188} INFO - [2025-10-17T03:48:49.889+0000] {dag.py:3954} INFO - Setting next_dagrun for example_short_circuit_decorator to 2025-10-16 00:00:00+00:00, run_after=2025-10-17 00:00:00+00:00
[2025-10-17T03:48:49.906+0000] {processor.py:183} INFO - Processing /home/airflow/.local/lib/python3.12/site-packages/airflow/example_dags/example_short_circuit_decorator.py took 0.076 seconds
[2025-10-17T03:49:20.368+0000] {processor.py:161} INFO - Started process (PID=6351) to work on /home/airflow/.local/lib/python3.12/site-packages/airflow/example_dags/example_short_circuit_decorator.py
[2025-10-17T03:49:20.369+0000] {processor.py:830} INFO - Processing file /home/airflow/.local/lib/python3.12/site-packages/airflow/example_dags/example_short_circuit_decorator.py for tasks to queue
[2025-10-17T03:49:20.371+0000] {logging_mixin.py:188} INFO - [2025-10-17T03:49:20.371+0000] {dagbag.py:545} INFO - Filling up the DagBag from /home/airflow/.local/lib/python3.12/site-packages/airflow/example_dags/example_short_circuit_decorator.py
[2025-10-17T03:49:20.379+0000] {processor.py:840} INFO - DAG(s) 'example_short_circuit_decorator' retrieved from /home/airflow/.local/lib/python3.12/site-packages/airflow/example_dags/example_short_circuit_decorator.py
[2025-10-17T03:49:20.398+0000] {logging_mixin.py:188} INFO - [2025-10-17T03:49:20.398+0000] {dag.py:3096} INFO - Sync 1 DAGs
[2025-10-17T03:49:20.416+0000] {logging_mixin.py:188} INFO - [2025-10-17T03:49:20.416+0000] {dag.py:3954} INFO - Setting next_dagrun for example_short_circuit_decorator to 2025-10-16 00:00:00+00:00, run_after=2025-10-17 00:00:00+00:00
[2025-10-17T03:49:20.430+0000] {processor.py:183} INFO - Processing /home/airflow/.local/lib/python3.12/site-packages/airflow/example_dags/example_short_circuit_decorator.py took 0.068 seconds
[2025-10-17T03:49:50.630+0000] {processor.py:161} INFO - Started process (PID=6410) to work on /home/airflow/.local/lib/python3.12/site-packages/airflow/example_dags/example_short_circuit_decorator.py
[2025-10-17T03:49:50.631+0000] {processor.py:830} INFO - Processing file /home/airflow/.local/lib/python3.12/site-packages/airflow/example_dags/example_short_circuit_decorator.py for tasks to queue
[2025-10-17T03:49:50.633+0000] {logging_mixin.py:188} INFO - [2025-10-17T03:49:50.633+0000] {dagbag.py:545} INFO - Filling up the DagBag from /home/airflow/.local/lib/python3.12/site-packages/airflow/example_dags/example_short_circuit_decorator.py
[2025-10-17T03:49:50.642+0000] {processor.py:840} INFO - DAG(s) 'example_short_circuit_decorator' retrieved from /home/airflow/.local/lib/python3.12/site-packages/airflow/example_dags/example_short_circuit_decorator.py
[2025-10-17T03:49:50.677+0000] {logging_mixin.py:188} INFO - [2025-10-17T03:49:50.677+0000] {dag.py:3096} INFO - Sync 1 DAGs
[2025-10-17T03:49:50.735+0000] {logging_mixin.py:188} INFO - [2025-10-17T03:49:50.735+0000] {dag.py:3954} INFO - Setting next_dagrun for example_short_circuit_decorator to 2025-10-16 00:00:00+00:00, run_after=2025-10-17 00:00:00+00:00
[2025-10-17T03:49:50.808+0000] {processor.py:183} INFO - Processing /home/airflow/.local/lib/python3.12/site-packages/airflow/example_dags/example_short_circuit_decorator.py took 0.185 seconds
[2025-10-17T03:50:21.130+0000] {processor.py:161} INFO - Started process (PID=6469) to work on /home/airflow/.local/lib/python3.12/site-packages/airflow/example_dags/example_short_circuit_decorator.py
[2025-10-17T03:50:21.133+0000] {processor.py:830} INFO - Processing file /home/airflow/.local/lib/python3.12/site-packages/airflow/example_dags/example_short_circuit_decorator.py for tasks to queue
[2025-10-17T03:50:21.137+0000] {logging_mixin.py:188} INFO - [2025-10-17T03:50:21.136+0000] {dagbag.py:545} INFO - Filling up the DagBag from /home/airflow/.local/lib/python3.12/site-packages/airflow/example_dags/example_short_circuit_decorator.py
[2025-10-17T03:50:21.153+0000] {processor.py:840} INFO - DAG(s) 'example_short_circuit_decorator' retrieved from /home/airflow/.local/lib/python3.12/site-packages/airflow/example_dags/example_short_circuit_decorator.py
[2025-10-17T03:50:21.189+0000] {logging_mixin.py:188} INFO - [2025-10-17T03:50:21.189+0000] {dag.py:3096} INFO - Sync 1 DAGs
[2025-10-17T03:50:21.220+0000] {logging_mixin.py:188} INFO - [2025-10-17T03:50:21.219+0000] {dag.py:3954} INFO - Setting next_dagrun for example_short_circuit_decorator to 2025-10-16 00:00:00+00:00, run_after=2025-10-17 00:00:00+00:00
[2025-10-17T03:50:21.250+0000] {processor.py:183} INFO - Processing /home/airflow/.local/lib/python3.12/site-packages/airflow/example_dags/example_short_circuit_decorator.py took 0.139 seconds
[2025-10-17T03:50:51.437+0000] {processor.py:161} INFO - Started process (PID=6528) to work on /home/airflow/.local/lib/python3.12/site-packages/airflow/example_dags/example_short_circuit_decorator.py
[2025-10-17T03:50:51.438+0000] {processor.py:830} INFO - Processing file /home/airflow/.local/lib/python3.12/site-packages/airflow/example_dags/example_short_circuit_decorator.py for tasks to queue
[2025-10-17T03:50:51.443+0000] {logging_mixin.py:188} INFO - [2025-10-17T03:50:51.442+0000] {dagbag.py:545} INFO - Filling up the DagBag from /home/airflow/.local/lib/python3.12/site-packages/airflow/example_dags/example_short_circuit_decorator.py
[2025-10-17T03:50:51.464+0000] {processor.py:840} INFO - DAG(s) 'example_short_circuit_decorator' retrieved from /home/airflow/.local/lib/python3.12/site-packages/airflow/example_dags/example_short_circuit_decorator.py
[2025-10-17T03:50:51.501+0000] {logging_mixin.py:188} INFO - [2025-10-17T03:50:51.500+0000] {dag.py:3096} INFO - Sync 1 DAGs
[2025-10-17T03:50:51.535+0000] {logging_mixin.py:188} INFO - [2025-10-17T03:50:51.535+0000] {dag.py:3954} INFO - Setting next_dagrun for example_short_circuit_decorator to 2025-10-16 00:00:00+00:00, run_after=2025-10-17 00:00:00+00:00
[2025-10-17T03:50:51.562+0000] {processor.py:183} INFO - Processing /home/airflow/.local/lib/python3.12/site-packages/airflow/example_dags/example_short_circuit_decorator.py took 0.133 seconds
[2025-10-17T03:51:21.896+0000] {processor.py:161} INFO - Started process (PID=6587) to work on /home/airflow/.local/lib/python3.12/site-packages/airflow/example_dags/example_short_circuit_decorator.py
[2025-10-17T03:51:21.897+0000] {processor.py:830} INFO - Processing file /home/airflow/.local/lib/python3.12/site-packages/airflow/example_dags/example_short_circuit_decorator.py for tasks to queue
[2025-10-17T03:51:21.899+0000] {logging_mixin.py:188} INFO - [2025-10-17T03:51:21.899+0000] {dagbag.py:545} INFO - Filling up the DagBag from /home/airflow/.local/lib/python3.12/site-packages/airflow/example_dags/example_short_circuit_decorator.py
[2025-10-17T03:51:21.907+0000] {processor.py:840} INFO - DAG(s) 'example_short_circuit_decorator' retrieved from /home/airflow/.local/lib/python3.12/site-packages/airflow/example_dags/example_short_circuit_decorator.py
[2025-10-17T03:51:21.928+0000] {logging_mixin.py:188} INFO - [2025-10-17T03:51:21.928+0000] {dag.py:3096} INFO - Sync 1 DAGs
[2025-10-17T03:51:21.947+0000] {logging_mixin.py:188} INFO - [2025-10-17T03:51:21.947+0000] {dag.py:3954} INFO - Setting next_dagrun for example_short_circuit_decorator to 2025-10-16 00:00:00+00:00, run_after=2025-10-17 00:00:00+00:00
[2025-10-17T03:51:21.964+0000] {processor.py:183} INFO - Processing /home/airflow/.local/lib/python3.12/site-packages/airflow/example_dags/example_short_circuit_decorator.py took 0.074 seconds
[2025-10-17T03:51:52.232+0000] {processor.py:161} INFO - Started process (PID=6646) to work on /home/airflow/.local/lib/python3.12/site-packages/airflow/example_dags/example_short_circuit_decorator.py
[2025-10-17T03:51:52.233+0000] {processor.py:830} INFO - Processing file /home/airflow/.local/lib/python3.12/site-packages/airflow/example_dags/example_short_circuit_decorator.py for tasks to queue
[2025-10-17T03:51:52.235+0000] {logging_mixin.py:188} INFO - [2025-10-17T03:51:52.235+0000] {dagbag.py:545} INFO - Filling up the DagBag from /home/airflow/.local/lib/python3.12/site-packages/airflow/example_dags/example_short_circuit_decorator.py
[2025-10-17T03:51:52.243+0000] {processor.py:840} INFO - DAG(s) 'example_short_circuit_decorator' retrieved from /home/airflow/.local/lib/python3.12/site-packages/airflow/example_dags/example_short_circuit_decorator.py
[2025-10-17T03:51:52.265+0000] {logging_mixin.py:188} INFO - [2025-10-17T03:51:52.265+0000] {dag.py:3096} INFO - Sync 1 DAGs
[2025-10-17T03:51:52.283+0000] {logging_mixin.py:188} INFO - [2025-10-17T03:51:52.283+0000] {dag.py:3954} INFO - Setting next_dagrun for example_short_circuit_decorator to 2025-10-16 00:00:00+00:00, run_after=2025-10-17 00:00:00+00:00
[2025-10-17T03:51:52.301+0000] {processor.py:183} INFO - Processing /home/airflow/.local/lib/python3.12/site-packages/airflow/example_dags/example_short_circuit_decorator.py took 0.074 seconds
[2025-10-17T03:52:23.223+0000] {processor.py:161} INFO - Started process (PID=6705) to work on /home/airflow/.local/lib/python3.12/site-packages/airflow/example_dags/example_short_circuit_decorator.py
[2025-10-17T03:52:23.225+0000] {processor.py:830} INFO - Processing file /home/airflow/.local/lib/python3.12/site-packages/airflow/example_dags/example_short_circuit_decorator.py for tasks to queue
[2025-10-17T03:52:23.227+0000] {logging_mixin.py:188} INFO - [2025-10-17T03:52:23.226+0000] {dagbag.py:545} INFO - Filling up the DagBag from /home/airflow/.local/lib/python3.12/site-packages/airflow/example_dags/example_short_circuit_decorator.py
[2025-10-17T03:52:23.235+0000] {processor.py:840} INFO - DAG(s) 'example_short_circuit_decorator' retrieved from /home/airflow/.local/lib/python3.12/site-packages/airflow/example_dags/example_short_circuit_decorator.py
[2025-10-17T03:52:23.257+0000] {logging_mixin.py:188} INFO - [2025-10-17T03:52:23.257+0000] {dag.py:3096} INFO - Sync 1 DAGs
[2025-10-17T03:52:23.279+0000] {logging_mixin.py:188} INFO - [2025-10-17T03:52:23.279+0000] {dag.py:3954} INFO - Setting next_dagrun for example_short_circuit_decorator to 2025-10-16 00:00:00+00:00, run_after=2025-10-17 00:00:00+00:00
[2025-10-17T03:52:23.299+0000] {processor.py:183} INFO - Processing /home/airflow/.local/lib/python3.12/site-packages/airflow/example_dags/example_short_circuit_decorator.py took 0.083 seconds
[2025-10-17T03:52:53.902+0000] {processor.py:161} INFO - Started process (PID=6764) to work on /home/airflow/.local/lib/python3.12/site-packages/airflow/example_dags/example_short_circuit_decorator.py
[2025-10-17T03:52:53.904+0000] {processor.py:830} INFO - Processing file /home/airflow/.local/lib/python3.12/site-packages/airflow/example_dags/example_short_circuit_decorator.py for tasks to queue
[2025-10-17T03:52:53.906+0000] {logging_mixin.py:188} INFO - [2025-10-17T03:52:53.906+0000] {dagbag.py:545} INFO - Filling up the DagBag from /home/airflow/.local/lib/python3.12/site-packages/airflow/example_dags/example_short_circuit_decorator.py
[2025-10-17T03:52:53.915+0000] {processor.py:840} INFO - DAG(s) 'example_short_circuit_decorator' retrieved from /home/airflow/.local/lib/python3.12/site-packages/airflow/example_dags/example_short_circuit_decorator.py
[2025-10-17T03:52:54.057+0000] {logging_mixin.py:188} INFO - [2025-10-17T03:52:54.056+0000] {dag.py:3096} INFO - Sync 1 DAGs
[2025-10-17T03:52:54.074+0000] {logging_mixin.py:188} INFO - [2025-10-17T03:52:54.074+0000] {dag.py:3954} INFO - Setting next_dagrun for example_short_circuit_decorator to 2025-10-16 00:00:00+00:00, run_after=2025-10-17 00:00:00+00:00
[2025-10-17T03:52:54.094+0000] {processor.py:183} INFO - Processing /home/airflow/.local/lib/python3.12/site-packages/airflow/example_dags/example_short_circuit_decorator.py took 0.197 seconds
[2025-10-17T03:53:24.883+0000] {processor.py:161} INFO - Started process (PID=6823) to work on /home/airflow/.local/lib/python3.12/site-packages/airflow/example_dags/example_short_circuit_decorator.py
[2025-10-17T03:53:24.884+0000] {processor.py:830} INFO - Processing file /home/airflow/.local/lib/python3.12/site-packages/airflow/example_dags/example_short_circuit_decorator.py for tasks to queue
[2025-10-17T03:53:24.886+0000] {logging_mixin.py:188} INFO - [2025-10-17T03:53:24.886+0000] {dagbag.py:545} INFO - Filling up the DagBag from /home/airflow/.local/lib/python3.12/site-packages/airflow/example_dags/example_short_circuit_decorator.py
[2025-10-17T03:53:24.894+0000] {processor.py:840} INFO - DAG(s) 'example_short_circuit_decorator' retrieved from /home/airflow/.local/lib/python3.12/site-packages/airflow/example_dags/example_short_circuit_decorator.py
[2025-10-17T03:53:24.915+0000] {logging_mixin.py:188} INFO - [2025-10-17T03:53:24.915+0000] {dag.py:3096} INFO - Sync 1 DAGs
[2025-10-17T03:53:24.932+0000] {logging_mixin.py:188} INFO - [2025-10-17T03:53:24.932+0000] {dag.py:3954} INFO - Setting next_dagrun for example_short_circuit_decorator to 2025-10-16 00:00:00+00:00, run_after=2025-10-17 00:00:00+00:00
[2025-10-17T03:53:24.950+0000] {processor.py:183} INFO - Processing /home/airflow/.local/lib/python3.12/site-packages/airflow/example_dags/example_short_circuit_decorator.py took 0.072 seconds
[2025-10-17T03:53:55.093+0000] {processor.py:161} INFO - Started process (PID=6882) to work on /home/airflow/.local/lib/python3.12/site-packages/airflow/example_dags/example_short_circuit_decorator.py
[2025-10-17T03:53:55.094+0000] {processor.py:830} INFO - Processing file /home/airflow/.local/lib/python3.12/site-packages/airflow/example_dags/example_short_circuit_decorator.py for tasks to queue
[2025-10-17T03:53:55.096+0000] {logging_mixin.py:188} INFO - [2025-10-17T03:53:55.096+0000] {dagbag.py:545} INFO - Filling up the DagBag from /home/airflow/.local/lib/python3.12/site-packages/airflow/example_dags/example_short_circuit_decorator.py
[2025-10-17T03:53:55.105+0000] {processor.py:840} INFO - DAG(s) 'example_short_circuit_decorator' retrieved from /home/airflow/.local/lib/python3.12/site-packages/airflow/example_dags/example_short_circuit_decorator.py
[2025-10-17T03:53:55.129+0000] {logging_mixin.py:188} INFO - [2025-10-17T03:53:55.128+0000] {dag.py:3096} INFO - Sync 1 DAGs
[2025-10-17T03:53:55.151+0000] {logging_mixin.py:188} INFO - [2025-10-17T03:53:55.151+0000] {dag.py:3954} INFO - Setting next_dagrun for example_short_circuit_decorator to 2025-10-16 00:00:00+00:00, run_after=2025-10-17 00:00:00+00:00
[2025-10-17T03:53:55.173+0000] {processor.py:183} INFO - Processing /home/airflow/.local/lib/python3.12/site-packages/airflow/example_dags/example_short_circuit_decorator.py took 0.086 seconds
[2025-10-17T03:54:25.203+0000] {processor.py:161} INFO - Started process (PID=6941) to work on /home/airflow/.local/lib/python3.12/site-packages/airflow/example_dags/example_short_circuit_decorator.py
[2025-10-17T03:54:25.204+0000] {processor.py:830} INFO - Processing file /home/airflow/.local/lib/python3.12/site-packages/airflow/example_dags/example_short_circuit_decorator.py for tasks to queue
[2025-10-17T03:54:25.206+0000] {logging_mixin.py:188} INFO - [2025-10-17T03:54:25.206+0000] {dagbag.py:545} INFO - Filling up the DagBag from /home/airflow/.local/lib/python3.12/site-packages/airflow/example_dags/example_short_circuit_decorator.py
[2025-10-17T03:54:25.215+0000] {processor.py:840} INFO - DAG(s) 'example_short_circuit_decorator' retrieved from /home/airflow/.local/lib/python3.12/site-packages/airflow/example_dags/example_short_circuit_decorator.py
[2025-10-17T03:54:25.237+0000] {logging_mixin.py:188} INFO - [2025-10-17T03:54:25.236+0000] {dag.py:3096} INFO - Sync 1 DAGs
[2025-10-17T03:54:25.255+0000] {logging_mixin.py:188} INFO - [2025-10-17T03:54:25.255+0000] {dag.py:3954} INFO - Setting next_dagrun for example_short_circuit_decorator to 2025-10-16 00:00:00+00:00, run_after=2025-10-17 00:00:00+00:00
[2025-10-17T03:54:25.276+0000] {processor.py:183} INFO - Processing /home/airflow/.local/lib/python3.12/site-packages/airflow/example_dags/example_short_circuit_decorator.py took 0.078 seconds
[2025-10-17T03:54:55.441+0000] {processor.py:161} INFO - Started process (PID=7000) to work on /home/airflow/.local/lib/python3.12/site-packages/airflow/example_dags/example_short_circuit_decorator.py
[2025-10-17T03:54:55.443+0000] {processor.py:830} INFO - Processing file /home/airflow/.local/lib/python3.12/site-packages/airflow/example_dags/example_short_circuit_decorator.py for tasks to queue
[2025-10-17T03:54:55.444+0000] {logging_mixin.py:188} INFO - [2025-10-17T03:54:55.444+0000] {dagbag.py:545} INFO - Filling up the DagBag from /home/airflow/.local/lib/python3.12/site-packages/airflow/example_dags/example_short_circuit_decorator.py
[2025-10-17T03:54:55.452+0000] {processor.py:840} INFO - DAG(s) 'example_short_circuit_decorator' retrieved from /home/airflow/.local/lib/python3.12/site-packages/airflow/example_dags/example_short_circuit_decorator.py
[2025-10-17T03:54:55.471+0000] {logging_mixin.py:188} INFO - [2025-10-17T03:54:55.471+0000] {dag.py:3096} INFO - Sync 1 DAGs
[2025-10-17T03:54:55.489+0000] {logging_mixin.py:188} INFO - [2025-10-17T03:54:55.489+0000] {dag.py:3954} INFO - Setting next_dagrun for example_short_circuit_decorator to 2025-10-16 00:00:00+00:00, run_after=2025-10-17 00:00:00+00:00
[2025-10-17T03:54:55.509+0000] {processor.py:183} INFO - Processing /home/airflow/.local/lib/python3.12/site-packages/airflow/example_dags/example_short_circuit_decorator.py took 0.072 seconds
[2025-10-17T03:55:25.649+0000] {processor.py:161} INFO - Started process (PID=7059) to work on /home/airflow/.local/lib/python3.12/site-packages/airflow/example_dags/example_short_circuit_decorator.py
[2025-10-17T03:55:25.650+0000] {processor.py:830} INFO - Processing file /home/airflow/.local/lib/python3.12/site-packages/airflow/example_dags/example_short_circuit_decorator.py for tasks to queue
[2025-10-17T03:55:25.652+0000] {logging_mixin.py:188} INFO - [2025-10-17T03:55:25.652+0000] {dagbag.py:545} INFO - Filling up the DagBag from /home/airflow/.local/lib/python3.12/site-packages/airflow/example_dags/example_short_circuit_decorator.py
[2025-10-17T03:55:25.660+0000] {processor.py:840} INFO - DAG(s) 'example_short_circuit_decorator' retrieved from /home/airflow/.local/lib/python3.12/site-packages/airflow/example_dags/example_short_circuit_decorator.py
[2025-10-17T03:55:25.683+0000] {logging_mixin.py:188} INFO - [2025-10-17T03:55:25.683+0000] {dag.py:3096} INFO - Sync 1 DAGs
[2025-10-17T03:55:25.703+0000] {logging_mixin.py:188} INFO - [2025-10-17T03:55:25.703+0000] {dag.py:3954} INFO - Setting next_dagrun for example_short_circuit_decorator to 2025-10-16 00:00:00+00:00, run_after=2025-10-17 00:00:00+00:00
[2025-10-17T03:55:25.722+0000] {processor.py:183} INFO - Processing /home/airflow/.local/lib/python3.12/site-packages/airflow/example_dags/example_short_circuit_decorator.py took 0.079 seconds
[2025-10-17T03:55:56.348+0000] {processor.py:161} INFO - Started process (PID=7118) to work on /home/airflow/.local/lib/python3.12/site-packages/airflow/example_dags/example_short_circuit_decorator.py
[2025-10-17T03:55:56.350+0000] {processor.py:830} INFO - Processing file /home/airflow/.local/lib/python3.12/site-packages/airflow/example_dags/example_short_circuit_decorator.py for tasks to queue
[2025-10-17T03:55:56.352+0000] {logging_mixin.py:188} INFO - [2025-10-17T03:55:56.352+0000] {dagbag.py:545} INFO - Filling up the DagBag from /home/airflow/.local/lib/python3.12/site-packages/airflow/example_dags/example_short_circuit_decorator.py
[2025-10-17T03:55:56.361+0000] {processor.py:840} INFO - DAG(s) 'example_short_circuit_decorator' retrieved from /home/airflow/.local/lib/python3.12/site-packages/airflow/example_dags/example_short_circuit_decorator.py
[2025-10-17T03:55:56.382+0000] {logging_mixin.py:188} INFO - [2025-10-17T03:55:56.382+0000] {dag.py:3096} INFO - Sync 1 DAGs
[2025-10-17T03:55:56.401+0000] {logging_mixin.py:188} INFO - [2025-10-17T03:55:56.400+0000] {dag.py:3954} INFO - Setting next_dagrun for example_short_circuit_decorator to 2025-10-16 00:00:00+00:00, run_after=2025-10-17 00:00:00+00:00
[2025-10-17T03:55:56.418+0000] {processor.py:183} INFO - Processing /home/airflow/.local/lib/python3.12/site-packages/airflow/example_dags/example_short_circuit_decorator.py took 0.076 seconds
[2025-10-17T03:56:26.628+0000] {processor.py:161} INFO - Started process (PID=7177) to work on /home/airflow/.local/lib/python3.12/site-packages/airflow/example_dags/example_short_circuit_decorator.py
[2025-10-17T03:56:26.630+0000] {processor.py:830} INFO - Processing file /home/airflow/.local/lib/python3.12/site-packages/airflow/example_dags/example_short_circuit_decorator.py for tasks to queue
[2025-10-17T03:56:26.633+0000] {logging_mixin.py:188} INFO - [2025-10-17T03:56:26.633+0000] {dagbag.py:545} INFO - Filling up the DagBag from /home/airflow/.local/lib/python3.12/site-packages/airflow/example_dags/example_short_circuit_decorator.py
[2025-10-17T03:56:26.645+0000] {processor.py:840} INFO - DAG(s) 'example_short_circuit_decorator' retrieved from /home/airflow/.local/lib/python3.12/site-packages/airflow/example_dags/example_short_circuit_decorator.py
[2025-10-17T03:56:26.675+0000] {logging_mixin.py:188} INFO - [2025-10-17T03:56:26.675+0000] {dag.py:3096} INFO - Sync 1 DAGs
[2025-10-17T03:56:26.706+0000] {logging_mixin.py:188} INFO - [2025-10-17T03:56:26.705+0000] {dag.py:3954} INFO - Setting next_dagrun for example_short_circuit_decorator to 2025-10-16 00:00:00+00:00, run_after=2025-10-17 00:00:00+00:00
[2025-10-17T03:56:26.731+0000] {processor.py:183} INFO - Processing /home/airflow/.local/lib/python3.12/site-packages/airflow/example_dags/example_short_circuit_decorator.py took 0.111 seconds
[2025-10-17T03:56:56.820+0000] {processor.py:161} INFO - Started process (PID=7236) to work on /home/airflow/.local/lib/python3.12/site-packages/airflow/example_dags/example_short_circuit_decorator.py
[2025-10-17T03:56:56.821+0000] {processor.py:830} INFO - Processing file /home/airflow/.local/lib/python3.12/site-packages/airflow/example_dags/example_short_circuit_decorator.py for tasks to queue
[2025-10-17T03:56:56.823+0000] {logging_mixin.py:188} INFO - [2025-10-17T03:56:56.823+0000] {dagbag.py:545} INFO - Filling up the DagBag from /home/airflow/.local/lib/python3.12/site-packages/airflow/example_dags/example_short_circuit_decorator.py
[2025-10-17T03:56:56.831+0000] {processor.py:840} INFO - DAG(s) 'example_short_circuit_decorator' retrieved from /home/airflow/.local/lib/python3.12/site-packages/airflow/example_dags/example_short_circuit_decorator.py
[2025-10-17T03:56:56.851+0000] {logging_mixin.py:188} INFO - [2025-10-17T03:56:56.851+0000] {dag.py:3096} INFO - Sync 1 DAGs
[2025-10-17T03:56:56.871+0000] {logging_mixin.py:188} INFO - [2025-10-17T03:56:56.871+0000] {dag.py:3954} INFO - Setting next_dagrun for example_short_circuit_decorator to 2025-10-16 00:00:00+00:00, run_after=2025-10-17 00:00:00+00:00
[2025-10-17T03:56:56.888+0000] {processor.py:183} INFO - Processing /home/airflow/.local/lib/python3.12/site-packages/airflow/example_dags/example_short_circuit_decorator.py took 0.074 seconds
[2025-10-17T03:57:27.684+0000] {processor.py:161} INFO - Started process (PID=7295) to work on /home/airflow/.local/lib/python3.12/site-packages/airflow/example_dags/example_short_circuit_decorator.py
[2025-10-17T03:57:27.685+0000] {processor.py:830} INFO - Processing file /home/airflow/.local/lib/python3.12/site-packages/airflow/example_dags/example_short_circuit_decorator.py for tasks to queue
[2025-10-17T03:57:27.687+0000] {logging_mixin.py:188} INFO - [2025-10-17T03:57:27.686+0000] {dagbag.py:545} INFO - Filling up the DagBag from /home/airflow/.local/lib/python3.12/site-packages/airflow/example_dags/example_short_circuit_decorator.py
[2025-10-17T03:57:27.694+0000] {processor.py:840} INFO - DAG(s) 'example_short_circuit_decorator' retrieved from /home/airflow/.local/lib/python3.12/site-packages/airflow/example_dags/example_short_circuit_decorator.py
[2025-10-17T03:57:27.713+0000] {logging_mixin.py:188} INFO - [2025-10-17T03:57:27.712+0000] {dag.py:3096} INFO - Sync 1 DAGs
[2025-10-17T03:57:27.730+0000] {logging_mixin.py:188} INFO - [2025-10-17T03:57:27.730+0000] {dag.py:3954} INFO - Setting next_dagrun for example_short_circuit_decorator to 2025-10-16 00:00:00+00:00, run_after=2025-10-17 00:00:00+00:00
[2025-10-17T03:57:27.747+0000] {processor.py:183} INFO - Processing /home/airflow/.local/lib/python3.12/site-packages/airflow/example_dags/example_short_circuit_decorator.py took 0.068 seconds
[2025-10-17T03:57:58.008+0000] {processor.py:161} INFO - Started process (PID=7354) to work on /home/airflow/.local/lib/python3.12/site-packages/airflow/example_dags/example_short_circuit_decorator.py
[2025-10-17T03:57:58.009+0000] {processor.py:830} INFO - Processing file /home/airflow/.local/lib/python3.12/site-packages/airflow/example_dags/example_short_circuit_decorator.py for tasks to queue
[2025-10-17T03:57:58.012+0000] {logging_mixin.py:188} INFO - [2025-10-17T03:57:58.011+0000] {dagbag.py:545} INFO - Filling up the DagBag from /home/airflow/.local/lib/python3.12/site-packages/airflow/example_dags/example_short_circuit_decorator.py
[2025-10-17T03:57:58.034+0000] {processor.py:840} INFO - DAG(s) 'example_short_circuit_decorator' retrieved from /home/airflow/.local/lib/python3.12/site-packages/airflow/example_dags/example_short_circuit_decorator.py
[2025-10-17T03:57:58.081+0000] {logging_mixin.py:188} INFO - [2025-10-17T03:57:58.081+0000] {dag.py:3096} INFO - Sync 1 DAGs
[2025-10-17T03:57:58.113+0000] {logging_mixin.py:188} INFO - [2025-10-17T03:57:58.113+0000] {dag.py:3954} INFO - Setting next_dagrun for example_short_circuit_decorator to 2025-10-16 00:00:00+00:00, run_after=2025-10-17 00:00:00+00:00
[2025-10-17T03:57:58.141+0000] {processor.py:183} INFO - Processing /home/airflow/.local/lib/python3.12/site-packages/airflow/example_dags/example_short_circuit_decorator.py took 0.140 seconds
[2025-10-17T03:58:28.925+0000] {processor.py:161} INFO - Started process (PID=7413) to work on /home/airflow/.local/lib/python3.12/site-packages/airflow/example_dags/example_short_circuit_decorator.py
[2025-10-17T03:58:28.926+0000] {processor.py:830} INFO - Processing file /home/airflow/.local/lib/python3.12/site-packages/airflow/example_dags/example_short_circuit_decorator.py for tasks to queue
[2025-10-17T03:58:28.928+0000] {logging_mixin.py:188} INFO - [2025-10-17T03:58:28.928+0000] {dagbag.py:545} INFO - Filling up the DagBag from /home/airflow/.local/lib/python3.12/site-packages/airflow/example_dags/example_short_circuit_decorator.py
[2025-10-17T03:58:28.936+0000] {processor.py:840} INFO - DAG(s) 'example_short_circuit_decorator' retrieved from /home/airflow/.local/lib/python3.12/site-packages/airflow/example_dags/example_short_circuit_decorator.py
[2025-10-17T03:58:28.959+0000] {logging_mixin.py:188} INFO - [2025-10-17T03:58:28.959+0000] {dag.py:3096} INFO - Sync 1 DAGs
[2025-10-17T03:58:28.977+0000] {logging_mixin.py:188} INFO - [2025-10-17T03:58:28.977+0000] {dag.py:3954} INFO - Setting next_dagrun for example_short_circuit_decorator to 2025-10-16 00:00:00+00:00, run_after=2025-10-17 00:00:00+00:00
[2025-10-17T03:58:28.995+0000] {processor.py:183} INFO - Processing /home/airflow/.local/lib/python3.12/site-packages/airflow/example_dags/example_short_circuit_decorator.py took 0.075 seconds
[2025-10-17T03:58:59.251+0000] {processor.py:161} INFO - Started process (PID=7472) to work on /home/airflow/.local/lib/python3.12/site-packages/airflow/example_dags/example_short_circuit_decorator.py
[2025-10-17T03:58:59.252+0000] {processor.py:830} INFO - Processing file /home/airflow/.local/lib/python3.12/site-packages/airflow/example_dags/example_short_circuit_decorator.py for tasks to queue
[2025-10-17T03:58:59.254+0000] {logging_mixin.py:188} INFO - [2025-10-17T03:58:59.254+0000] {dagbag.py:545} INFO - Filling up the DagBag from /home/airflow/.local/lib/python3.12/site-packages/airflow/example_dags/example_short_circuit_decorator.py
[2025-10-17T03:58:59.262+0000] {processor.py:840} INFO - DAG(s) 'example_short_circuit_decorator' retrieved from /home/airflow/.local/lib/python3.12/site-packages/airflow/example_dags/example_short_circuit_decorator.py
[2025-10-17T03:58:59.274+0000] {logging_mixin.py:188} INFO - [2025-10-17T03:58:59.274+0000] {dag.py:3096} INFO - Sync 1 DAGs
[2025-10-17T03:58:59.292+0000] {logging_mixin.py:188} INFO - [2025-10-17T03:58:59.292+0000] {dag.py:3954} INFO - Setting next_dagrun for example_short_circuit_decorator to 2025-10-16 00:00:00+00:00, run_after=2025-10-17 00:00:00+00:00
[2025-10-17T03:58:59.312+0000] {processor.py:183} INFO - Processing /home/airflow/.local/lib/python3.12/site-packages/airflow/example_dags/example_short_circuit_decorator.py took 0.070 seconds
[2025-10-17T03:59:30.227+0000] {processor.py:161} INFO - Started process (PID=7531) to work on /home/airflow/.local/lib/python3.12/site-packages/airflow/example_dags/example_short_circuit_decorator.py
[2025-10-17T03:59:30.228+0000] {processor.py:830} INFO - Processing file /home/airflow/.local/lib/python3.12/site-packages/airflow/example_dags/example_short_circuit_decorator.py for tasks to queue
[2025-10-17T03:59:30.231+0000] {logging_mixin.py:188} INFO - [2025-10-17T03:59:30.231+0000] {dagbag.py:545} INFO - Filling up the DagBag from /home/airflow/.local/lib/python3.12/site-packages/airflow/example_dags/example_short_circuit_decorator.py
[2025-10-17T03:59:30.241+0000] {processor.py:840} INFO - DAG(s) 'example_short_circuit_decorator' retrieved from /home/airflow/.local/lib/python3.12/site-packages/airflow/example_dags/example_short_circuit_decorator.py
[2025-10-17T03:59:30.359+0000] {logging_mixin.py:188} INFO - [2025-10-17T03:59:30.358+0000] {dag.py:3096} INFO - Sync 1 DAGs
[2025-10-17T03:59:30.384+0000] {logging_mixin.py:188} INFO - [2025-10-17T03:59:30.383+0000] {dag.py:3954} INFO - Setting next_dagrun for example_short_circuit_decorator to 2025-10-16 00:00:00+00:00, run_after=2025-10-17 00:00:00+00:00
[2025-10-17T03:59:30.413+0000] {processor.py:183} INFO - Processing /home/airflow/.local/lib/python3.12/site-packages/airflow/example_dags/example_short_circuit_decorator.py took 0.193 seconds
[2025-10-17T04:00:01.499+0000] {processor.py:161} INFO - Started process (PID=7591) to work on /home/airflow/.local/lib/python3.12/site-packages/airflow/example_dags/example_short_circuit_decorator.py
[2025-10-17T04:00:01.502+0000] {processor.py:830} INFO - Processing file /home/airflow/.local/lib/python3.12/site-packages/airflow/example_dags/example_short_circuit_decorator.py for tasks to queue
[2025-10-17T04:00:01.518+0000] {logging_mixin.py:188} INFO - [2025-10-17T04:00:01.517+0000] {dagbag.py:545} INFO - Filling up the DagBag from /home/airflow/.local/lib/python3.12/site-packages/airflow/example_dags/example_short_circuit_decorator.py
[2025-10-17T04:00:01.558+0000] {processor.py:840} INFO - DAG(s) 'example_short_circuit_decorator' retrieved from /home/airflow/.local/lib/python3.12/site-packages/airflow/example_dags/example_short_circuit_decorator.py
[2025-10-17T04:00:01.643+0000] {logging_mixin.py:188} INFO - [2025-10-17T04:00:01.641+0000] {dag.py:3096} INFO - Sync 1 DAGs
[2025-10-17T04:00:01.688+0000] {logging_mixin.py:188} INFO - [2025-10-17T04:00:01.688+0000] {dag.py:3954} INFO - Setting next_dagrun for example_short_circuit_decorator to 2025-10-16 00:00:00+00:00, run_after=2025-10-17 00:00:00+00:00
[2025-10-17T04:00:01.751+0000] {processor.py:183} INFO - Processing /home/airflow/.local/lib/python3.12/site-packages/airflow/example_dags/example_short_circuit_decorator.py took 0.274 seconds
[2025-10-17T04:00:31.861+0000] {processor.py:161} INFO - Started process (PID=7650) to work on /home/airflow/.local/lib/python3.12/site-packages/airflow/example_dags/example_short_circuit_decorator.py
[2025-10-17T04:00:31.862+0000] {processor.py:830} INFO - Processing file /home/airflow/.local/lib/python3.12/site-packages/airflow/example_dags/example_short_circuit_decorator.py for tasks to queue
[2025-10-17T04:00:31.868+0000] {logging_mixin.py:188} INFO - [2025-10-17T04:00:31.864+0000] {dagbag.py:545} INFO - Filling up the DagBag from /home/airflow/.local/lib/python3.12/site-packages/airflow/example_dags/example_short_circuit_decorator.py
[2025-10-17T04:00:31.879+0000] {processor.py:840} INFO - DAG(s) 'example_short_circuit_decorator' retrieved from /home/airflow/.local/lib/python3.12/site-packages/airflow/example_dags/example_short_circuit_decorator.py
[2025-10-17T04:00:31.906+0000] {logging_mixin.py:188} INFO - [2025-10-17T04:00:31.906+0000] {dag.py:3096} INFO - Sync 1 DAGs
[2025-10-17T04:00:31.932+0000] {logging_mixin.py:188} INFO - [2025-10-17T04:00:31.932+0000] {dag.py:3954} INFO - Setting next_dagrun for example_short_circuit_decorator to 2025-10-16 00:00:00+00:00, run_after=2025-10-17 00:00:00+00:00
[2025-10-17T04:00:31.970+0000] {processor.py:183} INFO - Processing /home/airflow/.local/lib/python3.12/site-packages/airflow/example_dags/example_short_circuit_decorator.py took 0.118 seconds
[2025-10-17T04:01:02.717+0000] {processor.py:161} INFO - Started process (PID=7709) to work on /home/airflow/.local/lib/python3.12/site-packages/airflow/example_dags/example_short_circuit_decorator.py
[2025-10-17T04:01:02.718+0000] {processor.py:830} INFO - Processing file /home/airflow/.local/lib/python3.12/site-packages/airflow/example_dags/example_short_circuit_decorator.py for tasks to queue
[2025-10-17T04:01:02.720+0000] {logging_mixin.py:188} INFO - [2025-10-17T04:01:02.720+0000] {dagbag.py:545} INFO - Filling up the DagBag from /home/airflow/.local/lib/python3.12/site-packages/airflow/example_dags/example_short_circuit_decorator.py
[2025-10-17T04:01:02.728+0000] {processor.py:840} INFO - DAG(s) 'example_short_circuit_decorator' retrieved from /home/airflow/.local/lib/python3.12/site-packages/airflow/example_dags/example_short_circuit_decorator.py
[2025-10-17T04:01:02.748+0000] {logging_mixin.py:188} INFO - [2025-10-17T04:01:02.748+0000] {dag.py:3096} INFO - Sync 1 DAGs
[2025-10-17T04:01:02.767+0000] {logging_mixin.py:188} INFO - [2025-10-17T04:01:02.766+0000] {dag.py:3954} INFO - Setting next_dagrun for example_short_circuit_decorator to 2025-10-16 00:00:00+00:00, run_after=2025-10-17 00:00:00+00:00
[2025-10-17T04:01:02.787+0000] {processor.py:183} INFO - Processing /home/airflow/.local/lib/python3.12/site-packages/airflow/example_dags/example_short_circuit_decorator.py took 0.075 seconds
