[2025-10-17T02:55:16.197+0000] {processor.py:161} INFO - Started process (PID=98) to work on /home/airflow/.local/lib/python3.12/site-packages/airflow/example_dags/example_trigger_controller_dag.py
[2025-10-17T02:55:16.198+0000] {processor.py:830} INFO - Processing file /home/airflow/.local/lib/python3.12/site-packages/airflow/example_dags/example_trigger_controller_dag.py for tasks to queue
[2025-10-17T02:55:16.201+0000] {logging_mixin.py:188} INFO - [2025-10-17T02:55:16.200+0000] {dagbag.py:545} INFO - Filling up the DagBag from /home/airflow/.local/lib/python3.12/site-packages/airflow/example_dags/example_trigger_controller_dag.py
[2025-10-17T02:55:16.209+0000] {processor.py:840} INFO - DAG(s) 'example_trigger_controller_dag' retrieved from /home/airflow/.local/lib/python3.12/site-packages/airflow/example_dags/example_trigger_controller_dag.py
[2025-10-17T02:55:16.312+0000] {logging_mixin.py:188} INFO - [2025-10-17T02:55:16.312+0000] {override.py:1829} INFO - Created Permission View: can read on DAG:example_trigger_controller_dag
[2025-10-17T02:55:16.324+0000] {logging_mixin.py:188} INFO - [2025-10-17T02:55:16.323+0000] {override.py:1829} INFO - Created Permission View: can delete on DAG:example_trigger_controller_dag
[2025-10-17T02:55:16.333+0000] {logging_mixin.py:188} INFO - [2025-10-17T02:55:16.332+0000] {override.py:1829} INFO - Created Permission View: can edit on DAG:example_trigger_controller_dag
[2025-10-17T02:55:16.334+0000] {logging_mixin.py:188} INFO - [2025-10-17T02:55:16.334+0000] {dag.py:3096} INFO - Sync 1 DAGs
[2025-10-17T02:55:16.346+0000] {logging_mixin.py:188} INFO - [2025-10-17T02:55:16.346+0000] {dag.py:3118} INFO - Creating ORM DAG for example_trigger_controller_dag
[2025-10-17T02:55:16.361+0000] {logging_mixin.py:188} INFO - [2025-10-17T02:55:16.361+0000] {dag.py:3954} INFO - Setting next_dagrun for example_trigger_controller_dag to 2021-01-01 00:00:00+00:00, run_after=2021-01-01 00:00:00+00:00
[2025-10-17T02:55:16.387+0000] {processor.py:183} INFO - Processing /home/airflow/.local/lib/python3.12/site-packages/airflow/example_dags/example_trigger_controller_dag.py took 0.195 seconds
[2025-10-17T02:55:46.614+0000] {processor.py:161} INFO - Started process (PID=156) to work on /home/airflow/.local/lib/python3.12/site-packages/airflow/example_dags/example_trigger_controller_dag.py
[2025-10-17T02:55:46.615+0000] {processor.py:830} INFO - Processing file /home/airflow/.local/lib/python3.12/site-packages/airflow/example_dags/example_trigger_controller_dag.py for tasks to queue
[2025-10-17T02:55:46.617+0000] {logging_mixin.py:188} INFO - [2025-10-17T02:55:46.617+0000] {dagbag.py:545} INFO - Filling up the DagBag from /home/airflow/.local/lib/python3.12/site-packages/airflow/example_dags/example_trigger_controller_dag.py
[2025-10-17T02:55:46.622+0000] {processor.py:840} INFO - DAG(s) 'example_trigger_controller_dag' retrieved from /home/airflow/.local/lib/python3.12/site-packages/airflow/example_dags/example_trigger_controller_dag.py
[2025-10-17T02:55:46.640+0000] {logging_mixin.py:188} INFO - [2025-10-17T02:55:46.640+0000] {dag.py:3096} INFO - Sync 1 DAGs
[2025-10-17T02:55:46.662+0000] {logging_mixin.py:188} INFO - [2025-10-17T02:55:46.662+0000] {dag.py:3954} INFO - Setting next_dagrun for example_trigger_controller_dag to 2021-01-01 00:00:00+00:00, run_after=2021-01-01 00:00:00+00:00
[2025-10-17T02:55:46.689+0000] {processor.py:183} INFO - Processing /home/airflow/.local/lib/python3.12/site-packages/airflow/example_dags/example_trigger_controller_dag.py took 0.080 seconds
[2025-10-17T02:56:17.189+0000] {processor.py:161} INFO - Started process (PID=215) to work on /home/airflow/.local/lib/python3.12/site-packages/airflow/example_dags/example_trigger_controller_dag.py
[2025-10-17T02:56:17.190+0000] {processor.py:830} INFO - Processing file /home/airflow/.local/lib/python3.12/site-packages/airflow/example_dags/example_trigger_controller_dag.py for tasks to queue
[2025-10-17T02:56:17.192+0000] {logging_mixin.py:188} INFO - [2025-10-17T02:56:17.192+0000] {dagbag.py:545} INFO - Filling up the DagBag from /home/airflow/.local/lib/python3.12/site-packages/airflow/example_dags/example_trigger_controller_dag.py
[2025-10-17T02:56:17.197+0000] {processor.py:840} INFO - DAG(s) 'example_trigger_controller_dag' retrieved from /home/airflow/.local/lib/python3.12/site-packages/airflow/example_dags/example_trigger_controller_dag.py
[2025-10-17T02:56:17.213+0000] {logging_mixin.py:188} INFO - [2025-10-17T02:56:17.213+0000] {dag.py:3096} INFO - Sync 1 DAGs
[2025-10-17T02:56:17.230+0000] {logging_mixin.py:188} INFO - [2025-10-17T02:56:17.230+0000] {dag.py:3954} INFO - Setting next_dagrun for example_trigger_controller_dag to 2021-01-01 00:00:00+00:00, run_after=2021-01-01 00:00:00+00:00
[2025-10-17T02:56:17.247+0000] {processor.py:183} INFO - Processing /home/airflow/.local/lib/python3.12/site-packages/airflow/example_dags/example_trigger_controller_dag.py took 0.062 seconds
[2025-10-17T02:56:47.316+0000] {processor.py:161} INFO - Started process (PID=274) to work on /home/airflow/.local/lib/python3.12/site-packages/airflow/example_dags/example_trigger_controller_dag.py
[2025-10-17T02:56:47.317+0000] {processor.py:830} INFO - Processing file /home/airflow/.local/lib/python3.12/site-packages/airflow/example_dags/example_trigger_controller_dag.py for tasks to queue
[2025-10-17T02:56:47.319+0000] {logging_mixin.py:188} INFO - [2025-10-17T02:56:47.319+0000] {dagbag.py:545} INFO - Filling up the DagBag from /home/airflow/.local/lib/python3.12/site-packages/airflow/example_dags/example_trigger_controller_dag.py
[2025-10-17T02:56:47.325+0000] {processor.py:840} INFO - DAG(s) 'example_trigger_controller_dag' retrieved from /home/airflow/.local/lib/python3.12/site-packages/airflow/example_dags/example_trigger_controller_dag.py
[2025-10-17T02:56:47.343+0000] {logging_mixin.py:188} INFO - [2025-10-17T02:56:47.343+0000] {dag.py:3096} INFO - Sync 1 DAGs
[2025-10-17T02:56:47.362+0000] {logging_mixin.py:188} INFO - [2025-10-17T02:56:47.361+0000] {dag.py:3954} INFO - Setting next_dagrun for example_trigger_controller_dag to 2021-01-01 00:00:00+00:00, run_after=2021-01-01 00:00:00+00:00
[2025-10-17T02:56:47.383+0000] {processor.py:183} INFO - Processing /home/airflow/.local/lib/python3.12/site-packages/airflow/example_dags/example_trigger_controller_dag.py took 0.073 seconds
[2025-10-17T02:57:17.814+0000] {processor.py:161} INFO - Started process (PID=333) to work on /home/airflow/.local/lib/python3.12/site-packages/airflow/example_dags/example_trigger_controller_dag.py
[2025-10-17T02:57:17.815+0000] {processor.py:830} INFO - Processing file /home/airflow/.local/lib/python3.12/site-packages/airflow/example_dags/example_trigger_controller_dag.py for tasks to queue
[2025-10-17T02:57:17.819+0000] {logging_mixin.py:188} INFO - [2025-10-17T02:57:17.819+0000] {dagbag.py:545} INFO - Filling up the DagBag from /home/airflow/.local/lib/python3.12/site-packages/airflow/example_dags/example_trigger_controller_dag.py
[2025-10-17T02:57:17.824+0000] {processor.py:840} INFO - DAG(s) 'example_trigger_controller_dag' retrieved from /home/airflow/.local/lib/python3.12/site-packages/airflow/example_dags/example_trigger_controller_dag.py
[2025-10-17T02:57:17.841+0000] {logging_mixin.py:188} INFO - [2025-10-17T02:57:17.840+0000] {dag.py:3096} INFO - Sync 1 DAGs
[2025-10-17T02:57:17.858+0000] {logging_mixin.py:188} INFO - [2025-10-17T02:57:17.858+0000] {dag.py:3954} INFO - Setting next_dagrun for example_trigger_controller_dag to 2021-01-01 00:00:00+00:00, run_after=2021-01-01 00:00:00+00:00
[2025-10-17T02:57:17.875+0000] {processor.py:183} INFO - Processing /home/airflow/.local/lib/python3.12/site-packages/airflow/example_dags/example_trigger_controller_dag.py took 0.066 seconds
[2025-10-17T02:57:48.115+0000] {processor.py:161} INFO - Started process (PID=392) to work on /home/airflow/.local/lib/python3.12/site-packages/airflow/example_dags/example_trigger_controller_dag.py
[2025-10-17T02:57:48.117+0000] {processor.py:830} INFO - Processing file /home/airflow/.local/lib/python3.12/site-packages/airflow/example_dags/example_trigger_controller_dag.py for tasks to queue
[2025-10-17T02:57:48.119+0000] {logging_mixin.py:188} INFO - [2025-10-17T02:57:48.119+0000] {dagbag.py:545} INFO - Filling up the DagBag from /home/airflow/.local/lib/python3.12/site-packages/airflow/example_dags/example_trigger_controller_dag.py
[2025-10-17T02:57:48.124+0000] {processor.py:840} INFO - DAG(s) 'example_trigger_controller_dag' retrieved from /home/airflow/.local/lib/python3.12/site-packages/airflow/example_dags/example_trigger_controller_dag.py
[2025-10-17T02:57:48.147+0000] {logging_mixin.py:188} INFO - [2025-10-17T02:57:48.147+0000] {dag.py:3096} INFO - Sync 1 DAGs
[2025-10-17T02:57:48.171+0000] {logging_mixin.py:188} INFO - [2025-10-17T02:57:48.171+0000] {dag.py:3954} INFO - Setting next_dagrun for example_trigger_controller_dag to 2021-01-01 00:00:00+00:00, run_after=2021-01-01 00:00:00+00:00
[2025-10-17T02:57:50.086+0000] {processor.py:183} INFO - Processing /home/airflow/.local/lib/python3.12/site-packages/airflow/example_dags/example_trigger_controller_dag.py took 0.084 seconds
[2025-10-17T02:58:21.005+0000] {processor.py:161} INFO - Started process (PID=451) to work on /home/airflow/.local/lib/python3.12/site-packages/airflow/example_dags/example_trigger_controller_dag.py
[2025-10-17T02:58:21.006+0000] {processor.py:830} INFO - Processing file /home/airflow/.local/lib/python3.12/site-packages/airflow/example_dags/example_trigger_controller_dag.py for tasks to queue
[2025-10-17T02:58:21.008+0000] {logging_mixin.py:188} INFO - [2025-10-17T02:58:21.008+0000] {dagbag.py:545} INFO - Filling up the DagBag from /home/airflow/.local/lib/python3.12/site-packages/airflow/example_dags/example_trigger_controller_dag.py
[2025-10-17T02:58:21.012+0000] {processor.py:840} INFO - DAG(s) 'example_trigger_controller_dag' retrieved from /home/airflow/.local/lib/python3.12/site-packages/airflow/example_dags/example_trigger_controller_dag.py
[2025-10-17T02:58:21.030+0000] {logging_mixin.py:188} INFO - [2025-10-17T02:58:21.030+0000] {dag.py:3096} INFO - Sync 1 DAGs
[2025-10-17T02:58:21.047+0000] {logging_mixin.py:188} INFO - [2025-10-17T02:58:21.047+0000] {dag.py:3954} INFO - Setting next_dagrun for example_trigger_controller_dag to 2021-01-01 00:00:00+00:00, run_after=2021-01-01 00:00:00+00:00
[2025-10-17T02:58:21.064+0000] {processor.py:183} INFO - Processing /home/airflow/.local/lib/python3.12/site-packages/airflow/example_dags/example_trigger_controller_dag.py took 0.065 seconds
[2025-10-17T02:58:51.716+0000] {processor.py:161} INFO - Started process (PID=510) to work on /home/airflow/.local/lib/python3.12/site-packages/airflow/example_dags/example_trigger_controller_dag.py
[2025-10-17T02:58:51.717+0000] {processor.py:830} INFO - Processing file /home/airflow/.local/lib/python3.12/site-packages/airflow/example_dags/example_trigger_controller_dag.py for tasks to queue
[2025-10-17T02:58:51.719+0000] {logging_mixin.py:188} INFO - [2025-10-17T02:58:51.718+0000] {dagbag.py:545} INFO - Filling up the DagBag from /home/airflow/.local/lib/python3.12/site-packages/airflow/example_dags/example_trigger_controller_dag.py
[2025-10-17T02:58:51.723+0000] {processor.py:840} INFO - DAG(s) 'example_trigger_controller_dag' retrieved from /home/airflow/.local/lib/python3.12/site-packages/airflow/example_dags/example_trigger_controller_dag.py
[2025-10-17T02:58:51.742+0000] {logging_mixin.py:188} INFO - [2025-10-17T02:58:51.742+0000] {dag.py:3096} INFO - Sync 1 DAGs
[2025-10-17T02:58:51.759+0000] {logging_mixin.py:188} INFO - [2025-10-17T02:58:51.758+0000] {dag.py:3954} INFO - Setting next_dagrun for example_trigger_controller_dag to 2021-01-01 00:00:00+00:00, run_after=2021-01-01 00:00:00+00:00
[2025-10-17T02:58:51.776+0000] {processor.py:183} INFO - Processing /home/airflow/.local/lib/python3.12/site-packages/airflow/example_dags/example_trigger_controller_dag.py took 0.065 seconds
[2025-10-17T02:59:22.134+0000] {processor.py:161} INFO - Started process (PID=569) to work on /home/airflow/.local/lib/python3.12/site-packages/airflow/example_dags/example_trigger_controller_dag.py
[2025-10-17T02:59:22.136+0000] {processor.py:830} INFO - Processing file /home/airflow/.local/lib/python3.12/site-packages/airflow/example_dags/example_trigger_controller_dag.py for tasks to queue
[2025-10-17T02:59:22.138+0000] {logging_mixin.py:188} INFO - [2025-10-17T02:59:22.138+0000] {dagbag.py:545} INFO - Filling up the DagBag from /home/airflow/.local/lib/python3.12/site-packages/airflow/example_dags/example_trigger_controller_dag.py
[2025-10-17T02:59:22.149+0000] {processor.py:840} INFO - DAG(s) 'example_trigger_controller_dag' retrieved from /home/airflow/.local/lib/python3.12/site-packages/airflow/example_dags/example_trigger_controller_dag.py
[2025-10-17T02:59:22.168+0000] {logging_mixin.py:188} INFO - [2025-10-17T02:59:22.168+0000] {dag.py:3096} INFO - Sync 1 DAGs
[2025-10-17T02:59:22.188+0000] {logging_mixin.py:188} INFO - [2025-10-17T02:59:22.188+0000] {dag.py:3954} INFO - Setting next_dagrun for example_trigger_controller_dag to 2021-01-01 00:00:00+00:00, run_after=2021-01-01 00:00:00+00:00
[2025-10-17T02:59:22.210+0000] {processor.py:183} INFO - Processing /home/airflow/.local/lib/python3.12/site-packages/airflow/example_dags/example_trigger_controller_dag.py took 0.082 seconds
[2025-10-17T02:59:52.373+0000] {processor.py:161} INFO - Started process (PID=628) to work on /home/airflow/.local/lib/python3.12/site-packages/airflow/example_dags/example_trigger_controller_dag.py
[2025-10-17T02:59:52.374+0000] {processor.py:830} INFO - Processing file /home/airflow/.local/lib/python3.12/site-packages/airflow/example_dags/example_trigger_controller_dag.py for tasks to queue
[2025-10-17T02:59:52.376+0000] {logging_mixin.py:188} INFO - [2025-10-17T02:59:52.376+0000] {dagbag.py:545} INFO - Filling up the DagBag from /home/airflow/.local/lib/python3.12/site-packages/airflow/example_dags/example_trigger_controller_dag.py
[2025-10-17T02:59:52.381+0000] {processor.py:840} INFO - DAG(s) 'example_trigger_controller_dag' retrieved from /home/airflow/.local/lib/python3.12/site-packages/airflow/example_dags/example_trigger_controller_dag.py
[2025-10-17T02:59:52.403+0000] {logging_mixin.py:188} INFO - [2025-10-17T02:59:52.402+0000] {dag.py:3096} INFO - Sync 1 DAGs
[2025-10-17T02:59:52.419+0000] {logging_mixin.py:188} INFO - [2025-10-17T02:59:52.418+0000] {dag.py:3954} INFO - Setting next_dagrun for example_trigger_controller_dag to 2021-01-01 00:00:00+00:00, run_after=2021-01-01 00:00:00+00:00
[2025-10-17T02:59:52.436+0000] {processor.py:183} INFO - Processing /home/airflow/.local/lib/python3.12/site-packages/airflow/example_dags/example_trigger_controller_dag.py took 0.068 seconds
[2025-10-17T03:00:22.624+0000] {processor.py:161} INFO - Started process (PID=688) to work on /home/airflow/.local/lib/python3.12/site-packages/airflow/example_dags/example_trigger_controller_dag.py
[2025-10-17T03:00:22.626+0000] {processor.py:830} INFO - Processing file /home/airflow/.local/lib/python3.12/site-packages/airflow/example_dags/example_trigger_controller_dag.py for tasks to queue
[2025-10-17T03:00:22.629+0000] {logging_mixin.py:188} INFO - [2025-10-17T03:00:22.628+0000] {dagbag.py:545} INFO - Filling up the DagBag from /home/airflow/.local/lib/python3.12/site-packages/airflow/example_dags/example_trigger_controller_dag.py
[2025-10-17T03:00:22.634+0000] {processor.py:840} INFO - DAG(s) 'example_trigger_controller_dag' retrieved from /home/airflow/.local/lib/python3.12/site-packages/airflow/example_dags/example_trigger_controller_dag.py
[2025-10-17T03:00:22.658+0000] {logging_mixin.py:188} INFO - [2025-10-17T03:00:22.658+0000] {dag.py:3096} INFO - Sync 1 DAGs
[2025-10-17T03:00:22.681+0000] {logging_mixin.py:188} INFO - [2025-10-17T03:00:22.681+0000] {dag.py:3954} INFO - Setting next_dagrun for example_trigger_controller_dag to 2021-01-01 00:00:00+00:00, run_after=2021-01-01 00:00:00+00:00
[2025-10-17T03:00:22.702+0000] {processor.py:183} INFO - Processing /home/airflow/.local/lib/python3.12/site-packages/airflow/example_dags/example_trigger_controller_dag.py took 0.083 seconds
[2025-10-17T03:00:53.059+0000] {processor.py:161} INFO - Started process (PID=747) to work on /home/airflow/.local/lib/python3.12/site-packages/airflow/example_dags/example_trigger_controller_dag.py
[2025-10-17T03:00:53.060+0000] {processor.py:830} INFO - Processing file /home/airflow/.local/lib/python3.12/site-packages/airflow/example_dags/example_trigger_controller_dag.py for tasks to queue
[2025-10-17T03:00:53.062+0000] {logging_mixin.py:188} INFO - [2025-10-17T03:00:53.061+0000] {dagbag.py:545} INFO - Filling up the DagBag from /home/airflow/.local/lib/python3.12/site-packages/airflow/example_dags/example_trigger_controller_dag.py
[2025-10-17T03:00:53.066+0000] {processor.py:840} INFO - DAG(s) 'example_trigger_controller_dag' retrieved from /home/airflow/.local/lib/python3.12/site-packages/airflow/example_dags/example_trigger_controller_dag.py
[2025-10-17T03:00:53.084+0000] {logging_mixin.py:188} INFO - [2025-10-17T03:00:53.084+0000] {dag.py:3096} INFO - Sync 1 DAGs
[2025-10-17T03:00:53.101+0000] {logging_mixin.py:188} INFO - [2025-10-17T03:00:53.101+0000] {dag.py:3954} INFO - Setting next_dagrun for example_trigger_controller_dag to 2021-01-01 00:00:00+00:00, run_after=2021-01-01 00:00:00+00:00
[2025-10-17T03:00:53.119+0000] {processor.py:183} INFO - Processing /home/airflow/.local/lib/python3.12/site-packages/airflow/example_dags/example_trigger_controller_dag.py took 0.064 seconds
[2025-10-17T03:01:23.160+0000] {processor.py:161} INFO - Started process (PID=806) to work on /home/airflow/.local/lib/python3.12/site-packages/airflow/example_dags/example_trigger_controller_dag.py
[2025-10-17T03:01:23.161+0000] {processor.py:830} INFO - Processing file /home/airflow/.local/lib/python3.12/site-packages/airflow/example_dags/example_trigger_controller_dag.py for tasks to queue
[2025-10-17T03:01:23.163+0000] {logging_mixin.py:188} INFO - [2025-10-17T03:01:23.163+0000] {dagbag.py:545} INFO - Filling up the DagBag from /home/airflow/.local/lib/python3.12/site-packages/airflow/example_dags/example_trigger_controller_dag.py
[2025-10-17T03:01:23.168+0000] {processor.py:840} INFO - DAG(s) 'example_trigger_controller_dag' retrieved from /home/airflow/.local/lib/python3.12/site-packages/airflow/example_dags/example_trigger_controller_dag.py
[2025-10-17T03:01:23.188+0000] {logging_mixin.py:188} INFO - [2025-10-17T03:01:23.187+0000] {dag.py:3096} INFO - Sync 1 DAGs
[2025-10-17T03:01:23.208+0000] {logging_mixin.py:188} INFO - [2025-10-17T03:01:23.208+0000] {dag.py:3954} INFO - Setting next_dagrun for example_trigger_controller_dag to 2021-01-01 00:00:00+00:00, run_after=2021-01-01 00:00:00+00:00
[2025-10-17T03:01:23.226+0000] {processor.py:183} INFO - Processing /home/airflow/.local/lib/python3.12/site-packages/airflow/example_dags/example_trigger_controller_dag.py took 0.073 seconds
[2025-10-17T03:01:55.373+0000] {processor.py:161} INFO - Started process (PID=866) to work on /home/airflow/.local/lib/python3.12/site-packages/airflow/example_dags/example_trigger_controller_dag.py
[2025-10-17T03:01:55.374+0000] {processor.py:830} INFO - Processing file /home/airflow/.local/lib/python3.12/site-packages/airflow/example_dags/example_trigger_controller_dag.py for tasks to queue
[2025-10-17T03:01:55.376+0000] {logging_mixin.py:188} INFO - [2025-10-17T03:01:55.376+0000] {dagbag.py:545} INFO - Filling up the DagBag from /home/airflow/.local/lib/python3.12/site-packages/airflow/example_dags/example_trigger_controller_dag.py
[2025-10-17T03:01:55.380+0000] {processor.py:840} INFO - DAG(s) 'example_trigger_controller_dag' retrieved from /home/airflow/.local/lib/python3.12/site-packages/airflow/example_dags/example_trigger_controller_dag.py
[2025-10-17T03:01:55.397+0000] {logging_mixin.py:188} INFO - [2025-10-17T03:01:55.397+0000] {dag.py:3096} INFO - Sync 1 DAGs
[2025-10-17T03:01:55.414+0000] {logging_mixin.py:188} INFO - [2025-10-17T03:01:55.414+0000] {dag.py:3954} INFO - Setting next_dagrun for example_trigger_controller_dag to 2021-01-01 00:00:00+00:00, run_after=2021-01-01 00:00:00+00:00
[2025-10-17T03:01:55.432+0000] {processor.py:183} INFO - Processing /home/airflow/.local/lib/python3.12/site-packages/airflow/example_dags/example_trigger_controller_dag.py took 0.063 seconds
[2025-10-17T03:02:26.789+0000] {processor.py:161} INFO - Started process (PID=925) to work on /home/airflow/.local/lib/python3.12/site-packages/airflow/example_dags/example_trigger_controller_dag.py
[2025-10-17T03:02:26.791+0000] {processor.py:830} INFO - Processing file /home/airflow/.local/lib/python3.12/site-packages/airflow/example_dags/example_trigger_controller_dag.py for tasks to queue
[2025-10-17T03:02:26.793+0000] {logging_mixin.py:188} INFO - [2025-10-17T03:02:26.793+0000] {dagbag.py:545} INFO - Filling up the DagBag from /home/airflow/.local/lib/python3.12/site-packages/airflow/example_dags/example_trigger_controller_dag.py
[2025-10-17T03:02:26.798+0000] {processor.py:840} INFO - DAG(s) 'example_trigger_controller_dag' retrieved from /home/airflow/.local/lib/python3.12/site-packages/airflow/example_dags/example_trigger_controller_dag.py
[2025-10-17T03:02:26.819+0000] {logging_mixin.py:188} INFO - [2025-10-17T03:02:26.819+0000] {dag.py:3096} INFO - Sync 1 DAGs
[2025-10-17T03:02:26.839+0000] {logging_mixin.py:188} INFO - [2025-10-17T03:02:26.839+0000] {dag.py:3954} INFO - Setting next_dagrun for example_trigger_controller_dag to 2021-01-01 00:00:00+00:00, run_after=2021-01-01 00:00:00+00:00
[2025-10-17T03:02:26.859+0000] {processor.py:183} INFO - Processing /home/airflow/.local/lib/python3.12/site-packages/airflow/example_dags/example_trigger_controller_dag.py took 0.075 seconds
[2025-10-17T03:02:58.153+0000] {processor.py:161} INFO - Started process (PID=978) to work on /home/airflow/.local/lib/python3.12/site-packages/airflow/example_dags/example_trigger_controller_dag.py
[2025-10-17T03:02:58.154+0000] {processor.py:830} INFO - Processing file /home/airflow/.local/lib/python3.12/site-packages/airflow/example_dags/example_trigger_controller_dag.py for tasks to queue
[2025-10-17T03:02:58.156+0000] {logging_mixin.py:188} INFO - [2025-10-17T03:02:58.156+0000] {dagbag.py:545} INFO - Filling up the DagBag from /home/airflow/.local/lib/python3.12/site-packages/airflow/example_dags/example_trigger_controller_dag.py
[2025-10-17T03:02:58.161+0000] {processor.py:840} INFO - DAG(s) 'example_trigger_controller_dag' retrieved from /home/airflow/.local/lib/python3.12/site-packages/airflow/example_dags/example_trigger_controller_dag.py
[2025-10-17T03:02:58.180+0000] {logging_mixin.py:188} INFO - [2025-10-17T03:02:58.179+0000] {dag.py:3096} INFO - Sync 1 DAGs
[2025-10-17T03:02:58.199+0000] {logging_mixin.py:188} INFO - [2025-10-17T03:02:58.199+0000] {dag.py:3954} INFO - Setting next_dagrun for example_trigger_controller_dag to 2021-01-01 00:00:00+00:00, run_after=2021-01-01 00:00:00+00:00
[2025-10-17T03:02:58.217+0000] {processor.py:183} INFO - Processing /home/airflow/.local/lib/python3.12/site-packages/airflow/example_dags/example_trigger_controller_dag.py took 0.069 seconds
[2025-10-17T03:03:30.716+0000] {processor.py:161} INFO - Started process (PID=1043) to work on /home/airflow/.local/lib/python3.12/site-packages/airflow/example_dags/example_trigger_controller_dag.py
[2025-10-17T03:03:30.717+0000] {processor.py:830} INFO - Processing file /home/airflow/.local/lib/python3.12/site-packages/airflow/example_dags/example_trigger_controller_dag.py for tasks to queue
[2025-10-17T03:03:30.719+0000] {logging_mixin.py:188} INFO - [2025-10-17T03:03:30.719+0000] {dagbag.py:545} INFO - Filling up the DagBag from /home/airflow/.local/lib/python3.12/site-packages/airflow/example_dags/example_trigger_controller_dag.py
[2025-10-17T03:03:30.724+0000] {processor.py:840} INFO - DAG(s) 'example_trigger_controller_dag' retrieved from /home/airflow/.local/lib/python3.12/site-packages/airflow/example_dags/example_trigger_controller_dag.py
[2025-10-17T03:03:30.742+0000] {logging_mixin.py:188} INFO - [2025-10-17T03:03:30.742+0000] {dag.py:3096} INFO - Sync 1 DAGs
[2025-10-17T03:03:30.761+0000] {logging_mixin.py:188} INFO - [2025-10-17T03:03:30.761+0000] {dag.py:3954} INFO - Setting next_dagrun for example_trigger_controller_dag to 2021-01-01 00:00:00+00:00, run_after=2021-01-01 00:00:00+00:00
[2025-10-17T03:03:30.784+0000] {processor.py:183} INFO - Processing /home/airflow/.local/lib/python3.12/site-packages/airflow/example_dags/example_trigger_controller_dag.py took 0.074 seconds
[2025-10-17T03:04:02.550+0000] {processor.py:161} INFO - Started process (PID=1102) to work on /home/airflow/.local/lib/python3.12/site-packages/airflow/example_dags/example_trigger_controller_dag.py
[2025-10-17T03:04:02.551+0000] {processor.py:830} INFO - Processing file /home/airflow/.local/lib/python3.12/site-packages/airflow/example_dags/example_trigger_controller_dag.py for tasks to queue
[2025-10-17T03:04:02.554+0000] {logging_mixin.py:188} INFO - [2025-10-17T03:04:02.554+0000] {dagbag.py:545} INFO - Filling up the DagBag from /home/airflow/.local/lib/python3.12/site-packages/airflow/example_dags/example_trigger_controller_dag.py
[2025-10-17T03:04:02.559+0000] {processor.py:840} INFO - DAG(s) 'example_trigger_controller_dag' retrieved from /home/airflow/.local/lib/python3.12/site-packages/airflow/example_dags/example_trigger_controller_dag.py
[2025-10-17T03:04:02.579+0000] {logging_mixin.py:188} INFO - [2025-10-17T03:04:02.578+0000] {dag.py:3096} INFO - Sync 1 DAGs
[2025-10-17T03:04:02.597+0000] {logging_mixin.py:188} INFO - [2025-10-17T03:04:02.597+0000] {dag.py:3954} INFO - Setting next_dagrun for example_trigger_controller_dag to 2021-01-01 00:00:00+00:00, run_after=2021-01-01 00:00:00+00:00
[2025-10-17T03:04:02.617+0000] {processor.py:183} INFO - Processing /home/airflow/.local/lib/python3.12/site-packages/airflow/example_dags/example_trigger_controller_dag.py took 0.072 seconds
[2025-10-17T03:04:33.701+0000] {processor.py:161} INFO - Started process (PID=1155) to work on /home/airflow/.local/lib/python3.12/site-packages/airflow/example_dags/example_trigger_controller_dag.py
[2025-10-17T03:04:33.702+0000] {processor.py:830} INFO - Processing file /home/airflow/.local/lib/python3.12/site-packages/airflow/example_dags/example_trigger_controller_dag.py for tasks to queue
[2025-10-17T03:04:33.704+0000] {logging_mixin.py:188} INFO - [2025-10-17T03:04:33.704+0000] {dagbag.py:545} INFO - Filling up the DagBag from /home/airflow/.local/lib/python3.12/site-packages/airflow/example_dags/example_trigger_controller_dag.py
[2025-10-17T03:04:33.709+0000] {processor.py:840} INFO - DAG(s) 'example_trigger_controller_dag' retrieved from /home/airflow/.local/lib/python3.12/site-packages/airflow/example_dags/example_trigger_controller_dag.py
[2025-10-17T03:04:33.726+0000] {logging_mixin.py:188} INFO - [2025-10-17T03:04:33.726+0000] {dag.py:3096} INFO - Sync 1 DAGs
[2025-10-17T03:04:33.744+0000] {logging_mixin.py:188} INFO - [2025-10-17T03:04:33.744+0000] {dag.py:3954} INFO - Setting next_dagrun for example_trigger_controller_dag to 2021-01-01 00:00:00+00:00, run_after=2021-01-01 00:00:00+00:00
[2025-10-17T03:04:33.761+0000] {processor.py:183} INFO - Processing /home/airflow/.local/lib/python3.12/site-packages/airflow/example_dags/example_trigger_controller_dag.py took 0.064 seconds
[2025-10-17T03:05:06.354+0000] {processor.py:161} INFO - Started process (PID=1221) to work on /home/airflow/.local/lib/python3.12/site-packages/airflow/example_dags/example_trigger_controller_dag.py
[2025-10-17T03:05:06.355+0000] {processor.py:830} INFO - Processing file /home/airflow/.local/lib/python3.12/site-packages/airflow/example_dags/example_trigger_controller_dag.py for tasks to queue
[2025-10-17T03:05:06.357+0000] {logging_mixin.py:188} INFO - [2025-10-17T03:05:06.357+0000] {dagbag.py:545} INFO - Filling up the DagBag from /home/airflow/.local/lib/python3.12/site-packages/airflow/example_dags/example_trigger_controller_dag.py
[2025-10-17T03:05:06.362+0000] {processor.py:840} INFO - DAG(s) 'example_trigger_controller_dag' retrieved from /home/airflow/.local/lib/python3.12/site-packages/airflow/example_dags/example_trigger_controller_dag.py
[2025-10-17T03:05:06.379+0000] {logging_mixin.py:188} INFO - [2025-10-17T03:05:06.379+0000] {dag.py:3096} INFO - Sync 1 DAGs
[2025-10-17T03:05:06.397+0000] {logging_mixin.py:188} INFO - [2025-10-17T03:05:06.397+0000] {dag.py:3954} INFO - Setting next_dagrun for example_trigger_controller_dag to 2021-01-01 00:00:00+00:00, run_after=2021-01-01 00:00:00+00:00
[2025-10-17T03:05:06.414+0000] {processor.py:183} INFO - Processing /home/airflow/.local/lib/python3.12/site-packages/airflow/example_dags/example_trigger_controller_dag.py took 0.065 seconds
[2025-10-17T03:05:37.550+0000] {processor.py:161} INFO - Started process (PID=1274) to work on /home/airflow/.local/lib/python3.12/site-packages/airflow/example_dags/example_trigger_controller_dag.py
[2025-10-17T03:05:37.551+0000] {processor.py:830} INFO - Processing file /home/airflow/.local/lib/python3.12/site-packages/airflow/example_dags/example_trigger_controller_dag.py for tasks to queue
[2025-10-17T03:05:37.553+0000] {logging_mixin.py:188} INFO - [2025-10-17T03:05:37.553+0000] {dagbag.py:545} INFO - Filling up the DagBag from /home/airflow/.local/lib/python3.12/site-packages/airflow/example_dags/example_trigger_controller_dag.py
[2025-10-17T03:05:37.558+0000] {processor.py:840} INFO - DAG(s) 'example_trigger_controller_dag' retrieved from /home/airflow/.local/lib/python3.12/site-packages/airflow/example_dags/example_trigger_controller_dag.py
[2025-10-17T03:05:37.577+0000] {logging_mixin.py:188} INFO - [2025-10-17T03:05:37.577+0000] {dag.py:3096} INFO - Sync 1 DAGs
[2025-10-17T03:05:37.594+0000] {logging_mixin.py:188} INFO - [2025-10-17T03:05:37.594+0000] {dag.py:3954} INFO - Setting next_dagrun for example_trigger_controller_dag to 2021-01-01 00:00:00+00:00, run_after=2021-01-01 00:00:00+00:00
[2025-10-17T03:05:37.613+0000] {processor.py:183} INFO - Processing /home/airflow/.local/lib/python3.12/site-packages/airflow/example_dags/example_trigger_controller_dag.py took 0.068 seconds
[2025-10-17T03:06:11.878+0000] {processor.py:161} INFO - Started process (PID=1339) to work on /home/airflow/.local/lib/python3.12/site-packages/airflow/example_dags/example_trigger_controller_dag.py
[2025-10-17T03:06:11.880+0000] {processor.py:830} INFO - Processing file /home/airflow/.local/lib/python3.12/site-packages/airflow/example_dags/example_trigger_controller_dag.py for tasks to queue
[2025-10-17T03:06:11.882+0000] {logging_mixin.py:188} INFO - [2025-10-17T03:06:11.882+0000] {dagbag.py:545} INFO - Filling up the DagBag from /home/airflow/.local/lib/python3.12/site-packages/airflow/example_dags/example_trigger_controller_dag.py
[2025-10-17T03:06:11.886+0000] {processor.py:840} INFO - DAG(s) 'example_trigger_controller_dag' retrieved from /home/airflow/.local/lib/python3.12/site-packages/airflow/example_dags/example_trigger_controller_dag.py
[2025-10-17T03:06:11.904+0000] {logging_mixin.py:188} INFO - [2025-10-17T03:06:11.903+0000] {dag.py:3096} INFO - Sync 1 DAGs
[2025-10-17T03:06:11.920+0000] {logging_mixin.py:188} INFO - [2025-10-17T03:06:11.920+0000] {dag.py:3954} INFO - Setting next_dagrun for example_trigger_controller_dag to 2021-01-01 00:00:00+00:00, run_after=2021-01-01 00:00:00+00:00
[2025-10-17T03:06:11.935+0000] {processor.py:183} INFO - Processing /home/airflow/.local/lib/python3.12/site-packages/airflow/example_dags/example_trigger_controller_dag.py took 0.061 seconds
[2025-10-17T03:06:42.779+0000] {processor.py:161} INFO - Started process (PID=1398) to work on /home/airflow/.local/lib/python3.12/site-packages/airflow/example_dags/example_trigger_controller_dag.py
[2025-10-17T03:06:42.780+0000] {processor.py:830} INFO - Processing file /home/airflow/.local/lib/python3.12/site-packages/airflow/example_dags/example_trigger_controller_dag.py for tasks to queue
[2025-10-17T03:06:42.782+0000] {logging_mixin.py:188} INFO - [2025-10-17T03:06:42.782+0000] {dagbag.py:545} INFO - Filling up the DagBag from /home/airflow/.local/lib/python3.12/site-packages/airflow/example_dags/example_trigger_controller_dag.py
[2025-10-17T03:06:42.787+0000] {processor.py:840} INFO - DAG(s) 'example_trigger_controller_dag' retrieved from /home/airflow/.local/lib/python3.12/site-packages/airflow/example_dags/example_trigger_controller_dag.py
[2025-10-17T03:06:42.805+0000] {logging_mixin.py:188} INFO - [2025-10-17T03:06:42.805+0000] {dag.py:3096} INFO - Sync 1 DAGs
[2025-10-17T03:06:42.946+0000] {logging_mixin.py:188} INFO - [2025-10-17T03:06:42.946+0000] {dag.py:3954} INFO - Setting next_dagrun for example_trigger_controller_dag to 2021-01-01 00:00:00+00:00, run_after=2021-01-01 00:00:00+00:00
[2025-10-17T03:06:42.963+0000] {processor.py:183} INFO - Processing /home/airflow/.local/lib/python3.12/site-packages/airflow/example_dags/example_trigger_controller_dag.py took 0.190 seconds
[2025-10-17T03:07:13.281+0000] {processor.py:161} INFO - Started process (PID=1457) to work on /home/airflow/.local/lib/python3.12/site-packages/airflow/example_dags/example_trigger_controller_dag.py
[2025-10-17T03:07:13.282+0000] {processor.py:830} INFO - Processing file /home/airflow/.local/lib/python3.12/site-packages/airflow/example_dags/example_trigger_controller_dag.py for tasks to queue
[2025-10-17T03:07:13.285+0000] {logging_mixin.py:188} INFO - [2025-10-17T03:07:13.285+0000] {dagbag.py:545} INFO - Filling up the DagBag from /home/airflow/.local/lib/python3.12/site-packages/airflow/example_dags/example_trigger_controller_dag.py
[2025-10-17T03:07:13.292+0000] {processor.py:840} INFO - DAG(s) 'example_trigger_controller_dag' retrieved from /home/airflow/.local/lib/python3.12/site-packages/airflow/example_dags/example_trigger_controller_dag.py
[2025-10-17T03:07:13.319+0000] {logging_mixin.py:188} INFO - [2025-10-17T03:07:13.318+0000] {dag.py:3096} INFO - Sync 1 DAGs
[2025-10-17T03:07:13.503+0000] {logging_mixin.py:188} INFO - [2025-10-17T03:07:13.503+0000] {dag.py:3954} INFO - Setting next_dagrun for example_trigger_controller_dag to 2021-01-01 00:00:00+00:00, run_after=2021-01-01 00:00:00+00:00
[2025-10-17T03:07:13.522+0000] {processor.py:183} INFO - Processing /home/airflow/.local/lib/python3.12/site-packages/airflow/example_dags/example_trigger_controller_dag.py took 0.248 seconds
[2025-10-17T03:07:44.185+0000] {processor.py:161} INFO - Started process (PID=1516) to work on /home/airflow/.local/lib/python3.12/site-packages/airflow/example_dags/example_trigger_controller_dag.py
[2025-10-17T03:07:44.187+0000] {processor.py:830} INFO - Processing file /home/airflow/.local/lib/python3.12/site-packages/airflow/example_dags/example_trigger_controller_dag.py for tasks to queue
[2025-10-17T03:07:44.191+0000] {logging_mixin.py:188} INFO - [2025-10-17T03:07:44.190+0000] {dagbag.py:545} INFO - Filling up the DagBag from /home/airflow/.local/lib/python3.12/site-packages/airflow/example_dags/example_trigger_controller_dag.py
[2025-10-17T03:07:44.205+0000] {processor.py:840} INFO - DAG(s) 'example_trigger_controller_dag' retrieved from /home/airflow/.local/lib/python3.12/site-packages/airflow/example_dags/example_trigger_controller_dag.py
[2025-10-17T03:07:44.325+0000] {logging_mixin.py:188} INFO - [2025-10-17T03:07:44.324+0000] {dag.py:3096} INFO - Sync 1 DAGs
[2025-10-17T03:07:44.406+0000] {logging_mixin.py:188} INFO - [2025-10-17T03:07:44.405+0000] {dag.py:3954} INFO - Setting next_dagrun for example_trigger_controller_dag to 2021-01-01 00:00:00+00:00, run_after=2021-01-01 00:00:00+00:00
[2025-10-17T03:07:44.477+0000] {processor.py:183} INFO - Processing /home/airflow/.local/lib/python3.12/site-packages/airflow/example_dags/example_trigger_controller_dag.py took 0.310 seconds
[2025-10-17T03:08:14.909+0000] {processor.py:161} INFO - Started process (PID=1575) to work on /home/airflow/.local/lib/python3.12/site-packages/airflow/example_dags/example_trigger_controller_dag.py
[2025-10-17T03:08:14.910+0000] {processor.py:830} INFO - Processing file /home/airflow/.local/lib/python3.12/site-packages/airflow/example_dags/example_trigger_controller_dag.py for tasks to queue
[2025-10-17T03:08:14.913+0000] {logging_mixin.py:188} INFO - [2025-10-17T03:08:14.912+0000] {dagbag.py:545} INFO - Filling up the DagBag from /home/airflow/.local/lib/python3.12/site-packages/airflow/example_dags/example_trigger_controller_dag.py
[2025-10-17T03:08:14.918+0000] {processor.py:840} INFO - DAG(s) 'example_trigger_controller_dag' retrieved from /home/airflow/.local/lib/python3.12/site-packages/airflow/example_dags/example_trigger_controller_dag.py
[2025-10-17T03:08:14.936+0000] {logging_mixin.py:188} INFO - [2025-10-17T03:08:14.936+0000] {dag.py:3096} INFO - Sync 1 DAGs
[2025-10-17T03:08:14.955+0000] {logging_mixin.py:188} INFO - [2025-10-17T03:08:14.954+0000] {dag.py:3954} INFO - Setting next_dagrun for example_trigger_controller_dag to 2021-01-01 00:00:00+00:00, run_after=2021-01-01 00:00:00+00:00
[2025-10-17T03:08:14.973+0000] {processor.py:183} INFO - Processing /home/airflow/.local/lib/python3.12/site-packages/airflow/example_dags/example_trigger_controller_dag.py took 0.069 seconds
[2025-10-17T03:08:45.321+0000] {processor.py:161} INFO - Started process (PID=1633) to work on /home/airflow/.local/lib/python3.12/site-packages/airflow/example_dags/example_trigger_controller_dag.py
[2025-10-17T03:08:45.322+0000] {processor.py:830} INFO - Processing file /home/airflow/.local/lib/python3.12/site-packages/airflow/example_dags/example_trigger_controller_dag.py for tasks to queue
[2025-10-17T03:08:45.324+0000] {logging_mixin.py:188} INFO - [2025-10-17T03:08:45.323+0000] {dagbag.py:545} INFO - Filling up the DagBag from /home/airflow/.local/lib/python3.12/site-packages/airflow/example_dags/example_trigger_controller_dag.py
[2025-10-17T03:08:45.328+0000] {processor.py:840} INFO - DAG(s) 'example_trigger_controller_dag' retrieved from /home/airflow/.local/lib/python3.12/site-packages/airflow/example_dags/example_trigger_controller_dag.py
[2025-10-17T03:08:45.346+0000] {logging_mixin.py:188} INFO - [2025-10-17T03:08:45.346+0000] {dag.py:3096} INFO - Sync 1 DAGs
[2025-10-17T03:08:45.363+0000] {logging_mixin.py:188} INFO - [2025-10-17T03:08:45.363+0000] {dag.py:3954} INFO - Setting next_dagrun for example_trigger_controller_dag to 2021-01-01 00:00:00+00:00, run_after=2021-01-01 00:00:00+00:00
[2025-10-17T03:08:45.381+0000] {processor.py:183} INFO - Processing /home/airflow/.local/lib/python3.12/site-packages/airflow/example_dags/example_trigger_controller_dag.py took 0.065 seconds
[2025-10-17T03:09:15.491+0000] {processor.py:161} INFO - Started process (PID=1692) to work on /home/airflow/.local/lib/python3.12/site-packages/airflow/example_dags/example_trigger_controller_dag.py
[2025-10-17T03:09:15.493+0000] {processor.py:830} INFO - Processing file /home/airflow/.local/lib/python3.12/site-packages/airflow/example_dags/example_trigger_controller_dag.py for tasks to queue
[2025-10-17T03:09:15.494+0000] {logging_mixin.py:188} INFO - [2025-10-17T03:09:15.494+0000] {dagbag.py:545} INFO - Filling up the DagBag from /home/airflow/.local/lib/python3.12/site-packages/airflow/example_dags/example_trigger_controller_dag.py
[2025-10-17T03:09:15.499+0000] {processor.py:840} INFO - DAG(s) 'example_trigger_controller_dag' retrieved from /home/airflow/.local/lib/python3.12/site-packages/airflow/example_dags/example_trigger_controller_dag.py
[2025-10-17T03:09:15.515+0000] {logging_mixin.py:188} INFO - [2025-10-17T03:09:15.515+0000] {dag.py:3096} INFO - Sync 1 DAGs
[2025-10-17T03:09:15.532+0000] {logging_mixin.py:188} INFO - [2025-10-17T03:09:15.531+0000] {dag.py:3954} INFO - Setting next_dagrun for example_trigger_controller_dag to 2021-01-01 00:00:00+00:00, run_after=2021-01-01 00:00:00+00:00
[2025-10-17T03:09:15.551+0000] {processor.py:183} INFO - Processing /home/airflow/.local/lib/python3.12/site-packages/airflow/example_dags/example_trigger_controller_dag.py took 0.065 seconds
[2025-10-17T03:09:45.945+0000] {processor.py:161} INFO - Started process (PID=1751) to work on /home/airflow/.local/lib/python3.12/site-packages/airflow/example_dags/example_trigger_controller_dag.py
[2025-10-17T03:09:45.947+0000] {processor.py:830} INFO - Processing file /home/airflow/.local/lib/python3.12/site-packages/airflow/example_dags/example_trigger_controller_dag.py for tasks to queue
[2025-10-17T03:09:45.949+0000] {logging_mixin.py:188} INFO - [2025-10-17T03:09:45.948+0000] {dagbag.py:545} INFO - Filling up the DagBag from /home/airflow/.local/lib/python3.12/site-packages/airflow/example_dags/example_trigger_controller_dag.py
[2025-10-17T03:09:45.953+0000] {processor.py:840} INFO - DAG(s) 'example_trigger_controller_dag' retrieved from /home/airflow/.local/lib/python3.12/site-packages/airflow/example_dags/example_trigger_controller_dag.py
[2025-10-17T03:09:45.970+0000] {logging_mixin.py:188} INFO - [2025-10-17T03:09:45.970+0000] {dag.py:3096} INFO - Sync 1 DAGs
[2025-10-17T03:09:45.987+0000] {logging_mixin.py:188} INFO - [2025-10-17T03:09:45.987+0000] {dag.py:3954} INFO - Setting next_dagrun for example_trigger_controller_dag to 2021-01-01 00:00:00+00:00, run_after=2021-01-01 00:00:00+00:00
[2025-10-17T03:09:46.005+0000] {processor.py:183} INFO - Processing /home/airflow/.local/lib/python3.12/site-packages/airflow/example_dags/example_trigger_controller_dag.py took 0.065 seconds
[2025-10-17T03:10:16.515+0000] {processor.py:161} INFO - Started process (PID=1810) to work on /home/airflow/.local/lib/python3.12/site-packages/airflow/example_dags/example_trigger_controller_dag.py
[2025-10-17T03:10:16.516+0000] {processor.py:830} INFO - Processing file /home/airflow/.local/lib/python3.12/site-packages/airflow/example_dags/example_trigger_controller_dag.py for tasks to queue
[2025-10-17T03:10:16.518+0000] {logging_mixin.py:188} INFO - [2025-10-17T03:10:16.518+0000] {dagbag.py:545} INFO - Filling up the DagBag from /home/airflow/.local/lib/python3.12/site-packages/airflow/example_dags/example_trigger_controller_dag.py
[2025-10-17T03:10:16.522+0000] {processor.py:840} INFO - DAG(s) 'example_trigger_controller_dag' retrieved from /home/airflow/.local/lib/python3.12/site-packages/airflow/example_dags/example_trigger_controller_dag.py
[2025-10-17T03:10:16.540+0000] {logging_mixin.py:188} INFO - [2025-10-17T03:10:16.540+0000] {dag.py:3096} INFO - Sync 1 DAGs
[2025-10-17T03:10:16.558+0000] {logging_mixin.py:188} INFO - [2025-10-17T03:10:16.558+0000] {dag.py:3954} INFO - Setting next_dagrun for example_trigger_controller_dag to 2021-01-01 00:00:00+00:00, run_after=2021-01-01 00:00:00+00:00
[2025-10-17T03:10:16.579+0000] {processor.py:183} INFO - Processing /home/airflow/.local/lib/python3.12/site-packages/airflow/example_dags/example_trigger_controller_dag.py took 0.070 seconds
[2025-10-17T03:10:46.633+0000] {processor.py:161} INFO - Started process (PID=1869) to work on /home/airflow/.local/lib/python3.12/site-packages/airflow/example_dags/example_trigger_controller_dag.py
[2025-10-17T03:10:46.634+0000] {processor.py:830} INFO - Processing file /home/airflow/.local/lib/python3.12/site-packages/airflow/example_dags/example_trigger_controller_dag.py for tasks to queue
[2025-10-17T03:10:46.636+0000] {logging_mixin.py:188} INFO - [2025-10-17T03:10:46.636+0000] {dagbag.py:545} INFO - Filling up the DagBag from /home/airflow/.local/lib/python3.12/site-packages/airflow/example_dags/example_trigger_controller_dag.py
[2025-10-17T03:10:46.641+0000] {processor.py:840} INFO - DAG(s) 'example_trigger_controller_dag' retrieved from /home/airflow/.local/lib/python3.12/site-packages/airflow/example_dags/example_trigger_controller_dag.py
[2025-10-17T03:10:46.657+0000] {logging_mixin.py:188} INFO - [2025-10-17T03:10:46.657+0000] {dag.py:3096} INFO - Sync 1 DAGs
[2025-10-17T03:10:46.674+0000] {logging_mixin.py:188} INFO - [2025-10-17T03:10:46.673+0000] {dag.py:3954} INFO - Setting next_dagrun for example_trigger_controller_dag to 2021-01-01 00:00:00+00:00, run_after=2021-01-01 00:00:00+00:00
[2025-10-17T03:10:46.690+0000] {processor.py:183} INFO - Processing /home/airflow/.local/lib/python3.12/site-packages/airflow/example_dags/example_trigger_controller_dag.py took 0.061 seconds
[2025-10-17T03:11:16.925+0000] {processor.py:161} INFO - Started process (PID=1928) to work on /home/airflow/.local/lib/python3.12/site-packages/airflow/example_dags/example_trigger_controller_dag.py
[2025-10-17T03:11:16.926+0000] {processor.py:830} INFO - Processing file /home/airflow/.local/lib/python3.12/site-packages/airflow/example_dags/example_trigger_controller_dag.py for tasks to queue
[2025-10-17T03:11:16.928+0000] {logging_mixin.py:188} INFO - [2025-10-17T03:11:16.927+0000] {dagbag.py:545} INFO - Filling up the DagBag from /home/airflow/.local/lib/python3.12/site-packages/airflow/example_dags/example_trigger_controller_dag.py
[2025-10-17T03:11:16.932+0000] {processor.py:840} INFO - DAG(s) 'example_trigger_controller_dag' retrieved from /home/airflow/.local/lib/python3.12/site-packages/airflow/example_dags/example_trigger_controller_dag.py
[2025-10-17T03:11:16.951+0000] {logging_mixin.py:188} INFO - [2025-10-17T03:11:16.951+0000] {dag.py:3096} INFO - Sync 1 DAGs
[2025-10-17T03:11:16.968+0000] {logging_mixin.py:188} INFO - [2025-10-17T03:11:16.968+0000] {dag.py:3954} INFO - Setting next_dagrun for example_trigger_controller_dag to 2021-01-01 00:00:00+00:00, run_after=2021-01-01 00:00:00+00:00
[2025-10-17T03:11:16.988+0000] {processor.py:183} INFO - Processing /home/airflow/.local/lib/python3.12/site-packages/airflow/example_dags/example_trigger_controller_dag.py took 0.069 seconds
[2025-10-17T03:11:47.534+0000] {processor.py:161} INFO - Started process (PID=1987) to work on /home/airflow/.local/lib/python3.12/site-packages/airflow/example_dags/example_trigger_controller_dag.py
[2025-10-17T03:11:47.535+0000] {processor.py:830} INFO - Processing file /home/airflow/.local/lib/python3.12/site-packages/airflow/example_dags/example_trigger_controller_dag.py for tasks to queue
[2025-10-17T03:11:47.537+0000] {logging_mixin.py:188} INFO - [2025-10-17T03:11:47.537+0000] {dagbag.py:545} INFO - Filling up the DagBag from /home/airflow/.local/lib/python3.12/site-packages/airflow/example_dags/example_trigger_controller_dag.py
[2025-10-17T03:11:47.541+0000] {processor.py:840} INFO - DAG(s) 'example_trigger_controller_dag' retrieved from /home/airflow/.local/lib/python3.12/site-packages/airflow/example_dags/example_trigger_controller_dag.py
[2025-10-17T03:11:47.558+0000] {logging_mixin.py:188} INFO - [2025-10-17T03:11:47.558+0000] {dag.py:3096} INFO - Sync 1 DAGs
[2025-10-17T03:11:47.576+0000] {logging_mixin.py:188} INFO - [2025-10-17T03:11:47.576+0000] {dag.py:3954} INFO - Setting next_dagrun for example_trigger_controller_dag to 2021-01-01 00:00:00+00:00, run_after=2021-01-01 00:00:00+00:00
[2025-10-17T03:11:47.594+0000] {processor.py:183} INFO - Processing /home/airflow/.local/lib/python3.12/site-packages/airflow/example_dags/example_trigger_controller_dag.py took 0.065 seconds
[2025-10-17T03:12:18.216+0000] {processor.py:161} INFO - Started process (PID=2046) to work on /home/airflow/.local/lib/python3.12/site-packages/airflow/example_dags/example_trigger_controller_dag.py
[2025-10-17T03:12:18.217+0000] {processor.py:830} INFO - Processing file /home/airflow/.local/lib/python3.12/site-packages/airflow/example_dags/example_trigger_controller_dag.py for tasks to queue
[2025-10-17T03:12:18.219+0000] {logging_mixin.py:188} INFO - [2025-10-17T03:12:18.219+0000] {dagbag.py:545} INFO - Filling up the DagBag from /home/airflow/.local/lib/python3.12/site-packages/airflow/example_dags/example_trigger_controller_dag.py
[2025-10-17T03:12:18.223+0000] {processor.py:840} INFO - DAG(s) 'example_trigger_controller_dag' retrieved from /home/airflow/.local/lib/python3.12/site-packages/airflow/example_dags/example_trigger_controller_dag.py
[2025-10-17T03:12:18.253+0000] {logging_mixin.py:188} INFO - [2025-10-17T03:12:18.253+0000] {dag.py:3096} INFO - Sync 1 DAGs
[2025-10-17T03:12:18.314+0000] {logging_mixin.py:188} INFO - [2025-10-17T03:12:18.314+0000] {dag.py:3954} INFO - Setting next_dagrun for example_trigger_controller_dag to 2021-01-01 00:00:00+00:00, run_after=2021-01-01 00:00:00+00:00
[2025-10-17T03:12:18.386+0000] {processor.py:183} INFO - Processing /home/airflow/.local/lib/python3.12/site-packages/airflow/example_dags/example_trigger_controller_dag.py took 0.176 seconds
[2025-10-17T03:12:49.132+0000] {processor.py:161} INFO - Started process (PID=2105) to work on /home/airflow/.local/lib/python3.12/site-packages/airflow/example_dags/example_trigger_controller_dag.py
[2025-10-17T03:12:49.133+0000] {processor.py:830} INFO - Processing file /home/airflow/.local/lib/python3.12/site-packages/airflow/example_dags/example_trigger_controller_dag.py for tasks to queue
[2025-10-17T03:12:49.136+0000] {logging_mixin.py:188} INFO - [2025-10-17T03:12:49.136+0000] {dagbag.py:545} INFO - Filling up the DagBag from /home/airflow/.local/lib/python3.12/site-packages/airflow/example_dags/example_trigger_controller_dag.py
[2025-10-17T03:12:49.142+0000] {processor.py:840} INFO - DAG(s) 'example_trigger_controller_dag' retrieved from /home/airflow/.local/lib/python3.12/site-packages/airflow/example_dags/example_trigger_controller_dag.py
[2025-10-17T03:12:49.164+0000] {logging_mixin.py:188} INFO - [2025-10-17T03:12:49.164+0000] {dag.py:3096} INFO - Sync 1 DAGs
[2025-10-17T03:12:49.184+0000] {logging_mixin.py:188} INFO - [2025-10-17T03:12:49.184+0000] {dag.py:3954} INFO - Setting next_dagrun for example_trigger_controller_dag to 2021-01-01 00:00:00+00:00, run_after=2021-01-01 00:00:00+00:00
[2025-10-17T03:12:49.205+0000] {processor.py:183} INFO - Processing /home/airflow/.local/lib/python3.12/site-packages/airflow/example_dags/example_trigger_controller_dag.py took 0.078 seconds
[2025-10-17T03:13:19.295+0000] {processor.py:161} INFO - Started process (PID=2164) to work on /home/airflow/.local/lib/python3.12/site-packages/airflow/example_dags/example_trigger_controller_dag.py
[2025-10-17T03:13:19.296+0000] {processor.py:830} INFO - Processing file /home/airflow/.local/lib/python3.12/site-packages/airflow/example_dags/example_trigger_controller_dag.py for tasks to queue
[2025-10-17T03:13:19.298+0000] {logging_mixin.py:188} INFO - [2025-10-17T03:13:19.298+0000] {dagbag.py:545} INFO - Filling up the DagBag from /home/airflow/.local/lib/python3.12/site-packages/airflow/example_dags/example_trigger_controller_dag.py
[2025-10-17T03:13:19.303+0000] {processor.py:840} INFO - DAG(s) 'example_trigger_controller_dag' retrieved from /home/airflow/.local/lib/python3.12/site-packages/airflow/example_dags/example_trigger_controller_dag.py
[2025-10-17T03:13:19.324+0000] {logging_mixin.py:188} INFO - [2025-10-17T03:13:19.323+0000] {dag.py:3096} INFO - Sync 1 DAGs
[2025-10-17T03:13:19.345+0000] {logging_mixin.py:188} INFO - [2025-10-17T03:13:19.345+0000] {dag.py:3954} INFO - Setting next_dagrun for example_trigger_controller_dag to 2021-01-01 00:00:00+00:00, run_after=2021-01-01 00:00:00+00:00
[2025-10-17T03:13:19.367+0000] {processor.py:183} INFO - Processing /home/airflow/.local/lib/python3.12/site-packages/airflow/example_dags/example_trigger_controller_dag.py took 0.078 seconds
[2025-10-17T03:13:49.695+0000] {processor.py:161} INFO - Started process (PID=2223) to work on /home/airflow/.local/lib/python3.12/site-packages/airflow/example_dags/example_trigger_controller_dag.py
[2025-10-17T03:13:49.697+0000] {processor.py:830} INFO - Processing file /home/airflow/.local/lib/python3.12/site-packages/airflow/example_dags/example_trigger_controller_dag.py for tasks to queue
[2025-10-17T03:13:49.699+0000] {logging_mixin.py:188} INFO - [2025-10-17T03:13:49.698+0000] {dagbag.py:545} INFO - Filling up the DagBag from /home/airflow/.local/lib/python3.12/site-packages/airflow/example_dags/example_trigger_controller_dag.py
[2025-10-17T03:13:49.704+0000] {processor.py:840} INFO - DAG(s) 'example_trigger_controller_dag' retrieved from /home/airflow/.local/lib/python3.12/site-packages/airflow/example_dags/example_trigger_controller_dag.py
[2025-10-17T03:13:49.721+0000] {logging_mixin.py:188} INFO - [2025-10-17T03:13:49.721+0000] {dag.py:3096} INFO - Sync 1 DAGs
[2025-10-17T03:13:49.739+0000] {logging_mixin.py:188} INFO - [2025-10-17T03:13:49.739+0000] {dag.py:3954} INFO - Setting next_dagrun for example_trigger_controller_dag to 2021-01-01 00:00:00+00:00, run_after=2021-01-01 00:00:00+00:00
[2025-10-17T03:13:49.758+0000] {processor.py:183} INFO - Processing /home/airflow/.local/lib/python3.12/site-packages/airflow/example_dags/example_trigger_controller_dag.py took 0.068 seconds
[2025-10-17T03:14:20.680+0000] {processor.py:161} INFO - Started process (PID=2282) to work on /home/airflow/.local/lib/python3.12/site-packages/airflow/example_dags/example_trigger_controller_dag.py
[2025-10-17T03:14:20.681+0000] {processor.py:830} INFO - Processing file /home/airflow/.local/lib/python3.12/site-packages/airflow/example_dags/example_trigger_controller_dag.py for tasks to queue
[2025-10-17T03:14:20.683+0000] {logging_mixin.py:188} INFO - [2025-10-17T03:14:20.683+0000] {dagbag.py:545} INFO - Filling up the DagBag from /home/airflow/.local/lib/python3.12/site-packages/airflow/example_dags/example_trigger_controller_dag.py
[2025-10-17T03:14:20.689+0000] {processor.py:840} INFO - DAG(s) 'example_trigger_controller_dag' retrieved from /home/airflow/.local/lib/python3.12/site-packages/airflow/example_dags/example_trigger_controller_dag.py
[2025-10-17T03:14:20.708+0000] {logging_mixin.py:188} INFO - [2025-10-17T03:14:20.708+0000] {dag.py:3096} INFO - Sync 1 DAGs
[2025-10-17T03:14:20.726+0000] {logging_mixin.py:188} INFO - [2025-10-17T03:14:20.726+0000] {dag.py:3954} INFO - Setting next_dagrun for example_trigger_controller_dag to 2021-01-01 00:00:00+00:00, run_after=2021-01-01 00:00:00+00:00
[2025-10-17T03:14:20.745+0000] {processor.py:183} INFO - Processing /home/airflow/.local/lib/python3.12/site-packages/airflow/example_dags/example_trigger_controller_dag.py took 0.071 seconds
[2025-10-17T03:14:50.829+0000] {processor.py:161} INFO - Started process (PID=2341) to work on /home/airflow/.local/lib/python3.12/site-packages/airflow/example_dags/example_trigger_controller_dag.py
[2025-10-17T03:14:50.830+0000] {processor.py:830} INFO - Processing file /home/airflow/.local/lib/python3.12/site-packages/airflow/example_dags/example_trigger_controller_dag.py for tasks to queue
[2025-10-17T03:14:50.832+0000] {logging_mixin.py:188} INFO - [2025-10-17T03:14:50.832+0000] {dagbag.py:545} INFO - Filling up the DagBag from /home/airflow/.local/lib/python3.12/site-packages/airflow/example_dags/example_trigger_controller_dag.py
[2025-10-17T03:14:50.837+0000] {processor.py:840} INFO - DAG(s) 'example_trigger_controller_dag' retrieved from /home/airflow/.local/lib/python3.12/site-packages/airflow/example_dags/example_trigger_controller_dag.py
[2025-10-17T03:14:50.856+0000] {logging_mixin.py:188} INFO - [2025-10-17T03:14:50.856+0000] {dag.py:3096} INFO - Sync 1 DAGs
[2025-10-17T03:14:50.876+0000] {logging_mixin.py:188} INFO - [2025-10-17T03:14:50.876+0000] {dag.py:3954} INFO - Setting next_dagrun for example_trigger_controller_dag to 2021-01-01 00:00:00+00:00, run_after=2021-01-01 00:00:00+00:00
[2025-10-17T03:14:50.896+0000] {processor.py:183} INFO - Processing /home/airflow/.local/lib/python3.12/site-packages/airflow/example_dags/example_trigger_controller_dag.py took 0.072 seconds
[2025-10-17T03:15:21.085+0000] {processor.py:161} INFO - Started process (PID=2400) to work on /home/airflow/.local/lib/python3.12/site-packages/airflow/example_dags/example_trigger_controller_dag.py
[2025-10-17T03:15:21.086+0000] {processor.py:830} INFO - Processing file /home/airflow/.local/lib/python3.12/site-packages/airflow/example_dags/example_trigger_controller_dag.py for tasks to queue
[2025-10-17T03:15:21.088+0000] {logging_mixin.py:188} INFO - [2025-10-17T03:15:21.088+0000] {dagbag.py:545} INFO - Filling up the DagBag from /home/airflow/.local/lib/python3.12/site-packages/airflow/example_dags/example_trigger_controller_dag.py
[2025-10-17T03:15:21.092+0000] {processor.py:840} INFO - DAG(s) 'example_trigger_controller_dag' retrieved from /home/airflow/.local/lib/python3.12/site-packages/airflow/example_dags/example_trigger_controller_dag.py
[2025-10-17T03:15:21.110+0000] {logging_mixin.py:188} INFO - [2025-10-17T03:15:21.108+0000] {dag.py:3096} INFO - Sync 1 DAGs
[2025-10-17T03:15:21.127+0000] {logging_mixin.py:188} INFO - [2025-10-17T03:15:21.127+0000] {dag.py:3954} INFO - Setting next_dagrun for example_trigger_controller_dag to 2021-01-01 00:00:00+00:00, run_after=2021-01-01 00:00:00+00:00
[2025-10-17T03:15:21.148+0000] {processor.py:183} INFO - Processing /home/airflow/.local/lib/python3.12/site-packages/airflow/example_dags/example_trigger_controller_dag.py took 0.068 seconds
[2025-10-17T03:15:51.710+0000] {processor.py:161} INFO - Started process (PID=2459) to work on /home/airflow/.local/lib/python3.12/site-packages/airflow/example_dags/example_trigger_controller_dag.py
[2025-10-17T03:15:51.711+0000] {processor.py:830} INFO - Processing file /home/airflow/.local/lib/python3.12/site-packages/airflow/example_dags/example_trigger_controller_dag.py for tasks to queue
[2025-10-17T03:15:51.714+0000] {logging_mixin.py:188} INFO - [2025-10-17T03:15:51.713+0000] {dagbag.py:545} INFO - Filling up the DagBag from /home/airflow/.local/lib/python3.12/site-packages/airflow/example_dags/example_trigger_controller_dag.py
[2025-10-17T03:15:51.718+0000] {processor.py:840} INFO - DAG(s) 'example_trigger_controller_dag' retrieved from /home/airflow/.local/lib/python3.12/site-packages/airflow/example_dags/example_trigger_controller_dag.py
[2025-10-17T03:15:51.740+0000] {logging_mixin.py:188} INFO - [2025-10-17T03:15:51.740+0000] {dag.py:3096} INFO - Sync 1 DAGs
[2025-10-17T03:15:51.762+0000] {logging_mixin.py:188} INFO - [2025-10-17T03:15:51.761+0000] {dag.py:3954} INFO - Setting next_dagrun for example_trigger_controller_dag to 2021-01-01 00:00:00+00:00, run_after=2021-01-01 00:00:00+00:00
[2025-10-17T03:15:51.785+0000] {processor.py:183} INFO - Processing /home/airflow/.local/lib/python3.12/site-packages/airflow/example_dags/example_trigger_controller_dag.py took 0.089 seconds
[2025-10-17T03:16:22.248+0000] {processor.py:161} INFO - Started process (PID=2518) to work on /home/airflow/.local/lib/python3.12/site-packages/airflow/example_dags/example_trigger_controller_dag.py
[2025-10-17T03:16:22.249+0000] {processor.py:830} INFO - Processing file /home/airflow/.local/lib/python3.12/site-packages/airflow/example_dags/example_trigger_controller_dag.py for tasks to queue
[2025-10-17T03:16:22.251+0000] {logging_mixin.py:188} INFO - [2025-10-17T03:16:22.251+0000] {dagbag.py:545} INFO - Filling up the DagBag from /home/airflow/.local/lib/python3.12/site-packages/airflow/example_dags/example_trigger_controller_dag.py
[2025-10-17T03:16:22.255+0000] {processor.py:840} INFO - DAG(s) 'example_trigger_controller_dag' retrieved from /home/airflow/.local/lib/python3.12/site-packages/airflow/example_dags/example_trigger_controller_dag.py
[2025-10-17T03:16:22.272+0000] {logging_mixin.py:188} INFO - [2025-10-17T03:16:22.272+0000] {dag.py:3096} INFO - Sync 1 DAGs
[2025-10-17T03:16:22.290+0000] {logging_mixin.py:188} INFO - [2025-10-17T03:16:22.290+0000] {dag.py:3954} INFO - Setting next_dagrun for example_trigger_controller_dag to 2021-01-01 00:00:00+00:00, run_after=2021-01-01 00:00:00+00:00
[2025-10-17T03:16:22.310+0000] {processor.py:183} INFO - Processing /home/airflow/.local/lib/python3.12/site-packages/airflow/example_dags/example_trigger_controller_dag.py took 0.067 seconds
[2025-10-17T03:16:52.914+0000] {processor.py:161} INFO - Started process (PID=2577) to work on /home/airflow/.local/lib/python3.12/site-packages/airflow/example_dags/example_trigger_controller_dag.py
[2025-10-17T03:16:52.915+0000] {processor.py:830} INFO - Processing file /home/airflow/.local/lib/python3.12/site-packages/airflow/example_dags/example_trigger_controller_dag.py for tasks to queue
[2025-10-17T03:16:52.917+0000] {logging_mixin.py:188} INFO - [2025-10-17T03:16:52.917+0000] {dagbag.py:545} INFO - Filling up the DagBag from /home/airflow/.local/lib/python3.12/site-packages/airflow/example_dags/example_trigger_controller_dag.py
[2025-10-17T03:16:52.922+0000] {processor.py:840} INFO - DAG(s) 'example_trigger_controller_dag' retrieved from /home/airflow/.local/lib/python3.12/site-packages/airflow/example_dags/example_trigger_controller_dag.py
[2025-10-17T03:16:52.939+0000] {logging_mixin.py:188} INFO - [2025-10-17T03:16:52.939+0000] {dag.py:3096} INFO - Sync 1 DAGs
[2025-10-17T03:16:52.956+0000] {logging_mixin.py:188} INFO - [2025-10-17T03:16:52.956+0000] {dag.py:3954} INFO - Setting next_dagrun for example_trigger_controller_dag to 2021-01-01 00:00:00+00:00, run_after=2021-01-01 00:00:00+00:00
[2025-10-17T03:16:52.975+0000] {processor.py:183} INFO - Processing /home/airflow/.local/lib/python3.12/site-packages/airflow/example_dags/example_trigger_controller_dag.py took 0.067 seconds
[2025-10-17T03:17:23.502+0000] {processor.py:161} INFO - Started process (PID=2636) to work on /home/airflow/.local/lib/python3.12/site-packages/airflow/example_dags/example_trigger_controller_dag.py
[2025-10-17T03:17:23.504+0000] {processor.py:830} INFO - Processing file /home/airflow/.local/lib/python3.12/site-packages/airflow/example_dags/example_trigger_controller_dag.py for tasks to queue
[2025-10-17T03:17:23.506+0000] {logging_mixin.py:188} INFO - [2025-10-17T03:17:23.505+0000] {dagbag.py:545} INFO - Filling up the DagBag from /home/airflow/.local/lib/python3.12/site-packages/airflow/example_dags/example_trigger_controller_dag.py
[2025-10-17T03:17:23.510+0000] {processor.py:840} INFO - DAG(s) 'example_trigger_controller_dag' retrieved from /home/airflow/.local/lib/python3.12/site-packages/airflow/example_dags/example_trigger_controller_dag.py
[2025-10-17T03:17:23.529+0000] {logging_mixin.py:188} INFO - [2025-10-17T03:17:23.529+0000] {dag.py:3096} INFO - Sync 1 DAGs
[2025-10-17T03:17:23.550+0000] {logging_mixin.py:188} INFO - [2025-10-17T03:17:23.550+0000] {dag.py:3954} INFO - Setting next_dagrun for example_trigger_controller_dag to 2021-01-01 00:00:00+00:00, run_after=2021-01-01 00:00:00+00:00
[2025-10-17T03:17:23.570+0000] {processor.py:183} INFO - Processing /home/airflow/.local/lib/python3.12/site-packages/airflow/example_dags/example_trigger_controller_dag.py took 0.073 seconds
[2025-10-17T03:17:53.639+0000] {processor.py:161} INFO - Started process (PID=2696) to work on /home/airflow/.local/lib/python3.12/site-packages/airflow/example_dags/example_trigger_controller_dag.py
[2025-10-17T03:17:53.640+0000] {processor.py:830} INFO - Processing file /home/airflow/.local/lib/python3.12/site-packages/airflow/example_dags/example_trigger_controller_dag.py for tasks to queue
[2025-10-17T03:17:53.642+0000] {logging_mixin.py:188} INFO - [2025-10-17T03:17:53.641+0000] {dagbag.py:545} INFO - Filling up the DagBag from /home/airflow/.local/lib/python3.12/site-packages/airflow/example_dags/example_trigger_controller_dag.py
[2025-10-17T03:17:53.646+0000] {processor.py:840} INFO - DAG(s) 'example_trigger_controller_dag' retrieved from /home/airflow/.local/lib/python3.12/site-packages/airflow/example_dags/example_trigger_controller_dag.py
[2025-10-17T03:17:53.664+0000] {logging_mixin.py:188} INFO - [2025-10-17T03:17:53.663+0000] {dag.py:3096} INFO - Sync 1 DAGs
[2025-10-17T03:17:53.681+0000] {logging_mixin.py:188} INFO - [2025-10-17T03:17:53.681+0000] {dag.py:3954} INFO - Setting next_dagrun for example_trigger_controller_dag to 2021-01-01 00:00:00+00:00, run_after=2021-01-01 00:00:00+00:00
[2025-10-17T03:17:53.700+0000] {processor.py:183} INFO - Processing /home/airflow/.local/lib/python3.12/site-packages/airflow/example_dags/example_trigger_controller_dag.py took 0.067 seconds
[2025-10-17T03:18:24.538+0000] {processor.py:161} INFO - Started process (PID=2755) to work on /home/airflow/.local/lib/python3.12/site-packages/airflow/example_dags/example_trigger_controller_dag.py
[2025-10-17T03:18:24.539+0000] {processor.py:830} INFO - Processing file /home/airflow/.local/lib/python3.12/site-packages/airflow/example_dags/example_trigger_controller_dag.py for tasks to queue
[2025-10-17T03:18:24.541+0000] {logging_mixin.py:188} INFO - [2025-10-17T03:18:24.541+0000] {dagbag.py:545} INFO - Filling up the DagBag from /home/airflow/.local/lib/python3.12/site-packages/airflow/example_dags/example_trigger_controller_dag.py
[2025-10-17T03:18:24.547+0000] {processor.py:840} INFO - DAG(s) 'example_trigger_controller_dag' retrieved from /home/airflow/.local/lib/python3.12/site-packages/airflow/example_dags/example_trigger_controller_dag.py
[2025-10-17T03:18:24.570+0000] {logging_mixin.py:188} INFO - [2025-10-17T03:18:24.570+0000] {dag.py:3096} INFO - Sync 1 DAGs
[2025-10-17T03:18:24.596+0000] {logging_mixin.py:188} INFO - [2025-10-17T03:18:24.596+0000] {dag.py:3954} INFO - Setting next_dagrun for example_trigger_controller_dag to 2021-01-01 00:00:00+00:00, run_after=2021-01-01 00:00:00+00:00
[2025-10-17T03:18:24.618+0000] {processor.py:183} INFO - Processing /home/airflow/.local/lib/python3.12/site-packages/airflow/example_dags/example_trigger_controller_dag.py took 0.087 seconds
[2025-10-17T03:18:55.531+0000] {processor.py:161} INFO - Started process (PID=2814) to work on /home/airflow/.local/lib/python3.12/site-packages/airflow/example_dags/example_trigger_controller_dag.py
[2025-10-17T03:18:55.532+0000] {processor.py:830} INFO - Processing file /home/airflow/.local/lib/python3.12/site-packages/airflow/example_dags/example_trigger_controller_dag.py for tasks to queue
[2025-10-17T03:18:55.535+0000] {logging_mixin.py:188} INFO - [2025-10-17T03:18:55.534+0000] {dagbag.py:545} INFO - Filling up the DagBag from /home/airflow/.local/lib/python3.12/site-packages/airflow/example_dags/example_trigger_controller_dag.py
[2025-10-17T03:18:55.539+0000] {processor.py:840} INFO - DAG(s) 'example_trigger_controller_dag' retrieved from /home/airflow/.local/lib/python3.12/site-packages/airflow/example_dags/example_trigger_controller_dag.py
[2025-10-17T03:18:55.558+0000] {logging_mixin.py:188} INFO - [2025-10-17T03:18:55.558+0000] {dag.py:3096} INFO - Sync 1 DAGs
[2025-10-17T03:18:55.578+0000] {logging_mixin.py:188} INFO - [2025-10-17T03:18:55.578+0000] {dag.py:3954} INFO - Setting next_dagrun for example_trigger_controller_dag to 2021-01-01 00:00:00+00:00, run_after=2021-01-01 00:00:00+00:00
[2025-10-17T03:18:55.597+0000] {processor.py:183} INFO - Processing /home/airflow/.local/lib/python3.12/site-packages/airflow/example_dags/example_trigger_controller_dag.py took 0.071 seconds
[2025-10-17T03:19:25.765+0000] {processor.py:161} INFO - Started process (PID=2873) to work on /home/airflow/.local/lib/python3.12/site-packages/airflow/example_dags/example_trigger_controller_dag.py
[2025-10-17T03:19:25.766+0000] {processor.py:830} INFO - Processing file /home/airflow/.local/lib/python3.12/site-packages/airflow/example_dags/example_trigger_controller_dag.py for tasks to queue
[2025-10-17T03:19:25.768+0000] {logging_mixin.py:188} INFO - [2025-10-17T03:19:25.768+0000] {dagbag.py:545} INFO - Filling up the DagBag from /home/airflow/.local/lib/python3.12/site-packages/airflow/example_dags/example_trigger_controller_dag.py
[2025-10-17T03:19:25.772+0000] {processor.py:840} INFO - DAG(s) 'example_trigger_controller_dag' retrieved from /home/airflow/.local/lib/python3.12/site-packages/airflow/example_dags/example_trigger_controller_dag.py
[2025-10-17T03:19:25.792+0000] {logging_mixin.py:188} INFO - [2025-10-17T03:19:25.792+0000] {dag.py:3096} INFO - Sync 1 DAGs
[2025-10-17T03:19:25.811+0000] {logging_mixin.py:188} INFO - [2025-10-17T03:19:25.810+0000] {dag.py:3954} INFO - Setting next_dagrun for example_trigger_controller_dag to 2021-01-01 00:00:00+00:00, run_after=2021-01-01 00:00:00+00:00
[2025-10-17T03:19:25.831+0000] {processor.py:183} INFO - Processing /home/airflow/.local/lib/python3.12/site-packages/airflow/example_dags/example_trigger_controller_dag.py took 0.072 seconds
[2025-10-17T03:19:55.999+0000] {processor.py:161} INFO - Started process (PID=2932) to work on /home/airflow/.local/lib/python3.12/site-packages/airflow/example_dags/example_trigger_controller_dag.py
[2025-10-17T03:19:56.001+0000] {processor.py:830} INFO - Processing file /home/airflow/.local/lib/python3.12/site-packages/airflow/example_dags/example_trigger_controller_dag.py for tasks to queue
[2025-10-17T03:19:56.003+0000] {logging_mixin.py:188} INFO - [2025-10-17T03:19:56.003+0000] {dagbag.py:545} INFO - Filling up the DagBag from /home/airflow/.local/lib/python3.12/site-packages/airflow/example_dags/example_trigger_controller_dag.py
[2025-10-17T03:19:56.008+0000] {processor.py:840} INFO - DAG(s) 'example_trigger_controller_dag' retrieved from /home/airflow/.local/lib/python3.12/site-packages/airflow/example_dags/example_trigger_controller_dag.py
[2025-10-17T03:19:56.027+0000] {logging_mixin.py:188} INFO - [2025-10-17T03:19:56.027+0000] {dag.py:3096} INFO - Sync 1 DAGs
[2025-10-17T03:19:56.046+0000] {logging_mixin.py:188} INFO - [2025-10-17T03:19:56.046+0000] {dag.py:3954} INFO - Setting next_dagrun for example_trigger_controller_dag to 2021-01-01 00:00:00+00:00, run_after=2021-01-01 00:00:00+00:00
[2025-10-17T03:19:56.066+0000] {processor.py:183} INFO - Processing /home/airflow/.local/lib/python3.12/site-packages/airflow/example_dags/example_trigger_controller_dag.py took 0.072 seconds
[2025-10-17T03:20:26.321+0000] {processor.py:161} INFO - Started process (PID=2991) to work on /home/airflow/.local/lib/python3.12/site-packages/airflow/example_dags/example_trigger_controller_dag.py
[2025-10-17T03:20:26.322+0000] {processor.py:830} INFO - Processing file /home/airflow/.local/lib/python3.12/site-packages/airflow/example_dags/example_trigger_controller_dag.py for tasks to queue
[2025-10-17T03:20:26.324+0000] {logging_mixin.py:188} INFO - [2025-10-17T03:20:26.324+0000] {dagbag.py:545} INFO - Filling up the DagBag from /home/airflow/.local/lib/python3.12/site-packages/airflow/example_dags/example_trigger_controller_dag.py
[2025-10-17T03:20:26.329+0000] {processor.py:840} INFO - DAG(s) 'example_trigger_controller_dag' retrieved from /home/airflow/.local/lib/python3.12/site-packages/airflow/example_dags/example_trigger_controller_dag.py
[2025-10-17T03:20:26.346+0000] {logging_mixin.py:188} INFO - [2025-10-17T03:20:26.346+0000] {dag.py:3096} INFO - Sync 1 DAGs
[2025-10-17T03:20:26.363+0000] {logging_mixin.py:188} INFO - [2025-10-17T03:20:26.363+0000] {dag.py:3954} INFO - Setting next_dagrun for example_trigger_controller_dag to 2021-01-01 00:00:00+00:00, run_after=2021-01-01 00:00:00+00:00
[2025-10-17T03:20:26.380+0000] {processor.py:183} INFO - Processing /home/airflow/.local/lib/python3.12/site-packages/airflow/example_dags/example_trigger_controller_dag.py took 0.064 seconds
[2025-10-17T03:20:56.638+0000] {processor.py:161} INFO - Started process (PID=3050) to work on /home/airflow/.local/lib/python3.12/site-packages/airflow/example_dags/example_trigger_controller_dag.py
[2025-10-17T03:20:56.640+0000] {processor.py:830} INFO - Processing file /home/airflow/.local/lib/python3.12/site-packages/airflow/example_dags/example_trigger_controller_dag.py for tasks to queue
[2025-10-17T03:20:56.642+0000] {logging_mixin.py:188} INFO - [2025-10-17T03:20:56.642+0000] {dagbag.py:545} INFO - Filling up the DagBag from /home/airflow/.local/lib/python3.12/site-packages/airflow/example_dags/example_trigger_controller_dag.py
[2025-10-17T03:20:56.648+0000] {processor.py:840} INFO - DAG(s) 'example_trigger_controller_dag' retrieved from /home/airflow/.local/lib/python3.12/site-packages/airflow/example_dags/example_trigger_controller_dag.py
[2025-10-17T03:20:56.669+0000] {logging_mixin.py:188} INFO - [2025-10-17T03:20:56.669+0000] {dag.py:3096} INFO - Sync 1 DAGs
[2025-10-17T03:20:56.689+0000] {logging_mixin.py:188} INFO - [2025-10-17T03:20:56.688+0000] {dag.py:3954} INFO - Setting next_dagrun for example_trigger_controller_dag to 2021-01-01 00:00:00+00:00, run_after=2021-01-01 00:00:00+00:00
[2025-10-17T03:20:56.710+0000] {processor.py:183} INFO - Processing /home/airflow/.local/lib/python3.12/site-packages/airflow/example_dags/example_trigger_controller_dag.py took 0.078 seconds
[2025-10-17T03:21:26.822+0000] {processor.py:161} INFO - Started process (PID=3109) to work on /home/airflow/.local/lib/python3.12/site-packages/airflow/example_dags/example_trigger_controller_dag.py
[2025-10-17T03:21:26.823+0000] {processor.py:830} INFO - Processing file /home/airflow/.local/lib/python3.12/site-packages/airflow/example_dags/example_trigger_controller_dag.py for tasks to queue
[2025-10-17T03:21:26.825+0000] {logging_mixin.py:188} INFO - [2025-10-17T03:21:26.824+0000] {dagbag.py:545} INFO - Filling up the DagBag from /home/airflow/.local/lib/python3.12/site-packages/airflow/example_dags/example_trigger_controller_dag.py
[2025-10-17T03:21:26.829+0000] {processor.py:840} INFO - DAG(s) 'example_trigger_controller_dag' retrieved from /home/airflow/.local/lib/python3.12/site-packages/airflow/example_dags/example_trigger_controller_dag.py
[2025-10-17T03:21:26.847+0000] {logging_mixin.py:188} INFO - [2025-10-17T03:21:26.847+0000] {dag.py:3096} INFO - Sync 1 DAGs
[2025-10-17T03:21:26.866+0000] {logging_mixin.py:188} INFO - [2025-10-17T03:21:26.865+0000] {dag.py:3954} INFO - Setting next_dagrun for example_trigger_controller_dag to 2021-01-01 00:00:00+00:00, run_after=2021-01-01 00:00:00+00:00
[2025-10-17T03:21:26.881+0000] {processor.py:183} INFO - Processing /home/airflow/.local/lib/python3.12/site-packages/airflow/example_dags/example_trigger_controller_dag.py took 0.065 seconds
[2025-10-17T03:21:57.059+0000] {processor.py:161} INFO - Started process (PID=3168) to work on /home/airflow/.local/lib/python3.12/site-packages/airflow/example_dags/example_trigger_controller_dag.py
[2025-10-17T03:21:57.060+0000] {processor.py:830} INFO - Processing file /home/airflow/.local/lib/python3.12/site-packages/airflow/example_dags/example_trigger_controller_dag.py for tasks to queue
[2025-10-17T03:21:57.062+0000] {logging_mixin.py:188} INFO - [2025-10-17T03:21:57.062+0000] {dagbag.py:545} INFO - Filling up the DagBag from /home/airflow/.local/lib/python3.12/site-packages/airflow/example_dags/example_trigger_controller_dag.py
[2025-10-17T03:21:57.067+0000] {processor.py:840} INFO - DAG(s) 'example_trigger_controller_dag' retrieved from /home/airflow/.local/lib/python3.12/site-packages/airflow/example_dags/example_trigger_controller_dag.py
[2025-10-17T03:21:57.085+0000] {logging_mixin.py:188} INFO - [2025-10-17T03:21:57.084+0000] {dag.py:3096} INFO - Sync 1 DAGs
[2025-10-17T03:21:57.112+0000] {logging_mixin.py:188} INFO - [2025-10-17T03:21:57.112+0000] {dag.py:3954} INFO - Setting next_dagrun for example_trigger_controller_dag to 2021-01-01 00:00:00+00:00, run_after=2021-01-01 00:00:00+00:00
[2025-10-17T03:21:57.136+0000] {processor.py:183} INFO - Processing /home/airflow/.local/lib/python3.12/site-packages/airflow/example_dags/example_trigger_controller_dag.py took 0.081 seconds
[2025-10-17T03:22:27.838+0000] {processor.py:161} INFO - Started process (PID=3230) to work on /home/airflow/.local/lib/python3.12/site-packages/airflow/example_dags/example_trigger_controller_dag.py
[2025-10-17T03:22:27.839+0000] {processor.py:830} INFO - Processing file /home/airflow/.local/lib/python3.12/site-packages/airflow/example_dags/example_trigger_controller_dag.py for tasks to queue
[2025-10-17T03:22:27.842+0000] {logging_mixin.py:188} INFO - [2025-10-17T03:22:27.842+0000] {dagbag.py:545} INFO - Filling up the DagBag from /home/airflow/.local/lib/python3.12/site-packages/airflow/example_dags/example_trigger_controller_dag.py
[2025-10-17T03:22:27.848+0000] {processor.py:840} INFO - DAG(s) 'example_trigger_controller_dag' retrieved from /home/airflow/.local/lib/python3.12/site-packages/airflow/example_dags/example_trigger_controller_dag.py
[2025-10-17T03:22:27.869+0000] {logging_mixin.py:188} INFO - [2025-10-17T03:22:27.868+0000] {dag.py:3096} INFO - Sync 1 DAGs
[2025-10-17T03:22:27.890+0000] {logging_mixin.py:188} INFO - [2025-10-17T03:22:27.889+0000] {dag.py:3954} INFO - Setting next_dagrun for example_trigger_controller_dag to 2021-01-01 00:00:00+00:00, run_after=2021-01-01 00:00:00+00:00
[2025-10-17T03:22:27.910+0000] {processor.py:183} INFO - Processing /home/airflow/.local/lib/python3.12/site-packages/airflow/example_dags/example_trigger_controller_dag.py took 0.078 seconds
[2025-10-17T03:22:58.165+0000] {processor.py:161} INFO - Started process (PID=3289) to work on /home/airflow/.local/lib/python3.12/site-packages/airflow/example_dags/example_trigger_controller_dag.py
[2025-10-17T03:22:58.166+0000] {processor.py:830} INFO - Processing file /home/airflow/.local/lib/python3.12/site-packages/airflow/example_dags/example_trigger_controller_dag.py for tasks to queue
[2025-10-17T03:22:58.168+0000] {logging_mixin.py:188} INFO - [2025-10-17T03:22:58.167+0000] {dagbag.py:545} INFO - Filling up the DagBag from /home/airflow/.local/lib/python3.12/site-packages/airflow/example_dags/example_trigger_controller_dag.py
[2025-10-17T03:22:58.172+0000] {processor.py:840} INFO - DAG(s) 'example_trigger_controller_dag' retrieved from /home/airflow/.local/lib/python3.12/site-packages/airflow/example_dags/example_trigger_controller_dag.py
[2025-10-17T03:22:58.189+0000] {logging_mixin.py:188} INFO - [2025-10-17T03:22:58.189+0000] {dag.py:3096} INFO - Sync 1 DAGs
[2025-10-17T03:22:58.210+0000] {logging_mixin.py:188} INFO - [2025-10-17T03:22:58.209+0000] {dag.py:3954} INFO - Setting next_dagrun for example_trigger_controller_dag to 2021-01-01 00:00:00+00:00, run_after=2021-01-01 00:00:00+00:00
[2025-10-17T03:22:58.227+0000] {processor.py:183} INFO - Processing /home/airflow/.local/lib/python3.12/site-packages/airflow/example_dags/example_trigger_controller_dag.py took 0.067 seconds
[2025-10-17T03:23:28.482+0000] {processor.py:161} INFO - Started process (PID=3348) to work on /home/airflow/.local/lib/python3.12/site-packages/airflow/example_dags/example_trigger_controller_dag.py
[2025-10-17T03:23:28.483+0000] {processor.py:830} INFO - Processing file /home/airflow/.local/lib/python3.12/site-packages/airflow/example_dags/example_trigger_controller_dag.py for tasks to queue
[2025-10-17T03:23:28.485+0000] {logging_mixin.py:188} INFO - [2025-10-17T03:23:28.485+0000] {dagbag.py:545} INFO - Filling up the DagBag from /home/airflow/.local/lib/python3.12/site-packages/airflow/example_dags/example_trigger_controller_dag.py
[2025-10-17T03:23:28.490+0000] {processor.py:840} INFO - DAG(s) 'example_trigger_controller_dag' retrieved from /home/airflow/.local/lib/python3.12/site-packages/airflow/example_dags/example_trigger_controller_dag.py
[2025-10-17T03:23:28.510+0000] {logging_mixin.py:188} INFO - [2025-10-17T03:23:28.510+0000] {dag.py:3096} INFO - Sync 1 DAGs
[2025-10-17T03:23:28.532+0000] {logging_mixin.py:188} INFO - [2025-10-17T03:23:28.532+0000] {dag.py:3954} INFO - Setting next_dagrun for example_trigger_controller_dag to 2021-01-01 00:00:00+00:00, run_after=2021-01-01 00:00:00+00:00
[2025-10-17T03:23:28.551+0000] {processor.py:183} INFO - Processing /home/airflow/.local/lib/python3.12/site-packages/airflow/example_dags/example_trigger_controller_dag.py took 0.076 seconds
[2025-10-17T03:23:59.075+0000] {processor.py:161} INFO - Started process (PID=3407) to work on /home/airflow/.local/lib/python3.12/site-packages/airflow/example_dags/example_trigger_controller_dag.py
[2025-10-17T03:23:59.080+0000] {processor.py:830} INFO - Processing file /home/airflow/.local/lib/python3.12/site-packages/airflow/example_dags/example_trigger_controller_dag.py for tasks to queue
[2025-10-17T03:23:59.092+0000] {logging_mixin.py:188} INFO - [2025-10-17T03:23:59.091+0000] {dagbag.py:545} INFO - Filling up the DagBag from /home/airflow/.local/lib/python3.12/site-packages/airflow/example_dags/example_trigger_controller_dag.py
[2025-10-17T03:23:59.119+0000] {processor.py:840} INFO - DAG(s) 'example_trigger_controller_dag' retrieved from /home/airflow/.local/lib/python3.12/site-packages/airflow/example_dags/example_trigger_controller_dag.py
[2025-10-17T03:23:59.196+0000] {logging_mixin.py:188} INFO - [2025-10-17T03:23:59.195+0000] {dag.py:3096} INFO - Sync 1 DAGs
[2025-10-17T03:23:59.283+0000] {logging_mixin.py:188} INFO - [2025-10-17T03:23:59.282+0000] {dag.py:3954} INFO - Setting next_dagrun for example_trigger_controller_dag to 2021-01-01 00:00:00+00:00, run_after=2021-01-01 00:00:00+00:00
[2025-10-17T03:23:59.364+0000] {processor.py:183} INFO - Processing /home/airflow/.local/lib/python3.12/site-packages/airflow/example_dags/example_trigger_controller_dag.py took 0.309 seconds
[2025-10-17T03:24:29.615+0000] {processor.py:161} INFO - Started process (PID=3466) to work on /home/airflow/.local/lib/python3.12/site-packages/airflow/example_dags/example_trigger_controller_dag.py
[2025-10-17T03:24:29.616+0000] {processor.py:830} INFO - Processing file /home/airflow/.local/lib/python3.12/site-packages/airflow/example_dags/example_trigger_controller_dag.py for tasks to queue
[2025-10-17T03:24:29.619+0000] {logging_mixin.py:188} INFO - [2025-10-17T03:24:29.619+0000] {dagbag.py:545} INFO - Filling up the DagBag from /home/airflow/.local/lib/python3.12/site-packages/airflow/example_dags/example_trigger_controller_dag.py
[2025-10-17T03:24:29.626+0000] {processor.py:840} INFO - DAG(s) 'example_trigger_controller_dag' retrieved from /home/airflow/.local/lib/python3.12/site-packages/airflow/example_dags/example_trigger_controller_dag.py
[2025-10-17T03:24:29.656+0000] {logging_mixin.py:188} INFO - [2025-10-17T03:24:29.656+0000] {dag.py:3096} INFO - Sync 1 DAGs
[2025-10-17T03:24:29.680+0000] {logging_mixin.py:188} INFO - [2025-10-17T03:24:29.680+0000] {dag.py:3954} INFO - Setting next_dagrun for example_trigger_controller_dag to 2021-01-01 00:00:00+00:00, run_after=2021-01-01 00:00:00+00:00
[2025-10-17T03:24:29.699+0000] {processor.py:183} INFO - Processing /home/airflow/.local/lib/python3.12/site-packages/airflow/example_dags/example_trigger_controller_dag.py took 0.093 seconds
[2025-10-17T03:24:59.869+0000] {processor.py:161} INFO - Started process (PID=3525) to work on /home/airflow/.local/lib/python3.12/site-packages/airflow/example_dags/example_trigger_controller_dag.py
[2025-10-17T03:24:59.870+0000] {processor.py:830} INFO - Processing file /home/airflow/.local/lib/python3.12/site-packages/airflow/example_dags/example_trigger_controller_dag.py for tasks to queue
[2025-10-17T03:24:59.872+0000] {logging_mixin.py:188} INFO - [2025-10-17T03:24:59.871+0000] {dagbag.py:545} INFO - Filling up the DagBag from /home/airflow/.local/lib/python3.12/site-packages/airflow/example_dags/example_trigger_controller_dag.py
[2025-10-17T03:24:59.878+0000] {processor.py:840} INFO - DAG(s) 'example_trigger_controller_dag' retrieved from /home/airflow/.local/lib/python3.12/site-packages/airflow/example_dags/example_trigger_controller_dag.py
[2025-10-17T03:24:59.896+0000] {logging_mixin.py:188} INFO - [2025-10-17T03:24:59.896+0000] {dag.py:3096} INFO - Sync 1 DAGs
[2025-10-17T03:24:59.916+0000] {logging_mixin.py:188} INFO - [2025-10-17T03:24:59.916+0000] {dag.py:3954} INFO - Setting next_dagrun for example_trigger_controller_dag to 2021-01-01 00:00:00+00:00, run_after=2021-01-01 00:00:00+00:00
[2025-10-17T03:24:59.939+0000] {processor.py:183} INFO - Processing /home/airflow/.local/lib/python3.12/site-packages/airflow/example_dags/example_trigger_controller_dag.py took 0.075 seconds
[2025-10-17T03:25:30.087+0000] {processor.py:161} INFO - Started process (PID=3584) to work on /home/airflow/.local/lib/python3.12/site-packages/airflow/example_dags/example_trigger_controller_dag.py
[2025-10-17T03:25:30.089+0000] {processor.py:830} INFO - Processing file /home/airflow/.local/lib/python3.12/site-packages/airflow/example_dags/example_trigger_controller_dag.py for tasks to queue
[2025-10-17T03:25:30.090+0000] {logging_mixin.py:188} INFO - [2025-10-17T03:25:30.090+0000] {dagbag.py:545} INFO - Filling up the DagBag from /home/airflow/.local/lib/python3.12/site-packages/airflow/example_dags/example_trigger_controller_dag.py
[2025-10-17T03:25:30.095+0000] {processor.py:840} INFO - DAG(s) 'example_trigger_controller_dag' retrieved from /home/airflow/.local/lib/python3.12/site-packages/airflow/example_dags/example_trigger_controller_dag.py
[2025-10-17T03:25:30.116+0000] {logging_mixin.py:188} INFO - [2025-10-17T03:25:30.116+0000] {dag.py:3096} INFO - Sync 1 DAGs
[2025-10-17T03:25:30.135+0000] {logging_mixin.py:188} INFO - [2025-10-17T03:25:30.135+0000] {dag.py:3954} INFO - Setting next_dagrun for example_trigger_controller_dag to 2021-01-01 00:00:00+00:00, run_after=2021-01-01 00:00:00+00:00
[2025-10-17T03:25:30.154+0000] {processor.py:183} INFO - Processing /home/airflow/.local/lib/python3.12/site-packages/airflow/example_dags/example_trigger_controller_dag.py took 0.072 seconds
[2025-10-17T03:26:00.780+0000] {processor.py:161} INFO - Started process (PID=3643) to work on /home/airflow/.local/lib/python3.12/site-packages/airflow/example_dags/example_trigger_controller_dag.py
[2025-10-17T03:26:00.781+0000] {processor.py:830} INFO - Processing file /home/airflow/.local/lib/python3.12/site-packages/airflow/example_dags/example_trigger_controller_dag.py for tasks to queue
[2025-10-17T03:26:00.783+0000] {logging_mixin.py:188} INFO - [2025-10-17T03:26:00.783+0000] {dagbag.py:545} INFO - Filling up the DagBag from /home/airflow/.local/lib/python3.12/site-packages/airflow/example_dags/example_trigger_controller_dag.py
[2025-10-17T03:26:00.788+0000] {processor.py:840} INFO - DAG(s) 'example_trigger_controller_dag' retrieved from /home/airflow/.local/lib/python3.12/site-packages/airflow/example_dags/example_trigger_controller_dag.py
[2025-10-17T03:26:00.805+0000] {logging_mixin.py:188} INFO - [2025-10-17T03:26:00.805+0000] {dag.py:3096} INFO - Sync 1 DAGs
[2025-10-17T03:26:00.825+0000] {logging_mixin.py:188} INFO - [2025-10-17T03:26:00.825+0000] {dag.py:3954} INFO - Setting next_dagrun for example_trigger_controller_dag to 2021-01-01 00:00:00+00:00, run_after=2021-01-01 00:00:00+00:00
[2025-10-17T03:26:00.845+0000] {processor.py:183} INFO - Processing /home/airflow/.local/lib/python3.12/site-packages/airflow/example_dags/example_trigger_controller_dag.py took 0.070 seconds
[2025-10-17T03:26:30.988+0000] {processor.py:161} INFO - Started process (PID=3702) to work on /home/airflow/.local/lib/python3.12/site-packages/airflow/example_dags/example_trigger_controller_dag.py
[2025-10-17T03:26:30.989+0000] {processor.py:830} INFO - Processing file /home/airflow/.local/lib/python3.12/site-packages/airflow/example_dags/example_trigger_controller_dag.py for tasks to queue
[2025-10-17T03:26:30.992+0000] {logging_mixin.py:188} INFO - [2025-10-17T03:26:30.991+0000] {dagbag.py:545} INFO - Filling up the DagBag from /home/airflow/.local/lib/python3.12/site-packages/airflow/example_dags/example_trigger_controller_dag.py
[2025-10-17T03:26:30.997+0000] {processor.py:840} INFO - DAG(s) 'example_trigger_controller_dag' retrieved from /home/airflow/.local/lib/python3.12/site-packages/airflow/example_dags/example_trigger_controller_dag.py
[2025-10-17T03:26:31.015+0000] {logging_mixin.py:188} INFO - [2025-10-17T03:26:31.015+0000] {dag.py:3096} INFO - Sync 1 DAGs
[2025-10-17T03:26:31.034+0000] {logging_mixin.py:188} INFO - [2025-10-17T03:26:31.033+0000] {dag.py:3954} INFO - Setting next_dagrun for example_trigger_controller_dag to 2021-01-01 00:00:00+00:00, run_after=2021-01-01 00:00:00+00:00
[2025-10-17T03:26:31.052+0000] {processor.py:183} INFO - Processing /home/airflow/.local/lib/python3.12/site-packages/airflow/example_dags/example_trigger_controller_dag.py took 0.071 seconds
[2025-10-17T03:27:01.311+0000] {processor.py:161} INFO - Started process (PID=3761) to work on /home/airflow/.local/lib/python3.12/site-packages/airflow/example_dags/example_trigger_controller_dag.py
[2025-10-17T03:27:01.312+0000] {processor.py:830} INFO - Processing file /home/airflow/.local/lib/python3.12/site-packages/airflow/example_dags/example_trigger_controller_dag.py for tasks to queue
[2025-10-17T03:27:01.313+0000] {logging_mixin.py:188} INFO - [2025-10-17T03:27:01.313+0000] {dagbag.py:545} INFO - Filling up the DagBag from /home/airflow/.local/lib/python3.12/site-packages/airflow/example_dags/example_trigger_controller_dag.py
[2025-10-17T03:27:01.318+0000] {processor.py:840} INFO - DAG(s) 'example_trigger_controller_dag' retrieved from /home/airflow/.local/lib/python3.12/site-packages/airflow/example_dags/example_trigger_controller_dag.py
[2025-10-17T03:27:01.336+0000] {logging_mixin.py:188} INFO - [2025-10-17T03:27:01.336+0000] {dag.py:3096} INFO - Sync 1 DAGs
[2025-10-17T03:27:01.355+0000] {logging_mixin.py:188} INFO - [2025-10-17T03:27:01.355+0000] {dag.py:3954} INFO - Setting next_dagrun for example_trigger_controller_dag to 2021-01-01 00:00:00+00:00, run_after=2021-01-01 00:00:00+00:00
[2025-10-17T03:27:01.373+0000] {processor.py:183} INFO - Processing /home/airflow/.local/lib/python3.12/site-packages/airflow/example_dags/example_trigger_controller_dag.py took 0.067 seconds
[2025-10-17T03:27:31.780+0000] {processor.py:161} INFO - Started process (PID=3820) to work on /home/airflow/.local/lib/python3.12/site-packages/airflow/example_dags/example_trigger_controller_dag.py
[2025-10-17T03:27:31.781+0000] {processor.py:830} INFO - Processing file /home/airflow/.local/lib/python3.12/site-packages/airflow/example_dags/example_trigger_controller_dag.py for tasks to queue
[2025-10-17T03:27:31.783+0000] {logging_mixin.py:188} INFO - [2025-10-17T03:27:31.783+0000] {dagbag.py:545} INFO - Filling up the DagBag from /home/airflow/.local/lib/python3.12/site-packages/airflow/example_dags/example_trigger_controller_dag.py
[2025-10-17T03:27:31.787+0000] {processor.py:840} INFO - DAG(s) 'example_trigger_controller_dag' retrieved from /home/airflow/.local/lib/python3.12/site-packages/airflow/example_dags/example_trigger_controller_dag.py
[2025-10-17T03:27:31.805+0000] {logging_mixin.py:188} INFO - [2025-10-17T03:27:31.804+0000] {dag.py:3096} INFO - Sync 1 DAGs
[2025-10-17T03:27:31.831+0000] {logging_mixin.py:188} INFO - [2025-10-17T03:27:31.830+0000] {dag.py:3954} INFO - Setting next_dagrun for example_trigger_controller_dag to 2021-01-01 00:00:00+00:00, run_after=2021-01-01 00:00:00+00:00
[2025-10-17T03:27:31.846+0000] {processor.py:183} INFO - Processing /home/airflow/.local/lib/python3.12/site-packages/airflow/example_dags/example_trigger_controller_dag.py took 0.072 seconds
[2025-10-17T03:28:02.139+0000] {processor.py:161} INFO - Started process (PID=3879) to work on /home/airflow/.local/lib/python3.12/site-packages/airflow/example_dags/example_trigger_controller_dag.py
[2025-10-17T03:28:02.140+0000] {processor.py:830} INFO - Processing file /home/airflow/.local/lib/python3.12/site-packages/airflow/example_dags/example_trigger_controller_dag.py for tasks to queue
[2025-10-17T03:28:02.142+0000] {logging_mixin.py:188} INFO - [2025-10-17T03:28:02.142+0000] {dagbag.py:545} INFO - Filling up the DagBag from /home/airflow/.local/lib/python3.12/site-packages/airflow/example_dags/example_trigger_controller_dag.py
[2025-10-17T03:28:02.147+0000] {processor.py:840} INFO - DAG(s) 'example_trigger_controller_dag' retrieved from /home/airflow/.local/lib/python3.12/site-packages/airflow/example_dags/example_trigger_controller_dag.py
[2025-10-17T03:28:02.165+0000] {logging_mixin.py:188} INFO - [2025-10-17T03:28:02.165+0000] {dag.py:3096} INFO - Sync 1 DAGs
[2025-10-17T03:28:02.183+0000] {logging_mixin.py:188} INFO - [2025-10-17T03:28:02.182+0000] {dag.py:3954} INFO - Setting next_dagrun for example_trigger_controller_dag to 2021-01-01 00:00:00+00:00, run_after=2021-01-01 00:00:00+00:00
[2025-10-17T03:28:02.200+0000] {processor.py:183} INFO - Processing /home/airflow/.local/lib/python3.12/site-packages/airflow/example_dags/example_trigger_controller_dag.py took 0.067 seconds
[2025-10-17T03:28:32.255+0000] {processor.py:161} INFO - Started process (PID=3938) to work on /home/airflow/.local/lib/python3.12/site-packages/airflow/example_dags/example_trigger_controller_dag.py
[2025-10-17T03:28:32.256+0000] {processor.py:830} INFO - Processing file /home/airflow/.local/lib/python3.12/site-packages/airflow/example_dags/example_trigger_controller_dag.py for tasks to queue
[2025-10-17T03:28:32.258+0000] {logging_mixin.py:188} INFO - [2025-10-17T03:28:32.258+0000] {dagbag.py:545} INFO - Filling up the DagBag from /home/airflow/.local/lib/python3.12/site-packages/airflow/example_dags/example_trigger_controller_dag.py
[2025-10-17T03:28:32.262+0000] {processor.py:840} INFO - DAG(s) 'example_trigger_controller_dag' retrieved from /home/airflow/.local/lib/python3.12/site-packages/airflow/example_dags/example_trigger_controller_dag.py
[2025-10-17T03:28:32.282+0000] {logging_mixin.py:188} INFO - [2025-10-17T03:28:32.282+0000] {dag.py:3096} INFO - Sync 1 DAGs
[2025-10-17T03:28:32.299+0000] {logging_mixin.py:188} INFO - [2025-10-17T03:28:32.299+0000] {dag.py:3954} INFO - Setting next_dagrun for example_trigger_controller_dag to 2021-01-01 00:00:00+00:00, run_after=2021-01-01 00:00:00+00:00
[2025-10-17T03:28:32.318+0000] {processor.py:183} INFO - Processing /home/airflow/.local/lib/python3.12/site-packages/airflow/example_dags/example_trigger_controller_dag.py took 0.068 seconds
[2025-10-17T03:29:02.618+0000] {processor.py:161} INFO - Started process (PID=3997) to work on /home/airflow/.local/lib/python3.12/site-packages/airflow/example_dags/example_trigger_controller_dag.py
[2025-10-17T03:29:02.619+0000] {processor.py:830} INFO - Processing file /home/airflow/.local/lib/python3.12/site-packages/airflow/example_dags/example_trigger_controller_dag.py for tasks to queue
[2025-10-17T03:29:02.621+0000] {logging_mixin.py:188} INFO - [2025-10-17T03:29:02.621+0000] {dagbag.py:545} INFO - Filling up the DagBag from /home/airflow/.local/lib/python3.12/site-packages/airflow/example_dags/example_trigger_controller_dag.py
[2025-10-17T03:29:02.626+0000] {processor.py:840} INFO - DAG(s) 'example_trigger_controller_dag' retrieved from /home/airflow/.local/lib/python3.12/site-packages/airflow/example_dags/example_trigger_controller_dag.py
[2025-10-17T03:29:02.643+0000] {logging_mixin.py:188} INFO - [2025-10-17T03:29:02.642+0000] {dag.py:3096} INFO - Sync 1 DAGs
[2025-10-17T03:29:02.661+0000] {logging_mixin.py:188} INFO - [2025-10-17T03:29:02.661+0000] {dag.py:3954} INFO - Setting next_dagrun for example_trigger_controller_dag to 2021-01-01 00:00:00+00:00, run_after=2021-01-01 00:00:00+00:00
[2025-10-17T03:29:02.679+0000] {processor.py:183} INFO - Processing /home/airflow/.local/lib/python3.12/site-packages/airflow/example_dags/example_trigger_controller_dag.py took 0.066 seconds
[2025-10-17T03:29:33.424+0000] {processor.py:161} INFO - Started process (PID=4056) to work on /home/airflow/.local/lib/python3.12/site-packages/airflow/example_dags/example_trigger_controller_dag.py
[2025-10-17T03:29:33.425+0000] {processor.py:830} INFO - Processing file /home/airflow/.local/lib/python3.12/site-packages/airflow/example_dags/example_trigger_controller_dag.py for tasks to queue
[2025-10-17T03:29:33.427+0000] {logging_mixin.py:188} INFO - [2025-10-17T03:29:33.427+0000] {dagbag.py:545} INFO - Filling up the DagBag from /home/airflow/.local/lib/python3.12/site-packages/airflow/example_dags/example_trigger_controller_dag.py
[2025-10-17T03:29:33.432+0000] {processor.py:840} INFO - DAG(s) 'example_trigger_controller_dag' retrieved from /home/airflow/.local/lib/python3.12/site-packages/airflow/example_dags/example_trigger_controller_dag.py
[2025-10-17T03:29:33.450+0000] {logging_mixin.py:188} INFO - [2025-10-17T03:29:33.449+0000] {dag.py:3096} INFO - Sync 1 DAGs
[2025-10-17T03:29:33.467+0000] {logging_mixin.py:188} INFO - [2025-10-17T03:29:33.467+0000] {dag.py:3954} INFO - Setting next_dagrun for example_trigger_controller_dag to 2021-01-01 00:00:00+00:00, run_after=2021-01-01 00:00:00+00:00
[2025-10-17T03:29:33.482+0000] {processor.py:183} INFO - Processing /home/airflow/.local/lib/python3.12/site-packages/airflow/example_dags/example_trigger_controller_dag.py took 0.063 seconds
[2025-10-17T03:30:03.533+0000] {processor.py:161} INFO - Started process (PID=4115) to work on /home/airflow/.local/lib/python3.12/site-packages/airflow/example_dags/example_trigger_controller_dag.py
[2025-10-17T03:30:03.535+0000] {processor.py:830} INFO - Processing file /home/airflow/.local/lib/python3.12/site-packages/airflow/example_dags/example_trigger_controller_dag.py for tasks to queue
[2025-10-17T03:30:03.537+0000] {logging_mixin.py:188} INFO - [2025-10-17T03:30:03.536+0000] {dagbag.py:545} INFO - Filling up the DagBag from /home/airflow/.local/lib/python3.12/site-packages/airflow/example_dags/example_trigger_controller_dag.py
[2025-10-17T03:30:03.542+0000] {processor.py:840} INFO - DAG(s) 'example_trigger_controller_dag' retrieved from /home/airflow/.local/lib/python3.12/site-packages/airflow/example_dags/example_trigger_controller_dag.py
[2025-10-17T03:30:03.561+0000] {logging_mixin.py:188} INFO - [2025-10-17T03:30:03.561+0000] {dag.py:3096} INFO - Sync 1 DAGs
[2025-10-17T03:30:03.582+0000] {logging_mixin.py:188} INFO - [2025-10-17T03:30:03.582+0000] {dag.py:3954} INFO - Setting next_dagrun for example_trigger_controller_dag to 2021-01-01 00:00:00+00:00, run_after=2021-01-01 00:00:00+00:00
[2025-10-17T03:30:03.603+0000] {processor.py:183} INFO - Processing /home/airflow/.local/lib/python3.12/site-packages/airflow/example_dags/example_trigger_controller_dag.py took 0.076 seconds
[2025-10-17T03:30:33.665+0000] {processor.py:161} INFO - Started process (PID=4174) to work on /home/airflow/.local/lib/python3.12/site-packages/airflow/example_dags/example_trigger_controller_dag.py
[2025-10-17T03:30:33.666+0000] {processor.py:830} INFO - Processing file /home/airflow/.local/lib/python3.12/site-packages/airflow/example_dags/example_trigger_controller_dag.py for tasks to queue
[2025-10-17T03:30:33.668+0000] {logging_mixin.py:188} INFO - [2025-10-17T03:30:33.668+0000] {dagbag.py:545} INFO - Filling up the DagBag from /home/airflow/.local/lib/python3.12/site-packages/airflow/example_dags/example_trigger_controller_dag.py
[2025-10-17T03:30:33.672+0000] {processor.py:840} INFO - DAG(s) 'example_trigger_controller_dag' retrieved from /home/airflow/.local/lib/python3.12/site-packages/airflow/example_dags/example_trigger_controller_dag.py
[2025-10-17T03:30:33.690+0000] {logging_mixin.py:188} INFO - [2025-10-17T03:30:33.690+0000] {dag.py:3096} INFO - Sync 1 DAGs
[2025-10-17T03:30:33.712+0000] {logging_mixin.py:188} INFO - [2025-10-17T03:30:33.712+0000] {dag.py:3954} INFO - Setting next_dagrun for example_trigger_controller_dag to 2021-01-01 00:00:00+00:00, run_after=2021-01-01 00:00:00+00:00
[2025-10-17T03:30:33.731+0000] {processor.py:183} INFO - Processing /home/airflow/.local/lib/python3.12/site-packages/airflow/example_dags/example_trigger_controller_dag.py took 0.072 seconds
[2025-10-17T03:31:03.852+0000] {processor.py:161} INFO - Started process (PID=4233) to work on /home/airflow/.local/lib/python3.12/site-packages/airflow/example_dags/example_trigger_controller_dag.py
[2025-10-17T03:31:03.854+0000] {processor.py:830} INFO - Processing file /home/airflow/.local/lib/python3.12/site-packages/airflow/example_dags/example_trigger_controller_dag.py for tasks to queue
[2025-10-17T03:31:03.855+0000] {logging_mixin.py:188} INFO - [2025-10-17T03:31:03.855+0000] {dagbag.py:545} INFO - Filling up the DagBag from /home/airflow/.local/lib/python3.12/site-packages/airflow/example_dags/example_trigger_controller_dag.py
[2025-10-17T03:31:03.860+0000] {processor.py:840} INFO - DAG(s) 'example_trigger_controller_dag' retrieved from /home/airflow/.local/lib/python3.12/site-packages/airflow/example_dags/example_trigger_controller_dag.py
[2025-10-17T03:31:03.877+0000] {logging_mixin.py:188} INFO - [2025-10-17T03:31:03.877+0000] {dag.py:3096} INFO - Sync 1 DAGs
[2025-10-17T03:31:03.895+0000] {logging_mixin.py:188} INFO - [2025-10-17T03:31:03.894+0000] {dag.py:3954} INFO - Setting next_dagrun for example_trigger_controller_dag to 2021-01-01 00:00:00+00:00, run_after=2021-01-01 00:00:00+00:00
[2025-10-17T03:31:03.915+0000] {processor.py:183} INFO - Processing /home/airflow/.local/lib/python3.12/site-packages/airflow/example_dags/example_trigger_controller_dag.py took 0.068 seconds
[2025-10-17T03:31:34.472+0000] {processor.py:161} INFO - Started process (PID=4292) to work on /home/airflow/.local/lib/python3.12/site-packages/airflow/example_dags/example_trigger_controller_dag.py
[2025-10-17T03:31:34.473+0000] {processor.py:830} INFO - Processing file /home/airflow/.local/lib/python3.12/site-packages/airflow/example_dags/example_trigger_controller_dag.py for tasks to queue
[2025-10-17T03:31:34.475+0000] {logging_mixin.py:188} INFO - [2025-10-17T03:31:34.475+0000] {dagbag.py:545} INFO - Filling up the DagBag from /home/airflow/.local/lib/python3.12/site-packages/airflow/example_dags/example_trigger_controller_dag.py
[2025-10-17T03:31:34.479+0000] {processor.py:840} INFO - DAG(s) 'example_trigger_controller_dag' retrieved from /home/airflow/.local/lib/python3.12/site-packages/airflow/example_dags/example_trigger_controller_dag.py
[2025-10-17T03:31:34.496+0000] {logging_mixin.py:188} INFO - [2025-10-17T03:31:34.496+0000] {dag.py:3096} INFO - Sync 1 DAGs
[2025-10-17T03:31:34.514+0000] {logging_mixin.py:188} INFO - [2025-10-17T03:31:34.513+0000] {dag.py:3954} INFO - Setting next_dagrun for example_trigger_controller_dag to 2021-01-01 00:00:00+00:00, run_after=2021-01-01 00:00:00+00:00
[2025-10-17T03:31:34.530+0000] {processor.py:183} INFO - Processing /home/airflow/.local/lib/python3.12/site-packages/airflow/example_dags/example_trigger_controller_dag.py took 0.063 seconds
[2025-10-17T03:32:05.013+0000] {processor.py:161} INFO - Started process (PID=4351) to work on /home/airflow/.local/lib/python3.12/site-packages/airflow/example_dags/example_trigger_controller_dag.py
[2025-10-17T03:32:05.014+0000] {processor.py:830} INFO - Processing file /home/airflow/.local/lib/python3.12/site-packages/airflow/example_dags/example_trigger_controller_dag.py for tasks to queue
[2025-10-17T03:32:05.016+0000] {logging_mixin.py:188} INFO - [2025-10-17T03:32:05.015+0000] {dagbag.py:545} INFO - Filling up the DagBag from /home/airflow/.local/lib/python3.12/site-packages/airflow/example_dags/example_trigger_controller_dag.py
[2025-10-17T03:32:05.020+0000] {processor.py:840} INFO - DAG(s) 'example_trigger_controller_dag' retrieved from /home/airflow/.local/lib/python3.12/site-packages/airflow/example_dags/example_trigger_controller_dag.py
[2025-10-17T03:32:05.037+0000] {logging_mixin.py:188} INFO - [2025-10-17T03:32:05.037+0000] {dag.py:3096} INFO - Sync 1 DAGs
[2025-10-17T03:32:05.054+0000] {logging_mixin.py:188} INFO - [2025-10-17T03:32:05.054+0000] {dag.py:3954} INFO - Setting next_dagrun for example_trigger_controller_dag to 2021-01-01 00:00:00+00:00, run_after=2021-01-01 00:00:00+00:00
[2025-10-17T03:32:05.068+0000] {processor.py:183} INFO - Processing /home/airflow/.local/lib/python3.12/site-packages/airflow/example_dags/example_trigger_controller_dag.py took 0.061 seconds
[2025-10-17T03:32:35.315+0000] {processor.py:161} INFO - Started process (PID=4410) to work on /home/airflow/.local/lib/python3.12/site-packages/airflow/example_dags/example_trigger_controller_dag.py
[2025-10-17T03:32:35.316+0000] {processor.py:830} INFO - Processing file /home/airflow/.local/lib/python3.12/site-packages/airflow/example_dags/example_trigger_controller_dag.py for tasks to queue
[2025-10-17T03:32:35.318+0000] {logging_mixin.py:188} INFO - [2025-10-17T03:32:35.318+0000] {dagbag.py:545} INFO - Filling up the DagBag from /home/airflow/.local/lib/python3.12/site-packages/airflow/example_dags/example_trigger_controller_dag.py
[2025-10-17T03:32:35.323+0000] {processor.py:840} INFO - DAG(s) 'example_trigger_controller_dag' retrieved from /home/airflow/.local/lib/python3.12/site-packages/airflow/example_dags/example_trigger_controller_dag.py
[2025-10-17T03:32:35.344+0000] {logging_mixin.py:188} INFO - [2025-10-17T03:32:35.343+0000] {dag.py:3096} INFO - Sync 1 DAGs
[2025-10-17T03:32:35.363+0000] {logging_mixin.py:188} INFO - [2025-10-17T03:32:35.362+0000] {dag.py:3954} INFO - Setting next_dagrun for example_trigger_controller_dag to 2021-01-01 00:00:00+00:00, run_after=2021-01-01 00:00:00+00:00
[2025-10-17T03:32:35.382+0000] {processor.py:183} INFO - Processing /home/airflow/.local/lib/python3.12/site-packages/airflow/example_dags/example_trigger_controller_dag.py took 0.073 seconds
[2025-10-17T03:33:05.728+0000] {processor.py:161} INFO - Started process (PID=4469) to work on /home/airflow/.local/lib/python3.12/site-packages/airflow/example_dags/example_trigger_controller_dag.py
[2025-10-17T03:33:05.729+0000] {processor.py:830} INFO - Processing file /home/airflow/.local/lib/python3.12/site-packages/airflow/example_dags/example_trigger_controller_dag.py for tasks to queue
[2025-10-17T03:33:05.731+0000] {logging_mixin.py:188} INFO - [2025-10-17T03:33:05.731+0000] {dagbag.py:545} INFO - Filling up the DagBag from /home/airflow/.local/lib/python3.12/site-packages/airflow/example_dags/example_trigger_controller_dag.py
[2025-10-17T03:33:05.736+0000] {processor.py:840} INFO - DAG(s) 'example_trigger_controller_dag' retrieved from /home/airflow/.local/lib/python3.12/site-packages/airflow/example_dags/example_trigger_controller_dag.py
[2025-10-17T03:33:05.757+0000] {logging_mixin.py:188} INFO - [2025-10-17T03:33:05.757+0000] {dag.py:3096} INFO - Sync 1 DAGs
[2025-10-17T03:33:05.778+0000] {logging_mixin.py:188} INFO - [2025-10-17T03:33:05.777+0000] {dag.py:3954} INFO - Setting next_dagrun for example_trigger_controller_dag to 2021-01-01 00:00:00+00:00, run_after=2021-01-01 00:00:00+00:00
[2025-10-17T03:33:05.793+0000] {processor.py:183} INFO - Processing /home/airflow/.local/lib/python3.12/site-packages/airflow/example_dags/example_trigger_controller_dag.py took 0.071 seconds
[2025-10-17T03:33:36.341+0000] {processor.py:161} INFO - Started process (PID=4528) to work on /home/airflow/.local/lib/python3.12/site-packages/airflow/example_dags/example_trigger_controller_dag.py
[2025-10-17T03:33:36.342+0000] {processor.py:830} INFO - Processing file /home/airflow/.local/lib/python3.12/site-packages/airflow/example_dags/example_trigger_controller_dag.py for tasks to queue
[2025-10-17T03:33:36.345+0000] {logging_mixin.py:188} INFO - [2025-10-17T03:33:36.345+0000] {dagbag.py:545} INFO - Filling up the DagBag from /home/airflow/.local/lib/python3.12/site-packages/airflow/example_dags/example_trigger_controller_dag.py
[2025-10-17T03:33:36.351+0000] {processor.py:840} INFO - DAG(s) 'example_trigger_controller_dag' retrieved from /home/airflow/.local/lib/python3.12/site-packages/airflow/example_dags/example_trigger_controller_dag.py
[2025-10-17T03:33:36.369+0000] {logging_mixin.py:188} INFO - [2025-10-17T03:33:36.369+0000] {dag.py:3096} INFO - Sync 1 DAGs
[2025-10-17T03:33:36.388+0000] {logging_mixin.py:188} INFO - [2025-10-17T03:33:36.387+0000] {dag.py:3954} INFO - Setting next_dagrun for example_trigger_controller_dag to 2021-01-01 00:00:00+00:00, run_after=2021-01-01 00:00:00+00:00
[2025-10-17T03:33:36.404+0000] {processor.py:183} INFO - Processing /home/airflow/.local/lib/python3.12/site-packages/airflow/example_dags/example_trigger_controller_dag.py took 0.069 seconds
[2025-10-17T03:34:07.343+0000] {processor.py:161} INFO - Started process (PID=4587) to work on /home/airflow/.local/lib/python3.12/site-packages/airflow/example_dags/example_trigger_controller_dag.py
[2025-10-17T03:34:07.344+0000] {processor.py:830} INFO - Processing file /home/airflow/.local/lib/python3.12/site-packages/airflow/example_dags/example_trigger_controller_dag.py for tasks to queue
[2025-10-17T03:34:07.346+0000] {logging_mixin.py:188} INFO - [2025-10-17T03:34:07.346+0000] {dagbag.py:545} INFO - Filling up the DagBag from /home/airflow/.local/lib/python3.12/site-packages/airflow/example_dags/example_trigger_controller_dag.py
[2025-10-17T03:34:07.351+0000] {processor.py:840} INFO - DAG(s) 'example_trigger_controller_dag' retrieved from /home/airflow/.local/lib/python3.12/site-packages/airflow/example_dags/example_trigger_controller_dag.py
[2025-10-17T03:34:07.370+0000] {logging_mixin.py:188} INFO - [2025-10-17T03:34:07.370+0000] {dag.py:3096} INFO - Sync 1 DAGs
[2025-10-17T03:34:07.390+0000] {logging_mixin.py:188} INFO - [2025-10-17T03:34:07.390+0000] {dag.py:3954} INFO - Setting next_dagrun for example_trigger_controller_dag to 2021-01-01 00:00:00+00:00, run_after=2021-01-01 00:00:00+00:00
[2025-10-17T03:34:07.407+0000] {processor.py:183} INFO - Processing /home/airflow/.local/lib/python3.12/site-packages/airflow/example_dags/example_trigger_controller_dag.py took 0.069 seconds
[2025-10-17T03:34:37.714+0000] {processor.py:161} INFO - Started process (PID=4646) to work on /home/airflow/.local/lib/python3.12/site-packages/airflow/example_dags/example_trigger_controller_dag.py
[2025-10-17T03:34:37.715+0000] {processor.py:830} INFO - Processing file /home/airflow/.local/lib/python3.12/site-packages/airflow/example_dags/example_trigger_controller_dag.py for tasks to queue
[2025-10-17T03:34:37.717+0000] {logging_mixin.py:188} INFO - [2025-10-17T03:34:37.716+0000] {dagbag.py:545} INFO - Filling up the DagBag from /home/airflow/.local/lib/python3.12/site-packages/airflow/example_dags/example_trigger_controller_dag.py
[2025-10-17T03:34:37.722+0000] {processor.py:840} INFO - DAG(s) 'example_trigger_controller_dag' retrieved from /home/airflow/.local/lib/python3.12/site-packages/airflow/example_dags/example_trigger_controller_dag.py
[2025-10-17T03:34:37.739+0000] {logging_mixin.py:188} INFO - [2025-10-17T03:34:37.739+0000] {dag.py:3096} INFO - Sync 1 DAGs
[2025-10-17T03:34:37.756+0000] {logging_mixin.py:188} INFO - [2025-10-17T03:34:37.756+0000] {dag.py:3954} INFO - Setting next_dagrun for example_trigger_controller_dag to 2021-01-01 00:00:00+00:00, run_after=2021-01-01 00:00:00+00:00
[2025-10-17T03:34:37.776+0000] {processor.py:183} INFO - Processing /home/airflow/.local/lib/python3.12/site-packages/airflow/example_dags/example_trigger_controller_dag.py took 0.067 seconds
[2025-10-17T03:35:08.119+0000] {processor.py:161} INFO - Started process (PID=4705) to work on /home/airflow/.local/lib/python3.12/site-packages/airflow/example_dags/example_trigger_controller_dag.py
[2025-10-17T03:35:08.120+0000] {processor.py:830} INFO - Processing file /home/airflow/.local/lib/python3.12/site-packages/airflow/example_dags/example_trigger_controller_dag.py for tasks to queue
[2025-10-17T03:35:08.122+0000] {logging_mixin.py:188} INFO - [2025-10-17T03:35:08.121+0000] {dagbag.py:545} INFO - Filling up the DagBag from /home/airflow/.local/lib/python3.12/site-packages/airflow/example_dags/example_trigger_controller_dag.py
[2025-10-17T03:35:08.127+0000] {processor.py:840} INFO - DAG(s) 'example_trigger_controller_dag' retrieved from /home/airflow/.local/lib/python3.12/site-packages/airflow/example_dags/example_trigger_controller_dag.py
[2025-10-17T03:35:08.147+0000] {logging_mixin.py:188} INFO - [2025-10-17T03:35:08.147+0000] {dag.py:3096} INFO - Sync 1 DAGs
[2025-10-17T03:35:08.166+0000] {logging_mixin.py:188} INFO - [2025-10-17T03:35:08.165+0000] {dag.py:3954} INFO - Setting next_dagrun for example_trigger_controller_dag to 2021-01-01 00:00:00+00:00, run_after=2021-01-01 00:00:00+00:00
[2025-10-17T03:35:08.186+0000] {processor.py:183} INFO - Processing /home/airflow/.local/lib/python3.12/site-packages/airflow/example_dags/example_trigger_controller_dag.py took 0.072 seconds
[2025-10-17T03:35:38.230+0000] {processor.py:161} INFO - Started process (PID=4764) to work on /home/airflow/.local/lib/python3.12/site-packages/airflow/example_dags/example_trigger_controller_dag.py
[2025-10-17T03:35:38.231+0000] {processor.py:830} INFO - Processing file /home/airflow/.local/lib/python3.12/site-packages/airflow/example_dags/example_trigger_controller_dag.py for tasks to queue
[2025-10-17T03:35:38.233+0000] {logging_mixin.py:188} INFO - [2025-10-17T03:35:38.233+0000] {dagbag.py:545} INFO - Filling up the DagBag from /home/airflow/.local/lib/python3.12/site-packages/airflow/example_dags/example_trigger_controller_dag.py
[2025-10-17T03:35:38.237+0000] {processor.py:840} INFO - DAG(s) 'example_trigger_controller_dag' retrieved from /home/airflow/.local/lib/python3.12/site-packages/airflow/example_dags/example_trigger_controller_dag.py
[2025-10-17T03:35:38.254+0000] {logging_mixin.py:188} INFO - [2025-10-17T03:35:38.254+0000] {dag.py:3096} INFO - Sync 1 DAGs
[2025-10-17T03:35:38.272+0000] {logging_mixin.py:188} INFO - [2025-10-17T03:35:38.272+0000] {dag.py:3954} INFO - Setting next_dagrun for example_trigger_controller_dag to 2021-01-01 00:00:00+00:00, run_after=2021-01-01 00:00:00+00:00
[2025-10-17T03:35:38.289+0000] {processor.py:183} INFO - Processing /home/airflow/.local/lib/python3.12/site-packages/airflow/example_dags/example_trigger_controller_dag.py took 0.064 seconds
[2025-10-17T03:36:08.713+0000] {processor.py:161} INFO - Started process (PID=4823) to work on /home/airflow/.local/lib/python3.12/site-packages/airflow/example_dags/example_trigger_controller_dag.py
[2025-10-17T03:36:08.714+0000] {processor.py:830} INFO - Processing file /home/airflow/.local/lib/python3.12/site-packages/airflow/example_dags/example_trigger_controller_dag.py for tasks to queue
[2025-10-17T03:36:08.716+0000] {logging_mixin.py:188} INFO - [2025-10-17T03:36:08.716+0000] {dagbag.py:545} INFO - Filling up the DagBag from /home/airflow/.local/lib/python3.12/site-packages/airflow/example_dags/example_trigger_controller_dag.py
[2025-10-17T03:36:08.720+0000] {processor.py:840} INFO - DAG(s) 'example_trigger_controller_dag' retrieved from /home/airflow/.local/lib/python3.12/site-packages/airflow/example_dags/example_trigger_controller_dag.py
[2025-10-17T03:36:08.738+0000] {logging_mixin.py:188} INFO - [2025-10-17T03:36:08.738+0000] {dag.py:3096} INFO - Sync 1 DAGs
[2025-10-17T03:36:08.755+0000] {logging_mixin.py:188} INFO - [2025-10-17T03:36:08.755+0000] {dag.py:3954} INFO - Setting next_dagrun for example_trigger_controller_dag to 2021-01-01 00:00:00+00:00, run_after=2021-01-01 00:00:00+00:00
[2025-10-17T03:36:08.773+0000] {processor.py:183} INFO - Processing /home/airflow/.local/lib/python3.12/site-packages/airflow/example_dags/example_trigger_controller_dag.py took 0.065 seconds
[2025-10-17T03:36:39.098+0000] {processor.py:161} INFO - Started process (PID=4882) to work on /home/airflow/.local/lib/python3.12/site-packages/airflow/example_dags/example_trigger_controller_dag.py
[2025-10-17T03:36:39.099+0000] {processor.py:830} INFO - Processing file /home/airflow/.local/lib/python3.12/site-packages/airflow/example_dags/example_trigger_controller_dag.py for tasks to queue
[2025-10-17T03:36:39.102+0000] {logging_mixin.py:188} INFO - [2025-10-17T03:36:39.101+0000] {dagbag.py:545} INFO - Filling up the DagBag from /home/airflow/.local/lib/python3.12/site-packages/airflow/example_dags/example_trigger_controller_dag.py
[2025-10-17T03:36:39.106+0000] {processor.py:840} INFO - DAG(s) 'example_trigger_controller_dag' retrieved from /home/airflow/.local/lib/python3.12/site-packages/airflow/example_dags/example_trigger_controller_dag.py
[2025-10-17T03:36:39.124+0000] {logging_mixin.py:188} INFO - [2025-10-17T03:36:39.124+0000] {dag.py:3096} INFO - Sync 1 DAGs
[2025-10-17T03:36:39.143+0000] {logging_mixin.py:188} INFO - [2025-10-17T03:36:39.143+0000] {dag.py:3954} INFO - Setting next_dagrun for example_trigger_controller_dag to 2021-01-01 00:00:00+00:00, run_after=2021-01-01 00:00:00+00:00
[2025-10-17T03:36:39.158+0000] {processor.py:183} INFO - Processing /home/airflow/.local/lib/python3.12/site-packages/airflow/example_dags/example_trigger_controller_dag.py took 0.065 seconds
[2025-10-17T03:37:09.500+0000] {processor.py:161} INFO - Started process (PID=4941) to work on /home/airflow/.local/lib/python3.12/site-packages/airflow/example_dags/example_trigger_controller_dag.py
[2025-10-17T03:37:09.502+0000] {processor.py:830} INFO - Processing file /home/airflow/.local/lib/python3.12/site-packages/airflow/example_dags/example_trigger_controller_dag.py for tasks to queue
[2025-10-17T03:37:09.504+0000] {logging_mixin.py:188} INFO - [2025-10-17T03:37:09.504+0000] {dagbag.py:545} INFO - Filling up the DagBag from /home/airflow/.local/lib/python3.12/site-packages/airflow/example_dags/example_trigger_controller_dag.py
[2025-10-17T03:37:09.509+0000] {processor.py:840} INFO - DAG(s) 'example_trigger_controller_dag' retrieved from /home/airflow/.local/lib/python3.12/site-packages/airflow/example_dags/example_trigger_controller_dag.py
[2025-10-17T03:37:09.527+0000] {logging_mixin.py:188} INFO - [2025-10-17T03:37:09.526+0000] {dag.py:3096} INFO - Sync 1 DAGs
[2025-10-17T03:37:09.544+0000] {logging_mixin.py:188} INFO - [2025-10-17T03:37:09.544+0000] {dag.py:3954} INFO - Setting next_dagrun for example_trigger_controller_dag to 2021-01-01 00:00:00+00:00, run_after=2021-01-01 00:00:00+00:00
[2025-10-17T03:37:09.560+0000] {processor.py:183} INFO - Processing /home/airflow/.local/lib/python3.12/site-packages/airflow/example_dags/example_trigger_controller_dag.py took 0.065 seconds
[2025-10-17T03:37:40.318+0000] {processor.py:161} INFO - Started process (PID=5000) to work on /home/airflow/.local/lib/python3.12/site-packages/airflow/example_dags/example_trigger_controller_dag.py
[2025-10-17T03:37:40.320+0000] {processor.py:830} INFO - Processing file /home/airflow/.local/lib/python3.12/site-packages/airflow/example_dags/example_trigger_controller_dag.py for tasks to queue
[2025-10-17T03:37:40.322+0000] {logging_mixin.py:188} INFO - [2025-10-17T03:37:40.322+0000] {dagbag.py:545} INFO - Filling up the DagBag from /home/airflow/.local/lib/python3.12/site-packages/airflow/example_dags/example_trigger_controller_dag.py
[2025-10-17T03:37:40.328+0000] {processor.py:840} INFO - DAG(s) 'example_trigger_controller_dag' retrieved from /home/airflow/.local/lib/python3.12/site-packages/airflow/example_dags/example_trigger_controller_dag.py
[2025-10-17T03:37:40.364+0000] {logging_mixin.py:188} INFO - [2025-10-17T03:37:40.363+0000] {dag.py:3096} INFO - Sync 1 DAGs
[2025-10-17T03:37:40.398+0000] {logging_mixin.py:188} INFO - [2025-10-17T03:37:40.397+0000] {dag.py:3954} INFO - Setting next_dagrun for example_trigger_controller_dag to 2021-01-01 00:00:00+00:00, run_after=2021-01-01 00:00:00+00:00
[2025-10-17T03:37:40.438+0000] {processor.py:183} INFO - Processing /home/airflow/.local/lib/python3.12/site-packages/airflow/example_dags/example_trigger_controller_dag.py took 0.127 seconds
[2025-10-17T03:38:10.675+0000] {processor.py:161} INFO - Started process (PID=5059) to work on /home/airflow/.local/lib/python3.12/site-packages/airflow/example_dags/example_trigger_controller_dag.py
[2025-10-17T03:38:10.676+0000] {processor.py:830} INFO - Processing file /home/airflow/.local/lib/python3.12/site-packages/airflow/example_dags/example_trigger_controller_dag.py for tasks to queue
[2025-10-17T03:38:10.678+0000] {logging_mixin.py:188} INFO - [2025-10-17T03:38:10.678+0000] {dagbag.py:545} INFO - Filling up the DagBag from /home/airflow/.local/lib/python3.12/site-packages/airflow/example_dags/example_trigger_controller_dag.py
[2025-10-17T03:38:10.683+0000] {processor.py:840} INFO - DAG(s) 'example_trigger_controller_dag' retrieved from /home/airflow/.local/lib/python3.12/site-packages/airflow/example_dags/example_trigger_controller_dag.py
[2025-10-17T03:38:10.702+0000] {logging_mixin.py:188} INFO - [2025-10-17T03:38:10.702+0000] {dag.py:3096} INFO - Sync 1 DAGs
[2025-10-17T03:38:10.721+0000] {logging_mixin.py:188} INFO - [2025-10-17T03:38:10.721+0000] {dag.py:3954} INFO - Setting next_dagrun for example_trigger_controller_dag to 2021-01-01 00:00:00+00:00, run_after=2021-01-01 00:00:00+00:00
[2025-10-17T03:38:10.739+0000] {processor.py:183} INFO - Processing /home/airflow/.local/lib/python3.12/site-packages/airflow/example_dags/example_trigger_controller_dag.py took 0.070 seconds
[2025-10-17T03:38:41.277+0000] {processor.py:161} INFO - Started process (PID=5118) to work on /home/airflow/.local/lib/python3.12/site-packages/airflow/example_dags/example_trigger_controller_dag.py
[2025-10-17T03:38:41.278+0000] {processor.py:830} INFO - Processing file /home/airflow/.local/lib/python3.12/site-packages/airflow/example_dags/example_trigger_controller_dag.py for tasks to queue
[2025-10-17T03:38:41.280+0000] {logging_mixin.py:188} INFO - [2025-10-17T03:38:41.280+0000] {dagbag.py:545} INFO - Filling up the DagBag from /home/airflow/.local/lib/python3.12/site-packages/airflow/example_dags/example_trigger_controller_dag.py
[2025-10-17T03:38:41.285+0000] {processor.py:840} INFO - DAG(s) 'example_trigger_controller_dag' retrieved from /home/airflow/.local/lib/python3.12/site-packages/airflow/example_dags/example_trigger_controller_dag.py
[2025-10-17T03:38:41.303+0000] {logging_mixin.py:188} INFO - [2025-10-17T03:38:41.302+0000] {dag.py:3096} INFO - Sync 1 DAGs
[2025-10-17T03:38:41.321+0000] {logging_mixin.py:188} INFO - [2025-10-17T03:38:41.321+0000] {dag.py:3954} INFO - Setting next_dagrun for example_trigger_controller_dag to 2021-01-01 00:00:00+00:00, run_after=2021-01-01 00:00:00+00:00
[2025-10-17T03:38:41.338+0000] {processor.py:183} INFO - Processing /home/airflow/.local/lib/python3.12/site-packages/airflow/example_dags/example_trigger_controller_dag.py took 0.066 seconds
[2025-10-17T03:39:11.619+0000] {processor.py:161} INFO - Started process (PID=5177) to work on /home/airflow/.local/lib/python3.12/site-packages/airflow/example_dags/example_trigger_controller_dag.py
[2025-10-17T03:39:11.620+0000] {processor.py:830} INFO - Processing file /home/airflow/.local/lib/python3.12/site-packages/airflow/example_dags/example_trigger_controller_dag.py for tasks to queue
[2025-10-17T03:39:11.622+0000] {logging_mixin.py:188} INFO - [2025-10-17T03:39:11.622+0000] {dagbag.py:545} INFO - Filling up the DagBag from /home/airflow/.local/lib/python3.12/site-packages/airflow/example_dags/example_trigger_controller_dag.py
[2025-10-17T03:39:11.628+0000] {processor.py:840} INFO - DAG(s) 'example_trigger_controller_dag' retrieved from /home/airflow/.local/lib/python3.12/site-packages/airflow/example_dags/example_trigger_controller_dag.py
[2025-10-17T03:39:11.653+0000] {logging_mixin.py:188} INFO - [2025-10-17T03:39:11.652+0000] {dag.py:3096} INFO - Sync 1 DAGs
[2025-10-17T03:39:11.675+0000] {logging_mixin.py:188} INFO - [2025-10-17T03:39:11.675+0000] {dag.py:3954} INFO - Setting next_dagrun for example_trigger_controller_dag to 2021-01-01 00:00:00+00:00, run_after=2021-01-01 00:00:00+00:00
[2025-10-17T03:39:11.695+0000] {processor.py:183} INFO - Processing /home/airflow/.local/lib/python3.12/site-packages/airflow/example_dags/example_trigger_controller_dag.py took 0.083 seconds
[2025-10-17T03:39:41.880+0000] {processor.py:161} INFO - Started process (PID=5236) to work on /home/airflow/.local/lib/python3.12/site-packages/airflow/example_dags/example_trigger_controller_dag.py
[2025-10-17T03:39:41.881+0000] {processor.py:830} INFO - Processing file /home/airflow/.local/lib/python3.12/site-packages/airflow/example_dags/example_trigger_controller_dag.py for tasks to queue
[2025-10-17T03:39:41.883+0000] {logging_mixin.py:188} INFO - [2025-10-17T03:39:41.883+0000] {dagbag.py:545} INFO - Filling up the DagBag from /home/airflow/.local/lib/python3.12/site-packages/airflow/example_dags/example_trigger_controller_dag.py
[2025-10-17T03:39:41.888+0000] {processor.py:840} INFO - DAG(s) 'example_trigger_controller_dag' retrieved from /home/airflow/.local/lib/python3.12/site-packages/airflow/example_dags/example_trigger_controller_dag.py
[2025-10-17T03:39:41.904+0000] {logging_mixin.py:188} INFO - [2025-10-17T03:39:41.904+0000] {dag.py:3096} INFO - Sync 1 DAGs
[2025-10-17T03:39:41.921+0000] {logging_mixin.py:188} INFO - [2025-10-17T03:39:41.921+0000] {dag.py:3954} INFO - Setting next_dagrun for example_trigger_controller_dag to 2021-01-01 00:00:00+00:00, run_after=2021-01-01 00:00:00+00:00
[2025-10-17T03:39:41.938+0000] {processor.py:183} INFO - Processing /home/airflow/.local/lib/python3.12/site-packages/airflow/example_dags/example_trigger_controller_dag.py took 0.064 seconds
[2025-10-17T03:40:13.045+0000] {processor.py:161} INFO - Started process (PID=5295) to work on /home/airflow/.local/lib/python3.12/site-packages/airflow/example_dags/example_trigger_controller_dag.py
[2025-10-17T03:40:13.046+0000] {processor.py:830} INFO - Processing file /home/airflow/.local/lib/python3.12/site-packages/airflow/example_dags/example_trigger_controller_dag.py for tasks to queue
[2025-10-17T03:40:13.048+0000] {logging_mixin.py:188} INFO - [2025-10-17T03:40:13.048+0000] {dagbag.py:545} INFO - Filling up the DagBag from /home/airflow/.local/lib/python3.12/site-packages/airflow/example_dags/example_trigger_controller_dag.py
[2025-10-17T03:40:13.053+0000] {processor.py:840} INFO - DAG(s) 'example_trigger_controller_dag' retrieved from /home/airflow/.local/lib/python3.12/site-packages/airflow/example_dags/example_trigger_controller_dag.py
[2025-10-17T03:40:13.072+0000] {logging_mixin.py:188} INFO - [2025-10-17T03:40:13.071+0000] {dag.py:3096} INFO - Sync 1 DAGs
[2025-10-17T03:40:13.099+0000] {logging_mixin.py:188} INFO - [2025-10-17T03:40:13.099+0000] {dag.py:3954} INFO - Setting next_dagrun for example_trigger_controller_dag to 2021-01-01 00:00:00+00:00, run_after=2021-01-01 00:00:00+00:00
[2025-10-17T03:40:13.115+0000] {processor.py:183} INFO - Processing /home/airflow/.local/lib/python3.12/site-packages/airflow/example_dags/example_trigger_controller_dag.py took 0.076 seconds
[2025-10-17T03:40:43.423+0000] {processor.py:161} INFO - Started process (PID=5354) to work on /home/airflow/.local/lib/python3.12/site-packages/airflow/example_dags/example_trigger_controller_dag.py
[2025-10-17T03:40:43.425+0000] {processor.py:830} INFO - Processing file /home/airflow/.local/lib/python3.12/site-packages/airflow/example_dags/example_trigger_controller_dag.py for tasks to queue
[2025-10-17T03:40:43.426+0000] {logging_mixin.py:188} INFO - [2025-10-17T03:40:43.426+0000] {dagbag.py:545} INFO - Filling up the DagBag from /home/airflow/.local/lib/python3.12/site-packages/airflow/example_dags/example_trigger_controller_dag.py
[2025-10-17T03:40:43.431+0000] {processor.py:840} INFO - DAG(s) 'example_trigger_controller_dag' retrieved from /home/airflow/.local/lib/python3.12/site-packages/airflow/example_dags/example_trigger_controller_dag.py
[2025-10-17T03:40:43.450+0000] {logging_mixin.py:188} INFO - [2025-10-17T03:40:43.450+0000] {dag.py:3096} INFO - Sync 1 DAGs
[2025-10-17T03:40:43.472+0000] {logging_mixin.py:188} INFO - [2025-10-17T03:40:43.471+0000] {dag.py:3954} INFO - Setting next_dagrun for example_trigger_controller_dag to 2021-01-01 00:00:00+00:00, run_after=2021-01-01 00:00:00+00:00
[2025-10-17T03:40:43.489+0000] {processor.py:183} INFO - Processing /home/airflow/.local/lib/python3.12/site-packages/airflow/example_dags/example_trigger_controller_dag.py took 0.071 seconds
[2025-10-17T03:41:14.084+0000] {processor.py:161} INFO - Started process (PID=5411) to work on /home/airflow/.local/lib/python3.12/site-packages/airflow/example_dags/example_trigger_controller_dag.py
[2025-10-17T03:41:14.086+0000] {processor.py:830} INFO - Processing file /home/airflow/.local/lib/python3.12/site-packages/airflow/example_dags/example_trigger_controller_dag.py for tasks to queue
[2025-10-17T03:41:14.089+0000] {logging_mixin.py:188} INFO - [2025-10-17T03:41:14.088+0000] {dagbag.py:545} INFO - Filling up the DagBag from /home/airflow/.local/lib/python3.12/site-packages/airflow/example_dags/example_trigger_controller_dag.py
[2025-10-17T03:41:14.095+0000] {processor.py:840} INFO - DAG(s) 'example_trigger_controller_dag' retrieved from /home/airflow/.local/lib/python3.12/site-packages/airflow/example_dags/example_trigger_controller_dag.py
[2025-10-17T03:41:14.114+0000] {logging_mixin.py:188} INFO - [2025-10-17T03:41:14.114+0000] {dag.py:3096} INFO - Sync 1 DAGs
[2025-10-17T03:41:14.133+0000] {logging_mixin.py:188} INFO - [2025-10-17T03:41:14.132+0000] {dag.py:3954} INFO - Setting next_dagrun for example_trigger_controller_dag to 2021-01-01 00:00:00+00:00, run_after=2021-01-01 00:00:00+00:00
[2025-10-17T03:41:14.150+0000] {processor.py:183} INFO - Processing /home/airflow/.local/lib/python3.12/site-packages/airflow/example_dags/example_trigger_controller_dag.py took 0.072 seconds
[2025-10-17T03:41:44.796+0000] {processor.py:161} INFO - Started process (PID=5470) to work on /home/airflow/.local/lib/python3.12/site-packages/airflow/example_dags/example_trigger_controller_dag.py
[2025-10-17T03:41:44.797+0000] {processor.py:830} INFO - Processing file /home/airflow/.local/lib/python3.12/site-packages/airflow/example_dags/example_trigger_controller_dag.py for tasks to queue
[2025-10-17T03:41:44.799+0000] {logging_mixin.py:188} INFO - [2025-10-17T03:41:44.799+0000] {dagbag.py:545} INFO - Filling up the DagBag from /home/airflow/.local/lib/python3.12/site-packages/airflow/example_dags/example_trigger_controller_dag.py
[2025-10-17T03:41:44.804+0000] {processor.py:840} INFO - DAG(s) 'example_trigger_controller_dag' retrieved from /home/airflow/.local/lib/python3.12/site-packages/airflow/example_dags/example_trigger_controller_dag.py
[2025-10-17T03:41:44.822+0000] {logging_mixin.py:188} INFO - [2025-10-17T03:41:44.822+0000] {dag.py:3096} INFO - Sync 1 DAGs
[2025-10-17T03:41:44.839+0000] {logging_mixin.py:188} INFO - [2025-10-17T03:41:44.839+0000] {dag.py:3954} INFO - Setting next_dagrun for example_trigger_controller_dag to 2021-01-01 00:00:00+00:00, run_after=2021-01-01 00:00:00+00:00
[2025-10-17T03:41:44.855+0000] {processor.py:183} INFO - Processing /home/airflow/.local/lib/python3.12/site-packages/airflow/example_dags/example_trigger_controller_dag.py took 0.064 seconds
[2025-10-17T03:42:14.943+0000] {processor.py:161} INFO - Started process (PID=5529) to work on /home/airflow/.local/lib/python3.12/site-packages/airflow/example_dags/example_trigger_controller_dag.py
[2025-10-17T03:42:14.944+0000] {processor.py:830} INFO - Processing file /home/airflow/.local/lib/python3.12/site-packages/airflow/example_dags/example_trigger_controller_dag.py for tasks to queue
[2025-10-17T03:42:14.946+0000] {logging_mixin.py:188} INFO - [2025-10-17T03:42:14.945+0000] {dagbag.py:545} INFO - Filling up the DagBag from /home/airflow/.local/lib/python3.12/site-packages/airflow/example_dags/example_trigger_controller_dag.py
[2025-10-17T03:42:14.950+0000] {processor.py:840} INFO - DAG(s) 'example_trigger_controller_dag' retrieved from /home/airflow/.local/lib/python3.12/site-packages/airflow/example_dags/example_trigger_controller_dag.py
[2025-10-17T03:42:14.968+0000] {logging_mixin.py:188} INFO - [2025-10-17T03:42:14.967+0000] {dag.py:3096} INFO - Sync 1 DAGs
[2025-10-17T03:42:14.985+0000] {logging_mixin.py:188} INFO - [2025-10-17T03:42:14.985+0000] {dag.py:3954} INFO - Setting next_dagrun for example_trigger_controller_dag to 2021-01-01 00:00:00+00:00, run_after=2021-01-01 00:00:00+00:00
[2025-10-17T03:42:15.002+0000] {processor.py:183} INFO - Processing /home/airflow/.local/lib/python3.12/site-packages/airflow/example_dags/example_trigger_controller_dag.py took 0.064 seconds
[2025-10-17T03:42:45.335+0000] {processor.py:161} INFO - Started process (PID=5588) to work on /home/airflow/.local/lib/python3.12/site-packages/airflow/example_dags/example_trigger_controller_dag.py
[2025-10-17T03:42:45.336+0000] {processor.py:830} INFO - Processing file /home/airflow/.local/lib/python3.12/site-packages/airflow/example_dags/example_trigger_controller_dag.py for tasks to queue
[2025-10-17T03:42:45.338+0000] {logging_mixin.py:188} INFO - [2025-10-17T03:42:45.338+0000] {dagbag.py:545} INFO - Filling up the DagBag from /home/airflow/.local/lib/python3.12/site-packages/airflow/example_dags/example_trigger_controller_dag.py
[2025-10-17T03:42:45.343+0000] {processor.py:840} INFO - DAG(s) 'example_trigger_controller_dag' retrieved from /home/airflow/.local/lib/python3.12/site-packages/airflow/example_dags/example_trigger_controller_dag.py
[2025-10-17T03:42:45.361+0000] {logging_mixin.py:188} INFO - [2025-10-17T03:42:45.360+0000] {dag.py:3096} INFO - Sync 1 DAGs
[2025-10-17T03:42:45.379+0000] {logging_mixin.py:188} INFO - [2025-10-17T03:42:45.379+0000] {dag.py:3954} INFO - Setting next_dagrun for example_trigger_controller_dag to 2021-01-01 00:00:00+00:00, run_after=2021-01-01 00:00:00+00:00
[2025-10-17T03:42:45.395+0000] {processor.py:183} INFO - Processing /home/airflow/.local/lib/python3.12/site-packages/airflow/example_dags/example_trigger_controller_dag.py took 0.065 seconds
[2025-10-17T03:43:15.739+0000] {processor.py:161} INFO - Started process (PID=5647) to work on /home/airflow/.local/lib/python3.12/site-packages/airflow/example_dags/example_trigger_controller_dag.py
[2025-10-17T03:43:15.740+0000] {processor.py:830} INFO - Processing file /home/airflow/.local/lib/python3.12/site-packages/airflow/example_dags/example_trigger_controller_dag.py for tasks to queue
[2025-10-17T03:43:15.742+0000] {logging_mixin.py:188} INFO - [2025-10-17T03:43:15.742+0000] {dagbag.py:545} INFO - Filling up the DagBag from /home/airflow/.local/lib/python3.12/site-packages/airflow/example_dags/example_trigger_controller_dag.py
[2025-10-17T03:43:15.747+0000] {processor.py:840} INFO - DAG(s) 'example_trigger_controller_dag' retrieved from /home/airflow/.local/lib/python3.12/site-packages/airflow/example_dags/example_trigger_controller_dag.py
[2025-10-17T03:43:15.766+0000] {logging_mixin.py:188} INFO - [2025-10-17T03:43:15.766+0000] {dag.py:3096} INFO - Sync 1 DAGs
[2025-10-17T03:43:15.784+0000] {logging_mixin.py:188} INFO - [2025-10-17T03:43:15.784+0000] {dag.py:3954} INFO - Setting next_dagrun for example_trigger_controller_dag to 2021-01-01 00:00:00+00:00, run_after=2021-01-01 00:00:00+00:00
[2025-10-17T03:43:15.800+0000] {processor.py:183} INFO - Processing /home/airflow/.local/lib/python3.12/site-packages/airflow/example_dags/example_trigger_controller_dag.py took 0.066 seconds
[2025-10-17T03:43:46.013+0000] {processor.py:161} INFO - Started process (PID=5706) to work on /home/airflow/.local/lib/python3.12/site-packages/airflow/example_dags/example_trigger_controller_dag.py
[2025-10-17T03:43:46.014+0000] {processor.py:830} INFO - Processing file /home/airflow/.local/lib/python3.12/site-packages/airflow/example_dags/example_trigger_controller_dag.py for tasks to queue
[2025-10-17T03:43:46.017+0000] {logging_mixin.py:188} INFO - [2025-10-17T03:43:46.017+0000] {dagbag.py:545} INFO - Filling up the DagBag from /home/airflow/.local/lib/python3.12/site-packages/airflow/example_dags/example_trigger_controller_dag.py
[2025-10-17T03:43:46.021+0000] {processor.py:840} INFO - DAG(s) 'example_trigger_controller_dag' retrieved from /home/airflow/.local/lib/python3.12/site-packages/airflow/example_dags/example_trigger_controller_dag.py
[2025-10-17T03:43:46.039+0000] {logging_mixin.py:188} INFO - [2025-10-17T03:43:46.039+0000] {dag.py:3096} INFO - Sync 1 DAGs
[2025-10-17T03:43:46.056+0000] {logging_mixin.py:188} INFO - [2025-10-17T03:43:46.056+0000] {dag.py:3954} INFO - Setting next_dagrun for example_trigger_controller_dag to 2021-01-01 00:00:00+00:00, run_after=2021-01-01 00:00:00+00:00
[2025-10-17T03:43:46.074+0000] {processor.py:183} INFO - Processing /home/airflow/.local/lib/python3.12/site-packages/airflow/example_dags/example_trigger_controller_dag.py took 0.066 seconds
[2025-10-17T03:44:16.800+0000] {processor.py:161} INFO - Started process (PID=5765) to work on /home/airflow/.local/lib/python3.12/site-packages/airflow/example_dags/example_trigger_controller_dag.py
[2025-10-17T03:44:16.801+0000] {processor.py:830} INFO - Processing file /home/airflow/.local/lib/python3.12/site-packages/airflow/example_dags/example_trigger_controller_dag.py for tasks to queue
[2025-10-17T03:44:16.803+0000] {logging_mixin.py:188} INFO - [2025-10-17T03:44:16.802+0000] {dagbag.py:545} INFO - Filling up the DagBag from /home/airflow/.local/lib/python3.12/site-packages/airflow/example_dags/example_trigger_controller_dag.py
[2025-10-17T03:44:16.808+0000] {processor.py:840} INFO - DAG(s) 'example_trigger_controller_dag' retrieved from /home/airflow/.local/lib/python3.12/site-packages/airflow/example_dags/example_trigger_controller_dag.py
[2025-10-17T03:44:16.828+0000] {logging_mixin.py:188} INFO - [2025-10-17T03:44:16.828+0000] {dag.py:3096} INFO - Sync 1 DAGs
[2025-10-17T03:44:16.846+0000] {logging_mixin.py:188} INFO - [2025-10-17T03:44:16.846+0000] {dag.py:3954} INFO - Setting next_dagrun for example_trigger_controller_dag to 2021-01-01 00:00:00+00:00, run_after=2021-01-01 00:00:00+00:00
[2025-10-17T03:44:16.864+0000] {processor.py:183} INFO - Processing /home/airflow/.local/lib/python3.12/site-packages/airflow/example_dags/example_trigger_controller_dag.py took 0.070 seconds
[2025-10-17T03:44:47.293+0000] {processor.py:161} INFO - Started process (PID=5825) to work on /home/airflow/.local/lib/python3.12/site-packages/airflow/example_dags/example_trigger_controller_dag.py
[2025-10-17T03:44:47.294+0000] {processor.py:830} INFO - Processing file /home/airflow/.local/lib/python3.12/site-packages/airflow/example_dags/example_trigger_controller_dag.py for tasks to queue
[2025-10-17T03:44:47.296+0000] {logging_mixin.py:188} INFO - [2025-10-17T03:44:47.296+0000] {dagbag.py:545} INFO - Filling up the DagBag from /home/airflow/.local/lib/python3.12/site-packages/airflow/example_dags/example_trigger_controller_dag.py
[2025-10-17T03:44:47.301+0000] {processor.py:840} INFO - DAG(s) 'example_trigger_controller_dag' retrieved from /home/airflow/.local/lib/python3.12/site-packages/airflow/example_dags/example_trigger_controller_dag.py
[2025-10-17T03:44:47.318+0000] {logging_mixin.py:188} INFO - [2025-10-17T03:44:47.317+0000] {dag.py:3096} INFO - Sync 1 DAGs
[2025-10-17T03:44:47.335+0000] {logging_mixin.py:188} INFO - [2025-10-17T03:44:47.335+0000] {dag.py:3954} INFO - Setting next_dagrun for example_trigger_controller_dag to 2021-01-01 00:00:00+00:00, run_after=2021-01-01 00:00:00+00:00
[2025-10-17T03:44:47.354+0000] {processor.py:183} INFO - Processing /home/airflow/.local/lib/python3.12/site-packages/airflow/example_dags/example_trigger_controller_dag.py took 0.066 seconds
[2025-10-17T03:45:18.071+0000] {processor.py:161} INFO - Started process (PID=5884) to work on /home/airflow/.local/lib/python3.12/site-packages/airflow/example_dags/example_trigger_controller_dag.py
[2025-10-17T03:45:18.072+0000] {processor.py:830} INFO - Processing file /home/airflow/.local/lib/python3.12/site-packages/airflow/example_dags/example_trigger_controller_dag.py for tasks to queue
[2025-10-17T03:45:18.074+0000] {logging_mixin.py:188} INFO - [2025-10-17T03:45:18.074+0000] {dagbag.py:545} INFO - Filling up the DagBag from /home/airflow/.local/lib/python3.12/site-packages/airflow/example_dags/example_trigger_controller_dag.py
[2025-10-17T03:45:18.079+0000] {processor.py:840} INFO - DAG(s) 'example_trigger_controller_dag' retrieved from /home/airflow/.local/lib/python3.12/site-packages/airflow/example_dags/example_trigger_controller_dag.py
[2025-10-17T03:45:18.096+0000] {logging_mixin.py:188} INFO - [2025-10-17T03:45:18.096+0000] {dag.py:3096} INFO - Sync 1 DAGs
[2025-10-17T03:45:18.116+0000] {logging_mixin.py:188} INFO - [2025-10-17T03:45:18.116+0000] {dag.py:3954} INFO - Setting next_dagrun for example_trigger_controller_dag to 2021-01-01 00:00:00+00:00, run_after=2021-01-01 00:00:00+00:00
[2025-10-17T03:45:18.134+0000] {processor.py:183} INFO - Processing /home/airflow/.local/lib/python3.12/site-packages/airflow/example_dags/example_trigger_controller_dag.py took 0.069 seconds
[2025-10-17T03:45:48.294+0000] {processor.py:161} INFO - Started process (PID=5943) to work on /home/airflow/.local/lib/python3.12/site-packages/airflow/example_dags/example_trigger_controller_dag.py
[2025-10-17T03:45:48.295+0000] {processor.py:830} INFO - Processing file /home/airflow/.local/lib/python3.12/site-packages/airflow/example_dags/example_trigger_controller_dag.py for tasks to queue
[2025-10-17T03:45:48.297+0000] {logging_mixin.py:188} INFO - [2025-10-17T03:45:48.297+0000] {dagbag.py:545} INFO - Filling up the DagBag from /home/airflow/.local/lib/python3.12/site-packages/airflow/example_dags/example_trigger_controller_dag.py
[2025-10-17T03:45:48.302+0000] {processor.py:840} INFO - DAG(s) 'example_trigger_controller_dag' retrieved from /home/airflow/.local/lib/python3.12/site-packages/airflow/example_dags/example_trigger_controller_dag.py
[2025-10-17T03:45:48.319+0000] {logging_mixin.py:188} INFO - [2025-10-17T03:45:48.319+0000] {dag.py:3096} INFO - Sync 1 DAGs
[2025-10-17T03:45:48.336+0000] {logging_mixin.py:188} INFO - [2025-10-17T03:45:48.336+0000] {dag.py:3954} INFO - Setting next_dagrun for example_trigger_controller_dag to 2021-01-01 00:00:00+00:00, run_after=2021-01-01 00:00:00+00:00
[2025-10-17T03:45:48.353+0000] {processor.py:183} INFO - Processing /home/airflow/.local/lib/python3.12/site-packages/airflow/example_dags/example_trigger_controller_dag.py took 0.064 seconds
[2025-10-17T03:46:18.673+0000] {processor.py:161} INFO - Started process (PID=6002) to work on /home/airflow/.local/lib/python3.12/site-packages/airflow/example_dags/example_trigger_controller_dag.py
[2025-10-17T03:46:18.674+0000] {processor.py:830} INFO - Processing file /home/airflow/.local/lib/python3.12/site-packages/airflow/example_dags/example_trigger_controller_dag.py for tasks to queue
[2025-10-17T03:46:18.676+0000] {logging_mixin.py:188} INFO - [2025-10-17T03:46:18.676+0000] {dagbag.py:545} INFO - Filling up the DagBag from /home/airflow/.local/lib/python3.12/site-packages/airflow/example_dags/example_trigger_controller_dag.py
[2025-10-17T03:46:18.682+0000] {processor.py:840} INFO - DAG(s) 'example_trigger_controller_dag' retrieved from /home/airflow/.local/lib/python3.12/site-packages/airflow/example_dags/example_trigger_controller_dag.py
[2025-10-17T03:46:18.701+0000] {logging_mixin.py:188} INFO - [2025-10-17T03:46:18.701+0000] {dag.py:3096} INFO - Sync 1 DAGs
[2025-10-17T03:46:18.720+0000] {logging_mixin.py:188} INFO - [2025-10-17T03:46:18.720+0000] {dag.py:3954} INFO - Setting next_dagrun for example_trigger_controller_dag to 2021-01-01 00:00:00+00:00, run_after=2021-01-01 00:00:00+00:00
[2025-10-17T03:46:18.743+0000] {processor.py:183} INFO - Processing /home/airflow/.local/lib/python3.12/site-packages/airflow/example_dags/example_trigger_controller_dag.py took 0.077 seconds
[2025-10-17T03:46:49.335+0000] {processor.py:161} INFO - Started process (PID=6067) to work on /home/airflow/.local/lib/python3.12/site-packages/airflow/example_dags/example_trigger_controller_dag.py
[2025-10-17T03:46:49.336+0000] {processor.py:830} INFO - Processing file /home/airflow/.local/lib/python3.12/site-packages/airflow/example_dags/example_trigger_controller_dag.py for tasks to queue
[2025-10-17T03:46:49.338+0000] {logging_mixin.py:188} INFO - [2025-10-17T03:46:49.338+0000] {dagbag.py:545} INFO - Filling up the DagBag from /home/airflow/.local/lib/python3.12/site-packages/airflow/example_dags/example_trigger_controller_dag.py
[2025-10-17T03:46:49.343+0000] {processor.py:840} INFO - DAG(s) 'example_trigger_controller_dag' retrieved from /home/airflow/.local/lib/python3.12/site-packages/airflow/example_dags/example_trigger_controller_dag.py
[2025-10-17T03:46:49.360+0000] {logging_mixin.py:188} INFO - [2025-10-17T03:46:49.359+0000] {dag.py:3096} INFO - Sync 1 DAGs
[2025-10-17T03:46:49.377+0000] {logging_mixin.py:188} INFO - [2025-10-17T03:46:49.377+0000] {dag.py:3954} INFO - Setting next_dagrun for example_trigger_controller_dag to 2021-01-01 00:00:00+00:00, run_after=2021-01-01 00:00:00+00:00
[2025-10-17T03:46:49.395+0000] {processor.py:183} INFO - Processing /home/airflow/.local/lib/python3.12/site-packages/airflow/example_dags/example_trigger_controller_dag.py took 0.065 seconds
[2025-10-17T03:47:19.487+0000] {processor.py:161} INFO - Started process (PID=6127) to work on /home/airflow/.local/lib/python3.12/site-packages/airflow/example_dags/example_trigger_controller_dag.py
[2025-10-17T03:47:19.488+0000] {processor.py:830} INFO - Processing file /home/airflow/.local/lib/python3.12/site-packages/airflow/example_dags/example_trigger_controller_dag.py for tasks to queue
[2025-10-17T03:47:19.490+0000] {logging_mixin.py:188} INFO - [2025-10-17T03:47:19.489+0000] {dagbag.py:545} INFO - Filling up the DagBag from /home/airflow/.local/lib/python3.12/site-packages/airflow/example_dags/example_trigger_controller_dag.py
[2025-10-17T03:47:19.494+0000] {processor.py:840} INFO - DAG(s) 'example_trigger_controller_dag' retrieved from /home/airflow/.local/lib/python3.12/site-packages/airflow/example_dags/example_trigger_controller_dag.py
[2025-10-17T03:47:19.511+0000] {logging_mixin.py:188} INFO - [2025-10-17T03:47:19.511+0000] {dag.py:3096} INFO - Sync 1 DAGs
[2025-10-17T03:47:19.528+0000] {logging_mixin.py:188} INFO - [2025-10-17T03:47:19.528+0000] {dag.py:3954} INFO - Setting next_dagrun for example_trigger_controller_dag to 2021-01-01 00:00:00+00:00, run_after=2021-01-01 00:00:00+00:00
[2025-10-17T03:47:19.545+0000] {processor.py:183} INFO - Processing /home/airflow/.local/lib/python3.12/site-packages/airflow/example_dags/example_trigger_controller_dag.py took 0.063 seconds
[2025-10-17T03:47:50.639+0000] {processor.py:161} INFO - Started process (PID=6186) to work on /home/airflow/.local/lib/python3.12/site-packages/airflow/example_dags/example_trigger_controller_dag.py
[2025-10-17T03:47:50.640+0000] {processor.py:830} INFO - Processing file /home/airflow/.local/lib/python3.12/site-packages/airflow/example_dags/example_trigger_controller_dag.py for tasks to queue
[2025-10-17T03:47:50.644+0000] {logging_mixin.py:188} INFO - [2025-10-17T03:47:50.644+0000] {dagbag.py:545} INFO - Filling up the DagBag from /home/airflow/.local/lib/python3.12/site-packages/airflow/example_dags/example_trigger_controller_dag.py
[2025-10-17T03:47:50.663+0000] {processor.py:840} INFO - DAG(s) 'example_trigger_controller_dag' retrieved from /home/airflow/.local/lib/python3.12/site-packages/airflow/example_dags/example_trigger_controller_dag.py
[2025-10-17T03:47:50.741+0000] {logging_mixin.py:188} INFO - [2025-10-17T03:47:50.731+0000] {dag.py:3096} INFO - Sync 1 DAGs
[2025-10-17T03:47:50.826+0000] {logging_mixin.py:188} INFO - [2025-10-17T03:47:50.826+0000] {dag.py:3954} INFO - Setting next_dagrun for example_trigger_controller_dag to 2021-01-01 00:00:00+00:00, run_after=2021-01-01 00:00:00+00:00
[2025-10-17T03:47:50.905+0000] {processor.py:183} INFO - Processing /home/airflow/.local/lib/python3.12/site-packages/airflow/example_dags/example_trigger_controller_dag.py took 0.287 seconds
[2025-10-17T03:48:21.639+0000] {processor.py:161} INFO - Started process (PID=6245) to work on /home/airflow/.local/lib/python3.12/site-packages/airflow/example_dags/example_trigger_controller_dag.py
[2025-10-17T03:48:21.640+0000] {processor.py:830} INFO - Processing file /home/airflow/.local/lib/python3.12/site-packages/airflow/example_dags/example_trigger_controller_dag.py for tasks to queue
[2025-10-17T03:48:21.642+0000] {logging_mixin.py:188} INFO - [2025-10-17T03:48:21.642+0000] {dagbag.py:545} INFO - Filling up the DagBag from /home/airflow/.local/lib/python3.12/site-packages/airflow/example_dags/example_trigger_controller_dag.py
[2025-10-17T03:48:21.648+0000] {processor.py:840} INFO - DAG(s) 'example_trigger_controller_dag' retrieved from /home/airflow/.local/lib/python3.12/site-packages/airflow/example_dags/example_trigger_controller_dag.py
[2025-10-17T03:48:21.672+0000] {logging_mixin.py:188} INFO - [2025-10-17T03:48:21.672+0000] {dag.py:3096} INFO - Sync 1 DAGs
[2025-10-17T03:48:21.695+0000] {logging_mixin.py:188} INFO - [2025-10-17T03:48:21.694+0000] {dag.py:3954} INFO - Setting next_dagrun for example_trigger_controller_dag to 2021-01-01 00:00:00+00:00, run_after=2021-01-01 00:00:00+00:00
[2025-10-17T03:48:21.717+0000] {processor.py:183} INFO - Processing /home/airflow/.local/lib/python3.12/site-packages/airflow/example_dags/example_trigger_controller_dag.py took 0.084 seconds
[2025-10-17T03:48:51.944+0000] {processor.py:161} INFO - Started process (PID=6304) to work on /home/airflow/.local/lib/python3.12/site-packages/airflow/example_dags/example_trigger_controller_dag.py
[2025-10-17T03:48:51.945+0000] {processor.py:830} INFO - Processing file /home/airflow/.local/lib/python3.12/site-packages/airflow/example_dags/example_trigger_controller_dag.py for tasks to queue
[2025-10-17T03:48:51.948+0000] {logging_mixin.py:188} INFO - [2025-10-17T03:48:51.948+0000] {dagbag.py:545} INFO - Filling up the DagBag from /home/airflow/.local/lib/python3.12/site-packages/airflow/example_dags/example_trigger_controller_dag.py
[2025-10-17T03:48:51.954+0000] {processor.py:840} INFO - DAG(s) 'example_trigger_controller_dag' retrieved from /home/airflow/.local/lib/python3.12/site-packages/airflow/example_dags/example_trigger_controller_dag.py
[2025-10-17T03:48:51.974+0000] {logging_mixin.py:188} INFO - [2025-10-17T03:48:51.974+0000] {dag.py:3096} INFO - Sync 1 DAGs
[2025-10-17T03:48:51.995+0000] {logging_mixin.py:188} INFO - [2025-10-17T03:48:51.995+0000] {dag.py:3954} INFO - Setting next_dagrun for example_trigger_controller_dag to 2021-01-01 00:00:00+00:00, run_after=2021-01-01 00:00:00+00:00
[2025-10-17T03:48:52.019+0000] {processor.py:183} INFO - Processing /home/airflow/.local/lib/python3.12/site-packages/airflow/example_dags/example_trigger_controller_dag.py took 0.081 seconds
[2025-10-17T03:49:22.191+0000] {processor.py:161} INFO - Started process (PID=6363) to work on /home/airflow/.local/lib/python3.12/site-packages/airflow/example_dags/example_trigger_controller_dag.py
[2025-10-17T03:49:22.192+0000] {processor.py:830} INFO - Processing file /home/airflow/.local/lib/python3.12/site-packages/airflow/example_dags/example_trigger_controller_dag.py for tasks to queue
[2025-10-17T03:49:22.194+0000] {logging_mixin.py:188} INFO - [2025-10-17T03:49:22.194+0000] {dagbag.py:545} INFO - Filling up the DagBag from /home/airflow/.local/lib/python3.12/site-packages/airflow/example_dags/example_trigger_controller_dag.py
[2025-10-17T03:49:22.199+0000] {processor.py:840} INFO - DAG(s) 'example_trigger_controller_dag' retrieved from /home/airflow/.local/lib/python3.12/site-packages/airflow/example_dags/example_trigger_controller_dag.py
[2025-10-17T03:49:22.218+0000] {logging_mixin.py:188} INFO - [2025-10-17T03:49:22.218+0000] {dag.py:3096} INFO - Sync 1 DAGs
[2025-10-17T03:49:22.239+0000] {logging_mixin.py:188} INFO - [2025-10-17T03:49:22.239+0000] {dag.py:3954} INFO - Setting next_dagrun for example_trigger_controller_dag to 2021-01-01 00:00:00+00:00, run_after=2021-01-01 00:00:00+00:00
[2025-10-17T03:49:22.255+0000] {processor.py:183} INFO - Processing /home/airflow/.local/lib/python3.12/site-packages/airflow/example_dags/example_trigger_controller_dag.py took 0.070 seconds
[2025-10-17T03:49:52.450+0000] {processor.py:161} INFO - Started process (PID=6422) to work on /home/airflow/.local/lib/python3.12/site-packages/airflow/example_dags/example_trigger_controller_dag.py
[2025-10-17T03:49:52.451+0000] {processor.py:830} INFO - Processing file /home/airflow/.local/lib/python3.12/site-packages/airflow/example_dags/example_trigger_controller_dag.py for tasks to queue
[2025-10-17T03:49:52.453+0000] {logging_mixin.py:188} INFO - [2025-10-17T03:49:52.453+0000] {dagbag.py:545} INFO - Filling up the DagBag from /home/airflow/.local/lib/python3.12/site-packages/airflow/example_dags/example_trigger_controller_dag.py
[2025-10-17T03:49:52.458+0000] {processor.py:840} INFO - DAG(s) 'example_trigger_controller_dag' retrieved from /home/airflow/.local/lib/python3.12/site-packages/airflow/example_dags/example_trigger_controller_dag.py
[2025-10-17T03:49:52.475+0000] {logging_mixin.py:188} INFO - [2025-10-17T03:49:52.475+0000] {dag.py:3096} INFO - Sync 1 DAGs
[2025-10-17T03:49:52.495+0000] {logging_mixin.py:188} INFO - [2025-10-17T03:49:52.495+0000] {dag.py:3954} INFO - Setting next_dagrun for example_trigger_controller_dag to 2021-01-01 00:00:00+00:00, run_after=2021-01-01 00:00:00+00:00
[2025-10-17T03:49:52.513+0000] {processor.py:183} INFO - Processing /home/airflow/.local/lib/python3.12/site-packages/airflow/example_dags/example_trigger_controller_dag.py took 0.069 seconds
[2025-10-17T03:50:23.003+0000] {processor.py:161} INFO - Started process (PID=6481) to work on /home/airflow/.local/lib/python3.12/site-packages/airflow/example_dags/example_trigger_controller_dag.py
[2025-10-17T03:50:23.005+0000] {processor.py:830} INFO - Processing file /home/airflow/.local/lib/python3.12/site-packages/airflow/example_dags/example_trigger_controller_dag.py for tasks to queue
[2025-10-17T03:50:23.007+0000] {logging_mixin.py:188} INFO - [2025-10-17T03:50:23.007+0000] {dagbag.py:545} INFO - Filling up the DagBag from /home/airflow/.local/lib/python3.12/site-packages/airflow/example_dags/example_trigger_controller_dag.py
[2025-10-17T03:50:23.012+0000] {processor.py:840} INFO - DAG(s) 'example_trigger_controller_dag' retrieved from /home/airflow/.local/lib/python3.12/site-packages/airflow/example_dags/example_trigger_controller_dag.py
[2025-10-17T03:50:23.029+0000] {logging_mixin.py:188} INFO - [2025-10-17T03:50:23.029+0000] {dag.py:3096} INFO - Sync 1 DAGs
[2025-10-17T03:50:23.047+0000] {logging_mixin.py:188} INFO - [2025-10-17T03:50:23.047+0000] {dag.py:3954} INFO - Setting next_dagrun for example_trigger_controller_dag to 2021-01-01 00:00:00+00:00, run_after=2021-01-01 00:00:00+00:00
[2025-10-17T03:50:23.194+0000] {processor.py:183} INFO - Processing /home/airflow/.local/lib/python3.12/site-packages/airflow/example_dags/example_trigger_controller_dag.py took 0.198 seconds
[2025-10-17T03:50:54.073+0000] {processor.py:161} INFO - Started process (PID=6540) to work on /home/airflow/.local/lib/python3.12/site-packages/airflow/example_dags/example_trigger_controller_dag.py
[2025-10-17T03:50:54.074+0000] {processor.py:830} INFO - Processing file /home/airflow/.local/lib/python3.12/site-packages/airflow/example_dags/example_trigger_controller_dag.py for tasks to queue
[2025-10-17T03:50:54.077+0000] {logging_mixin.py:188} INFO - [2025-10-17T03:50:54.076+0000] {dagbag.py:545} INFO - Filling up the DagBag from /home/airflow/.local/lib/python3.12/site-packages/airflow/example_dags/example_trigger_controller_dag.py
[2025-10-17T03:50:54.082+0000] {processor.py:840} INFO - DAG(s) 'example_trigger_controller_dag' retrieved from /home/airflow/.local/lib/python3.12/site-packages/airflow/example_dags/example_trigger_controller_dag.py
[2025-10-17T03:50:54.099+0000] {logging_mixin.py:188} INFO - [2025-10-17T03:50:54.099+0000] {dag.py:3096} INFO - Sync 1 DAGs
[2025-10-17T03:50:54.118+0000] {logging_mixin.py:188} INFO - [2025-10-17T03:50:54.118+0000] {dag.py:3954} INFO - Setting next_dagrun for example_trigger_controller_dag to 2021-01-01 00:00:00+00:00, run_after=2021-01-01 00:00:00+00:00
[2025-10-17T03:50:54.139+0000] {processor.py:183} INFO - Processing /home/airflow/.local/lib/python3.12/site-packages/airflow/example_dags/example_trigger_controller_dag.py took 0.072 seconds
[2025-10-17T03:51:24.664+0000] {processor.py:161} INFO - Started process (PID=6599) to work on /home/airflow/.local/lib/python3.12/site-packages/airflow/example_dags/example_trigger_controller_dag.py
[2025-10-17T03:51:24.665+0000] {processor.py:830} INFO - Processing file /home/airflow/.local/lib/python3.12/site-packages/airflow/example_dags/example_trigger_controller_dag.py for tasks to queue
[2025-10-17T03:51:24.667+0000] {logging_mixin.py:188} INFO - [2025-10-17T03:51:24.666+0000] {dagbag.py:545} INFO - Filling up the DagBag from /home/airflow/.local/lib/python3.12/site-packages/airflow/example_dags/example_trigger_controller_dag.py
[2025-10-17T03:51:24.671+0000] {processor.py:840} INFO - DAG(s) 'example_trigger_controller_dag' retrieved from /home/airflow/.local/lib/python3.12/site-packages/airflow/example_dags/example_trigger_controller_dag.py
[2025-10-17T03:51:24.689+0000] {logging_mixin.py:188} INFO - [2025-10-17T03:51:24.688+0000] {dag.py:3096} INFO - Sync 1 DAGs
[2025-10-17T03:51:24.710+0000] {logging_mixin.py:188} INFO - [2025-10-17T03:51:24.710+0000] {dag.py:3954} INFO - Setting next_dagrun for example_trigger_controller_dag to 2021-01-01 00:00:00+00:00, run_after=2021-01-01 00:00:00+00:00
[2025-10-17T03:51:24.732+0000] {processor.py:183} INFO - Processing /home/airflow/.local/lib/python3.12/site-packages/airflow/example_dags/example_trigger_controller_dag.py took 0.073 seconds
[2025-10-17T03:51:54.857+0000] {processor.py:161} INFO - Started process (PID=6657) to work on /home/airflow/.local/lib/python3.12/site-packages/airflow/example_dags/example_trigger_controller_dag.py
[2025-10-17T03:51:54.858+0000] {processor.py:830} INFO - Processing file /home/airflow/.local/lib/python3.12/site-packages/airflow/example_dags/example_trigger_controller_dag.py for tasks to queue
[2025-10-17T03:51:54.860+0000] {logging_mixin.py:188} INFO - [2025-10-17T03:51:54.860+0000] {dagbag.py:545} INFO - Filling up the DagBag from /home/airflow/.local/lib/python3.12/site-packages/airflow/example_dags/example_trigger_controller_dag.py
[2025-10-17T03:51:54.865+0000] {processor.py:840} INFO - DAG(s) 'example_trigger_controller_dag' retrieved from /home/airflow/.local/lib/python3.12/site-packages/airflow/example_dags/example_trigger_controller_dag.py
[2025-10-17T03:51:54.885+0000] {logging_mixin.py:188} INFO - [2025-10-17T03:51:54.885+0000] {dag.py:3096} INFO - Sync 1 DAGs
[2025-10-17T03:51:54.903+0000] {logging_mixin.py:188} INFO - [2025-10-17T03:51:54.903+0000] {dag.py:3954} INFO - Setting next_dagrun for example_trigger_controller_dag to 2021-01-01 00:00:00+00:00, run_after=2021-01-01 00:00:00+00:00
[2025-10-17T03:51:54.922+0000] {processor.py:183} INFO - Processing /home/airflow/.local/lib/python3.12/site-packages/airflow/example_dags/example_trigger_controller_dag.py took 0.070 seconds
[2025-10-17T03:52:25.926+0000] {processor.py:161} INFO - Started process (PID=6717) to work on /home/airflow/.local/lib/python3.12/site-packages/airflow/example_dags/example_trigger_controller_dag.py
[2025-10-17T03:52:25.927+0000] {processor.py:830} INFO - Processing file /home/airflow/.local/lib/python3.12/site-packages/airflow/example_dags/example_trigger_controller_dag.py for tasks to queue
[2025-10-17T03:52:25.929+0000] {logging_mixin.py:188} INFO - [2025-10-17T03:52:25.928+0000] {dagbag.py:545} INFO - Filling up the DagBag from /home/airflow/.local/lib/python3.12/site-packages/airflow/example_dags/example_trigger_controller_dag.py
[2025-10-17T03:52:25.934+0000] {processor.py:840} INFO - DAG(s) 'example_trigger_controller_dag' retrieved from /home/airflow/.local/lib/python3.12/site-packages/airflow/example_dags/example_trigger_controller_dag.py
[2025-10-17T03:52:25.951+0000] {logging_mixin.py:188} INFO - [2025-10-17T03:52:25.951+0000] {dag.py:3096} INFO - Sync 1 DAGs
[2025-10-17T03:52:25.971+0000] {logging_mixin.py:188} INFO - [2025-10-17T03:52:25.971+0000] {dag.py:3954} INFO - Setting next_dagrun for example_trigger_controller_dag to 2021-01-01 00:00:00+00:00, run_after=2021-01-01 00:00:00+00:00
[2025-10-17T03:52:25.987+0000] {processor.py:183} INFO - Processing /home/airflow/.local/lib/python3.12/site-packages/airflow/example_dags/example_trigger_controller_dag.py took 0.067 seconds
[2025-10-17T03:52:57.316+0000] {processor.py:161} INFO - Started process (PID=6776) to work on /home/airflow/.local/lib/python3.12/site-packages/airflow/example_dags/example_trigger_controller_dag.py
[2025-10-17T03:52:57.317+0000] {processor.py:830} INFO - Processing file /home/airflow/.local/lib/python3.12/site-packages/airflow/example_dags/example_trigger_controller_dag.py for tasks to queue
[2025-10-17T03:52:57.319+0000] {logging_mixin.py:188} INFO - [2025-10-17T03:52:57.319+0000] {dagbag.py:545} INFO - Filling up the DagBag from /home/airflow/.local/lib/python3.12/site-packages/airflow/example_dags/example_trigger_controller_dag.py
[2025-10-17T03:52:57.323+0000] {processor.py:840} INFO - DAG(s) 'example_trigger_controller_dag' retrieved from /home/airflow/.local/lib/python3.12/site-packages/airflow/example_dags/example_trigger_controller_dag.py
[2025-10-17T03:52:57.341+0000] {logging_mixin.py:188} INFO - [2025-10-17T03:52:57.341+0000] {dag.py:3096} INFO - Sync 1 DAGs
[2025-10-17T03:52:57.359+0000] {logging_mixin.py:188} INFO - [2025-10-17T03:52:57.359+0000] {dag.py:3954} INFO - Setting next_dagrun for example_trigger_controller_dag to 2021-01-01 00:00:00+00:00, run_after=2021-01-01 00:00:00+00:00
[2025-10-17T03:52:57.377+0000] {processor.py:183} INFO - Processing /home/airflow/.local/lib/python3.12/site-packages/airflow/example_dags/example_trigger_controller_dag.py took 0.065 seconds
[2025-10-17T03:53:27.465+0000] {processor.py:161} INFO - Started process (PID=6835) to work on /home/airflow/.local/lib/python3.12/site-packages/airflow/example_dags/example_trigger_controller_dag.py
[2025-10-17T03:53:27.466+0000] {processor.py:830} INFO - Processing file /home/airflow/.local/lib/python3.12/site-packages/airflow/example_dags/example_trigger_controller_dag.py for tasks to queue
[2025-10-17T03:53:27.469+0000] {logging_mixin.py:188} INFO - [2025-10-17T03:53:27.468+0000] {dagbag.py:545} INFO - Filling up the DagBag from /home/airflow/.local/lib/python3.12/site-packages/airflow/example_dags/example_trigger_controller_dag.py
[2025-10-17T03:53:27.473+0000] {processor.py:840} INFO - DAG(s) 'example_trigger_controller_dag' retrieved from /home/airflow/.local/lib/python3.12/site-packages/airflow/example_dags/example_trigger_controller_dag.py
[2025-10-17T03:53:27.491+0000] {logging_mixin.py:188} INFO - [2025-10-17T03:53:27.491+0000] {dag.py:3096} INFO - Sync 1 DAGs
[2025-10-17T03:53:27.510+0000] {logging_mixin.py:188} INFO - [2025-10-17T03:53:27.510+0000] {dag.py:3954} INFO - Setting next_dagrun for example_trigger_controller_dag to 2021-01-01 00:00:00+00:00, run_after=2021-01-01 00:00:00+00:00
[2025-10-17T03:53:27.527+0000] {processor.py:183} INFO - Processing /home/airflow/.local/lib/python3.12/site-packages/airflow/example_dags/example_trigger_controller_dag.py took 0.067 seconds
[2025-10-17T03:53:57.811+0000] {processor.py:161} INFO - Started process (PID=6894) to work on /home/airflow/.local/lib/python3.12/site-packages/airflow/example_dags/example_trigger_controller_dag.py
[2025-10-17T03:53:57.813+0000] {processor.py:830} INFO - Processing file /home/airflow/.local/lib/python3.12/site-packages/airflow/example_dags/example_trigger_controller_dag.py for tasks to queue
[2025-10-17T03:53:57.815+0000] {logging_mixin.py:188} INFO - [2025-10-17T03:53:57.814+0000] {dagbag.py:545} INFO - Filling up the DagBag from /home/airflow/.local/lib/python3.12/site-packages/airflow/example_dags/example_trigger_controller_dag.py
[2025-10-17T03:53:57.819+0000] {processor.py:840} INFO - DAG(s) 'example_trigger_controller_dag' retrieved from /home/airflow/.local/lib/python3.12/site-packages/airflow/example_dags/example_trigger_controller_dag.py
[2025-10-17T03:53:57.839+0000] {logging_mixin.py:188} INFO - [2025-10-17T03:53:57.839+0000] {dag.py:3096} INFO - Sync 1 DAGs
[2025-10-17T03:53:57.861+0000] {logging_mixin.py:188} INFO - [2025-10-17T03:53:57.861+0000] {dag.py:3954} INFO - Setting next_dagrun for example_trigger_controller_dag to 2021-01-01 00:00:00+00:00, run_after=2021-01-01 00:00:00+00:00
[2025-10-17T03:53:57.882+0000] {processor.py:183} INFO - Processing /home/airflow/.local/lib/python3.12/site-packages/airflow/example_dags/example_trigger_controller_dag.py took 0.076 seconds
[2025-10-17T03:54:28.014+0000] {processor.py:161} INFO - Started process (PID=6953) to work on /home/airflow/.local/lib/python3.12/site-packages/airflow/example_dags/example_trigger_controller_dag.py
[2025-10-17T03:54:28.015+0000] {processor.py:830} INFO - Processing file /home/airflow/.local/lib/python3.12/site-packages/airflow/example_dags/example_trigger_controller_dag.py for tasks to queue
[2025-10-17T03:54:28.017+0000] {logging_mixin.py:188} INFO - [2025-10-17T03:54:28.017+0000] {dagbag.py:545} INFO - Filling up the DagBag from /home/airflow/.local/lib/python3.12/site-packages/airflow/example_dags/example_trigger_controller_dag.py
[2025-10-17T03:54:28.022+0000] {processor.py:840} INFO - DAG(s) 'example_trigger_controller_dag' retrieved from /home/airflow/.local/lib/python3.12/site-packages/airflow/example_dags/example_trigger_controller_dag.py
[2025-10-17T03:54:28.039+0000] {logging_mixin.py:188} INFO - [2025-10-17T03:54:28.039+0000] {dag.py:3096} INFO - Sync 1 DAGs
[2025-10-17T03:54:28.058+0000] {logging_mixin.py:188} INFO - [2025-10-17T03:54:28.058+0000] {dag.py:3954} INFO - Setting next_dagrun for example_trigger_controller_dag to 2021-01-01 00:00:00+00:00, run_after=2021-01-01 00:00:00+00:00
[2025-10-17T03:54:28.074+0000] {processor.py:183} INFO - Processing /home/airflow/.local/lib/python3.12/site-packages/airflow/example_dags/example_trigger_controller_dag.py took 0.065 seconds
[2025-10-17T03:54:58.982+0000] {processor.py:161} INFO - Started process (PID=7012) to work on /home/airflow/.local/lib/python3.12/site-packages/airflow/example_dags/example_trigger_controller_dag.py
[2025-10-17T03:54:58.983+0000] {processor.py:830} INFO - Processing file /home/airflow/.local/lib/python3.12/site-packages/airflow/example_dags/example_trigger_controller_dag.py for tasks to queue
[2025-10-17T03:54:58.985+0000] {logging_mixin.py:188} INFO - [2025-10-17T03:54:58.985+0000] {dagbag.py:545} INFO - Filling up the DagBag from /home/airflow/.local/lib/python3.12/site-packages/airflow/example_dags/example_trigger_controller_dag.py
[2025-10-17T03:54:58.990+0000] {processor.py:840} INFO - DAG(s) 'example_trigger_controller_dag' retrieved from /home/airflow/.local/lib/python3.12/site-packages/airflow/example_dags/example_trigger_controller_dag.py
[2025-10-17T03:54:59.007+0000] {logging_mixin.py:188} INFO - [2025-10-17T03:54:59.006+0000] {dag.py:3096} INFO - Sync 1 DAGs
[2025-10-17T03:54:59.025+0000] {logging_mixin.py:188} INFO - [2025-10-17T03:54:59.024+0000] {dag.py:3954} INFO - Setting next_dagrun for example_trigger_controller_dag to 2021-01-01 00:00:00+00:00, run_after=2021-01-01 00:00:00+00:00
[2025-10-17T03:54:59.042+0000] {processor.py:183} INFO - Processing /home/airflow/.local/lib/python3.12/site-packages/airflow/example_dags/example_trigger_controller_dag.py took 0.065 seconds
[2025-10-17T03:55:29.285+0000] {processor.py:161} INFO - Started process (PID=7071) to work on /home/airflow/.local/lib/python3.12/site-packages/airflow/example_dags/example_trigger_controller_dag.py
[2025-10-17T03:55:29.286+0000] {processor.py:830} INFO - Processing file /home/airflow/.local/lib/python3.12/site-packages/airflow/example_dags/example_trigger_controller_dag.py for tasks to queue
[2025-10-17T03:55:29.289+0000] {logging_mixin.py:188} INFO - [2025-10-17T03:55:29.288+0000] {dagbag.py:545} INFO - Filling up the DagBag from /home/airflow/.local/lib/python3.12/site-packages/airflow/example_dags/example_trigger_controller_dag.py
[2025-10-17T03:55:29.293+0000] {processor.py:840} INFO - DAG(s) 'example_trigger_controller_dag' retrieved from /home/airflow/.local/lib/python3.12/site-packages/airflow/example_dags/example_trigger_controller_dag.py
[2025-10-17T03:55:29.311+0000] {logging_mixin.py:188} INFO - [2025-10-17T03:55:29.310+0000] {dag.py:3096} INFO - Sync 1 DAGs
[2025-10-17T03:55:29.329+0000] {logging_mixin.py:188} INFO - [2025-10-17T03:55:29.328+0000] {dag.py:3954} INFO - Setting next_dagrun for example_trigger_controller_dag to 2021-01-01 00:00:00+00:00, run_after=2021-01-01 00:00:00+00:00
[2025-10-17T03:55:29.345+0000] {processor.py:183} INFO - Processing /home/airflow/.local/lib/python3.12/site-packages/airflow/example_dags/example_trigger_controller_dag.py took 0.065 seconds
[2025-10-17T03:56:00.890+0000] {processor.py:161} INFO - Started process (PID=7130) to work on /home/airflow/.local/lib/python3.12/site-packages/airflow/example_dags/example_trigger_controller_dag.py
[2025-10-17T03:56:00.893+0000] {processor.py:830} INFO - Processing file /home/airflow/.local/lib/python3.12/site-packages/airflow/example_dags/example_trigger_controller_dag.py for tasks to queue
[2025-10-17T03:56:00.897+0000] {logging_mixin.py:188} INFO - [2025-10-17T03:56:00.896+0000] {dagbag.py:545} INFO - Filling up the DagBag from /home/airflow/.local/lib/python3.12/site-packages/airflow/example_dags/example_trigger_controller_dag.py
[2025-10-17T03:56:00.908+0000] {processor.py:840} INFO - DAG(s) 'example_trigger_controller_dag' retrieved from /home/airflow/.local/lib/python3.12/site-packages/airflow/example_dags/example_trigger_controller_dag.py
[2025-10-17T03:56:00.942+0000] {logging_mixin.py:188} INFO - [2025-10-17T03:56:00.942+0000] {dag.py:3096} INFO - Sync 1 DAGs
[2025-10-17T03:56:00.992+0000] {logging_mixin.py:188} INFO - [2025-10-17T03:56:00.991+0000] {dag.py:3954} INFO - Setting next_dagrun for example_trigger_controller_dag to 2021-01-01 00:00:00+00:00, run_after=2021-01-01 00:00:00+00:00
[2025-10-17T03:56:01.065+0000] {processor.py:183} INFO - Processing /home/airflow/.local/lib/python3.12/site-packages/airflow/example_dags/example_trigger_controller_dag.py took 0.185 seconds
[2025-10-17T03:56:31.886+0000] {processor.py:161} INFO - Started process (PID=7189) to work on /home/airflow/.local/lib/python3.12/site-packages/airflow/example_dags/example_trigger_controller_dag.py
[2025-10-17T03:56:31.887+0000] {processor.py:830} INFO - Processing file /home/airflow/.local/lib/python3.12/site-packages/airflow/example_dags/example_trigger_controller_dag.py for tasks to queue
[2025-10-17T03:56:31.890+0000] {logging_mixin.py:188} INFO - [2025-10-17T03:56:31.889+0000] {dagbag.py:545} INFO - Filling up the DagBag from /home/airflow/.local/lib/python3.12/site-packages/airflow/example_dags/example_trigger_controller_dag.py
[2025-10-17T03:56:31.895+0000] {processor.py:840} INFO - DAG(s) 'example_trigger_controller_dag' retrieved from /home/airflow/.local/lib/python3.12/site-packages/airflow/example_dags/example_trigger_controller_dag.py
[2025-10-17T03:56:31.916+0000] {logging_mixin.py:188} INFO - [2025-10-17T03:56:31.915+0000] {dag.py:3096} INFO - Sync 1 DAGs
[2025-10-17T03:56:31.935+0000] {logging_mixin.py:188} INFO - [2025-10-17T03:56:31.935+0000] {dag.py:3954} INFO - Setting next_dagrun for example_trigger_controller_dag to 2021-01-01 00:00:00+00:00, run_after=2021-01-01 00:00:00+00:00
[2025-10-17T03:56:31.955+0000] {processor.py:183} INFO - Processing /home/airflow/.local/lib/python3.12/site-packages/airflow/example_dags/example_trigger_controller_dag.py took 0.077 seconds
[2025-10-17T03:57:02.210+0000] {processor.py:161} INFO - Started process (PID=7248) to work on /home/airflow/.local/lib/python3.12/site-packages/airflow/example_dags/example_trigger_controller_dag.py
[2025-10-17T03:57:02.211+0000] {processor.py:830} INFO - Processing file /home/airflow/.local/lib/python3.12/site-packages/airflow/example_dags/example_trigger_controller_dag.py for tasks to queue
[2025-10-17T03:57:02.214+0000] {logging_mixin.py:188} INFO - [2025-10-17T03:57:02.214+0000] {dagbag.py:545} INFO - Filling up the DagBag from /home/airflow/.local/lib/python3.12/site-packages/airflow/example_dags/example_trigger_controller_dag.py
[2025-10-17T03:57:02.220+0000] {processor.py:840} INFO - DAG(s) 'example_trigger_controller_dag' retrieved from /home/airflow/.local/lib/python3.12/site-packages/airflow/example_dags/example_trigger_controller_dag.py
[2025-10-17T03:57:02.249+0000] {logging_mixin.py:188} INFO - [2025-10-17T03:57:02.249+0000] {dag.py:3096} INFO - Sync 1 DAGs
[2025-10-17T03:57:02.274+0000] {logging_mixin.py:188} INFO - [2025-10-17T03:57:02.274+0000] {dag.py:3954} INFO - Setting next_dagrun for example_trigger_controller_dag to 2021-01-01 00:00:00+00:00, run_after=2021-01-01 00:00:00+00:00
[2025-10-17T03:57:02.304+0000] {processor.py:183} INFO - Processing /home/airflow/.local/lib/python3.12/site-packages/airflow/example_dags/example_trigger_controller_dag.py took 0.100 seconds
[2025-10-17T03:57:32.501+0000] {processor.py:161} INFO - Started process (PID=7307) to work on /home/airflow/.local/lib/python3.12/site-packages/airflow/example_dags/example_trigger_controller_dag.py
[2025-10-17T03:57:32.502+0000] {processor.py:830} INFO - Processing file /home/airflow/.local/lib/python3.12/site-packages/airflow/example_dags/example_trigger_controller_dag.py for tasks to queue
[2025-10-17T03:57:32.505+0000] {logging_mixin.py:188} INFO - [2025-10-17T03:57:32.504+0000] {dagbag.py:545} INFO - Filling up the DagBag from /home/airflow/.local/lib/python3.12/site-packages/airflow/example_dags/example_trigger_controller_dag.py
[2025-10-17T03:57:32.510+0000] {processor.py:840} INFO - DAG(s) 'example_trigger_controller_dag' retrieved from /home/airflow/.local/lib/python3.12/site-packages/airflow/example_dags/example_trigger_controller_dag.py
[2025-10-17T03:57:32.542+0000] {logging_mixin.py:188} INFO - [2025-10-17T03:57:32.541+0000] {dag.py:3096} INFO - Sync 1 DAGs
[2025-10-17T03:57:32.564+0000] {logging_mixin.py:188} INFO - [2025-10-17T03:57:32.564+0000] {dag.py:3954} INFO - Setting next_dagrun for example_trigger_controller_dag to 2021-01-01 00:00:00+00:00, run_after=2021-01-01 00:00:00+00:00
[2025-10-17T03:57:32.586+0000] {processor.py:183} INFO - Processing /home/airflow/.local/lib/python3.12/site-packages/airflow/example_dags/example_trigger_controller_dag.py took 0.090 seconds
[2025-10-17T03:58:02.882+0000] {processor.py:161} INFO - Started process (PID=7366) to work on /home/airflow/.local/lib/python3.12/site-packages/airflow/example_dags/example_trigger_controller_dag.py
[2025-10-17T03:58:02.883+0000] {processor.py:830} INFO - Processing file /home/airflow/.local/lib/python3.12/site-packages/airflow/example_dags/example_trigger_controller_dag.py for tasks to queue
[2025-10-17T03:58:02.886+0000] {logging_mixin.py:188} INFO - [2025-10-17T03:58:02.885+0000] {dagbag.py:545} INFO - Filling up the DagBag from /home/airflow/.local/lib/python3.12/site-packages/airflow/example_dags/example_trigger_controller_dag.py
[2025-10-17T03:58:02.893+0000] {processor.py:840} INFO - DAG(s) 'example_trigger_controller_dag' retrieved from /home/airflow/.local/lib/python3.12/site-packages/airflow/example_dags/example_trigger_controller_dag.py
[2025-10-17T03:58:02.920+0000] {logging_mixin.py:188} INFO - [2025-10-17T03:58:02.920+0000] {dag.py:3096} INFO - Sync 1 DAGs
[2025-10-17T03:58:02.953+0000] {logging_mixin.py:188} INFO - [2025-10-17T03:58:02.953+0000] {dag.py:3954} INFO - Setting next_dagrun for example_trigger_controller_dag to 2021-01-01 00:00:00+00:00, run_after=2021-01-01 00:00:00+00:00
[2025-10-17T03:58:02.975+0000] {processor.py:183} INFO - Processing /home/airflow/.local/lib/python3.12/site-packages/airflow/example_dags/example_trigger_controller_dag.py took 0.100 seconds
[2025-10-17T03:58:33.723+0000] {processor.py:161} INFO - Started process (PID=7426) to work on /home/airflow/.local/lib/python3.12/site-packages/airflow/example_dags/example_trigger_controller_dag.py
[2025-10-17T03:58:33.725+0000] {processor.py:830} INFO - Processing file /home/airflow/.local/lib/python3.12/site-packages/airflow/example_dags/example_trigger_controller_dag.py for tasks to queue
[2025-10-17T03:58:33.727+0000] {logging_mixin.py:188} INFO - [2025-10-17T03:58:33.726+0000] {dagbag.py:545} INFO - Filling up the DagBag from /home/airflow/.local/lib/python3.12/site-packages/airflow/example_dags/example_trigger_controller_dag.py
[2025-10-17T03:58:33.731+0000] {processor.py:840} INFO - DAG(s) 'example_trigger_controller_dag' retrieved from /home/airflow/.local/lib/python3.12/site-packages/airflow/example_dags/example_trigger_controller_dag.py
[2025-10-17T03:58:33.748+0000] {logging_mixin.py:188} INFO - [2025-10-17T03:58:33.748+0000] {dag.py:3096} INFO - Sync 1 DAGs
[2025-10-17T03:58:33.767+0000] {logging_mixin.py:188} INFO - [2025-10-17T03:58:33.766+0000] {dag.py:3954} INFO - Setting next_dagrun for example_trigger_controller_dag to 2021-01-01 00:00:00+00:00, run_after=2021-01-01 00:00:00+00:00
[2025-10-17T03:58:33.786+0000] {processor.py:183} INFO - Processing /home/airflow/.local/lib/python3.12/site-packages/airflow/example_dags/example_trigger_controller_dag.py took 0.068 seconds
[2025-10-17T03:59:03.858+0000] {processor.py:161} INFO - Started process (PID=7485) to work on /home/airflow/.local/lib/python3.12/site-packages/airflow/example_dags/example_trigger_controller_dag.py
[2025-10-17T03:59:03.859+0000] {processor.py:830} INFO - Processing file /home/airflow/.local/lib/python3.12/site-packages/airflow/example_dags/example_trigger_controller_dag.py for tasks to queue
[2025-10-17T03:59:03.861+0000] {logging_mixin.py:188} INFO - [2025-10-17T03:59:03.861+0000] {dagbag.py:545} INFO - Filling up the DagBag from /home/airflow/.local/lib/python3.12/site-packages/airflow/example_dags/example_trigger_controller_dag.py
[2025-10-17T03:59:03.866+0000] {processor.py:840} INFO - DAG(s) 'example_trigger_controller_dag' retrieved from /home/airflow/.local/lib/python3.12/site-packages/airflow/example_dags/example_trigger_controller_dag.py
[2025-10-17T03:59:03.876+0000] {logging_mixin.py:188} INFO - [2025-10-17T03:59:03.876+0000] {dag.py:3096} INFO - Sync 1 DAGs
[2025-10-17T03:59:03.897+0000] {logging_mixin.py:188} INFO - [2025-10-17T03:59:03.897+0000] {dag.py:3954} INFO - Setting next_dagrun for example_trigger_controller_dag to 2021-01-01 00:00:00+00:00, run_after=2021-01-01 00:00:00+00:00
[2025-10-17T03:59:03.913+0000] {processor.py:183} INFO - Processing /home/airflow/.local/lib/python3.12/site-packages/airflow/example_dags/example_trigger_controller_dag.py took 0.061 seconds
[2025-10-17T03:59:34.477+0000] {processor.py:161} INFO - Started process (PID=7544) to work on /home/airflow/.local/lib/python3.12/site-packages/airflow/example_dags/example_trigger_controller_dag.py
[2025-10-17T03:59:34.478+0000] {processor.py:830} INFO - Processing file /home/airflow/.local/lib/python3.12/site-packages/airflow/example_dags/example_trigger_controller_dag.py for tasks to queue
[2025-10-17T03:59:34.481+0000] {logging_mixin.py:188} INFO - [2025-10-17T03:59:34.481+0000] {dagbag.py:545} INFO - Filling up the DagBag from /home/airflow/.local/lib/python3.12/site-packages/airflow/example_dags/example_trigger_controller_dag.py
[2025-10-17T03:59:34.486+0000] {processor.py:840} INFO - DAG(s) 'example_trigger_controller_dag' retrieved from /home/airflow/.local/lib/python3.12/site-packages/airflow/example_dags/example_trigger_controller_dag.py
[2025-10-17T03:59:34.588+0000] {logging_mixin.py:188} INFO - [2025-10-17T03:59:34.588+0000] {dag.py:3096} INFO - Sync 1 DAGs
[2025-10-17T03:59:34.615+0000] {logging_mixin.py:188} INFO - [2025-10-17T03:59:34.615+0000] {dag.py:3954} INFO - Setting next_dagrun for example_trigger_controller_dag to 2021-01-01 00:00:00+00:00, run_after=2021-01-01 00:00:00+00:00
[2025-10-17T03:59:34.642+0000] {processor.py:183} INFO - Processing /home/airflow/.local/lib/python3.12/site-packages/airflow/example_dags/example_trigger_controller_dag.py took 0.171 seconds
[2025-10-17T04:00:04.802+0000] {processor.py:161} INFO - Started process (PID=7603) to work on /home/airflow/.local/lib/python3.12/site-packages/airflow/example_dags/example_trigger_controller_dag.py
[2025-10-17T04:00:04.803+0000] {processor.py:830} INFO - Processing file /home/airflow/.local/lib/python3.12/site-packages/airflow/example_dags/example_trigger_controller_dag.py for tasks to queue
[2025-10-17T04:00:04.805+0000] {logging_mixin.py:188} INFO - [2025-10-17T04:00:04.805+0000] {dagbag.py:545} INFO - Filling up the DagBag from /home/airflow/.local/lib/python3.12/site-packages/airflow/example_dags/example_trigger_controller_dag.py
[2025-10-17T04:00:04.810+0000] {processor.py:840} INFO - DAG(s) 'example_trigger_controller_dag' retrieved from /home/airflow/.local/lib/python3.12/site-packages/airflow/example_dags/example_trigger_controller_dag.py
[2025-10-17T04:00:04.829+0000] {logging_mixin.py:188} INFO - [2025-10-17T04:00:04.829+0000] {dag.py:3096} INFO - Sync 1 DAGs
[2025-10-17T04:00:04.849+0000] {logging_mixin.py:188} INFO - [2025-10-17T04:00:04.848+0000] {dag.py:3954} INFO - Setting next_dagrun for example_trigger_controller_dag to 2021-01-01 00:00:00+00:00, run_after=2021-01-01 00:00:00+00:00
[2025-10-17T04:00:04.866+0000] {processor.py:183} INFO - Processing /home/airflow/.local/lib/python3.12/site-packages/airflow/example_dags/example_trigger_controller_dag.py took 0.070 seconds
[2025-10-17T04:00:35.023+0000] {processor.py:161} INFO - Started process (PID=7662) to work on /home/airflow/.local/lib/python3.12/site-packages/airflow/example_dags/example_trigger_controller_dag.py
[2025-10-17T04:00:35.024+0000] {processor.py:830} INFO - Processing file /home/airflow/.local/lib/python3.12/site-packages/airflow/example_dags/example_trigger_controller_dag.py for tasks to queue
[2025-10-17T04:00:35.027+0000] {logging_mixin.py:188} INFO - [2025-10-17T04:00:35.027+0000] {dagbag.py:545} INFO - Filling up the DagBag from /home/airflow/.local/lib/python3.12/site-packages/airflow/example_dags/example_trigger_controller_dag.py
[2025-10-17T04:00:35.034+0000] {processor.py:840} INFO - DAG(s) 'example_trigger_controller_dag' retrieved from /home/airflow/.local/lib/python3.12/site-packages/airflow/example_dags/example_trigger_controller_dag.py
[2025-10-17T04:00:35.056+0000] {logging_mixin.py:188} INFO - [2025-10-17T04:00:35.056+0000] {dag.py:3096} INFO - Sync 1 DAGs
[2025-10-17T04:00:35.076+0000] {logging_mixin.py:188} INFO - [2025-10-17T04:00:35.075+0000] {dag.py:3954} INFO - Setting next_dagrun for example_trigger_controller_dag to 2021-01-01 00:00:00+00:00, run_after=2021-01-01 00:00:00+00:00
[2025-10-17T04:00:35.097+0000] {processor.py:183} INFO - Processing /home/airflow/.local/lib/python3.12/site-packages/airflow/example_dags/example_trigger_controller_dag.py took 0.081 seconds
