[2025-10-17T02:55:10.037+0000] {processor.py:161} INFO - Started process (PID=68) to work on /home/airflow/.local/lib/python3.12/site-packages/airflow/example_dags/example_dynamic_task_mapping.py
[2025-10-17T02:55:10.041+0000] {processor.py:830} INFO - Processing file /home/airflow/.local/lib/python3.12/site-packages/airflow/example_dags/example_dynamic_task_mapping.py for tasks to queue
[2025-10-17T02:55:10.045+0000] {logging_mixin.py:188} INFO - [2025-10-17T02:55:10.044+0000] {dagbag.py:545} INFO - Filling up the DagBag from /home/airflow/.local/lib/python3.12/site-packages/airflow/example_dags/example_dynamic_task_mapping.py
[2025-10-17T02:55:10.080+0000] {processor.py:840} INFO - DAG(s) 'example_dynamic_task_mapping' retrieved from /home/airflow/.local/lib/python3.12/site-packages/airflow/example_dags/example_dynamic_task_mapping.py
[2025-10-17T02:55:10.416+0000] {logging_mixin.py:188} INFO - [2025-10-17T02:55:10.415+0000] {override.py:1829} INFO - Created Permission View: can read on DAG:example_dynamic_task_mapping
[2025-10-17T02:55:10.431+0000] {logging_mixin.py:188} INFO - [2025-10-17T02:55:10.431+0000] {override.py:1829} INFO - Created Permission View: can delete on DAG:example_dynamic_task_mapping
[2025-10-17T02:55:10.440+0000] {logging_mixin.py:188} INFO - [2025-10-17T02:55:10.440+0000] {override.py:1829} INFO - Created Permission View: can edit on DAG:example_dynamic_task_mapping
[2025-10-17T02:55:10.441+0000] {logging_mixin.py:188} INFO - [2025-10-17T02:55:10.440+0000] {dag.py:3096} INFO - Sync 1 DAGs
[2025-10-17T02:55:10.483+0000] {logging_mixin.py:188} INFO - [2025-10-17T02:55:10.483+0000] {dag.py:3118} INFO - Creating ORM DAG for example_dynamic_task_mapping
[2025-10-17T02:55:10.522+0000] {logging_mixin.py:188} INFO - [2025-10-17T02:55:10.521+0000] {dag.py:3954} INFO - Setting next_dagrun for example_dynamic_task_mapping to 2022-03-04 00:00:00+00:00, run_after=2022-03-05 00:00:00+00:00
[2025-10-17T02:55:10.558+0000] {processor.py:183} INFO - Processing /home/airflow/.local/lib/python3.12/site-packages/airflow/example_dags/example_dynamic_task_mapping.py took 0.543 seconds
[2025-10-17T02:55:40.663+0000] {processor.py:161} INFO - Started process (PID=126) to work on /home/airflow/.local/lib/python3.12/site-packages/airflow/example_dags/example_dynamic_task_mapping.py
[2025-10-17T02:55:40.664+0000] {processor.py:830} INFO - Processing file /home/airflow/.local/lib/python3.12/site-packages/airflow/example_dags/example_dynamic_task_mapping.py for tasks to queue
[2025-10-17T02:55:40.666+0000] {logging_mixin.py:188} INFO - [2025-10-17T02:55:40.666+0000] {dagbag.py:545} INFO - Filling up the DagBag from /home/airflow/.local/lib/python3.12/site-packages/airflow/example_dags/example_dynamic_task_mapping.py
[2025-10-17T02:55:40.673+0000] {processor.py:840} INFO - DAG(s) 'example_dynamic_task_mapping' retrieved from /home/airflow/.local/lib/python3.12/site-packages/airflow/example_dags/example_dynamic_task_mapping.py
[2025-10-17T02:55:40.697+0000] {logging_mixin.py:188} INFO - [2025-10-17T02:55:40.696+0000] {dag.py:3096} INFO - Sync 1 DAGs
[2025-10-17T02:55:40.717+0000] {logging_mixin.py:188} INFO - [2025-10-17T02:55:40.717+0000] {dag.py:3954} INFO - Setting next_dagrun for example_dynamic_task_mapping to 2022-03-04 00:00:00+00:00, run_after=2022-03-05 00:00:00+00:00
[2025-10-17T02:55:40.738+0000] {processor.py:183} INFO - Processing /home/airflow/.local/lib/python3.12/site-packages/airflow/example_dags/example_dynamic_task_mapping.py took 0.080 seconds
[2025-10-17T02:56:11.305+0000] {processor.py:161} INFO - Started process (PID=185) to work on /home/airflow/.local/lib/python3.12/site-packages/airflow/example_dags/example_dynamic_task_mapping.py
[2025-10-17T02:56:11.306+0000] {processor.py:830} INFO - Processing file /home/airflow/.local/lib/python3.12/site-packages/airflow/example_dags/example_dynamic_task_mapping.py for tasks to queue
[2025-10-17T02:56:11.308+0000] {logging_mixin.py:188} INFO - [2025-10-17T02:56:11.308+0000] {dagbag.py:545} INFO - Filling up the DagBag from /home/airflow/.local/lib/python3.12/site-packages/airflow/example_dags/example_dynamic_task_mapping.py
[2025-10-17T02:56:11.314+0000] {processor.py:840} INFO - DAG(s) 'example_dynamic_task_mapping' retrieved from /home/airflow/.local/lib/python3.12/site-packages/airflow/example_dags/example_dynamic_task_mapping.py
[2025-10-17T02:56:11.333+0000] {logging_mixin.py:188} INFO - [2025-10-17T02:56:11.333+0000] {dag.py:3096} INFO - Sync 1 DAGs
[2025-10-17T02:56:11.351+0000] {logging_mixin.py:188} INFO - [2025-10-17T02:56:11.351+0000] {dag.py:3954} INFO - Setting next_dagrun for example_dynamic_task_mapping to 2022-03-04 00:00:00+00:00, run_after=2022-03-05 00:00:00+00:00
[2025-10-17T02:56:11.371+0000] {processor.py:183} INFO - Processing /home/airflow/.local/lib/python3.12/site-packages/airflow/example_dags/example_dynamic_task_mapping.py took 0.071 seconds
[2025-10-17T02:56:41.658+0000] {processor.py:161} INFO - Started process (PID=244) to work on /home/airflow/.local/lib/python3.12/site-packages/airflow/example_dags/example_dynamic_task_mapping.py
[2025-10-17T02:56:41.659+0000] {processor.py:830} INFO - Processing file /home/airflow/.local/lib/python3.12/site-packages/airflow/example_dags/example_dynamic_task_mapping.py for tasks to queue
[2025-10-17T02:56:41.661+0000] {logging_mixin.py:188} INFO - [2025-10-17T02:56:41.661+0000] {dagbag.py:545} INFO - Filling up the DagBag from /home/airflow/.local/lib/python3.12/site-packages/airflow/example_dags/example_dynamic_task_mapping.py
[2025-10-17T02:56:41.667+0000] {processor.py:840} INFO - DAG(s) 'example_dynamic_task_mapping' retrieved from /home/airflow/.local/lib/python3.12/site-packages/airflow/example_dags/example_dynamic_task_mapping.py
[2025-10-17T02:56:41.686+0000] {logging_mixin.py:188} INFO - [2025-10-17T02:56:41.686+0000] {dag.py:3096} INFO - Sync 1 DAGs
[2025-10-17T02:56:41.705+0000] {logging_mixin.py:188} INFO - [2025-10-17T02:56:41.705+0000] {dag.py:3954} INFO - Setting next_dagrun for example_dynamic_task_mapping to 2022-03-04 00:00:00+00:00, run_after=2022-03-05 00:00:00+00:00
[2025-10-17T02:56:41.737+0000] {processor.py:183} INFO - Processing /home/airflow/.local/lib/python3.12/site-packages/airflow/example_dags/example_dynamic_task_mapping.py took 0.083 seconds
[2025-10-17T02:57:12.122+0000] {processor.py:161} INFO - Started process (PID=303) to work on /home/airflow/.local/lib/python3.12/site-packages/airflow/example_dags/example_dynamic_task_mapping.py
[2025-10-17T02:57:12.123+0000] {processor.py:830} INFO - Processing file /home/airflow/.local/lib/python3.12/site-packages/airflow/example_dags/example_dynamic_task_mapping.py for tasks to queue
[2025-10-17T02:57:12.125+0000] {logging_mixin.py:188} INFO - [2025-10-17T02:57:12.124+0000] {dagbag.py:545} INFO - Filling up the DagBag from /home/airflow/.local/lib/python3.12/site-packages/airflow/example_dags/example_dynamic_task_mapping.py
[2025-10-17T02:57:12.131+0000] {processor.py:840} INFO - DAG(s) 'example_dynamic_task_mapping' retrieved from /home/airflow/.local/lib/python3.12/site-packages/airflow/example_dags/example_dynamic_task_mapping.py
[2025-10-17T02:57:12.153+0000] {logging_mixin.py:188} INFO - [2025-10-17T02:57:12.153+0000] {dag.py:3096} INFO - Sync 1 DAGs
[2025-10-17T02:57:12.172+0000] {logging_mixin.py:188} INFO - [2025-10-17T02:57:12.172+0000] {dag.py:3954} INFO - Setting next_dagrun for example_dynamic_task_mapping to 2022-03-04 00:00:00+00:00, run_after=2022-03-05 00:00:00+00:00
[2025-10-17T02:57:12.189+0000] {processor.py:183} INFO - Processing /home/airflow/.local/lib/python3.12/site-packages/airflow/example_dags/example_dynamic_task_mapping.py took 0.072 seconds
[2025-10-17T02:57:42.257+0000] {processor.py:161} INFO - Started process (PID=362) to work on /home/airflow/.local/lib/python3.12/site-packages/airflow/example_dags/example_dynamic_task_mapping.py
[2025-10-17T02:57:42.259+0000] {processor.py:830} INFO - Processing file /home/airflow/.local/lib/python3.12/site-packages/airflow/example_dags/example_dynamic_task_mapping.py for tasks to queue
[2025-10-17T02:57:42.260+0000] {logging_mixin.py:188} INFO - [2025-10-17T02:57:42.260+0000] {dagbag.py:545} INFO - Filling up the DagBag from /home/airflow/.local/lib/python3.12/site-packages/airflow/example_dags/example_dynamic_task_mapping.py
[2025-10-17T02:57:42.266+0000] {processor.py:840} INFO - DAG(s) 'example_dynamic_task_mapping' retrieved from /home/airflow/.local/lib/python3.12/site-packages/airflow/example_dags/example_dynamic_task_mapping.py
[2025-10-17T02:57:42.283+0000] {logging_mixin.py:188} INFO - [2025-10-17T02:57:42.283+0000] {dag.py:3096} INFO - Sync 1 DAGs
[2025-10-17T02:57:42.300+0000] {logging_mixin.py:188} INFO - [2025-10-17T02:57:42.300+0000] {dag.py:3954} INFO - Setting next_dagrun for example_dynamic_task_mapping to 2022-03-04 00:00:00+00:00, run_after=2022-03-05 00:00:00+00:00
[2025-10-17T02:57:42.330+0000] {processor.py:183} INFO - Processing /home/airflow/.local/lib/python3.12/site-packages/airflow/example_dags/example_dynamic_task_mapping.py took 0.078 seconds
[2025-10-17T02:58:13.113+0000] {processor.py:161} INFO - Started process (PID=421) to work on /home/airflow/.local/lib/python3.12/site-packages/airflow/example_dags/example_dynamic_task_mapping.py
[2025-10-17T02:58:13.114+0000] {processor.py:830} INFO - Processing file /home/airflow/.local/lib/python3.12/site-packages/airflow/example_dags/example_dynamic_task_mapping.py for tasks to queue
[2025-10-17T02:58:13.116+0000] {logging_mixin.py:188} INFO - [2025-10-17T02:58:13.116+0000] {dagbag.py:545} INFO - Filling up the DagBag from /home/airflow/.local/lib/python3.12/site-packages/airflow/example_dags/example_dynamic_task_mapping.py
[2025-10-17T02:58:13.122+0000] {processor.py:840} INFO - DAG(s) 'example_dynamic_task_mapping' retrieved from /home/airflow/.local/lib/python3.12/site-packages/airflow/example_dags/example_dynamic_task_mapping.py
[2025-10-17T02:58:13.139+0000] {logging_mixin.py:188} INFO - [2025-10-17T02:58:13.138+0000] {dag.py:3096} INFO - Sync 1 DAGs
[2025-10-17T02:58:13.154+0000] {logging_mixin.py:188} INFO - [2025-10-17T02:58:13.154+0000] {dag.py:3954} INFO - Setting next_dagrun for example_dynamic_task_mapping to 2022-03-04 00:00:00+00:00, run_after=2022-03-05 00:00:00+00:00
[2025-10-17T02:58:13.170+0000] {processor.py:183} INFO - Processing /home/airflow/.local/lib/python3.12/site-packages/airflow/example_dags/example_dynamic_task_mapping.py took 0.061 seconds
[2025-10-17T02:58:44.005+0000] {processor.py:161} INFO - Started process (PID=474) to work on /home/airflow/.local/lib/python3.12/site-packages/airflow/example_dags/example_dynamic_task_mapping.py
[2025-10-17T02:58:44.006+0000] {processor.py:830} INFO - Processing file /home/airflow/.local/lib/python3.12/site-packages/airflow/example_dags/example_dynamic_task_mapping.py for tasks to queue
[2025-10-17T02:58:44.008+0000] {logging_mixin.py:188} INFO - [2025-10-17T02:58:44.008+0000] {dagbag.py:545} INFO - Filling up the DagBag from /home/airflow/.local/lib/python3.12/site-packages/airflow/example_dags/example_dynamic_task_mapping.py
[2025-10-17T02:58:44.014+0000] {processor.py:840} INFO - DAG(s) 'example_dynamic_task_mapping' retrieved from /home/airflow/.local/lib/python3.12/site-packages/airflow/example_dags/example_dynamic_task_mapping.py
[2025-10-17T02:58:44.032+0000] {logging_mixin.py:188} INFO - [2025-10-17T02:58:44.032+0000] {dag.py:3096} INFO - Sync 1 DAGs
[2025-10-17T02:58:44.051+0000] {logging_mixin.py:188} INFO - [2025-10-17T02:58:44.051+0000] {dag.py:3954} INFO - Setting next_dagrun for example_dynamic_task_mapping to 2022-03-04 00:00:00+00:00, run_after=2022-03-05 00:00:00+00:00
[2025-10-17T02:58:44.069+0000] {processor.py:183} INFO - Processing /home/airflow/.local/lib/python3.12/site-packages/airflow/example_dags/example_dynamic_task_mapping.py took 0.068 seconds
[2025-10-17T02:59:14.935+0000] {processor.py:161} INFO - Started process (PID=533) to work on /home/airflow/.local/lib/python3.12/site-packages/airflow/example_dags/example_dynamic_task_mapping.py
[2025-10-17T02:59:14.936+0000] {processor.py:830} INFO - Processing file /home/airflow/.local/lib/python3.12/site-packages/airflow/example_dags/example_dynamic_task_mapping.py for tasks to queue
[2025-10-17T02:59:14.938+0000] {logging_mixin.py:188} INFO - [2025-10-17T02:59:14.938+0000] {dagbag.py:545} INFO - Filling up the DagBag from /home/airflow/.local/lib/python3.12/site-packages/airflow/example_dags/example_dynamic_task_mapping.py
[2025-10-17T02:59:14.944+0000] {processor.py:840} INFO - DAG(s) 'example_dynamic_task_mapping' retrieved from /home/airflow/.local/lib/python3.12/site-packages/airflow/example_dags/example_dynamic_task_mapping.py
[2025-10-17T02:59:14.960+0000] {logging_mixin.py:188} INFO - [2025-10-17T02:59:14.960+0000] {dag.py:3096} INFO - Sync 1 DAGs
[2025-10-17T02:59:14.978+0000] {logging_mixin.py:188} INFO - [2025-10-17T02:59:14.978+0000] {dag.py:3954} INFO - Setting next_dagrun for example_dynamic_task_mapping to 2022-03-04 00:00:00+00:00, run_after=2022-03-05 00:00:00+00:00
[2025-10-17T02:59:14.994+0000] {processor.py:183} INFO - Processing /home/airflow/.local/lib/python3.12/site-packages/airflow/example_dags/example_dynamic_task_mapping.py took 0.064 seconds
[2025-10-17T02:59:46.530+0000] {processor.py:161} INFO - Started process (PID=592) to work on /home/airflow/.local/lib/python3.12/site-packages/airflow/example_dags/example_dynamic_task_mapping.py
[2025-10-17T02:59:46.531+0000] {processor.py:830} INFO - Processing file /home/airflow/.local/lib/python3.12/site-packages/airflow/example_dags/example_dynamic_task_mapping.py for tasks to queue
[2025-10-17T02:59:46.533+0000] {logging_mixin.py:188} INFO - [2025-10-17T02:59:46.533+0000] {dagbag.py:545} INFO - Filling up the DagBag from /home/airflow/.local/lib/python3.12/site-packages/airflow/example_dags/example_dynamic_task_mapping.py
[2025-10-17T02:59:46.540+0000] {processor.py:840} INFO - DAG(s) 'example_dynamic_task_mapping' retrieved from /home/airflow/.local/lib/python3.12/site-packages/airflow/example_dags/example_dynamic_task_mapping.py
[2025-10-17T02:59:46.556+0000] {logging_mixin.py:188} INFO - [2025-10-17T02:59:46.556+0000] {dag.py:3096} INFO - Sync 1 DAGs
[2025-10-17T02:59:46.572+0000] {logging_mixin.py:188} INFO - [2025-10-17T02:59:46.572+0000] {dag.py:3954} INFO - Setting next_dagrun for example_dynamic_task_mapping to 2022-03-04 00:00:00+00:00, run_after=2022-03-05 00:00:00+00:00
[2025-10-17T02:59:46.587+0000] {processor.py:183} INFO - Processing /home/airflow/.local/lib/python3.12/site-packages/airflow/example_dags/example_dynamic_task_mapping.py took 0.062 seconds
[2025-10-17T03:00:18.526+0000] {processor.py:161} INFO - Started process (PID=651) to work on /home/airflow/.local/lib/python3.12/site-packages/airflow/example_dags/example_dynamic_task_mapping.py
[2025-10-17T03:00:18.527+0000] {processor.py:830} INFO - Processing file /home/airflow/.local/lib/python3.12/site-packages/airflow/example_dags/example_dynamic_task_mapping.py for tasks to queue
[2025-10-17T03:00:18.529+0000] {logging_mixin.py:188} INFO - [2025-10-17T03:00:18.529+0000] {dagbag.py:545} INFO - Filling up the DagBag from /home/airflow/.local/lib/python3.12/site-packages/airflow/example_dags/example_dynamic_task_mapping.py
[2025-10-17T03:00:18.535+0000] {processor.py:840} INFO - DAG(s) 'example_dynamic_task_mapping' retrieved from /home/airflow/.local/lib/python3.12/site-packages/airflow/example_dags/example_dynamic_task_mapping.py
[2025-10-17T03:00:18.552+0000] {logging_mixin.py:188} INFO - [2025-10-17T03:00:18.552+0000] {dag.py:3096} INFO - Sync 1 DAGs
[2025-10-17T03:00:18.569+0000] {logging_mixin.py:188} INFO - [2025-10-17T03:00:18.569+0000] {dag.py:3954} INFO - Setting next_dagrun for example_dynamic_task_mapping to 2022-03-04 00:00:00+00:00, run_after=2022-03-05 00:00:00+00:00
[2025-10-17T03:00:18.586+0000] {processor.py:183} INFO - Processing /home/airflow/.local/lib/python3.12/site-packages/airflow/example_dags/example_dynamic_task_mapping.py took 0.065 seconds
[2025-10-17T03:00:50.476+0000] {processor.py:161} INFO - Started process (PID=711) to work on /home/airflow/.local/lib/python3.12/site-packages/airflow/example_dags/example_dynamic_task_mapping.py
[2025-10-17T03:00:50.477+0000] {processor.py:830} INFO - Processing file /home/airflow/.local/lib/python3.12/site-packages/airflow/example_dags/example_dynamic_task_mapping.py for tasks to queue
[2025-10-17T03:00:50.479+0000] {logging_mixin.py:188} INFO - [2025-10-17T03:00:50.479+0000] {dagbag.py:545} INFO - Filling up the DagBag from /home/airflow/.local/lib/python3.12/site-packages/airflow/example_dags/example_dynamic_task_mapping.py
[2025-10-17T03:00:50.485+0000] {processor.py:840} INFO - DAG(s) 'example_dynamic_task_mapping' retrieved from /home/airflow/.local/lib/python3.12/site-packages/airflow/example_dags/example_dynamic_task_mapping.py
[2025-10-17T03:00:50.503+0000] {logging_mixin.py:188} INFO - [2025-10-17T03:00:50.502+0000] {dag.py:3096} INFO - Sync 1 DAGs
[2025-10-17T03:00:50.520+0000] {logging_mixin.py:188} INFO - [2025-10-17T03:00:50.520+0000] {dag.py:3954} INFO - Setting next_dagrun for example_dynamic_task_mapping to 2022-03-04 00:00:00+00:00, run_after=2022-03-05 00:00:00+00:00
[2025-10-17T03:00:50.537+0000] {processor.py:183} INFO - Processing /home/airflow/.local/lib/python3.12/site-packages/airflow/example_dags/example_dynamic_task_mapping.py took 0.066 seconds
[2025-10-17T03:01:21.369+0000] {processor.py:161} INFO - Started process (PID=770) to work on /home/airflow/.local/lib/python3.12/site-packages/airflow/example_dags/example_dynamic_task_mapping.py
[2025-10-17T03:01:21.370+0000] {processor.py:830} INFO - Processing file /home/airflow/.local/lib/python3.12/site-packages/airflow/example_dags/example_dynamic_task_mapping.py for tasks to queue
[2025-10-17T03:01:21.372+0000] {logging_mixin.py:188} INFO - [2025-10-17T03:01:21.371+0000] {dagbag.py:545} INFO - Filling up the DagBag from /home/airflow/.local/lib/python3.12/site-packages/airflow/example_dags/example_dynamic_task_mapping.py
[2025-10-17T03:01:21.377+0000] {processor.py:840} INFO - DAG(s) 'example_dynamic_task_mapping' retrieved from /home/airflow/.local/lib/python3.12/site-packages/airflow/example_dags/example_dynamic_task_mapping.py
[2025-10-17T03:01:21.394+0000] {logging_mixin.py:188} INFO - [2025-10-17T03:01:21.393+0000] {dag.py:3096} INFO - Sync 1 DAGs
[2025-10-17T03:01:21.413+0000] {logging_mixin.py:188} INFO - [2025-10-17T03:01:21.412+0000] {dag.py:3954} INFO - Setting next_dagrun for example_dynamic_task_mapping to 2022-03-04 00:00:00+00:00, run_after=2022-03-05 00:00:00+00:00
[2025-10-17T03:01:21.429+0000] {processor.py:183} INFO - Processing /home/airflow/.local/lib/python3.12/site-packages/airflow/example_dags/example_dynamic_task_mapping.py took 0.066 seconds
[2025-10-17T03:01:53.653+0000] {processor.py:161} INFO - Started process (PID=829) to work on /home/airflow/.local/lib/python3.12/site-packages/airflow/example_dags/example_dynamic_task_mapping.py
[2025-10-17T03:01:53.655+0000] {processor.py:830} INFO - Processing file /home/airflow/.local/lib/python3.12/site-packages/airflow/example_dags/example_dynamic_task_mapping.py for tasks to queue
[2025-10-17T03:01:53.657+0000] {logging_mixin.py:188} INFO - [2025-10-17T03:01:53.656+0000] {dagbag.py:545} INFO - Filling up the DagBag from /home/airflow/.local/lib/python3.12/site-packages/airflow/example_dags/example_dynamic_task_mapping.py
[2025-10-17T03:01:53.663+0000] {processor.py:840} INFO - DAG(s) 'example_dynamic_task_mapping' retrieved from /home/airflow/.local/lib/python3.12/site-packages/airflow/example_dags/example_dynamic_task_mapping.py
[2025-10-17T03:01:53.678+0000] {logging_mixin.py:188} INFO - [2025-10-17T03:01:53.678+0000] {dag.py:3096} INFO - Sync 1 DAGs
[2025-10-17T03:01:53.694+0000] {logging_mixin.py:188} INFO - [2025-10-17T03:01:53.694+0000] {dag.py:3954} INFO - Setting next_dagrun for example_dynamic_task_mapping to 2022-03-04 00:00:00+00:00, run_after=2022-03-05 00:00:00+00:00
[2025-10-17T03:01:53.712+0000] {processor.py:183} INFO - Processing /home/airflow/.local/lib/python3.12/site-packages/airflow/example_dags/example_dynamic_task_mapping.py took 0.063 seconds
[2025-10-17T03:02:24.857+0000] {processor.py:161} INFO - Started process (PID=889) to work on /home/airflow/.local/lib/python3.12/site-packages/airflow/example_dags/example_dynamic_task_mapping.py
[2025-10-17T03:02:24.860+0000] {processor.py:830} INFO - Processing file /home/airflow/.local/lib/python3.12/site-packages/airflow/example_dags/example_dynamic_task_mapping.py for tasks to queue
[2025-10-17T03:02:24.862+0000] {logging_mixin.py:188} INFO - [2025-10-17T03:02:24.861+0000] {dagbag.py:545} INFO - Filling up the DagBag from /home/airflow/.local/lib/python3.12/site-packages/airflow/example_dags/example_dynamic_task_mapping.py
[2025-10-17T03:02:24.868+0000] {processor.py:840} INFO - DAG(s) 'example_dynamic_task_mapping' retrieved from /home/airflow/.local/lib/python3.12/site-packages/airflow/example_dags/example_dynamic_task_mapping.py
[2025-10-17T03:02:24.887+0000] {logging_mixin.py:188} INFO - [2025-10-17T03:02:24.886+0000] {dag.py:3096} INFO - Sync 1 DAGs
[2025-10-17T03:02:24.906+0000] {logging_mixin.py:188} INFO - [2025-10-17T03:02:24.906+0000] {dag.py:3954} INFO - Setting next_dagrun for example_dynamic_task_mapping to 2022-03-04 00:00:00+00:00, run_after=2022-03-05 00:00:00+00:00
[2025-10-17T03:02:24.924+0000] {processor.py:183} INFO - Processing /home/airflow/.local/lib/python3.12/site-packages/airflow/example_dags/example_dynamic_task_mapping.py took 0.072 seconds
[2025-10-17T03:02:56.408+0000] {processor.py:161} INFO - Started process (PID=948) to work on /home/airflow/.local/lib/python3.12/site-packages/airflow/example_dags/example_dynamic_task_mapping.py
[2025-10-17T03:02:56.409+0000] {processor.py:830} INFO - Processing file /home/airflow/.local/lib/python3.12/site-packages/airflow/example_dags/example_dynamic_task_mapping.py for tasks to queue
[2025-10-17T03:02:56.411+0000] {logging_mixin.py:188} INFO - [2025-10-17T03:02:56.411+0000] {dagbag.py:545} INFO - Filling up the DagBag from /home/airflow/.local/lib/python3.12/site-packages/airflow/example_dags/example_dynamic_task_mapping.py
[2025-10-17T03:02:56.418+0000] {processor.py:840} INFO - DAG(s) 'example_dynamic_task_mapping' retrieved from /home/airflow/.local/lib/python3.12/site-packages/airflow/example_dags/example_dynamic_task_mapping.py
[2025-10-17T03:02:56.436+0000] {logging_mixin.py:188} INFO - [2025-10-17T03:02:56.436+0000] {dag.py:3096} INFO - Sync 1 DAGs
[2025-10-17T03:02:56.455+0000] {logging_mixin.py:188} INFO - [2025-10-17T03:02:56.454+0000] {dag.py:3954} INFO - Setting next_dagrun for example_dynamic_task_mapping to 2022-03-04 00:00:00+00:00, run_after=2022-03-05 00:00:00+00:00
[2025-10-17T03:02:56.477+0000] {processor.py:183} INFO - Processing /home/airflow/.local/lib/python3.12/site-packages/airflow/example_dags/example_dynamic_task_mapping.py took 0.074 seconds
[2025-10-17T03:03:28.351+0000] {processor.py:161} INFO - Started process (PID=1007) to work on /home/airflow/.local/lib/python3.12/site-packages/airflow/example_dags/example_dynamic_task_mapping.py
[2025-10-17T03:03:28.352+0000] {processor.py:830} INFO - Processing file /home/airflow/.local/lib/python3.12/site-packages/airflow/example_dags/example_dynamic_task_mapping.py for tasks to queue
[2025-10-17T03:03:28.354+0000] {logging_mixin.py:188} INFO - [2025-10-17T03:03:28.353+0000] {dagbag.py:545} INFO - Filling up the DagBag from /home/airflow/.local/lib/python3.12/site-packages/airflow/example_dags/example_dynamic_task_mapping.py
[2025-10-17T03:03:28.359+0000] {processor.py:840} INFO - DAG(s) 'example_dynamic_task_mapping' retrieved from /home/airflow/.local/lib/python3.12/site-packages/airflow/example_dags/example_dynamic_task_mapping.py
[2025-10-17T03:03:28.376+0000] {logging_mixin.py:188} INFO - [2025-10-17T03:03:28.376+0000] {dag.py:3096} INFO - Sync 1 DAGs
[2025-10-17T03:03:28.393+0000] {logging_mixin.py:188} INFO - [2025-10-17T03:03:28.393+0000] {dag.py:3954} INFO - Setting next_dagrun for example_dynamic_task_mapping to 2022-03-04 00:00:00+00:00, run_after=2022-03-05 00:00:00+00:00
[2025-10-17T03:03:28.409+0000] {processor.py:183} INFO - Processing /home/airflow/.local/lib/python3.12/site-packages/airflow/example_dags/example_dynamic_task_mapping.py took 0.062 seconds
[2025-10-17T03:04:00.760+0000] {processor.py:161} INFO - Started process (PID=1066) to work on /home/airflow/.local/lib/python3.12/site-packages/airflow/example_dags/example_dynamic_task_mapping.py
[2025-10-17T03:04:00.761+0000] {processor.py:830} INFO - Processing file /home/airflow/.local/lib/python3.12/site-packages/airflow/example_dags/example_dynamic_task_mapping.py for tasks to queue
[2025-10-17T03:04:00.764+0000] {logging_mixin.py:188} INFO - [2025-10-17T03:04:00.764+0000] {dagbag.py:545} INFO - Filling up the DagBag from /home/airflow/.local/lib/python3.12/site-packages/airflow/example_dags/example_dynamic_task_mapping.py
[2025-10-17T03:04:00.770+0000] {processor.py:840} INFO - DAG(s) 'example_dynamic_task_mapping' retrieved from /home/airflow/.local/lib/python3.12/site-packages/airflow/example_dags/example_dynamic_task_mapping.py
[2025-10-17T03:04:00.792+0000] {logging_mixin.py:188} INFO - [2025-10-17T03:04:00.791+0000] {dag.py:3096} INFO - Sync 1 DAGs
[2025-10-17T03:04:00.812+0000] {logging_mixin.py:188} INFO - [2025-10-17T03:04:00.812+0000] {dag.py:3954} INFO - Setting next_dagrun for example_dynamic_task_mapping to 2022-03-04 00:00:00+00:00, run_after=2022-03-05 00:00:00+00:00
[2025-10-17T03:04:00.832+0000] {processor.py:183} INFO - Processing /home/airflow/.local/lib/python3.12/site-packages/airflow/example_dags/example_dynamic_task_mapping.py took 0.078 seconds
[2025-10-17T03:04:31.997+0000] {processor.py:161} INFO - Started process (PID=1125) to work on /home/airflow/.local/lib/python3.12/site-packages/airflow/example_dags/example_dynamic_task_mapping.py
[2025-10-17T03:04:31.998+0000] {processor.py:830} INFO - Processing file /home/airflow/.local/lib/python3.12/site-packages/airflow/example_dags/example_dynamic_task_mapping.py for tasks to queue
[2025-10-17T03:04:32.000+0000] {logging_mixin.py:188} INFO - [2025-10-17T03:04:32.000+0000] {dagbag.py:545} INFO - Filling up the DagBag from /home/airflow/.local/lib/python3.12/site-packages/airflow/example_dags/example_dynamic_task_mapping.py
[2025-10-17T03:04:32.006+0000] {processor.py:840} INFO - DAG(s) 'example_dynamic_task_mapping' retrieved from /home/airflow/.local/lib/python3.12/site-packages/airflow/example_dags/example_dynamic_task_mapping.py
[2025-10-17T03:04:32.023+0000] {logging_mixin.py:188} INFO - [2025-10-17T03:04:32.023+0000] {dag.py:3096} INFO - Sync 1 DAGs
[2025-10-17T03:04:32.040+0000] {logging_mixin.py:188} INFO - [2025-10-17T03:04:32.040+0000] {dag.py:3954} INFO - Setting next_dagrun for example_dynamic_task_mapping to 2022-03-04 00:00:00+00:00, run_after=2022-03-05 00:00:00+00:00
[2025-10-17T03:04:32.056+0000] {processor.py:183} INFO - Processing /home/airflow/.local/lib/python3.12/site-packages/airflow/example_dags/example_dynamic_task_mapping.py took 0.063 seconds
[2025-10-17T03:05:04.158+0000] {processor.py:161} INFO - Started process (PID=1185) to work on /home/airflow/.local/lib/python3.12/site-packages/airflow/example_dags/example_dynamic_task_mapping.py
[2025-10-17T03:05:04.160+0000] {processor.py:830} INFO - Processing file /home/airflow/.local/lib/python3.12/site-packages/airflow/example_dags/example_dynamic_task_mapping.py for tasks to queue
[2025-10-17T03:05:04.162+0000] {logging_mixin.py:188} INFO - [2025-10-17T03:05:04.162+0000] {dagbag.py:545} INFO - Filling up the DagBag from /home/airflow/.local/lib/python3.12/site-packages/airflow/example_dags/example_dynamic_task_mapping.py
[2025-10-17T03:05:04.168+0000] {processor.py:840} INFO - DAG(s) 'example_dynamic_task_mapping' retrieved from /home/airflow/.local/lib/python3.12/site-packages/airflow/example_dags/example_dynamic_task_mapping.py
[2025-10-17T03:05:04.189+0000] {logging_mixin.py:188} INFO - [2025-10-17T03:05:04.189+0000] {dag.py:3096} INFO - Sync 1 DAGs
[2025-10-17T03:05:04.208+0000] {logging_mixin.py:188} INFO - [2025-10-17T03:05:04.208+0000] {dag.py:3954} INFO - Setting next_dagrun for example_dynamic_task_mapping to 2022-03-04 00:00:00+00:00, run_after=2022-03-05 00:00:00+00:00
[2025-10-17T03:05:04.228+0000] {processor.py:183} INFO - Processing /home/airflow/.local/lib/python3.12/site-packages/airflow/example_dags/example_dynamic_task_mapping.py took 0.075 seconds
[2025-10-17T03:05:35.671+0000] {processor.py:161} INFO - Started process (PID=1244) to work on /home/airflow/.local/lib/python3.12/site-packages/airflow/example_dags/example_dynamic_task_mapping.py
[2025-10-17T03:05:35.672+0000] {processor.py:830} INFO - Processing file /home/airflow/.local/lib/python3.12/site-packages/airflow/example_dags/example_dynamic_task_mapping.py for tasks to queue
[2025-10-17T03:05:35.673+0000] {logging_mixin.py:188} INFO - [2025-10-17T03:05:35.673+0000] {dagbag.py:545} INFO - Filling up the DagBag from /home/airflow/.local/lib/python3.12/site-packages/airflow/example_dags/example_dynamic_task_mapping.py
[2025-10-17T03:05:35.679+0000] {processor.py:840} INFO - DAG(s) 'example_dynamic_task_mapping' retrieved from /home/airflow/.local/lib/python3.12/site-packages/airflow/example_dags/example_dynamic_task_mapping.py
[2025-10-17T03:05:35.695+0000] {logging_mixin.py:188} INFO - [2025-10-17T03:05:35.695+0000] {dag.py:3096} INFO - Sync 1 DAGs
[2025-10-17T03:05:35.815+0000] {logging_mixin.py:188} INFO - [2025-10-17T03:05:35.814+0000] {dag.py:3954} INFO - Setting next_dagrun for example_dynamic_task_mapping to 2022-03-04 00:00:00+00:00, run_after=2022-03-05 00:00:00+00:00
[2025-10-17T03:05:35.830+0000] {processor.py:183} INFO - Processing /home/airflow/.local/lib/python3.12/site-packages/airflow/example_dags/example_dynamic_task_mapping.py took 0.164 seconds
[2025-10-17T03:06:08.009+0000] {processor.py:161} INFO - Started process (PID=1303) to work on /home/airflow/.local/lib/python3.12/site-packages/airflow/example_dags/example_dynamic_task_mapping.py
[2025-10-17T03:06:08.010+0000] {processor.py:830} INFO - Processing file /home/airflow/.local/lib/python3.12/site-packages/airflow/example_dags/example_dynamic_task_mapping.py for tasks to queue
[2025-10-17T03:06:08.012+0000] {logging_mixin.py:188} INFO - [2025-10-17T03:06:08.012+0000] {dagbag.py:545} INFO - Filling up the DagBag from /home/airflow/.local/lib/python3.12/site-packages/airflow/example_dags/example_dynamic_task_mapping.py
[2025-10-17T03:06:08.019+0000] {processor.py:840} INFO - DAG(s) 'example_dynamic_task_mapping' retrieved from /home/airflow/.local/lib/python3.12/site-packages/airflow/example_dags/example_dynamic_task_mapping.py
[2025-10-17T03:06:08.040+0000] {logging_mixin.py:188} INFO - [2025-10-17T03:06:08.039+0000] {dag.py:3096} INFO - Sync 1 DAGs
[2025-10-17T03:06:08.059+0000] {logging_mixin.py:188} INFO - [2025-10-17T03:06:08.059+0000] {dag.py:3954} INFO - Setting next_dagrun for example_dynamic_task_mapping to 2022-03-04 00:00:00+00:00, run_after=2022-03-05 00:00:00+00:00
[2025-10-17T03:06:08.078+0000] {processor.py:183} INFO - Processing /home/airflow/.local/lib/python3.12/site-packages/airflow/example_dags/example_dynamic_task_mapping.py took 0.074 seconds
[2025-10-17T03:06:39.004+0000] {processor.py:161} INFO - Started process (PID=1362) to work on /home/airflow/.local/lib/python3.12/site-packages/airflow/example_dags/example_dynamic_task_mapping.py
[2025-10-17T03:06:39.006+0000] {processor.py:830} INFO - Processing file /home/airflow/.local/lib/python3.12/site-packages/airflow/example_dags/example_dynamic_task_mapping.py for tasks to queue
[2025-10-17T03:06:39.008+0000] {logging_mixin.py:188} INFO - [2025-10-17T03:06:39.008+0000] {dagbag.py:545} INFO - Filling up the DagBag from /home/airflow/.local/lib/python3.12/site-packages/airflow/example_dags/example_dynamic_task_mapping.py
[2025-10-17T03:06:39.014+0000] {processor.py:840} INFO - DAG(s) 'example_dynamic_task_mapping' retrieved from /home/airflow/.local/lib/python3.12/site-packages/airflow/example_dags/example_dynamic_task_mapping.py
[2025-10-17T03:06:39.033+0000] {logging_mixin.py:188} INFO - [2025-10-17T03:06:39.032+0000] {dag.py:3096} INFO - Sync 1 DAGs
[2025-10-17T03:06:39.054+0000] {logging_mixin.py:188} INFO - [2025-10-17T03:06:39.054+0000] {dag.py:3954} INFO - Setting next_dagrun for example_dynamic_task_mapping to 2022-03-04 00:00:00+00:00, run_after=2022-03-05 00:00:00+00:00
[2025-10-17T03:06:39.075+0000] {processor.py:183} INFO - Processing /home/airflow/.local/lib/python3.12/site-packages/airflow/example_dags/example_dynamic_task_mapping.py took 0.076 seconds
[2025-10-17T03:07:09.523+0000] {processor.py:161} INFO - Started process (PID=1421) to work on /home/airflow/.local/lib/python3.12/site-packages/airflow/example_dags/example_dynamic_task_mapping.py
[2025-10-17T03:07:09.524+0000] {processor.py:830} INFO - Processing file /home/airflow/.local/lib/python3.12/site-packages/airflow/example_dags/example_dynamic_task_mapping.py for tasks to queue
[2025-10-17T03:07:09.527+0000] {logging_mixin.py:188} INFO - [2025-10-17T03:07:09.526+0000] {dagbag.py:545} INFO - Filling up the DagBag from /home/airflow/.local/lib/python3.12/site-packages/airflow/example_dags/example_dynamic_task_mapping.py
[2025-10-17T03:07:09.534+0000] {processor.py:840} INFO - DAG(s) 'example_dynamic_task_mapping' retrieved from /home/airflow/.local/lib/python3.12/site-packages/airflow/example_dags/example_dynamic_task_mapping.py
[2025-10-17T03:07:09.560+0000] {logging_mixin.py:188} INFO - [2025-10-17T03:07:09.560+0000] {dag.py:3096} INFO - Sync 1 DAGs
[2025-10-17T03:07:09.583+0000] {logging_mixin.py:188} INFO - [2025-10-17T03:07:09.582+0000] {dag.py:3954} INFO - Setting next_dagrun for example_dynamic_task_mapping to 2022-03-04 00:00:00+00:00, run_after=2022-03-05 00:00:00+00:00
[2025-10-17T03:07:09.604+0000] {processor.py:183} INFO - Processing /home/airflow/.local/lib/python3.12/site-packages/airflow/example_dags/example_dynamic_task_mapping.py took 0.087 seconds
[2025-10-17T03:07:40.770+0000] {processor.py:161} INFO - Started process (PID=1480) to work on /home/airflow/.local/lib/python3.12/site-packages/airflow/example_dags/example_dynamic_task_mapping.py
[2025-10-17T03:07:40.771+0000] {processor.py:830} INFO - Processing file /home/airflow/.local/lib/python3.12/site-packages/airflow/example_dags/example_dynamic_task_mapping.py for tasks to queue
[2025-10-17T03:07:40.773+0000] {logging_mixin.py:188} INFO - [2025-10-17T03:07:40.773+0000] {dagbag.py:545} INFO - Filling up the DagBag from /home/airflow/.local/lib/python3.12/site-packages/airflow/example_dags/example_dynamic_task_mapping.py
[2025-10-17T03:07:40.780+0000] {processor.py:840} INFO - DAG(s) 'example_dynamic_task_mapping' retrieved from /home/airflow/.local/lib/python3.12/site-packages/airflow/example_dags/example_dynamic_task_mapping.py
[2025-10-17T03:07:40.808+0000] {logging_mixin.py:188} INFO - [2025-10-17T03:07:40.807+0000] {dag.py:3096} INFO - Sync 1 DAGs
[2025-10-17T03:07:40.830+0000] {logging_mixin.py:188} INFO - [2025-10-17T03:07:40.830+0000] {dag.py:3954} INFO - Setting next_dagrun for example_dynamic_task_mapping to 2022-03-04 00:00:00+00:00, run_after=2022-03-05 00:00:00+00:00
[2025-10-17T03:07:40.855+0000] {processor.py:183} INFO - Processing /home/airflow/.local/lib/python3.12/site-packages/airflow/example_dags/example_dynamic_task_mapping.py took 0.091 seconds
[2025-10-17T03:08:11.560+0000] {processor.py:161} INFO - Started process (PID=1539) to work on /home/airflow/.local/lib/python3.12/site-packages/airflow/example_dags/example_dynamic_task_mapping.py
[2025-10-17T03:08:11.561+0000] {processor.py:830} INFO - Processing file /home/airflow/.local/lib/python3.12/site-packages/airflow/example_dags/example_dynamic_task_mapping.py for tasks to queue
[2025-10-17T03:08:11.563+0000] {logging_mixin.py:188} INFO - [2025-10-17T03:08:11.563+0000] {dagbag.py:545} INFO - Filling up the DagBag from /home/airflow/.local/lib/python3.12/site-packages/airflow/example_dags/example_dynamic_task_mapping.py
[2025-10-17T03:08:11.570+0000] {processor.py:840} INFO - DAG(s) 'example_dynamic_task_mapping' retrieved from /home/airflow/.local/lib/python3.12/site-packages/airflow/example_dags/example_dynamic_task_mapping.py
[2025-10-17T03:08:11.712+0000] {logging_mixin.py:188} INFO - [2025-10-17T03:08:11.712+0000] {dag.py:3096} INFO - Sync 1 DAGs
[2025-10-17T03:08:11.728+0000] {logging_mixin.py:188} INFO - [2025-10-17T03:08:11.727+0000] {dag.py:3954} INFO - Setting next_dagrun for example_dynamic_task_mapping to 2022-03-04 00:00:00+00:00, run_after=2022-03-05 00:00:00+00:00
[2025-10-17T03:08:11.745+0000] {processor.py:183} INFO - Processing /home/airflow/.local/lib/python3.12/site-packages/airflow/example_dags/example_dynamic_task_mapping.py took 0.190 seconds
[2025-10-17T03:08:42.390+0000] {processor.py:161} INFO - Started process (PID=1598) to work on /home/airflow/.local/lib/python3.12/site-packages/airflow/example_dags/example_dynamic_task_mapping.py
[2025-10-17T03:08:42.391+0000] {processor.py:830} INFO - Processing file /home/airflow/.local/lib/python3.12/site-packages/airflow/example_dags/example_dynamic_task_mapping.py for tasks to queue
[2025-10-17T03:08:42.394+0000] {logging_mixin.py:188} INFO - [2025-10-17T03:08:42.393+0000] {dagbag.py:545} INFO - Filling up the DagBag from /home/airflow/.local/lib/python3.12/site-packages/airflow/example_dags/example_dynamic_task_mapping.py
[2025-10-17T03:08:42.401+0000] {processor.py:840} INFO - DAG(s) 'example_dynamic_task_mapping' retrieved from /home/airflow/.local/lib/python3.12/site-packages/airflow/example_dags/example_dynamic_task_mapping.py
[2025-10-17T03:08:42.419+0000] {logging_mixin.py:188} INFO - [2025-10-17T03:08:42.419+0000] {dag.py:3096} INFO - Sync 1 DAGs
[2025-10-17T03:08:42.437+0000] {logging_mixin.py:188} INFO - [2025-10-17T03:08:42.437+0000] {dag.py:3954} INFO - Setting next_dagrun for example_dynamic_task_mapping to 2022-03-04 00:00:00+00:00, run_after=2022-03-05 00:00:00+00:00
[2025-10-17T03:08:42.454+0000] {processor.py:183} INFO - Processing /home/airflow/.local/lib/python3.12/site-packages/airflow/example_dags/example_dynamic_task_mapping.py took 0.070 seconds
[2025-10-17T03:09:12.676+0000] {processor.py:161} INFO - Started process (PID=1656) to work on /home/airflow/.local/lib/python3.12/site-packages/airflow/example_dags/example_dynamic_task_mapping.py
[2025-10-17T03:09:12.677+0000] {processor.py:830} INFO - Processing file /home/airflow/.local/lib/python3.12/site-packages/airflow/example_dags/example_dynamic_task_mapping.py for tasks to queue
[2025-10-17T03:09:12.678+0000] {logging_mixin.py:188} INFO - [2025-10-17T03:09:12.678+0000] {dagbag.py:545} INFO - Filling up the DagBag from /home/airflow/.local/lib/python3.12/site-packages/airflow/example_dags/example_dynamic_task_mapping.py
[2025-10-17T03:09:12.684+0000] {processor.py:840} INFO - DAG(s) 'example_dynamic_task_mapping' retrieved from /home/airflow/.local/lib/python3.12/site-packages/airflow/example_dags/example_dynamic_task_mapping.py
[2025-10-17T03:09:12.702+0000] {logging_mixin.py:188} INFO - [2025-10-17T03:09:12.702+0000] {dag.py:3096} INFO - Sync 1 DAGs
[2025-10-17T03:09:12.720+0000] {logging_mixin.py:188} INFO - [2025-10-17T03:09:12.719+0000] {dag.py:3954} INFO - Setting next_dagrun for example_dynamic_task_mapping to 2022-03-04 00:00:00+00:00, run_after=2022-03-05 00:00:00+00:00
[2025-10-17T03:09:12.737+0000] {processor.py:183} INFO - Processing /home/airflow/.local/lib/python3.12/site-packages/airflow/example_dags/example_dynamic_task_mapping.py took 0.066 seconds
[2025-10-17T03:09:42.913+0000] {processor.py:161} INFO - Started process (PID=1715) to work on /home/airflow/.local/lib/python3.12/site-packages/airflow/example_dags/example_dynamic_task_mapping.py
[2025-10-17T03:09:42.914+0000] {processor.py:830} INFO - Processing file /home/airflow/.local/lib/python3.12/site-packages/airflow/example_dags/example_dynamic_task_mapping.py for tasks to queue
[2025-10-17T03:09:42.916+0000] {logging_mixin.py:188} INFO - [2025-10-17T03:09:42.916+0000] {dagbag.py:545} INFO - Filling up the DagBag from /home/airflow/.local/lib/python3.12/site-packages/airflow/example_dags/example_dynamic_task_mapping.py
[2025-10-17T03:09:42.923+0000] {processor.py:840} INFO - DAG(s) 'example_dynamic_task_mapping' retrieved from /home/airflow/.local/lib/python3.12/site-packages/airflow/example_dags/example_dynamic_task_mapping.py
[2025-10-17T03:09:42.943+0000] {logging_mixin.py:188} INFO - [2025-10-17T03:09:42.942+0000] {dag.py:3096} INFO - Sync 1 DAGs
[2025-10-17T03:09:42.964+0000] {logging_mixin.py:188} INFO - [2025-10-17T03:09:42.964+0000] {dag.py:3954} INFO - Setting next_dagrun for example_dynamic_task_mapping to 2022-03-04 00:00:00+00:00, run_after=2022-03-05 00:00:00+00:00
[2025-10-17T03:09:42.985+0000] {processor.py:183} INFO - Processing /home/airflow/.local/lib/python3.12/site-packages/airflow/example_dags/example_dynamic_task_mapping.py took 0.077 seconds
[2025-10-17T03:10:13.414+0000] {processor.py:161} INFO - Started process (PID=1774) to work on /home/airflow/.local/lib/python3.12/site-packages/airflow/example_dags/example_dynamic_task_mapping.py
[2025-10-17T03:10:13.415+0000] {processor.py:830} INFO - Processing file /home/airflow/.local/lib/python3.12/site-packages/airflow/example_dags/example_dynamic_task_mapping.py for tasks to queue
[2025-10-17T03:10:13.417+0000] {logging_mixin.py:188} INFO - [2025-10-17T03:10:13.417+0000] {dagbag.py:545} INFO - Filling up the DagBag from /home/airflow/.local/lib/python3.12/site-packages/airflow/example_dags/example_dynamic_task_mapping.py
[2025-10-17T03:10:13.423+0000] {processor.py:840} INFO - DAG(s) 'example_dynamic_task_mapping' retrieved from /home/airflow/.local/lib/python3.12/site-packages/airflow/example_dags/example_dynamic_task_mapping.py
[2025-10-17T03:10:13.443+0000] {logging_mixin.py:188} INFO - [2025-10-17T03:10:13.443+0000] {dag.py:3096} INFO - Sync 1 DAGs
[2025-10-17T03:10:13.462+0000] {logging_mixin.py:188} INFO - [2025-10-17T03:10:13.462+0000] {dag.py:3954} INFO - Setting next_dagrun for example_dynamic_task_mapping to 2022-03-04 00:00:00+00:00, run_after=2022-03-05 00:00:00+00:00
[2025-10-17T03:10:13.482+0000] {processor.py:183} INFO - Processing /home/airflow/.local/lib/python3.12/site-packages/airflow/example_dags/example_dynamic_task_mapping.py took 0.073 seconds
[2025-10-17T03:10:43.707+0000] {processor.py:161} INFO - Started process (PID=1833) to work on /home/airflow/.local/lib/python3.12/site-packages/airflow/example_dags/example_dynamic_task_mapping.py
[2025-10-17T03:10:43.708+0000] {processor.py:830} INFO - Processing file /home/airflow/.local/lib/python3.12/site-packages/airflow/example_dags/example_dynamic_task_mapping.py for tasks to queue
[2025-10-17T03:10:43.710+0000] {logging_mixin.py:188} INFO - [2025-10-17T03:10:43.709+0000] {dagbag.py:545} INFO - Filling up the DagBag from /home/airflow/.local/lib/python3.12/site-packages/airflow/example_dags/example_dynamic_task_mapping.py
[2025-10-17T03:10:43.716+0000] {processor.py:840} INFO - DAG(s) 'example_dynamic_task_mapping' retrieved from /home/airflow/.local/lib/python3.12/site-packages/airflow/example_dags/example_dynamic_task_mapping.py
[2025-10-17T03:10:43.734+0000] {logging_mixin.py:188} INFO - [2025-10-17T03:10:43.734+0000] {dag.py:3096} INFO - Sync 1 DAGs
[2025-10-17T03:10:43.753+0000] {logging_mixin.py:188} INFO - [2025-10-17T03:10:43.753+0000] {dag.py:3954} INFO - Setting next_dagrun for example_dynamic_task_mapping to 2022-03-04 00:00:00+00:00, run_after=2022-03-05 00:00:00+00:00
[2025-10-17T03:10:43.772+0000] {processor.py:183} INFO - Processing /home/airflow/.local/lib/python3.12/site-packages/airflow/example_dags/example_dynamic_task_mapping.py took 0.071 seconds
[2025-10-17T03:11:14.281+0000] {processor.py:161} INFO - Started process (PID=1898) to work on /home/airflow/.local/lib/python3.12/site-packages/airflow/example_dags/example_dynamic_task_mapping.py
[2025-10-17T03:11:14.282+0000] {processor.py:830} INFO - Processing file /home/airflow/.local/lib/python3.12/site-packages/airflow/example_dags/example_dynamic_task_mapping.py for tasks to queue
[2025-10-17T03:11:14.284+0000] {logging_mixin.py:188} INFO - [2025-10-17T03:11:14.284+0000] {dagbag.py:545} INFO - Filling up the DagBag from /home/airflow/.local/lib/python3.12/site-packages/airflow/example_dags/example_dynamic_task_mapping.py
[2025-10-17T03:11:14.292+0000] {processor.py:840} INFO - DAG(s) 'example_dynamic_task_mapping' retrieved from /home/airflow/.local/lib/python3.12/site-packages/airflow/example_dags/example_dynamic_task_mapping.py
[2025-10-17T03:11:14.310+0000] {logging_mixin.py:188} INFO - [2025-10-17T03:11:14.310+0000] {dag.py:3096} INFO - Sync 1 DAGs
[2025-10-17T03:11:14.327+0000] {logging_mixin.py:188} INFO - [2025-10-17T03:11:14.327+0000] {dag.py:3954} INFO - Setting next_dagrun for example_dynamic_task_mapping to 2022-03-04 00:00:00+00:00, run_after=2022-03-05 00:00:00+00:00
[2025-10-17T03:11:14.345+0000] {processor.py:183} INFO - Processing /home/airflow/.local/lib/python3.12/site-packages/airflow/example_dags/example_dynamic_task_mapping.py took 0.071 seconds
[2025-10-17T03:11:44.762+0000] {processor.py:161} INFO - Started process (PID=1957) to work on /home/airflow/.local/lib/python3.12/site-packages/airflow/example_dags/example_dynamic_task_mapping.py
[2025-10-17T03:11:44.763+0000] {processor.py:830} INFO - Processing file /home/airflow/.local/lib/python3.12/site-packages/airflow/example_dags/example_dynamic_task_mapping.py for tasks to queue
[2025-10-17T03:11:44.765+0000] {logging_mixin.py:188} INFO - [2025-10-17T03:11:44.765+0000] {dagbag.py:545} INFO - Filling up the DagBag from /home/airflow/.local/lib/python3.12/site-packages/airflow/example_dags/example_dynamic_task_mapping.py
[2025-10-17T03:11:44.771+0000] {processor.py:840} INFO - DAG(s) 'example_dynamic_task_mapping' retrieved from /home/airflow/.local/lib/python3.12/site-packages/airflow/example_dags/example_dynamic_task_mapping.py
[2025-10-17T03:11:44.789+0000] {logging_mixin.py:188} INFO - [2025-10-17T03:11:44.788+0000] {dag.py:3096} INFO - Sync 1 DAGs
[2025-10-17T03:11:44.807+0000] {logging_mixin.py:188} INFO - [2025-10-17T03:11:44.806+0000] {dag.py:3954} INFO - Setting next_dagrun for example_dynamic_task_mapping to 2022-03-04 00:00:00+00:00, run_after=2022-03-05 00:00:00+00:00
[2025-10-17T03:11:44.823+0000] {processor.py:183} INFO - Processing /home/airflow/.local/lib/python3.12/site-packages/airflow/example_dags/example_dynamic_task_mapping.py took 0.066 seconds
[2025-10-17T03:12:15.091+0000] {processor.py:161} INFO - Started process (PID=2016) to work on /home/airflow/.local/lib/python3.12/site-packages/airflow/example_dags/example_dynamic_task_mapping.py
[2025-10-17T03:12:15.093+0000] {processor.py:830} INFO - Processing file /home/airflow/.local/lib/python3.12/site-packages/airflow/example_dags/example_dynamic_task_mapping.py for tasks to queue
[2025-10-17T03:12:15.094+0000] {logging_mixin.py:188} INFO - [2025-10-17T03:12:15.094+0000] {dagbag.py:545} INFO - Filling up the DagBag from /home/airflow/.local/lib/python3.12/site-packages/airflow/example_dags/example_dynamic_task_mapping.py
[2025-10-17T03:12:15.100+0000] {processor.py:840} INFO - DAG(s) 'example_dynamic_task_mapping' retrieved from /home/airflow/.local/lib/python3.12/site-packages/airflow/example_dags/example_dynamic_task_mapping.py
[2025-10-17T03:12:15.118+0000] {logging_mixin.py:188} INFO - [2025-10-17T03:12:15.118+0000] {dag.py:3096} INFO - Sync 1 DAGs
[2025-10-17T03:12:15.138+0000] {logging_mixin.py:188} INFO - [2025-10-17T03:12:15.137+0000] {dag.py:3954} INFO - Setting next_dagrun for example_dynamic_task_mapping to 2022-03-04 00:00:00+00:00, run_after=2022-03-05 00:00:00+00:00
[2025-10-17T03:12:15.156+0000] {processor.py:183} INFO - Processing /home/airflow/.local/lib/python3.12/site-packages/airflow/example_dags/example_dynamic_task_mapping.py took 0.070 seconds
[2025-10-17T03:12:45.729+0000] {processor.py:161} INFO - Started process (PID=2075) to work on /home/airflow/.local/lib/python3.12/site-packages/airflow/example_dags/example_dynamic_task_mapping.py
[2025-10-17T03:12:45.730+0000] {processor.py:830} INFO - Processing file /home/airflow/.local/lib/python3.12/site-packages/airflow/example_dags/example_dynamic_task_mapping.py for tasks to queue
[2025-10-17T03:12:45.732+0000] {logging_mixin.py:188} INFO - [2025-10-17T03:12:45.732+0000] {dagbag.py:545} INFO - Filling up the DagBag from /home/airflow/.local/lib/python3.12/site-packages/airflow/example_dags/example_dynamic_task_mapping.py
[2025-10-17T03:12:45.738+0000] {processor.py:840} INFO - DAG(s) 'example_dynamic_task_mapping' retrieved from /home/airflow/.local/lib/python3.12/site-packages/airflow/example_dags/example_dynamic_task_mapping.py
[2025-10-17T03:12:45.755+0000] {logging_mixin.py:188} INFO - [2025-10-17T03:12:45.755+0000] {dag.py:3096} INFO - Sync 1 DAGs
[2025-10-17T03:12:45.775+0000] {logging_mixin.py:188} INFO - [2025-10-17T03:12:45.774+0000] {dag.py:3954} INFO - Setting next_dagrun for example_dynamic_task_mapping to 2022-03-04 00:00:00+00:00, run_after=2022-03-05 00:00:00+00:00
[2025-10-17T03:12:45.794+0000] {processor.py:183} INFO - Processing /home/airflow/.local/lib/python3.12/site-packages/airflow/example_dags/example_dynamic_task_mapping.py took 0.070 seconds
[2025-10-17T03:13:16.322+0000] {processor.py:161} INFO - Started process (PID=2134) to work on /home/airflow/.local/lib/python3.12/site-packages/airflow/example_dags/example_dynamic_task_mapping.py
[2025-10-17T03:13:16.323+0000] {processor.py:830} INFO - Processing file /home/airflow/.local/lib/python3.12/site-packages/airflow/example_dags/example_dynamic_task_mapping.py for tasks to queue
[2025-10-17T03:13:16.325+0000] {logging_mixin.py:188} INFO - [2025-10-17T03:13:16.324+0000] {dagbag.py:545} INFO - Filling up the DagBag from /home/airflow/.local/lib/python3.12/site-packages/airflow/example_dags/example_dynamic_task_mapping.py
[2025-10-17T03:13:16.330+0000] {processor.py:840} INFO - DAG(s) 'example_dynamic_task_mapping' retrieved from /home/airflow/.local/lib/python3.12/site-packages/airflow/example_dags/example_dynamic_task_mapping.py
[2025-10-17T03:13:16.348+0000] {logging_mixin.py:188} INFO - [2025-10-17T03:13:16.348+0000] {dag.py:3096} INFO - Sync 1 DAGs
[2025-10-17T03:13:16.366+0000] {logging_mixin.py:188} INFO - [2025-10-17T03:13:16.366+0000] {dag.py:3954} INFO - Setting next_dagrun for example_dynamic_task_mapping to 2022-03-04 00:00:00+00:00, run_after=2022-03-05 00:00:00+00:00
[2025-10-17T03:13:16.382+0000] {processor.py:183} INFO - Processing /home/airflow/.local/lib/python3.12/site-packages/airflow/example_dags/example_dynamic_task_mapping.py took 0.065 seconds
[2025-10-17T03:13:46.642+0000] {processor.py:161} INFO - Started process (PID=2193) to work on /home/airflow/.local/lib/python3.12/site-packages/airflow/example_dags/example_dynamic_task_mapping.py
[2025-10-17T03:13:46.643+0000] {processor.py:830} INFO - Processing file /home/airflow/.local/lib/python3.12/site-packages/airflow/example_dags/example_dynamic_task_mapping.py for tasks to queue
[2025-10-17T03:13:46.645+0000] {logging_mixin.py:188} INFO - [2025-10-17T03:13:46.645+0000] {dagbag.py:545} INFO - Filling up the DagBag from /home/airflow/.local/lib/python3.12/site-packages/airflow/example_dags/example_dynamic_task_mapping.py
[2025-10-17T03:13:46.652+0000] {processor.py:840} INFO - DAG(s) 'example_dynamic_task_mapping' retrieved from /home/airflow/.local/lib/python3.12/site-packages/airflow/example_dags/example_dynamic_task_mapping.py
[2025-10-17T03:13:46.670+0000] {logging_mixin.py:188} INFO - [2025-10-17T03:13:46.670+0000] {dag.py:3096} INFO - Sync 1 DAGs
[2025-10-17T03:13:46.688+0000] {logging_mixin.py:188} INFO - [2025-10-17T03:13:46.688+0000] {dag.py:3954} INFO - Setting next_dagrun for example_dynamic_task_mapping to 2022-03-04 00:00:00+00:00, run_after=2022-03-05 00:00:00+00:00
[2025-10-17T03:13:46.706+0000] {processor.py:183} INFO - Processing /home/airflow/.local/lib/python3.12/site-packages/airflow/example_dags/example_dynamic_task_mapping.py took 0.070 seconds
[2025-10-17T03:14:17.012+0000] {processor.py:161} INFO - Started process (PID=2252) to work on /home/airflow/.local/lib/python3.12/site-packages/airflow/example_dags/example_dynamic_task_mapping.py
[2025-10-17T03:14:17.013+0000] {processor.py:830} INFO - Processing file /home/airflow/.local/lib/python3.12/site-packages/airflow/example_dags/example_dynamic_task_mapping.py for tasks to queue
[2025-10-17T03:14:17.016+0000] {logging_mixin.py:188} INFO - [2025-10-17T03:14:17.015+0000] {dagbag.py:545} INFO - Filling up the DagBag from /home/airflow/.local/lib/python3.12/site-packages/airflow/example_dags/example_dynamic_task_mapping.py
[2025-10-17T03:14:17.022+0000] {processor.py:840} INFO - DAG(s) 'example_dynamic_task_mapping' retrieved from /home/airflow/.local/lib/python3.12/site-packages/airflow/example_dags/example_dynamic_task_mapping.py
[2025-10-17T03:14:17.040+0000] {logging_mixin.py:188} INFO - [2025-10-17T03:14:17.040+0000] {dag.py:3096} INFO - Sync 1 DAGs
[2025-10-17T03:14:17.059+0000] {logging_mixin.py:188} INFO - [2025-10-17T03:14:17.059+0000] {dag.py:3954} INFO - Setting next_dagrun for example_dynamic_task_mapping to 2022-03-04 00:00:00+00:00, run_after=2022-03-05 00:00:00+00:00
[2025-10-17T03:14:17.078+0000] {processor.py:183} INFO - Processing /home/airflow/.local/lib/python3.12/site-packages/airflow/example_dags/example_dynamic_task_mapping.py took 0.071 seconds
[2025-10-17T03:14:47.359+0000] {processor.py:161} INFO - Started process (PID=2311) to work on /home/airflow/.local/lib/python3.12/site-packages/airflow/example_dags/example_dynamic_task_mapping.py
[2025-10-17T03:14:47.361+0000] {processor.py:830} INFO - Processing file /home/airflow/.local/lib/python3.12/site-packages/airflow/example_dags/example_dynamic_task_mapping.py for tasks to queue
[2025-10-17T03:14:47.363+0000] {logging_mixin.py:188} INFO - [2025-10-17T03:14:47.363+0000] {dagbag.py:545} INFO - Filling up the DagBag from /home/airflow/.local/lib/python3.12/site-packages/airflow/example_dags/example_dynamic_task_mapping.py
[2025-10-17T03:14:47.372+0000] {processor.py:840} INFO - DAG(s) 'example_dynamic_task_mapping' retrieved from /home/airflow/.local/lib/python3.12/site-packages/airflow/example_dags/example_dynamic_task_mapping.py
[2025-10-17T03:14:47.394+0000] {logging_mixin.py:188} INFO - [2025-10-17T03:14:47.394+0000] {dag.py:3096} INFO - Sync 1 DAGs
[2025-10-17T03:14:47.419+0000] {logging_mixin.py:188} INFO - [2025-10-17T03:14:47.419+0000] {dag.py:3954} INFO - Setting next_dagrun for example_dynamic_task_mapping to 2022-03-04 00:00:00+00:00, run_after=2022-03-05 00:00:00+00:00
[2025-10-17T03:14:47.443+0000] {processor.py:183} INFO - Processing /home/airflow/.local/lib/python3.12/site-packages/airflow/example_dags/example_dynamic_task_mapping.py took 0.091 seconds
[2025-10-17T03:15:17.593+0000] {processor.py:161} INFO - Started process (PID=2370) to work on /home/airflow/.local/lib/python3.12/site-packages/airflow/example_dags/example_dynamic_task_mapping.py
[2025-10-17T03:15:17.595+0000] {processor.py:830} INFO - Processing file /home/airflow/.local/lib/python3.12/site-packages/airflow/example_dags/example_dynamic_task_mapping.py for tasks to queue
[2025-10-17T03:15:17.597+0000] {logging_mixin.py:188} INFO - [2025-10-17T03:15:17.596+0000] {dagbag.py:545} INFO - Filling up the DagBag from /home/airflow/.local/lib/python3.12/site-packages/airflow/example_dags/example_dynamic_task_mapping.py
[2025-10-17T03:15:17.603+0000] {processor.py:840} INFO - DAG(s) 'example_dynamic_task_mapping' retrieved from /home/airflow/.local/lib/python3.12/site-packages/airflow/example_dags/example_dynamic_task_mapping.py
[2025-10-17T03:15:17.623+0000] {logging_mixin.py:188} INFO - [2025-10-17T03:15:17.623+0000] {dag.py:3096} INFO - Sync 1 DAGs
[2025-10-17T03:15:17.641+0000] {logging_mixin.py:188} INFO - [2025-10-17T03:15:17.641+0000] {dag.py:3954} INFO - Setting next_dagrun for example_dynamic_task_mapping to 2022-03-04 00:00:00+00:00, run_after=2022-03-05 00:00:00+00:00
[2025-10-17T03:15:17.662+0000] {processor.py:183} INFO - Processing /home/airflow/.local/lib/python3.12/site-packages/airflow/example_dags/example_dynamic_task_mapping.py took 0.074 seconds
[2025-10-17T03:15:47.777+0000] {processor.py:161} INFO - Started process (PID=2429) to work on /home/airflow/.local/lib/python3.12/site-packages/airflow/example_dags/example_dynamic_task_mapping.py
[2025-10-17T03:15:47.778+0000] {processor.py:830} INFO - Processing file /home/airflow/.local/lib/python3.12/site-packages/airflow/example_dags/example_dynamic_task_mapping.py for tasks to queue
[2025-10-17T03:15:47.780+0000] {logging_mixin.py:188} INFO - [2025-10-17T03:15:47.780+0000] {dagbag.py:545} INFO - Filling up the DagBag from /home/airflow/.local/lib/python3.12/site-packages/airflow/example_dags/example_dynamic_task_mapping.py
[2025-10-17T03:15:47.787+0000] {processor.py:840} INFO - DAG(s) 'example_dynamic_task_mapping' retrieved from /home/airflow/.local/lib/python3.12/site-packages/airflow/example_dags/example_dynamic_task_mapping.py
[2025-10-17T03:15:47.812+0000] {logging_mixin.py:188} INFO - [2025-10-17T03:15:47.812+0000] {dag.py:3096} INFO - Sync 1 DAGs
[2025-10-17T03:15:47.833+0000] {logging_mixin.py:188} INFO - [2025-10-17T03:15:47.833+0000] {dag.py:3954} INFO - Setting next_dagrun for example_dynamic_task_mapping to 2022-03-04 00:00:00+00:00, run_after=2022-03-05 00:00:00+00:00
[2025-10-17T03:15:47.853+0000] {processor.py:183} INFO - Processing /home/airflow/.local/lib/python3.12/site-packages/airflow/example_dags/example_dynamic_task_mapping.py took 0.082 seconds
[2025-10-17T03:16:18.026+0000] {processor.py:161} INFO - Started process (PID=2488) to work on /home/airflow/.local/lib/python3.12/site-packages/airflow/example_dags/example_dynamic_task_mapping.py
[2025-10-17T03:16:18.028+0000] {processor.py:830} INFO - Processing file /home/airflow/.local/lib/python3.12/site-packages/airflow/example_dags/example_dynamic_task_mapping.py for tasks to queue
[2025-10-17T03:16:18.030+0000] {logging_mixin.py:188} INFO - [2025-10-17T03:16:18.029+0000] {dagbag.py:545} INFO - Filling up the DagBag from /home/airflow/.local/lib/python3.12/site-packages/airflow/example_dags/example_dynamic_task_mapping.py
[2025-10-17T03:16:18.035+0000] {processor.py:840} INFO - DAG(s) 'example_dynamic_task_mapping' retrieved from /home/airflow/.local/lib/python3.12/site-packages/airflow/example_dags/example_dynamic_task_mapping.py
[2025-10-17T03:16:18.053+0000] {logging_mixin.py:188} INFO - [2025-10-17T03:16:18.053+0000] {dag.py:3096} INFO - Sync 1 DAGs
[2025-10-17T03:16:18.071+0000] {logging_mixin.py:188} INFO - [2025-10-17T03:16:18.071+0000] {dag.py:3954} INFO - Setting next_dagrun for example_dynamic_task_mapping to 2022-03-04 00:00:00+00:00, run_after=2022-03-05 00:00:00+00:00
[2025-10-17T03:16:18.090+0000] {processor.py:183} INFO - Processing /home/airflow/.local/lib/python3.12/site-packages/airflow/example_dags/example_dynamic_task_mapping.py took 0.068 seconds
[2025-10-17T03:16:48.491+0000] {processor.py:161} INFO - Started process (PID=2547) to work on /home/airflow/.local/lib/python3.12/site-packages/airflow/example_dags/example_dynamic_task_mapping.py
[2025-10-17T03:16:48.494+0000] {processor.py:830} INFO - Processing file /home/airflow/.local/lib/python3.12/site-packages/airflow/example_dags/example_dynamic_task_mapping.py for tasks to queue
[2025-10-17T03:16:48.499+0000] {logging_mixin.py:188} INFO - [2025-10-17T03:16:48.498+0000] {dagbag.py:545} INFO - Filling up the DagBag from /home/airflow/.local/lib/python3.12/site-packages/airflow/example_dags/example_dynamic_task_mapping.py
[2025-10-17T03:16:48.519+0000] {processor.py:840} INFO - DAG(s) 'example_dynamic_task_mapping' retrieved from /home/airflow/.local/lib/python3.12/site-packages/airflow/example_dags/example_dynamic_task_mapping.py
[2025-10-17T03:16:48.597+0000] {logging_mixin.py:188} INFO - [2025-10-17T03:16:48.593+0000] {dag.py:3096} INFO - Sync 1 DAGs
[2025-10-17T03:16:48.686+0000] {logging_mixin.py:188} INFO - [2025-10-17T03:16:48.684+0000] {dag.py:3954} INFO - Setting next_dagrun for example_dynamic_task_mapping to 2022-03-04 00:00:00+00:00, run_after=2022-03-05 00:00:00+00:00
[2025-10-17T03:16:48.751+0000] {processor.py:183} INFO - Processing /home/airflow/.local/lib/python3.12/site-packages/airflow/example_dags/example_dynamic_task_mapping.py took 0.279 seconds
[2025-10-17T03:17:19.487+0000] {processor.py:161} INFO - Started process (PID=2606) to work on /home/airflow/.local/lib/python3.12/site-packages/airflow/example_dags/example_dynamic_task_mapping.py
[2025-10-17T03:17:19.488+0000] {processor.py:830} INFO - Processing file /home/airflow/.local/lib/python3.12/site-packages/airflow/example_dags/example_dynamic_task_mapping.py for tasks to queue
[2025-10-17T03:17:19.491+0000] {logging_mixin.py:188} INFO - [2025-10-17T03:17:19.491+0000] {dagbag.py:545} INFO - Filling up the DagBag from /home/airflow/.local/lib/python3.12/site-packages/airflow/example_dags/example_dynamic_task_mapping.py
[2025-10-17T03:17:19.499+0000] {processor.py:840} INFO - DAG(s) 'example_dynamic_task_mapping' retrieved from /home/airflow/.local/lib/python3.12/site-packages/airflow/example_dags/example_dynamic_task_mapping.py
[2025-10-17T03:17:19.525+0000] {logging_mixin.py:188} INFO - [2025-10-17T03:17:19.524+0000] {dag.py:3096} INFO - Sync 1 DAGs
[2025-10-17T03:17:19.549+0000] {logging_mixin.py:188} INFO - [2025-10-17T03:17:19.549+0000] {dag.py:3954} INFO - Setting next_dagrun for example_dynamic_task_mapping to 2022-03-04 00:00:00+00:00, run_after=2022-03-05 00:00:00+00:00
[2025-10-17T03:17:19.574+0000] {processor.py:183} INFO - Processing /home/airflow/.local/lib/python3.12/site-packages/airflow/example_dags/example_dynamic_task_mapping.py took 0.093 seconds
[2025-10-17T03:17:49.772+0000] {processor.py:161} INFO - Started process (PID=2666) to work on /home/airflow/.local/lib/python3.12/site-packages/airflow/example_dags/example_dynamic_task_mapping.py
[2025-10-17T03:17:49.773+0000] {processor.py:830} INFO - Processing file /home/airflow/.local/lib/python3.12/site-packages/airflow/example_dags/example_dynamic_task_mapping.py for tasks to queue
[2025-10-17T03:17:49.775+0000] {logging_mixin.py:188} INFO - [2025-10-17T03:17:49.775+0000] {dagbag.py:545} INFO - Filling up the DagBag from /home/airflow/.local/lib/python3.12/site-packages/airflow/example_dags/example_dynamic_task_mapping.py
[2025-10-17T03:17:49.782+0000] {processor.py:840} INFO - DAG(s) 'example_dynamic_task_mapping' retrieved from /home/airflow/.local/lib/python3.12/site-packages/airflow/example_dags/example_dynamic_task_mapping.py
[2025-10-17T03:17:49.800+0000] {logging_mixin.py:188} INFO - [2025-10-17T03:17:49.800+0000] {dag.py:3096} INFO - Sync 1 DAGs
[2025-10-17T03:17:49.819+0000] {logging_mixin.py:188} INFO - [2025-10-17T03:17:49.819+0000] {dag.py:3954} INFO - Setting next_dagrun for example_dynamic_task_mapping to 2022-03-04 00:00:00+00:00, run_after=2022-03-05 00:00:00+00:00
[2025-10-17T03:17:49.840+0000] {processor.py:183} INFO - Processing /home/airflow/.local/lib/python3.12/site-packages/airflow/example_dags/example_dynamic_task_mapping.py took 0.074 seconds
[2025-10-17T03:18:20.133+0000] {processor.py:161} INFO - Started process (PID=2725) to work on /home/airflow/.local/lib/python3.12/site-packages/airflow/example_dags/example_dynamic_task_mapping.py
[2025-10-17T03:18:20.135+0000] {processor.py:830} INFO - Processing file /home/airflow/.local/lib/python3.12/site-packages/airflow/example_dags/example_dynamic_task_mapping.py for tasks to queue
[2025-10-17T03:18:20.137+0000] {logging_mixin.py:188} INFO - [2025-10-17T03:18:20.137+0000] {dagbag.py:545} INFO - Filling up the DagBag from /home/airflow/.local/lib/python3.12/site-packages/airflow/example_dags/example_dynamic_task_mapping.py
[2025-10-17T03:18:20.143+0000] {processor.py:840} INFO - DAG(s) 'example_dynamic_task_mapping' retrieved from /home/airflow/.local/lib/python3.12/site-packages/airflow/example_dags/example_dynamic_task_mapping.py
[2025-10-17T03:18:20.161+0000] {logging_mixin.py:188} INFO - [2025-10-17T03:18:20.161+0000] {dag.py:3096} INFO - Sync 1 DAGs
[2025-10-17T03:18:20.180+0000] {logging_mixin.py:188} INFO - [2025-10-17T03:18:20.180+0000] {dag.py:3954} INFO - Setting next_dagrun for example_dynamic_task_mapping to 2022-03-04 00:00:00+00:00, run_after=2022-03-05 00:00:00+00:00
[2025-10-17T03:18:20.198+0000] {processor.py:183} INFO - Processing /home/airflow/.local/lib/python3.12/site-packages/airflow/example_dags/example_dynamic_task_mapping.py took 0.069 seconds
[2025-10-17T03:18:50.622+0000] {processor.py:161} INFO - Started process (PID=2784) to work on /home/airflow/.local/lib/python3.12/site-packages/airflow/example_dags/example_dynamic_task_mapping.py
[2025-10-17T03:18:50.623+0000] {processor.py:830} INFO - Processing file /home/airflow/.local/lib/python3.12/site-packages/airflow/example_dags/example_dynamic_task_mapping.py for tasks to queue
[2025-10-17T03:18:50.625+0000] {logging_mixin.py:188} INFO - [2025-10-17T03:18:50.624+0000] {dagbag.py:545} INFO - Filling up the DagBag from /home/airflow/.local/lib/python3.12/site-packages/airflow/example_dags/example_dynamic_task_mapping.py
[2025-10-17T03:18:50.631+0000] {processor.py:840} INFO - DAG(s) 'example_dynamic_task_mapping' retrieved from /home/airflow/.local/lib/python3.12/site-packages/airflow/example_dags/example_dynamic_task_mapping.py
[2025-10-17T03:18:50.650+0000] {logging_mixin.py:188} INFO - [2025-10-17T03:18:50.650+0000] {dag.py:3096} INFO - Sync 1 DAGs
[2025-10-17T03:18:50.670+0000] {logging_mixin.py:188} INFO - [2025-10-17T03:18:50.670+0000] {dag.py:3954} INFO - Setting next_dagrun for example_dynamic_task_mapping to 2022-03-04 00:00:00+00:00, run_after=2022-03-05 00:00:00+00:00
[2025-10-17T03:18:50.694+0000] {processor.py:183} INFO - Processing /home/airflow/.local/lib/python3.12/site-packages/airflow/example_dags/example_dynamic_task_mapping.py took 0.078 seconds
[2025-10-17T03:19:20.928+0000] {processor.py:161} INFO - Started process (PID=2843) to work on /home/airflow/.local/lib/python3.12/site-packages/airflow/example_dags/example_dynamic_task_mapping.py
[2025-10-17T03:19:20.929+0000] {processor.py:830} INFO - Processing file /home/airflow/.local/lib/python3.12/site-packages/airflow/example_dags/example_dynamic_task_mapping.py for tasks to queue
[2025-10-17T03:19:20.931+0000] {logging_mixin.py:188} INFO - [2025-10-17T03:19:20.931+0000] {dagbag.py:545} INFO - Filling up the DagBag from /home/airflow/.local/lib/python3.12/site-packages/airflow/example_dags/example_dynamic_task_mapping.py
[2025-10-17T03:19:20.938+0000] {processor.py:840} INFO - DAG(s) 'example_dynamic_task_mapping' retrieved from /home/airflow/.local/lib/python3.12/site-packages/airflow/example_dags/example_dynamic_task_mapping.py
[2025-10-17T03:19:20.958+0000] {logging_mixin.py:188} INFO - [2025-10-17T03:19:20.958+0000] {dag.py:3096} INFO - Sync 1 DAGs
[2025-10-17T03:19:20.981+0000] {logging_mixin.py:188} INFO - [2025-10-17T03:19:20.981+0000] {dag.py:3954} INFO - Setting next_dagrun for example_dynamic_task_mapping to 2022-03-04 00:00:00+00:00, run_after=2022-03-05 00:00:00+00:00
[2025-10-17T03:19:21.003+0000] {processor.py:183} INFO - Processing /home/airflow/.local/lib/python3.12/site-packages/airflow/example_dags/example_dynamic_task_mapping.py took 0.081 seconds
[2025-10-17T03:19:51.253+0000] {processor.py:161} INFO - Started process (PID=2902) to work on /home/airflow/.local/lib/python3.12/site-packages/airflow/example_dags/example_dynamic_task_mapping.py
[2025-10-17T03:19:51.254+0000] {processor.py:830} INFO - Processing file /home/airflow/.local/lib/python3.12/site-packages/airflow/example_dags/example_dynamic_task_mapping.py for tasks to queue
[2025-10-17T03:19:51.256+0000] {logging_mixin.py:188} INFO - [2025-10-17T03:19:51.256+0000] {dagbag.py:545} INFO - Filling up the DagBag from /home/airflow/.local/lib/python3.12/site-packages/airflow/example_dags/example_dynamic_task_mapping.py
[2025-10-17T03:19:51.262+0000] {processor.py:840} INFO - DAG(s) 'example_dynamic_task_mapping' retrieved from /home/airflow/.local/lib/python3.12/site-packages/airflow/example_dags/example_dynamic_task_mapping.py
[2025-10-17T03:19:51.281+0000] {logging_mixin.py:188} INFO - [2025-10-17T03:19:51.280+0000] {dag.py:3096} INFO - Sync 1 DAGs
[2025-10-17T03:19:51.298+0000] {logging_mixin.py:188} INFO - [2025-10-17T03:19:51.298+0000] {dag.py:3954} INFO - Setting next_dagrun for example_dynamic_task_mapping to 2022-03-04 00:00:00+00:00, run_after=2022-03-05 00:00:00+00:00
[2025-10-17T03:19:51.318+0000] {processor.py:183} INFO - Processing /home/airflow/.local/lib/python3.12/site-packages/airflow/example_dags/example_dynamic_task_mapping.py took 0.071 seconds
[2025-10-17T03:20:22.265+0000] {processor.py:161} INFO - Started process (PID=2961) to work on /home/airflow/.local/lib/python3.12/site-packages/airflow/example_dags/example_dynamic_task_mapping.py
[2025-10-17T03:20:22.266+0000] {processor.py:830} INFO - Processing file /home/airflow/.local/lib/python3.12/site-packages/airflow/example_dags/example_dynamic_task_mapping.py for tasks to queue
[2025-10-17T03:20:22.268+0000] {logging_mixin.py:188} INFO - [2025-10-17T03:20:22.268+0000] {dagbag.py:545} INFO - Filling up the DagBag from /home/airflow/.local/lib/python3.12/site-packages/airflow/example_dags/example_dynamic_task_mapping.py
[2025-10-17T03:20:22.275+0000] {processor.py:840} INFO - DAG(s) 'example_dynamic_task_mapping' retrieved from /home/airflow/.local/lib/python3.12/site-packages/airflow/example_dags/example_dynamic_task_mapping.py
[2025-10-17T03:20:22.297+0000] {logging_mixin.py:188} INFO - [2025-10-17T03:20:22.296+0000] {dag.py:3096} INFO - Sync 1 DAGs
[2025-10-17T03:20:22.316+0000] {logging_mixin.py:188} INFO - [2025-10-17T03:20:22.316+0000] {dag.py:3954} INFO - Setting next_dagrun for example_dynamic_task_mapping to 2022-03-04 00:00:00+00:00, run_after=2022-03-05 00:00:00+00:00
[2025-10-17T03:20:22.356+0000] {processor.py:183} INFO - Processing /home/airflow/.local/lib/python3.12/site-packages/airflow/example_dags/example_dynamic_task_mapping.py took 0.097 seconds
[2025-10-17T03:20:52.608+0000] {processor.py:161} INFO - Started process (PID=3020) to work on /home/airflow/.local/lib/python3.12/site-packages/airflow/example_dags/example_dynamic_task_mapping.py
[2025-10-17T03:20:52.609+0000] {processor.py:830} INFO - Processing file /home/airflow/.local/lib/python3.12/site-packages/airflow/example_dags/example_dynamic_task_mapping.py for tasks to queue
[2025-10-17T03:20:52.611+0000] {logging_mixin.py:188} INFO - [2025-10-17T03:20:52.611+0000] {dagbag.py:545} INFO - Filling up the DagBag from /home/airflow/.local/lib/python3.12/site-packages/airflow/example_dags/example_dynamic_task_mapping.py
[2025-10-17T03:20:52.621+0000] {processor.py:840} INFO - DAG(s) 'example_dynamic_task_mapping' retrieved from /home/airflow/.local/lib/python3.12/site-packages/airflow/example_dags/example_dynamic_task_mapping.py
[2025-10-17T03:20:52.642+0000] {logging_mixin.py:188} INFO - [2025-10-17T03:20:52.642+0000] {dag.py:3096} INFO - Sync 1 DAGs
[2025-10-17T03:20:52.664+0000] {logging_mixin.py:188} INFO - [2025-10-17T03:20:52.663+0000] {dag.py:3954} INFO - Setting next_dagrun for example_dynamic_task_mapping to 2022-03-04 00:00:00+00:00, run_after=2022-03-05 00:00:00+00:00
[2025-10-17T03:20:52.702+0000] {processor.py:183} INFO - Processing /home/airflow/.local/lib/python3.12/site-packages/airflow/example_dags/example_dynamic_task_mapping.py took 0.100 seconds
[2025-10-17T03:21:22.942+0000] {processor.py:161} INFO - Started process (PID=3079) to work on /home/airflow/.local/lib/python3.12/site-packages/airflow/example_dags/example_dynamic_task_mapping.py
[2025-10-17T03:21:22.943+0000] {processor.py:830} INFO - Processing file /home/airflow/.local/lib/python3.12/site-packages/airflow/example_dags/example_dynamic_task_mapping.py for tasks to queue
[2025-10-17T03:21:22.945+0000] {logging_mixin.py:188} INFO - [2025-10-17T03:21:22.945+0000] {dagbag.py:545} INFO - Filling up the DagBag from /home/airflow/.local/lib/python3.12/site-packages/airflow/example_dags/example_dynamic_task_mapping.py
[2025-10-17T03:21:22.952+0000] {processor.py:840} INFO - DAG(s) 'example_dynamic_task_mapping' retrieved from /home/airflow/.local/lib/python3.12/site-packages/airflow/example_dags/example_dynamic_task_mapping.py
[2025-10-17T03:21:22.972+0000] {logging_mixin.py:188} INFO - [2025-10-17T03:21:22.972+0000] {dag.py:3096} INFO - Sync 1 DAGs
[2025-10-17T03:21:22.993+0000] {logging_mixin.py:188} INFO - [2025-10-17T03:21:22.993+0000] {dag.py:3954} INFO - Setting next_dagrun for example_dynamic_task_mapping to 2022-03-04 00:00:00+00:00, run_after=2022-03-05 00:00:00+00:00
[2025-10-17T03:21:23.031+0000] {processor.py:183} INFO - Processing /home/airflow/.local/lib/python3.12/site-packages/airflow/example_dags/example_dynamic_task_mapping.py took 0.094 seconds
[2025-10-17T03:21:53.210+0000] {processor.py:161} INFO - Started process (PID=3138) to work on /home/airflow/.local/lib/python3.12/site-packages/airflow/example_dags/example_dynamic_task_mapping.py
[2025-10-17T03:21:53.211+0000] {processor.py:830} INFO - Processing file /home/airflow/.local/lib/python3.12/site-packages/airflow/example_dags/example_dynamic_task_mapping.py for tasks to queue
[2025-10-17T03:21:53.213+0000] {logging_mixin.py:188} INFO - [2025-10-17T03:21:53.213+0000] {dagbag.py:545} INFO - Filling up the DagBag from /home/airflow/.local/lib/python3.12/site-packages/airflow/example_dags/example_dynamic_task_mapping.py
[2025-10-17T03:21:53.220+0000] {processor.py:840} INFO - DAG(s) 'example_dynamic_task_mapping' retrieved from /home/airflow/.local/lib/python3.12/site-packages/airflow/example_dags/example_dynamic_task_mapping.py
[2025-10-17T03:21:53.240+0000] {logging_mixin.py:188} INFO - [2025-10-17T03:21:53.240+0000] {dag.py:3096} INFO - Sync 1 DAGs
[2025-10-17T03:21:53.259+0000] {logging_mixin.py:188} INFO - [2025-10-17T03:21:53.259+0000] {dag.py:3954} INFO - Setting next_dagrun for example_dynamic_task_mapping to 2022-03-04 00:00:00+00:00, run_after=2022-03-05 00:00:00+00:00
[2025-10-17T03:21:53.277+0000] {processor.py:183} INFO - Processing /home/airflow/.local/lib/python3.12/site-packages/airflow/example_dags/example_dynamic_task_mapping.py took 0.071 seconds
[2025-10-17T03:22:23.712+0000] {processor.py:161} INFO - Started process (PID=3197) to work on /home/airflow/.local/lib/python3.12/site-packages/airflow/example_dags/example_dynamic_task_mapping.py
[2025-10-17T03:22:23.713+0000] {processor.py:830} INFO - Processing file /home/airflow/.local/lib/python3.12/site-packages/airflow/example_dags/example_dynamic_task_mapping.py for tasks to queue
[2025-10-17T03:22:23.715+0000] {logging_mixin.py:188} INFO - [2025-10-17T03:22:23.715+0000] {dagbag.py:545} INFO - Filling up the DagBag from /home/airflow/.local/lib/python3.12/site-packages/airflow/example_dags/example_dynamic_task_mapping.py
[2025-10-17T03:22:23.721+0000] {processor.py:840} INFO - DAG(s) 'example_dynamic_task_mapping' retrieved from /home/airflow/.local/lib/python3.12/site-packages/airflow/example_dags/example_dynamic_task_mapping.py
[2025-10-17T03:22:23.740+0000] {logging_mixin.py:188} INFO - [2025-10-17T03:22:23.740+0000] {dag.py:3096} INFO - Sync 1 DAGs
[2025-10-17T03:22:23.758+0000] {logging_mixin.py:188} INFO - [2025-10-17T03:22:23.758+0000] {dag.py:3954} INFO - Setting next_dagrun for example_dynamic_task_mapping to 2022-03-04 00:00:00+00:00, run_after=2022-03-05 00:00:00+00:00
[2025-10-17T03:22:23.776+0000] {processor.py:183} INFO - Processing /home/airflow/.local/lib/python3.12/site-packages/airflow/example_dags/example_dynamic_task_mapping.py took 0.069 seconds
[2025-10-17T03:22:54.158+0000] {processor.py:161} INFO - Started process (PID=3256) to work on /home/airflow/.local/lib/python3.12/site-packages/airflow/example_dags/example_dynamic_task_mapping.py
[2025-10-17T03:22:54.159+0000] {processor.py:830} INFO - Processing file /home/airflow/.local/lib/python3.12/site-packages/airflow/example_dags/example_dynamic_task_mapping.py for tasks to queue
[2025-10-17T03:22:54.161+0000] {logging_mixin.py:188} INFO - [2025-10-17T03:22:54.161+0000] {dagbag.py:545} INFO - Filling up the DagBag from /home/airflow/.local/lib/python3.12/site-packages/airflow/example_dags/example_dynamic_task_mapping.py
[2025-10-17T03:22:54.169+0000] {processor.py:840} INFO - DAG(s) 'example_dynamic_task_mapping' retrieved from /home/airflow/.local/lib/python3.12/site-packages/airflow/example_dags/example_dynamic_task_mapping.py
[2025-10-17T03:22:54.190+0000] {logging_mixin.py:188} INFO - [2025-10-17T03:22:54.190+0000] {dag.py:3096} INFO - Sync 1 DAGs
[2025-10-17T03:22:54.209+0000] {logging_mixin.py:188} INFO - [2025-10-17T03:22:54.208+0000] {dag.py:3954} INFO - Setting next_dagrun for example_dynamic_task_mapping to 2022-03-04 00:00:00+00:00, run_after=2022-03-05 00:00:00+00:00
[2025-10-17T03:22:54.228+0000] {processor.py:183} INFO - Processing /home/airflow/.local/lib/python3.12/site-packages/airflow/example_dags/example_dynamic_task_mapping.py took 0.076 seconds
[2025-10-17T03:23:24.380+0000] {processor.py:161} INFO - Started process (PID=3315) to work on /home/airflow/.local/lib/python3.12/site-packages/airflow/example_dags/example_dynamic_task_mapping.py
[2025-10-17T03:23:24.381+0000] {processor.py:830} INFO - Processing file /home/airflow/.local/lib/python3.12/site-packages/airflow/example_dags/example_dynamic_task_mapping.py for tasks to queue
[2025-10-17T03:23:24.383+0000] {logging_mixin.py:188} INFO - [2025-10-17T03:23:24.383+0000] {dagbag.py:545} INFO - Filling up the DagBag from /home/airflow/.local/lib/python3.12/site-packages/airflow/example_dags/example_dynamic_task_mapping.py
[2025-10-17T03:23:24.390+0000] {processor.py:840} INFO - DAG(s) 'example_dynamic_task_mapping' retrieved from /home/airflow/.local/lib/python3.12/site-packages/airflow/example_dags/example_dynamic_task_mapping.py
[2025-10-17T03:23:24.411+0000] {logging_mixin.py:188} INFO - [2025-10-17T03:23:24.411+0000] {dag.py:3096} INFO - Sync 1 DAGs
[2025-10-17T03:23:24.430+0000] {logging_mixin.py:188} INFO - [2025-10-17T03:23:24.430+0000] {dag.py:3954} INFO - Setting next_dagrun for example_dynamic_task_mapping to 2022-03-04 00:00:00+00:00, run_after=2022-03-05 00:00:00+00:00
[2025-10-17T03:23:24.447+0000] {processor.py:183} INFO - Processing /home/airflow/.local/lib/python3.12/site-packages/airflow/example_dags/example_dynamic_task_mapping.py took 0.073 seconds
[2025-10-17T03:23:54.583+0000] {processor.py:161} INFO - Started process (PID=3374) to work on /home/airflow/.local/lib/python3.12/site-packages/airflow/example_dags/example_dynamic_task_mapping.py
[2025-10-17T03:23:54.585+0000] {processor.py:830} INFO - Processing file /home/airflow/.local/lib/python3.12/site-packages/airflow/example_dags/example_dynamic_task_mapping.py for tasks to queue
[2025-10-17T03:23:54.589+0000] {logging_mixin.py:188} INFO - [2025-10-17T03:23:54.588+0000] {dagbag.py:545} INFO - Filling up the DagBag from /home/airflow/.local/lib/python3.12/site-packages/airflow/example_dags/example_dynamic_task_mapping.py
[2025-10-17T03:23:54.600+0000] {processor.py:840} INFO - DAG(s) 'example_dynamic_task_mapping' retrieved from /home/airflow/.local/lib/python3.12/site-packages/airflow/example_dags/example_dynamic_task_mapping.py
[2025-10-17T03:23:54.628+0000] {logging_mixin.py:188} INFO - [2025-10-17T03:23:54.628+0000] {dag.py:3096} INFO - Sync 1 DAGs
[2025-10-17T03:23:54.657+0000] {logging_mixin.py:188} INFO - [2025-10-17T03:23:54.657+0000] {dag.py:3954} INFO - Setting next_dagrun for example_dynamic_task_mapping to 2022-03-04 00:00:00+00:00, run_after=2022-03-05 00:00:00+00:00
[2025-10-17T03:23:54.685+0000] {processor.py:183} INFO - Processing /home/airflow/.local/lib/python3.12/site-packages/airflow/example_dags/example_dynamic_task_mapping.py took 0.111 seconds
[2025-10-17T03:24:24.751+0000] {processor.py:161} INFO - Started process (PID=3433) to work on /home/airflow/.local/lib/python3.12/site-packages/airflow/example_dags/example_dynamic_task_mapping.py
[2025-10-17T03:24:24.752+0000] {processor.py:830} INFO - Processing file /home/airflow/.local/lib/python3.12/site-packages/airflow/example_dags/example_dynamic_task_mapping.py for tasks to queue
[2025-10-17T03:24:24.754+0000] {logging_mixin.py:188} INFO - [2025-10-17T03:24:24.754+0000] {dagbag.py:545} INFO - Filling up the DagBag from /home/airflow/.local/lib/python3.12/site-packages/airflow/example_dags/example_dynamic_task_mapping.py
[2025-10-17T03:24:24.760+0000] {processor.py:840} INFO - DAG(s) 'example_dynamic_task_mapping' retrieved from /home/airflow/.local/lib/python3.12/site-packages/airflow/example_dags/example_dynamic_task_mapping.py
[2025-10-17T03:24:24.779+0000] {logging_mixin.py:188} INFO - [2025-10-17T03:24:24.779+0000] {dag.py:3096} INFO - Sync 1 DAGs
[2025-10-17T03:24:24.797+0000] {logging_mixin.py:188} INFO - [2025-10-17T03:24:24.797+0000] {dag.py:3954} INFO - Setting next_dagrun for example_dynamic_task_mapping to 2022-03-04 00:00:00+00:00, run_after=2022-03-05 00:00:00+00:00
[2025-10-17T03:24:24.834+0000] {processor.py:183} INFO - Processing /home/airflow/.local/lib/python3.12/site-packages/airflow/example_dags/example_dynamic_task_mapping.py took 0.088 seconds
[2025-10-17T03:24:54.933+0000] {processor.py:161} INFO - Started process (PID=3492) to work on /home/airflow/.local/lib/python3.12/site-packages/airflow/example_dags/example_dynamic_task_mapping.py
[2025-10-17T03:24:54.934+0000] {processor.py:830} INFO - Processing file /home/airflow/.local/lib/python3.12/site-packages/airflow/example_dags/example_dynamic_task_mapping.py for tasks to queue
[2025-10-17T03:24:54.936+0000] {logging_mixin.py:188} INFO - [2025-10-17T03:24:54.936+0000] {dagbag.py:545} INFO - Filling up the DagBag from /home/airflow/.local/lib/python3.12/site-packages/airflow/example_dags/example_dynamic_task_mapping.py
[2025-10-17T03:24:54.942+0000] {processor.py:840} INFO - DAG(s) 'example_dynamic_task_mapping' retrieved from /home/airflow/.local/lib/python3.12/site-packages/airflow/example_dags/example_dynamic_task_mapping.py
[2025-10-17T03:24:54.964+0000] {logging_mixin.py:188} INFO - [2025-10-17T03:24:54.964+0000] {dag.py:3096} INFO - Sync 1 DAGs
[2025-10-17T03:24:54.983+0000] {logging_mixin.py:188} INFO - [2025-10-17T03:24:54.983+0000] {dag.py:3954} INFO - Setting next_dagrun for example_dynamic_task_mapping to 2022-03-04 00:00:00+00:00, run_after=2022-03-05 00:00:00+00:00
[2025-10-17T03:24:55.009+0000] {processor.py:183} INFO - Processing /home/airflow/.local/lib/python3.12/site-packages/airflow/example_dags/example_dynamic_task_mapping.py took 0.082 seconds
[2025-10-17T03:25:25.165+0000] {processor.py:161} INFO - Started process (PID=3551) to work on /home/airflow/.local/lib/python3.12/site-packages/airflow/example_dags/example_dynamic_task_mapping.py
[2025-10-17T03:25:25.167+0000] {processor.py:830} INFO - Processing file /home/airflow/.local/lib/python3.12/site-packages/airflow/example_dags/example_dynamic_task_mapping.py for tasks to queue
[2025-10-17T03:25:25.169+0000] {logging_mixin.py:188} INFO - [2025-10-17T03:25:25.168+0000] {dagbag.py:545} INFO - Filling up the DagBag from /home/airflow/.local/lib/python3.12/site-packages/airflow/example_dags/example_dynamic_task_mapping.py
[2025-10-17T03:25:25.174+0000] {processor.py:840} INFO - DAG(s) 'example_dynamic_task_mapping' retrieved from /home/airflow/.local/lib/python3.12/site-packages/airflow/example_dags/example_dynamic_task_mapping.py
[2025-10-17T03:25:25.194+0000] {logging_mixin.py:188} INFO - [2025-10-17T03:25:25.194+0000] {dag.py:3096} INFO - Sync 1 DAGs
[2025-10-17T03:25:25.213+0000] {logging_mixin.py:188} INFO - [2025-10-17T03:25:25.213+0000] {dag.py:3954} INFO - Setting next_dagrun for example_dynamic_task_mapping to 2022-03-04 00:00:00+00:00, run_after=2022-03-05 00:00:00+00:00
[2025-10-17T03:25:25.235+0000] {processor.py:183} INFO - Processing /home/airflow/.local/lib/python3.12/site-packages/airflow/example_dags/example_dynamic_task_mapping.py took 0.074 seconds
[2025-10-17T03:25:55.439+0000] {processor.py:161} INFO - Started process (PID=3610) to work on /home/airflow/.local/lib/python3.12/site-packages/airflow/example_dags/example_dynamic_task_mapping.py
[2025-10-17T03:25:55.441+0000] {processor.py:830} INFO - Processing file /home/airflow/.local/lib/python3.12/site-packages/airflow/example_dags/example_dynamic_task_mapping.py for tasks to queue
[2025-10-17T03:25:55.443+0000] {logging_mixin.py:188} INFO - [2025-10-17T03:25:55.442+0000] {dagbag.py:545} INFO - Filling up the DagBag from /home/airflow/.local/lib/python3.12/site-packages/airflow/example_dags/example_dynamic_task_mapping.py
[2025-10-17T03:25:55.451+0000] {processor.py:840} INFO - DAG(s) 'example_dynamic_task_mapping' retrieved from /home/airflow/.local/lib/python3.12/site-packages/airflow/example_dags/example_dynamic_task_mapping.py
[2025-10-17T03:25:55.471+0000] {logging_mixin.py:188} INFO - [2025-10-17T03:25:55.471+0000] {dag.py:3096} INFO - Sync 1 DAGs
[2025-10-17T03:25:55.489+0000] {logging_mixin.py:188} INFO - [2025-10-17T03:25:55.489+0000] {dag.py:3954} INFO - Setting next_dagrun for example_dynamic_task_mapping to 2022-03-04 00:00:00+00:00, run_after=2022-03-05 00:00:00+00:00
[2025-10-17T03:25:55.505+0000] {processor.py:183} INFO - Processing /home/airflow/.local/lib/python3.12/site-packages/airflow/example_dags/example_dynamic_task_mapping.py took 0.071 seconds
[2025-10-17T03:26:25.634+0000] {processor.py:161} INFO - Started process (PID=3669) to work on /home/airflow/.local/lib/python3.12/site-packages/airflow/example_dags/example_dynamic_task_mapping.py
[2025-10-17T03:26:25.635+0000] {processor.py:830} INFO - Processing file /home/airflow/.local/lib/python3.12/site-packages/airflow/example_dags/example_dynamic_task_mapping.py for tasks to queue
[2025-10-17T03:26:25.637+0000] {logging_mixin.py:188} INFO - [2025-10-17T03:26:25.637+0000] {dagbag.py:545} INFO - Filling up the DagBag from /home/airflow/.local/lib/python3.12/site-packages/airflow/example_dags/example_dynamic_task_mapping.py
[2025-10-17T03:26:25.644+0000] {processor.py:840} INFO - DAG(s) 'example_dynamic_task_mapping' retrieved from /home/airflow/.local/lib/python3.12/site-packages/airflow/example_dags/example_dynamic_task_mapping.py
[2025-10-17T03:26:25.662+0000] {logging_mixin.py:188} INFO - [2025-10-17T03:26:25.662+0000] {dag.py:3096} INFO - Sync 1 DAGs
[2025-10-17T03:26:25.689+0000] {logging_mixin.py:188} INFO - [2025-10-17T03:26:25.689+0000] {dag.py:3954} INFO - Setting next_dagrun for example_dynamic_task_mapping to 2022-03-04 00:00:00+00:00, run_after=2022-03-05 00:00:00+00:00
[2025-10-17T03:26:25.709+0000] {processor.py:183} INFO - Processing /home/airflow/.local/lib/python3.12/site-packages/airflow/example_dags/example_dynamic_task_mapping.py took 0.080 seconds
[2025-10-17T03:26:56.003+0000] {processor.py:161} INFO - Started process (PID=3728) to work on /home/airflow/.local/lib/python3.12/site-packages/airflow/example_dags/example_dynamic_task_mapping.py
[2025-10-17T03:26:56.005+0000] {processor.py:830} INFO - Processing file /home/airflow/.local/lib/python3.12/site-packages/airflow/example_dags/example_dynamic_task_mapping.py for tasks to queue
[2025-10-17T03:26:56.007+0000] {logging_mixin.py:188} INFO - [2025-10-17T03:26:56.006+0000] {dagbag.py:545} INFO - Filling up the DagBag from /home/airflow/.local/lib/python3.12/site-packages/airflow/example_dags/example_dynamic_task_mapping.py
[2025-10-17T03:26:56.013+0000] {processor.py:840} INFO - DAG(s) 'example_dynamic_task_mapping' retrieved from /home/airflow/.local/lib/python3.12/site-packages/airflow/example_dags/example_dynamic_task_mapping.py
[2025-10-17T03:26:56.031+0000] {logging_mixin.py:188} INFO - [2025-10-17T03:26:56.031+0000] {dag.py:3096} INFO - Sync 1 DAGs
[2025-10-17T03:26:56.049+0000] {logging_mixin.py:188} INFO - [2025-10-17T03:26:56.049+0000] {dag.py:3954} INFO - Setting next_dagrun for example_dynamic_task_mapping to 2022-03-04 00:00:00+00:00, run_after=2022-03-05 00:00:00+00:00
[2025-10-17T03:26:56.067+0000] {processor.py:183} INFO - Processing /home/airflow/.local/lib/python3.12/site-packages/airflow/example_dags/example_dynamic_task_mapping.py took 0.069 seconds
[2025-10-17T03:27:26.480+0000] {processor.py:161} INFO - Started process (PID=3787) to work on /home/airflow/.local/lib/python3.12/site-packages/airflow/example_dags/example_dynamic_task_mapping.py
[2025-10-17T03:27:26.482+0000] {processor.py:830} INFO - Processing file /home/airflow/.local/lib/python3.12/site-packages/airflow/example_dags/example_dynamic_task_mapping.py for tasks to queue
[2025-10-17T03:27:26.484+0000] {logging_mixin.py:188} INFO - [2025-10-17T03:27:26.483+0000] {dagbag.py:545} INFO - Filling up the DagBag from /home/airflow/.local/lib/python3.12/site-packages/airflow/example_dags/example_dynamic_task_mapping.py
[2025-10-17T03:27:26.491+0000] {processor.py:840} INFO - DAG(s) 'example_dynamic_task_mapping' retrieved from /home/airflow/.local/lib/python3.12/site-packages/airflow/example_dags/example_dynamic_task_mapping.py
[2025-10-17T03:27:26.512+0000] {logging_mixin.py:188} INFO - [2025-10-17T03:27:26.511+0000] {dag.py:3096} INFO - Sync 1 DAGs
[2025-10-17T03:27:26.532+0000] {logging_mixin.py:188} INFO - [2025-10-17T03:27:26.532+0000] {dag.py:3954} INFO - Setting next_dagrun for example_dynamic_task_mapping to 2022-03-04 00:00:00+00:00, run_after=2022-03-05 00:00:00+00:00
[2025-10-17T03:27:26.550+0000] {processor.py:183} INFO - Processing /home/airflow/.local/lib/python3.12/site-packages/airflow/example_dags/example_dynamic_task_mapping.py took 0.075 seconds
[2025-10-17T03:27:56.927+0000] {processor.py:161} INFO - Started process (PID=3846) to work on /home/airflow/.local/lib/python3.12/site-packages/airflow/example_dags/example_dynamic_task_mapping.py
[2025-10-17T03:27:56.928+0000] {processor.py:830} INFO - Processing file /home/airflow/.local/lib/python3.12/site-packages/airflow/example_dags/example_dynamic_task_mapping.py for tasks to queue
[2025-10-17T03:27:56.931+0000] {logging_mixin.py:188} INFO - [2025-10-17T03:27:56.931+0000] {dagbag.py:545} INFO - Filling up the DagBag from /home/airflow/.local/lib/python3.12/site-packages/airflow/example_dags/example_dynamic_task_mapping.py
[2025-10-17T03:27:56.939+0000] {processor.py:840} INFO - DAG(s) 'example_dynamic_task_mapping' retrieved from /home/airflow/.local/lib/python3.12/site-packages/airflow/example_dags/example_dynamic_task_mapping.py
[2025-10-17T03:27:56.962+0000] {logging_mixin.py:188} INFO - [2025-10-17T03:27:56.962+0000] {dag.py:3096} INFO - Sync 1 DAGs
[2025-10-17T03:27:56.985+0000] {logging_mixin.py:188} INFO - [2025-10-17T03:27:56.985+0000] {dag.py:3954} INFO - Setting next_dagrun for example_dynamic_task_mapping to 2022-03-04 00:00:00+00:00, run_after=2022-03-05 00:00:00+00:00
[2025-10-17T03:27:57.062+0000] {processor.py:183} INFO - Processing /home/airflow/.local/lib/python3.12/site-packages/airflow/example_dags/example_dynamic_task_mapping.py took 0.142 seconds
[2025-10-17T03:28:27.395+0000] {processor.py:161} INFO - Started process (PID=3905) to work on /home/airflow/.local/lib/python3.12/site-packages/airflow/example_dags/example_dynamic_task_mapping.py
[2025-10-17T03:28:27.397+0000] {processor.py:830} INFO - Processing file /home/airflow/.local/lib/python3.12/site-packages/airflow/example_dags/example_dynamic_task_mapping.py for tasks to queue
[2025-10-17T03:28:27.399+0000] {logging_mixin.py:188} INFO - [2025-10-17T03:28:27.399+0000] {dagbag.py:545} INFO - Filling up the DagBag from /home/airflow/.local/lib/python3.12/site-packages/airflow/example_dags/example_dynamic_task_mapping.py
[2025-10-17T03:28:27.409+0000] {processor.py:840} INFO - DAG(s) 'example_dynamic_task_mapping' retrieved from /home/airflow/.local/lib/python3.12/site-packages/airflow/example_dags/example_dynamic_task_mapping.py
[2025-10-17T03:28:27.433+0000] {logging_mixin.py:188} INFO - [2025-10-17T03:28:27.433+0000] {dag.py:3096} INFO - Sync 1 DAGs
[2025-10-17T03:28:27.458+0000] {logging_mixin.py:188} INFO - [2025-10-17T03:28:27.457+0000] {dag.py:3954} INFO - Setting next_dagrun for example_dynamic_task_mapping to 2022-03-04 00:00:00+00:00, run_after=2022-03-05 00:00:00+00:00
[2025-10-17T03:28:27.475+0000] {processor.py:183} INFO - Processing /home/airflow/.local/lib/python3.12/site-packages/airflow/example_dags/example_dynamic_task_mapping.py took 0.089 seconds
[2025-10-17T03:28:57.534+0000] {processor.py:161} INFO - Started process (PID=3964) to work on /home/airflow/.local/lib/python3.12/site-packages/airflow/example_dags/example_dynamic_task_mapping.py
[2025-10-17T03:28:57.535+0000] {processor.py:830} INFO - Processing file /home/airflow/.local/lib/python3.12/site-packages/airflow/example_dags/example_dynamic_task_mapping.py for tasks to queue
[2025-10-17T03:28:57.538+0000] {logging_mixin.py:188} INFO - [2025-10-17T03:28:57.538+0000] {dagbag.py:545} INFO - Filling up the DagBag from /home/airflow/.local/lib/python3.12/site-packages/airflow/example_dags/example_dynamic_task_mapping.py
[2025-10-17T03:28:57.547+0000] {processor.py:840} INFO - DAG(s) 'example_dynamic_task_mapping' retrieved from /home/airflow/.local/lib/python3.12/site-packages/airflow/example_dags/example_dynamic_task_mapping.py
[2025-10-17T03:28:57.570+0000] {logging_mixin.py:188} INFO - [2025-10-17T03:28:57.570+0000] {dag.py:3096} INFO - Sync 1 DAGs
[2025-10-17T03:28:57.597+0000] {logging_mixin.py:188} INFO - [2025-10-17T03:28:57.596+0000] {dag.py:3954} INFO - Setting next_dagrun for example_dynamic_task_mapping to 2022-03-04 00:00:00+00:00, run_after=2022-03-05 00:00:00+00:00
[2025-10-17T03:28:57.623+0000] {processor.py:183} INFO - Processing /home/airflow/.local/lib/python3.12/site-packages/airflow/example_dags/example_dynamic_task_mapping.py took 0.096 seconds
[2025-10-17T03:29:27.885+0000] {processor.py:161} INFO - Started process (PID=4023) to work on /home/airflow/.local/lib/python3.12/site-packages/airflow/example_dags/example_dynamic_task_mapping.py
[2025-10-17T03:29:27.887+0000] {processor.py:830} INFO - Processing file /home/airflow/.local/lib/python3.12/site-packages/airflow/example_dags/example_dynamic_task_mapping.py for tasks to queue
[2025-10-17T03:29:27.889+0000] {logging_mixin.py:188} INFO - [2025-10-17T03:29:27.889+0000] {dagbag.py:545} INFO - Filling up the DagBag from /home/airflow/.local/lib/python3.12/site-packages/airflow/example_dags/example_dynamic_task_mapping.py
[2025-10-17T03:29:27.896+0000] {processor.py:840} INFO - DAG(s) 'example_dynamic_task_mapping' retrieved from /home/airflow/.local/lib/python3.12/site-packages/airflow/example_dags/example_dynamic_task_mapping.py
[2025-10-17T03:29:27.917+0000] {logging_mixin.py:188} INFO - [2025-10-17T03:29:27.917+0000] {dag.py:3096} INFO - Sync 1 DAGs
[2025-10-17T03:29:27.937+0000] {logging_mixin.py:188} INFO - [2025-10-17T03:29:27.937+0000] {dag.py:3954} INFO - Setting next_dagrun for example_dynamic_task_mapping to 2022-03-04 00:00:00+00:00, run_after=2022-03-05 00:00:00+00:00
[2025-10-17T03:29:27.958+0000] {processor.py:183} INFO - Processing /home/airflow/.local/lib/python3.12/site-packages/airflow/example_dags/example_dynamic_task_mapping.py took 0.078 seconds
[2025-10-17T03:29:58.535+0000] {processor.py:161} INFO - Started process (PID=4082) to work on /home/airflow/.local/lib/python3.12/site-packages/airflow/example_dags/example_dynamic_task_mapping.py
[2025-10-17T03:29:58.537+0000] {processor.py:830} INFO - Processing file /home/airflow/.local/lib/python3.12/site-packages/airflow/example_dags/example_dynamic_task_mapping.py for tasks to queue
[2025-10-17T03:29:58.539+0000] {logging_mixin.py:188} INFO - [2025-10-17T03:29:58.538+0000] {dagbag.py:545} INFO - Filling up the DagBag from /home/airflow/.local/lib/python3.12/site-packages/airflow/example_dags/example_dynamic_task_mapping.py
[2025-10-17T03:29:58.545+0000] {processor.py:840} INFO - DAG(s) 'example_dynamic_task_mapping' retrieved from /home/airflow/.local/lib/python3.12/site-packages/airflow/example_dags/example_dynamic_task_mapping.py
[2025-10-17T03:29:58.563+0000] {logging_mixin.py:188} INFO - [2025-10-17T03:29:58.562+0000] {dag.py:3096} INFO - Sync 1 DAGs
[2025-10-17T03:29:58.580+0000] {logging_mixin.py:188} INFO - [2025-10-17T03:29:58.580+0000] {dag.py:3954} INFO - Setting next_dagrun for example_dynamic_task_mapping to 2022-03-04 00:00:00+00:00, run_after=2022-03-05 00:00:00+00:00
[2025-10-17T03:29:58.599+0000] {processor.py:183} INFO - Processing /home/airflow/.local/lib/python3.12/site-packages/airflow/example_dags/example_dynamic_task_mapping.py took 0.069 seconds
[2025-10-17T03:30:28.942+0000] {processor.py:161} INFO - Started process (PID=4141) to work on /home/airflow/.local/lib/python3.12/site-packages/airflow/example_dags/example_dynamic_task_mapping.py
[2025-10-17T03:30:28.943+0000] {processor.py:830} INFO - Processing file /home/airflow/.local/lib/python3.12/site-packages/airflow/example_dags/example_dynamic_task_mapping.py for tasks to queue
[2025-10-17T03:30:28.945+0000] {logging_mixin.py:188} INFO - [2025-10-17T03:30:28.945+0000] {dagbag.py:545} INFO - Filling up the DagBag from /home/airflow/.local/lib/python3.12/site-packages/airflow/example_dags/example_dynamic_task_mapping.py
[2025-10-17T03:30:28.951+0000] {processor.py:840} INFO - DAG(s) 'example_dynamic_task_mapping' retrieved from /home/airflow/.local/lib/python3.12/site-packages/airflow/example_dags/example_dynamic_task_mapping.py
[2025-10-17T03:30:28.969+0000] {logging_mixin.py:188} INFO - [2025-10-17T03:30:28.969+0000] {dag.py:3096} INFO - Sync 1 DAGs
[2025-10-17T03:30:28.988+0000] {logging_mixin.py:188} INFO - [2025-10-17T03:30:28.988+0000] {dag.py:3954} INFO - Setting next_dagrun for example_dynamic_task_mapping to 2022-03-04 00:00:00+00:00, run_after=2022-03-05 00:00:00+00:00
[2025-10-17T03:30:29.007+0000] {processor.py:183} INFO - Processing /home/airflow/.local/lib/python3.12/site-packages/airflow/example_dags/example_dynamic_task_mapping.py took 0.071 seconds
[2025-10-17T03:30:59.340+0000] {processor.py:161} INFO - Started process (PID=4200) to work on /home/airflow/.local/lib/python3.12/site-packages/airflow/example_dags/example_dynamic_task_mapping.py
[2025-10-17T03:30:59.351+0000] {processor.py:830} INFO - Processing file /home/airflow/.local/lib/python3.12/site-packages/airflow/example_dags/example_dynamic_task_mapping.py for tasks to queue
[2025-10-17T03:30:59.358+0000] {logging_mixin.py:188} INFO - [2025-10-17T03:30:59.357+0000] {dagbag.py:545} INFO - Filling up the DagBag from /home/airflow/.local/lib/python3.12/site-packages/airflow/example_dags/example_dynamic_task_mapping.py
[2025-10-17T03:30:59.383+0000] {processor.py:840} INFO - DAG(s) 'example_dynamic_task_mapping' retrieved from /home/airflow/.local/lib/python3.12/site-packages/airflow/example_dags/example_dynamic_task_mapping.py
[2025-10-17T03:30:59.453+0000] {logging_mixin.py:188} INFO - [2025-10-17T03:30:59.452+0000] {dag.py:3096} INFO - Sync 1 DAGs
[2025-10-17T03:30:59.559+0000] {logging_mixin.py:188} INFO - [2025-10-17T03:30:59.548+0000] {dag.py:3954} INFO - Setting next_dagrun for example_dynamic_task_mapping to 2022-03-04 00:00:00+00:00, run_after=2022-03-05 00:00:00+00:00
[2025-10-17T03:30:59.642+0000] {processor.py:183} INFO - Processing /home/airflow/.local/lib/python3.12/site-packages/airflow/example_dags/example_dynamic_task_mapping.py took 0.311 seconds
[2025-10-17T03:31:30.539+0000] {processor.py:161} INFO - Started process (PID=4259) to work on /home/airflow/.local/lib/python3.12/site-packages/airflow/example_dags/example_dynamic_task_mapping.py
[2025-10-17T03:31:30.540+0000] {processor.py:830} INFO - Processing file /home/airflow/.local/lib/python3.12/site-packages/airflow/example_dags/example_dynamic_task_mapping.py for tasks to queue
[2025-10-17T03:31:30.543+0000] {logging_mixin.py:188} INFO - [2025-10-17T03:31:30.542+0000] {dagbag.py:545} INFO - Filling up the DagBag from /home/airflow/.local/lib/python3.12/site-packages/airflow/example_dags/example_dynamic_task_mapping.py
[2025-10-17T03:31:30.552+0000] {processor.py:840} INFO - DAG(s) 'example_dynamic_task_mapping' retrieved from /home/airflow/.local/lib/python3.12/site-packages/airflow/example_dags/example_dynamic_task_mapping.py
[2025-10-17T03:31:30.574+0000] {logging_mixin.py:188} INFO - [2025-10-17T03:31:30.573+0000] {dag.py:3096} INFO - Sync 1 DAGs
[2025-10-17T03:31:30.597+0000] {logging_mixin.py:188} INFO - [2025-10-17T03:31:30.597+0000] {dag.py:3954} INFO - Setting next_dagrun for example_dynamic_task_mapping to 2022-03-04 00:00:00+00:00, run_after=2022-03-05 00:00:00+00:00
[2025-10-17T03:31:30.618+0000] {processor.py:183} INFO - Processing /home/airflow/.local/lib/python3.12/site-packages/airflow/example_dags/example_dynamic_task_mapping.py took 0.085 seconds
[2025-10-17T03:32:00.969+0000] {processor.py:161} INFO - Started process (PID=4318) to work on /home/airflow/.local/lib/python3.12/site-packages/airflow/example_dags/example_dynamic_task_mapping.py
[2025-10-17T03:32:00.971+0000] {processor.py:830} INFO - Processing file /home/airflow/.local/lib/python3.12/site-packages/airflow/example_dags/example_dynamic_task_mapping.py for tasks to queue
[2025-10-17T03:32:00.973+0000] {logging_mixin.py:188} INFO - [2025-10-17T03:32:00.973+0000] {dagbag.py:545} INFO - Filling up the DagBag from /home/airflow/.local/lib/python3.12/site-packages/airflow/example_dags/example_dynamic_task_mapping.py
[2025-10-17T03:32:00.982+0000] {processor.py:840} INFO - DAG(s) 'example_dynamic_task_mapping' retrieved from /home/airflow/.local/lib/python3.12/site-packages/airflow/example_dags/example_dynamic_task_mapping.py
[2025-10-17T03:32:01.006+0000] {logging_mixin.py:188} INFO - [2025-10-17T03:32:01.006+0000] {dag.py:3096} INFO - Sync 1 DAGs
[2025-10-17T03:32:01.032+0000] {logging_mixin.py:188} INFO - [2025-10-17T03:32:01.032+0000] {dag.py:3954} INFO - Setting next_dagrun for example_dynamic_task_mapping to 2022-03-04 00:00:00+00:00, run_after=2022-03-05 00:00:00+00:00
[2025-10-17T03:32:01.053+0000] {processor.py:183} INFO - Processing /home/airflow/.local/lib/python3.12/site-packages/airflow/example_dags/example_dynamic_task_mapping.py took 0.091 seconds
[2025-10-17T03:32:31.366+0000] {processor.py:161} INFO - Started process (PID=4377) to work on /home/airflow/.local/lib/python3.12/site-packages/airflow/example_dags/example_dynamic_task_mapping.py
[2025-10-17T03:32:31.367+0000] {processor.py:830} INFO - Processing file /home/airflow/.local/lib/python3.12/site-packages/airflow/example_dags/example_dynamic_task_mapping.py for tasks to queue
[2025-10-17T03:32:31.370+0000] {logging_mixin.py:188} INFO - [2025-10-17T03:32:31.369+0000] {dagbag.py:545} INFO - Filling up the DagBag from /home/airflow/.local/lib/python3.12/site-packages/airflow/example_dags/example_dynamic_task_mapping.py
[2025-10-17T03:32:31.378+0000] {processor.py:840} INFO - DAG(s) 'example_dynamic_task_mapping' retrieved from /home/airflow/.local/lib/python3.12/site-packages/airflow/example_dags/example_dynamic_task_mapping.py
[2025-10-17T03:32:31.400+0000] {logging_mixin.py:188} INFO - [2025-10-17T03:32:31.400+0000] {dag.py:3096} INFO - Sync 1 DAGs
[2025-10-17T03:32:31.422+0000] {logging_mixin.py:188} INFO - [2025-10-17T03:32:31.422+0000] {dag.py:3954} INFO - Setting next_dagrun for example_dynamic_task_mapping to 2022-03-04 00:00:00+00:00, run_after=2022-03-05 00:00:00+00:00
[2025-10-17T03:32:31.444+0000] {processor.py:183} INFO - Processing /home/airflow/.local/lib/python3.12/site-packages/airflow/example_dags/example_dynamic_task_mapping.py took 0.083 seconds
[2025-10-17T03:33:02.069+0000] {processor.py:161} INFO - Started process (PID=4436) to work on /home/airflow/.local/lib/python3.12/site-packages/airflow/example_dags/example_dynamic_task_mapping.py
[2025-10-17T03:33:02.071+0000] {processor.py:830} INFO - Processing file /home/airflow/.local/lib/python3.12/site-packages/airflow/example_dags/example_dynamic_task_mapping.py for tasks to queue
[2025-10-17T03:33:02.073+0000] {logging_mixin.py:188} INFO - [2025-10-17T03:33:02.073+0000] {dagbag.py:545} INFO - Filling up the DagBag from /home/airflow/.local/lib/python3.12/site-packages/airflow/example_dags/example_dynamic_task_mapping.py
[2025-10-17T03:33:02.080+0000] {processor.py:840} INFO - DAG(s) 'example_dynamic_task_mapping' retrieved from /home/airflow/.local/lib/python3.12/site-packages/airflow/example_dags/example_dynamic_task_mapping.py
[2025-10-17T03:33:02.102+0000] {logging_mixin.py:188} INFO - [2025-10-17T03:33:02.102+0000] {dag.py:3096} INFO - Sync 1 DAGs
[2025-10-17T03:33:02.121+0000] {logging_mixin.py:188} INFO - [2025-10-17T03:33:02.121+0000] {dag.py:3954} INFO - Setting next_dagrun for example_dynamic_task_mapping to 2022-03-04 00:00:00+00:00, run_after=2022-03-05 00:00:00+00:00
[2025-10-17T03:33:02.140+0000] {processor.py:183} INFO - Processing /home/airflow/.local/lib/python3.12/site-packages/airflow/example_dags/example_dynamic_task_mapping.py took 0.078 seconds
[2025-10-17T03:33:32.245+0000] {processor.py:161} INFO - Started process (PID=4495) to work on /home/airflow/.local/lib/python3.12/site-packages/airflow/example_dags/example_dynamic_task_mapping.py
[2025-10-17T03:33:32.246+0000] {processor.py:830} INFO - Processing file /home/airflow/.local/lib/python3.12/site-packages/airflow/example_dags/example_dynamic_task_mapping.py for tasks to queue
[2025-10-17T03:33:32.249+0000] {logging_mixin.py:188} INFO - [2025-10-17T03:33:32.248+0000] {dagbag.py:545} INFO - Filling up the DagBag from /home/airflow/.local/lib/python3.12/site-packages/airflow/example_dags/example_dynamic_task_mapping.py
[2025-10-17T03:33:32.257+0000] {processor.py:840} INFO - DAG(s) 'example_dynamic_task_mapping' retrieved from /home/airflow/.local/lib/python3.12/site-packages/airflow/example_dags/example_dynamic_task_mapping.py
[2025-10-17T03:33:32.279+0000] {logging_mixin.py:188} INFO - [2025-10-17T03:33:32.279+0000] {dag.py:3096} INFO - Sync 1 DAGs
[2025-10-17T03:33:32.312+0000] {logging_mixin.py:188} INFO - [2025-10-17T03:33:32.312+0000] {dag.py:3954} INFO - Setting next_dagrun for example_dynamic_task_mapping to 2022-03-04 00:00:00+00:00, run_after=2022-03-05 00:00:00+00:00
[2025-10-17T03:33:32.352+0000] {processor.py:183} INFO - Processing /home/airflow/.local/lib/python3.12/site-packages/airflow/example_dags/example_dynamic_task_mapping.py took 0.114 seconds
[2025-10-17T03:34:02.432+0000] {processor.py:161} INFO - Started process (PID=4554) to work on /home/airflow/.local/lib/python3.12/site-packages/airflow/example_dags/example_dynamic_task_mapping.py
[2025-10-17T03:34:02.433+0000] {processor.py:830} INFO - Processing file /home/airflow/.local/lib/python3.12/site-packages/airflow/example_dags/example_dynamic_task_mapping.py for tasks to queue
[2025-10-17T03:34:02.436+0000] {logging_mixin.py:188} INFO - [2025-10-17T03:34:02.435+0000] {dagbag.py:545} INFO - Filling up the DagBag from /home/airflow/.local/lib/python3.12/site-packages/airflow/example_dags/example_dynamic_task_mapping.py
[2025-10-17T03:34:02.442+0000] {processor.py:840} INFO - DAG(s) 'example_dynamic_task_mapping' retrieved from /home/airflow/.local/lib/python3.12/site-packages/airflow/example_dags/example_dynamic_task_mapping.py
[2025-10-17T03:34:02.460+0000] {logging_mixin.py:188} INFO - [2025-10-17T03:34:02.460+0000] {dag.py:3096} INFO - Sync 1 DAGs
[2025-10-17T03:34:02.478+0000] {logging_mixin.py:188} INFO - [2025-10-17T03:34:02.478+0000] {dag.py:3954} INFO - Setting next_dagrun for example_dynamic_task_mapping to 2022-03-04 00:00:00+00:00, run_after=2022-03-05 00:00:00+00:00
[2025-10-17T03:34:02.494+0000] {processor.py:183} INFO - Processing /home/airflow/.local/lib/python3.12/site-packages/airflow/example_dags/example_dynamic_task_mapping.py took 0.067 seconds
[2025-10-17T03:34:32.699+0000] {processor.py:161} INFO - Started process (PID=4613) to work on /home/airflow/.local/lib/python3.12/site-packages/airflow/example_dags/example_dynamic_task_mapping.py
[2025-10-17T03:34:32.700+0000] {processor.py:830} INFO - Processing file /home/airflow/.local/lib/python3.12/site-packages/airflow/example_dags/example_dynamic_task_mapping.py for tasks to queue
[2025-10-17T03:34:32.702+0000] {logging_mixin.py:188} INFO - [2025-10-17T03:34:32.701+0000] {dagbag.py:545} INFO - Filling up the DagBag from /home/airflow/.local/lib/python3.12/site-packages/airflow/example_dags/example_dynamic_task_mapping.py
[2025-10-17T03:34:32.710+0000] {processor.py:840} INFO - DAG(s) 'example_dynamic_task_mapping' retrieved from /home/airflow/.local/lib/python3.12/site-packages/airflow/example_dags/example_dynamic_task_mapping.py
[2025-10-17T03:34:32.731+0000] {logging_mixin.py:188} INFO - [2025-10-17T03:34:32.731+0000] {dag.py:3096} INFO - Sync 1 DAGs
[2025-10-17T03:34:32.753+0000] {logging_mixin.py:188} INFO - [2025-10-17T03:34:32.753+0000] {dag.py:3954} INFO - Setting next_dagrun for example_dynamic_task_mapping to 2022-03-04 00:00:00+00:00, run_after=2022-03-05 00:00:00+00:00
[2025-10-17T03:34:32.771+0000] {processor.py:183} INFO - Processing /home/airflow/.local/lib/python3.12/site-packages/airflow/example_dags/example_dynamic_task_mapping.py took 0.079 seconds
[2025-10-17T03:35:03.007+0000] {processor.py:161} INFO - Started process (PID=4672) to work on /home/airflow/.local/lib/python3.12/site-packages/airflow/example_dags/example_dynamic_task_mapping.py
[2025-10-17T03:35:03.009+0000] {processor.py:830} INFO - Processing file /home/airflow/.local/lib/python3.12/site-packages/airflow/example_dags/example_dynamic_task_mapping.py for tasks to queue
[2025-10-17T03:35:03.012+0000] {logging_mixin.py:188} INFO - [2025-10-17T03:35:03.011+0000] {dagbag.py:545} INFO - Filling up the DagBag from /home/airflow/.local/lib/python3.12/site-packages/airflow/example_dags/example_dynamic_task_mapping.py
[2025-10-17T03:35:03.019+0000] {processor.py:840} INFO - DAG(s) 'example_dynamic_task_mapping' retrieved from /home/airflow/.local/lib/python3.12/site-packages/airflow/example_dags/example_dynamic_task_mapping.py
[2025-10-17T03:35:03.041+0000] {logging_mixin.py:188} INFO - [2025-10-17T03:35:03.041+0000] {dag.py:3096} INFO - Sync 1 DAGs
[2025-10-17T03:35:03.062+0000] {logging_mixin.py:188} INFO - [2025-10-17T03:35:03.062+0000] {dag.py:3954} INFO - Setting next_dagrun for example_dynamic_task_mapping to 2022-03-04 00:00:00+00:00, run_after=2022-03-05 00:00:00+00:00
[2025-10-17T03:35:03.083+0000] {processor.py:183} INFO - Processing /home/airflow/.local/lib/python3.12/site-packages/airflow/example_dags/example_dynamic_task_mapping.py took 0.081 seconds
[2025-10-17T03:35:33.556+0000] {processor.py:161} INFO - Started process (PID=4731) to work on /home/airflow/.local/lib/python3.12/site-packages/airflow/example_dags/example_dynamic_task_mapping.py
[2025-10-17T03:35:33.558+0000] {processor.py:830} INFO - Processing file /home/airflow/.local/lib/python3.12/site-packages/airflow/example_dags/example_dynamic_task_mapping.py for tasks to queue
[2025-10-17T03:35:33.560+0000] {logging_mixin.py:188} INFO - [2025-10-17T03:35:33.560+0000] {dagbag.py:545} INFO - Filling up the DagBag from /home/airflow/.local/lib/python3.12/site-packages/airflow/example_dags/example_dynamic_task_mapping.py
[2025-10-17T03:35:33.567+0000] {processor.py:840} INFO - DAG(s) 'example_dynamic_task_mapping' retrieved from /home/airflow/.local/lib/python3.12/site-packages/airflow/example_dags/example_dynamic_task_mapping.py
[2025-10-17T03:35:33.587+0000] {logging_mixin.py:188} INFO - [2025-10-17T03:35:33.587+0000] {dag.py:3096} INFO - Sync 1 DAGs
[2025-10-17T03:35:33.608+0000] {logging_mixin.py:188} INFO - [2025-10-17T03:35:33.608+0000] {dag.py:3954} INFO - Setting next_dagrun for example_dynamic_task_mapping to 2022-03-04 00:00:00+00:00, run_after=2022-03-05 00:00:00+00:00
[2025-10-17T03:35:33.628+0000] {processor.py:183} INFO - Processing /home/airflow/.local/lib/python3.12/site-packages/airflow/example_dags/example_dynamic_task_mapping.py took 0.077 seconds
[2025-10-17T03:36:03.857+0000] {processor.py:161} INFO - Started process (PID=4790) to work on /home/airflow/.local/lib/python3.12/site-packages/airflow/example_dags/example_dynamic_task_mapping.py
[2025-10-17T03:36:03.858+0000] {processor.py:830} INFO - Processing file /home/airflow/.local/lib/python3.12/site-packages/airflow/example_dags/example_dynamic_task_mapping.py for tasks to queue
[2025-10-17T03:36:03.860+0000] {logging_mixin.py:188} INFO - [2025-10-17T03:36:03.860+0000] {dagbag.py:545} INFO - Filling up the DagBag from /home/airflow/.local/lib/python3.12/site-packages/airflow/example_dags/example_dynamic_task_mapping.py
[2025-10-17T03:36:03.867+0000] {processor.py:840} INFO - DAG(s) 'example_dynamic_task_mapping' retrieved from /home/airflow/.local/lib/python3.12/site-packages/airflow/example_dags/example_dynamic_task_mapping.py
[2025-10-17T03:36:03.887+0000] {logging_mixin.py:188} INFO - [2025-10-17T03:36:03.887+0000] {dag.py:3096} INFO - Sync 1 DAGs
[2025-10-17T03:36:03.909+0000] {logging_mixin.py:188} INFO - [2025-10-17T03:36:03.908+0000] {dag.py:3954} INFO - Setting next_dagrun for example_dynamic_task_mapping to 2022-03-04 00:00:00+00:00, run_after=2022-03-05 00:00:00+00:00
[2025-10-17T03:36:03.929+0000] {processor.py:183} INFO - Processing /home/airflow/.local/lib/python3.12/site-packages/airflow/example_dags/example_dynamic_task_mapping.py took 0.078 seconds
[2025-10-17T03:36:34.133+0000] {processor.py:161} INFO - Started process (PID=4847) to work on /home/airflow/.local/lib/python3.12/site-packages/airflow/example_dags/example_dynamic_task_mapping.py
[2025-10-17T03:36:34.134+0000] {processor.py:830} INFO - Processing file /home/airflow/.local/lib/python3.12/site-packages/airflow/example_dags/example_dynamic_task_mapping.py for tasks to queue
[2025-10-17T03:36:34.137+0000] {logging_mixin.py:188} INFO - [2025-10-17T03:36:34.136+0000] {dagbag.py:545} INFO - Filling up the DagBag from /home/airflow/.local/lib/python3.12/site-packages/airflow/example_dags/example_dynamic_task_mapping.py
[2025-10-17T03:36:34.143+0000] {processor.py:840} INFO - DAG(s) 'example_dynamic_task_mapping' retrieved from /home/airflow/.local/lib/python3.12/site-packages/airflow/example_dags/example_dynamic_task_mapping.py
[2025-10-17T03:36:34.165+0000] {logging_mixin.py:188} INFO - [2025-10-17T03:36:34.165+0000] {dag.py:3096} INFO - Sync 1 DAGs
[2025-10-17T03:36:34.185+0000] {logging_mixin.py:188} INFO - [2025-10-17T03:36:34.185+0000] {dag.py:3954} INFO - Setting next_dagrun for example_dynamic_task_mapping to 2022-03-04 00:00:00+00:00, run_after=2022-03-05 00:00:00+00:00
[2025-10-17T03:36:34.205+0000] {processor.py:183} INFO - Processing /home/airflow/.local/lib/python3.12/site-packages/airflow/example_dags/example_dynamic_task_mapping.py took 0.078 seconds
[2025-10-17T03:37:04.323+0000] {processor.py:161} INFO - Started process (PID=4906) to work on /home/airflow/.local/lib/python3.12/site-packages/airflow/example_dags/example_dynamic_task_mapping.py
[2025-10-17T03:37:04.324+0000] {processor.py:830} INFO - Processing file /home/airflow/.local/lib/python3.12/site-packages/airflow/example_dags/example_dynamic_task_mapping.py for tasks to queue
[2025-10-17T03:37:04.327+0000] {logging_mixin.py:188} INFO - [2025-10-17T03:37:04.327+0000] {dagbag.py:545} INFO - Filling up the DagBag from /home/airflow/.local/lib/python3.12/site-packages/airflow/example_dags/example_dynamic_task_mapping.py
[2025-10-17T03:37:04.335+0000] {processor.py:840} INFO - DAG(s) 'example_dynamic_task_mapping' retrieved from /home/airflow/.local/lib/python3.12/site-packages/airflow/example_dags/example_dynamic_task_mapping.py
[2025-10-17T03:37:04.360+0000] {logging_mixin.py:188} INFO - [2025-10-17T03:37:04.359+0000] {dag.py:3096} INFO - Sync 1 DAGs
[2025-10-17T03:37:04.384+0000] {logging_mixin.py:188} INFO - [2025-10-17T03:37:04.384+0000] {dag.py:3954} INFO - Setting next_dagrun for example_dynamic_task_mapping to 2022-03-04 00:00:00+00:00, run_after=2022-03-05 00:00:00+00:00
[2025-10-17T03:37:04.403+0000] {processor.py:183} INFO - Processing /home/airflow/.local/lib/python3.12/site-packages/airflow/example_dags/example_dynamic_task_mapping.py took 0.087 seconds
[2025-10-17T03:37:34.809+0000] {processor.py:161} INFO - Started process (PID=4965) to work on /home/airflow/.local/lib/python3.12/site-packages/airflow/example_dags/example_dynamic_task_mapping.py
[2025-10-17T03:37:34.810+0000] {processor.py:830} INFO - Processing file /home/airflow/.local/lib/python3.12/site-packages/airflow/example_dags/example_dynamic_task_mapping.py for tasks to queue
[2025-10-17T03:37:34.813+0000] {logging_mixin.py:188} INFO - [2025-10-17T03:37:34.813+0000] {dagbag.py:545} INFO - Filling up the DagBag from /home/airflow/.local/lib/python3.12/site-packages/airflow/example_dags/example_dynamic_task_mapping.py
[2025-10-17T03:37:34.821+0000] {processor.py:840} INFO - DAG(s) 'example_dynamic_task_mapping' retrieved from /home/airflow/.local/lib/python3.12/site-packages/airflow/example_dags/example_dynamic_task_mapping.py
[2025-10-17T03:37:34.848+0000] {logging_mixin.py:188} INFO - [2025-10-17T03:37:34.848+0000] {dag.py:3096} INFO - Sync 1 DAGs
[2025-10-17T03:37:34.873+0000] {logging_mixin.py:188} INFO - [2025-10-17T03:37:34.872+0000] {dag.py:3954} INFO - Setting next_dagrun for example_dynamic_task_mapping to 2022-03-04 00:00:00+00:00, run_after=2022-03-05 00:00:00+00:00
[2025-10-17T03:37:34.896+0000] {processor.py:183} INFO - Processing /home/airflow/.local/lib/python3.12/site-packages/airflow/example_dags/example_dynamic_task_mapping.py took 0.094 seconds
[2025-10-17T03:38:05.624+0000] {processor.py:161} INFO - Started process (PID=5024) to work on /home/airflow/.local/lib/python3.12/site-packages/airflow/example_dags/example_dynamic_task_mapping.py
[2025-10-17T03:38:05.625+0000] {processor.py:830} INFO - Processing file /home/airflow/.local/lib/python3.12/site-packages/airflow/example_dags/example_dynamic_task_mapping.py for tasks to queue
[2025-10-17T03:38:05.628+0000] {logging_mixin.py:188} INFO - [2025-10-17T03:38:05.627+0000] {dagbag.py:545} INFO - Filling up the DagBag from /home/airflow/.local/lib/python3.12/site-packages/airflow/example_dags/example_dynamic_task_mapping.py
[2025-10-17T03:38:05.635+0000] {processor.py:840} INFO - DAG(s) 'example_dynamic_task_mapping' retrieved from /home/airflow/.local/lib/python3.12/site-packages/airflow/example_dags/example_dynamic_task_mapping.py
[2025-10-17T03:38:05.658+0000] {logging_mixin.py:188} INFO - [2025-10-17T03:38:05.657+0000] {dag.py:3096} INFO - Sync 1 DAGs
[2025-10-17T03:38:05.678+0000] {logging_mixin.py:188} INFO - [2025-10-17T03:38:05.678+0000] {dag.py:3954} INFO - Setting next_dagrun for example_dynamic_task_mapping to 2022-03-04 00:00:00+00:00, run_after=2022-03-05 00:00:00+00:00
[2025-10-17T03:38:05.697+0000] {processor.py:183} INFO - Processing /home/airflow/.local/lib/python3.12/site-packages/airflow/example_dags/example_dynamic_task_mapping.py took 0.079 seconds
[2025-10-17T03:38:35.888+0000] {processor.py:161} INFO - Started process (PID=5083) to work on /home/airflow/.local/lib/python3.12/site-packages/airflow/example_dags/example_dynamic_task_mapping.py
[2025-10-17T03:38:35.889+0000] {processor.py:830} INFO - Processing file /home/airflow/.local/lib/python3.12/site-packages/airflow/example_dags/example_dynamic_task_mapping.py for tasks to queue
[2025-10-17T03:38:35.891+0000] {logging_mixin.py:188} INFO - [2025-10-17T03:38:35.891+0000] {dagbag.py:545} INFO - Filling up the DagBag from /home/airflow/.local/lib/python3.12/site-packages/airflow/example_dags/example_dynamic_task_mapping.py
[2025-10-17T03:38:35.897+0000] {processor.py:840} INFO - DAG(s) 'example_dynamic_task_mapping' retrieved from /home/airflow/.local/lib/python3.12/site-packages/airflow/example_dags/example_dynamic_task_mapping.py
[2025-10-17T03:38:35.915+0000] {logging_mixin.py:188} INFO - [2025-10-17T03:38:35.915+0000] {dag.py:3096} INFO - Sync 1 DAGs
[2025-10-17T03:38:35.933+0000] {logging_mixin.py:188} INFO - [2025-10-17T03:38:35.933+0000] {dag.py:3954} INFO - Setting next_dagrun for example_dynamic_task_mapping to 2022-03-04 00:00:00+00:00, run_after=2022-03-05 00:00:00+00:00
[2025-10-17T03:38:35.953+0000] {processor.py:183} INFO - Processing /home/airflow/.local/lib/python3.12/site-packages/airflow/example_dags/example_dynamic_task_mapping.py took 0.070 seconds
[2025-10-17T03:39:06.491+0000] {processor.py:161} INFO - Started process (PID=5142) to work on /home/airflow/.local/lib/python3.12/site-packages/airflow/example_dags/example_dynamic_task_mapping.py
[2025-10-17T03:39:06.492+0000] {processor.py:830} INFO - Processing file /home/airflow/.local/lib/python3.12/site-packages/airflow/example_dags/example_dynamic_task_mapping.py for tasks to queue
[2025-10-17T03:39:06.494+0000] {logging_mixin.py:188} INFO - [2025-10-17T03:39:06.494+0000] {dagbag.py:545} INFO - Filling up the DagBag from /home/airflow/.local/lib/python3.12/site-packages/airflow/example_dags/example_dynamic_task_mapping.py
[2025-10-17T03:39:06.500+0000] {processor.py:840} INFO - DAG(s) 'example_dynamic_task_mapping' retrieved from /home/airflow/.local/lib/python3.12/site-packages/airflow/example_dags/example_dynamic_task_mapping.py
[2025-10-17T03:39:06.520+0000] {logging_mixin.py:188} INFO - [2025-10-17T03:39:06.520+0000] {dag.py:3096} INFO - Sync 1 DAGs
[2025-10-17T03:39:06.541+0000] {logging_mixin.py:188} INFO - [2025-10-17T03:39:06.540+0000] {dag.py:3954} INFO - Setting next_dagrun for example_dynamic_task_mapping to 2022-03-04 00:00:00+00:00, run_after=2022-03-05 00:00:00+00:00
[2025-10-17T03:39:06.568+0000] {processor.py:183} INFO - Processing /home/airflow/.local/lib/python3.12/site-packages/airflow/example_dags/example_dynamic_task_mapping.py took 0.082 seconds
[2025-10-17T03:39:36.782+0000] {processor.py:161} INFO - Started process (PID=5201) to work on /home/airflow/.local/lib/python3.12/site-packages/airflow/example_dags/example_dynamic_task_mapping.py
[2025-10-17T03:39:36.783+0000] {processor.py:830} INFO - Processing file /home/airflow/.local/lib/python3.12/site-packages/airflow/example_dags/example_dynamic_task_mapping.py for tasks to queue
[2025-10-17T03:39:36.784+0000] {logging_mixin.py:188} INFO - [2025-10-17T03:39:36.784+0000] {dagbag.py:545} INFO - Filling up the DagBag from /home/airflow/.local/lib/python3.12/site-packages/airflow/example_dags/example_dynamic_task_mapping.py
[2025-10-17T03:39:36.791+0000] {processor.py:840} INFO - DAG(s) 'example_dynamic_task_mapping' retrieved from /home/airflow/.local/lib/python3.12/site-packages/airflow/example_dags/example_dynamic_task_mapping.py
[2025-10-17T03:39:36.809+0000] {logging_mixin.py:188} INFO - [2025-10-17T03:39:36.809+0000] {dag.py:3096} INFO - Sync 1 DAGs
[2025-10-17T03:39:36.827+0000] {logging_mixin.py:188} INFO - [2025-10-17T03:39:36.827+0000] {dag.py:3954} INFO - Setting next_dagrun for example_dynamic_task_mapping to 2022-03-04 00:00:00+00:00, run_after=2022-03-05 00:00:00+00:00
[2025-10-17T03:39:36.864+0000] {processor.py:183} INFO - Processing /home/airflow/.local/lib/python3.12/site-packages/airflow/example_dags/example_dynamic_task_mapping.py took 0.087 seconds
[2025-10-17T03:40:07.074+0000] {processor.py:161} INFO - Started process (PID=5260) to work on /home/airflow/.local/lib/python3.12/site-packages/airflow/example_dags/example_dynamic_task_mapping.py
[2025-10-17T03:40:07.075+0000] {processor.py:830} INFO - Processing file /home/airflow/.local/lib/python3.12/site-packages/airflow/example_dags/example_dynamic_task_mapping.py for tasks to queue
[2025-10-17T03:40:07.078+0000] {logging_mixin.py:188} INFO - [2025-10-17T03:40:07.077+0000] {dagbag.py:545} INFO - Filling up the DagBag from /home/airflow/.local/lib/python3.12/site-packages/airflow/example_dags/example_dynamic_task_mapping.py
[2025-10-17T03:40:07.085+0000] {processor.py:840} INFO - DAG(s) 'example_dynamic_task_mapping' retrieved from /home/airflow/.local/lib/python3.12/site-packages/airflow/example_dags/example_dynamic_task_mapping.py
[2025-10-17T03:40:07.108+0000] {logging_mixin.py:188} INFO - [2025-10-17T03:40:07.108+0000] {dag.py:3096} INFO - Sync 1 DAGs
[2025-10-17T03:40:07.130+0000] {logging_mixin.py:188} INFO - [2025-10-17T03:40:07.130+0000] {dag.py:3954} INFO - Setting next_dagrun for example_dynamic_task_mapping to 2022-03-04 00:00:00+00:00, run_after=2022-03-05 00:00:00+00:00
[2025-10-17T03:40:07.151+0000] {processor.py:183} INFO - Processing /home/airflow/.local/lib/python3.12/site-packages/airflow/example_dags/example_dynamic_task_mapping.py took 0.083 seconds
[2025-10-17T03:40:37.325+0000] {processor.py:161} INFO - Started process (PID=5319) to work on /home/airflow/.local/lib/python3.12/site-packages/airflow/example_dags/example_dynamic_task_mapping.py
[2025-10-17T03:40:37.326+0000] {processor.py:830} INFO - Processing file /home/airflow/.local/lib/python3.12/site-packages/airflow/example_dags/example_dynamic_task_mapping.py for tasks to queue
[2025-10-17T03:40:37.328+0000] {logging_mixin.py:188} INFO - [2025-10-17T03:40:37.328+0000] {dagbag.py:545} INFO - Filling up the DagBag from /home/airflow/.local/lib/python3.12/site-packages/airflow/example_dags/example_dynamic_task_mapping.py
[2025-10-17T03:40:37.334+0000] {processor.py:840} INFO - DAG(s) 'example_dynamic_task_mapping' retrieved from /home/airflow/.local/lib/python3.12/site-packages/airflow/example_dags/example_dynamic_task_mapping.py
[2025-10-17T03:40:37.353+0000] {logging_mixin.py:188} INFO - [2025-10-17T03:40:37.353+0000] {dag.py:3096} INFO - Sync 1 DAGs
[2025-10-17T03:40:37.371+0000] {logging_mixin.py:188} INFO - [2025-10-17T03:40:37.371+0000] {dag.py:3954} INFO - Setting next_dagrun for example_dynamic_task_mapping to 2022-03-04 00:00:00+00:00, run_after=2022-03-05 00:00:00+00:00
[2025-10-17T03:40:37.407+0000] {processor.py:183} INFO - Processing /home/airflow/.local/lib/python3.12/site-packages/airflow/example_dags/example_dynamic_task_mapping.py took 0.088 seconds
[2025-10-17T03:41:07.703+0000] {processor.py:161} INFO - Started process (PID=5378) to work on /home/airflow/.local/lib/python3.12/site-packages/airflow/example_dags/example_dynamic_task_mapping.py
[2025-10-17T03:41:07.704+0000] {processor.py:830} INFO - Processing file /home/airflow/.local/lib/python3.12/site-packages/airflow/example_dags/example_dynamic_task_mapping.py for tasks to queue
[2025-10-17T03:41:07.706+0000] {logging_mixin.py:188} INFO - [2025-10-17T03:41:07.706+0000] {dagbag.py:545} INFO - Filling up the DagBag from /home/airflow/.local/lib/python3.12/site-packages/airflow/example_dags/example_dynamic_task_mapping.py
[2025-10-17T03:41:07.712+0000] {processor.py:840} INFO - DAG(s) 'example_dynamic_task_mapping' retrieved from /home/airflow/.local/lib/python3.12/site-packages/airflow/example_dags/example_dynamic_task_mapping.py
[2025-10-17T03:41:07.732+0000] {logging_mixin.py:188} INFO - [2025-10-17T03:41:07.731+0000] {dag.py:3096} INFO - Sync 1 DAGs
[2025-10-17T03:41:07.750+0000] {logging_mixin.py:188} INFO - [2025-10-17T03:41:07.750+0000] {dag.py:3954} INFO - Setting next_dagrun for example_dynamic_task_mapping to 2022-03-04 00:00:00+00:00, run_after=2022-03-05 00:00:00+00:00
[2025-10-17T03:41:07.771+0000] {processor.py:183} INFO - Processing /home/airflow/.local/lib/python3.12/site-packages/airflow/example_dags/example_dynamic_task_mapping.py took 0.072 seconds
[2025-10-17T03:41:38.635+0000] {processor.py:161} INFO - Started process (PID=5437) to work on /home/airflow/.local/lib/python3.12/site-packages/airflow/example_dags/example_dynamic_task_mapping.py
[2025-10-17T03:41:38.637+0000] {processor.py:830} INFO - Processing file /home/airflow/.local/lib/python3.12/site-packages/airflow/example_dags/example_dynamic_task_mapping.py for tasks to queue
[2025-10-17T03:41:38.639+0000] {logging_mixin.py:188} INFO - [2025-10-17T03:41:38.638+0000] {dagbag.py:545} INFO - Filling up the DagBag from /home/airflow/.local/lib/python3.12/site-packages/airflow/example_dags/example_dynamic_task_mapping.py
[2025-10-17T03:41:38.645+0000] {processor.py:840} INFO - DAG(s) 'example_dynamic_task_mapping' retrieved from /home/airflow/.local/lib/python3.12/site-packages/airflow/example_dags/example_dynamic_task_mapping.py
[2025-10-17T03:41:38.663+0000] {logging_mixin.py:188} INFO - [2025-10-17T03:41:38.663+0000] {dag.py:3096} INFO - Sync 1 DAGs
[2025-10-17T03:41:38.680+0000] {logging_mixin.py:188} INFO - [2025-10-17T03:41:38.680+0000] {dag.py:3954} INFO - Setting next_dagrun for example_dynamic_task_mapping to 2022-03-04 00:00:00+00:00, run_after=2022-03-05 00:00:00+00:00
[2025-10-17T03:41:38.717+0000] {processor.py:183} INFO - Processing /home/airflow/.local/lib/python3.12/site-packages/airflow/example_dags/example_dynamic_task_mapping.py took 0.086 seconds
[2025-10-17T03:42:08.886+0000] {processor.py:161} INFO - Started process (PID=5496) to work on /home/airflow/.local/lib/python3.12/site-packages/airflow/example_dags/example_dynamic_task_mapping.py
[2025-10-17T03:42:08.887+0000] {processor.py:830} INFO - Processing file /home/airflow/.local/lib/python3.12/site-packages/airflow/example_dags/example_dynamic_task_mapping.py for tasks to queue
[2025-10-17T03:42:08.889+0000] {logging_mixin.py:188} INFO - [2025-10-17T03:42:08.889+0000] {dagbag.py:545} INFO - Filling up the DagBag from /home/airflow/.local/lib/python3.12/site-packages/airflow/example_dags/example_dynamic_task_mapping.py
[2025-10-17T03:42:08.895+0000] {processor.py:840} INFO - DAG(s) 'example_dynamic_task_mapping' retrieved from /home/airflow/.local/lib/python3.12/site-packages/airflow/example_dags/example_dynamic_task_mapping.py
[2025-10-17T03:42:08.914+0000] {logging_mixin.py:188} INFO - [2025-10-17T03:42:08.913+0000] {dag.py:3096} INFO - Sync 1 DAGs
[2025-10-17T03:42:08.932+0000] {logging_mixin.py:188} INFO - [2025-10-17T03:42:08.932+0000] {dag.py:3954} INFO - Setting next_dagrun for example_dynamic_task_mapping to 2022-03-04 00:00:00+00:00, run_after=2022-03-05 00:00:00+00:00
[2025-10-17T03:42:08.972+0000] {processor.py:183} INFO - Processing /home/airflow/.local/lib/python3.12/site-packages/airflow/example_dags/example_dynamic_task_mapping.py took 0.092 seconds
[2025-10-17T03:42:39.430+0000] {processor.py:161} INFO - Started process (PID=5555) to work on /home/airflow/.local/lib/python3.12/site-packages/airflow/example_dags/example_dynamic_task_mapping.py
[2025-10-17T03:42:39.431+0000] {processor.py:830} INFO - Processing file /home/airflow/.local/lib/python3.12/site-packages/airflow/example_dags/example_dynamic_task_mapping.py for tasks to queue
[2025-10-17T03:42:39.433+0000] {logging_mixin.py:188} INFO - [2025-10-17T03:42:39.433+0000] {dagbag.py:545} INFO - Filling up the DagBag from /home/airflow/.local/lib/python3.12/site-packages/airflow/example_dags/example_dynamic_task_mapping.py
[2025-10-17T03:42:39.440+0000] {processor.py:840} INFO - DAG(s) 'example_dynamic_task_mapping' retrieved from /home/airflow/.local/lib/python3.12/site-packages/airflow/example_dags/example_dynamic_task_mapping.py
[2025-10-17T03:42:39.459+0000] {logging_mixin.py:188} INFO - [2025-10-17T03:42:39.459+0000] {dag.py:3096} INFO - Sync 1 DAGs
[2025-10-17T03:42:39.478+0000] {logging_mixin.py:188} INFO - [2025-10-17T03:42:39.478+0000] {dag.py:3954} INFO - Setting next_dagrun for example_dynamic_task_mapping to 2022-03-04 00:00:00+00:00, run_after=2022-03-05 00:00:00+00:00
[2025-10-17T03:42:39.497+0000] {processor.py:183} INFO - Processing /home/airflow/.local/lib/python3.12/site-packages/airflow/example_dags/example_dynamic_task_mapping.py took 0.072 seconds
[2025-10-17T03:43:09.845+0000] {processor.py:161} INFO - Started process (PID=5614) to work on /home/airflow/.local/lib/python3.12/site-packages/airflow/example_dags/example_dynamic_task_mapping.py
[2025-10-17T03:43:09.847+0000] {processor.py:830} INFO - Processing file /home/airflow/.local/lib/python3.12/site-packages/airflow/example_dags/example_dynamic_task_mapping.py for tasks to queue
[2025-10-17T03:43:09.849+0000] {logging_mixin.py:188} INFO - [2025-10-17T03:43:09.849+0000] {dagbag.py:545} INFO - Filling up the DagBag from /home/airflow/.local/lib/python3.12/site-packages/airflow/example_dags/example_dynamic_task_mapping.py
[2025-10-17T03:43:09.857+0000] {processor.py:840} INFO - DAG(s) 'example_dynamic_task_mapping' retrieved from /home/airflow/.local/lib/python3.12/site-packages/airflow/example_dags/example_dynamic_task_mapping.py
[2025-10-17T03:43:09.879+0000] {logging_mixin.py:188} INFO - [2025-10-17T03:43:09.879+0000] {dag.py:3096} INFO - Sync 1 DAGs
[2025-10-17T03:43:09.899+0000] {logging_mixin.py:188} INFO - [2025-10-17T03:43:09.899+0000] {dag.py:3954} INFO - Setting next_dagrun for example_dynamic_task_mapping to 2022-03-04 00:00:00+00:00, run_after=2022-03-05 00:00:00+00:00
[2025-10-17T03:43:09.918+0000] {processor.py:183} INFO - Processing /home/airflow/.local/lib/python3.12/site-packages/airflow/example_dags/example_dynamic_task_mapping.py took 0.079 seconds
[2025-10-17T03:43:40.271+0000] {processor.py:161} INFO - Started process (PID=5673) to work on /home/airflow/.local/lib/python3.12/site-packages/airflow/example_dags/example_dynamic_task_mapping.py
[2025-10-17T03:43:40.273+0000] {processor.py:830} INFO - Processing file /home/airflow/.local/lib/python3.12/site-packages/airflow/example_dags/example_dynamic_task_mapping.py for tasks to queue
[2025-10-17T03:43:40.275+0000] {logging_mixin.py:188} INFO - [2025-10-17T03:43:40.274+0000] {dagbag.py:545} INFO - Filling up the DagBag from /home/airflow/.local/lib/python3.12/site-packages/airflow/example_dags/example_dynamic_task_mapping.py
[2025-10-17T03:43:40.281+0000] {processor.py:840} INFO - DAG(s) 'example_dynamic_task_mapping' retrieved from /home/airflow/.local/lib/python3.12/site-packages/airflow/example_dags/example_dynamic_task_mapping.py
[2025-10-17T03:43:40.300+0000] {logging_mixin.py:188} INFO - [2025-10-17T03:43:40.300+0000] {dag.py:3096} INFO - Sync 1 DAGs
[2025-10-17T03:43:40.318+0000] {logging_mixin.py:188} INFO - [2025-10-17T03:43:40.318+0000] {dag.py:3954} INFO - Setting next_dagrun for example_dynamic_task_mapping to 2022-03-04 00:00:00+00:00, run_after=2022-03-05 00:00:00+00:00
[2025-10-17T03:43:40.337+0000] {processor.py:183} INFO - Processing /home/airflow/.local/lib/python3.12/site-packages/airflow/example_dags/example_dynamic_task_mapping.py took 0.071 seconds
[2025-10-17T03:44:10.915+0000] {processor.py:161} INFO - Started process (PID=5732) to work on /home/airflow/.local/lib/python3.12/site-packages/airflow/example_dags/example_dynamic_task_mapping.py
[2025-10-17T03:44:10.917+0000] {processor.py:830} INFO - Processing file /home/airflow/.local/lib/python3.12/site-packages/airflow/example_dags/example_dynamic_task_mapping.py for tasks to queue
[2025-10-17T03:44:10.922+0000] {logging_mixin.py:188} INFO - [2025-10-17T03:44:10.921+0000] {dagbag.py:545} INFO - Filling up the DagBag from /home/airflow/.local/lib/python3.12/site-packages/airflow/example_dags/example_dynamic_task_mapping.py
[2025-10-17T03:44:10.937+0000] {processor.py:840} INFO - DAG(s) 'example_dynamic_task_mapping' retrieved from /home/airflow/.local/lib/python3.12/site-packages/airflow/example_dags/example_dynamic_task_mapping.py
[2025-10-17T03:44:10.966+0000] {logging_mixin.py:188} INFO - [2025-10-17T03:44:10.966+0000] {dag.py:3096} INFO - Sync 1 DAGs
[2025-10-17T03:44:10.994+0000] {logging_mixin.py:188} INFO - [2025-10-17T03:44:10.994+0000] {dag.py:3954} INFO - Setting next_dagrun for example_dynamic_task_mapping to 2022-03-04 00:00:00+00:00, run_after=2022-03-05 00:00:00+00:00
[2025-10-17T03:44:11.017+0000] {processor.py:183} INFO - Processing /home/airflow/.local/lib/python3.12/site-packages/airflow/example_dags/example_dynamic_task_mapping.py took 0.114 seconds
[2025-10-17T03:44:41.223+0000] {processor.py:161} INFO - Started process (PID=5792) to work on /home/airflow/.local/lib/python3.12/site-packages/airflow/example_dags/example_dynamic_task_mapping.py
[2025-10-17T03:44:41.225+0000] {processor.py:830} INFO - Processing file /home/airflow/.local/lib/python3.12/site-packages/airflow/example_dags/example_dynamic_task_mapping.py for tasks to queue
[2025-10-17T03:44:41.229+0000] {logging_mixin.py:188} INFO - [2025-10-17T03:44:41.229+0000] {dagbag.py:545} INFO - Filling up the DagBag from /home/airflow/.local/lib/python3.12/site-packages/airflow/example_dags/example_dynamic_task_mapping.py
[2025-10-17T03:44:41.239+0000] {processor.py:840} INFO - DAG(s) 'example_dynamic_task_mapping' retrieved from /home/airflow/.local/lib/python3.12/site-packages/airflow/example_dags/example_dynamic_task_mapping.py
[2025-10-17T03:44:41.267+0000] {logging_mixin.py:188} INFO - [2025-10-17T03:44:41.267+0000] {dag.py:3096} INFO - Sync 1 DAGs
[2025-10-17T03:44:41.292+0000] {logging_mixin.py:188} INFO - [2025-10-17T03:44:41.292+0000] {dag.py:3954} INFO - Setting next_dagrun for example_dynamic_task_mapping to 2022-03-04 00:00:00+00:00, run_after=2022-03-05 00:00:00+00:00
[2025-10-17T03:44:41.312+0000] {processor.py:183} INFO - Processing /home/airflow/.local/lib/python3.12/site-packages/airflow/example_dags/example_dynamic_task_mapping.py took 0.096 seconds
[2025-10-17T03:45:12.151+0000] {processor.py:161} INFO - Started process (PID=5851) to work on /home/airflow/.local/lib/python3.12/site-packages/airflow/example_dags/example_dynamic_task_mapping.py
[2025-10-17T03:45:12.152+0000] {processor.py:830} INFO - Processing file /home/airflow/.local/lib/python3.12/site-packages/airflow/example_dags/example_dynamic_task_mapping.py for tasks to queue
[2025-10-17T03:45:12.155+0000] {logging_mixin.py:188} INFO - [2025-10-17T03:45:12.154+0000] {dagbag.py:545} INFO - Filling up the DagBag from /home/airflow/.local/lib/python3.12/site-packages/airflow/example_dags/example_dynamic_task_mapping.py
[2025-10-17T03:45:12.164+0000] {processor.py:840} INFO - DAG(s) 'example_dynamic_task_mapping' retrieved from /home/airflow/.local/lib/python3.12/site-packages/airflow/example_dags/example_dynamic_task_mapping.py
[2025-10-17T03:45:12.188+0000] {logging_mixin.py:188} INFO - [2025-10-17T03:45:12.187+0000] {dag.py:3096} INFO - Sync 1 DAGs
[2025-10-17T03:45:12.214+0000] {logging_mixin.py:188} INFO - [2025-10-17T03:45:12.214+0000] {dag.py:3954} INFO - Setting next_dagrun for example_dynamic_task_mapping to 2022-03-04 00:00:00+00:00, run_after=2022-03-05 00:00:00+00:00
[2025-10-17T03:45:12.252+0000] {processor.py:183} INFO - Processing /home/airflow/.local/lib/python3.12/site-packages/airflow/example_dags/example_dynamic_task_mapping.py took 0.107 seconds
[2025-10-17T03:45:42.310+0000] {processor.py:161} INFO - Started process (PID=5910) to work on /home/airflow/.local/lib/python3.12/site-packages/airflow/example_dags/example_dynamic_task_mapping.py
[2025-10-17T03:45:42.312+0000] {processor.py:830} INFO - Processing file /home/airflow/.local/lib/python3.12/site-packages/airflow/example_dags/example_dynamic_task_mapping.py for tasks to queue
[2025-10-17T03:45:42.314+0000] {logging_mixin.py:188} INFO - [2025-10-17T03:45:42.314+0000] {dagbag.py:545} INFO - Filling up the DagBag from /home/airflow/.local/lib/python3.12/site-packages/airflow/example_dags/example_dynamic_task_mapping.py
[2025-10-17T03:45:42.322+0000] {processor.py:840} INFO - DAG(s) 'example_dynamic_task_mapping' retrieved from /home/airflow/.local/lib/python3.12/site-packages/airflow/example_dags/example_dynamic_task_mapping.py
[2025-10-17T03:45:42.349+0000] {logging_mixin.py:188} INFO - [2025-10-17T03:45:42.348+0000] {dag.py:3096} INFO - Sync 1 DAGs
[2025-10-17T03:45:42.375+0000] {logging_mixin.py:188} INFO - [2025-10-17T03:45:42.375+0000] {dag.py:3954} INFO - Setting next_dagrun for example_dynamic_task_mapping to 2022-03-04 00:00:00+00:00, run_after=2022-03-05 00:00:00+00:00
[2025-10-17T03:45:42.397+0000] {processor.py:183} INFO - Processing /home/airflow/.local/lib/python3.12/site-packages/airflow/example_dags/example_dynamic_task_mapping.py took 0.093 seconds
[2025-10-17T03:46:12.485+0000] {processor.py:161} INFO - Started process (PID=5969) to work on /home/airflow/.local/lib/python3.12/site-packages/airflow/example_dags/example_dynamic_task_mapping.py
[2025-10-17T03:46:12.486+0000] {processor.py:830} INFO - Processing file /home/airflow/.local/lib/python3.12/site-packages/airflow/example_dags/example_dynamic_task_mapping.py for tasks to queue
[2025-10-17T03:46:12.489+0000] {logging_mixin.py:188} INFO - [2025-10-17T03:46:12.489+0000] {dagbag.py:545} INFO - Filling up the DagBag from /home/airflow/.local/lib/python3.12/site-packages/airflow/example_dags/example_dynamic_task_mapping.py
[2025-10-17T03:46:12.495+0000] {processor.py:840} INFO - DAG(s) 'example_dynamic_task_mapping' retrieved from /home/airflow/.local/lib/python3.12/site-packages/airflow/example_dags/example_dynamic_task_mapping.py
[2025-10-17T03:46:12.514+0000] {logging_mixin.py:188} INFO - [2025-10-17T03:46:12.514+0000] {dag.py:3096} INFO - Sync 1 DAGs
[2025-10-17T03:46:12.533+0000] {logging_mixin.py:188} INFO - [2025-10-17T03:46:12.533+0000] {dag.py:3954} INFO - Setting next_dagrun for example_dynamic_task_mapping to 2022-03-04 00:00:00+00:00, run_after=2022-03-05 00:00:00+00:00
[2025-10-17T03:46:12.551+0000] {processor.py:183} INFO - Processing /home/airflow/.local/lib/python3.12/site-packages/airflow/example_dags/example_dynamic_task_mapping.py took 0.071 seconds
[2025-10-17T03:46:43.280+0000] {processor.py:161} INFO - Started process (PID=6028) to work on /home/airflow/.local/lib/python3.12/site-packages/airflow/example_dags/example_dynamic_task_mapping.py
[2025-10-17T03:46:43.282+0000] {processor.py:830} INFO - Processing file /home/airflow/.local/lib/python3.12/site-packages/airflow/example_dags/example_dynamic_task_mapping.py for tasks to queue
[2025-10-17T03:46:43.284+0000] {logging_mixin.py:188} INFO - [2025-10-17T03:46:43.283+0000] {dagbag.py:545} INFO - Filling up the DagBag from /home/airflow/.local/lib/python3.12/site-packages/airflow/example_dags/example_dynamic_task_mapping.py
[2025-10-17T03:46:43.292+0000] {processor.py:840} INFO - DAG(s) 'example_dynamic_task_mapping' retrieved from /home/airflow/.local/lib/python3.12/site-packages/airflow/example_dags/example_dynamic_task_mapping.py
[2025-10-17T03:46:43.313+0000] {logging_mixin.py:188} INFO - [2025-10-17T03:46:43.313+0000] {dag.py:3096} INFO - Sync 1 DAGs
[2025-10-17T03:46:43.336+0000] {logging_mixin.py:188} INFO - [2025-10-17T03:46:43.336+0000] {dag.py:3954} INFO - Setting next_dagrun for example_dynamic_task_mapping to 2022-03-04 00:00:00+00:00, run_after=2022-03-05 00:00:00+00:00
[2025-10-17T03:46:43.359+0000] {processor.py:183} INFO - Processing /home/airflow/.local/lib/python3.12/site-packages/airflow/example_dags/example_dynamic_task_mapping.py took 0.086 seconds
[2025-10-17T03:47:13.435+0000] {processor.py:161} INFO - Started process (PID=6087) to work on /home/airflow/.local/lib/python3.12/site-packages/airflow/example_dags/example_dynamic_task_mapping.py
[2025-10-17T03:47:13.436+0000] {processor.py:830} INFO - Processing file /home/airflow/.local/lib/python3.12/site-packages/airflow/example_dags/example_dynamic_task_mapping.py for tasks to queue
[2025-10-17T03:47:13.438+0000] {logging_mixin.py:188} INFO - [2025-10-17T03:47:13.438+0000] {dagbag.py:545} INFO - Filling up the DagBag from /home/airflow/.local/lib/python3.12/site-packages/airflow/example_dags/example_dynamic_task_mapping.py
[2025-10-17T03:47:13.445+0000] {processor.py:840} INFO - DAG(s) 'example_dynamic_task_mapping' retrieved from /home/airflow/.local/lib/python3.12/site-packages/airflow/example_dags/example_dynamic_task_mapping.py
[2025-10-17T03:47:13.463+0000] {logging_mixin.py:188} INFO - [2025-10-17T03:47:13.463+0000] {dag.py:3096} INFO - Sync 1 DAGs
[2025-10-17T03:47:13.482+0000] {logging_mixin.py:188} INFO - [2025-10-17T03:47:13.482+0000] {dag.py:3954} INFO - Setting next_dagrun for example_dynamic_task_mapping to 2022-03-04 00:00:00+00:00, run_after=2022-03-05 00:00:00+00:00
[2025-10-17T03:47:13.501+0000] {processor.py:183} INFO - Processing /home/airflow/.local/lib/python3.12/site-packages/airflow/example_dags/example_dynamic_task_mapping.py took 0.071 seconds
[2025-10-17T03:47:43.617+0000] {processor.py:161} INFO - Started process (PID=6147) to work on /home/airflow/.local/lib/python3.12/site-packages/airflow/example_dags/example_dynamic_task_mapping.py
[2025-10-17T03:47:43.618+0000] {processor.py:830} INFO - Processing file /home/airflow/.local/lib/python3.12/site-packages/airflow/example_dags/example_dynamic_task_mapping.py for tasks to queue
[2025-10-17T03:47:43.620+0000] {logging_mixin.py:188} INFO - [2025-10-17T03:47:43.620+0000] {dagbag.py:545} INFO - Filling up the DagBag from /home/airflow/.local/lib/python3.12/site-packages/airflow/example_dags/example_dynamic_task_mapping.py
[2025-10-17T03:47:43.627+0000] {processor.py:840} INFO - DAG(s) 'example_dynamic_task_mapping' retrieved from /home/airflow/.local/lib/python3.12/site-packages/airflow/example_dags/example_dynamic_task_mapping.py
[2025-10-17T03:47:43.644+0000] {logging_mixin.py:188} INFO - [2025-10-17T03:47:43.644+0000] {dag.py:3096} INFO - Sync 1 DAGs
[2025-10-17T03:47:43.662+0000] {logging_mixin.py:188} INFO - [2025-10-17T03:47:43.661+0000] {dag.py:3954} INFO - Setting next_dagrun for example_dynamic_task_mapping to 2022-03-04 00:00:00+00:00, run_after=2022-03-05 00:00:00+00:00
[2025-10-17T03:47:43.699+0000] {processor.py:183} INFO - Processing /home/airflow/.local/lib/python3.12/site-packages/airflow/example_dags/example_dynamic_task_mapping.py took 0.087 seconds
[2025-10-17T03:48:14.159+0000] {processor.py:161} INFO - Started process (PID=6206) to work on /home/airflow/.local/lib/python3.12/site-packages/airflow/example_dags/example_dynamic_task_mapping.py
[2025-10-17T03:48:14.160+0000] {processor.py:830} INFO - Processing file /home/airflow/.local/lib/python3.12/site-packages/airflow/example_dags/example_dynamic_task_mapping.py for tasks to queue
[2025-10-17T03:48:14.163+0000] {logging_mixin.py:188} INFO - [2025-10-17T03:48:14.162+0000] {dagbag.py:545} INFO - Filling up the DagBag from /home/airflow/.local/lib/python3.12/site-packages/airflow/example_dags/example_dynamic_task_mapping.py
[2025-10-17T03:48:14.171+0000] {processor.py:840} INFO - DAG(s) 'example_dynamic_task_mapping' retrieved from /home/airflow/.local/lib/python3.12/site-packages/airflow/example_dags/example_dynamic_task_mapping.py
[2025-10-17T03:48:14.192+0000] {logging_mixin.py:188} INFO - [2025-10-17T03:48:14.191+0000] {dag.py:3096} INFO - Sync 1 DAGs
[2025-10-17T03:48:14.213+0000] {logging_mixin.py:188} INFO - [2025-10-17T03:48:14.213+0000] {dag.py:3954} INFO - Setting next_dagrun for example_dynamic_task_mapping to 2022-03-04 00:00:00+00:00, run_after=2022-03-05 00:00:00+00:00
[2025-10-17T03:48:14.250+0000] {processor.py:183} INFO - Processing /home/airflow/.local/lib/python3.12/site-packages/airflow/example_dags/example_dynamic_task_mapping.py took 0.097 seconds
[2025-10-17T03:48:44.758+0000] {processor.py:161} INFO - Started process (PID=6265) to work on /home/airflow/.local/lib/python3.12/site-packages/airflow/example_dags/example_dynamic_task_mapping.py
[2025-10-17T03:48:44.760+0000] {processor.py:830} INFO - Processing file /home/airflow/.local/lib/python3.12/site-packages/airflow/example_dags/example_dynamic_task_mapping.py for tasks to queue
[2025-10-17T03:48:44.762+0000] {logging_mixin.py:188} INFO - [2025-10-17T03:48:44.761+0000] {dagbag.py:545} INFO - Filling up the DagBag from /home/airflow/.local/lib/python3.12/site-packages/airflow/example_dags/example_dynamic_task_mapping.py
[2025-10-17T03:48:44.768+0000] {processor.py:840} INFO - DAG(s) 'example_dynamic_task_mapping' retrieved from /home/airflow/.local/lib/python3.12/site-packages/airflow/example_dags/example_dynamic_task_mapping.py
[2025-10-17T03:48:44.789+0000] {logging_mixin.py:188} INFO - [2025-10-17T03:48:44.789+0000] {dag.py:3096} INFO - Sync 1 DAGs
[2025-10-17T03:48:44.811+0000] {logging_mixin.py:188} INFO - [2025-10-17T03:48:44.810+0000] {dag.py:3954} INFO - Setting next_dagrun for example_dynamic_task_mapping to 2022-03-04 00:00:00+00:00, run_after=2022-03-05 00:00:00+00:00
[2025-10-17T03:48:44.833+0000] {processor.py:183} INFO - Processing /home/airflow/.local/lib/python3.12/site-packages/airflow/example_dags/example_dynamic_task_mapping.py took 0.081 seconds
[2025-10-17T03:49:15.311+0000] {processor.py:161} INFO - Started process (PID=6324) to work on /home/airflow/.local/lib/python3.12/site-packages/airflow/example_dags/example_dynamic_task_mapping.py
[2025-10-17T03:49:15.312+0000] {processor.py:830} INFO - Processing file /home/airflow/.local/lib/python3.12/site-packages/airflow/example_dags/example_dynamic_task_mapping.py for tasks to queue
[2025-10-17T03:49:15.314+0000] {logging_mixin.py:188} INFO - [2025-10-17T03:49:15.313+0000] {dagbag.py:545} INFO - Filling up the DagBag from /home/airflow/.local/lib/python3.12/site-packages/airflow/example_dags/example_dynamic_task_mapping.py
[2025-10-17T03:49:15.319+0000] {processor.py:840} INFO - DAG(s) 'example_dynamic_task_mapping' retrieved from /home/airflow/.local/lib/python3.12/site-packages/airflow/example_dags/example_dynamic_task_mapping.py
[2025-10-17T03:49:15.338+0000] {logging_mixin.py:188} INFO - [2025-10-17T03:49:15.338+0000] {dag.py:3096} INFO - Sync 1 DAGs
[2025-10-17T03:49:15.358+0000] {logging_mixin.py:188} INFO - [2025-10-17T03:49:15.357+0000] {dag.py:3954} INFO - Setting next_dagrun for example_dynamic_task_mapping to 2022-03-04 00:00:00+00:00, run_after=2022-03-05 00:00:00+00:00
[2025-10-17T03:49:15.378+0000] {processor.py:183} INFO - Processing /home/airflow/.local/lib/python3.12/site-packages/airflow/example_dags/example_dynamic_task_mapping.py took 0.072 seconds
[2025-10-17T03:49:45.524+0000] {processor.py:161} INFO - Started process (PID=6383) to work on /home/airflow/.local/lib/python3.12/site-packages/airflow/example_dags/example_dynamic_task_mapping.py
[2025-10-17T03:49:45.526+0000] {processor.py:830} INFO - Processing file /home/airflow/.local/lib/python3.12/site-packages/airflow/example_dags/example_dynamic_task_mapping.py for tasks to queue
[2025-10-17T03:49:45.527+0000] {logging_mixin.py:188} INFO - [2025-10-17T03:49:45.527+0000] {dagbag.py:545} INFO - Filling up the DagBag from /home/airflow/.local/lib/python3.12/site-packages/airflow/example_dags/example_dynamic_task_mapping.py
[2025-10-17T03:49:45.534+0000] {processor.py:840} INFO - DAG(s) 'example_dynamic_task_mapping' retrieved from /home/airflow/.local/lib/python3.12/site-packages/airflow/example_dags/example_dynamic_task_mapping.py
[2025-10-17T03:49:45.553+0000] {logging_mixin.py:188} INFO - [2025-10-17T03:49:45.553+0000] {dag.py:3096} INFO - Sync 1 DAGs
[2025-10-17T03:49:45.572+0000] {logging_mixin.py:188} INFO - [2025-10-17T03:49:45.572+0000] {dag.py:3954} INFO - Setting next_dagrun for example_dynamic_task_mapping to 2022-03-04 00:00:00+00:00, run_after=2022-03-05 00:00:00+00:00
[2025-10-17T03:49:45.609+0000] {processor.py:183} INFO - Processing /home/airflow/.local/lib/python3.12/site-packages/airflow/example_dags/example_dynamic_task_mapping.py took 0.090 seconds
[2025-10-17T03:50:15.730+0000] {processor.py:161} INFO - Started process (PID=6442) to work on /home/airflow/.local/lib/python3.12/site-packages/airflow/example_dags/example_dynamic_task_mapping.py
[2025-10-17T03:50:15.731+0000] {processor.py:830} INFO - Processing file /home/airflow/.local/lib/python3.12/site-packages/airflow/example_dags/example_dynamic_task_mapping.py for tasks to queue
[2025-10-17T03:50:15.733+0000] {logging_mixin.py:188} INFO - [2025-10-17T03:50:15.733+0000] {dagbag.py:545} INFO - Filling up the DagBag from /home/airflow/.local/lib/python3.12/site-packages/airflow/example_dags/example_dynamic_task_mapping.py
[2025-10-17T03:50:15.741+0000] {processor.py:840} INFO - DAG(s) 'example_dynamic_task_mapping' retrieved from /home/airflow/.local/lib/python3.12/site-packages/airflow/example_dags/example_dynamic_task_mapping.py
[2025-10-17T03:50:15.761+0000] {logging_mixin.py:188} INFO - [2025-10-17T03:50:15.761+0000] {dag.py:3096} INFO - Sync 1 DAGs
[2025-10-17T03:50:15.780+0000] {logging_mixin.py:188} INFO - [2025-10-17T03:50:15.780+0000] {dag.py:3954} INFO - Setting next_dagrun for example_dynamic_task_mapping to 2022-03-04 00:00:00+00:00, run_after=2022-03-05 00:00:00+00:00
[2025-10-17T03:50:15.798+0000] {processor.py:183} INFO - Processing /home/airflow/.local/lib/python3.12/site-packages/airflow/example_dags/example_dynamic_task_mapping.py took 0.073 seconds
[2025-10-17T03:50:45.927+0000] {processor.py:161} INFO - Started process (PID=6501) to work on /home/airflow/.local/lib/python3.12/site-packages/airflow/example_dags/example_dynamic_task_mapping.py
[2025-10-17T03:50:45.928+0000] {processor.py:830} INFO - Processing file /home/airflow/.local/lib/python3.12/site-packages/airflow/example_dags/example_dynamic_task_mapping.py for tasks to queue
[2025-10-17T03:50:45.930+0000] {logging_mixin.py:188} INFO - [2025-10-17T03:50:45.930+0000] {dagbag.py:545} INFO - Filling up the DagBag from /home/airflow/.local/lib/python3.12/site-packages/airflow/example_dags/example_dynamic_task_mapping.py
[2025-10-17T03:50:45.936+0000] {processor.py:840} INFO - DAG(s) 'example_dynamic_task_mapping' retrieved from /home/airflow/.local/lib/python3.12/site-packages/airflow/example_dags/example_dynamic_task_mapping.py
[2025-10-17T03:50:45.956+0000] {logging_mixin.py:188} INFO - [2025-10-17T03:50:45.956+0000] {dag.py:3096} INFO - Sync 1 DAGs
[2025-10-17T03:50:45.975+0000] {logging_mixin.py:188} INFO - [2025-10-17T03:50:45.975+0000] {dag.py:3954} INFO - Setting next_dagrun for example_dynamic_task_mapping to 2022-03-04 00:00:00+00:00, run_after=2022-03-05 00:00:00+00:00
[2025-10-17T03:50:45.994+0000] {processor.py:183} INFO - Processing /home/airflow/.local/lib/python3.12/site-packages/airflow/example_dags/example_dynamic_task_mapping.py took 0.072 seconds
[2025-10-17T03:51:16.728+0000] {processor.py:161} INFO - Started process (PID=6560) to work on /home/airflow/.local/lib/python3.12/site-packages/airflow/example_dags/example_dynamic_task_mapping.py
[2025-10-17T03:51:16.729+0000] {processor.py:830} INFO - Processing file /home/airflow/.local/lib/python3.12/site-packages/airflow/example_dags/example_dynamic_task_mapping.py for tasks to queue
[2025-10-17T03:51:16.732+0000] {logging_mixin.py:188} INFO - [2025-10-17T03:51:16.731+0000] {dagbag.py:545} INFO - Filling up the DagBag from /home/airflow/.local/lib/python3.12/site-packages/airflow/example_dags/example_dynamic_task_mapping.py
[2025-10-17T03:51:16.741+0000] {processor.py:840} INFO - DAG(s) 'example_dynamic_task_mapping' retrieved from /home/airflow/.local/lib/python3.12/site-packages/airflow/example_dags/example_dynamic_task_mapping.py
[2025-10-17T03:51:16.763+0000] {logging_mixin.py:188} INFO - [2025-10-17T03:51:16.763+0000] {dag.py:3096} INFO - Sync 1 DAGs
[2025-10-17T03:51:16.783+0000] {logging_mixin.py:188} INFO - [2025-10-17T03:51:16.783+0000] {dag.py:3954} INFO - Setting next_dagrun for example_dynamic_task_mapping to 2022-03-04 00:00:00+00:00, run_after=2022-03-05 00:00:00+00:00
[2025-10-17T03:51:16.824+0000] {processor.py:183} INFO - Processing /home/airflow/.local/lib/python3.12/site-packages/airflow/example_dags/example_dynamic_task_mapping.py took 0.103 seconds
[2025-10-17T03:51:46.876+0000] {processor.py:161} INFO - Started process (PID=6619) to work on /home/airflow/.local/lib/python3.12/site-packages/airflow/example_dags/example_dynamic_task_mapping.py
[2025-10-17T03:51:46.877+0000] {processor.py:830} INFO - Processing file /home/airflow/.local/lib/python3.12/site-packages/airflow/example_dags/example_dynamic_task_mapping.py for tasks to queue
[2025-10-17T03:51:46.879+0000] {logging_mixin.py:188} INFO - [2025-10-17T03:51:46.879+0000] {dagbag.py:545} INFO - Filling up the DagBag from /home/airflow/.local/lib/python3.12/site-packages/airflow/example_dags/example_dynamic_task_mapping.py
[2025-10-17T03:51:46.885+0000] {processor.py:840} INFO - DAG(s) 'example_dynamic_task_mapping' retrieved from /home/airflow/.local/lib/python3.12/site-packages/airflow/example_dags/example_dynamic_task_mapping.py
[2025-10-17T03:51:46.906+0000] {logging_mixin.py:188} INFO - [2025-10-17T03:51:46.906+0000] {dag.py:3096} INFO - Sync 1 DAGs
[2025-10-17T03:51:47.074+0000] {logging_mixin.py:188} INFO - [2025-10-17T03:51:47.074+0000] {dag.py:3954} INFO - Setting next_dagrun for example_dynamic_task_mapping to 2022-03-04 00:00:00+00:00, run_after=2022-03-05 00:00:00+00:00
[2025-10-17T03:51:47.111+0000] {processor.py:183} INFO - Processing /home/airflow/.local/lib/python3.12/site-packages/airflow/example_dags/example_dynamic_task_mapping.py took 0.240 seconds
[2025-10-17T03:52:17.168+0000] {processor.py:161} INFO - Started process (PID=6678) to work on /home/airflow/.local/lib/python3.12/site-packages/airflow/example_dags/example_dynamic_task_mapping.py
[2025-10-17T03:52:17.169+0000] {processor.py:830} INFO - Processing file /home/airflow/.local/lib/python3.12/site-packages/airflow/example_dags/example_dynamic_task_mapping.py for tasks to queue
[2025-10-17T03:52:17.171+0000] {logging_mixin.py:188} INFO - [2025-10-17T03:52:17.171+0000] {dagbag.py:545} INFO - Filling up the DagBag from /home/airflow/.local/lib/python3.12/site-packages/airflow/example_dags/example_dynamic_task_mapping.py
[2025-10-17T03:52:17.177+0000] {processor.py:840} INFO - DAG(s) 'example_dynamic_task_mapping' retrieved from /home/airflow/.local/lib/python3.12/site-packages/airflow/example_dags/example_dynamic_task_mapping.py
[2025-10-17T03:52:17.196+0000] {logging_mixin.py:188} INFO - [2025-10-17T03:52:17.196+0000] {dag.py:3096} INFO - Sync 1 DAGs
[2025-10-17T03:52:17.338+0000] {logging_mixin.py:188} INFO - [2025-10-17T03:52:17.338+0000] {dag.py:3954} INFO - Setting next_dagrun for example_dynamic_task_mapping to 2022-03-04 00:00:00+00:00, run_after=2022-03-05 00:00:00+00:00
[2025-10-17T03:52:17.408+0000] {processor.py:183} INFO - Processing /home/airflow/.local/lib/python3.12/site-packages/airflow/example_dags/example_dynamic_task_mapping.py took 0.244 seconds
[2025-10-17T03:52:48.049+0000] {processor.py:161} INFO - Started process (PID=6737) to work on /home/airflow/.local/lib/python3.12/site-packages/airflow/example_dags/example_dynamic_task_mapping.py
[2025-10-17T03:52:48.050+0000] {processor.py:830} INFO - Processing file /home/airflow/.local/lib/python3.12/site-packages/airflow/example_dags/example_dynamic_task_mapping.py for tasks to queue
[2025-10-17T03:52:48.052+0000] {logging_mixin.py:188} INFO - [2025-10-17T03:52:48.051+0000] {dagbag.py:545} INFO - Filling up the DagBag from /home/airflow/.local/lib/python3.12/site-packages/airflow/example_dags/example_dynamic_task_mapping.py
[2025-10-17T03:52:48.059+0000] {processor.py:840} INFO - DAG(s) 'example_dynamic_task_mapping' retrieved from /home/airflow/.local/lib/python3.12/site-packages/airflow/example_dags/example_dynamic_task_mapping.py
[2025-10-17T03:52:48.078+0000] {logging_mixin.py:188} INFO - [2025-10-17T03:52:48.078+0000] {dag.py:3096} INFO - Sync 1 DAGs
[2025-10-17T03:52:48.098+0000] {logging_mixin.py:188} INFO - [2025-10-17T03:52:48.098+0000] {dag.py:3954} INFO - Setting next_dagrun for example_dynamic_task_mapping to 2022-03-04 00:00:00+00:00, run_after=2022-03-05 00:00:00+00:00
[2025-10-17T03:52:48.250+0000] {processor.py:183} INFO - Processing /home/airflow/.local/lib/python3.12/site-packages/airflow/example_dags/example_dynamic_task_mapping.py took 0.207 seconds
[2025-10-17T03:53:18.422+0000] {processor.py:161} INFO - Started process (PID=6796) to work on /home/airflow/.local/lib/python3.12/site-packages/airflow/example_dags/example_dynamic_task_mapping.py
[2025-10-17T03:53:18.423+0000] {processor.py:830} INFO - Processing file /home/airflow/.local/lib/python3.12/site-packages/airflow/example_dags/example_dynamic_task_mapping.py for tasks to queue
[2025-10-17T03:53:18.425+0000] {logging_mixin.py:188} INFO - [2025-10-17T03:53:18.425+0000] {dagbag.py:545} INFO - Filling up the DagBag from /home/airflow/.local/lib/python3.12/site-packages/airflow/example_dags/example_dynamic_task_mapping.py
[2025-10-17T03:53:18.431+0000] {processor.py:840} INFO - DAG(s) 'example_dynamic_task_mapping' retrieved from /home/airflow/.local/lib/python3.12/site-packages/airflow/example_dags/example_dynamic_task_mapping.py
[2025-10-17T03:53:18.448+0000] {logging_mixin.py:188} INFO - [2025-10-17T03:53:18.448+0000] {dag.py:3096} INFO - Sync 1 DAGs
[2025-10-17T03:53:18.469+0000] {logging_mixin.py:188} INFO - [2025-10-17T03:53:18.468+0000] {dag.py:3954} INFO - Setting next_dagrun for example_dynamic_task_mapping to 2022-03-04 00:00:00+00:00, run_after=2022-03-05 00:00:00+00:00
[2025-10-17T03:53:18.490+0000] {processor.py:183} INFO - Processing /home/airflow/.local/lib/python3.12/site-packages/airflow/example_dags/example_dynamic_task_mapping.py took 0.073 seconds
[2025-10-17T03:53:48.759+0000] {processor.py:161} INFO - Started process (PID=6855) to work on /home/airflow/.local/lib/python3.12/site-packages/airflow/example_dags/example_dynamic_task_mapping.py
[2025-10-17T03:53:48.760+0000] {processor.py:830} INFO - Processing file /home/airflow/.local/lib/python3.12/site-packages/airflow/example_dags/example_dynamic_task_mapping.py for tasks to queue
[2025-10-17T03:53:48.762+0000] {logging_mixin.py:188} INFO - [2025-10-17T03:53:48.762+0000] {dagbag.py:545} INFO - Filling up the DagBag from /home/airflow/.local/lib/python3.12/site-packages/airflow/example_dags/example_dynamic_task_mapping.py
[2025-10-17T03:53:48.769+0000] {processor.py:840} INFO - DAG(s) 'example_dynamic_task_mapping' retrieved from /home/airflow/.local/lib/python3.12/site-packages/airflow/example_dags/example_dynamic_task_mapping.py
[2025-10-17T03:53:48.787+0000] {logging_mixin.py:188} INFO - [2025-10-17T03:53:48.787+0000] {dag.py:3096} INFO - Sync 1 DAGs
[2025-10-17T03:53:48.805+0000] {logging_mixin.py:188} INFO - [2025-10-17T03:53:48.805+0000] {dag.py:3954} INFO - Setting next_dagrun for example_dynamic_task_mapping to 2022-03-04 00:00:00+00:00, run_after=2022-03-05 00:00:00+00:00
[2025-10-17T03:53:48.824+0000] {processor.py:183} INFO - Processing /home/airflow/.local/lib/python3.12/site-packages/airflow/example_dags/example_dynamic_task_mapping.py took 0.070 seconds
[2025-10-17T03:54:18.993+0000] {processor.py:161} INFO - Started process (PID=6914) to work on /home/airflow/.local/lib/python3.12/site-packages/airflow/example_dags/example_dynamic_task_mapping.py
[2025-10-17T03:54:18.995+0000] {processor.py:830} INFO - Processing file /home/airflow/.local/lib/python3.12/site-packages/airflow/example_dags/example_dynamic_task_mapping.py for tasks to queue
[2025-10-17T03:54:18.997+0000] {logging_mixin.py:188} INFO - [2025-10-17T03:54:18.996+0000] {dagbag.py:545} INFO - Filling up the DagBag from /home/airflow/.local/lib/python3.12/site-packages/airflow/example_dags/example_dynamic_task_mapping.py
[2025-10-17T03:54:19.003+0000] {processor.py:840} INFO - DAG(s) 'example_dynamic_task_mapping' retrieved from /home/airflow/.local/lib/python3.12/site-packages/airflow/example_dags/example_dynamic_task_mapping.py
[2025-10-17T03:54:19.024+0000] {logging_mixin.py:188} INFO - [2025-10-17T03:54:19.024+0000] {dag.py:3096} INFO - Sync 1 DAGs
[2025-10-17T03:54:19.044+0000] {logging_mixin.py:188} INFO - [2025-10-17T03:54:19.043+0000] {dag.py:3954} INFO - Setting next_dagrun for example_dynamic_task_mapping to 2022-03-04 00:00:00+00:00, run_after=2022-03-05 00:00:00+00:00
[2025-10-17T03:54:19.064+0000] {processor.py:183} INFO - Processing /home/airflow/.local/lib/python3.12/site-packages/airflow/example_dags/example_dynamic_task_mapping.py took 0.075 seconds
[2025-10-17T03:54:49.147+0000] {processor.py:161} INFO - Started process (PID=6973) to work on /home/airflow/.local/lib/python3.12/site-packages/airflow/example_dags/example_dynamic_task_mapping.py
[2025-10-17T03:54:49.148+0000] {processor.py:830} INFO - Processing file /home/airflow/.local/lib/python3.12/site-packages/airflow/example_dags/example_dynamic_task_mapping.py for tasks to queue
[2025-10-17T03:54:49.151+0000] {logging_mixin.py:188} INFO - [2025-10-17T03:54:49.150+0000] {dagbag.py:545} INFO - Filling up the DagBag from /home/airflow/.local/lib/python3.12/site-packages/airflow/example_dags/example_dynamic_task_mapping.py
[2025-10-17T03:54:49.158+0000] {processor.py:840} INFO - DAG(s) 'example_dynamic_task_mapping' retrieved from /home/airflow/.local/lib/python3.12/site-packages/airflow/example_dags/example_dynamic_task_mapping.py
[2025-10-17T03:54:49.177+0000] {logging_mixin.py:188} INFO - [2025-10-17T03:54:49.177+0000] {dag.py:3096} INFO - Sync 1 DAGs
[2025-10-17T03:54:49.196+0000] {logging_mixin.py:188} INFO - [2025-10-17T03:54:49.196+0000] {dag.py:3954} INFO - Setting next_dagrun for example_dynamic_task_mapping to 2022-03-04 00:00:00+00:00, run_after=2022-03-05 00:00:00+00:00
[2025-10-17T03:54:49.214+0000] {processor.py:183} INFO - Processing /home/airflow/.local/lib/python3.12/site-packages/airflow/example_dags/example_dynamic_task_mapping.py took 0.073 seconds
[2025-10-17T03:55:19.301+0000] {processor.py:161} INFO - Started process (PID=7032) to work on /home/airflow/.local/lib/python3.12/site-packages/airflow/example_dags/example_dynamic_task_mapping.py
[2025-10-17T03:55:19.303+0000] {processor.py:830} INFO - Processing file /home/airflow/.local/lib/python3.12/site-packages/airflow/example_dags/example_dynamic_task_mapping.py for tasks to queue
[2025-10-17T03:55:19.305+0000] {logging_mixin.py:188} INFO - [2025-10-17T03:55:19.305+0000] {dagbag.py:545} INFO - Filling up the DagBag from /home/airflow/.local/lib/python3.12/site-packages/airflow/example_dags/example_dynamic_task_mapping.py
[2025-10-17T03:55:19.311+0000] {processor.py:840} INFO - DAG(s) 'example_dynamic_task_mapping' retrieved from /home/airflow/.local/lib/python3.12/site-packages/airflow/example_dags/example_dynamic_task_mapping.py
[2025-10-17T03:55:19.335+0000] {logging_mixin.py:188} INFO - [2025-10-17T03:55:19.335+0000] {dag.py:3096} INFO - Sync 1 DAGs
[2025-10-17T03:55:19.359+0000] {logging_mixin.py:188} INFO - [2025-10-17T03:55:19.358+0000] {dag.py:3954} INFO - Setting next_dagrun for example_dynamic_task_mapping to 2022-03-04 00:00:00+00:00, run_after=2022-03-05 00:00:00+00:00
[2025-10-17T03:55:19.380+0000] {processor.py:183} INFO - Processing /home/airflow/.local/lib/python3.12/site-packages/airflow/example_dags/example_dynamic_task_mapping.py took 0.084 seconds
[2025-10-17T03:55:49.601+0000] {processor.py:161} INFO - Started process (PID=7091) to work on /home/airflow/.local/lib/python3.12/site-packages/airflow/example_dags/example_dynamic_task_mapping.py
[2025-10-17T03:55:49.602+0000] {processor.py:830} INFO - Processing file /home/airflow/.local/lib/python3.12/site-packages/airflow/example_dags/example_dynamic_task_mapping.py for tasks to queue
[2025-10-17T03:55:49.604+0000] {logging_mixin.py:188} INFO - [2025-10-17T03:55:49.604+0000] {dagbag.py:545} INFO - Filling up the DagBag from /home/airflow/.local/lib/python3.12/site-packages/airflow/example_dags/example_dynamic_task_mapping.py
[2025-10-17T03:55:49.611+0000] {processor.py:840} INFO - DAG(s) 'example_dynamic_task_mapping' retrieved from /home/airflow/.local/lib/python3.12/site-packages/airflow/example_dags/example_dynamic_task_mapping.py
[2025-10-17T03:55:49.631+0000] {logging_mixin.py:188} INFO - [2025-10-17T03:55:49.631+0000] {dag.py:3096} INFO - Sync 1 DAGs
[2025-10-17T03:55:49.650+0000] {logging_mixin.py:188} INFO - [2025-10-17T03:55:49.649+0000] {dag.py:3954} INFO - Setting next_dagrun for example_dynamic_task_mapping to 2022-03-04 00:00:00+00:00, run_after=2022-03-05 00:00:00+00:00
[2025-10-17T03:55:49.669+0000] {processor.py:183} INFO - Processing /home/airflow/.local/lib/python3.12/site-packages/airflow/example_dags/example_dynamic_task_mapping.py took 0.073 seconds
[2025-10-17T03:56:19.836+0000] {processor.py:161} INFO - Started process (PID=7150) to work on /home/airflow/.local/lib/python3.12/site-packages/airflow/example_dags/example_dynamic_task_mapping.py
[2025-10-17T03:56:19.838+0000] {processor.py:830} INFO - Processing file /home/airflow/.local/lib/python3.12/site-packages/airflow/example_dags/example_dynamic_task_mapping.py for tasks to queue
[2025-10-17T03:56:19.841+0000] {logging_mixin.py:188} INFO - [2025-10-17T03:56:19.840+0000] {dagbag.py:545} INFO - Filling up the DagBag from /home/airflow/.local/lib/python3.12/site-packages/airflow/example_dags/example_dynamic_task_mapping.py
[2025-10-17T03:56:19.848+0000] {processor.py:840} INFO - DAG(s) 'example_dynamic_task_mapping' retrieved from /home/airflow/.local/lib/python3.12/site-packages/airflow/example_dags/example_dynamic_task_mapping.py
[2025-10-17T03:56:19.868+0000] {logging_mixin.py:188} INFO - [2025-10-17T03:56:19.867+0000] {dag.py:3096} INFO - Sync 1 DAGs
[2025-10-17T03:56:19.890+0000] {logging_mixin.py:188} INFO - [2025-10-17T03:56:19.890+0000] {dag.py:3954} INFO - Setting next_dagrun for example_dynamic_task_mapping to 2022-03-04 00:00:00+00:00, run_after=2022-03-05 00:00:00+00:00
[2025-10-17T03:56:19.912+0000] {processor.py:183} INFO - Processing /home/airflow/.local/lib/python3.12/site-packages/airflow/example_dags/example_dynamic_task_mapping.py took 0.081 seconds
[2025-10-17T03:56:50.045+0000] {processor.py:161} INFO - Started process (PID=7209) to work on /home/airflow/.local/lib/python3.12/site-packages/airflow/example_dags/example_dynamic_task_mapping.py
[2025-10-17T03:56:50.047+0000] {processor.py:830} INFO - Processing file /home/airflow/.local/lib/python3.12/site-packages/airflow/example_dags/example_dynamic_task_mapping.py for tasks to queue
[2025-10-17T03:56:50.049+0000] {logging_mixin.py:188} INFO - [2025-10-17T03:56:50.048+0000] {dagbag.py:545} INFO - Filling up the DagBag from /home/airflow/.local/lib/python3.12/site-packages/airflow/example_dags/example_dynamic_task_mapping.py
[2025-10-17T03:56:50.055+0000] {processor.py:840} INFO - DAG(s) 'example_dynamic_task_mapping' retrieved from /home/airflow/.local/lib/python3.12/site-packages/airflow/example_dags/example_dynamic_task_mapping.py
[2025-10-17T03:56:50.075+0000] {logging_mixin.py:188} INFO - [2025-10-17T03:56:50.075+0000] {dag.py:3096} INFO - Sync 1 DAGs
[2025-10-17T03:56:50.094+0000] {logging_mixin.py:188} INFO - [2025-10-17T03:56:50.094+0000] {dag.py:3954} INFO - Setting next_dagrun for example_dynamic_task_mapping to 2022-03-04 00:00:00+00:00, run_after=2022-03-05 00:00:00+00:00
[2025-10-17T03:56:50.114+0000] {processor.py:183} INFO - Processing /home/airflow/.local/lib/python3.12/site-packages/airflow/example_dags/example_dynamic_task_mapping.py took 0.074 seconds
[2025-10-17T03:57:20.285+0000] {processor.py:161} INFO - Started process (PID=7268) to work on /home/airflow/.local/lib/python3.12/site-packages/airflow/example_dags/example_dynamic_task_mapping.py
[2025-10-17T03:57:20.286+0000] {processor.py:830} INFO - Processing file /home/airflow/.local/lib/python3.12/site-packages/airflow/example_dags/example_dynamic_task_mapping.py for tasks to queue
[2025-10-17T03:57:20.289+0000] {logging_mixin.py:188} INFO - [2025-10-17T03:57:20.289+0000] {dagbag.py:545} INFO - Filling up the DagBag from /home/airflow/.local/lib/python3.12/site-packages/airflow/example_dags/example_dynamic_task_mapping.py
[2025-10-17T03:57:20.296+0000] {processor.py:840} INFO - DAG(s) 'example_dynamic_task_mapping' retrieved from /home/airflow/.local/lib/python3.12/site-packages/airflow/example_dags/example_dynamic_task_mapping.py
[2025-10-17T03:57:20.313+0000] {logging_mixin.py:188} INFO - [2025-10-17T03:57:20.312+0000] {dag.py:3096} INFO - Sync 1 DAGs
[2025-10-17T03:57:20.331+0000] {logging_mixin.py:188} INFO - [2025-10-17T03:57:20.331+0000] {dag.py:3954} INFO - Setting next_dagrun for example_dynamic_task_mapping to 2022-03-04 00:00:00+00:00, run_after=2022-03-05 00:00:00+00:00
[2025-10-17T03:57:20.349+0000] {processor.py:183} INFO - Processing /home/airflow/.local/lib/python3.12/site-packages/airflow/example_dags/example_dynamic_task_mapping.py took 0.070 seconds
[2025-10-17T03:57:50.705+0000] {processor.py:161} INFO - Started process (PID=7333) to work on /home/airflow/.local/lib/python3.12/site-packages/airflow/example_dags/example_dynamic_task_mapping.py
[2025-10-17T03:57:50.707+0000] {processor.py:830} INFO - Processing file /home/airflow/.local/lib/python3.12/site-packages/airflow/example_dags/example_dynamic_task_mapping.py for tasks to queue
[2025-10-17T03:57:50.709+0000] {logging_mixin.py:188} INFO - [2025-10-17T03:57:50.708+0000] {dagbag.py:545} INFO - Filling up the DagBag from /home/airflow/.local/lib/python3.12/site-packages/airflow/example_dags/example_dynamic_task_mapping.py
[2025-10-17T03:57:50.716+0000] {processor.py:840} INFO - DAG(s) 'example_dynamic_task_mapping' retrieved from /home/airflow/.local/lib/python3.12/site-packages/airflow/example_dags/example_dynamic_task_mapping.py
[2025-10-17T03:57:50.735+0000] {logging_mixin.py:188} INFO - [2025-10-17T03:57:50.734+0000] {dag.py:3096} INFO - Sync 1 DAGs
[2025-10-17T03:57:50.752+0000] {logging_mixin.py:188} INFO - [2025-10-17T03:57:50.752+0000] {dag.py:3954} INFO - Setting next_dagrun for example_dynamic_task_mapping to 2022-03-04 00:00:00+00:00, run_after=2022-03-05 00:00:00+00:00
[2025-10-17T03:57:50.767+0000] {processor.py:183} INFO - Processing /home/airflow/.local/lib/python3.12/site-packages/airflow/example_dags/example_dynamic_task_mapping.py took 0.066 seconds
[2025-10-17T03:58:21.370+0000] {processor.py:161} INFO - Started process (PID=7392) to work on /home/airflow/.local/lib/python3.12/site-packages/airflow/example_dags/example_dynamic_task_mapping.py
[2025-10-17T03:58:21.375+0000] {processor.py:830} INFO - Processing file /home/airflow/.local/lib/python3.12/site-packages/airflow/example_dags/example_dynamic_task_mapping.py for tasks to queue
[2025-10-17T03:58:21.381+0000] {logging_mixin.py:188} INFO - [2025-10-17T03:58:21.380+0000] {dagbag.py:545} INFO - Filling up the DagBag from /home/airflow/.local/lib/python3.12/site-packages/airflow/example_dags/example_dynamic_task_mapping.py
[2025-10-17T03:58:21.423+0000] {processor.py:840} INFO - DAG(s) 'example_dynamic_task_mapping' retrieved from /home/airflow/.local/lib/python3.12/site-packages/airflow/example_dags/example_dynamic_task_mapping.py
[2025-10-17T03:58:21.507+0000] {logging_mixin.py:188} INFO - [2025-10-17T03:58:21.507+0000] {dag.py:3096} INFO - Sync 1 DAGs
[2025-10-17T03:58:21.591+0000] {logging_mixin.py:188} INFO - [2025-10-17T03:58:21.590+0000] {dag.py:3954} INFO - Setting next_dagrun for example_dynamic_task_mapping to 2022-03-04 00:00:00+00:00, run_after=2022-03-05 00:00:00+00:00
[2025-10-17T03:58:21.635+0000] {processor.py:183} INFO - Processing /home/airflow/.local/lib/python3.12/site-packages/airflow/example_dags/example_dynamic_task_mapping.py took 0.285 seconds
[2025-10-17T03:58:51.944+0000] {processor.py:161} INFO - Started process (PID=7452) to work on /home/airflow/.local/lib/python3.12/site-packages/airflow/example_dags/example_dynamic_task_mapping.py
[2025-10-17T03:58:51.945+0000] {processor.py:830} INFO - Processing file /home/airflow/.local/lib/python3.12/site-packages/airflow/example_dags/example_dynamic_task_mapping.py for tasks to queue
[2025-10-17T03:58:51.948+0000] {logging_mixin.py:188} INFO - [2025-10-17T03:58:51.948+0000] {dagbag.py:545} INFO - Filling up the DagBag from /home/airflow/.local/lib/python3.12/site-packages/airflow/example_dags/example_dynamic_task_mapping.py
[2025-10-17T03:58:51.957+0000] {processor.py:840} INFO - DAG(s) 'example_dynamic_task_mapping' retrieved from /home/airflow/.local/lib/python3.12/site-packages/airflow/example_dags/example_dynamic_task_mapping.py
[2025-10-17T03:58:51.978+0000] {logging_mixin.py:188} INFO - [2025-10-17T03:58:51.977+0000] {dag.py:3096} INFO - Sync 1 DAGs
[2025-10-17T03:58:52.013+0000] {logging_mixin.py:188} INFO - [2025-10-17T03:58:52.013+0000] {dag.py:3954} INFO - Setting next_dagrun for example_dynamic_task_mapping to 2022-03-04 00:00:00+00:00, run_after=2022-03-05 00:00:00+00:00
[2025-10-17T03:58:52.049+0000] {processor.py:183} INFO - Processing /home/airflow/.local/lib/python3.12/site-packages/airflow/example_dags/example_dynamic_task_mapping.py took 0.112 seconds
[2025-10-17T03:59:22.417+0000] {processor.py:161} INFO - Started process (PID=7511) to work on /home/airflow/.local/lib/python3.12/site-packages/airflow/example_dags/example_dynamic_task_mapping.py
[2025-10-17T03:59:22.418+0000] {processor.py:830} INFO - Processing file /home/airflow/.local/lib/python3.12/site-packages/airflow/example_dags/example_dynamic_task_mapping.py for tasks to queue
[2025-10-17T03:59:22.420+0000] {logging_mixin.py:188} INFO - [2025-10-17T03:59:22.420+0000] {dagbag.py:545} INFO - Filling up the DagBag from /home/airflow/.local/lib/python3.12/site-packages/airflow/example_dags/example_dynamic_task_mapping.py
[2025-10-17T03:59:22.428+0000] {processor.py:840} INFO - DAG(s) 'example_dynamic_task_mapping' retrieved from /home/airflow/.local/lib/python3.12/site-packages/airflow/example_dags/example_dynamic_task_mapping.py
[2025-10-17T03:59:22.523+0000] {logging_mixin.py:188} INFO - [2025-10-17T03:59:22.523+0000] {dag.py:3096} INFO - Sync 1 DAGs
[2025-10-17T03:59:22.546+0000] {logging_mixin.py:188} INFO - [2025-10-17T03:59:22.545+0000] {dag.py:3954} INFO - Setting next_dagrun for example_dynamic_task_mapping to 2022-03-04 00:00:00+00:00, run_after=2022-03-05 00:00:00+00:00
[2025-10-17T03:59:22.568+0000] {processor.py:183} INFO - Processing /home/airflow/.local/lib/python3.12/site-packages/airflow/example_dags/example_dynamic_task_mapping.py took 0.157 seconds
[2025-10-17T03:59:52.871+0000] {processor.py:161} INFO - Started process (PID=7571) to work on /home/airflow/.local/lib/python3.12/site-packages/airflow/example_dags/example_dynamic_task_mapping.py
[2025-10-17T03:59:52.872+0000] {processor.py:830} INFO - Processing file /home/airflow/.local/lib/python3.12/site-packages/airflow/example_dags/example_dynamic_task_mapping.py for tasks to queue
[2025-10-17T03:59:52.874+0000] {logging_mixin.py:188} INFO - [2025-10-17T03:59:52.874+0000] {dagbag.py:545} INFO - Filling up the DagBag from /home/airflow/.local/lib/python3.12/site-packages/airflow/example_dags/example_dynamic_task_mapping.py
[2025-10-17T03:59:52.880+0000] {processor.py:840} INFO - DAG(s) 'example_dynamic_task_mapping' retrieved from /home/airflow/.local/lib/python3.12/site-packages/airflow/example_dags/example_dynamic_task_mapping.py
[2025-10-17T03:59:52.898+0000] {logging_mixin.py:188} INFO - [2025-10-17T03:59:52.898+0000] {dag.py:3096} INFO - Sync 1 DAGs
[2025-10-17T03:59:52.916+0000] {logging_mixin.py:188} INFO - [2025-10-17T03:59:52.916+0000] {dag.py:3954} INFO - Setting next_dagrun for example_dynamic_task_mapping to 2022-03-04 00:00:00+00:00, run_after=2022-03-05 00:00:00+00:00
[2025-10-17T03:59:52.935+0000] {processor.py:183} INFO - Processing /home/airflow/.local/lib/python3.12/site-packages/airflow/example_dags/example_dynamic_task_mapping.py took 0.070 seconds
[2025-10-17T04:00:23.262+0000] {processor.py:161} INFO - Started process (PID=7630) to work on /home/airflow/.local/lib/python3.12/site-packages/airflow/example_dags/example_dynamic_task_mapping.py
[2025-10-17T04:00:23.263+0000] {processor.py:830} INFO - Processing file /home/airflow/.local/lib/python3.12/site-packages/airflow/example_dags/example_dynamic_task_mapping.py for tasks to queue
[2025-10-17T04:00:23.266+0000] {logging_mixin.py:188} INFO - [2025-10-17T04:00:23.266+0000] {dagbag.py:545} INFO - Filling up the DagBag from /home/airflow/.local/lib/python3.12/site-packages/airflow/example_dags/example_dynamic_task_mapping.py
[2025-10-17T04:00:23.274+0000] {processor.py:840} INFO - DAG(s) 'example_dynamic_task_mapping' retrieved from /home/airflow/.local/lib/python3.12/site-packages/airflow/example_dags/example_dynamic_task_mapping.py
[2025-10-17T04:00:23.294+0000] {logging_mixin.py:188} INFO - [2025-10-17T04:00:23.293+0000] {dag.py:3096} INFO - Sync 1 DAGs
[2025-10-17T04:00:23.312+0000] {logging_mixin.py:188} INFO - [2025-10-17T04:00:23.312+0000] {dag.py:3954} INFO - Setting next_dagrun for example_dynamic_task_mapping to 2022-03-04 00:00:00+00:00, run_after=2022-03-05 00:00:00+00:00
[2025-10-17T04:00:23.331+0000] {processor.py:183} INFO - Processing /home/airflow/.local/lib/python3.12/site-packages/airflow/example_dags/example_dynamic_task_mapping.py took 0.075 seconds
[2025-10-17T04:00:53.531+0000] {processor.py:161} INFO - Started process (PID=7689) to work on /home/airflow/.local/lib/python3.12/site-packages/airflow/example_dags/example_dynamic_task_mapping.py
[2025-10-17T04:00:53.532+0000] {processor.py:830} INFO - Processing file /home/airflow/.local/lib/python3.12/site-packages/airflow/example_dags/example_dynamic_task_mapping.py for tasks to queue
[2025-10-17T04:00:53.534+0000] {logging_mixin.py:188} INFO - [2025-10-17T04:00:53.534+0000] {dagbag.py:545} INFO - Filling up the DagBag from /home/airflow/.local/lib/python3.12/site-packages/airflow/example_dags/example_dynamic_task_mapping.py
[2025-10-17T04:00:53.541+0000] {processor.py:840} INFO - DAG(s) 'example_dynamic_task_mapping' retrieved from /home/airflow/.local/lib/python3.12/site-packages/airflow/example_dags/example_dynamic_task_mapping.py
[2025-10-17T04:00:53.558+0000] {logging_mixin.py:188} INFO - [2025-10-17T04:00:53.558+0000] {dag.py:3096} INFO - Sync 1 DAGs
[2025-10-17T04:00:53.577+0000] {logging_mixin.py:188} INFO - [2025-10-17T04:00:53.576+0000] {dag.py:3954} INFO - Setting next_dagrun for example_dynamic_task_mapping to 2022-03-04 00:00:00+00:00, run_after=2022-03-05 00:00:00+00:00
[2025-10-17T04:00:53.595+0000] {processor.py:183} INFO - Processing /home/airflow/.local/lib/python3.12/site-packages/airflow/example_dags/example_dynamic_task_mapping.py took 0.070 seconds
