[2025-10-17T02:55:12.402+0000] {processor.py:161} INFO - Started process (PID=75) to work on /home/airflow/.local/lib/python3.12/site-packages/airflow/example_dags/example_params_ui_tutorial.py
[2025-10-17T02:55:12.404+0000] {processor.py:830} INFO - Processing file /home/airflow/.local/lib/python3.12/site-packages/airflow/example_dags/example_params_ui_tutorial.py for tasks to queue
[2025-10-17T02:55:12.408+0000] {logging_mixin.py:188} INFO - [2025-10-17T02:55:12.407+0000] {dagbag.py:545} INFO - Filling up the DagBag from /home/airflow/.local/lib/python3.12/site-packages/airflow/example_dags/example_params_ui_tutorial.py
[2025-10-17T02:55:12.431+0000] {processor.py:840} INFO - DAG(s) 'example_params_ui_tutorial' retrieved from /home/airflow/.local/lib/python3.12/site-packages/airflow/example_dags/example_params_ui_tutorial.py
[2025-10-17T02:55:12.608+0000] {logging_mixin.py:188} INFO - [2025-10-17T02:55:12.607+0000] {override.py:1829} INFO - Created Permission View: can read on DAG:example_params_ui_tutorial
[2025-10-17T02:55:12.624+0000] {logging_mixin.py:188} INFO - [2025-10-17T02:55:12.623+0000] {override.py:1829} INFO - Created Permission View: can delete on DAG:example_params_ui_tutorial
[2025-10-17T02:55:12.632+0000] {logging_mixin.py:188} INFO - [2025-10-17T02:55:12.631+0000] {override.py:1829} INFO - Created Permission View: can edit on DAG:example_params_ui_tutorial
[2025-10-17T02:55:12.632+0000] {logging_mixin.py:188} INFO - [2025-10-17T02:55:12.632+0000] {dag.py:3096} INFO - Sync 1 DAGs
[2025-10-17T02:55:12.645+0000] {logging_mixin.py:188} INFO - [2025-10-17T02:55:12.645+0000] {dag.py:3118} INFO - Creating ORM DAG for example_params_ui_tutorial
[2025-10-17T02:55:12.647+0000] {logging_mixin.py:188} INFO - [2025-10-17T02:55:12.647+0000] {dag.py:3954} INFO - Setting next_dagrun for example_params_ui_tutorial to None, run_after=None
[2025-10-17T02:55:12.669+0000] {processor.py:183} INFO - Processing /home/airflow/.local/lib/python3.12/site-packages/airflow/example_dags/example_params_ui_tutorial.py took 0.275 seconds
[2025-10-17T02:55:43.173+0000] {processor.py:161} INFO - Started process (PID=133) to work on /home/airflow/.local/lib/python3.12/site-packages/airflow/example_dags/example_params_ui_tutorial.py
[2025-10-17T02:55:43.175+0000] {processor.py:830} INFO - Processing file /home/airflow/.local/lib/python3.12/site-packages/airflow/example_dags/example_params_ui_tutorial.py for tasks to queue
[2025-10-17T02:55:43.177+0000] {logging_mixin.py:188} INFO - [2025-10-17T02:55:43.177+0000] {dagbag.py:545} INFO - Filling up the DagBag from /home/airflow/.local/lib/python3.12/site-packages/airflow/example_dags/example_params_ui_tutorial.py
[2025-10-17T02:55:43.187+0000] {processor.py:840} INFO - DAG(s) 'example_params_ui_tutorial' retrieved from /home/airflow/.local/lib/python3.12/site-packages/airflow/example_dags/example_params_ui_tutorial.py
[2025-10-17T02:55:43.229+0000] {logging_mixin.py:188} INFO - [2025-10-17T02:55:43.229+0000] {dag.py:3096} INFO - Sync 1 DAGs
[2025-10-17T02:55:43.241+0000] {logging_mixin.py:188} INFO - [2025-10-17T02:55:43.241+0000] {dag.py:3954} INFO - Setting next_dagrun for example_params_ui_tutorial to None, run_after=None
[2025-10-17T02:55:43.262+0000] {processor.py:183} INFO - Processing /home/airflow/.local/lib/python3.12/site-packages/airflow/example_dags/example_params_ui_tutorial.py took 0.094 seconds
[2025-10-17T02:56:13.793+0000] {processor.py:161} INFO - Started process (PID=192) to work on /home/airflow/.local/lib/python3.12/site-packages/airflow/example_dags/example_params_ui_tutorial.py
[2025-10-17T02:56:13.794+0000] {processor.py:830} INFO - Processing file /home/airflow/.local/lib/python3.12/site-packages/airflow/example_dags/example_params_ui_tutorial.py for tasks to queue
[2025-10-17T02:56:13.796+0000] {logging_mixin.py:188} INFO - [2025-10-17T02:56:13.796+0000] {dagbag.py:545} INFO - Filling up the DagBag from /home/airflow/.local/lib/python3.12/site-packages/airflow/example_dags/example_params_ui_tutorial.py
[2025-10-17T02:56:13.806+0000] {processor.py:840} INFO - DAG(s) 'example_params_ui_tutorial' retrieved from /home/airflow/.local/lib/python3.12/site-packages/airflow/example_dags/example_params_ui_tutorial.py
[2025-10-17T02:56:13.846+0000] {logging_mixin.py:188} INFO - [2025-10-17T02:56:13.846+0000] {dag.py:3096} INFO - Sync 1 DAGs
[2025-10-17T02:56:13.858+0000] {logging_mixin.py:188} INFO - [2025-10-17T02:56:13.858+0000] {dag.py:3954} INFO - Setting next_dagrun for example_params_ui_tutorial to None, run_after=None
[2025-10-17T02:56:13.874+0000] {processor.py:183} INFO - Processing /home/airflow/.local/lib/python3.12/site-packages/airflow/example_dags/example_params_ui_tutorial.py took 0.086 seconds
[2025-10-17T02:56:44.034+0000] {processor.py:161} INFO - Started process (PID=251) to work on /home/airflow/.local/lib/python3.12/site-packages/airflow/example_dags/example_params_ui_tutorial.py
[2025-10-17T02:56:44.035+0000] {processor.py:830} INFO - Processing file /home/airflow/.local/lib/python3.12/site-packages/airflow/example_dags/example_params_ui_tutorial.py for tasks to queue
[2025-10-17T02:56:44.037+0000] {logging_mixin.py:188} INFO - [2025-10-17T02:56:44.037+0000] {dagbag.py:545} INFO - Filling up the DagBag from /home/airflow/.local/lib/python3.12/site-packages/airflow/example_dags/example_params_ui_tutorial.py
[2025-10-17T02:56:44.047+0000] {processor.py:840} INFO - DAG(s) 'example_params_ui_tutorial' retrieved from /home/airflow/.local/lib/python3.12/site-packages/airflow/example_dags/example_params_ui_tutorial.py
[2025-10-17T02:56:44.085+0000] {logging_mixin.py:188} INFO - [2025-10-17T02:56:44.085+0000] {dag.py:3096} INFO - Sync 1 DAGs
[2025-10-17T02:56:44.097+0000] {logging_mixin.py:188} INFO - [2025-10-17T02:56:44.096+0000] {dag.py:3954} INFO - Setting next_dagrun for example_params_ui_tutorial to None, run_after=None
[2025-10-17T02:56:44.113+0000] {processor.py:183} INFO - Processing /home/airflow/.local/lib/python3.12/site-packages/airflow/example_dags/example_params_ui_tutorial.py took 0.084 seconds
[2025-10-17T02:57:14.557+0000] {processor.py:161} INFO - Started process (PID=310) to work on /home/airflow/.local/lib/python3.12/site-packages/airflow/example_dags/example_params_ui_tutorial.py
[2025-10-17T02:57:14.559+0000] {processor.py:830} INFO - Processing file /home/airflow/.local/lib/python3.12/site-packages/airflow/example_dags/example_params_ui_tutorial.py for tasks to queue
[2025-10-17T02:57:14.560+0000] {logging_mixin.py:188} INFO - [2025-10-17T02:57:14.560+0000] {dagbag.py:545} INFO - Filling up the DagBag from /home/airflow/.local/lib/python3.12/site-packages/airflow/example_dags/example_params_ui_tutorial.py
[2025-10-17T02:57:14.573+0000] {processor.py:840} INFO - DAG(s) 'example_params_ui_tutorial' retrieved from /home/airflow/.local/lib/python3.12/site-packages/airflow/example_dags/example_params_ui_tutorial.py
[2025-10-17T02:57:14.612+0000] {logging_mixin.py:188} INFO - [2025-10-17T02:57:14.612+0000] {dag.py:3096} INFO - Sync 1 DAGs
[2025-10-17T02:57:14.623+0000] {logging_mixin.py:188} INFO - [2025-10-17T02:57:14.622+0000] {dag.py:3954} INFO - Setting next_dagrun for example_params_ui_tutorial to None, run_after=None
[2025-10-17T02:57:14.639+0000] {processor.py:183} INFO - Processing /home/airflow/.local/lib/python3.12/site-packages/airflow/example_dags/example_params_ui_tutorial.py took 0.086 seconds
[2025-10-17T02:57:44.701+0000] {processor.py:161} INFO - Started process (PID=369) to work on /home/airflow/.local/lib/python3.12/site-packages/airflow/example_dags/example_params_ui_tutorial.py
[2025-10-17T02:57:44.702+0000] {processor.py:830} INFO - Processing file /home/airflow/.local/lib/python3.12/site-packages/airflow/example_dags/example_params_ui_tutorial.py for tasks to queue
[2025-10-17T02:57:44.704+0000] {logging_mixin.py:188} INFO - [2025-10-17T02:57:44.703+0000] {dagbag.py:545} INFO - Filling up the DagBag from /home/airflow/.local/lib/python3.12/site-packages/airflow/example_dags/example_params_ui_tutorial.py
[2025-10-17T02:57:44.713+0000] {processor.py:840} INFO - DAG(s) 'example_params_ui_tutorial' retrieved from /home/airflow/.local/lib/python3.12/site-packages/airflow/example_dags/example_params_ui_tutorial.py
[2025-10-17T02:57:44.752+0000] {logging_mixin.py:188} INFO - [2025-10-17T02:57:44.752+0000] {dag.py:3096} INFO - Sync 1 DAGs
[2025-10-17T02:57:44.761+0000] {logging_mixin.py:188} INFO - [2025-10-17T02:57:44.761+0000] {dag.py:3954} INFO - Setting next_dagrun for example_params_ui_tutorial to None, run_after=None
[2025-10-17T02:57:44.775+0000] {processor.py:183} INFO - Processing /home/airflow/.local/lib/python3.12/site-packages/airflow/example_dags/example_params_ui_tutorial.py took 0.079 seconds
[2025-10-17T02:58:15.545+0000] {processor.py:161} INFO - Started process (PID=428) to work on /home/airflow/.local/lib/python3.12/site-packages/airflow/example_dags/example_params_ui_tutorial.py
[2025-10-17T02:58:15.546+0000] {processor.py:830} INFO - Processing file /home/airflow/.local/lib/python3.12/site-packages/airflow/example_dags/example_params_ui_tutorial.py for tasks to queue
[2025-10-17T02:58:15.548+0000] {logging_mixin.py:188} INFO - [2025-10-17T02:58:15.548+0000] {dagbag.py:545} INFO - Filling up the DagBag from /home/airflow/.local/lib/python3.12/site-packages/airflow/example_dags/example_params_ui_tutorial.py
[2025-10-17T02:58:15.557+0000] {processor.py:840} INFO - DAG(s) 'example_params_ui_tutorial' retrieved from /home/airflow/.local/lib/python3.12/site-packages/airflow/example_dags/example_params_ui_tutorial.py
[2025-10-17T02:58:15.598+0000] {logging_mixin.py:188} INFO - [2025-10-17T02:58:15.598+0000] {dag.py:3096} INFO - Sync 1 DAGs
[2025-10-17T02:58:15.608+0000] {logging_mixin.py:188} INFO - [2025-10-17T02:58:15.608+0000] {dag.py:3954} INFO - Setting next_dagrun for example_params_ui_tutorial to None, run_after=None
[2025-10-17T02:58:15.624+0000] {processor.py:183} INFO - Processing /home/airflow/.local/lib/python3.12/site-packages/airflow/example_dags/example_params_ui_tutorial.py took 0.083 seconds
[2025-10-17T02:58:46.460+0000] {processor.py:161} INFO - Started process (PID=487) to work on /home/airflow/.local/lib/python3.12/site-packages/airflow/example_dags/example_params_ui_tutorial.py
[2025-10-17T02:58:46.461+0000] {processor.py:830} INFO - Processing file /home/airflow/.local/lib/python3.12/site-packages/airflow/example_dags/example_params_ui_tutorial.py for tasks to queue
[2025-10-17T02:58:46.463+0000] {logging_mixin.py:188} INFO - [2025-10-17T02:58:46.463+0000] {dagbag.py:545} INFO - Filling up the DagBag from /home/airflow/.local/lib/python3.12/site-packages/airflow/example_dags/example_params_ui_tutorial.py
[2025-10-17T02:58:46.473+0000] {processor.py:840} INFO - DAG(s) 'example_params_ui_tutorial' retrieved from /home/airflow/.local/lib/python3.12/site-packages/airflow/example_dags/example_params_ui_tutorial.py
[2025-10-17T02:58:46.512+0000] {logging_mixin.py:188} INFO - [2025-10-17T02:58:46.512+0000] {dag.py:3096} INFO - Sync 1 DAGs
[2025-10-17T02:58:46.523+0000] {logging_mixin.py:188} INFO - [2025-10-17T02:58:46.523+0000] {dag.py:3954} INFO - Setting next_dagrun for example_params_ui_tutorial to None, run_after=None
[2025-10-17T02:58:46.541+0000] {processor.py:183} INFO - Processing /home/airflow/.local/lib/python3.12/site-packages/airflow/example_dags/example_params_ui_tutorial.py took 0.087 seconds
[2025-10-17T02:59:17.301+0000] {processor.py:161} INFO - Started process (PID=546) to work on /home/airflow/.local/lib/python3.12/site-packages/airflow/example_dags/example_params_ui_tutorial.py
[2025-10-17T02:59:17.302+0000] {processor.py:830} INFO - Processing file /home/airflow/.local/lib/python3.12/site-packages/airflow/example_dags/example_params_ui_tutorial.py for tasks to queue
[2025-10-17T02:59:17.304+0000] {logging_mixin.py:188} INFO - [2025-10-17T02:59:17.304+0000] {dagbag.py:545} INFO - Filling up the DagBag from /home/airflow/.local/lib/python3.12/site-packages/airflow/example_dags/example_params_ui_tutorial.py
[2025-10-17T02:59:17.314+0000] {processor.py:840} INFO - DAG(s) 'example_params_ui_tutorial' retrieved from /home/airflow/.local/lib/python3.12/site-packages/airflow/example_dags/example_params_ui_tutorial.py
[2025-10-17T02:59:17.353+0000] {logging_mixin.py:188} INFO - [2025-10-17T02:59:17.352+0000] {dag.py:3096} INFO - Sync 1 DAGs
[2025-10-17T02:59:17.363+0000] {logging_mixin.py:188} INFO - [2025-10-17T02:59:17.363+0000] {dag.py:3954} INFO - Setting next_dagrun for example_params_ui_tutorial to None, run_after=None
[2025-10-17T02:59:17.379+0000] {processor.py:183} INFO - Processing /home/airflow/.local/lib/python3.12/site-packages/airflow/example_dags/example_params_ui_tutorial.py took 0.083 seconds
[2025-10-17T02:59:47.938+0000] {processor.py:161} INFO - Started process (PID=605) to work on /home/airflow/.local/lib/python3.12/site-packages/airflow/example_dags/example_params_ui_tutorial.py
[2025-10-17T02:59:47.940+0000] {processor.py:830} INFO - Processing file /home/airflow/.local/lib/python3.12/site-packages/airflow/example_dags/example_params_ui_tutorial.py for tasks to queue
[2025-10-17T02:59:47.942+0000] {logging_mixin.py:188} INFO - [2025-10-17T02:59:47.941+0000] {dagbag.py:545} INFO - Filling up the DagBag from /home/airflow/.local/lib/python3.12/site-packages/airflow/example_dags/example_params_ui_tutorial.py
[2025-10-17T02:59:47.951+0000] {processor.py:840} INFO - DAG(s) 'example_params_ui_tutorial' retrieved from /home/airflow/.local/lib/python3.12/site-packages/airflow/example_dags/example_params_ui_tutorial.py
[2025-10-17T02:59:47.988+0000] {logging_mixin.py:188} INFO - [2025-10-17T02:59:47.987+0000] {dag.py:3096} INFO - Sync 1 DAGs
[2025-10-17T02:59:47.997+0000] {logging_mixin.py:188} INFO - [2025-10-17T02:59:47.997+0000] {dag.py:3954} INFO - Setting next_dagrun for example_params_ui_tutorial to None, run_after=None
[2025-10-17T02:59:48.013+0000] {processor.py:183} INFO - Processing /home/airflow/.local/lib/python3.12/site-packages/airflow/example_dags/example_params_ui_tutorial.py took 0.079 seconds
[2025-10-17T03:00:19.423+0000] {processor.py:161} INFO - Started process (PID=665) to work on /home/airflow/.local/lib/python3.12/site-packages/airflow/example_dags/example_params_ui_tutorial.py
[2025-10-17T03:00:19.424+0000] {processor.py:830} INFO - Processing file /home/airflow/.local/lib/python3.12/site-packages/airflow/example_dags/example_params_ui_tutorial.py for tasks to queue
[2025-10-17T03:00:19.427+0000] {logging_mixin.py:188} INFO - [2025-10-17T03:00:19.427+0000] {dagbag.py:545} INFO - Filling up the DagBag from /home/airflow/.local/lib/python3.12/site-packages/airflow/example_dags/example_params_ui_tutorial.py
[2025-10-17T03:00:19.443+0000] {processor.py:840} INFO - DAG(s) 'example_params_ui_tutorial' retrieved from /home/airflow/.local/lib/python3.12/site-packages/airflow/example_dags/example_params_ui_tutorial.py
[2025-10-17T03:00:19.489+0000] {logging_mixin.py:188} INFO - [2025-10-17T03:00:19.489+0000] {dag.py:3096} INFO - Sync 1 DAGs
[2025-10-17T03:00:19.504+0000] {logging_mixin.py:188} INFO - [2025-10-17T03:00:19.504+0000] {dag.py:3954} INFO - Setting next_dagrun for example_params_ui_tutorial to None, run_after=None
[2025-10-17T03:00:19.525+0000] {processor.py:183} INFO - Processing /home/airflow/.local/lib/python3.12/site-packages/airflow/example_dags/example_params_ui_tutorial.py took 0.108 seconds
[2025-10-17T03:00:50.930+0000] {processor.py:161} INFO - Started process (PID=718) to work on /home/airflow/.local/lib/python3.12/site-packages/airflow/example_dags/example_params_ui_tutorial.py
[2025-10-17T03:00:50.931+0000] {processor.py:830} INFO - Processing file /home/airflow/.local/lib/python3.12/site-packages/airflow/example_dags/example_params_ui_tutorial.py for tasks to queue
[2025-10-17T03:00:50.933+0000] {logging_mixin.py:188} INFO - [2025-10-17T03:00:50.933+0000] {dagbag.py:545} INFO - Filling up the DagBag from /home/airflow/.local/lib/python3.12/site-packages/airflow/example_dags/example_params_ui_tutorial.py
[2025-10-17T03:00:50.942+0000] {processor.py:840} INFO - DAG(s) 'example_params_ui_tutorial' retrieved from /home/airflow/.local/lib/python3.12/site-packages/airflow/example_dags/example_params_ui_tutorial.py
[2025-10-17T03:00:50.980+0000] {logging_mixin.py:188} INFO - [2025-10-17T03:00:50.980+0000] {dag.py:3096} INFO - Sync 1 DAGs
[2025-10-17T03:00:50.990+0000] {logging_mixin.py:188} INFO - [2025-10-17T03:00:50.990+0000] {dag.py:3954} INFO - Setting next_dagrun for example_params_ui_tutorial to None, run_after=None
[2025-10-17T03:00:51.007+0000] {processor.py:183} INFO - Processing /home/airflow/.local/lib/python3.12/site-packages/airflow/example_dags/example_params_ui_tutorial.py took 0.083 seconds
[2025-10-17T03:01:21.892+0000] {processor.py:161} INFO - Started process (PID=777) to work on /home/airflow/.local/lib/python3.12/site-packages/airflow/example_dags/example_params_ui_tutorial.py
[2025-10-17T03:01:21.893+0000] {processor.py:830} INFO - Processing file /home/airflow/.local/lib/python3.12/site-packages/airflow/example_dags/example_params_ui_tutorial.py for tasks to queue
[2025-10-17T03:01:21.895+0000] {logging_mixin.py:188} INFO - [2025-10-17T03:01:21.895+0000] {dagbag.py:545} INFO - Filling up the DagBag from /home/airflow/.local/lib/python3.12/site-packages/airflow/example_dags/example_params_ui_tutorial.py
[2025-10-17T03:01:21.907+0000] {processor.py:840} INFO - DAG(s) 'example_params_ui_tutorial' retrieved from /home/airflow/.local/lib/python3.12/site-packages/airflow/example_dags/example_params_ui_tutorial.py
[2025-10-17T03:01:21.948+0000] {logging_mixin.py:188} INFO - [2025-10-17T03:01:21.948+0000] {dag.py:3096} INFO - Sync 1 DAGs
[2025-10-17T03:01:21.959+0000] {logging_mixin.py:188} INFO - [2025-10-17T03:01:21.959+0000] {dag.py:3954} INFO - Setting next_dagrun for example_params_ui_tutorial to None, run_after=None
[2025-10-17T03:01:21.977+0000] {processor.py:183} INFO - Processing /home/airflow/.local/lib/python3.12/site-packages/airflow/example_dags/example_params_ui_tutorial.py took 0.090 seconds
[2025-10-17T03:01:54.150+0000] {processor.py:161} INFO - Started process (PID=836) to work on /home/airflow/.local/lib/python3.12/site-packages/airflow/example_dags/example_params_ui_tutorial.py
[2025-10-17T03:01:54.151+0000] {processor.py:830} INFO - Processing file /home/airflow/.local/lib/python3.12/site-packages/airflow/example_dags/example_params_ui_tutorial.py for tasks to queue
[2025-10-17T03:01:54.153+0000] {logging_mixin.py:188} INFO - [2025-10-17T03:01:54.152+0000] {dagbag.py:545} INFO - Filling up the DagBag from /home/airflow/.local/lib/python3.12/site-packages/airflow/example_dags/example_params_ui_tutorial.py
[2025-10-17T03:01:54.163+0000] {processor.py:840} INFO - DAG(s) 'example_params_ui_tutorial' retrieved from /home/airflow/.local/lib/python3.12/site-packages/airflow/example_dags/example_params_ui_tutorial.py
[2025-10-17T03:01:54.196+0000] {logging_mixin.py:188} INFO - [2025-10-17T03:01:54.196+0000] {dag.py:3096} INFO - Sync 1 DAGs
[2025-10-17T03:01:54.205+0000] {logging_mixin.py:188} INFO - [2025-10-17T03:01:54.205+0000] {dag.py:3954} INFO - Setting next_dagrun for example_params_ui_tutorial to None, run_after=None
[2025-10-17T03:01:54.220+0000] {processor.py:183} INFO - Processing /home/airflow/.local/lib/python3.12/site-packages/airflow/example_dags/example_params_ui_tutorial.py took 0.076 seconds
[2025-10-17T03:02:25.431+0000] {processor.py:161} INFO - Started process (PID=896) to work on /home/airflow/.local/lib/python3.12/site-packages/airflow/example_dags/example_params_ui_tutorial.py
[2025-10-17T03:02:25.433+0000] {processor.py:830} INFO - Processing file /home/airflow/.local/lib/python3.12/site-packages/airflow/example_dags/example_params_ui_tutorial.py for tasks to queue
[2025-10-17T03:02:25.435+0000] {logging_mixin.py:188} INFO - [2025-10-17T03:02:25.435+0000] {dagbag.py:545} INFO - Filling up the DagBag from /home/airflow/.local/lib/python3.12/site-packages/airflow/example_dags/example_params_ui_tutorial.py
[2025-10-17T03:02:25.449+0000] {processor.py:840} INFO - DAG(s) 'example_params_ui_tutorial' retrieved from /home/airflow/.local/lib/python3.12/site-packages/airflow/example_dags/example_params_ui_tutorial.py
[2025-10-17T03:02:25.497+0000] {logging_mixin.py:188} INFO - [2025-10-17T03:02:25.497+0000] {dag.py:3096} INFO - Sync 1 DAGs
[2025-10-17T03:02:25.515+0000] {logging_mixin.py:188} INFO - [2025-10-17T03:02:25.515+0000] {dag.py:3954} INFO - Setting next_dagrun for example_params_ui_tutorial to None, run_after=None
[2025-10-17T03:02:25.545+0000] {processor.py:183} INFO - Processing /home/airflow/.local/lib/python3.12/site-packages/airflow/example_dags/example_params_ui_tutorial.py took 0.123 seconds
[2025-10-17T03:02:56.947+0000] {processor.py:161} INFO - Started process (PID=955) to work on /home/airflow/.local/lib/python3.12/site-packages/airflow/example_dags/example_params_ui_tutorial.py
[2025-10-17T03:02:56.948+0000] {processor.py:830} INFO - Processing file /home/airflow/.local/lib/python3.12/site-packages/airflow/example_dags/example_params_ui_tutorial.py for tasks to queue
[2025-10-17T03:02:56.950+0000] {logging_mixin.py:188} INFO - [2025-10-17T03:02:56.949+0000] {dagbag.py:545} INFO - Filling up the DagBag from /home/airflow/.local/lib/python3.12/site-packages/airflow/example_dags/example_params_ui_tutorial.py
[2025-10-17T03:02:56.962+0000] {processor.py:840} INFO - DAG(s) 'example_params_ui_tutorial' retrieved from /home/airflow/.local/lib/python3.12/site-packages/airflow/example_dags/example_params_ui_tutorial.py
[2025-10-17T03:02:57.002+0000] {logging_mixin.py:188} INFO - [2025-10-17T03:02:57.002+0000] {dag.py:3096} INFO - Sync 1 DAGs
[2025-10-17T03:02:57.013+0000] {logging_mixin.py:188} INFO - [2025-10-17T03:02:57.013+0000] {dag.py:3954} INFO - Setting next_dagrun for example_params_ui_tutorial to None, run_after=None
[2025-10-17T03:02:57.034+0000] {processor.py:183} INFO - Processing /home/airflow/.local/lib/python3.12/site-packages/airflow/example_dags/example_params_ui_tutorial.py took 0.092 seconds
[2025-10-17T03:03:29.182+0000] {processor.py:161} INFO - Started process (PID=1014) to work on /home/airflow/.local/lib/python3.12/site-packages/airflow/example_dags/example_params_ui_tutorial.py
[2025-10-17T03:03:29.187+0000] {processor.py:830} INFO - Processing file /home/airflow/.local/lib/python3.12/site-packages/airflow/example_dags/example_params_ui_tutorial.py for tasks to queue
[2025-10-17T03:03:29.191+0000] {logging_mixin.py:188} INFO - [2025-10-17T03:03:29.191+0000] {dagbag.py:545} INFO - Filling up the DagBag from /home/airflow/.local/lib/python3.12/site-packages/airflow/example_dags/example_params_ui_tutorial.py
[2025-10-17T03:03:29.230+0000] {processor.py:840} INFO - DAG(s) 'example_params_ui_tutorial' retrieved from /home/airflow/.local/lib/python3.12/site-packages/airflow/example_dags/example_params_ui_tutorial.py
[2025-10-17T03:03:29.412+0000] {logging_mixin.py:188} INFO - [2025-10-17T03:03:29.411+0000] {dag.py:3096} INFO - Sync 1 DAGs
[2025-10-17T03:03:29.436+0000] {logging_mixin.py:188} INFO - [2025-10-17T03:03:29.436+0000] {dag.py:3954} INFO - Setting next_dagrun for example_params_ui_tutorial to None, run_after=None
[2025-10-17T03:03:29.472+0000] {processor.py:183} INFO - Processing /home/airflow/.local/lib/python3.12/site-packages/airflow/example_dags/example_params_ui_tutorial.py took 0.307 seconds
[2025-10-17T03:04:01.430+0000] {processor.py:161} INFO - Started process (PID=1073) to work on /home/airflow/.local/lib/python3.12/site-packages/airflow/example_dags/example_params_ui_tutorial.py
[2025-10-17T03:04:01.431+0000] {processor.py:830} INFO - Processing file /home/airflow/.local/lib/python3.12/site-packages/airflow/example_dags/example_params_ui_tutorial.py for tasks to queue
[2025-10-17T03:04:01.433+0000] {logging_mixin.py:188} INFO - [2025-10-17T03:04:01.433+0000] {dagbag.py:545} INFO - Filling up the DagBag from /home/airflow/.local/lib/python3.12/site-packages/airflow/example_dags/example_params_ui_tutorial.py
[2025-10-17T03:04:01.443+0000] {processor.py:840} INFO - DAG(s) 'example_params_ui_tutorial' retrieved from /home/airflow/.local/lib/python3.12/site-packages/airflow/example_dags/example_params_ui_tutorial.py
[2025-10-17T03:04:01.479+0000] {logging_mixin.py:188} INFO - [2025-10-17T03:04:01.478+0000] {dag.py:3096} INFO - Sync 1 DAGs
[2025-10-17T03:04:01.490+0000] {logging_mixin.py:188} INFO - [2025-10-17T03:04:01.490+0000] {dag.py:3954} INFO - Setting next_dagrun for example_params_ui_tutorial to None, run_after=None
[2025-10-17T03:04:01.505+0000] {processor.py:183} INFO - Processing /home/airflow/.local/lib/python3.12/site-packages/airflow/example_dags/example_params_ui_tutorial.py took 0.080 seconds
[2025-10-17T03:04:32.492+0000] {processor.py:161} INFO - Started process (PID=1132) to work on /home/airflow/.local/lib/python3.12/site-packages/airflow/example_dags/example_params_ui_tutorial.py
[2025-10-17T03:04:32.494+0000] {processor.py:830} INFO - Processing file /home/airflow/.local/lib/python3.12/site-packages/airflow/example_dags/example_params_ui_tutorial.py for tasks to queue
[2025-10-17T03:04:32.496+0000] {logging_mixin.py:188} INFO - [2025-10-17T03:04:32.495+0000] {dagbag.py:545} INFO - Filling up the DagBag from /home/airflow/.local/lib/python3.12/site-packages/airflow/example_dags/example_params_ui_tutorial.py
[2025-10-17T03:04:32.506+0000] {processor.py:840} INFO - DAG(s) 'example_params_ui_tutorial' retrieved from /home/airflow/.local/lib/python3.12/site-packages/airflow/example_dags/example_params_ui_tutorial.py
[2025-10-17T03:04:32.548+0000] {logging_mixin.py:188} INFO - [2025-10-17T03:04:32.548+0000] {dag.py:3096} INFO - Sync 1 DAGs
[2025-10-17T03:04:32.558+0000] {logging_mixin.py:188} INFO - [2025-10-17T03:04:32.558+0000] {dag.py:3954} INFO - Setting next_dagrun for example_params_ui_tutorial to None, run_after=None
[2025-10-17T03:04:32.574+0000] {processor.py:183} INFO - Processing /home/airflow/.local/lib/python3.12/site-packages/airflow/example_dags/example_params_ui_tutorial.py took 0.087 seconds
[2025-10-17T03:05:04.950+0000] {processor.py:161} INFO - Started process (PID=1192) to work on /home/airflow/.local/lib/python3.12/site-packages/airflow/example_dags/example_params_ui_tutorial.py
[2025-10-17T03:05:04.951+0000] {processor.py:830} INFO - Processing file /home/airflow/.local/lib/python3.12/site-packages/airflow/example_dags/example_params_ui_tutorial.py for tasks to queue
[2025-10-17T03:05:04.954+0000] {logging_mixin.py:188} INFO - [2025-10-17T03:05:04.953+0000] {dagbag.py:545} INFO - Filling up the DagBag from /home/airflow/.local/lib/python3.12/site-packages/airflow/example_dags/example_params_ui_tutorial.py
[2025-10-17T03:05:04.968+0000] {processor.py:840} INFO - DAG(s) 'example_params_ui_tutorial' retrieved from /home/airflow/.local/lib/python3.12/site-packages/airflow/example_dags/example_params_ui_tutorial.py
[2025-10-17T03:05:05.026+0000] {logging_mixin.py:188} INFO - [2025-10-17T03:05:05.026+0000] {dag.py:3096} INFO - Sync 1 DAGs
[2025-10-17T03:05:05.040+0000] {logging_mixin.py:188} INFO - [2025-10-17T03:05:05.039+0000] {dag.py:3954} INFO - Setting next_dagrun for example_params_ui_tutorial to None, run_after=None
[2025-10-17T03:05:05.061+0000] {processor.py:183} INFO - Processing /home/airflow/.local/lib/python3.12/site-packages/airflow/example_dags/example_params_ui_tutorial.py took 0.118 seconds
[2025-10-17T03:05:36.308+0000] {processor.py:161} INFO - Started process (PID=1251) to work on /home/airflow/.local/lib/python3.12/site-packages/airflow/example_dags/example_params_ui_tutorial.py
[2025-10-17T03:05:36.309+0000] {processor.py:830} INFO - Processing file /home/airflow/.local/lib/python3.12/site-packages/airflow/example_dags/example_params_ui_tutorial.py for tasks to queue
[2025-10-17T03:05:36.310+0000] {logging_mixin.py:188} INFO - [2025-10-17T03:05:36.310+0000] {dagbag.py:545} INFO - Filling up the DagBag from /home/airflow/.local/lib/python3.12/site-packages/airflow/example_dags/example_params_ui_tutorial.py
[2025-10-17T03:05:36.319+0000] {processor.py:840} INFO - DAG(s) 'example_params_ui_tutorial' retrieved from /home/airflow/.local/lib/python3.12/site-packages/airflow/example_dags/example_params_ui_tutorial.py
[2025-10-17T03:05:36.354+0000] {logging_mixin.py:188} INFO - [2025-10-17T03:05:36.354+0000] {dag.py:3096} INFO - Sync 1 DAGs
[2025-10-17T03:05:36.363+0000] {logging_mixin.py:188} INFO - [2025-10-17T03:05:36.363+0000] {dag.py:3954} INFO - Setting next_dagrun for example_params_ui_tutorial to None, run_after=None
[2025-10-17T03:05:36.377+0000] {processor.py:183} INFO - Processing /home/airflow/.local/lib/python3.12/site-packages/airflow/example_dags/example_params_ui_tutorial.py took 0.074 seconds
[2025-10-17T03:06:08.830+0000] {processor.py:161} INFO - Started process (PID=1310) to work on /home/airflow/.local/lib/python3.12/site-packages/airflow/example_dags/example_params_ui_tutorial.py
[2025-10-17T03:06:08.831+0000] {processor.py:830} INFO - Processing file /home/airflow/.local/lib/python3.12/site-packages/airflow/example_dags/example_params_ui_tutorial.py for tasks to queue
[2025-10-17T03:06:08.833+0000] {logging_mixin.py:188} INFO - [2025-10-17T03:06:08.833+0000] {dagbag.py:545} INFO - Filling up the DagBag from /home/airflow/.local/lib/python3.12/site-packages/airflow/example_dags/example_params_ui_tutorial.py
[2025-10-17T03:06:08.843+0000] {processor.py:840} INFO - DAG(s) 'example_params_ui_tutorial' retrieved from /home/airflow/.local/lib/python3.12/site-packages/airflow/example_dags/example_params_ui_tutorial.py
[2025-10-17T03:06:08.887+0000] {logging_mixin.py:188} INFO - [2025-10-17T03:06:08.886+0000] {dag.py:3096} INFO - Sync 1 DAGs
[2025-10-17T03:06:08.899+0000] {logging_mixin.py:188} INFO - [2025-10-17T03:06:08.899+0000] {dag.py:3954} INFO - Setting next_dagrun for example_params_ui_tutorial to None, run_after=None
[2025-10-17T03:06:09.066+0000] {processor.py:183} INFO - Processing /home/airflow/.local/lib/python3.12/site-packages/airflow/example_dags/example_params_ui_tutorial.py took 0.241 seconds
[2025-10-17T03:06:39.674+0000] {processor.py:161} INFO - Started process (PID=1369) to work on /home/airflow/.local/lib/python3.12/site-packages/airflow/example_dags/example_params_ui_tutorial.py
[2025-10-17T03:06:39.675+0000] {processor.py:830} INFO - Processing file /home/airflow/.local/lib/python3.12/site-packages/airflow/example_dags/example_params_ui_tutorial.py for tasks to queue
[2025-10-17T03:06:39.677+0000] {logging_mixin.py:188} INFO - [2025-10-17T03:06:39.677+0000] {dagbag.py:545} INFO - Filling up the DagBag from /home/airflow/.local/lib/python3.12/site-packages/airflow/example_dags/example_params_ui_tutorial.py
[2025-10-17T03:06:39.688+0000] {processor.py:840} INFO - DAG(s) 'example_params_ui_tutorial' retrieved from /home/airflow/.local/lib/python3.12/site-packages/airflow/example_dags/example_params_ui_tutorial.py
[2025-10-17T03:06:39.732+0000] {logging_mixin.py:188} INFO - [2025-10-17T03:06:39.732+0000] {dag.py:3096} INFO - Sync 1 DAGs
[2025-10-17T03:06:39.745+0000] {logging_mixin.py:188} INFO - [2025-10-17T03:06:39.745+0000] {dag.py:3954} INFO - Setting next_dagrun for example_params_ui_tutorial to None, run_after=None
[2025-10-17T03:06:39.764+0000] {processor.py:183} INFO - Processing /home/airflow/.local/lib/python3.12/site-packages/airflow/example_dags/example_params_ui_tutorial.py took 0.096 seconds
[2025-10-17T03:07:10.263+0000] {processor.py:161} INFO - Started process (PID=1428) to work on /home/airflow/.local/lib/python3.12/site-packages/airflow/example_dags/example_params_ui_tutorial.py
[2025-10-17T03:07:10.265+0000] {processor.py:830} INFO - Processing file /home/airflow/.local/lib/python3.12/site-packages/airflow/example_dags/example_params_ui_tutorial.py for tasks to queue
[2025-10-17T03:07:10.267+0000] {logging_mixin.py:188} INFO - [2025-10-17T03:07:10.267+0000] {dagbag.py:545} INFO - Filling up the DagBag from /home/airflow/.local/lib/python3.12/site-packages/airflow/example_dags/example_params_ui_tutorial.py
[2025-10-17T03:07:10.281+0000] {processor.py:840} INFO - DAG(s) 'example_params_ui_tutorial' retrieved from /home/airflow/.local/lib/python3.12/site-packages/airflow/example_dags/example_params_ui_tutorial.py
[2025-10-17T03:07:10.331+0000] {logging_mixin.py:188} INFO - [2025-10-17T03:07:10.331+0000] {dag.py:3096} INFO - Sync 1 DAGs
[2025-10-17T03:07:10.343+0000] {logging_mixin.py:188} INFO - [2025-10-17T03:07:10.343+0000] {dag.py:3954} INFO - Setting next_dagrun for example_params_ui_tutorial to None, run_after=None
[2025-10-17T03:07:10.370+0000] {processor.py:183} INFO - Processing /home/airflow/.local/lib/python3.12/site-packages/airflow/example_dags/example_params_ui_tutorial.py took 0.114 seconds
[2025-10-17T03:07:41.602+0000] {processor.py:161} INFO - Started process (PID=1487) to work on /home/airflow/.local/lib/python3.12/site-packages/airflow/example_dags/example_params_ui_tutorial.py
[2025-10-17T03:07:41.603+0000] {processor.py:830} INFO - Processing file /home/airflow/.local/lib/python3.12/site-packages/airflow/example_dags/example_params_ui_tutorial.py for tasks to queue
[2025-10-17T03:07:41.606+0000] {logging_mixin.py:188} INFO - [2025-10-17T03:07:41.605+0000] {dagbag.py:545} INFO - Filling up the DagBag from /home/airflow/.local/lib/python3.12/site-packages/airflow/example_dags/example_params_ui_tutorial.py
[2025-10-17T03:07:41.617+0000] {processor.py:840} INFO - DAG(s) 'example_params_ui_tutorial' retrieved from /home/airflow/.local/lib/python3.12/site-packages/airflow/example_dags/example_params_ui_tutorial.py
[2025-10-17T03:07:41.659+0000] {logging_mixin.py:188} INFO - [2025-10-17T03:07:41.659+0000] {dag.py:3096} INFO - Sync 1 DAGs
[2025-10-17T03:07:41.670+0000] {logging_mixin.py:188} INFO - [2025-10-17T03:07:41.669+0000] {dag.py:3954} INFO - Setting next_dagrun for example_params_ui_tutorial to None, run_after=None
[2025-10-17T03:07:41.687+0000] {processor.py:183} INFO - Processing /home/airflow/.local/lib/python3.12/site-packages/airflow/example_dags/example_params_ui_tutorial.py took 0.093 seconds
[2025-10-17T03:08:12.618+0000] {processor.py:161} INFO - Started process (PID=1546) to work on /home/airflow/.local/lib/python3.12/site-packages/airflow/example_dags/example_params_ui_tutorial.py
[2025-10-17T03:08:12.619+0000] {processor.py:830} INFO - Processing file /home/airflow/.local/lib/python3.12/site-packages/airflow/example_dags/example_params_ui_tutorial.py for tasks to queue
[2025-10-17T03:08:12.622+0000] {logging_mixin.py:188} INFO - [2025-10-17T03:08:12.621+0000] {dagbag.py:545} INFO - Filling up the DagBag from /home/airflow/.local/lib/python3.12/site-packages/airflow/example_dags/example_params_ui_tutorial.py
[2025-10-17T03:08:12.632+0000] {processor.py:840} INFO - DAG(s) 'example_params_ui_tutorial' retrieved from /home/airflow/.local/lib/python3.12/site-packages/airflow/example_dags/example_params_ui_tutorial.py
[2025-10-17T03:08:12.674+0000] {logging_mixin.py:188} INFO - [2025-10-17T03:08:12.674+0000] {dag.py:3096} INFO - Sync 1 DAGs
[2025-10-17T03:08:12.685+0000] {logging_mixin.py:188} INFO - [2025-10-17T03:08:12.685+0000] {dag.py:3954} INFO - Setting next_dagrun for example_params_ui_tutorial to None, run_after=None
[2025-10-17T03:08:12.701+0000] {processor.py:183} INFO - Processing /home/airflow/.local/lib/python3.12/site-packages/airflow/example_dags/example_params_ui_tutorial.py took 0.088 seconds
[2025-10-17T03:08:42.786+0000] {processor.py:161} INFO - Started process (PID=1605) to work on /home/airflow/.local/lib/python3.12/site-packages/airflow/example_dags/example_params_ui_tutorial.py
[2025-10-17T03:08:42.787+0000] {processor.py:830} INFO - Processing file /home/airflow/.local/lib/python3.12/site-packages/airflow/example_dags/example_params_ui_tutorial.py for tasks to queue
[2025-10-17T03:08:42.789+0000] {logging_mixin.py:188} INFO - [2025-10-17T03:08:42.789+0000] {dagbag.py:545} INFO - Filling up the DagBag from /home/airflow/.local/lib/python3.12/site-packages/airflow/example_dags/example_params_ui_tutorial.py
[2025-10-17T03:08:42.799+0000] {processor.py:840} INFO - DAG(s) 'example_params_ui_tutorial' retrieved from /home/airflow/.local/lib/python3.12/site-packages/airflow/example_dags/example_params_ui_tutorial.py
[2025-10-17T03:08:42.838+0000] {logging_mixin.py:188} INFO - [2025-10-17T03:08:42.837+0000] {dag.py:3096} INFO - Sync 1 DAGs
[2025-10-17T03:08:42.849+0000] {logging_mixin.py:188} INFO - [2025-10-17T03:08:42.848+0000] {dag.py:3954} INFO - Setting next_dagrun for example_params_ui_tutorial to None, run_after=None
[2025-10-17T03:08:42.868+0000] {processor.py:183} INFO - Processing /home/airflow/.local/lib/python3.12/site-packages/airflow/example_dags/example_params_ui_tutorial.py took 0.087 seconds
[2025-10-17T03:09:13.228+0000] {processor.py:161} INFO - Started process (PID=1663) to work on /home/airflow/.local/lib/python3.12/site-packages/airflow/example_dags/example_params_ui_tutorial.py
[2025-10-17T03:09:13.229+0000] {processor.py:830} INFO - Processing file /home/airflow/.local/lib/python3.12/site-packages/airflow/example_dags/example_params_ui_tutorial.py for tasks to queue
[2025-10-17T03:09:13.231+0000] {logging_mixin.py:188} INFO - [2025-10-17T03:09:13.231+0000] {dagbag.py:545} INFO - Filling up the DagBag from /home/airflow/.local/lib/python3.12/site-packages/airflow/example_dags/example_params_ui_tutorial.py
[2025-10-17T03:09:13.242+0000] {processor.py:840} INFO - DAG(s) 'example_params_ui_tutorial' retrieved from /home/airflow/.local/lib/python3.12/site-packages/airflow/example_dags/example_params_ui_tutorial.py
[2025-10-17T03:09:13.280+0000] {logging_mixin.py:188} INFO - [2025-10-17T03:09:13.280+0000] {dag.py:3096} INFO - Sync 1 DAGs
[2025-10-17T03:09:13.290+0000] {logging_mixin.py:188} INFO - [2025-10-17T03:09:13.290+0000] {dag.py:3954} INFO - Setting next_dagrun for example_params_ui_tutorial to None, run_after=None
[2025-10-17T03:09:13.310+0000] {processor.py:183} INFO - Processing /home/airflow/.local/lib/python3.12/site-packages/airflow/example_dags/example_params_ui_tutorial.py took 0.087 seconds
[2025-10-17T03:09:43.514+0000] {processor.py:161} INFO - Started process (PID=1722) to work on /home/airflow/.local/lib/python3.12/site-packages/airflow/example_dags/example_params_ui_tutorial.py
[2025-10-17T03:09:43.515+0000] {processor.py:830} INFO - Processing file /home/airflow/.local/lib/python3.12/site-packages/airflow/example_dags/example_params_ui_tutorial.py for tasks to queue
[2025-10-17T03:09:43.517+0000] {logging_mixin.py:188} INFO - [2025-10-17T03:09:43.516+0000] {dagbag.py:545} INFO - Filling up the DagBag from /home/airflow/.local/lib/python3.12/site-packages/airflow/example_dags/example_params_ui_tutorial.py
[2025-10-17T03:09:43.527+0000] {processor.py:840} INFO - DAG(s) 'example_params_ui_tutorial' retrieved from /home/airflow/.local/lib/python3.12/site-packages/airflow/example_dags/example_params_ui_tutorial.py
[2025-10-17T03:09:43.566+0000] {logging_mixin.py:188} INFO - [2025-10-17T03:09:43.566+0000] {dag.py:3096} INFO - Sync 1 DAGs
[2025-10-17T03:09:43.579+0000] {logging_mixin.py:188} INFO - [2025-10-17T03:09:43.579+0000] {dag.py:3954} INFO - Setting next_dagrun for example_params_ui_tutorial to None, run_after=None
[2025-10-17T03:09:43.599+0000] {processor.py:183} INFO - Processing /home/airflow/.local/lib/python3.12/site-packages/airflow/example_dags/example_params_ui_tutorial.py took 0.091 seconds
[2025-10-17T03:10:14.155+0000] {processor.py:161} INFO - Started process (PID=1787) to work on /home/airflow/.local/lib/python3.12/site-packages/airflow/example_dags/example_params_ui_tutorial.py
[2025-10-17T03:10:14.156+0000] {processor.py:830} INFO - Processing file /home/airflow/.local/lib/python3.12/site-packages/airflow/example_dags/example_params_ui_tutorial.py for tasks to queue
[2025-10-17T03:10:14.158+0000] {logging_mixin.py:188} INFO - [2025-10-17T03:10:14.157+0000] {dagbag.py:545} INFO - Filling up the DagBag from /home/airflow/.local/lib/python3.12/site-packages/airflow/example_dags/example_params_ui_tutorial.py
[2025-10-17T03:10:14.168+0000] {processor.py:840} INFO - DAG(s) 'example_params_ui_tutorial' retrieved from /home/airflow/.local/lib/python3.12/site-packages/airflow/example_dags/example_params_ui_tutorial.py
[2025-10-17T03:10:14.212+0000] {logging_mixin.py:188} INFO - [2025-10-17T03:10:14.211+0000] {dag.py:3096} INFO - Sync 1 DAGs
[2025-10-17T03:10:14.223+0000] {logging_mixin.py:188} INFO - [2025-10-17T03:10:14.223+0000] {dag.py:3954} INFO - Setting next_dagrun for example_params_ui_tutorial to None, run_after=None
[2025-10-17T03:10:14.243+0000] {processor.py:183} INFO - Processing /home/airflow/.local/lib/python3.12/site-packages/airflow/example_dags/example_params_ui_tutorial.py took 0.094 seconds
[2025-10-17T03:10:44.389+0000] {processor.py:161} INFO - Started process (PID=1846) to work on /home/airflow/.local/lib/python3.12/site-packages/airflow/example_dags/example_params_ui_tutorial.py
[2025-10-17T03:10:44.390+0000] {processor.py:830} INFO - Processing file /home/airflow/.local/lib/python3.12/site-packages/airflow/example_dags/example_params_ui_tutorial.py for tasks to queue
[2025-10-17T03:10:44.392+0000] {logging_mixin.py:188} INFO - [2025-10-17T03:10:44.392+0000] {dagbag.py:545} INFO - Filling up the DagBag from /home/airflow/.local/lib/python3.12/site-packages/airflow/example_dags/example_params_ui_tutorial.py
[2025-10-17T03:10:44.402+0000] {processor.py:840} INFO - DAG(s) 'example_params_ui_tutorial' retrieved from /home/airflow/.local/lib/python3.12/site-packages/airflow/example_dags/example_params_ui_tutorial.py
[2025-10-17T03:10:44.438+0000] {logging_mixin.py:188} INFO - [2025-10-17T03:10:44.438+0000] {dag.py:3096} INFO - Sync 1 DAGs
[2025-10-17T03:10:44.449+0000] {logging_mixin.py:188} INFO - [2025-10-17T03:10:44.449+0000] {dag.py:3954} INFO - Setting next_dagrun for example_params_ui_tutorial to None, run_after=None
[2025-10-17T03:10:44.467+0000] {processor.py:183} INFO - Processing /home/airflow/.local/lib/python3.12/site-packages/airflow/example_dags/example_params_ui_tutorial.py took 0.083 seconds
[2025-10-17T03:11:14.732+0000] {processor.py:161} INFO - Started process (PID=1905) to work on /home/airflow/.local/lib/python3.12/site-packages/airflow/example_dags/example_params_ui_tutorial.py
[2025-10-17T03:11:14.733+0000] {processor.py:830} INFO - Processing file /home/airflow/.local/lib/python3.12/site-packages/airflow/example_dags/example_params_ui_tutorial.py for tasks to queue
[2025-10-17T03:11:14.734+0000] {logging_mixin.py:188} INFO - [2025-10-17T03:11:14.734+0000] {dagbag.py:545} INFO - Filling up the DagBag from /home/airflow/.local/lib/python3.12/site-packages/airflow/example_dags/example_params_ui_tutorial.py
[2025-10-17T03:11:14.744+0000] {processor.py:840} INFO - DAG(s) 'example_params_ui_tutorial' retrieved from /home/airflow/.local/lib/python3.12/site-packages/airflow/example_dags/example_params_ui_tutorial.py
[2025-10-17T03:11:14.783+0000] {logging_mixin.py:188} INFO - [2025-10-17T03:11:14.783+0000] {dag.py:3096} INFO - Sync 1 DAGs
[2025-10-17T03:11:14.793+0000] {logging_mixin.py:188} INFO - [2025-10-17T03:11:14.793+0000] {dag.py:3954} INFO - Setting next_dagrun for example_params_ui_tutorial to None, run_after=None
[2025-10-17T03:11:14.809+0000] {processor.py:183} INFO - Processing /home/airflow/.local/lib/python3.12/site-packages/airflow/example_dags/example_params_ui_tutorial.py took 0.082 seconds
[2025-10-17T03:11:45.317+0000] {processor.py:161} INFO - Started process (PID=1964) to work on /home/airflow/.local/lib/python3.12/site-packages/airflow/example_dags/example_params_ui_tutorial.py
[2025-10-17T03:11:45.318+0000] {processor.py:830} INFO - Processing file /home/airflow/.local/lib/python3.12/site-packages/airflow/example_dags/example_params_ui_tutorial.py for tasks to queue
[2025-10-17T03:11:45.320+0000] {logging_mixin.py:188} INFO - [2025-10-17T03:11:45.320+0000] {dagbag.py:545} INFO - Filling up the DagBag from /home/airflow/.local/lib/python3.12/site-packages/airflow/example_dags/example_params_ui_tutorial.py
[2025-10-17T03:11:45.330+0000] {processor.py:840} INFO - DAG(s) 'example_params_ui_tutorial' retrieved from /home/airflow/.local/lib/python3.12/site-packages/airflow/example_dags/example_params_ui_tutorial.py
[2025-10-17T03:11:45.370+0000] {logging_mixin.py:188} INFO - [2025-10-17T03:11:45.370+0000] {dag.py:3096} INFO - Sync 1 DAGs
[2025-10-17T03:11:45.383+0000] {logging_mixin.py:188} INFO - [2025-10-17T03:11:45.382+0000] {dag.py:3954} INFO - Setting next_dagrun for example_params_ui_tutorial to None, run_after=None
[2025-10-17T03:11:45.399+0000] {processor.py:183} INFO - Processing /home/airflow/.local/lib/python3.12/site-packages/airflow/example_dags/example_params_ui_tutorial.py took 0.088 seconds
[2025-10-17T03:12:15.833+0000] {processor.py:161} INFO - Started process (PID=2023) to work on /home/airflow/.local/lib/python3.12/site-packages/airflow/example_dags/example_params_ui_tutorial.py
[2025-10-17T03:12:15.835+0000] {processor.py:830} INFO - Processing file /home/airflow/.local/lib/python3.12/site-packages/airflow/example_dags/example_params_ui_tutorial.py for tasks to queue
[2025-10-17T03:12:15.837+0000] {logging_mixin.py:188} INFO - [2025-10-17T03:12:15.837+0000] {dagbag.py:545} INFO - Filling up the DagBag from /home/airflow/.local/lib/python3.12/site-packages/airflow/example_dags/example_params_ui_tutorial.py
[2025-10-17T03:12:15.849+0000] {processor.py:840} INFO - DAG(s) 'example_params_ui_tutorial' retrieved from /home/airflow/.local/lib/python3.12/site-packages/airflow/example_dags/example_params_ui_tutorial.py
[2025-10-17T03:12:15.902+0000] {logging_mixin.py:188} INFO - [2025-10-17T03:12:15.902+0000] {dag.py:3096} INFO - Sync 1 DAGs
[2025-10-17T03:12:15.913+0000] {logging_mixin.py:188} INFO - [2025-10-17T03:12:15.913+0000] {dag.py:3954} INFO - Setting next_dagrun for example_params_ui_tutorial to None, run_after=None
[2025-10-17T03:12:15.932+0000] {processor.py:183} INFO - Processing /home/airflow/.local/lib/python3.12/site-packages/airflow/example_dags/example_params_ui_tutorial.py took 0.105 seconds
[2025-10-17T03:12:46.304+0000] {processor.py:161} INFO - Started process (PID=2082) to work on /home/airflow/.local/lib/python3.12/site-packages/airflow/example_dags/example_params_ui_tutorial.py
[2025-10-17T03:12:46.305+0000] {processor.py:830} INFO - Processing file /home/airflow/.local/lib/python3.12/site-packages/airflow/example_dags/example_params_ui_tutorial.py for tasks to queue
[2025-10-17T03:12:46.306+0000] {logging_mixin.py:188} INFO - [2025-10-17T03:12:46.306+0000] {dagbag.py:545} INFO - Filling up the DagBag from /home/airflow/.local/lib/python3.12/site-packages/airflow/example_dags/example_params_ui_tutorial.py
[2025-10-17T03:12:46.316+0000] {processor.py:840} INFO - DAG(s) 'example_params_ui_tutorial' retrieved from /home/airflow/.local/lib/python3.12/site-packages/airflow/example_dags/example_params_ui_tutorial.py
[2025-10-17T03:12:46.353+0000] {logging_mixin.py:188} INFO - [2025-10-17T03:12:46.353+0000] {dag.py:3096} INFO - Sync 1 DAGs
[2025-10-17T03:12:46.364+0000] {logging_mixin.py:188} INFO - [2025-10-17T03:12:46.363+0000] {dag.py:3954} INFO - Setting next_dagrun for example_params_ui_tutorial to None, run_after=None
[2025-10-17T03:12:46.383+0000] {processor.py:183} INFO - Processing /home/airflow/.local/lib/python3.12/site-packages/airflow/example_dags/example_params_ui_tutorial.py took 0.084 seconds
[2025-10-17T03:13:16.773+0000] {processor.py:161} INFO - Started process (PID=2141) to work on /home/airflow/.local/lib/python3.12/site-packages/airflow/example_dags/example_params_ui_tutorial.py
[2025-10-17T03:13:16.775+0000] {processor.py:830} INFO - Processing file /home/airflow/.local/lib/python3.12/site-packages/airflow/example_dags/example_params_ui_tutorial.py for tasks to queue
[2025-10-17T03:13:16.776+0000] {logging_mixin.py:188} INFO - [2025-10-17T03:13:16.776+0000] {dagbag.py:545} INFO - Filling up the DagBag from /home/airflow/.local/lib/python3.12/site-packages/airflow/example_dags/example_params_ui_tutorial.py
[2025-10-17T03:13:16.787+0000] {processor.py:840} INFO - DAG(s) 'example_params_ui_tutorial' retrieved from /home/airflow/.local/lib/python3.12/site-packages/airflow/example_dags/example_params_ui_tutorial.py
[2025-10-17T03:13:16.830+0000] {logging_mixin.py:188} INFO - [2025-10-17T03:13:16.830+0000] {dag.py:3096} INFO - Sync 1 DAGs
[2025-10-17T03:13:16.841+0000] {logging_mixin.py:188} INFO - [2025-10-17T03:13:16.841+0000] {dag.py:3954} INFO - Setting next_dagrun for example_params_ui_tutorial to None, run_after=None
[2025-10-17T03:13:16.857+0000] {processor.py:183} INFO - Processing /home/airflow/.local/lib/python3.12/site-packages/airflow/example_dags/example_params_ui_tutorial.py took 0.090 seconds
[2025-10-17T03:13:47.308+0000] {processor.py:161} INFO - Started process (PID=2200) to work on /home/airflow/.local/lib/python3.12/site-packages/airflow/example_dags/example_params_ui_tutorial.py
[2025-10-17T03:13:47.309+0000] {processor.py:830} INFO - Processing file /home/airflow/.local/lib/python3.12/site-packages/airflow/example_dags/example_params_ui_tutorial.py for tasks to queue
[2025-10-17T03:13:47.312+0000] {logging_mixin.py:188} INFO - [2025-10-17T03:13:47.312+0000] {dagbag.py:545} INFO - Filling up the DagBag from /home/airflow/.local/lib/python3.12/site-packages/airflow/example_dags/example_params_ui_tutorial.py
[2025-10-17T03:13:47.324+0000] {processor.py:840} INFO - DAG(s) 'example_params_ui_tutorial' retrieved from /home/airflow/.local/lib/python3.12/site-packages/airflow/example_dags/example_params_ui_tutorial.py
[2025-10-17T03:13:47.371+0000] {logging_mixin.py:188} INFO - [2025-10-17T03:13:47.370+0000] {dag.py:3096} INFO - Sync 1 DAGs
[2025-10-17T03:13:47.383+0000] {logging_mixin.py:188} INFO - [2025-10-17T03:13:47.382+0000] {dag.py:3954} INFO - Setting next_dagrun for example_params_ui_tutorial to None, run_after=None
[2025-10-17T03:13:47.399+0000] {processor.py:183} INFO - Processing /home/airflow/.local/lib/python3.12/site-packages/airflow/example_dags/example_params_ui_tutorial.py took 0.097 seconds
[2025-10-17T03:14:17.611+0000] {processor.py:161} INFO - Started process (PID=2259) to work on /home/airflow/.local/lib/python3.12/site-packages/airflow/example_dags/example_params_ui_tutorial.py
[2025-10-17T03:14:17.611+0000] {processor.py:830} INFO - Processing file /home/airflow/.local/lib/python3.12/site-packages/airflow/example_dags/example_params_ui_tutorial.py for tasks to queue
[2025-10-17T03:14:17.613+0000] {logging_mixin.py:188} INFO - [2025-10-17T03:14:17.613+0000] {dagbag.py:545} INFO - Filling up the DagBag from /home/airflow/.local/lib/python3.12/site-packages/airflow/example_dags/example_params_ui_tutorial.py
[2025-10-17T03:14:17.623+0000] {processor.py:840} INFO - DAG(s) 'example_params_ui_tutorial' retrieved from /home/airflow/.local/lib/python3.12/site-packages/airflow/example_dags/example_params_ui_tutorial.py
[2025-10-17T03:14:17.663+0000] {logging_mixin.py:188} INFO - [2025-10-17T03:14:17.663+0000] {dag.py:3096} INFO - Sync 1 DAGs
[2025-10-17T03:14:17.674+0000] {logging_mixin.py:188} INFO - [2025-10-17T03:14:17.674+0000] {dag.py:3954} INFO - Setting next_dagrun for example_params_ui_tutorial to None, run_after=None
[2025-10-17T03:14:17.694+0000] {processor.py:183} INFO - Processing /home/airflow/.local/lib/python3.12/site-packages/airflow/example_dags/example_params_ui_tutorial.py took 0.088 seconds
[2025-10-17T03:14:47.946+0000] {processor.py:161} INFO - Started process (PID=2318) to work on /home/airflow/.local/lib/python3.12/site-packages/airflow/example_dags/example_params_ui_tutorial.py
[2025-10-17T03:14:47.947+0000] {processor.py:830} INFO - Processing file /home/airflow/.local/lib/python3.12/site-packages/airflow/example_dags/example_params_ui_tutorial.py for tasks to queue
[2025-10-17T03:14:47.949+0000] {logging_mixin.py:188} INFO - [2025-10-17T03:14:47.949+0000] {dagbag.py:545} INFO - Filling up the DagBag from /home/airflow/.local/lib/python3.12/site-packages/airflow/example_dags/example_params_ui_tutorial.py
[2025-10-17T03:14:47.960+0000] {processor.py:840} INFO - DAG(s) 'example_params_ui_tutorial' retrieved from /home/airflow/.local/lib/python3.12/site-packages/airflow/example_dags/example_params_ui_tutorial.py
[2025-10-17T03:14:48.005+0000] {logging_mixin.py:188} INFO - [2025-10-17T03:14:48.004+0000] {dag.py:3096} INFO - Sync 1 DAGs
[2025-10-17T03:14:48.017+0000] {logging_mixin.py:188} INFO - [2025-10-17T03:14:48.016+0000] {dag.py:3954} INFO - Setting next_dagrun for example_params_ui_tutorial to None, run_after=None
[2025-10-17T03:14:48.038+0000] {processor.py:183} INFO - Processing /home/airflow/.local/lib/python3.12/site-packages/airflow/example_dags/example_params_ui_tutorial.py took 0.098 seconds
[2025-10-17T03:15:18.305+0000] {processor.py:161} INFO - Started process (PID=2377) to work on /home/airflow/.local/lib/python3.12/site-packages/airflow/example_dags/example_params_ui_tutorial.py
[2025-10-17T03:15:18.307+0000] {processor.py:830} INFO - Processing file /home/airflow/.local/lib/python3.12/site-packages/airflow/example_dags/example_params_ui_tutorial.py for tasks to queue
[2025-10-17T03:15:18.309+0000] {logging_mixin.py:188} INFO - [2025-10-17T03:15:18.308+0000] {dagbag.py:545} INFO - Filling up the DagBag from /home/airflow/.local/lib/python3.12/site-packages/airflow/example_dags/example_params_ui_tutorial.py
[2025-10-17T03:15:18.320+0000] {processor.py:840} INFO - DAG(s) 'example_params_ui_tutorial' retrieved from /home/airflow/.local/lib/python3.12/site-packages/airflow/example_dags/example_params_ui_tutorial.py
[2025-10-17T03:15:18.362+0000] {logging_mixin.py:188} INFO - [2025-10-17T03:15:18.362+0000] {dag.py:3096} INFO - Sync 1 DAGs
[2025-10-17T03:15:18.385+0000] {logging_mixin.py:188} INFO - [2025-10-17T03:15:18.385+0000] {dag.py:3954} INFO - Setting next_dagrun for example_params_ui_tutorial to None, run_after=None
[2025-10-17T03:15:18.437+0000] {processor.py:183} INFO - Processing /home/airflow/.local/lib/python3.12/site-packages/airflow/example_dags/example_params_ui_tutorial.py took 0.137 seconds
[2025-10-17T03:15:49.361+0000] {processor.py:161} INFO - Started process (PID=2436) to work on /home/airflow/.local/lib/python3.12/site-packages/airflow/example_dags/example_params_ui_tutorial.py
[2025-10-17T03:15:49.362+0000] {processor.py:830} INFO - Processing file /home/airflow/.local/lib/python3.12/site-packages/airflow/example_dags/example_params_ui_tutorial.py for tasks to queue
[2025-10-17T03:15:49.364+0000] {logging_mixin.py:188} INFO - [2025-10-17T03:15:49.364+0000] {dagbag.py:545} INFO - Filling up the DagBag from /home/airflow/.local/lib/python3.12/site-packages/airflow/example_dags/example_params_ui_tutorial.py
[2025-10-17T03:15:49.376+0000] {processor.py:840} INFO - DAG(s) 'example_params_ui_tutorial' retrieved from /home/airflow/.local/lib/python3.12/site-packages/airflow/example_dags/example_params_ui_tutorial.py
[2025-10-17T03:15:49.417+0000] {logging_mixin.py:188} INFO - [2025-10-17T03:15:49.417+0000] {dag.py:3096} INFO - Sync 1 DAGs
[2025-10-17T03:15:49.429+0000] {logging_mixin.py:188} INFO - [2025-10-17T03:15:49.429+0000] {dag.py:3954} INFO - Setting next_dagrun for example_params_ui_tutorial to None, run_after=None
[2025-10-17T03:15:49.447+0000] {processor.py:183} INFO - Processing /home/airflow/.local/lib/python3.12/site-packages/airflow/example_dags/example_params_ui_tutorial.py took 0.091 seconds
[2025-10-17T03:16:19.649+0000] {processor.py:161} INFO - Started process (PID=2495) to work on /home/airflow/.local/lib/python3.12/site-packages/airflow/example_dags/example_params_ui_tutorial.py
[2025-10-17T03:16:19.650+0000] {processor.py:830} INFO - Processing file /home/airflow/.local/lib/python3.12/site-packages/airflow/example_dags/example_params_ui_tutorial.py for tasks to queue
[2025-10-17T03:16:19.652+0000] {logging_mixin.py:188} INFO - [2025-10-17T03:16:19.652+0000] {dagbag.py:545} INFO - Filling up the DagBag from /home/airflow/.local/lib/python3.12/site-packages/airflow/example_dags/example_params_ui_tutorial.py
[2025-10-17T03:16:19.662+0000] {processor.py:840} INFO - DAG(s) 'example_params_ui_tutorial' retrieved from /home/airflow/.local/lib/python3.12/site-packages/airflow/example_dags/example_params_ui_tutorial.py
[2025-10-17T03:16:19.701+0000] {logging_mixin.py:188} INFO - [2025-10-17T03:16:19.701+0000] {dag.py:3096} INFO - Sync 1 DAGs
[2025-10-17T03:16:19.712+0000] {logging_mixin.py:188} INFO - [2025-10-17T03:16:19.712+0000] {dag.py:3954} INFO - Setting next_dagrun for example_params_ui_tutorial to None, run_after=None
[2025-10-17T03:16:19.732+0000] {processor.py:183} INFO - Processing /home/airflow/.local/lib/python3.12/site-packages/airflow/example_dags/example_params_ui_tutorial.py took 0.088 seconds
[2025-10-17T03:16:50.233+0000] {processor.py:161} INFO - Started process (PID=2554) to work on /home/airflow/.local/lib/python3.12/site-packages/airflow/example_dags/example_params_ui_tutorial.py
[2025-10-17T03:16:50.234+0000] {processor.py:830} INFO - Processing file /home/airflow/.local/lib/python3.12/site-packages/airflow/example_dags/example_params_ui_tutorial.py for tasks to queue
[2025-10-17T03:16:50.236+0000] {logging_mixin.py:188} INFO - [2025-10-17T03:16:50.236+0000] {dagbag.py:545} INFO - Filling up the DagBag from /home/airflow/.local/lib/python3.12/site-packages/airflow/example_dags/example_params_ui_tutorial.py
[2025-10-17T03:16:50.251+0000] {processor.py:840} INFO - DAG(s) 'example_params_ui_tutorial' retrieved from /home/airflow/.local/lib/python3.12/site-packages/airflow/example_dags/example_params_ui_tutorial.py
[2025-10-17T03:16:50.312+0000] {logging_mixin.py:188} INFO - [2025-10-17T03:16:50.311+0000] {dag.py:3096} INFO - Sync 1 DAGs
[2025-10-17T03:16:50.327+0000] {logging_mixin.py:188} INFO - [2025-10-17T03:16:50.326+0000] {dag.py:3954} INFO - Setting next_dagrun for example_params_ui_tutorial to None, run_after=None
[2025-10-17T03:16:50.355+0000] {processor.py:183} INFO - Processing /home/airflow/.local/lib/python3.12/site-packages/airflow/example_dags/example_params_ui_tutorial.py took 0.128 seconds
[2025-10-17T03:17:20.944+0000] {processor.py:161} INFO - Started process (PID=2613) to work on /home/airflow/.local/lib/python3.12/site-packages/airflow/example_dags/example_params_ui_tutorial.py
[2025-10-17T03:17:20.945+0000] {processor.py:830} INFO - Processing file /home/airflow/.local/lib/python3.12/site-packages/airflow/example_dags/example_params_ui_tutorial.py for tasks to queue
[2025-10-17T03:17:20.948+0000] {logging_mixin.py:188} INFO - [2025-10-17T03:17:20.947+0000] {dagbag.py:545} INFO - Filling up the DagBag from /home/airflow/.local/lib/python3.12/site-packages/airflow/example_dags/example_params_ui_tutorial.py
[2025-10-17T03:17:20.959+0000] {processor.py:840} INFO - DAG(s) 'example_params_ui_tutorial' retrieved from /home/airflow/.local/lib/python3.12/site-packages/airflow/example_dags/example_params_ui_tutorial.py
[2025-10-17T03:17:21.004+0000] {logging_mixin.py:188} INFO - [2025-10-17T03:17:21.003+0000] {dag.py:3096} INFO - Sync 1 DAGs
[2025-10-17T03:17:21.017+0000] {logging_mixin.py:188} INFO - [2025-10-17T03:17:21.017+0000] {dag.py:3954} INFO - Setting next_dagrun for example_params_ui_tutorial to None, run_after=None
[2025-10-17T03:17:21.039+0000] {processor.py:183} INFO - Processing /home/airflow/.local/lib/python3.12/site-packages/airflow/example_dags/example_params_ui_tutorial.py took 0.100 seconds
[2025-10-17T03:17:51.265+0000] {processor.py:161} INFO - Started process (PID=2673) to work on /home/airflow/.local/lib/python3.12/site-packages/airflow/example_dags/example_params_ui_tutorial.py
[2025-10-17T03:17:51.266+0000] {processor.py:830} INFO - Processing file /home/airflow/.local/lib/python3.12/site-packages/airflow/example_dags/example_params_ui_tutorial.py for tasks to queue
[2025-10-17T03:17:51.268+0000] {logging_mixin.py:188} INFO - [2025-10-17T03:17:51.268+0000] {dagbag.py:545} INFO - Filling up the DagBag from /home/airflow/.local/lib/python3.12/site-packages/airflow/example_dags/example_params_ui_tutorial.py
[2025-10-17T03:17:51.279+0000] {processor.py:840} INFO - DAG(s) 'example_params_ui_tutorial' retrieved from /home/airflow/.local/lib/python3.12/site-packages/airflow/example_dags/example_params_ui_tutorial.py
[2025-10-17T03:17:51.329+0000] {logging_mixin.py:188} INFO - [2025-10-17T03:17:51.329+0000] {dag.py:3096} INFO - Sync 1 DAGs
[2025-10-17T03:17:51.341+0000] {logging_mixin.py:188} INFO - [2025-10-17T03:17:51.340+0000] {dag.py:3954} INFO - Setting next_dagrun for example_params_ui_tutorial to None, run_after=None
[2025-10-17T03:17:51.361+0000] {processor.py:183} INFO - Processing /home/airflow/.local/lib/python3.12/site-packages/airflow/example_dags/example_params_ui_tutorial.py took 0.101 seconds
[2025-10-17T03:18:21.655+0000] {processor.py:161} INFO - Started process (PID=2733) to work on /home/airflow/.local/lib/python3.12/site-packages/airflow/example_dags/example_params_ui_tutorial.py
[2025-10-17T03:18:21.656+0000] {processor.py:830} INFO - Processing file /home/airflow/.local/lib/python3.12/site-packages/airflow/example_dags/example_params_ui_tutorial.py for tasks to queue
[2025-10-17T03:18:21.658+0000] {logging_mixin.py:188} INFO - [2025-10-17T03:18:21.658+0000] {dagbag.py:545} INFO - Filling up the DagBag from /home/airflow/.local/lib/python3.12/site-packages/airflow/example_dags/example_params_ui_tutorial.py
[2025-10-17T03:18:21.669+0000] {processor.py:840} INFO - DAG(s) 'example_params_ui_tutorial' retrieved from /home/airflow/.local/lib/python3.12/site-packages/airflow/example_dags/example_params_ui_tutorial.py
[2025-10-17T03:18:21.708+0000] {logging_mixin.py:188} INFO - [2025-10-17T03:18:21.707+0000] {dag.py:3096} INFO - Sync 1 DAGs
[2025-10-17T03:18:21.718+0000] {logging_mixin.py:188} INFO - [2025-10-17T03:18:21.718+0000] {dag.py:3954} INFO - Setting next_dagrun for example_params_ui_tutorial to None, run_after=None
[2025-10-17T03:18:21.737+0000] {processor.py:183} INFO - Processing /home/airflow/.local/lib/python3.12/site-packages/airflow/example_dags/example_params_ui_tutorial.py took 0.087 seconds
[2025-10-17T03:18:52.032+0000] {processor.py:161} INFO - Started process (PID=2791) to work on /home/airflow/.local/lib/python3.12/site-packages/airflow/example_dags/example_params_ui_tutorial.py
[2025-10-17T03:18:52.034+0000] {processor.py:830} INFO - Processing file /home/airflow/.local/lib/python3.12/site-packages/airflow/example_dags/example_params_ui_tutorial.py for tasks to queue
[2025-10-17T03:18:52.036+0000] {logging_mixin.py:188} INFO - [2025-10-17T03:18:52.035+0000] {dagbag.py:545} INFO - Filling up the DagBag from /home/airflow/.local/lib/python3.12/site-packages/airflow/example_dags/example_params_ui_tutorial.py
[2025-10-17T03:18:52.046+0000] {processor.py:840} INFO - DAG(s) 'example_params_ui_tutorial' retrieved from /home/airflow/.local/lib/python3.12/site-packages/airflow/example_dags/example_params_ui_tutorial.py
[2025-10-17T03:18:52.085+0000] {logging_mixin.py:188} INFO - [2025-10-17T03:18:52.085+0000] {dag.py:3096} INFO - Sync 1 DAGs
[2025-10-17T03:18:52.097+0000] {logging_mixin.py:188} INFO - [2025-10-17T03:18:52.097+0000] {dag.py:3954} INFO - Setting next_dagrun for example_params_ui_tutorial to None, run_after=None
[2025-10-17T03:18:52.117+0000] {processor.py:183} INFO - Processing /home/airflow/.local/lib/python3.12/site-packages/airflow/example_dags/example_params_ui_tutorial.py took 0.090 seconds
[2025-10-17T03:19:22.478+0000] {processor.py:161} INFO - Started process (PID=2850) to work on /home/airflow/.local/lib/python3.12/site-packages/airflow/example_dags/example_params_ui_tutorial.py
[2025-10-17T03:19:22.479+0000] {processor.py:830} INFO - Processing file /home/airflow/.local/lib/python3.12/site-packages/airflow/example_dags/example_params_ui_tutorial.py for tasks to queue
[2025-10-17T03:19:22.481+0000] {logging_mixin.py:188} INFO - [2025-10-17T03:19:22.481+0000] {dagbag.py:545} INFO - Filling up the DagBag from /home/airflow/.local/lib/python3.12/site-packages/airflow/example_dags/example_params_ui_tutorial.py
[2025-10-17T03:19:22.493+0000] {processor.py:840} INFO - DAG(s) 'example_params_ui_tutorial' retrieved from /home/airflow/.local/lib/python3.12/site-packages/airflow/example_dags/example_params_ui_tutorial.py
[2025-10-17T03:19:22.533+0000] {logging_mixin.py:188} INFO - [2025-10-17T03:19:22.533+0000] {dag.py:3096} INFO - Sync 1 DAGs
[2025-10-17T03:19:22.544+0000] {logging_mixin.py:188} INFO - [2025-10-17T03:19:22.543+0000] {dag.py:3954} INFO - Setting next_dagrun for example_params_ui_tutorial to None, run_after=None
[2025-10-17T03:19:22.564+0000] {processor.py:183} INFO - Processing /home/airflow/.local/lib/python3.12/site-packages/airflow/example_dags/example_params_ui_tutorial.py took 0.092 seconds
[2025-10-17T03:19:52.628+0000] {processor.py:161} INFO - Started process (PID=2909) to work on /home/airflow/.local/lib/python3.12/site-packages/airflow/example_dags/example_params_ui_tutorial.py
[2025-10-17T03:19:52.629+0000] {processor.py:830} INFO - Processing file /home/airflow/.local/lib/python3.12/site-packages/airflow/example_dags/example_params_ui_tutorial.py for tasks to queue
[2025-10-17T03:19:52.631+0000] {logging_mixin.py:188} INFO - [2025-10-17T03:19:52.631+0000] {dagbag.py:545} INFO - Filling up the DagBag from /home/airflow/.local/lib/python3.12/site-packages/airflow/example_dags/example_params_ui_tutorial.py
[2025-10-17T03:19:52.643+0000] {processor.py:840} INFO - DAG(s) 'example_params_ui_tutorial' retrieved from /home/airflow/.local/lib/python3.12/site-packages/airflow/example_dags/example_params_ui_tutorial.py
[2025-10-17T03:19:52.681+0000] {logging_mixin.py:188} INFO - [2025-10-17T03:19:52.681+0000] {dag.py:3096} INFO - Sync 1 DAGs
[2025-10-17T03:19:52.692+0000] {logging_mixin.py:188} INFO - [2025-10-17T03:19:52.692+0000] {dag.py:3954} INFO - Setting next_dagrun for example_params_ui_tutorial to None, run_after=None
[2025-10-17T03:19:52.709+0000] {processor.py:183} INFO - Processing /home/airflow/.local/lib/python3.12/site-packages/airflow/example_dags/example_params_ui_tutorial.py took 0.086 seconds
[2025-10-17T03:20:22.913+0000] {processor.py:161} INFO - Started process (PID=2968) to work on /home/airflow/.local/lib/python3.12/site-packages/airflow/example_dags/example_params_ui_tutorial.py
[2025-10-17T03:20:22.914+0000] {processor.py:830} INFO - Processing file /home/airflow/.local/lib/python3.12/site-packages/airflow/example_dags/example_params_ui_tutorial.py for tasks to queue
[2025-10-17T03:20:22.916+0000] {logging_mixin.py:188} INFO - [2025-10-17T03:20:22.916+0000] {dagbag.py:545} INFO - Filling up the DagBag from /home/airflow/.local/lib/python3.12/site-packages/airflow/example_dags/example_params_ui_tutorial.py
[2025-10-17T03:20:22.927+0000] {processor.py:840} INFO - DAG(s) 'example_params_ui_tutorial' retrieved from /home/airflow/.local/lib/python3.12/site-packages/airflow/example_dags/example_params_ui_tutorial.py
[2025-10-17T03:20:22.966+0000] {logging_mixin.py:188} INFO - [2025-10-17T03:20:22.965+0000] {dag.py:3096} INFO - Sync 1 DAGs
[2025-10-17T03:20:22.977+0000] {logging_mixin.py:188} INFO - [2025-10-17T03:20:22.976+0000] {dag.py:3954} INFO - Setting next_dagrun for example_params_ui_tutorial to None, run_after=None
[2025-10-17T03:20:22.994+0000] {processor.py:183} INFO - Processing /home/airflow/.local/lib/python3.12/site-packages/airflow/example_dags/example_params_ui_tutorial.py took 0.087 seconds
[2025-10-17T03:20:53.118+0000] {processor.py:161} INFO - Started process (PID=3027) to work on /home/airflow/.local/lib/python3.12/site-packages/airflow/example_dags/example_params_ui_tutorial.py
[2025-10-17T03:20:53.119+0000] {processor.py:830} INFO - Processing file /home/airflow/.local/lib/python3.12/site-packages/airflow/example_dags/example_params_ui_tutorial.py for tasks to queue
[2025-10-17T03:20:53.121+0000] {logging_mixin.py:188} INFO - [2025-10-17T03:20:53.121+0000] {dagbag.py:545} INFO - Filling up the DagBag from /home/airflow/.local/lib/python3.12/site-packages/airflow/example_dags/example_params_ui_tutorial.py
[2025-10-17T03:20:53.133+0000] {processor.py:840} INFO - DAG(s) 'example_params_ui_tutorial' retrieved from /home/airflow/.local/lib/python3.12/site-packages/airflow/example_dags/example_params_ui_tutorial.py
[2025-10-17T03:20:53.181+0000] {logging_mixin.py:188} INFO - [2025-10-17T03:20:53.180+0000] {dag.py:3096} INFO - Sync 1 DAGs
[2025-10-17T03:20:53.191+0000] {logging_mixin.py:188} INFO - [2025-10-17T03:20:53.191+0000] {dag.py:3954} INFO - Setting next_dagrun for example_params_ui_tutorial to None, run_after=None
[2025-10-17T03:20:53.209+0000] {processor.py:183} INFO - Processing /home/airflow/.local/lib/python3.12/site-packages/airflow/example_dags/example_params_ui_tutorial.py took 0.096 seconds
[2025-10-17T03:21:23.470+0000] {processor.py:161} INFO - Started process (PID=3086) to work on /home/airflow/.local/lib/python3.12/site-packages/airflow/example_dags/example_params_ui_tutorial.py
[2025-10-17T03:21:23.471+0000] {processor.py:830} INFO - Processing file /home/airflow/.local/lib/python3.12/site-packages/airflow/example_dags/example_params_ui_tutorial.py for tasks to queue
[2025-10-17T03:21:23.473+0000] {logging_mixin.py:188} INFO - [2025-10-17T03:21:23.473+0000] {dagbag.py:545} INFO - Filling up the DagBag from /home/airflow/.local/lib/python3.12/site-packages/airflow/example_dags/example_params_ui_tutorial.py
[2025-10-17T03:21:23.485+0000] {processor.py:840} INFO - DAG(s) 'example_params_ui_tutorial' retrieved from /home/airflow/.local/lib/python3.12/site-packages/airflow/example_dags/example_params_ui_tutorial.py
[2025-10-17T03:21:23.527+0000] {logging_mixin.py:188} INFO - [2025-10-17T03:21:23.527+0000] {dag.py:3096} INFO - Sync 1 DAGs
[2025-10-17T03:21:23.539+0000] {logging_mixin.py:188} INFO - [2025-10-17T03:21:23.539+0000] {dag.py:3954} INFO - Setting next_dagrun for example_params_ui_tutorial to None, run_after=None
[2025-10-17T03:21:23.555+0000] {processor.py:183} INFO - Processing /home/airflow/.local/lib/python3.12/site-packages/airflow/example_dags/example_params_ui_tutorial.py took 0.091 seconds
[2025-10-17T03:21:53.777+0000] {processor.py:161} INFO - Started process (PID=3145) to work on /home/airflow/.local/lib/python3.12/site-packages/airflow/example_dags/example_params_ui_tutorial.py
[2025-10-17T03:21:53.778+0000] {processor.py:830} INFO - Processing file /home/airflow/.local/lib/python3.12/site-packages/airflow/example_dags/example_params_ui_tutorial.py for tasks to queue
[2025-10-17T03:21:53.780+0000] {logging_mixin.py:188} INFO - [2025-10-17T03:21:53.780+0000] {dagbag.py:545} INFO - Filling up the DagBag from /home/airflow/.local/lib/python3.12/site-packages/airflow/example_dags/example_params_ui_tutorial.py
[2025-10-17T03:21:53.791+0000] {processor.py:840} INFO - DAG(s) 'example_params_ui_tutorial' retrieved from /home/airflow/.local/lib/python3.12/site-packages/airflow/example_dags/example_params_ui_tutorial.py
[2025-10-17T03:21:53.829+0000] {logging_mixin.py:188} INFO - [2025-10-17T03:21:53.829+0000] {dag.py:3096} INFO - Sync 1 DAGs
[2025-10-17T03:21:53.840+0000] {logging_mixin.py:188} INFO - [2025-10-17T03:21:53.840+0000] {dag.py:3954} INFO - Setting next_dagrun for example_params_ui_tutorial to None, run_after=None
[2025-10-17T03:21:53.858+0000] {processor.py:183} INFO - Processing /home/airflow/.local/lib/python3.12/site-packages/airflow/example_dags/example_params_ui_tutorial.py took 0.087 seconds
[2025-10-17T03:22:24.214+0000] {processor.py:161} INFO - Started process (PID=3204) to work on /home/airflow/.local/lib/python3.12/site-packages/airflow/example_dags/example_params_ui_tutorial.py
[2025-10-17T03:22:24.216+0000] {processor.py:830} INFO - Processing file /home/airflow/.local/lib/python3.12/site-packages/airflow/example_dags/example_params_ui_tutorial.py for tasks to queue
[2025-10-17T03:22:24.218+0000] {logging_mixin.py:188} INFO - [2025-10-17T03:22:24.218+0000] {dagbag.py:545} INFO - Filling up the DagBag from /home/airflow/.local/lib/python3.12/site-packages/airflow/example_dags/example_params_ui_tutorial.py
[2025-10-17T03:22:24.233+0000] {processor.py:840} INFO - DAG(s) 'example_params_ui_tutorial' retrieved from /home/airflow/.local/lib/python3.12/site-packages/airflow/example_dags/example_params_ui_tutorial.py
[2025-10-17T03:22:24.275+0000] {logging_mixin.py:188} INFO - [2025-10-17T03:22:24.275+0000] {dag.py:3096} INFO - Sync 1 DAGs
[2025-10-17T03:22:24.289+0000] {logging_mixin.py:188} INFO - [2025-10-17T03:22:24.289+0000] {dag.py:3954} INFO - Setting next_dagrun for example_params_ui_tutorial to None, run_after=None
[2025-10-17T03:22:24.311+0000] {processor.py:183} INFO - Processing /home/airflow/.local/lib/python3.12/site-packages/airflow/example_dags/example_params_ui_tutorial.py took 0.104 seconds
[2025-10-17T03:22:54.621+0000] {processor.py:161} INFO - Started process (PID=3263) to work on /home/airflow/.local/lib/python3.12/site-packages/airflow/example_dags/example_params_ui_tutorial.py
[2025-10-17T03:22:54.623+0000] {processor.py:830} INFO - Processing file /home/airflow/.local/lib/python3.12/site-packages/airflow/example_dags/example_params_ui_tutorial.py for tasks to queue
[2025-10-17T03:22:54.625+0000] {logging_mixin.py:188} INFO - [2025-10-17T03:22:54.624+0000] {dagbag.py:545} INFO - Filling up the DagBag from /home/airflow/.local/lib/python3.12/site-packages/airflow/example_dags/example_params_ui_tutorial.py
[2025-10-17T03:22:54.635+0000] {processor.py:840} INFO - DAG(s) 'example_params_ui_tutorial' retrieved from /home/airflow/.local/lib/python3.12/site-packages/airflow/example_dags/example_params_ui_tutorial.py
[2025-10-17T03:22:54.676+0000] {logging_mixin.py:188} INFO - [2025-10-17T03:22:54.676+0000] {dag.py:3096} INFO - Sync 1 DAGs
[2025-10-17T03:22:54.688+0000] {logging_mixin.py:188} INFO - [2025-10-17T03:22:54.688+0000] {dag.py:3954} INFO - Setting next_dagrun for example_params_ui_tutorial to None, run_after=None
[2025-10-17T03:22:54.706+0000] {processor.py:183} INFO - Processing /home/airflow/.local/lib/python3.12/site-packages/airflow/example_dags/example_params_ui_tutorial.py took 0.090 seconds
[2025-10-17T03:23:24.781+0000] {processor.py:161} INFO - Started process (PID=3322) to work on /home/airflow/.local/lib/python3.12/site-packages/airflow/example_dags/example_params_ui_tutorial.py
[2025-10-17T03:23:24.782+0000] {processor.py:830} INFO - Processing file /home/airflow/.local/lib/python3.12/site-packages/airflow/example_dags/example_params_ui_tutorial.py for tasks to queue
[2025-10-17T03:23:24.784+0000] {logging_mixin.py:188} INFO - [2025-10-17T03:23:24.784+0000] {dagbag.py:545} INFO - Filling up the DagBag from /home/airflow/.local/lib/python3.12/site-packages/airflow/example_dags/example_params_ui_tutorial.py
[2025-10-17T03:23:24.794+0000] {processor.py:840} INFO - DAG(s) 'example_params_ui_tutorial' retrieved from /home/airflow/.local/lib/python3.12/site-packages/airflow/example_dags/example_params_ui_tutorial.py
[2025-10-17T03:23:24.835+0000] {logging_mixin.py:188} INFO - [2025-10-17T03:23:24.834+0000] {dag.py:3096} INFO - Sync 1 DAGs
[2025-10-17T03:23:24.845+0000] {logging_mixin.py:188} INFO - [2025-10-17T03:23:24.845+0000] {dag.py:3954} INFO - Setting next_dagrun for example_params_ui_tutorial to None, run_after=None
[2025-10-17T03:23:24.866+0000] {processor.py:183} INFO - Processing /home/airflow/.local/lib/python3.12/site-packages/airflow/example_dags/example_params_ui_tutorial.py took 0.090 seconds
[2025-10-17T03:23:55.109+0000] {processor.py:161} INFO - Started process (PID=3381) to work on /home/airflow/.local/lib/python3.12/site-packages/airflow/example_dags/example_params_ui_tutorial.py
[2025-10-17T03:23:55.110+0000] {processor.py:830} INFO - Processing file /home/airflow/.local/lib/python3.12/site-packages/airflow/example_dags/example_params_ui_tutorial.py for tasks to queue
[2025-10-17T03:23:55.113+0000] {logging_mixin.py:188} INFO - [2025-10-17T03:23:55.113+0000] {dagbag.py:545} INFO - Filling up the DagBag from /home/airflow/.local/lib/python3.12/site-packages/airflow/example_dags/example_params_ui_tutorial.py
[2025-10-17T03:23:55.125+0000] {processor.py:840} INFO - DAG(s) 'example_params_ui_tutorial' retrieved from /home/airflow/.local/lib/python3.12/site-packages/airflow/example_dags/example_params_ui_tutorial.py
[2025-10-17T03:23:55.174+0000] {logging_mixin.py:188} INFO - [2025-10-17T03:23:55.173+0000] {dag.py:3096} INFO - Sync 1 DAGs
[2025-10-17T03:23:55.188+0000] {logging_mixin.py:188} INFO - [2025-10-17T03:23:55.188+0000] {dag.py:3954} INFO - Setting next_dagrun for example_params_ui_tutorial to None, run_after=None
[2025-10-17T03:23:55.215+0000] {processor.py:183} INFO - Processing /home/airflow/.local/lib/python3.12/site-packages/airflow/example_dags/example_params_ui_tutorial.py took 0.112 seconds
[2025-10-17T03:24:26.180+0000] {processor.py:161} INFO - Started process (PID=3440) to work on /home/airflow/.local/lib/python3.12/site-packages/airflow/example_dags/example_params_ui_tutorial.py
[2025-10-17T03:24:26.182+0000] {processor.py:830} INFO - Processing file /home/airflow/.local/lib/python3.12/site-packages/airflow/example_dags/example_params_ui_tutorial.py for tasks to queue
[2025-10-17T03:24:26.184+0000] {logging_mixin.py:188} INFO - [2025-10-17T03:24:26.183+0000] {dagbag.py:545} INFO - Filling up the DagBag from /home/airflow/.local/lib/python3.12/site-packages/airflow/example_dags/example_params_ui_tutorial.py
[2025-10-17T03:24:26.194+0000] {processor.py:840} INFO - DAG(s) 'example_params_ui_tutorial' retrieved from /home/airflow/.local/lib/python3.12/site-packages/airflow/example_dags/example_params_ui_tutorial.py
[2025-10-17T03:24:26.234+0000] {logging_mixin.py:188} INFO - [2025-10-17T03:24:26.234+0000] {dag.py:3096} INFO - Sync 1 DAGs
[2025-10-17T03:24:26.245+0000] {logging_mixin.py:188} INFO - [2025-10-17T03:24:26.245+0000] {dag.py:3954} INFO - Setting next_dagrun for example_params_ui_tutorial to None, run_after=None
[2025-10-17T03:24:26.262+0000] {processor.py:183} INFO - Processing /home/airflow/.local/lib/python3.12/site-packages/airflow/example_dags/example_params_ui_tutorial.py took 0.087 seconds
[2025-10-17T03:24:56.460+0000] {processor.py:161} INFO - Started process (PID=3499) to work on /home/airflow/.local/lib/python3.12/site-packages/airflow/example_dags/example_params_ui_tutorial.py
[2025-10-17T03:24:56.462+0000] {processor.py:830} INFO - Processing file /home/airflow/.local/lib/python3.12/site-packages/airflow/example_dags/example_params_ui_tutorial.py for tasks to queue
[2025-10-17T03:24:56.465+0000] {logging_mixin.py:188} INFO - [2025-10-17T03:24:56.464+0000] {dagbag.py:545} INFO - Filling up the DagBag from /home/airflow/.local/lib/python3.12/site-packages/airflow/example_dags/example_params_ui_tutorial.py
[2025-10-17T03:24:56.476+0000] {processor.py:840} INFO - DAG(s) 'example_params_ui_tutorial' retrieved from /home/airflow/.local/lib/python3.12/site-packages/airflow/example_dags/example_params_ui_tutorial.py
[2025-10-17T03:24:56.519+0000] {logging_mixin.py:188} INFO - [2025-10-17T03:24:56.519+0000] {dag.py:3096} INFO - Sync 1 DAGs
[2025-10-17T03:24:56.530+0000] {logging_mixin.py:188} INFO - [2025-10-17T03:24:56.530+0000] {dag.py:3954} INFO - Setting next_dagrun for example_params_ui_tutorial to None, run_after=None
[2025-10-17T03:24:56.548+0000] {processor.py:183} INFO - Processing /home/airflow/.local/lib/python3.12/site-packages/airflow/example_dags/example_params_ui_tutorial.py took 0.092 seconds
[2025-10-17T03:25:26.773+0000] {processor.py:161} INFO - Started process (PID=3558) to work on /home/airflow/.local/lib/python3.12/site-packages/airflow/example_dags/example_params_ui_tutorial.py
[2025-10-17T03:25:26.774+0000] {processor.py:830} INFO - Processing file /home/airflow/.local/lib/python3.12/site-packages/airflow/example_dags/example_params_ui_tutorial.py for tasks to queue
[2025-10-17T03:25:26.776+0000] {logging_mixin.py:188} INFO - [2025-10-17T03:25:26.776+0000] {dagbag.py:545} INFO - Filling up the DagBag from /home/airflow/.local/lib/python3.12/site-packages/airflow/example_dags/example_params_ui_tutorial.py
[2025-10-17T03:25:26.788+0000] {processor.py:840} INFO - DAG(s) 'example_params_ui_tutorial' retrieved from /home/airflow/.local/lib/python3.12/site-packages/airflow/example_dags/example_params_ui_tutorial.py
[2025-10-17T03:25:26.828+0000] {logging_mixin.py:188} INFO - [2025-10-17T03:25:26.827+0000] {dag.py:3096} INFO - Sync 1 DAGs
[2025-10-17T03:25:26.838+0000] {logging_mixin.py:188} INFO - [2025-10-17T03:25:26.838+0000] {dag.py:3954} INFO - Setting next_dagrun for example_params_ui_tutorial to None, run_after=None
[2025-10-17T03:25:26.855+0000] {processor.py:183} INFO - Processing /home/airflow/.local/lib/python3.12/site-packages/airflow/example_dags/example_params_ui_tutorial.py took 0.087 seconds
[2025-10-17T03:25:57.052+0000] {processor.py:161} INFO - Started process (PID=3617) to work on /home/airflow/.local/lib/python3.12/site-packages/airflow/example_dags/example_params_ui_tutorial.py
[2025-10-17T03:25:57.053+0000] {processor.py:830} INFO - Processing file /home/airflow/.local/lib/python3.12/site-packages/airflow/example_dags/example_params_ui_tutorial.py for tasks to queue
[2025-10-17T03:25:57.055+0000] {logging_mixin.py:188} INFO - [2025-10-17T03:25:57.055+0000] {dagbag.py:545} INFO - Filling up the DagBag from /home/airflow/.local/lib/python3.12/site-packages/airflow/example_dags/example_params_ui_tutorial.py
[2025-10-17T03:25:57.067+0000] {processor.py:840} INFO - DAG(s) 'example_params_ui_tutorial' retrieved from /home/airflow/.local/lib/python3.12/site-packages/airflow/example_dags/example_params_ui_tutorial.py
[2025-10-17T03:25:57.103+0000] {logging_mixin.py:188} INFO - [2025-10-17T03:25:57.103+0000] {dag.py:3096} INFO - Sync 1 DAGs
[2025-10-17T03:25:57.113+0000] {logging_mixin.py:188} INFO - [2025-10-17T03:25:57.112+0000] {dag.py:3954} INFO - Setting next_dagrun for example_params_ui_tutorial to None, run_after=None
[2025-10-17T03:25:57.130+0000] {processor.py:183} INFO - Processing /home/airflow/.local/lib/python3.12/site-packages/airflow/example_dags/example_params_ui_tutorial.py took 0.084 seconds
[2025-10-17T03:26:27.248+0000] {processor.py:161} INFO - Started process (PID=3676) to work on /home/airflow/.local/lib/python3.12/site-packages/airflow/example_dags/example_params_ui_tutorial.py
[2025-10-17T03:26:27.249+0000] {processor.py:830} INFO - Processing file /home/airflow/.local/lib/python3.12/site-packages/airflow/example_dags/example_params_ui_tutorial.py for tasks to queue
[2025-10-17T03:26:27.253+0000] {logging_mixin.py:188} INFO - [2025-10-17T03:26:27.253+0000] {dagbag.py:545} INFO - Filling up the DagBag from /home/airflow/.local/lib/python3.12/site-packages/airflow/example_dags/example_params_ui_tutorial.py
[2025-10-17T03:26:27.264+0000] {processor.py:840} INFO - DAG(s) 'example_params_ui_tutorial' retrieved from /home/airflow/.local/lib/python3.12/site-packages/airflow/example_dags/example_params_ui_tutorial.py
[2025-10-17T03:26:27.307+0000] {logging_mixin.py:188} INFO - [2025-10-17T03:26:27.307+0000] {dag.py:3096} INFO - Sync 1 DAGs
[2025-10-17T03:26:27.321+0000] {logging_mixin.py:188} INFO - [2025-10-17T03:26:27.321+0000] {dag.py:3954} INFO - Setting next_dagrun for example_params_ui_tutorial to None, run_after=None
[2025-10-17T03:26:27.341+0000] {processor.py:183} INFO - Processing /home/airflow/.local/lib/python3.12/site-packages/airflow/example_dags/example_params_ui_tutorial.py took 0.102 seconds
[2025-10-17T03:26:58.322+0000] {processor.py:161} INFO - Started process (PID=3735) to work on /home/airflow/.local/lib/python3.12/site-packages/airflow/example_dags/example_params_ui_tutorial.py
[2025-10-17T03:26:58.323+0000] {processor.py:830} INFO - Processing file /home/airflow/.local/lib/python3.12/site-packages/airflow/example_dags/example_params_ui_tutorial.py for tasks to queue
[2025-10-17T03:26:58.326+0000] {logging_mixin.py:188} INFO - [2025-10-17T03:26:58.325+0000] {dagbag.py:545} INFO - Filling up the DagBag from /home/airflow/.local/lib/python3.12/site-packages/airflow/example_dags/example_params_ui_tutorial.py
[2025-10-17T03:26:58.338+0000] {processor.py:840} INFO - DAG(s) 'example_params_ui_tutorial' retrieved from /home/airflow/.local/lib/python3.12/site-packages/airflow/example_dags/example_params_ui_tutorial.py
[2025-10-17T03:26:58.377+0000] {logging_mixin.py:188} INFO - [2025-10-17T03:26:58.377+0000] {dag.py:3096} INFO - Sync 1 DAGs
[2025-10-17T03:26:58.387+0000] {logging_mixin.py:188} INFO - [2025-10-17T03:26:58.387+0000] {dag.py:3954} INFO - Setting next_dagrun for example_params_ui_tutorial to None, run_after=None
[2025-10-17T03:26:58.408+0000] {processor.py:183} INFO - Processing /home/airflow/.local/lib/python3.12/site-packages/airflow/example_dags/example_params_ui_tutorial.py took 0.092 seconds
[2025-10-17T03:27:28.775+0000] {processor.py:161} INFO - Started process (PID=3794) to work on /home/airflow/.local/lib/python3.12/site-packages/airflow/example_dags/example_params_ui_tutorial.py
[2025-10-17T03:27:28.776+0000] {processor.py:830} INFO - Processing file /home/airflow/.local/lib/python3.12/site-packages/airflow/example_dags/example_params_ui_tutorial.py for tasks to queue
[2025-10-17T03:27:28.778+0000] {logging_mixin.py:188} INFO - [2025-10-17T03:27:28.778+0000] {dagbag.py:545} INFO - Filling up the DagBag from /home/airflow/.local/lib/python3.12/site-packages/airflow/example_dags/example_params_ui_tutorial.py
[2025-10-17T03:27:28.789+0000] {processor.py:840} INFO - DAG(s) 'example_params_ui_tutorial' retrieved from /home/airflow/.local/lib/python3.12/site-packages/airflow/example_dags/example_params_ui_tutorial.py
[2025-10-17T03:27:28.830+0000] {logging_mixin.py:188} INFO - [2025-10-17T03:27:28.829+0000] {dag.py:3096} INFO - Sync 1 DAGs
[2025-10-17T03:27:28.840+0000] {logging_mixin.py:188} INFO - [2025-10-17T03:27:28.840+0000] {dag.py:3954} INFO - Setting next_dagrun for example_params_ui_tutorial to None, run_after=None
[2025-10-17T03:27:28.877+0000] {processor.py:183} INFO - Processing /home/airflow/.local/lib/python3.12/site-packages/airflow/example_dags/example_params_ui_tutorial.py took 0.107 seconds
[2025-10-17T03:27:59.393+0000] {processor.py:161} INFO - Started process (PID=3853) to work on /home/airflow/.local/lib/python3.12/site-packages/airflow/example_dags/example_params_ui_tutorial.py
[2025-10-17T03:27:59.396+0000] {processor.py:830} INFO - Processing file /home/airflow/.local/lib/python3.12/site-packages/airflow/example_dags/example_params_ui_tutorial.py for tasks to queue
[2025-10-17T03:27:59.402+0000] {logging_mixin.py:188} INFO - [2025-10-17T03:27:59.401+0000] {dagbag.py:545} INFO - Filling up the DagBag from /home/airflow/.local/lib/python3.12/site-packages/airflow/example_dags/example_params_ui_tutorial.py
[2025-10-17T03:27:59.428+0000] {processor.py:840} INFO - DAG(s) 'example_params_ui_tutorial' retrieved from /home/airflow/.local/lib/python3.12/site-packages/airflow/example_dags/example_params_ui_tutorial.py
[2025-10-17T03:27:59.495+0000] {logging_mixin.py:188} INFO - [2025-10-17T03:27:59.495+0000] {dag.py:3096} INFO - Sync 1 DAGs
[2025-10-17T03:27:59.513+0000] {logging_mixin.py:188} INFO - [2025-10-17T03:27:59.512+0000] {dag.py:3954} INFO - Setting next_dagrun for example_params_ui_tutorial to None, run_after=None
[2025-10-17T03:27:59.545+0000] {processor.py:183} INFO - Processing /home/airflow/.local/lib/python3.12/site-packages/airflow/example_dags/example_params_ui_tutorial.py took 0.171 seconds
[2025-10-17T03:28:29.711+0000] {processor.py:161} INFO - Started process (PID=3912) to work on /home/airflow/.local/lib/python3.12/site-packages/airflow/example_dags/example_params_ui_tutorial.py
[2025-10-17T03:28:29.713+0000] {processor.py:830} INFO - Processing file /home/airflow/.local/lib/python3.12/site-packages/airflow/example_dags/example_params_ui_tutorial.py for tasks to queue
[2025-10-17T03:28:29.715+0000] {logging_mixin.py:188} INFO - [2025-10-17T03:28:29.715+0000] {dagbag.py:545} INFO - Filling up the DagBag from /home/airflow/.local/lib/python3.12/site-packages/airflow/example_dags/example_params_ui_tutorial.py
[2025-10-17T03:28:29.729+0000] {processor.py:840} INFO - DAG(s) 'example_params_ui_tutorial' retrieved from /home/airflow/.local/lib/python3.12/site-packages/airflow/example_dags/example_params_ui_tutorial.py
[2025-10-17T03:28:29.811+0000] {logging_mixin.py:188} INFO - [2025-10-17T03:28:29.810+0000] {dag.py:3096} INFO - Sync 1 DAGs
[2025-10-17T03:28:29.827+0000] {logging_mixin.py:188} INFO - [2025-10-17T03:28:29.826+0000] {dag.py:3954} INFO - Setting next_dagrun for example_params_ui_tutorial to None, run_after=None
[2025-10-17T03:28:29.858+0000] {processor.py:183} INFO - Processing /home/airflow/.local/lib/python3.12/site-packages/airflow/example_dags/example_params_ui_tutorial.py took 0.153 seconds
[2025-10-17T03:28:59.951+0000] {processor.py:161} INFO - Started process (PID=3970) to work on /home/airflow/.local/lib/python3.12/site-packages/airflow/example_dags/example_params_ui_tutorial.py
[2025-10-17T03:28:59.953+0000] {processor.py:830} INFO - Processing file /home/airflow/.local/lib/python3.12/site-packages/airflow/example_dags/example_params_ui_tutorial.py for tasks to queue
[2025-10-17T03:28:59.955+0000] {logging_mixin.py:188} INFO - [2025-10-17T03:28:59.955+0000] {dagbag.py:545} INFO - Filling up the DagBag from /home/airflow/.local/lib/python3.12/site-packages/airflow/example_dags/example_params_ui_tutorial.py
[2025-10-17T03:28:59.968+0000] {processor.py:840} INFO - DAG(s) 'example_params_ui_tutorial' retrieved from /home/airflow/.local/lib/python3.12/site-packages/airflow/example_dags/example_params_ui_tutorial.py
[2025-10-17T03:29:00.013+0000] {logging_mixin.py:188} INFO - [2025-10-17T03:29:00.012+0000] {dag.py:3096} INFO - Sync 1 DAGs
[2025-10-17T03:29:00.027+0000] {logging_mixin.py:188} INFO - [2025-10-17T03:29:00.027+0000] {dag.py:3954} INFO - Setting next_dagrun for example_params_ui_tutorial to None, run_after=None
[2025-10-17T03:29:00.056+0000] {processor.py:183} INFO - Processing /home/airflow/.local/lib/python3.12/site-packages/airflow/example_dags/example_params_ui_tutorial.py took 0.111 seconds
[2025-10-17T03:29:30.425+0000] {processor.py:161} INFO - Started process (PID=4030) to work on /home/airflow/.local/lib/python3.12/site-packages/airflow/example_dags/example_params_ui_tutorial.py
[2025-10-17T03:29:30.426+0000] {processor.py:830} INFO - Processing file /home/airflow/.local/lib/python3.12/site-packages/airflow/example_dags/example_params_ui_tutorial.py for tasks to queue
[2025-10-17T03:29:30.428+0000] {logging_mixin.py:188} INFO - [2025-10-17T03:29:30.428+0000] {dagbag.py:545} INFO - Filling up the DagBag from /home/airflow/.local/lib/python3.12/site-packages/airflow/example_dags/example_params_ui_tutorial.py
[2025-10-17T03:29:30.441+0000] {processor.py:840} INFO - DAG(s) 'example_params_ui_tutorial' retrieved from /home/airflow/.local/lib/python3.12/site-packages/airflow/example_dags/example_params_ui_tutorial.py
[2025-10-17T03:29:30.489+0000] {logging_mixin.py:188} INFO - [2025-10-17T03:29:30.489+0000] {dag.py:3096} INFO - Sync 1 DAGs
[2025-10-17T03:29:30.503+0000] {logging_mixin.py:188} INFO - [2025-10-17T03:29:30.503+0000] {dag.py:3954} INFO - Setting next_dagrun for example_params_ui_tutorial to None, run_after=None
[2025-10-17T03:29:30.524+0000] {processor.py:183} INFO - Processing /home/airflow/.local/lib/python3.12/site-packages/airflow/example_dags/example_params_ui_tutorial.py took 0.106 seconds
[2025-10-17T03:30:00.917+0000] {processor.py:161} INFO - Started process (PID=4089) to work on /home/airflow/.local/lib/python3.12/site-packages/airflow/example_dags/example_params_ui_tutorial.py
[2025-10-17T03:30:00.919+0000] {processor.py:830} INFO - Processing file /home/airflow/.local/lib/python3.12/site-packages/airflow/example_dags/example_params_ui_tutorial.py for tasks to queue
[2025-10-17T03:30:00.920+0000] {logging_mixin.py:188} INFO - [2025-10-17T03:30:00.920+0000] {dagbag.py:545} INFO - Filling up the DagBag from /home/airflow/.local/lib/python3.12/site-packages/airflow/example_dags/example_params_ui_tutorial.py
[2025-10-17T03:30:00.933+0000] {processor.py:840} INFO - DAG(s) 'example_params_ui_tutorial' retrieved from /home/airflow/.local/lib/python3.12/site-packages/airflow/example_dags/example_params_ui_tutorial.py
[2025-10-17T03:30:00.978+0000] {logging_mixin.py:188} INFO - [2025-10-17T03:30:00.978+0000] {dag.py:3096} INFO - Sync 1 DAGs
[2025-10-17T03:30:00.990+0000] {logging_mixin.py:188} INFO - [2025-10-17T03:30:00.990+0000] {dag.py:3954} INFO - Setting next_dagrun for example_params_ui_tutorial to None, run_after=None
[2025-10-17T03:30:01.013+0000] {processor.py:183} INFO - Processing /home/airflow/.local/lib/python3.12/site-packages/airflow/example_dags/example_params_ui_tutorial.py took 0.101 seconds
[2025-10-17T03:30:31.242+0000] {processor.py:161} INFO - Started process (PID=4148) to work on /home/airflow/.local/lib/python3.12/site-packages/airflow/example_dags/example_params_ui_tutorial.py
[2025-10-17T03:30:31.243+0000] {processor.py:830} INFO - Processing file /home/airflow/.local/lib/python3.12/site-packages/airflow/example_dags/example_params_ui_tutorial.py for tasks to queue
[2025-10-17T03:30:31.244+0000] {logging_mixin.py:188} INFO - [2025-10-17T03:30:31.244+0000] {dagbag.py:545} INFO - Filling up the DagBag from /home/airflow/.local/lib/python3.12/site-packages/airflow/example_dags/example_params_ui_tutorial.py
[2025-10-17T03:30:31.254+0000] {processor.py:840} INFO - DAG(s) 'example_params_ui_tutorial' retrieved from /home/airflow/.local/lib/python3.12/site-packages/airflow/example_dags/example_params_ui_tutorial.py
[2025-10-17T03:30:31.293+0000] {logging_mixin.py:188} INFO - [2025-10-17T03:30:31.293+0000] {dag.py:3096} INFO - Sync 1 DAGs
[2025-10-17T03:30:31.303+0000] {logging_mixin.py:188} INFO - [2025-10-17T03:30:31.303+0000] {dag.py:3954} INFO - Setting next_dagrun for example_params_ui_tutorial to None, run_after=None
[2025-10-17T03:30:31.324+0000] {processor.py:183} INFO - Processing /home/airflow/.local/lib/python3.12/site-packages/airflow/example_dags/example_params_ui_tutorial.py took 0.087 seconds
[2025-10-17T03:31:01.923+0000] {processor.py:161} INFO - Started process (PID=4207) to work on /home/airflow/.local/lib/python3.12/site-packages/airflow/example_dags/example_params_ui_tutorial.py
[2025-10-17T03:31:01.924+0000] {processor.py:830} INFO - Processing file /home/airflow/.local/lib/python3.12/site-packages/airflow/example_dags/example_params_ui_tutorial.py for tasks to queue
[2025-10-17T03:31:01.926+0000] {logging_mixin.py:188} INFO - [2025-10-17T03:31:01.925+0000] {dagbag.py:545} INFO - Filling up the DagBag from /home/airflow/.local/lib/python3.12/site-packages/airflow/example_dags/example_params_ui_tutorial.py
[2025-10-17T03:31:01.936+0000] {processor.py:840} INFO - DAG(s) 'example_params_ui_tutorial' retrieved from /home/airflow/.local/lib/python3.12/site-packages/airflow/example_dags/example_params_ui_tutorial.py
[2025-10-17T03:31:01.976+0000] {logging_mixin.py:188} INFO - [2025-10-17T03:31:01.976+0000] {dag.py:3096} INFO - Sync 1 DAGs
[2025-10-17T03:31:01.987+0000] {logging_mixin.py:188} INFO - [2025-10-17T03:31:01.987+0000] {dag.py:3954} INFO - Setting next_dagrun for example_params_ui_tutorial to None, run_after=None
[2025-10-17T03:31:02.025+0000] {processor.py:183} INFO - Processing /home/airflow/.local/lib/python3.12/site-packages/airflow/example_dags/example_params_ui_tutorial.py took 0.108 seconds
[2025-10-17T03:31:32.863+0000] {processor.py:161} INFO - Started process (PID=4266) to work on /home/airflow/.local/lib/python3.12/site-packages/airflow/example_dags/example_params_ui_tutorial.py
[2025-10-17T03:31:32.864+0000] {processor.py:830} INFO - Processing file /home/airflow/.local/lib/python3.12/site-packages/airflow/example_dags/example_params_ui_tutorial.py for tasks to queue
[2025-10-17T03:31:32.867+0000] {logging_mixin.py:188} INFO - [2025-10-17T03:31:32.866+0000] {dagbag.py:545} INFO - Filling up the DagBag from /home/airflow/.local/lib/python3.12/site-packages/airflow/example_dags/example_params_ui_tutorial.py
[2025-10-17T03:31:32.878+0000] {processor.py:840} INFO - DAG(s) 'example_params_ui_tutorial' retrieved from /home/airflow/.local/lib/python3.12/site-packages/airflow/example_dags/example_params_ui_tutorial.py
[2025-10-17T03:31:32.920+0000] {logging_mixin.py:188} INFO - [2025-10-17T03:31:32.920+0000] {dag.py:3096} INFO - Sync 1 DAGs
[2025-10-17T03:31:32.932+0000] {logging_mixin.py:188} INFO - [2025-10-17T03:31:32.932+0000] {dag.py:3954} INFO - Setting next_dagrun for example_params_ui_tutorial to None, run_after=None
[2025-10-17T03:31:32.952+0000] {processor.py:183} INFO - Processing /home/airflow/.local/lib/python3.12/site-packages/airflow/example_dags/example_params_ui_tutorial.py took 0.096 seconds
[2025-10-17T03:32:03.286+0000] {processor.py:161} INFO - Started process (PID=4325) to work on /home/airflow/.local/lib/python3.12/site-packages/airflow/example_dags/example_params_ui_tutorial.py
[2025-10-17T03:32:03.287+0000] {processor.py:830} INFO - Processing file /home/airflow/.local/lib/python3.12/site-packages/airflow/example_dags/example_params_ui_tutorial.py for tasks to queue
[2025-10-17T03:32:03.289+0000] {logging_mixin.py:188} INFO - [2025-10-17T03:32:03.289+0000] {dagbag.py:545} INFO - Filling up the DagBag from /home/airflow/.local/lib/python3.12/site-packages/airflow/example_dags/example_params_ui_tutorial.py
[2025-10-17T03:32:03.298+0000] {processor.py:840} INFO - DAG(s) 'example_params_ui_tutorial' retrieved from /home/airflow/.local/lib/python3.12/site-packages/airflow/example_dags/example_params_ui_tutorial.py
[2025-10-17T03:32:03.337+0000] {logging_mixin.py:188} INFO - [2025-10-17T03:32:03.337+0000] {dag.py:3096} INFO - Sync 1 DAGs
[2025-10-17T03:32:03.348+0000] {logging_mixin.py:188} INFO - [2025-10-17T03:32:03.348+0000] {dag.py:3954} INFO - Setting next_dagrun for example_params_ui_tutorial to None, run_after=None
[2025-10-17T03:32:03.368+0000] {processor.py:183} INFO - Processing /home/airflow/.local/lib/python3.12/site-packages/airflow/example_dags/example_params_ui_tutorial.py took 0.087 seconds
[2025-10-17T03:32:33.677+0000] {processor.py:161} INFO - Started process (PID=4384) to work on /home/airflow/.local/lib/python3.12/site-packages/airflow/example_dags/example_params_ui_tutorial.py
[2025-10-17T03:32:33.678+0000] {processor.py:830} INFO - Processing file /home/airflow/.local/lib/python3.12/site-packages/airflow/example_dags/example_params_ui_tutorial.py for tasks to queue
[2025-10-17T03:32:33.680+0000] {logging_mixin.py:188} INFO - [2025-10-17T03:32:33.679+0000] {dagbag.py:545} INFO - Filling up the DagBag from /home/airflow/.local/lib/python3.12/site-packages/airflow/example_dags/example_params_ui_tutorial.py
[2025-10-17T03:32:33.690+0000] {processor.py:840} INFO - DAG(s) 'example_params_ui_tutorial' retrieved from /home/airflow/.local/lib/python3.12/site-packages/airflow/example_dags/example_params_ui_tutorial.py
[2025-10-17T03:32:33.730+0000] {logging_mixin.py:188} INFO - [2025-10-17T03:32:33.730+0000] {dag.py:3096} INFO - Sync 1 DAGs
[2025-10-17T03:32:33.742+0000] {logging_mixin.py:188} INFO - [2025-10-17T03:32:33.742+0000] {dag.py:3954} INFO - Setting next_dagrun for example_params_ui_tutorial to None, run_after=None
[2025-10-17T03:32:33.762+0000] {processor.py:183} INFO - Processing /home/airflow/.local/lib/python3.12/site-packages/airflow/example_dags/example_params_ui_tutorial.py took 0.091 seconds
[2025-10-17T03:33:04.374+0000] {processor.py:161} INFO - Started process (PID=4443) to work on /home/airflow/.local/lib/python3.12/site-packages/airflow/example_dags/example_params_ui_tutorial.py
[2025-10-17T03:33:04.375+0000] {processor.py:830} INFO - Processing file /home/airflow/.local/lib/python3.12/site-packages/airflow/example_dags/example_params_ui_tutorial.py for tasks to queue
[2025-10-17T03:33:04.376+0000] {logging_mixin.py:188} INFO - [2025-10-17T03:33:04.376+0000] {dagbag.py:545} INFO - Filling up the DagBag from /home/airflow/.local/lib/python3.12/site-packages/airflow/example_dags/example_params_ui_tutorial.py
[2025-10-17T03:33:04.386+0000] {processor.py:840} INFO - DAG(s) 'example_params_ui_tutorial' retrieved from /home/airflow/.local/lib/python3.12/site-packages/airflow/example_dags/example_params_ui_tutorial.py
[2025-10-17T03:33:04.429+0000] {logging_mixin.py:188} INFO - [2025-10-17T03:33:04.429+0000] {dag.py:3096} INFO - Sync 1 DAGs
[2025-10-17T03:33:04.440+0000] {logging_mixin.py:188} INFO - [2025-10-17T03:33:04.440+0000] {dag.py:3954} INFO - Setting next_dagrun for example_params_ui_tutorial to None, run_after=None
[2025-10-17T03:33:04.462+0000] {processor.py:183} INFO - Processing /home/airflow/.local/lib/python3.12/site-packages/airflow/example_dags/example_params_ui_tutorial.py took 0.094 seconds
[2025-10-17T03:33:34.616+0000] {processor.py:161} INFO - Started process (PID=4501) to work on /home/airflow/.local/lib/python3.12/site-packages/airflow/example_dags/example_params_ui_tutorial.py
[2025-10-17T03:33:34.618+0000] {processor.py:830} INFO - Processing file /home/airflow/.local/lib/python3.12/site-packages/airflow/example_dags/example_params_ui_tutorial.py for tasks to queue
[2025-10-17T03:33:34.620+0000] {logging_mixin.py:188} INFO - [2025-10-17T03:33:34.619+0000] {dagbag.py:545} INFO - Filling up the DagBag from /home/airflow/.local/lib/python3.12/site-packages/airflow/example_dags/example_params_ui_tutorial.py
[2025-10-17T03:33:34.630+0000] {processor.py:840} INFO - DAG(s) 'example_params_ui_tutorial' retrieved from /home/airflow/.local/lib/python3.12/site-packages/airflow/example_dags/example_params_ui_tutorial.py
[2025-10-17T03:33:34.667+0000] {logging_mixin.py:188} INFO - [2025-10-17T03:33:34.667+0000] {dag.py:3096} INFO - Sync 1 DAGs
[2025-10-17T03:33:34.679+0000] {logging_mixin.py:188} INFO - [2025-10-17T03:33:34.679+0000] {dag.py:3954} INFO - Setting next_dagrun for example_params_ui_tutorial to None, run_after=None
[2025-10-17T03:33:34.704+0000] {processor.py:183} INFO - Processing /home/airflow/.local/lib/python3.12/site-packages/airflow/example_dags/example_params_ui_tutorial.py took 0.093 seconds
[2025-10-17T03:34:04.831+0000] {processor.py:161} INFO - Started process (PID=4560) to work on /home/airflow/.local/lib/python3.12/site-packages/airflow/example_dags/example_params_ui_tutorial.py
[2025-10-17T03:34:04.832+0000] {processor.py:830} INFO - Processing file /home/airflow/.local/lib/python3.12/site-packages/airflow/example_dags/example_params_ui_tutorial.py for tasks to queue
[2025-10-17T03:34:04.834+0000] {logging_mixin.py:188} INFO - [2025-10-17T03:34:04.834+0000] {dagbag.py:545} INFO - Filling up the DagBag from /home/airflow/.local/lib/python3.12/site-packages/airflow/example_dags/example_params_ui_tutorial.py
[2025-10-17T03:34:04.845+0000] {processor.py:840} INFO - DAG(s) 'example_params_ui_tutorial' retrieved from /home/airflow/.local/lib/python3.12/site-packages/airflow/example_dags/example_params_ui_tutorial.py
[2025-10-17T03:34:04.883+0000] {logging_mixin.py:188} INFO - [2025-10-17T03:34:04.883+0000] {dag.py:3096} INFO - Sync 1 DAGs
[2025-10-17T03:34:04.895+0000] {logging_mixin.py:188} INFO - [2025-10-17T03:34:04.895+0000] {dag.py:3954} INFO - Setting next_dagrun for example_params_ui_tutorial to None, run_after=None
[2025-10-17T03:34:04.913+0000] {processor.py:183} INFO - Processing /home/airflow/.local/lib/python3.12/site-packages/airflow/example_dags/example_params_ui_tutorial.py took 0.088 seconds
[2025-10-17T03:34:34.989+0000] {processor.py:161} INFO - Started process (PID=4619) to work on /home/airflow/.local/lib/python3.12/site-packages/airflow/example_dags/example_params_ui_tutorial.py
[2025-10-17T03:34:34.990+0000] {processor.py:830} INFO - Processing file /home/airflow/.local/lib/python3.12/site-packages/airflow/example_dags/example_params_ui_tutorial.py for tasks to queue
[2025-10-17T03:34:34.992+0000] {logging_mixin.py:188} INFO - [2025-10-17T03:34:34.991+0000] {dagbag.py:545} INFO - Filling up the DagBag from /home/airflow/.local/lib/python3.12/site-packages/airflow/example_dags/example_params_ui_tutorial.py
[2025-10-17T03:34:35.003+0000] {processor.py:840} INFO - DAG(s) 'example_params_ui_tutorial' retrieved from /home/airflow/.local/lib/python3.12/site-packages/airflow/example_dags/example_params_ui_tutorial.py
[2025-10-17T03:34:35.041+0000] {logging_mixin.py:188} INFO - [2025-10-17T03:34:35.041+0000] {dag.py:3096} INFO - Sync 1 DAGs
[2025-10-17T03:34:35.052+0000] {logging_mixin.py:188} INFO - [2025-10-17T03:34:35.052+0000] {dag.py:3954} INFO - Setting next_dagrun for example_params_ui_tutorial to None, run_after=None
[2025-10-17T03:34:35.071+0000] {processor.py:183} INFO - Processing /home/airflow/.local/lib/python3.12/site-packages/airflow/example_dags/example_params_ui_tutorial.py took 0.088 seconds
[2025-10-17T03:35:05.337+0000] {processor.py:161} INFO - Started process (PID=4678) to work on /home/airflow/.local/lib/python3.12/site-packages/airflow/example_dags/example_params_ui_tutorial.py
[2025-10-17T03:35:05.338+0000] {processor.py:830} INFO - Processing file /home/airflow/.local/lib/python3.12/site-packages/airflow/example_dags/example_params_ui_tutorial.py for tasks to queue
[2025-10-17T03:35:05.340+0000] {logging_mixin.py:188} INFO - [2025-10-17T03:35:05.339+0000] {dagbag.py:545} INFO - Filling up the DagBag from /home/airflow/.local/lib/python3.12/site-packages/airflow/example_dags/example_params_ui_tutorial.py
[2025-10-17T03:35:05.352+0000] {processor.py:840} INFO - DAG(s) 'example_params_ui_tutorial' retrieved from /home/airflow/.local/lib/python3.12/site-packages/airflow/example_dags/example_params_ui_tutorial.py
[2025-10-17T03:35:05.387+0000] {logging_mixin.py:188} INFO - [2025-10-17T03:35:05.387+0000] {dag.py:3096} INFO - Sync 1 DAGs
[2025-10-17T03:35:05.398+0000] {logging_mixin.py:188} INFO - [2025-10-17T03:35:05.398+0000] {dag.py:3954} INFO - Setting next_dagrun for example_params_ui_tutorial to None, run_after=None
[2025-10-17T03:35:05.416+0000] {processor.py:183} INFO - Processing /home/airflow/.local/lib/python3.12/site-packages/airflow/example_dags/example_params_ui_tutorial.py took 0.084 seconds
[2025-10-17T03:35:35.859+0000] {processor.py:161} INFO - Started process (PID=4737) to work on /home/airflow/.local/lib/python3.12/site-packages/airflow/example_dags/example_params_ui_tutorial.py
[2025-10-17T03:35:35.860+0000] {processor.py:830} INFO - Processing file /home/airflow/.local/lib/python3.12/site-packages/airflow/example_dags/example_params_ui_tutorial.py for tasks to queue
[2025-10-17T03:35:35.862+0000] {logging_mixin.py:188} INFO - [2025-10-17T03:35:35.862+0000] {dagbag.py:545} INFO - Filling up the DagBag from /home/airflow/.local/lib/python3.12/site-packages/airflow/example_dags/example_params_ui_tutorial.py
[2025-10-17T03:35:35.872+0000] {processor.py:840} INFO - DAG(s) 'example_params_ui_tutorial' retrieved from /home/airflow/.local/lib/python3.12/site-packages/airflow/example_dags/example_params_ui_tutorial.py
[2025-10-17T03:35:35.911+0000] {logging_mixin.py:188} INFO - [2025-10-17T03:35:35.911+0000] {dag.py:3096} INFO - Sync 1 DAGs
[2025-10-17T03:35:35.922+0000] {logging_mixin.py:188} INFO - [2025-10-17T03:35:35.921+0000] {dag.py:3954} INFO - Setting next_dagrun for example_params_ui_tutorial to None, run_after=None
[2025-10-17T03:35:35.940+0000] {processor.py:183} INFO - Processing /home/airflow/.local/lib/python3.12/site-packages/airflow/example_dags/example_params_ui_tutorial.py took 0.087 seconds
[2025-10-17T03:36:06.173+0000] {processor.py:161} INFO - Started process (PID=4796) to work on /home/airflow/.local/lib/python3.12/site-packages/airflow/example_dags/example_params_ui_tutorial.py
[2025-10-17T03:36:06.174+0000] {processor.py:830} INFO - Processing file /home/airflow/.local/lib/python3.12/site-packages/airflow/example_dags/example_params_ui_tutorial.py for tasks to queue
[2025-10-17T03:36:06.176+0000] {logging_mixin.py:188} INFO - [2025-10-17T03:36:06.176+0000] {dagbag.py:545} INFO - Filling up the DagBag from /home/airflow/.local/lib/python3.12/site-packages/airflow/example_dags/example_params_ui_tutorial.py
[2025-10-17T03:36:06.187+0000] {processor.py:840} INFO - DAG(s) 'example_params_ui_tutorial' retrieved from /home/airflow/.local/lib/python3.12/site-packages/airflow/example_dags/example_params_ui_tutorial.py
[2025-10-17T03:36:06.228+0000] {logging_mixin.py:188} INFO - [2025-10-17T03:36:06.228+0000] {dag.py:3096} INFO - Sync 1 DAGs
[2025-10-17T03:36:06.239+0000] {logging_mixin.py:188} INFO - [2025-10-17T03:36:06.239+0000] {dag.py:3954} INFO - Setting next_dagrun for example_params_ui_tutorial to None, run_after=None
[2025-10-17T03:36:06.256+0000] {processor.py:183} INFO - Processing /home/airflow/.local/lib/python3.12/site-packages/airflow/example_dags/example_params_ui_tutorial.py took 0.089 seconds
[2025-10-17T03:36:36.546+0000] {processor.py:161} INFO - Started process (PID=4855) to work on /home/airflow/.local/lib/python3.12/site-packages/airflow/example_dags/example_params_ui_tutorial.py
[2025-10-17T03:36:36.547+0000] {processor.py:830} INFO - Processing file /home/airflow/.local/lib/python3.12/site-packages/airflow/example_dags/example_params_ui_tutorial.py for tasks to queue
[2025-10-17T03:36:36.549+0000] {logging_mixin.py:188} INFO - [2025-10-17T03:36:36.549+0000] {dagbag.py:545} INFO - Filling up the DagBag from /home/airflow/.local/lib/python3.12/site-packages/airflow/example_dags/example_params_ui_tutorial.py
[2025-10-17T03:36:36.561+0000] {processor.py:840} INFO - DAG(s) 'example_params_ui_tutorial' retrieved from /home/airflow/.local/lib/python3.12/site-packages/airflow/example_dags/example_params_ui_tutorial.py
[2025-10-17T03:36:36.601+0000] {logging_mixin.py:188} INFO - [2025-10-17T03:36:36.601+0000] {dag.py:3096} INFO - Sync 1 DAGs
[2025-10-17T03:36:36.612+0000] {logging_mixin.py:188} INFO - [2025-10-17T03:36:36.612+0000] {dag.py:3954} INFO - Setting next_dagrun for example_params_ui_tutorial to None, run_after=None
[2025-10-17T03:36:36.631+0000] {processor.py:183} INFO - Processing /home/airflow/.local/lib/python3.12/site-packages/airflow/example_dags/example_params_ui_tutorial.py took 0.090 seconds
[2025-10-17T03:37:06.951+0000] {processor.py:161} INFO - Started process (PID=4914) to work on /home/airflow/.local/lib/python3.12/site-packages/airflow/example_dags/example_params_ui_tutorial.py
[2025-10-17T03:37:06.952+0000] {processor.py:830} INFO - Processing file /home/airflow/.local/lib/python3.12/site-packages/airflow/example_dags/example_params_ui_tutorial.py for tasks to queue
[2025-10-17T03:37:06.955+0000] {logging_mixin.py:188} INFO - [2025-10-17T03:37:06.955+0000] {dagbag.py:545} INFO - Filling up the DagBag from /home/airflow/.local/lib/python3.12/site-packages/airflow/example_dags/example_params_ui_tutorial.py
[2025-10-17T03:37:06.968+0000] {processor.py:840} INFO - DAG(s) 'example_params_ui_tutorial' retrieved from /home/airflow/.local/lib/python3.12/site-packages/airflow/example_dags/example_params_ui_tutorial.py
[2025-10-17T03:37:07.011+0000] {logging_mixin.py:188} INFO - [2025-10-17T03:37:07.011+0000] {dag.py:3096} INFO - Sync 1 DAGs
[2025-10-17T03:37:07.023+0000] {logging_mixin.py:188} INFO - [2025-10-17T03:37:07.023+0000] {dag.py:3954} INFO - Setting next_dagrun for example_params_ui_tutorial to None, run_after=None
[2025-10-17T03:37:07.045+0000] {processor.py:183} INFO - Processing /home/airflow/.local/lib/python3.12/site-packages/airflow/example_dags/example_params_ui_tutorial.py took 0.100 seconds
[2025-10-17T03:37:37.247+0000] {processor.py:161} INFO - Started process (PID=4973) to work on /home/airflow/.local/lib/python3.12/site-packages/airflow/example_dags/example_params_ui_tutorial.py
[2025-10-17T03:37:37.248+0000] {processor.py:830} INFO - Processing file /home/airflow/.local/lib/python3.12/site-packages/airflow/example_dags/example_params_ui_tutorial.py for tasks to queue
[2025-10-17T03:37:37.251+0000] {logging_mixin.py:188} INFO - [2025-10-17T03:37:37.250+0000] {dagbag.py:545} INFO - Filling up the DagBag from /home/airflow/.local/lib/python3.12/site-packages/airflow/example_dags/example_params_ui_tutorial.py
[2025-10-17T03:37:37.269+0000] {processor.py:840} INFO - DAG(s) 'example_params_ui_tutorial' retrieved from /home/airflow/.local/lib/python3.12/site-packages/airflow/example_dags/example_params_ui_tutorial.py
[2025-10-17T03:37:37.315+0000] {logging_mixin.py:188} INFO - [2025-10-17T03:37:37.315+0000] {dag.py:3096} INFO - Sync 1 DAGs
[2025-10-17T03:37:37.327+0000] {logging_mixin.py:188} INFO - [2025-10-17T03:37:37.326+0000] {dag.py:3954} INFO - Setting next_dagrun for example_params_ui_tutorial to None, run_after=None
[2025-10-17T03:37:37.354+0000] {processor.py:183} INFO - Processing /home/airflow/.local/lib/python3.12/site-packages/airflow/example_dags/example_params_ui_tutorial.py took 0.115 seconds
[2025-10-17T03:38:07.468+0000] {processor.py:161} INFO - Started process (PID=5032) to work on /home/airflow/.local/lib/python3.12/site-packages/airflow/example_dags/example_params_ui_tutorial.py
[2025-10-17T03:38:07.469+0000] {processor.py:830} INFO - Processing file /home/airflow/.local/lib/python3.12/site-packages/airflow/example_dags/example_params_ui_tutorial.py for tasks to queue
[2025-10-17T03:38:07.472+0000] {logging_mixin.py:188} INFO - [2025-10-17T03:38:07.471+0000] {dagbag.py:545} INFO - Filling up the DagBag from /home/airflow/.local/lib/python3.12/site-packages/airflow/example_dags/example_params_ui_tutorial.py
[2025-10-17T03:38:07.491+0000] {processor.py:840} INFO - DAG(s) 'example_params_ui_tutorial' retrieved from /home/airflow/.local/lib/python3.12/site-packages/airflow/example_dags/example_params_ui_tutorial.py
[2025-10-17T03:38:07.544+0000] {logging_mixin.py:188} INFO - [2025-10-17T03:38:07.543+0000] {dag.py:3096} INFO - Sync 1 DAGs
[2025-10-17T03:38:07.556+0000] {logging_mixin.py:188} INFO - [2025-10-17T03:38:07.555+0000] {dag.py:3954} INFO - Setting next_dagrun for example_params_ui_tutorial to None, run_after=None
[2025-10-17T03:38:07.591+0000] {processor.py:183} INFO - Processing /home/airflow/.local/lib/python3.12/site-packages/airflow/example_dags/example_params_ui_tutorial.py took 0.128 seconds
[2025-10-17T03:38:38.177+0000] {processor.py:161} INFO - Started process (PID=5089) to work on /home/airflow/.local/lib/python3.12/site-packages/airflow/example_dags/example_params_ui_tutorial.py
[2025-10-17T03:38:38.179+0000] {processor.py:830} INFO - Processing file /home/airflow/.local/lib/python3.12/site-packages/airflow/example_dags/example_params_ui_tutorial.py for tasks to queue
[2025-10-17T03:38:38.181+0000] {logging_mixin.py:188} INFO - [2025-10-17T03:38:38.181+0000] {dagbag.py:545} INFO - Filling up the DagBag from /home/airflow/.local/lib/python3.12/site-packages/airflow/example_dags/example_params_ui_tutorial.py
[2025-10-17T03:38:38.193+0000] {processor.py:840} INFO - DAG(s) 'example_params_ui_tutorial' retrieved from /home/airflow/.local/lib/python3.12/site-packages/airflow/example_dags/example_params_ui_tutorial.py
[2025-10-17T03:38:38.238+0000] {logging_mixin.py:188} INFO - [2025-10-17T03:38:38.237+0000] {dag.py:3096} INFO - Sync 1 DAGs
[2025-10-17T03:38:38.249+0000] {logging_mixin.py:188} INFO - [2025-10-17T03:38:38.248+0000] {dag.py:3954} INFO - Setting next_dagrun for example_params_ui_tutorial to None, run_after=None
[2025-10-17T03:38:38.271+0000] {processor.py:183} INFO - Processing /home/airflow/.local/lib/python3.12/site-packages/airflow/example_dags/example_params_ui_tutorial.py took 0.100 seconds
[2025-10-17T03:39:08.818+0000] {processor.py:161} INFO - Started process (PID=5148) to work on /home/airflow/.local/lib/python3.12/site-packages/airflow/example_dags/example_params_ui_tutorial.py
[2025-10-17T03:39:08.820+0000] {processor.py:830} INFO - Processing file /home/airflow/.local/lib/python3.12/site-packages/airflow/example_dags/example_params_ui_tutorial.py for tasks to queue
[2025-10-17T03:39:08.822+0000] {logging_mixin.py:188} INFO - [2025-10-17T03:39:08.821+0000] {dagbag.py:545} INFO - Filling up the DagBag from /home/airflow/.local/lib/python3.12/site-packages/airflow/example_dags/example_params_ui_tutorial.py
[2025-10-17T03:39:08.831+0000] {processor.py:840} INFO - DAG(s) 'example_params_ui_tutorial' retrieved from /home/airflow/.local/lib/python3.12/site-packages/airflow/example_dags/example_params_ui_tutorial.py
[2025-10-17T03:39:08.868+0000] {logging_mixin.py:188} INFO - [2025-10-17T03:39:08.868+0000] {dag.py:3096} INFO - Sync 1 DAGs
[2025-10-17T03:39:08.878+0000] {logging_mixin.py:188} INFO - [2025-10-17T03:39:08.878+0000] {dag.py:3954} INFO - Setting next_dagrun for example_params_ui_tutorial to None, run_after=None
[2025-10-17T03:39:08.896+0000] {processor.py:183} INFO - Processing /home/airflow/.local/lib/python3.12/site-packages/airflow/example_dags/example_params_ui_tutorial.py took 0.082 seconds
[2025-10-17T03:39:39.082+0000] {processor.py:161} INFO - Started process (PID=5207) to work on /home/airflow/.local/lib/python3.12/site-packages/airflow/example_dags/example_params_ui_tutorial.py
[2025-10-17T03:39:39.083+0000] {processor.py:830} INFO - Processing file /home/airflow/.local/lib/python3.12/site-packages/airflow/example_dags/example_params_ui_tutorial.py for tasks to queue
[2025-10-17T03:39:39.085+0000] {logging_mixin.py:188} INFO - [2025-10-17T03:39:39.085+0000] {dagbag.py:545} INFO - Filling up the DagBag from /home/airflow/.local/lib/python3.12/site-packages/airflow/example_dags/example_params_ui_tutorial.py
[2025-10-17T03:39:39.095+0000] {processor.py:840} INFO - DAG(s) 'example_params_ui_tutorial' retrieved from /home/airflow/.local/lib/python3.12/site-packages/airflow/example_dags/example_params_ui_tutorial.py
[2025-10-17T03:39:39.134+0000] {logging_mixin.py:188} INFO - [2025-10-17T03:39:39.134+0000] {dag.py:3096} INFO - Sync 1 DAGs
[2025-10-17T03:39:39.145+0000] {logging_mixin.py:188} INFO - [2025-10-17T03:39:39.145+0000] {dag.py:3954} INFO - Setting next_dagrun for example_params_ui_tutorial to None, run_after=None
[2025-10-17T03:39:39.163+0000] {processor.py:183} INFO - Processing /home/airflow/.local/lib/python3.12/site-packages/airflow/example_dags/example_params_ui_tutorial.py took 0.085 seconds
[2025-10-17T03:40:09.381+0000] {processor.py:161} INFO - Started process (PID=5266) to work on /home/airflow/.local/lib/python3.12/site-packages/airflow/example_dags/example_params_ui_tutorial.py
[2025-10-17T03:40:09.382+0000] {processor.py:830} INFO - Processing file /home/airflow/.local/lib/python3.12/site-packages/airflow/example_dags/example_params_ui_tutorial.py for tasks to queue
[2025-10-17T03:40:09.384+0000] {logging_mixin.py:188} INFO - [2025-10-17T03:40:09.384+0000] {dagbag.py:545} INFO - Filling up the DagBag from /home/airflow/.local/lib/python3.12/site-packages/airflow/example_dags/example_params_ui_tutorial.py
[2025-10-17T03:40:09.394+0000] {processor.py:840} INFO - DAG(s) 'example_params_ui_tutorial' retrieved from /home/airflow/.local/lib/python3.12/site-packages/airflow/example_dags/example_params_ui_tutorial.py
[2025-10-17T03:40:09.432+0000] {logging_mixin.py:188} INFO - [2025-10-17T03:40:09.432+0000] {dag.py:3096} INFO - Sync 1 DAGs
[2025-10-17T03:40:09.443+0000] {logging_mixin.py:188} INFO - [2025-10-17T03:40:09.443+0000] {dag.py:3954} INFO - Setting next_dagrun for example_params_ui_tutorial to None, run_after=None
[2025-10-17T03:40:09.461+0000] {processor.py:183} INFO - Processing /home/airflow/.local/lib/python3.12/site-packages/airflow/example_dags/example_params_ui_tutorial.py took 0.084 seconds
[2025-10-17T03:40:39.658+0000] {processor.py:161} INFO - Started process (PID=5325) to work on /home/airflow/.local/lib/python3.12/site-packages/airflow/example_dags/example_params_ui_tutorial.py
[2025-10-17T03:40:39.660+0000] {processor.py:830} INFO - Processing file /home/airflow/.local/lib/python3.12/site-packages/airflow/example_dags/example_params_ui_tutorial.py for tasks to queue
[2025-10-17T03:40:39.662+0000] {logging_mixin.py:188} INFO - [2025-10-17T03:40:39.662+0000] {dagbag.py:545} INFO - Filling up the DagBag from /home/airflow/.local/lib/python3.12/site-packages/airflow/example_dags/example_params_ui_tutorial.py
[2025-10-17T03:40:39.676+0000] {processor.py:840} INFO - DAG(s) 'example_params_ui_tutorial' retrieved from /home/airflow/.local/lib/python3.12/site-packages/airflow/example_dags/example_params_ui_tutorial.py
[2025-10-17T03:40:39.717+0000] {logging_mixin.py:188} INFO - [2025-10-17T03:40:39.717+0000] {dag.py:3096} INFO - Sync 1 DAGs
[2025-10-17T03:40:39.728+0000] {logging_mixin.py:188} INFO - [2025-10-17T03:40:39.728+0000] {dag.py:3954} INFO - Setting next_dagrun for example_params_ui_tutorial to None, run_after=None
[2025-10-17T03:40:39.746+0000] {processor.py:183} INFO - Processing /home/airflow/.local/lib/python3.12/site-packages/airflow/example_dags/example_params_ui_tutorial.py took 0.093 seconds
[2025-10-17T03:41:10.010+0000] {processor.py:161} INFO - Started process (PID=5384) to work on /home/airflow/.local/lib/python3.12/site-packages/airflow/example_dags/example_params_ui_tutorial.py
[2025-10-17T03:41:10.011+0000] {processor.py:830} INFO - Processing file /home/airflow/.local/lib/python3.12/site-packages/airflow/example_dags/example_params_ui_tutorial.py for tasks to queue
[2025-10-17T03:41:10.013+0000] {logging_mixin.py:188} INFO - [2025-10-17T03:41:10.013+0000] {dagbag.py:545} INFO - Filling up the DagBag from /home/airflow/.local/lib/python3.12/site-packages/airflow/example_dags/example_params_ui_tutorial.py
[2025-10-17T03:41:10.025+0000] {processor.py:840} INFO - DAG(s) 'example_params_ui_tutorial' retrieved from /home/airflow/.local/lib/python3.12/site-packages/airflow/example_dags/example_params_ui_tutorial.py
[2025-10-17T03:41:10.064+0000] {logging_mixin.py:188} INFO - [2025-10-17T03:41:10.063+0000] {dag.py:3096} INFO - Sync 1 DAGs
[2025-10-17T03:41:10.074+0000] {logging_mixin.py:188} INFO - [2025-10-17T03:41:10.074+0000] {dag.py:3954} INFO - Setting next_dagrun for example_params_ui_tutorial to None, run_after=None
[2025-10-17T03:41:10.093+0000] {processor.py:183} INFO - Processing /home/airflow/.local/lib/python3.12/site-packages/airflow/example_dags/example_params_ui_tutorial.py took 0.088 seconds
[2025-10-17T03:41:40.955+0000] {processor.py:161} INFO - Started process (PID=5443) to work on /home/airflow/.local/lib/python3.12/site-packages/airflow/example_dags/example_params_ui_tutorial.py
[2025-10-17T03:41:40.957+0000] {processor.py:830} INFO - Processing file /home/airflow/.local/lib/python3.12/site-packages/airflow/example_dags/example_params_ui_tutorial.py for tasks to queue
[2025-10-17T03:41:40.962+0000] {logging_mixin.py:188} INFO - [2025-10-17T03:41:40.961+0000] {dagbag.py:545} INFO - Filling up the DagBag from /home/airflow/.local/lib/python3.12/site-packages/airflow/example_dags/example_params_ui_tutorial.py
[2025-10-17T03:41:40.983+0000] {processor.py:840} INFO - DAG(s) 'example_params_ui_tutorial' retrieved from /home/airflow/.local/lib/python3.12/site-packages/airflow/example_dags/example_params_ui_tutorial.py
[2025-10-17T03:41:41.057+0000] {logging_mixin.py:188} INFO - [2025-10-17T03:41:41.057+0000] {dag.py:3096} INFO - Sync 1 DAGs
[2025-10-17T03:41:41.075+0000] {logging_mixin.py:188} INFO - [2025-10-17T03:41:41.074+0000] {dag.py:3954} INFO - Setting next_dagrun for example_params_ui_tutorial to None, run_after=None
[2025-10-17T03:41:41.109+0000] {processor.py:183} INFO - Processing /home/airflow/.local/lib/python3.12/site-packages/airflow/example_dags/example_params_ui_tutorial.py took 0.163 seconds
[2025-10-17T03:42:11.204+0000] {processor.py:161} INFO - Started process (PID=5502) to work on /home/airflow/.local/lib/python3.12/site-packages/airflow/example_dags/example_params_ui_tutorial.py
[2025-10-17T03:42:11.206+0000] {processor.py:830} INFO - Processing file /home/airflow/.local/lib/python3.12/site-packages/airflow/example_dags/example_params_ui_tutorial.py for tasks to queue
[2025-10-17T03:42:11.208+0000] {logging_mixin.py:188} INFO - [2025-10-17T03:42:11.208+0000] {dagbag.py:545} INFO - Filling up the DagBag from /home/airflow/.local/lib/python3.12/site-packages/airflow/example_dags/example_params_ui_tutorial.py
[2025-10-17T03:42:11.224+0000] {processor.py:840} INFO - DAG(s) 'example_params_ui_tutorial' retrieved from /home/airflow/.local/lib/python3.12/site-packages/airflow/example_dags/example_params_ui_tutorial.py
[2025-10-17T03:42:11.265+0000] {logging_mixin.py:188} INFO - [2025-10-17T03:42:11.264+0000] {dag.py:3096} INFO - Sync 1 DAGs
[2025-10-17T03:42:11.276+0000] {logging_mixin.py:188} INFO - [2025-10-17T03:42:11.276+0000] {dag.py:3954} INFO - Setting next_dagrun for example_params_ui_tutorial to None, run_after=None
[2025-10-17T03:42:11.301+0000] {processor.py:183} INFO - Processing /home/airflow/.local/lib/python3.12/site-packages/airflow/example_dags/example_params_ui_tutorial.py took 0.102 seconds
[2025-10-17T03:42:41.929+0000] {processor.py:161} INFO - Started process (PID=5561) to work on /home/airflow/.local/lib/python3.12/site-packages/airflow/example_dags/example_params_ui_tutorial.py
[2025-10-17T03:42:41.930+0000] {processor.py:830} INFO - Processing file /home/airflow/.local/lib/python3.12/site-packages/airflow/example_dags/example_params_ui_tutorial.py for tasks to queue
[2025-10-17T03:42:41.932+0000] {logging_mixin.py:188} INFO - [2025-10-17T03:42:41.932+0000] {dagbag.py:545} INFO - Filling up the DagBag from /home/airflow/.local/lib/python3.12/site-packages/airflow/example_dags/example_params_ui_tutorial.py
[2025-10-17T03:42:41.943+0000] {processor.py:840} INFO - DAG(s) 'example_params_ui_tutorial' retrieved from /home/airflow/.local/lib/python3.12/site-packages/airflow/example_dags/example_params_ui_tutorial.py
[2025-10-17T03:42:41.981+0000] {logging_mixin.py:188} INFO - [2025-10-17T03:42:41.981+0000] {dag.py:3096} INFO - Sync 1 DAGs
[2025-10-17T03:42:41.991+0000] {logging_mixin.py:188} INFO - [2025-10-17T03:42:41.991+0000] {dag.py:3954} INFO - Setting next_dagrun for example_params_ui_tutorial to None, run_after=None
[2025-10-17T03:42:42.010+0000] {processor.py:183} INFO - Processing /home/airflow/.local/lib/python3.12/site-packages/airflow/example_dags/example_params_ui_tutorial.py took 0.086 seconds
[2025-10-17T03:43:12.238+0000] {processor.py:161} INFO - Started process (PID=5620) to work on /home/airflow/.local/lib/python3.12/site-packages/airflow/example_dags/example_params_ui_tutorial.py
[2025-10-17T03:43:12.239+0000] {processor.py:830} INFO - Processing file /home/airflow/.local/lib/python3.12/site-packages/airflow/example_dags/example_params_ui_tutorial.py for tasks to queue
[2025-10-17T03:43:12.242+0000] {logging_mixin.py:188} INFO - [2025-10-17T03:43:12.242+0000] {dagbag.py:545} INFO - Filling up the DagBag from /home/airflow/.local/lib/python3.12/site-packages/airflow/example_dags/example_params_ui_tutorial.py
[2025-10-17T03:43:12.253+0000] {processor.py:840} INFO - DAG(s) 'example_params_ui_tutorial' retrieved from /home/airflow/.local/lib/python3.12/site-packages/airflow/example_dags/example_params_ui_tutorial.py
[2025-10-17T03:43:12.292+0000] {logging_mixin.py:188} INFO - [2025-10-17T03:43:12.292+0000] {dag.py:3096} INFO - Sync 1 DAGs
[2025-10-17T03:43:12.304+0000] {logging_mixin.py:188} INFO - [2025-10-17T03:43:12.304+0000] {dag.py:3954} INFO - Setting next_dagrun for example_params_ui_tutorial to None, run_after=None
[2025-10-17T03:43:12.323+0000] {processor.py:183} INFO - Processing /home/airflow/.local/lib/python3.12/site-packages/airflow/example_dags/example_params_ui_tutorial.py took 0.089 seconds
[2025-10-17T03:43:42.582+0000] {processor.py:161} INFO - Started process (PID=5679) to work on /home/airflow/.local/lib/python3.12/site-packages/airflow/example_dags/example_params_ui_tutorial.py
[2025-10-17T03:43:42.584+0000] {processor.py:830} INFO - Processing file /home/airflow/.local/lib/python3.12/site-packages/airflow/example_dags/example_params_ui_tutorial.py for tasks to queue
[2025-10-17T03:43:42.586+0000] {logging_mixin.py:188} INFO - [2025-10-17T03:43:42.586+0000] {dagbag.py:545} INFO - Filling up the DagBag from /home/airflow/.local/lib/python3.12/site-packages/airflow/example_dags/example_params_ui_tutorial.py
[2025-10-17T03:43:42.598+0000] {processor.py:840} INFO - DAG(s) 'example_params_ui_tutorial' retrieved from /home/airflow/.local/lib/python3.12/site-packages/airflow/example_dags/example_params_ui_tutorial.py
[2025-10-17T03:43:42.642+0000] {logging_mixin.py:188} INFO - [2025-10-17T03:43:42.642+0000] {dag.py:3096} INFO - Sync 1 DAGs
[2025-10-17T03:43:42.654+0000] {logging_mixin.py:188} INFO - [2025-10-17T03:43:42.654+0000] {dag.py:3954} INFO - Setting next_dagrun for example_params_ui_tutorial to None, run_after=None
[2025-10-17T03:43:42.677+0000] {processor.py:183} INFO - Processing /home/airflow/.local/lib/python3.12/site-packages/airflow/example_dags/example_params_ui_tutorial.py took 0.100 seconds
[2025-10-17T03:44:13.272+0000] {processor.py:161} INFO - Started process (PID=5738) to work on /home/airflow/.local/lib/python3.12/site-packages/airflow/example_dags/example_params_ui_tutorial.py
[2025-10-17T03:44:13.273+0000] {processor.py:830} INFO - Processing file /home/airflow/.local/lib/python3.12/site-packages/airflow/example_dags/example_params_ui_tutorial.py for tasks to queue
[2025-10-17T03:44:13.275+0000] {logging_mixin.py:188} INFO - [2025-10-17T03:44:13.275+0000] {dagbag.py:545} INFO - Filling up the DagBag from /home/airflow/.local/lib/python3.12/site-packages/airflow/example_dags/example_params_ui_tutorial.py
[2025-10-17T03:44:13.285+0000] {processor.py:840} INFO - DAG(s) 'example_params_ui_tutorial' retrieved from /home/airflow/.local/lib/python3.12/site-packages/airflow/example_dags/example_params_ui_tutorial.py
[2025-10-17T03:44:13.325+0000] {logging_mixin.py:188} INFO - [2025-10-17T03:44:13.325+0000] {dag.py:3096} INFO - Sync 1 DAGs
[2025-10-17T03:44:13.336+0000] {logging_mixin.py:188} INFO - [2025-10-17T03:44:13.336+0000] {dag.py:3954} INFO - Setting next_dagrun for example_params_ui_tutorial to None, run_after=None
[2025-10-17T03:44:13.355+0000] {processor.py:183} INFO - Processing /home/airflow/.local/lib/python3.12/site-packages/airflow/example_dags/example_params_ui_tutorial.py took 0.089 seconds
[2025-10-17T03:44:43.562+0000] {processor.py:161} INFO - Started process (PID=5798) to work on /home/airflow/.local/lib/python3.12/site-packages/airflow/example_dags/example_params_ui_tutorial.py
[2025-10-17T03:44:43.563+0000] {processor.py:830} INFO - Processing file /home/airflow/.local/lib/python3.12/site-packages/airflow/example_dags/example_params_ui_tutorial.py for tasks to queue
[2025-10-17T03:44:43.565+0000] {logging_mixin.py:188} INFO - [2025-10-17T03:44:43.565+0000] {dagbag.py:545} INFO - Filling up the DagBag from /home/airflow/.local/lib/python3.12/site-packages/airflow/example_dags/example_params_ui_tutorial.py
[2025-10-17T03:44:43.576+0000] {processor.py:840} INFO - DAG(s) 'example_params_ui_tutorial' retrieved from /home/airflow/.local/lib/python3.12/site-packages/airflow/example_dags/example_params_ui_tutorial.py
[2025-10-17T03:44:43.616+0000] {logging_mixin.py:188} INFO - [2025-10-17T03:44:43.615+0000] {dag.py:3096} INFO - Sync 1 DAGs
[2025-10-17T03:44:43.627+0000] {logging_mixin.py:188} INFO - [2025-10-17T03:44:43.627+0000] {dag.py:3954} INFO - Setting next_dagrun for example_params_ui_tutorial to None, run_after=None
[2025-10-17T03:44:43.647+0000] {processor.py:183} INFO - Processing /home/airflow/.local/lib/python3.12/site-packages/airflow/example_dags/example_params_ui_tutorial.py took 0.090 seconds
[2025-10-17T03:45:14.502+0000] {processor.py:161} INFO - Started process (PID=5857) to work on /home/airflow/.local/lib/python3.12/site-packages/airflow/example_dags/example_params_ui_tutorial.py
[2025-10-17T03:45:14.504+0000] {processor.py:830} INFO - Processing file /home/airflow/.local/lib/python3.12/site-packages/airflow/example_dags/example_params_ui_tutorial.py for tasks to queue
[2025-10-17T03:45:14.505+0000] {logging_mixin.py:188} INFO - [2025-10-17T03:45:14.505+0000] {dagbag.py:545} INFO - Filling up the DagBag from /home/airflow/.local/lib/python3.12/site-packages/airflow/example_dags/example_params_ui_tutorial.py
[2025-10-17T03:45:14.517+0000] {processor.py:840} INFO - DAG(s) 'example_params_ui_tutorial' retrieved from /home/airflow/.local/lib/python3.12/site-packages/airflow/example_dags/example_params_ui_tutorial.py
[2025-10-17T03:45:14.556+0000] {logging_mixin.py:188} INFO - [2025-10-17T03:45:14.556+0000] {dag.py:3096} INFO - Sync 1 DAGs
[2025-10-17T03:45:14.567+0000] {logging_mixin.py:188} INFO - [2025-10-17T03:45:14.567+0000] {dag.py:3954} INFO - Setting next_dagrun for example_params_ui_tutorial to None, run_after=None
[2025-10-17T03:45:14.589+0000] {processor.py:183} INFO - Processing /home/airflow/.local/lib/python3.12/site-packages/airflow/example_dags/example_params_ui_tutorial.py took 0.092 seconds
[2025-10-17T03:45:44.736+0000] {processor.py:161} INFO - Started process (PID=5916) to work on /home/airflow/.local/lib/python3.12/site-packages/airflow/example_dags/example_params_ui_tutorial.py
[2025-10-17T03:45:44.738+0000] {processor.py:830} INFO - Processing file /home/airflow/.local/lib/python3.12/site-packages/airflow/example_dags/example_params_ui_tutorial.py for tasks to queue
[2025-10-17T03:45:44.740+0000] {logging_mixin.py:188} INFO - [2025-10-17T03:45:44.740+0000] {dagbag.py:545} INFO - Filling up the DagBag from /home/airflow/.local/lib/python3.12/site-packages/airflow/example_dags/example_params_ui_tutorial.py
[2025-10-17T03:45:44.751+0000] {processor.py:840} INFO - DAG(s) 'example_params_ui_tutorial' retrieved from /home/airflow/.local/lib/python3.12/site-packages/airflow/example_dags/example_params_ui_tutorial.py
[2025-10-17T03:45:44.793+0000] {logging_mixin.py:188} INFO - [2025-10-17T03:45:44.792+0000] {dag.py:3096} INFO - Sync 1 DAGs
[2025-10-17T03:45:44.806+0000] {logging_mixin.py:188} INFO - [2025-10-17T03:45:44.806+0000] {dag.py:3954} INFO - Setting next_dagrun for example_params_ui_tutorial to None, run_after=None
[2025-10-17T03:45:44.829+0000] {processor.py:183} INFO - Processing /home/airflow/.local/lib/python3.12/site-packages/airflow/example_dags/example_params_ui_tutorial.py took 0.098 seconds
[2025-10-17T03:46:14.928+0000] {processor.py:161} INFO - Started process (PID=5975) to work on /home/airflow/.local/lib/python3.12/site-packages/airflow/example_dags/example_params_ui_tutorial.py
[2025-10-17T03:46:14.930+0000] {processor.py:830} INFO - Processing file /home/airflow/.local/lib/python3.12/site-packages/airflow/example_dags/example_params_ui_tutorial.py for tasks to queue
[2025-10-17T03:46:14.932+0000] {logging_mixin.py:188} INFO - [2025-10-17T03:46:14.932+0000] {dagbag.py:545} INFO - Filling up the DagBag from /home/airflow/.local/lib/python3.12/site-packages/airflow/example_dags/example_params_ui_tutorial.py
[2025-10-17T03:46:14.942+0000] {processor.py:840} INFO - DAG(s) 'example_params_ui_tutorial' retrieved from /home/airflow/.local/lib/python3.12/site-packages/airflow/example_dags/example_params_ui_tutorial.py
[2025-10-17T03:46:14.978+0000] {logging_mixin.py:188} INFO - [2025-10-17T03:46:14.978+0000] {dag.py:3096} INFO - Sync 1 DAGs
[2025-10-17T03:46:14.990+0000] {logging_mixin.py:188} INFO - [2025-10-17T03:46:14.989+0000] {dag.py:3954} INFO - Setting next_dagrun for example_params_ui_tutorial to None, run_after=None
[2025-10-17T03:46:15.009+0000] {processor.py:183} INFO - Processing /home/airflow/.local/lib/python3.12/site-packages/airflow/example_dags/example_params_ui_tutorial.py took 0.086 seconds
[2025-10-17T03:46:45.635+0000] {processor.py:161} INFO - Started process (PID=6034) to work on /home/airflow/.local/lib/python3.12/site-packages/airflow/example_dags/example_params_ui_tutorial.py
[2025-10-17T03:46:45.636+0000] {processor.py:830} INFO - Processing file /home/airflow/.local/lib/python3.12/site-packages/airflow/example_dags/example_params_ui_tutorial.py for tasks to queue
[2025-10-17T03:46:45.639+0000] {logging_mixin.py:188} INFO - [2025-10-17T03:46:45.638+0000] {dagbag.py:545} INFO - Filling up the DagBag from /home/airflow/.local/lib/python3.12/site-packages/airflow/example_dags/example_params_ui_tutorial.py
[2025-10-17T03:46:45.650+0000] {processor.py:840} INFO - DAG(s) 'example_params_ui_tutorial' retrieved from /home/airflow/.local/lib/python3.12/site-packages/airflow/example_dags/example_params_ui_tutorial.py
[2025-10-17T03:46:45.695+0000] {logging_mixin.py:188} INFO - [2025-10-17T03:46:45.695+0000] {dag.py:3096} INFO - Sync 1 DAGs
[2025-10-17T03:46:45.708+0000] {logging_mixin.py:188} INFO - [2025-10-17T03:46:45.708+0000] {dag.py:3954} INFO - Setting next_dagrun for example_params_ui_tutorial to None, run_after=None
[2025-10-17T03:46:45.727+0000] {processor.py:183} INFO - Processing /home/airflow/.local/lib/python3.12/site-packages/airflow/example_dags/example_params_ui_tutorial.py took 0.097 seconds
[2025-10-17T03:47:15.843+0000] {processor.py:161} INFO - Started process (PID=6093) to work on /home/airflow/.local/lib/python3.12/site-packages/airflow/example_dags/example_params_ui_tutorial.py
[2025-10-17T03:47:15.845+0000] {processor.py:830} INFO - Processing file /home/airflow/.local/lib/python3.12/site-packages/airflow/example_dags/example_params_ui_tutorial.py for tasks to queue
[2025-10-17T03:47:15.847+0000] {logging_mixin.py:188} INFO - [2025-10-17T03:47:15.846+0000] {dagbag.py:545} INFO - Filling up the DagBag from /home/airflow/.local/lib/python3.12/site-packages/airflow/example_dags/example_params_ui_tutorial.py
[2025-10-17T03:47:15.860+0000] {processor.py:840} INFO - DAG(s) 'example_params_ui_tutorial' retrieved from /home/airflow/.local/lib/python3.12/site-packages/airflow/example_dags/example_params_ui_tutorial.py
[2025-10-17T03:47:15.902+0000] {logging_mixin.py:188} INFO - [2025-10-17T03:47:15.902+0000] {dag.py:3096} INFO - Sync 1 DAGs
[2025-10-17T03:47:15.914+0000] {logging_mixin.py:188} INFO - [2025-10-17T03:47:15.914+0000] {dag.py:3954} INFO - Setting next_dagrun for example_params_ui_tutorial to None, run_after=None
[2025-10-17T03:47:15.931+0000] {processor.py:183} INFO - Processing /home/airflow/.local/lib/python3.12/site-packages/airflow/example_dags/example_params_ui_tutorial.py took 0.094 seconds
[2025-10-17T03:47:46.018+0000] {processor.py:161} INFO - Started process (PID=6153) to work on /home/airflow/.local/lib/python3.12/site-packages/airflow/example_dags/example_params_ui_tutorial.py
[2025-10-17T03:47:46.019+0000] {processor.py:830} INFO - Processing file /home/airflow/.local/lib/python3.12/site-packages/airflow/example_dags/example_params_ui_tutorial.py for tasks to queue
[2025-10-17T03:47:46.021+0000] {logging_mixin.py:188} INFO - [2025-10-17T03:47:46.020+0000] {dagbag.py:545} INFO - Filling up the DagBag from /home/airflow/.local/lib/python3.12/site-packages/airflow/example_dags/example_params_ui_tutorial.py
[2025-10-17T03:47:46.032+0000] {processor.py:840} INFO - DAG(s) 'example_params_ui_tutorial' retrieved from /home/airflow/.local/lib/python3.12/site-packages/airflow/example_dags/example_params_ui_tutorial.py
[2025-10-17T03:47:46.075+0000] {logging_mixin.py:188} INFO - [2025-10-17T03:47:46.075+0000] {dag.py:3096} INFO - Sync 1 DAGs
[2025-10-17T03:47:46.088+0000] {logging_mixin.py:188} INFO - [2025-10-17T03:47:46.088+0000] {dag.py:3954} INFO - Setting next_dagrun for example_params_ui_tutorial to None, run_after=None
[2025-10-17T03:47:46.106+0000] {processor.py:183} INFO - Processing /home/airflow/.local/lib/python3.12/site-packages/airflow/example_dags/example_params_ui_tutorial.py took 0.093 seconds
[2025-10-17T03:48:16.497+0000] {processor.py:161} INFO - Started process (PID=6212) to work on /home/airflow/.local/lib/python3.12/site-packages/airflow/example_dags/example_params_ui_tutorial.py
[2025-10-17T03:48:16.498+0000] {processor.py:830} INFO - Processing file /home/airflow/.local/lib/python3.12/site-packages/airflow/example_dags/example_params_ui_tutorial.py for tasks to queue
[2025-10-17T03:48:16.499+0000] {logging_mixin.py:188} INFO - [2025-10-17T03:48:16.499+0000] {dagbag.py:545} INFO - Filling up the DagBag from /home/airflow/.local/lib/python3.12/site-packages/airflow/example_dags/example_params_ui_tutorial.py
[2025-10-17T03:48:16.511+0000] {processor.py:840} INFO - DAG(s) 'example_params_ui_tutorial' retrieved from /home/airflow/.local/lib/python3.12/site-packages/airflow/example_dags/example_params_ui_tutorial.py
[2025-10-17T03:48:16.553+0000] {logging_mixin.py:188} INFO - [2025-10-17T03:48:16.553+0000] {dag.py:3096} INFO - Sync 1 DAGs
[2025-10-17T03:48:16.565+0000] {logging_mixin.py:188} INFO - [2025-10-17T03:48:16.565+0000] {dag.py:3954} INFO - Setting next_dagrun for example_params_ui_tutorial to None, run_after=None
[2025-10-17T03:48:16.584+0000] {processor.py:183} INFO - Processing /home/airflow/.local/lib/python3.12/site-packages/airflow/example_dags/example_params_ui_tutorial.py took 0.094 seconds
[2025-10-17T03:48:47.122+0000] {processor.py:161} INFO - Started process (PID=6271) to work on /home/airflow/.local/lib/python3.12/site-packages/airflow/example_dags/example_params_ui_tutorial.py
[2025-10-17T03:48:47.124+0000] {processor.py:830} INFO - Processing file /home/airflow/.local/lib/python3.12/site-packages/airflow/example_dags/example_params_ui_tutorial.py for tasks to queue
[2025-10-17T03:48:47.126+0000] {logging_mixin.py:188} INFO - [2025-10-17T03:48:47.125+0000] {dagbag.py:545} INFO - Filling up the DagBag from /home/airflow/.local/lib/python3.12/site-packages/airflow/example_dags/example_params_ui_tutorial.py
[2025-10-17T03:48:47.136+0000] {processor.py:840} INFO - DAG(s) 'example_params_ui_tutorial' retrieved from /home/airflow/.local/lib/python3.12/site-packages/airflow/example_dags/example_params_ui_tutorial.py
[2025-10-17T03:48:47.176+0000] {logging_mixin.py:188} INFO - [2025-10-17T03:48:47.176+0000] {dag.py:3096} INFO - Sync 1 DAGs
[2025-10-17T03:48:47.186+0000] {logging_mixin.py:188} INFO - [2025-10-17T03:48:47.186+0000] {dag.py:3954} INFO - Setting next_dagrun for example_params_ui_tutorial to None, run_after=None
[2025-10-17T03:48:47.205+0000] {processor.py:183} INFO - Processing /home/airflow/.local/lib/python3.12/site-packages/airflow/example_dags/example_params_ui_tutorial.py took 0.087 seconds
[2025-10-17T03:49:17.659+0000] {processor.py:161} INFO - Started process (PID=6330) to work on /home/airflow/.local/lib/python3.12/site-packages/airflow/example_dags/example_params_ui_tutorial.py
[2025-10-17T03:49:17.660+0000] {processor.py:830} INFO - Processing file /home/airflow/.local/lib/python3.12/site-packages/airflow/example_dags/example_params_ui_tutorial.py for tasks to queue
[2025-10-17T03:49:17.663+0000] {logging_mixin.py:188} INFO - [2025-10-17T03:49:17.662+0000] {dagbag.py:545} INFO - Filling up the DagBag from /home/airflow/.local/lib/python3.12/site-packages/airflow/example_dags/example_params_ui_tutorial.py
[2025-10-17T03:49:17.675+0000] {processor.py:840} INFO - DAG(s) 'example_params_ui_tutorial' retrieved from /home/airflow/.local/lib/python3.12/site-packages/airflow/example_dags/example_params_ui_tutorial.py
[2025-10-17T03:49:17.720+0000] {logging_mixin.py:188} INFO - [2025-10-17T03:49:17.720+0000] {dag.py:3096} INFO - Sync 1 DAGs
[2025-10-17T03:49:17.731+0000] {logging_mixin.py:188} INFO - [2025-10-17T03:49:17.731+0000] {dag.py:3954} INFO - Setting next_dagrun for example_params_ui_tutorial to None, run_after=None
[2025-10-17T03:49:17.750+0000] {processor.py:183} INFO - Processing /home/airflow/.local/lib/python3.12/site-packages/airflow/example_dags/example_params_ui_tutorial.py took 0.097 seconds
[2025-10-17T03:49:47.801+0000] {processor.py:161} INFO - Started process (PID=6389) to work on /home/airflow/.local/lib/python3.12/site-packages/airflow/example_dags/example_params_ui_tutorial.py
[2025-10-17T03:49:47.802+0000] {processor.py:830} INFO - Processing file /home/airflow/.local/lib/python3.12/site-packages/airflow/example_dags/example_params_ui_tutorial.py for tasks to queue
[2025-10-17T03:49:47.804+0000] {logging_mixin.py:188} INFO - [2025-10-17T03:49:47.804+0000] {dagbag.py:545} INFO - Filling up the DagBag from /home/airflow/.local/lib/python3.12/site-packages/airflow/example_dags/example_params_ui_tutorial.py
[2025-10-17T03:49:47.814+0000] {processor.py:840} INFO - DAG(s) 'example_params_ui_tutorial' retrieved from /home/airflow/.local/lib/python3.12/site-packages/airflow/example_dags/example_params_ui_tutorial.py
[2025-10-17T03:49:47.853+0000] {logging_mixin.py:188} INFO - [2025-10-17T03:49:47.852+0000] {dag.py:3096} INFO - Sync 1 DAGs
[2025-10-17T03:49:47.864+0000] {logging_mixin.py:188} INFO - [2025-10-17T03:49:47.864+0000] {dag.py:3954} INFO - Setting next_dagrun for example_params_ui_tutorial to None, run_after=None
[2025-10-17T03:49:47.884+0000] {processor.py:183} INFO - Processing /home/airflow/.local/lib/python3.12/site-packages/airflow/example_dags/example_params_ui_tutorial.py took 0.088 seconds
[2025-10-17T03:50:17.977+0000] {processor.py:161} INFO - Started process (PID=6448) to work on /home/airflow/.local/lib/python3.12/site-packages/airflow/example_dags/example_params_ui_tutorial.py
[2025-10-17T03:50:17.978+0000] {processor.py:830} INFO - Processing file /home/airflow/.local/lib/python3.12/site-packages/airflow/example_dags/example_params_ui_tutorial.py for tasks to queue
[2025-10-17T03:50:17.980+0000] {logging_mixin.py:188} INFO - [2025-10-17T03:50:17.980+0000] {dagbag.py:545} INFO - Filling up the DagBag from /home/airflow/.local/lib/python3.12/site-packages/airflow/example_dags/example_params_ui_tutorial.py
[2025-10-17T03:50:17.990+0000] {processor.py:840} INFO - DAG(s) 'example_params_ui_tutorial' retrieved from /home/airflow/.local/lib/python3.12/site-packages/airflow/example_dags/example_params_ui_tutorial.py
[2025-10-17T03:50:18.029+0000] {logging_mixin.py:188} INFO - [2025-10-17T03:50:18.029+0000] {dag.py:3096} INFO - Sync 1 DAGs
[2025-10-17T03:50:18.040+0000] {logging_mixin.py:188} INFO - [2025-10-17T03:50:18.039+0000] {dag.py:3954} INFO - Setting next_dagrun for example_params_ui_tutorial to None, run_after=None
[2025-10-17T03:50:18.076+0000] {processor.py:183} INFO - Processing /home/airflow/.local/lib/python3.12/site-packages/airflow/example_dags/example_params_ui_tutorial.py took 0.104 seconds
[2025-10-17T03:50:48.209+0000] {processor.py:161} INFO - Started process (PID=6507) to work on /home/airflow/.local/lib/python3.12/site-packages/airflow/example_dags/example_params_ui_tutorial.py
[2025-10-17T03:50:48.210+0000] {processor.py:830} INFO - Processing file /home/airflow/.local/lib/python3.12/site-packages/airflow/example_dags/example_params_ui_tutorial.py for tasks to queue
[2025-10-17T03:50:48.211+0000] {logging_mixin.py:188} INFO - [2025-10-17T03:50:48.211+0000] {dagbag.py:545} INFO - Filling up the DagBag from /home/airflow/.local/lib/python3.12/site-packages/airflow/example_dags/example_params_ui_tutorial.py
[2025-10-17T03:50:48.222+0000] {processor.py:840} INFO - DAG(s) 'example_params_ui_tutorial' retrieved from /home/airflow/.local/lib/python3.12/site-packages/airflow/example_dags/example_params_ui_tutorial.py
[2025-10-17T03:50:48.261+0000] {logging_mixin.py:188} INFO - [2025-10-17T03:50:48.261+0000] {dag.py:3096} INFO - Sync 1 DAGs
[2025-10-17T03:50:48.272+0000] {logging_mixin.py:188} INFO - [2025-10-17T03:50:48.272+0000] {dag.py:3954} INFO - Setting next_dagrun for example_params_ui_tutorial to None, run_after=None
[2025-10-17T03:50:48.310+0000] {processor.py:183} INFO - Processing /home/airflow/.local/lib/python3.12/site-packages/airflow/example_dags/example_params_ui_tutorial.py took 0.106 seconds
[2025-10-17T03:51:19.011+0000] {processor.py:161} INFO - Started process (PID=6566) to work on /home/airflow/.local/lib/python3.12/site-packages/airflow/example_dags/example_params_ui_tutorial.py
[2025-10-17T03:51:19.012+0000] {processor.py:830} INFO - Processing file /home/airflow/.local/lib/python3.12/site-packages/airflow/example_dags/example_params_ui_tutorial.py for tasks to queue
[2025-10-17T03:51:19.014+0000] {logging_mixin.py:188} INFO - [2025-10-17T03:51:19.014+0000] {dagbag.py:545} INFO - Filling up the DagBag from /home/airflow/.local/lib/python3.12/site-packages/airflow/example_dags/example_params_ui_tutorial.py
[2025-10-17T03:51:19.025+0000] {processor.py:840} INFO - DAG(s) 'example_params_ui_tutorial' retrieved from /home/airflow/.local/lib/python3.12/site-packages/airflow/example_dags/example_params_ui_tutorial.py
[2025-10-17T03:51:19.067+0000] {logging_mixin.py:188} INFO - [2025-10-17T03:51:19.067+0000] {dag.py:3096} INFO - Sync 1 DAGs
[2025-10-17T03:51:19.081+0000] {logging_mixin.py:188} INFO - [2025-10-17T03:51:19.081+0000] {dag.py:3954} INFO - Setting next_dagrun for example_params_ui_tutorial to None, run_after=None
[2025-10-17T03:51:19.103+0000] {processor.py:183} INFO - Processing /home/airflow/.local/lib/python3.12/site-packages/airflow/example_dags/example_params_ui_tutorial.py took 0.097 seconds
[2025-10-17T03:51:49.432+0000] {processor.py:161} INFO - Started process (PID=6625) to work on /home/airflow/.local/lib/python3.12/site-packages/airflow/example_dags/example_params_ui_tutorial.py
[2025-10-17T03:51:49.433+0000] {processor.py:830} INFO - Processing file /home/airflow/.local/lib/python3.12/site-packages/airflow/example_dags/example_params_ui_tutorial.py for tasks to queue
[2025-10-17T03:51:49.435+0000] {logging_mixin.py:188} INFO - [2025-10-17T03:51:49.434+0000] {dagbag.py:545} INFO - Filling up the DagBag from /home/airflow/.local/lib/python3.12/site-packages/airflow/example_dags/example_params_ui_tutorial.py
[2025-10-17T03:51:49.446+0000] {processor.py:840} INFO - DAG(s) 'example_params_ui_tutorial' retrieved from /home/airflow/.local/lib/python3.12/site-packages/airflow/example_dags/example_params_ui_tutorial.py
[2025-10-17T03:51:49.487+0000] {logging_mixin.py:188} INFO - [2025-10-17T03:51:49.487+0000] {dag.py:3096} INFO - Sync 1 DAGs
[2025-10-17T03:51:49.497+0000] {logging_mixin.py:188} INFO - [2025-10-17T03:51:49.497+0000] {dag.py:3954} INFO - Setting next_dagrun for example_params_ui_tutorial to None, run_after=None
[2025-10-17T03:51:49.533+0000] {processor.py:183} INFO - Processing /home/airflow/.local/lib/python3.12/site-packages/airflow/example_dags/example_params_ui_tutorial.py took 0.106 seconds
[2025-10-17T03:52:19.769+0000] {processor.py:161} INFO - Started process (PID=6690) to work on /home/airflow/.local/lib/python3.12/site-packages/airflow/example_dags/example_params_ui_tutorial.py
[2025-10-17T03:52:19.770+0000] {processor.py:830} INFO - Processing file /home/airflow/.local/lib/python3.12/site-packages/airflow/example_dags/example_params_ui_tutorial.py for tasks to queue
[2025-10-17T03:52:19.772+0000] {logging_mixin.py:188} INFO - [2025-10-17T03:52:19.772+0000] {dagbag.py:545} INFO - Filling up the DagBag from /home/airflow/.local/lib/python3.12/site-packages/airflow/example_dags/example_params_ui_tutorial.py
[2025-10-17T03:52:19.786+0000] {processor.py:840} INFO - DAG(s) 'example_params_ui_tutorial' retrieved from /home/airflow/.local/lib/python3.12/site-packages/airflow/example_dags/example_params_ui_tutorial.py
[2025-10-17T03:52:20.045+0000] {logging_mixin.py:188} INFO - [2025-10-17T03:52:20.044+0000] {dag.py:3096} INFO - Sync 1 DAGs
[2025-10-17T03:52:20.056+0000] {logging_mixin.py:188} INFO - [2025-10-17T03:52:20.055+0000] {dag.py:3954} INFO - Setting next_dagrun for example_params_ui_tutorial to None, run_after=None
[2025-10-17T03:52:20.077+0000] {processor.py:183} INFO - Processing /home/airflow/.local/lib/python3.12/site-packages/airflow/example_dags/example_params_ui_tutorial.py took 0.314 seconds
[2025-10-17T03:52:50.592+0000] {processor.py:161} INFO - Started process (PID=6749) to work on /home/airflow/.local/lib/python3.12/site-packages/airflow/example_dags/example_params_ui_tutorial.py
[2025-10-17T03:52:50.593+0000] {processor.py:830} INFO - Processing file /home/airflow/.local/lib/python3.12/site-packages/airflow/example_dags/example_params_ui_tutorial.py for tasks to queue
[2025-10-17T03:52:50.595+0000] {logging_mixin.py:188} INFO - [2025-10-17T03:52:50.594+0000] {dagbag.py:545} INFO - Filling up the DagBag from /home/airflow/.local/lib/python3.12/site-packages/airflow/example_dags/example_params_ui_tutorial.py
[2025-10-17T03:52:50.606+0000] {processor.py:840} INFO - DAG(s) 'example_params_ui_tutorial' retrieved from /home/airflow/.local/lib/python3.12/site-packages/airflow/example_dags/example_params_ui_tutorial.py
[2025-10-17T03:52:50.795+0000] {logging_mixin.py:188} INFO - [2025-10-17T03:52:50.795+0000] {dag.py:3096} INFO - Sync 1 DAGs
[2025-10-17T03:52:50.807+0000] {logging_mixin.py:188} INFO - [2025-10-17T03:52:50.807+0000] {dag.py:3954} INFO - Setting next_dagrun for example_params_ui_tutorial to None, run_after=None
[2025-10-17T03:52:50.827+0000] {processor.py:183} INFO - Processing /home/airflow/.local/lib/python3.12/site-packages/airflow/example_dags/example_params_ui_tutorial.py took 0.240 seconds
[2025-10-17T03:53:21.795+0000] {processor.py:161} INFO - Started process (PID=6808) to work on /home/airflow/.local/lib/python3.12/site-packages/airflow/example_dags/example_params_ui_tutorial.py
[2025-10-17T03:53:21.797+0000] {processor.py:830} INFO - Processing file /home/airflow/.local/lib/python3.12/site-packages/airflow/example_dags/example_params_ui_tutorial.py for tasks to queue
[2025-10-17T03:53:21.799+0000] {logging_mixin.py:188} INFO - [2025-10-17T03:53:21.799+0000] {dagbag.py:545} INFO - Filling up the DagBag from /home/airflow/.local/lib/python3.12/site-packages/airflow/example_dags/example_params_ui_tutorial.py
[2025-10-17T03:53:21.812+0000] {processor.py:840} INFO - DAG(s) 'example_params_ui_tutorial' retrieved from /home/airflow/.local/lib/python3.12/site-packages/airflow/example_dags/example_params_ui_tutorial.py
[2025-10-17T03:53:21.852+0000] {logging_mixin.py:188} INFO - [2025-10-17T03:53:21.852+0000] {dag.py:3096} INFO - Sync 1 DAGs
[2025-10-17T03:53:21.864+0000] {logging_mixin.py:188} INFO - [2025-10-17T03:53:21.863+0000] {dag.py:3954} INFO - Setting next_dagrun for example_params_ui_tutorial to None, run_after=None
[2025-10-17T03:53:21.883+0000] {processor.py:183} INFO - Processing /home/airflow/.local/lib/python3.12/site-packages/airflow/example_dags/example_params_ui_tutorial.py took 0.094 seconds
[2025-10-17T03:53:51.988+0000] {processor.py:161} INFO - Started process (PID=6867) to work on /home/airflow/.local/lib/python3.12/site-packages/airflow/example_dags/example_params_ui_tutorial.py
[2025-10-17T03:53:51.989+0000] {processor.py:830} INFO - Processing file /home/airflow/.local/lib/python3.12/site-packages/airflow/example_dags/example_params_ui_tutorial.py for tasks to queue
[2025-10-17T03:53:51.991+0000] {logging_mixin.py:188} INFO - [2025-10-17T03:53:51.991+0000] {dagbag.py:545} INFO - Filling up the DagBag from /home/airflow/.local/lib/python3.12/site-packages/airflow/example_dags/example_params_ui_tutorial.py
[2025-10-17T03:53:52.002+0000] {processor.py:840} INFO - DAG(s) 'example_params_ui_tutorial' retrieved from /home/airflow/.local/lib/python3.12/site-packages/airflow/example_dags/example_params_ui_tutorial.py
[2025-10-17T03:53:52.046+0000] {logging_mixin.py:188} INFO - [2025-10-17T03:53:52.046+0000] {dag.py:3096} INFO - Sync 1 DAGs
[2025-10-17T03:53:52.058+0000] {logging_mixin.py:188} INFO - [2025-10-17T03:53:52.058+0000] {dag.py:3954} INFO - Setting next_dagrun for example_params_ui_tutorial to None, run_after=None
[2025-10-17T03:53:52.097+0000] {processor.py:183} INFO - Processing /home/airflow/.local/lib/python3.12/site-packages/airflow/example_dags/example_params_ui_tutorial.py took 0.115 seconds
[2025-10-17T03:54:22.273+0000] {processor.py:161} INFO - Started process (PID=6926) to work on /home/airflow/.local/lib/python3.12/site-packages/airflow/example_dags/example_params_ui_tutorial.py
[2025-10-17T03:54:22.274+0000] {processor.py:830} INFO - Processing file /home/airflow/.local/lib/python3.12/site-packages/airflow/example_dags/example_params_ui_tutorial.py for tasks to queue
[2025-10-17T03:54:22.276+0000] {logging_mixin.py:188} INFO - [2025-10-17T03:54:22.276+0000] {dagbag.py:545} INFO - Filling up the DagBag from /home/airflow/.local/lib/python3.12/site-packages/airflow/example_dags/example_params_ui_tutorial.py
[2025-10-17T03:54:22.287+0000] {processor.py:840} INFO - DAG(s) 'example_params_ui_tutorial' retrieved from /home/airflow/.local/lib/python3.12/site-packages/airflow/example_dags/example_params_ui_tutorial.py
[2025-10-17T03:54:22.328+0000] {logging_mixin.py:188} INFO - [2025-10-17T03:54:22.328+0000] {dag.py:3096} INFO - Sync 1 DAGs
[2025-10-17T03:54:22.340+0000] {logging_mixin.py:188} INFO - [2025-10-17T03:54:22.339+0000] {dag.py:3954} INFO - Setting next_dagrun for example_params_ui_tutorial to None, run_after=None
[2025-10-17T03:54:22.359+0000] {processor.py:183} INFO - Processing /home/airflow/.local/lib/python3.12/site-packages/airflow/example_dags/example_params_ui_tutorial.py took 0.092 seconds
[2025-10-17T03:54:52.412+0000] {processor.py:161} INFO - Started process (PID=6984) to work on /home/airflow/.local/lib/python3.12/site-packages/airflow/example_dags/example_params_ui_tutorial.py
[2025-10-17T03:54:52.413+0000] {processor.py:830} INFO - Processing file /home/airflow/.local/lib/python3.12/site-packages/airflow/example_dags/example_params_ui_tutorial.py for tasks to queue
[2025-10-17T03:54:52.416+0000] {logging_mixin.py:188} INFO - [2025-10-17T03:54:52.416+0000] {dagbag.py:545} INFO - Filling up the DagBag from /home/airflow/.local/lib/python3.12/site-packages/airflow/example_dags/example_params_ui_tutorial.py
[2025-10-17T03:54:52.427+0000] {processor.py:840} INFO - DAG(s) 'example_params_ui_tutorial' retrieved from /home/airflow/.local/lib/python3.12/site-packages/airflow/example_dags/example_params_ui_tutorial.py
[2025-10-17T03:54:52.469+0000] {logging_mixin.py:188} INFO - [2025-10-17T03:54:52.469+0000] {dag.py:3096} INFO - Sync 1 DAGs
[2025-10-17T03:54:52.481+0000] {logging_mixin.py:188} INFO - [2025-10-17T03:54:52.481+0000] {dag.py:3954} INFO - Setting next_dagrun for example_params_ui_tutorial to None, run_after=None
[2025-10-17T03:54:52.504+0000] {processor.py:183} INFO - Processing /home/airflow/.local/lib/python3.12/site-packages/airflow/example_dags/example_params_ui_tutorial.py took 0.097 seconds
[2025-10-17T03:55:22.587+0000] {processor.py:161} INFO - Started process (PID=7043) to work on /home/airflow/.local/lib/python3.12/site-packages/airflow/example_dags/example_params_ui_tutorial.py
[2025-10-17T03:55:22.589+0000] {processor.py:830} INFO - Processing file /home/airflow/.local/lib/python3.12/site-packages/airflow/example_dags/example_params_ui_tutorial.py for tasks to queue
[2025-10-17T03:55:22.591+0000] {logging_mixin.py:188} INFO - [2025-10-17T03:55:22.590+0000] {dagbag.py:545} INFO - Filling up the DagBag from /home/airflow/.local/lib/python3.12/site-packages/airflow/example_dags/example_params_ui_tutorial.py
[2025-10-17T03:55:22.603+0000] {processor.py:840} INFO - DAG(s) 'example_params_ui_tutorial' retrieved from /home/airflow/.local/lib/python3.12/site-packages/airflow/example_dags/example_params_ui_tutorial.py
[2025-10-17T03:55:22.651+0000] {logging_mixin.py:188} INFO - [2025-10-17T03:55:22.650+0000] {dag.py:3096} INFO - Sync 1 DAGs
[2025-10-17T03:55:22.663+0000] {logging_mixin.py:188} INFO - [2025-10-17T03:55:22.662+0000] {dag.py:3954} INFO - Setting next_dagrun for example_params_ui_tutorial to None, run_after=None
[2025-10-17T03:55:22.682+0000] {processor.py:183} INFO - Processing /home/airflow/.local/lib/python3.12/site-packages/airflow/example_dags/example_params_ui_tutorial.py took 0.101 seconds
[2025-10-17T03:55:53.076+0000] {processor.py:161} INFO - Started process (PID=7103) to work on /home/airflow/.local/lib/python3.12/site-packages/airflow/example_dags/example_params_ui_tutorial.py
[2025-10-17T03:55:53.079+0000] {processor.py:830} INFO - Processing file /home/airflow/.local/lib/python3.12/site-packages/airflow/example_dags/example_params_ui_tutorial.py for tasks to queue
[2025-10-17T03:55:53.088+0000] {logging_mixin.py:188} INFO - [2025-10-17T03:55:53.087+0000] {dagbag.py:545} INFO - Filling up the DagBag from /home/airflow/.local/lib/python3.12/site-packages/airflow/example_dags/example_params_ui_tutorial.py
[2025-10-17T03:55:53.143+0000] {processor.py:840} INFO - DAG(s) 'example_params_ui_tutorial' retrieved from /home/airflow/.local/lib/python3.12/site-packages/airflow/example_dags/example_params_ui_tutorial.py
[2025-10-17T03:55:53.276+0000] {logging_mixin.py:188} INFO - [2025-10-17T03:55:53.276+0000] {dag.py:3096} INFO - Sync 1 DAGs
[2025-10-17T03:55:53.309+0000] {logging_mixin.py:188} INFO - [2025-10-17T03:55:53.309+0000] {dag.py:3954} INFO - Setting next_dagrun for example_params_ui_tutorial to None, run_after=None
[2025-10-17T03:55:53.350+0000] {processor.py:183} INFO - Processing /home/airflow/.local/lib/python3.12/site-packages/airflow/example_dags/example_params_ui_tutorial.py took 0.309 seconds
[2025-10-17T03:56:23.529+0000] {processor.py:161} INFO - Started process (PID=7162) to work on /home/airflow/.local/lib/python3.12/site-packages/airflow/example_dags/example_params_ui_tutorial.py
[2025-10-17T03:56:23.530+0000] {processor.py:830} INFO - Processing file /home/airflow/.local/lib/python3.12/site-packages/airflow/example_dags/example_params_ui_tutorial.py for tasks to queue
[2025-10-17T03:56:23.533+0000] {logging_mixin.py:188} INFO - [2025-10-17T03:56:23.532+0000] {dagbag.py:545} INFO - Filling up the DagBag from /home/airflow/.local/lib/python3.12/site-packages/airflow/example_dags/example_params_ui_tutorial.py
[2025-10-17T03:56:23.545+0000] {processor.py:840} INFO - DAG(s) 'example_params_ui_tutorial' retrieved from /home/airflow/.local/lib/python3.12/site-packages/airflow/example_dags/example_params_ui_tutorial.py
[2025-10-17T03:56:23.594+0000] {logging_mixin.py:188} INFO - [2025-10-17T03:56:23.594+0000] {dag.py:3096} INFO - Sync 1 DAGs
[2025-10-17T03:56:23.605+0000] {logging_mixin.py:188} INFO - [2025-10-17T03:56:23.605+0000] {dag.py:3954} INFO - Setting next_dagrun for example_params_ui_tutorial to None, run_after=None
[2025-10-17T03:56:23.628+0000] {processor.py:183} INFO - Processing /home/airflow/.local/lib/python3.12/site-packages/airflow/example_dags/example_params_ui_tutorial.py took 0.105 seconds
[2025-10-17T03:56:53.730+0000] {processor.py:161} INFO - Started process (PID=7221) to work on /home/airflow/.local/lib/python3.12/site-packages/airflow/example_dags/example_params_ui_tutorial.py
[2025-10-17T03:56:53.731+0000] {processor.py:830} INFO - Processing file /home/airflow/.local/lib/python3.12/site-packages/airflow/example_dags/example_params_ui_tutorial.py for tasks to queue
[2025-10-17T03:56:53.733+0000] {logging_mixin.py:188} INFO - [2025-10-17T03:56:53.733+0000] {dagbag.py:545} INFO - Filling up the DagBag from /home/airflow/.local/lib/python3.12/site-packages/airflow/example_dags/example_params_ui_tutorial.py
[2025-10-17T03:56:53.745+0000] {processor.py:840} INFO - DAG(s) 'example_params_ui_tutorial' retrieved from /home/airflow/.local/lib/python3.12/site-packages/airflow/example_dags/example_params_ui_tutorial.py
[2025-10-17T03:56:53.786+0000] {logging_mixin.py:188} INFO - [2025-10-17T03:56:53.786+0000] {dag.py:3096} INFO - Sync 1 DAGs
[2025-10-17T03:56:53.798+0000] {logging_mixin.py:188} INFO - [2025-10-17T03:56:53.798+0000] {dag.py:3954} INFO - Setting next_dagrun for example_params_ui_tutorial to None, run_after=None
[2025-10-17T03:56:53.841+0000] {processor.py:183} INFO - Processing /home/airflow/.local/lib/python3.12/site-packages/airflow/example_dags/example_params_ui_tutorial.py took 0.117 seconds
[2025-10-17T03:57:24.571+0000] {processor.py:161} INFO - Started process (PID=7280) to work on /home/airflow/.local/lib/python3.12/site-packages/airflow/example_dags/example_params_ui_tutorial.py
[2025-10-17T03:57:24.573+0000] {processor.py:830} INFO - Processing file /home/airflow/.local/lib/python3.12/site-packages/airflow/example_dags/example_params_ui_tutorial.py for tasks to queue
[2025-10-17T03:57:24.575+0000] {logging_mixin.py:188} INFO - [2025-10-17T03:57:24.575+0000] {dagbag.py:545} INFO - Filling up the DagBag from /home/airflow/.local/lib/python3.12/site-packages/airflow/example_dags/example_params_ui_tutorial.py
[2025-10-17T03:57:24.588+0000] {processor.py:840} INFO - DAG(s) 'example_params_ui_tutorial' retrieved from /home/airflow/.local/lib/python3.12/site-packages/airflow/example_dags/example_params_ui_tutorial.py
[2025-10-17T03:57:24.659+0000] {logging_mixin.py:188} INFO - [2025-10-17T03:57:24.658+0000] {dag.py:3096} INFO - Sync 1 DAGs
[2025-10-17T03:57:24.678+0000] {logging_mixin.py:188} INFO - [2025-10-17T03:57:24.678+0000] {dag.py:3954} INFO - Setting next_dagrun for example_params_ui_tutorial to None, run_after=None
[2025-10-17T03:57:24.710+0000] {processor.py:183} INFO - Processing /home/airflow/.local/lib/python3.12/site-packages/airflow/example_dags/example_params_ui_tutorial.py took 0.145 seconds
[2025-10-17T03:57:54.982+0000] {processor.py:161} INFO - Started process (PID=7339) to work on /home/airflow/.local/lib/python3.12/site-packages/airflow/example_dags/example_params_ui_tutorial.py
[2025-10-17T03:57:54.984+0000] {processor.py:830} INFO - Processing file /home/airflow/.local/lib/python3.12/site-packages/airflow/example_dags/example_params_ui_tutorial.py for tasks to queue
[2025-10-17T03:57:54.986+0000] {logging_mixin.py:188} INFO - [2025-10-17T03:57:54.986+0000] {dagbag.py:545} INFO - Filling up the DagBag from /home/airflow/.local/lib/python3.12/site-packages/airflow/example_dags/example_params_ui_tutorial.py
[2025-10-17T03:57:54.998+0000] {processor.py:840} INFO - DAG(s) 'example_params_ui_tutorial' retrieved from /home/airflow/.local/lib/python3.12/site-packages/airflow/example_dags/example_params_ui_tutorial.py
[2025-10-17T03:57:55.043+0000] {logging_mixin.py:188} INFO - [2025-10-17T03:57:55.043+0000] {dag.py:3096} INFO - Sync 1 DAGs
[2025-10-17T03:57:55.054+0000] {logging_mixin.py:188} INFO - [2025-10-17T03:57:55.054+0000] {dag.py:3954} INFO - Setting next_dagrun for example_params_ui_tutorial to None, run_after=None
[2025-10-17T03:57:55.073+0000] {processor.py:183} INFO - Processing /home/airflow/.local/lib/python3.12/site-packages/airflow/example_dags/example_params_ui_tutorial.py took 0.097 seconds
[2025-10-17T03:58:25.895+0000] {processor.py:161} INFO - Started process (PID=7398) to work on /home/airflow/.local/lib/python3.12/site-packages/airflow/example_dags/example_params_ui_tutorial.py
[2025-10-17T03:58:25.897+0000] {processor.py:830} INFO - Processing file /home/airflow/.local/lib/python3.12/site-packages/airflow/example_dags/example_params_ui_tutorial.py for tasks to queue
[2025-10-17T03:58:25.900+0000] {logging_mixin.py:188} INFO - [2025-10-17T03:58:25.899+0000] {dagbag.py:545} INFO - Filling up the DagBag from /home/airflow/.local/lib/python3.12/site-packages/airflow/example_dags/example_params_ui_tutorial.py
[2025-10-17T03:58:25.916+0000] {processor.py:840} INFO - DAG(s) 'example_params_ui_tutorial' retrieved from /home/airflow/.local/lib/python3.12/site-packages/airflow/example_dags/example_params_ui_tutorial.py
[2025-10-17T03:58:25.974+0000] {logging_mixin.py:188} INFO - [2025-10-17T03:58:25.973+0000] {dag.py:3096} INFO - Sync 1 DAGs
[2025-10-17T03:58:25.989+0000] {logging_mixin.py:188} INFO - [2025-10-17T03:58:25.988+0000] {dag.py:3954} INFO - Setting next_dagrun for example_params_ui_tutorial to None, run_after=None
[2025-10-17T03:58:26.009+0000] {processor.py:183} INFO - Processing /home/airflow/.local/lib/python3.12/site-packages/airflow/example_dags/example_params_ui_tutorial.py took 0.120 seconds
[2025-10-17T03:58:56.300+0000] {processor.py:161} INFO - Started process (PID=7458) to work on /home/airflow/.local/lib/python3.12/site-packages/airflow/example_dags/example_params_ui_tutorial.py
[2025-10-17T03:58:56.301+0000] {processor.py:830} INFO - Processing file /home/airflow/.local/lib/python3.12/site-packages/airflow/example_dags/example_params_ui_tutorial.py for tasks to queue
[2025-10-17T03:58:56.304+0000] {logging_mixin.py:188} INFO - [2025-10-17T03:58:56.303+0000] {dagbag.py:545} INFO - Filling up the DagBag from /home/airflow/.local/lib/python3.12/site-packages/airflow/example_dags/example_params_ui_tutorial.py
[2025-10-17T03:58:56.316+0000] {processor.py:840} INFO - DAG(s) 'example_params_ui_tutorial' retrieved from /home/airflow/.local/lib/python3.12/site-packages/airflow/example_dags/example_params_ui_tutorial.py
[2025-10-17T03:58:56.328+0000] {logging_mixin.py:188} INFO - [2025-10-17T03:58:56.328+0000] {dag.py:3096} INFO - Sync 1 DAGs
[2025-10-17T03:58:56.343+0000] {logging_mixin.py:188} INFO - [2025-10-17T03:58:56.342+0000] {dag.py:3954} INFO - Setting next_dagrun for example_params_ui_tutorial to None, run_after=None
[2025-10-17T03:58:56.362+0000] {processor.py:183} INFO - Processing /home/airflow/.local/lib/python3.12/site-packages/airflow/example_dags/example_params_ui_tutorial.py took 0.068 seconds
[2025-10-17T03:59:26.947+0000] {processor.py:161} INFO - Started process (PID=7517) to work on /home/airflow/.local/lib/python3.12/site-packages/airflow/example_dags/example_params_ui_tutorial.py
[2025-10-17T03:59:26.948+0000] {processor.py:830} INFO - Processing file /home/airflow/.local/lib/python3.12/site-packages/airflow/example_dags/example_params_ui_tutorial.py for tasks to queue
[2025-10-17T03:59:26.950+0000] {logging_mixin.py:188} INFO - [2025-10-17T03:59:26.950+0000] {dagbag.py:545} INFO - Filling up the DagBag from /home/airflow/.local/lib/python3.12/site-packages/airflow/example_dags/example_params_ui_tutorial.py
[2025-10-17T03:59:26.962+0000] {processor.py:840} INFO - DAG(s) 'example_params_ui_tutorial' retrieved from /home/airflow/.local/lib/python3.12/site-packages/airflow/example_dags/example_params_ui_tutorial.py
[2025-10-17T03:59:27.088+0000] {logging_mixin.py:188} INFO - [2025-10-17T03:59:27.088+0000] {dag.py:3096} INFO - Sync 1 DAGs
[2025-10-17T03:59:27.098+0000] {logging_mixin.py:188} INFO - [2025-10-17T03:59:27.097+0000] {dag.py:3954} INFO - Setting next_dagrun for example_params_ui_tutorial to None, run_after=None
[2025-10-17T03:59:27.121+0000] {processor.py:183} INFO - Processing /home/airflow/.local/lib/python3.12/site-packages/airflow/example_dags/example_params_ui_tutorial.py took 0.180 seconds
[2025-10-17T03:59:57.244+0000] {processor.py:161} INFO - Started process (PID=7576) to work on /home/airflow/.local/lib/python3.12/site-packages/airflow/example_dags/example_params_ui_tutorial.py
[2025-10-17T03:59:57.245+0000] {processor.py:830} INFO - Processing file /home/airflow/.local/lib/python3.12/site-packages/airflow/example_dags/example_params_ui_tutorial.py for tasks to queue
[2025-10-17T03:59:57.248+0000] {logging_mixin.py:188} INFO - [2025-10-17T03:59:57.247+0000] {dagbag.py:545} INFO - Filling up the DagBag from /home/airflow/.local/lib/python3.12/site-packages/airflow/example_dags/example_params_ui_tutorial.py
[2025-10-17T03:59:57.259+0000] {processor.py:840} INFO - DAG(s) 'example_params_ui_tutorial' retrieved from /home/airflow/.local/lib/python3.12/site-packages/airflow/example_dags/example_params_ui_tutorial.py
[2025-10-17T03:59:57.303+0000] {logging_mixin.py:188} INFO - [2025-10-17T03:59:57.302+0000] {dag.py:3096} INFO - Sync 1 DAGs
[2025-10-17T03:59:57.315+0000] {logging_mixin.py:188} INFO - [2025-10-17T03:59:57.314+0000] {dag.py:3954} INFO - Setting next_dagrun for example_params_ui_tutorial to None, run_after=None
[2025-10-17T03:59:57.430+0000] {processor.py:183} INFO - Processing /home/airflow/.local/lib/python3.12/site-packages/airflow/example_dags/example_params_ui_tutorial.py took 0.191 seconds
[2025-10-17T04:00:27.513+0000] {processor.py:161} INFO - Started process (PID=7635) to work on /home/airflow/.local/lib/python3.12/site-packages/airflow/example_dags/example_params_ui_tutorial.py
[2025-10-17T04:00:27.515+0000] {processor.py:830} INFO - Processing file /home/airflow/.local/lib/python3.12/site-packages/airflow/example_dags/example_params_ui_tutorial.py for tasks to queue
[2025-10-17T04:00:27.517+0000] {logging_mixin.py:188} INFO - [2025-10-17T04:00:27.516+0000] {dagbag.py:545} INFO - Filling up the DagBag from /home/airflow/.local/lib/python3.12/site-packages/airflow/example_dags/example_params_ui_tutorial.py
[2025-10-17T04:00:27.528+0000] {processor.py:840} INFO - DAG(s) 'example_params_ui_tutorial' retrieved from /home/airflow/.local/lib/python3.12/site-packages/airflow/example_dags/example_params_ui_tutorial.py
[2025-10-17T04:00:27.578+0000] {logging_mixin.py:188} INFO - [2025-10-17T04:00:27.577+0000] {dag.py:3096} INFO - Sync 1 DAGs
[2025-10-17T04:00:27.592+0000] {logging_mixin.py:188} INFO - [2025-10-17T04:00:27.592+0000] {dag.py:3954} INFO - Setting next_dagrun for example_params_ui_tutorial to None, run_after=None
[2025-10-17T04:00:27.628+0000] {processor.py:183} INFO - Processing /home/airflow/.local/lib/python3.12/site-packages/airflow/example_dags/example_params_ui_tutorial.py took 0.121 seconds
[2025-10-17T04:00:57.812+0000] {processor.py:161} INFO - Started process (PID=7694) to work on /home/airflow/.local/lib/python3.12/site-packages/airflow/example_dags/example_params_ui_tutorial.py
[2025-10-17T04:00:57.813+0000] {processor.py:830} INFO - Processing file /home/airflow/.local/lib/python3.12/site-packages/airflow/example_dags/example_params_ui_tutorial.py for tasks to queue
[2025-10-17T04:00:57.816+0000] {logging_mixin.py:188} INFO - [2025-10-17T04:00:57.815+0000] {dagbag.py:545} INFO - Filling up the DagBag from /home/airflow/.local/lib/python3.12/site-packages/airflow/example_dags/example_params_ui_tutorial.py
[2025-10-17T04:00:57.827+0000] {processor.py:840} INFO - DAG(s) 'example_params_ui_tutorial' retrieved from /home/airflow/.local/lib/python3.12/site-packages/airflow/example_dags/example_params_ui_tutorial.py
[2025-10-17T04:00:57.867+0000] {logging_mixin.py:188} INFO - [2025-10-17T04:00:57.867+0000] {dag.py:3096} INFO - Sync 1 DAGs
[2025-10-17T04:00:57.880+0000] {logging_mixin.py:188} INFO - [2025-10-17T04:00:57.880+0000] {dag.py:3954} INFO - Setting next_dagrun for example_params_ui_tutorial to None, run_after=None
[2025-10-17T04:00:57.898+0000] {processor.py:183} INFO - Processing /home/airflow/.local/lib/python3.12/site-packages/airflow/example_dags/example_params_ui_tutorial.py took 0.091 seconds
