[2025-10-17T02:55:15.329+0000] {processor.py:161} INFO - Started process (PID=91) to work on /home/airflow/.local/lib/python3.12/site-packages/airflow/example_dags/example_sensor_decorator.py
[2025-10-17T02:55:15.331+0000] {processor.py:830} INFO - Processing file /home/airflow/.local/lib/python3.12/site-packages/airflow/example_dags/example_sensor_decorator.py for tasks to queue
[2025-10-17T02:55:15.340+0000] {logging_mixin.py:188} INFO - [2025-10-17T02:55:15.339+0000] {dagbag.py:545} INFO - Filling up the DagBag from /home/airflow/.local/lib/python3.12/site-packages/airflow/example_dags/example_sensor_decorator.py
[2025-10-17T02:55:15.350+0000] {processor.py:840} INFO - DAG(s) 'example_sensor_decorator' retrieved from /home/airflow/.local/lib/python3.12/site-packages/airflow/example_dags/example_sensor_decorator.py
[2025-10-17T02:55:15.497+0000] {logging_mixin.py:188} INFO - [2025-10-17T02:55:15.496+0000] {override.py:1829} INFO - Created Permission View: can read on DAG:example_sensor_decorator
[2025-10-17T02:55:15.509+0000] {logging_mixin.py:188} INFO - [2025-10-17T02:55:15.508+0000] {override.py:1829} INFO - Created Permission View: can delete on DAG:example_sensor_decorator
[2025-10-17T02:55:15.518+0000] {logging_mixin.py:188} INFO - [2025-10-17T02:55:15.518+0000] {override.py:1829} INFO - Created Permission View: can edit on DAG:example_sensor_decorator
[2025-10-17T02:55:15.519+0000] {logging_mixin.py:188} INFO - [2025-10-17T02:55:15.519+0000] {dag.py:3096} INFO - Sync 1 DAGs
[2025-10-17T02:55:15.532+0000] {logging_mixin.py:188} INFO - [2025-10-17T02:55:15.531+0000] {dag.py:3118} INFO - Creating ORM DAG for example_sensor_decorator
[2025-10-17T02:55:15.533+0000] {logging_mixin.py:188} INFO - [2025-10-17T02:55:15.533+0000] {dag.py:3954} INFO - Setting next_dagrun for example_sensor_decorator to None, run_after=None
[2025-10-17T02:55:15.557+0000] {processor.py:183} INFO - Processing /home/airflow/.local/lib/python3.12/site-packages/airflow/example_dags/example_sensor_decorator.py took 0.237 seconds
[2025-10-17T02:55:46.147+0000] {processor.py:161} INFO - Started process (PID=149) to work on /home/airflow/.local/lib/python3.12/site-packages/airflow/example_dags/example_sensor_decorator.py
[2025-10-17T02:55:46.148+0000] {processor.py:830} INFO - Processing file /home/airflow/.local/lib/python3.12/site-packages/airflow/example_dags/example_sensor_decorator.py for tasks to queue
[2025-10-17T02:55:46.150+0000] {logging_mixin.py:188} INFO - [2025-10-17T02:55:46.150+0000] {dagbag.py:545} INFO - Filling up the DagBag from /home/airflow/.local/lib/python3.12/site-packages/airflow/example_dags/example_sensor_decorator.py
[2025-10-17T02:55:46.156+0000] {processor.py:840} INFO - DAG(s) 'example_sensor_decorator' retrieved from /home/airflow/.local/lib/python3.12/site-packages/airflow/example_dags/example_sensor_decorator.py
[2025-10-17T02:55:46.176+0000] {logging_mixin.py:188} INFO - [2025-10-17T02:55:46.176+0000] {dag.py:3096} INFO - Sync 1 DAGs
[2025-10-17T02:55:46.188+0000] {logging_mixin.py:188} INFO - [2025-10-17T02:55:46.187+0000] {dag.py:3954} INFO - Setting next_dagrun for example_sensor_decorator to None, run_after=None
[2025-10-17T02:55:46.211+0000] {processor.py:183} INFO - Processing /home/airflow/.local/lib/python3.12/site-packages/airflow/example_dags/example_sensor_decorator.py took 0.069 seconds
[2025-10-17T02:56:16.696+0000] {processor.py:161} INFO - Started process (PID=208) to work on /home/airflow/.local/lib/python3.12/site-packages/airflow/example_dags/example_sensor_decorator.py
[2025-10-17T02:56:16.697+0000] {processor.py:830} INFO - Processing file /home/airflow/.local/lib/python3.12/site-packages/airflow/example_dags/example_sensor_decorator.py for tasks to queue
[2025-10-17T02:56:16.699+0000] {logging_mixin.py:188} INFO - [2025-10-17T02:56:16.699+0000] {dagbag.py:545} INFO - Filling up the DagBag from /home/airflow/.local/lib/python3.12/site-packages/airflow/example_dags/example_sensor_decorator.py
[2025-10-17T02:56:16.705+0000] {processor.py:840} INFO - DAG(s) 'example_sensor_decorator' retrieved from /home/airflow/.local/lib/python3.12/site-packages/airflow/example_dags/example_sensor_decorator.py
[2025-10-17T02:56:16.721+0000] {logging_mixin.py:188} INFO - [2025-10-17T02:56:16.721+0000] {dag.py:3096} INFO - Sync 1 DAGs
[2025-10-17T02:56:16.733+0000] {logging_mixin.py:188} INFO - [2025-10-17T02:56:16.733+0000] {dag.py:3954} INFO - Setting next_dagrun for example_sensor_decorator to None, run_after=None
[2025-10-17T02:56:16.751+0000] {processor.py:183} INFO - Processing /home/airflow/.local/lib/python3.12/site-packages/airflow/example_dags/example_sensor_decorator.py took 0.060 seconds
[2025-10-17T02:56:46.913+0000] {processor.py:161} INFO - Started process (PID=267) to work on /home/airflow/.local/lib/python3.12/site-packages/airflow/example_dags/example_sensor_decorator.py
[2025-10-17T02:56:46.915+0000] {processor.py:830} INFO - Processing file /home/airflow/.local/lib/python3.12/site-packages/airflow/example_dags/example_sensor_decorator.py for tasks to queue
[2025-10-17T02:56:46.916+0000] {logging_mixin.py:188} INFO - [2025-10-17T02:56:46.916+0000] {dagbag.py:545} INFO - Filling up the DagBag from /home/airflow/.local/lib/python3.12/site-packages/airflow/example_dags/example_sensor_decorator.py
[2025-10-17T02:56:46.922+0000] {processor.py:840} INFO - DAG(s) 'example_sensor_decorator' retrieved from /home/airflow/.local/lib/python3.12/site-packages/airflow/example_dags/example_sensor_decorator.py
[2025-10-17T02:56:46.940+0000] {logging_mixin.py:188} INFO - [2025-10-17T02:56:46.940+0000] {dag.py:3096} INFO - Sync 1 DAGs
[2025-10-17T02:56:46.951+0000] {logging_mixin.py:188} INFO - [2025-10-17T02:56:46.950+0000] {dag.py:3954} INFO - Setting next_dagrun for example_sensor_decorator to None, run_after=None
[2025-10-17T02:56:46.969+0000] {processor.py:183} INFO - Processing /home/airflow/.local/lib/python3.12/site-packages/airflow/example_dags/example_sensor_decorator.py took 0.061 seconds
[2025-10-17T02:57:17.425+0000] {processor.py:161} INFO - Started process (PID=326) to work on /home/airflow/.local/lib/python3.12/site-packages/airflow/example_dags/example_sensor_decorator.py
[2025-10-17T02:57:17.426+0000] {processor.py:830} INFO - Processing file /home/airflow/.local/lib/python3.12/site-packages/airflow/example_dags/example_sensor_decorator.py for tasks to queue
[2025-10-17T02:57:17.429+0000] {logging_mixin.py:188} INFO - [2025-10-17T02:57:17.428+0000] {dagbag.py:545} INFO - Filling up the DagBag from /home/airflow/.local/lib/python3.12/site-packages/airflow/example_dags/example_sensor_decorator.py
[2025-10-17T02:57:17.437+0000] {processor.py:840} INFO - DAG(s) 'example_sensor_decorator' retrieved from /home/airflow/.local/lib/python3.12/site-packages/airflow/example_dags/example_sensor_decorator.py
[2025-10-17T02:57:17.464+0000] {logging_mixin.py:188} INFO - [2025-10-17T02:57:17.464+0000] {dag.py:3096} INFO - Sync 1 DAGs
[2025-10-17T02:57:17.481+0000] {logging_mixin.py:188} INFO - [2025-10-17T02:57:17.481+0000] {dag.py:3954} INFO - Setting next_dagrun for example_sensor_decorator to None, run_after=None
[2025-10-17T02:57:17.511+0000] {processor.py:183} INFO - Processing /home/airflow/.local/lib/python3.12/site-packages/airflow/example_dags/example_sensor_decorator.py took 0.094 seconds
[2025-10-17T02:57:47.683+0000] {processor.py:161} INFO - Started process (PID=385) to work on /home/airflow/.local/lib/python3.12/site-packages/airflow/example_dags/example_sensor_decorator.py
[2025-10-17T02:57:47.685+0000] {processor.py:830} INFO - Processing file /home/airflow/.local/lib/python3.12/site-packages/airflow/example_dags/example_sensor_decorator.py for tasks to queue
[2025-10-17T02:57:47.688+0000] {logging_mixin.py:188} INFO - [2025-10-17T02:57:47.687+0000] {dagbag.py:545} INFO - Filling up the DagBag from /home/airflow/.local/lib/python3.12/site-packages/airflow/example_dags/example_sensor_decorator.py
[2025-10-17T02:57:47.696+0000] {processor.py:840} INFO - DAG(s) 'example_sensor_decorator' retrieved from /home/airflow/.local/lib/python3.12/site-packages/airflow/example_dags/example_sensor_decorator.py
[2025-10-17T02:57:47.733+0000] {logging_mixin.py:188} INFO - [2025-10-17T02:57:47.732+0000] {dag.py:3096} INFO - Sync 1 DAGs
[2025-10-17T02:57:47.754+0000] {logging_mixin.py:188} INFO - [2025-10-17T02:57:47.753+0000] {dag.py:3954} INFO - Setting next_dagrun for example_sensor_decorator to None, run_after=None
[2025-10-17T02:57:47.784+0000] {processor.py:183} INFO - Processing /home/airflow/.local/lib/python3.12/site-packages/airflow/example_dags/example_sensor_decorator.py took 0.109 seconds
[2025-10-17T02:58:18.549+0000] {processor.py:161} INFO - Started process (PID=444) to work on /home/airflow/.local/lib/python3.12/site-packages/airflow/example_dags/example_sensor_decorator.py
[2025-10-17T02:58:18.551+0000] {processor.py:830} INFO - Processing file /home/airflow/.local/lib/python3.12/site-packages/airflow/example_dags/example_sensor_decorator.py for tasks to queue
[2025-10-17T02:58:18.554+0000] {logging_mixin.py:188} INFO - [2025-10-17T02:58:18.553+0000] {dagbag.py:545} INFO - Filling up the DagBag from /home/airflow/.local/lib/python3.12/site-packages/airflow/example_dags/example_sensor_decorator.py
[2025-10-17T02:58:18.562+0000] {processor.py:840} INFO - DAG(s) 'example_sensor_decorator' retrieved from /home/airflow/.local/lib/python3.12/site-packages/airflow/example_dags/example_sensor_decorator.py
[2025-10-17T02:58:18.587+0000] {logging_mixin.py:188} INFO - [2025-10-17T02:58:18.587+0000] {dag.py:3096} INFO - Sync 1 DAGs
[2025-10-17T02:58:18.601+0000] {logging_mixin.py:188} INFO - [2025-10-17T02:58:18.601+0000] {dag.py:3954} INFO - Setting next_dagrun for example_sensor_decorator to None, run_after=None
[2025-10-17T02:58:18.628+0000] {processor.py:183} INFO - Processing /home/airflow/.local/lib/python3.12/site-packages/airflow/example_dags/example_sensor_decorator.py took 0.089 seconds
[2025-10-17T02:58:49.311+0000] {processor.py:161} INFO - Started process (PID=503) to work on /home/airflow/.local/lib/python3.12/site-packages/airflow/example_dags/example_sensor_decorator.py
[2025-10-17T02:58:49.312+0000] {processor.py:830} INFO - Processing file /home/airflow/.local/lib/python3.12/site-packages/airflow/example_dags/example_sensor_decorator.py for tasks to queue
[2025-10-17T02:58:49.315+0000] {logging_mixin.py:188} INFO - [2025-10-17T02:58:49.314+0000] {dagbag.py:545} INFO - Filling up the DagBag from /home/airflow/.local/lib/python3.12/site-packages/airflow/example_dags/example_sensor_decorator.py
[2025-10-17T02:58:49.321+0000] {processor.py:840} INFO - DAG(s) 'example_sensor_decorator' retrieved from /home/airflow/.local/lib/python3.12/site-packages/airflow/example_dags/example_sensor_decorator.py
[2025-10-17T02:58:49.344+0000] {logging_mixin.py:188} INFO - [2025-10-17T02:58:49.343+0000] {dag.py:3096} INFO - Sync 1 DAGs
[2025-10-17T02:58:49.358+0000] {logging_mixin.py:188} INFO - [2025-10-17T02:58:49.358+0000] {dag.py:3954} INFO - Setting next_dagrun for example_sensor_decorator to None, run_after=None
[2025-10-17T02:58:49.390+0000] {processor.py:183} INFO - Processing /home/airflow/.local/lib/python3.12/site-packages/airflow/example_dags/example_sensor_decorator.py took 0.084 seconds
[2025-10-17T02:59:19.745+0000] {processor.py:161} INFO - Started process (PID=562) to work on /home/airflow/.local/lib/python3.12/site-packages/airflow/example_dags/example_sensor_decorator.py
[2025-10-17T02:59:19.746+0000] {processor.py:830} INFO - Processing file /home/airflow/.local/lib/python3.12/site-packages/airflow/example_dags/example_sensor_decorator.py for tasks to queue
[2025-10-17T02:59:19.748+0000] {logging_mixin.py:188} INFO - [2025-10-17T02:59:19.748+0000] {dagbag.py:545} INFO - Filling up the DagBag from /home/airflow/.local/lib/python3.12/site-packages/airflow/example_dags/example_sensor_decorator.py
[2025-10-17T02:59:19.753+0000] {processor.py:840} INFO - DAG(s) 'example_sensor_decorator' retrieved from /home/airflow/.local/lib/python3.12/site-packages/airflow/example_dags/example_sensor_decorator.py
[2025-10-17T02:59:19.770+0000] {logging_mixin.py:188} INFO - [2025-10-17T02:59:19.770+0000] {dag.py:3096} INFO - Sync 1 DAGs
[2025-10-17T02:59:19.780+0000] {logging_mixin.py:188} INFO - [2025-10-17T02:59:19.780+0000] {dag.py:3954} INFO - Setting next_dagrun for example_sensor_decorator to None, run_after=None
[2025-10-17T02:59:19.794+0000] {processor.py:183} INFO - Processing /home/airflow/.local/lib/python3.12/site-packages/airflow/example_dags/example_sensor_decorator.py took 0.054 seconds
[2025-10-17T02:59:49.901+0000] {processor.py:161} INFO - Started process (PID=621) to work on /home/airflow/.local/lib/python3.12/site-packages/airflow/example_dags/example_sensor_decorator.py
[2025-10-17T02:59:49.902+0000] {processor.py:830} INFO - Processing file /home/airflow/.local/lib/python3.12/site-packages/airflow/example_dags/example_sensor_decorator.py for tasks to queue
[2025-10-17T02:59:49.904+0000] {logging_mixin.py:188} INFO - [2025-10-17T02:59:49.903+0000] {dagbag.py:545} INFO - Filling up the DagBag from /home/airflow/.local/lib/python3.12/site-packages/airflow/example_dags/example_sensor_decorator.py
[2025-10-17T02:59:49.909+0000] {processor.py:840} INFO - DAG(s) 'example_sensor_decorator' retrieved from /home/airflow/.local/lib/python3.12/site-packages/airflow/example_dags/example_sensor_decorator.py
[2025-10-17T02:59:49.925+0000] {logging_mixin.py:188} INFO - [2025-10-17T02:59:49.925+0000] {dag.py:3096} INFO - Sync 1 DAGs
[2025-10-17T02:59:49.935+0000] {logging_mixin.py:188} INFO - [2025-10-17T02:59:49.935+0000] {dag.py:3954} INFO - Setting next_dagrun for example_sensor_decorator to None, run_after=None
[2025-10-17T02:59:49.950+0000] {processor.py:183} INFO - Processing /home/airflow/.local/lib/python3.12/site-packages/airflow/example_dags/example_sensor_decorator.py took 0.054 seconds
[2025-10-17T03:00:20.293+0000] {processor.py:161} INFO - Started process (PID=681) to work on /home/airflow/.local/lib/python3.12/site-packages/airflow/example_dags/example_sensor_decorator.py
[2025-10-17T03:00:20.294+0000] {processor.py:830} INFO - Processing file /home/airflow/.local/lib/python3.12/site-packages/airflow/example_dags/example_sensor_decorator.py for tasks to queue
[2025-10-17T03:00:20.296+0000] {logging_mixin.py:188} INFO - [2025-10-17T03:00:20.295+0000] {dagbag.py:545} INFO - Filling up the DagBag from /home/airflow/.local/lib/python3.12/site-packages/airflow/example_dags/example_sensor_decorator.py
[2025-10-17T03:00:20.302+0000] {processor.py:840} INFO - DAG(s) 'example_sensor_decorator' retrieved from /home/airflow/.local/lib/python3.12/site-packages/airflow/example_dags/example_sensor_decorator.py
[2025-10-17T03:00:20.317+0000] {logging_mixin.py:188} INFO - [2025-10-17T03:00:20.317+0000] {dag.py:3096} INFO - Sync 1 DAGs
[2025-10-17T03:00:20.327+0000] {logging_mixin.py:188} INFO - [2025-10-17T03:00:20.327+0000] {dag.py:3954} INFO - Setting next_dagrun for example_sensor_decorator to None, run_after=None
[2025-10-17T03:00:20.343+0000] {processor.py:183} INFO - Processing /home/airflow/.local/lib/python3.12/site-packages/airflow/example_dags/example_sensor_decorator.py took 0.054 seconds
[2025-10-17T03:00:51.712+0000] {processor.py:161} INFO - Started process (PID=740) to work on /home/airflow/.local/lib/python3.12/site-packages/airflow/example_dags/example_sensor_decorator.py
[2025-10-17T03:00:51.713+0000] {processor.py:830} INFO - Processing file /home/airflow/.local/lib/python3.12/site-packages/airflow/example_dags/example_sensor_decorator.py for tasks to queue
[2025-10-17T03:00:51.715+0000] {logging_mixin.py:188} INFO - [2025-10-17T03:00:51.715+0000] {dagbag.py:545} INFO - Filling up the DagBag from /home/airflow/.local/lib/python3.12/site-packages/airflow/example_dags/example_sensor_decorator.py
[2025-10-17T03:00:51.720+0000] {processor.py:840} INFO - DAG(s) 'example_sensor_decorator' retrieved from /home/airflow/.local/lib/python3.12/site-packages/airflow/example_dags/example_sensor_decorator.py
[2025-10-17T03:00:51.737+0000] {logging_mixin.py:188} INFO - [2025-10-17T03:00:51.737+0000] {dag.py:3096} INFO - Sync 1 DAGs
[2025-10-17T03:00:51.748+0000] {logging_mixin.py:188} INFO - [2025-10-17T03:00:51.747+0000] {dag.py:3954} INFO - Setting next_dagrun for example_sensor_decorator to None, run_after=None
[2025-10-17T03:00:51.764+0000] {processor.py:183} INFO - Processing /home/airflow/.local/lib/python3.12/site-packages/airflow/example_dags/example_sensor_decorator.py took 0.056 seconds
[2025-10-17T03:01:22.755+0000] {processor.py:161} INFO - Started process (PID=793) to work on /home/airflow/.local/lib/python3.12/site-packages/airflow/example_dags/example_sensor_decorator.py
[2025-10-17T03:01:22.756+0000] {processor.py:830} INFO - Processing file /home/airflow/.local/lib/python3.12/site-packages/airflow/example_dags/example_sensor_decorator.py for tasks to queue
[2025-10-17T03:01:22.759+0000] {logging_mixin.py:188} INFO - [2025-10-17T03:01:22.758+0000] {dagbag.py:545} INFO - Filling up the DagBag from /home/airflow/.local/lib/python3.12/site-packages/airflow/example_dags/example_sensor_decorator.py
[2025-10-17T03:01:22.764+0000] {processor.py:840} INFO - DAG(s) 'example_sensor_decorator' retrieved from /home/airflow/.local/lib/python3.12/site-packages/airflow/example_dags/example_sensor_decorator.py
[2025-10-17T03:01:22.786+0000] {logging_mixin.py:188} INFO - [2025-10-17T03:01:22.785+0000] {dag.py:3096} INFO - Sync 1 DAGs
[2025-10-17T03:01:22.797+0000] {logging_mixin.py:188} INFO - [2025-10-17T03:01:22.797+0000] {dag.py:3954} INFO - Setting next_dagrun for example_sensor_decorator to None, run_after=None
[2025-10-17T03:01:22.819+0000] {processor.py:183} INFO - Processing /home/airflow/.local/lib/python3.12/site-packages/airflow/example_dags/example_sensor_decorator.py took 0.070 seconds
[2025-10-17T03:01:54.907+0000] {processor.py:161} INFO - Started process (PID=859) to work on /home/airflow/.local/lib/python3.12/site-packages/airflow/example_dags/example_sensor_decorator.py
[2025-10-17T03:01:54.908+0000] {processor.py:830} INFO - Processing file /home/airflow/.local/lib/python3.12/site-packages/airflow/example_dags/example_sensor_decorator.py for tasks to queue
[2025-10-17T03:01:54.909+0000] {logging_mixin.py:188} INFO - [2025-10-17T03:01:54.909+0000] {dagbag.py:545} INFO - Filling up the DagBag from /home/airflow/.local/lib/python3.12/site-packages/airflow/example_dags/example_sensor_decorator.py
[2025-10-17T03:01:54.916+0000] {processor.py:840} INFO - DAG(s) 'example_sensor_decorator' retrieved from /home/airflow/.local/lib/python3.12/site-packages/airflow/example_dags/example_sensor_decorator.py
[2025-10-17T03:01:54.932+0000] {logging_mixin.py:188} INFO - [2025-10-17T03:01:54.932+0000] {dag.py:3096} INFO - Sync 1 DAGs
[2025-10-17T03:01:54.942+0000] {logging_mixin.py:188} INFO - [2025-10-17T03:01:54.942+0000] {dag.py:3954} INFO - Setting next_dagrun for example_sensor_decorator to None, run_after=None
[2025-10-17T03:01:54.957+0000] {processor.py:183} INFO - Processing /home/airflow/.local/lib/python3.12/site-packages/airflow/example_dags/example_sensor_decorator.py took 0.055 seconds
[2025-10-17T03:02:26.478+0000] {processor.py:161} INFO - Started process (PID=912) to work on /home/airflow/.local/lib/python3.12/site-packages/airflow/example_dags/example_sensor_decorator.py
[2025-10-17T03:02:26.479+0000] {processor.py:830} INFO - Processing file /home/airflow/.local/lib/python3.12/site-packages/airflow/example_dags/example_sensor_decorator.py for tasks to queue
[2025-10-17T03:02:26.481+0000] {logging_mixin.py:188} INFO - [2025-10-17T03:02:26.481+0000] {dagbag.py:545} INFO - Filling up the DagBag from /home/airflow/.local/lib/python3.12/site-packages/airflow/example_dags/example_sensor_decorator.py
[2025-10-17T03:02:26.487+0000] {processor.py:840} INFO - DAG(s) 'example_sensor_decorator' retrieved from /home/airflow/.local/lib/python3.12/site-packages/airflow/example_dags/example_sensor_decorator.py
[2025-10-17T03:02:26.505+0000] {logging_mixin.py:188} INFO - [2025-10-17T03:02:26.504+0000] {dag.py:3096} INFO - Sync 1 DAGs
[2025-10-17T03:02:26.516+0000] {logging_mixin.py:188} INFO - [2025-10-17T03:02:26.516+0000] {dag.py:3954} INFO - Setting next_dagrun for example_sensor_decorator to None, run_after=None
[2025-10-17T03:02:26.532+0000] {processor.py:183} INFO - Processing /home/airflow/.local/lib/python3.12/site-packages/airflow/example_dags/example_sensor_decorator.py took 0.059 seconds
[2025-10-17T03:02:57.796+0000] {processor.py:161} INFO - Started process (PID=971) to work on /home/airflow/.local/lib/python3.12/site-packages/airflow/example_dags/example_sensor_decorator.py
[2025-10-17T03:02:57.798+0000] {processor.py:830} INFO - Processing file /home/airflow/.local/lib/python3.12/site-packages/airflow/example_dags/example_sensor_decorator.py for tasks to queue
[2025-10-17T03:02:57.800+0000] {logging_mixin.py:188} INFO - [2025-10-17T03:02:57.799+0000] {dagbag.py:545} INFO - Filling up the DagBag from /home/airflow/.local/lib/python3.12/site-packages/airflow/example_dags/example_sensor_decorator.py
[2025-10-17T03:02:57.806+0000] {processor.py:840} INFO - DAG(s) 'example_sensor_decorator' retrieved from /home/airflow/.local/lib/python3.12/site-packages/airflow/example_dags/example_sensor_decorator.py
[2025-10-17T03:02:57.824+0000] {logging_mixin.py:188} INFO - [2025-10-17T03:02:57.823+0000] {dag.py:3096} INFO - Sync 1 DAGs
[2025-10-17T03:02:57.836+0000] {logging_mixin.py:188} INFO - [2025-10-17T03:02:57.836+0000] {dag.py:3954} INFO - Setting next_dagrun for example_sensor_decorator to None, run_after=None
[2025-10-17T03:02:57.854+0000] {processor.py:183} INFO - Processing /home/airflow/.local/lib/python3.12/site-packages/airflow/example_dags/example_sensor_decorator.py took 0.064 seconds
[2025-10-17T03:03:30.335+0000] {processor.py:161} INFO - Started process (PID=1036) to work on /home/airflow/.local/lib/python3.12/site-packages/airflow/example_dags/example_sensor_decorator.py
[2025-10-17T03:03:30.336+0000] {processor.py:830} INFO - Processing file /home/airflow/.local/lib/python3.12/site-packages/airflow/example_dags/example_sensor_decorator.py for tasks to queue
[2025-10-17T03:03:30.338+0000] {logging_mixin.py:188} INFO - [2025-10-17T03:03:30.338+0000] {dagbag.py:545} INFO - Filling up the DagBag from /home/airflow/.local/lib/python3.12/site-packages/airflow/example_dags/example_sensor_decorator.py
[2025-10-17T03:03:30.345+0000] {processor.py:840} INFO - DAG(s) 'example_sensor_decorator' retrieved from /home/airflow/.local/lib/python3.12/site-packages/airflow/example_dags/example_sensor_decorator.py
[2025-10-17T03:03:30.365+0000] {logging_mixin.py:188} INFO - [2025-10-17T03:03:30.365+0000] {dag.py:3096} INFO - Sync 1 DAGs
[2025-10-17T03:03:30.376+0000] {logging_mixin.py:188} INFO - [2025-10-17T03:03:30.376+0000] {dag.py:3954} INFO - Setting next_dagrun for example_sensor_decorator to None, run_after=None
[2025-10-17T03:03:30.395+0000] {processor.py:183} INFO - Processing /home/airflow/.local/lib/python3.12/site-packages/airflow/example_dags/example_sensor_decorator.py took 0.066 seconds
[2025-10-17T03:04:02.197+0000] {processor.py:161} INFO - Started process (PID=1095) to work on /home/airflow/.local/lib/python3.12/site-packages/airflow/example_dags/example_sensor_decorator.py
[2025-10-17T03:04:02.199+0000] {processor.py:830} INFO - Processing file /home/airflow/.local/lib/python3.12/site-packages/airflow/example_dags/example_sensor_decorator.py for tasks to queue
[2025-10-17T03:04:02.200+0000] {logging_mixin.py:188} INFO - [2025-10-17T03:04:02.200+0000] {dagbag.py:545} INFO - Filling up the DagBag from /home/airflow/.local/lib/python3.12/site-packages/airflow/example_dags/example_sensor_decorator.py
[2025-10-17T03:04:02.206+0000] {processor.py:840} INFO - DAG(s) 'example_sensor_decorator' retrieved from /home/airflow/.local/lib/python3.12/site-packages/airflow/example_dags/example_sensor_decorator.py
[2025-10-17T03:04:02.223+0000] {logging_mixin.py:188} INFO - [2025-10-17T03:04:02.223+0000] {dag.py:3096} INFO - Sync 1 DAGs
[2025-10-17T03:04:02.233+0000] {logging_mixin.py:188} INFO - [2025-10-17T03:04:02.233+0000] {dag.py:3954} INFO - Setting next_dagrun for example_sensor_decorator to None, run_after=None
[2025-10-17T03:04:02.250+0000] {processor.py:183} INFO - Processing /home/airflow/.local/lib/python3.12/site-packages/airflow/example_dags/example_sensor_decorator.py took 0.057 seconds
[2025-10-17T03:04:33.362+0000] {processor.py:161} INFO - Started process (PID=1148) to work on /home/airflow/.local/lib/python3.12/site-packages/airflow/example_dags/example_sensor_decorator.py
[2025-10-17T03:04:33.363+0000] {processor.py:830} INFO - Processing file /home/airflow/.local/lib/python3.12/site-packages/airflow/example_dags/example_sensor_decorator.py for tasks to queue
[2025-10-17T03:04:33.366+0000] {logging_mixin.py:188} INFO - [2025-10-17T03:04:33.366+0000] {dagbag.py:545} INFO - Filling up the DagBag from /home/airflow/.local/lib/python3.12/site-packages/airflow/example_dags/example_sensor_decorator.py
[2025-10-17T03:04:33.372+0000] {processor.py:840} INFO - DAG(s) 'example_sensor_decorator' retrieved from /home/airflow/.local/lib/python3.12/site-packages/airflow/example_dags/example_sensor_decorator.py
[2025-10-17T03:04:33.389+0000] {logging_mixin.py:188} INFO - [2025-10-17T03:04:33.389+0000] {dag.py:3096} INFO - Sync 1 DAGs
[2025-10-17T03:04:33.403+0000] {logging_mixin.py:188} INFO - [2025-10-17T03:04:33.402+0000] {dag.py:3954} INFO - Setting next_dagrun for example_sensor_decorator to None, run_after=None
[2025-10-17T03:04:33.420+0000] {processor.py:183} INFO - Processing /home/airflow/.local/lib/python3.12/site-packages/airflow/example_dags/example_sensor_decorator.py took 0.063 seconds
[2025-10-17T03:05:05.847+0000] {processor.py:161} INFO - Started process (PID=1214) to work on /home/airflow/.local/lib/python3.12/site-packages/airflow/example_dags/example_sensor_decorator.py
[2025-10-17T03:05:05.849+0000] {processor.py:830} INFO - Processing file /home/airflow/.local/lib/python3.12/site-packages/airflow/example_dags/example_sensor_decorator.py for tasks to queue
[2025-10-17T03:05:05.851+0000] {logging_mixin.py:188} INFO - [2025-10-17T03:05:05.850+0000] {dagbag.py:545} INFO - Filling up the DagBag from /home/airflow/.local/lib/python3.12/site-packages/airflow/example_dags/example_sensor_decorator.py
[2025-10-17T03:05:05.858+0000] {processor.py:840} INFO - DAG(s) 'example_sensor_decorator' retrieved from /home/airflow/.local/lib/python3.12/site-packages/airflow/example_dags/example_sensor_decorator.py
[2025-10-17T03:05:05.875+0000] {logging_mixin.py:188} INFO - [2025-10-17T03:05:05.875+0000] {dag.py:3096} INFO - Sync 1 DAGs
[2025-10-17T03:05:05.888+0000] {logging_mixin.py:188} INFO - [2025-10-17T03:05:05.888+0000] {dag.py:3954} INFO - Setting next_dagrun for example_sensor_decorator to None, run_after=None
[2025-10-17T03:05:05.909+0000] {processor.py:183} INFO - Processing /home/airflow/.local/lib/python3.12/site-packages/airflow/example_dags/example_sensor_decorator.py took 0.068 seconds
[2025-10-17T03:05:37.158+0000] {processor.py:161} INFO - Started process (PID=1267) to work on /home/airflow/.local/lib/python3.12/site-packages/airflow/example_dags/example_sensor_decorator.py
[2025-10-17T03:05:37.159+0000] {processor.py:830} INFO - Processing file /home/airflow/.local/lib/python3.12/site-packages/airflow/example_dags/example_sensor_decorator.py for tasks to queue
[2025-10-17T03:05:37.161+0000] {logging_mixin.py:188} INFO - [2025-10-17T03:05:37.161+0000] {dagbag.py:545} INFO - Filling up the DagBag from /home/airflow/.local/lib/python3.12/site-packages/airflow/example_dags/example_sensor_decorator.py
[2025-10-17T03:05:37.168+0000] {processor.py:840} INFO - DAG(s) 'example_sensor_decorator' retrieved from /home/airflow/.local/lib/python3.12/site-packages/airflow/example_dags/example_sensor_decorator.py
[2025-10-17T03:05:37.185+0000] {logging_mixin.py:188} INFO - [2025-10-17T03:05:37.185+0000] {dag.py:3096} INFO - Sync 1 DAGs
[2025-10-17T03:05:37.196+0000] {logging_mixin.py:188} INFO - [2025-10-17T03:05:37.196+0000] {dag.py:3954} INFO - Setting next_dagrun for example_sensor_decorator to None, run_after=None
[2025-10-17T03:05:37.214+0000] {processor.py:183} INFO - Processing /home/airflow/.local/lib/python3.12/site-packages/airflow/example_dags/example_sensor_decorator.py took 0.061 seconds
[2025-10-17T03:06:11.179+0000] {processor.py:161} INFO - Started process (PID=1332) to work on /home/airflow/.local/lib/python3.12/site-packages/airflow/example_dags/example_sensor_decorator.py
[2025-10-17T03:06:11.180+0000] {processor.py:830} INFO - Processing file /home/airflow/.local/lib/python3.12/site-packages/airflow/example_dags/example_sensor_decorator.py for tasks to queue
[2025-10-17T03:06:11.182+0000] {logging_mixin.py:188} INFO - [2025-10-17T03:06:11.182+0000] {dagbag.py:545} INFO - Filling up the DagBag from /home/airflow/.local/lib/python3.12/site-packages/airflow/example_dags/example_sensor_decorator.py
[2025-10-17T03:06:11.188+0000] {processor.py:840} INFO - DAG(s) 'example_sensor_decorator' retrieved from /home/airflow/.local/lib/python3.12/site-packages/airflow/example_dags/example_sensor_decorator.py
[2025-10-17T03:06:11.206+0000] {logging_mixin.py:188} INFO - [2025-10-17T03:06:11.206+0000] {dag.py:3096} INFO - Sync 1 DAGs
[2025-10-17T03:06:11.220+0000] {logging_mixin.py:188} INFO - [2025-10-17T03:06:11.219+0000] {dag.py:3954} INFO - Setting next_dagrun for example_sensor_decorator to None, run_after=None
[2025-10-17T03:06:11.365+0000] {processor.py:183} INFO - Processing /home/airflow/.local/lib/python3.12/site-packages/airflow/example_dags/example_sensor_decorator.py took 0.191 seconds
[2025-10-17T03:06:41.987+0000] {processor.py:161} INFO - Started process (PID=1391) to work on /home/airflow/.local/lib/python3.12/site-packages/airflow/example_dags/example_sensor_decorator.py
[2025-10-17T03:06:41.988+0000] {processor.py:830} INFO - Processing file /home/airflow/.local/lib/python3.12/site-packages/airflow/example_dags/example_sensor_decorator.py for tasks to queue
[2025-10-17T03:06:41.990+0000] {logging_mixin.py:188} INFO - [2025-10-17T03:06:41.990+0000] {dagbag.py:545} INFO - Filling up the DagBag from /home/airflow/.local/lib/python3.12/site-packages/airflow/example_dags/example_sensor_decorator.py
[2025-10-17T03:06:41.996+0000] {processor.py:840} INFO - DAG(s) 'example_sensor_decorator' retrieved from /home/airflow/.local/lib/python3.12/site-packages/airflow/example_dags/example_sensor_decorator.py
[2025-10-17T03:06:42.014+0000] {logging_mixin.py:188} INFO - [2025-10-17T03:06:42.014+0000] {dag.py:3096} INFO - Sync 1 DAGs
[2025-10-17T03:06:42.025+0000] {logging_mixin.py:188} INFO - [2025-10-17T03:06:42.025+0000] {dag.py:3954} INFO - Setting next_dagrun for example_sensor_decorator to None, run_after=None
[2025-10-17T03:06:42.159+0000] {processor.py:183} INFO - Processing /home/airflow/.local/lib/python3.12/site-packages/airflow/example_dags/example_sensor_decorator.py took 0.177 seconds
[2025-10-17T03:07:12.445+0000] {processor.py:161} INFO - Started process (PID=1450) to work on /home/airflow/.local/lib/python3.12/site-packages/airflow/example_dags/example_sensor_decorator.py
[2025-10-17T03:07:12.446+0000] {processor.py:830} INFO - Processing file /home/airflow/.local/lib/python3.12/site-packages/airflow/example_dags/example_sensor_decorator.py for tasks to queue
[2025-10-17T03:07:12.449+0000] {logging_mixin.py:188} INFO - [2025-10-17T03:07:12.448+0000] {dagbag.py:545} INFO - Filling up the DagBag from /home/airflow/.local/lib/python3.12/site-packages/airflow/example_dags/example_sensor_decorator.py
[2025-10-17T03:07:12.455+0000] {processor.py:840} INFO - DAG(s) 'example_sensor_decorator' retrieved from /home/airflow/.local/lib/python3.12/site-packages/airflow/example_dags/example_sensor_decorator.py
[2025-10-17T03:07:12.476+0000] {logging_mixin.py:188} INFO - [2025-10-17T03:07:12.476+0000] {dag.py:3096} INFO - Sync 1 DAGs
[2025-10-17T03:07:12.490+0000] {logging_mixin.py:188} INFO - [2025-10-17T03:07:12.490+0000] {dag.py:3954} INFO - Setting next_dagrun for example_sensor_decorator to None, run_after=None
[2025-10-17T03:07:12.510+0000] {processor.py:183} INFO - Processing /home/airflow/.local/lib/python3.12/site-packages/airflow/example_dags/example_sensor_decorator.py took 0.071 seconds
[2025-10-17T03:07:42.603+0000] {processor.py:161} INFO - Started process (PID=1502) to work on /home/airflow/.local/lib/python3.12/site-packages/airflow/example_dags/example_sensor_decorator.py
[2025-10-17T03:07:42.605+0000] {processor.py:830} INFO - Processing file /home/airflow/.local/lib/python3.12/site-packages/airflow/example_dags/example_sensor_decorator.py for tasks to queue
[2025-10-17T03:07:42.607+0000] {logging_mixin.py:188} INFO - [2025-10-17T03:07:42.607+0000] {dagbag.py:545} INFO - Filling up the DagBag from /home/airflow/.local/lib/python3.12/site-packages/airflow/example_dags/example_sensor_decorator.py
[2025-10-17T03:07:42.613+0000] {processor.py:840} INFO - DAG(s) 'example_sensor_decorator' retrieved from /home/airflow/.local/lib/python3.12/site-packages/airflow/example_dags/example_sensor_decorator.py
[2025-10-17T03:07:42.634+0000] {logging_mixin.py:188} INFO - [2025-10-17T03:07:42.634+0000] {dag.py:3096} INFO - Sync 1 DAGs
[2025-10-17T03:07:42.646+0000] {logging_mixin.py:188} INFO - [2025-10-17T03:07:42.646+0000] {dag.py:3954} INFO - Setting next_dagrun for example_sensor_decorator to None, run_after=None
[2025-10-17T03:07:42.665+0000] {processor.py:183} INFO - Processing /home/airflow/.local/lib/python3.12/site-packages/airflow/example_dags/example_sensor_decorator.py took 0.067 seconds
[2025-10-17T03:08:13.438+0000] {processor.py:161} INFO - Started process (PID=1567) to work on /home/airflow/.local/lib/python3.12/site-packages/airflow/example_dags/example_sensor_decorator.py
[2025-10-17T03:08:13.439+0000] {processor.py:830} INFO - Processing file /home/airflow/.local/lib/python3.12/site-packages/airflow/example_dags/example_sensor_decorator.py for tasks to queue
[2025-10-17T03:08:13.442+0000] {logging_mixin.py:188} INFO - [2025-10-17T03:08:13.441+0000] {dagbag.py:545} INFO - Filling up the DagBag from /home/airflow/.local/lib/python3.12/site-packages/airflow/example_dags/example_sensor_decorator.py
[2025-10-17T03:08:13.449+0000] {processor.py:840} INFO - DAG(s) 'example_sensor_decorator' retrieved from /home/airflow/.local/lib/python3.12/site-packages/airflow/example_dags/example_sensor_decorator.py
[2025-10-17T03:08:13.470+0000] {logging_mixin.py:188} INFO - [2025-10-17T03:08:13.470+0000] {dag.py:3096} INFO - Sync 1 DAGs
[2025-10-17T03:08:13.483+0000] {logging_mixin.py:188} INFO - [2025-10-17T03:08:13.483+0000] {dag.py:3954} INFO - Setting next_dagrun for example_sensor_decorator to None, run_after=None
[2025-10-17T03:08:13.501+0000] {processor.py:183} INFO - Processing /home/airflow/.local/lib/python3.12/site-packages/airflow/example_dags/example_sensor_decorator.py took 0.068 seconds
[2025-10-17T03:08:43.975+0000] {processor.py:161} INFO - Started process (PID=1626) to work on /home/airflow/.local/lib/python3.12/site-packages/airflow/example_dags/example_sensor_decorator.py
[2025-10-17T03:08:43.976+0000] {processor.py:830} INFO - Processing file /home/airflow/.local/lib/python3.12/site-packages/airflow/example_dags/example_sensor_decorator.py for tasks to queue
[2025-10-17T03:08:43.978+0000] {logging_mixin.py:188} INFO - [2025-10-17T03:08:43.978+0000] {dagbag.py:545} INFO - Filling up the DagBag from /home/airflow/.local/lib/python3.12/site-packages/airflow/example_dags/example_sensor_decorator.py
[2025-10-17T03:08:43.985+0000] {processor.py:840} INFO - DAG(s) 'example_sensor_decorator' retrieved from /home/airflow/.local/lib/python3.12/site-packages/airflow/example_dags/example_sensor_decorator.py
[2025-10-17T03:08:44.002+0000] {logging_mixin.py:188} INFO - [2025-10-17T03:08:44.002+0000] {dag.py:3096} INFO - Sync 1 DAGs
[2025-10-17T03:08:44.013+0000] {logging_mixin.py:188} INFO - [2025-10-17T03:08:44.013+0000] {dag.py:3954} INFO - Setting next_dagrun for example_sensor_decorator to None, run_after=None
[2025-10-17T03:08:44.031+0000] {processor.py:183} INFO - Processing /home/airflow/.local/lib/python3.12/site-packages/airflow/example_dags/example_sensor_decorator.py took 0.061 seconds
[2025-10-17T03:09:14.077+0000] {processor.py:161} INFO - Started process (PID=1685) to work on /home/airflow/.local/lib/python3.12/site-packages/airflow/example_dags/example_sensor_decorator.py
[2025-10-17T03:09:14.078+0000] {processor.py:830} INFO - Processing file /home/airflow/.local/lib/python3.12/site-packages/airflow/example_dags/example_sensor_decorator.py for tasks to queue
[2025-10-17T03:09:14.081+0000] {logging_mixin.py:188} INFO - [2025-10-17T03:09:14.081+0000] {dagbag.py:545} INFO - Filling up the DagBag from /home/airflow/.local/lib/python3.12/site-packages/airflow/example_dags/example_sensor_decorator.py
[2025-10-17T03:09:14.088+0000] {processor.py:840} INFO - DAG(s) 'example_sensor_decorator' retrieved from /home/airflow/.local/lib/python3.12/site-packages/airflow/example_dags/example_sensor_decorator.py
[2025-10-17T03:09:14.108+0000] {logging_mixin.py:188} INFO - [2025-10-17T03:09:14.108+0000] {dag.py:3096} INFO - Sync 1 DAGs
[2025-10-17T03:09:14.119+0000] {logging_mixin.py:188} INFO - [2025-10-17T03:09:14.119+0000] {dag.py:3954} INFO - Setting next_dagrun for example_sensor_decorator to None, run_after=None
[2025-10-17T03:09:14.136+0000] {processor.py:183} INFO - Processing /home/airflow/.local/lib/python3.12/site-packages/airflow/example_dags/example_sensor_decorator.py took 0.064 seconds
[2025-10-17T03:09:44.524+0000] {processor.py:161} INFO - Started process (PID=1744) to work on /home/airflow/.local/lib/python3.12/site-packages/airflow/example_dags/example_sensor_decorator.py
[2025-10-17T03:09:44.525+0000] {processor.py:830} INFO - Processing file /home/airflow/.local/lib/python3.12/site-packages/airflow/example_dags/example_sensor_decorator.py for tasks to queue
[2025-10-17T03:09:44.528+0000] {logging_mixin.py:188} INFO - [2025-10-17T03:09:44.527+0000] {dagbag.py:545} INFO - Filling up the DagBag from /home/airflow/.local/lib/python3.12/site-packages/airflow/example_dags/example_sensor_decorator.py
[2025-10-17T03:09:44.534+0000] {processor.py:840} INFO - DAG(s) 'example_sensor_decorator' retrieved from /home/airflow/.local/lib/python3.12/site-packages/airflow/example_dags/example_sensor_decorator.py
[2025-10-17T03:09:44.552+0000] {logging_mixin.py:188} INFO - [2025-10-17T03:09:44.552+0000] {dag.py:3096} INFO - Sync 1 DAGs
[2025-10-17T03:09:44.564+0000] {logging_mixin.py:188} INFO - [2025-10-17T03:09:44.564+0000] {dag.py:3954} INFO - Setting next_dagrun for example_sensor_decorator to None, run_after=None
[2025-10-17T03:09:44.582+0000] {processor.py:183} INFO - Processing /home/airflow/.local/lib/python3.12/site-packages/airflow/example_dags/example_sensor_decorator.py took 0.063 seconds
[2025-10-17T03:10:15.061+0000] {processor.py:161} INFO - Started process (PID=1803) to work on /home/airflow/.local/lib/python3.12/site-packages/airflow/example_dags/example_sensor_decorator.py
[2025-10-17T03:10:15.063+0000] {processor.py:830} INFO - Processing file /home/airflow/.local/lib/python3.12/site-packages/airflow/example_dags/example_sensor_decorator.py for tasks to queue
[2025-10-17T03:10:15.065+0000] {logging_mixin.py:188} INFO - [2025-10-17T03:10:15.065+0000] {dagbag.py:545} INFO - Filling up the DagBag from /home/airflow/.local/lib/python3.12/site-packages/airflow/example_dags/example_sensor_decorator.py
[2025-10-17T03:10:15.071+0000] {processor.py:840} INFO - DAG(s) 'example_sensor_decorator' retrieved from /home/airflow/.local/lib/python3.12/site-packages/airflow/example_dags/example_sensor_decorator.py
[2025-10-17T03:10:15.089+0000] {logging_mixin.py:188} INFO - [2025-10-17T03:10:15.089+0000] {dag.py:3096} INFO - Sync 1 DAGs
[2025-10-17T03:10:15.103+0000] {logging_mixin.py:188} INFO - [2025-10-17T03:10:15.103+0000] {dag.py:3954} INFO - Setting next_dagrun for example_sensor_decorator to None, run_after=None
[2025-10-17T03:10:15.121+0000] {processor.py:183} INFO - Processing /home/airflow/.local/lib/python3.12/site-packages/airflow/example_dags/example_sensor_decorator.py took 0.065 seconds
[2025-10-17T03:10:45.200+0000] {processor.py:161} INFO - Started process (PID=1862) to work on /home/airflow/.local/lib/python3.12/site-packages/airflow/example_dags/example_sensor_decorator.py
[2025-10-17T03:10:45.201+0000] {processor.py:830} INFO - Processing file /home/airflow/.local/lib/python3.12/site-packages/airflow/example_dags/example_sensor_decorator.py for tasks to queue
[2025-10-17T03:10:45.204+0000] {logging_mixin.py:188} INFO - [2025-10-17T03:10:45.204+0000] {dagbag.py:545} INFO - Filling up the DagBag from /home/airflow/.local/lib/python3.12/site-packages/airflow/example_dags/example_sensor_decorator.py
[2025-10-17T03:10:45.211+0000] {processor.py:840} INFO - DAG(s) 'example_sensor_decorator' retrieved from /home/airflow/.local/lib/python3.12/site-packages/airflow/example_dags/example_sensor_decorator.py
[2025-10-17T03:10:45.232+0000] {logging_mixin.py:188} INFO - [2025-10-17T03:10:45.231+0000] {dag.py:3096} INFO - Sync 1 DAGs
[2025-10-17T03:10:45.244+0000] {logging_mixin.py:188} INFO - [2025-10-17T03:10:45.244+0000] {dag.py:3954} INFO - Setting next_dagrun for example_sensor_decorator to None, run_after=None
[2025-10-17T03:10:45.263+0000] {processor.py:183} INFO - Processing /home/airflow/.local/lib/python3.12/site-packages/airflow/example_dags/example_sensor_decorator.py took 0.069 seconds
[2025-10-17T03:11:15.593+0000] {processor.py:161} INFO - Started process (PID=1921) to work on /home/airflow/.local/lib/python3.12/site-packages/airflow/example_dags/example_sensor_decorator.py
[2025-10-17T03:11:15.594+0000] {processor.py:830} INFO - Processing file /home/airflow/.local/lib/python3.12/site-packages/airflow/example_dags/example_sensor_decorator.py for tasks to queue
[2025-10-17T03:11:15.596+0000] {logging_mixin.py:188} INFO - [2025-10-17T03:11:15.596+0000] {dagbag.py:545} INFO - Filling up the DagBag from /home/airflow/.local/lib/python3.12/site-packages/airflow/example_dags/example_sensor_decorator.py
[2025-10-17T03:11:15.602+0000] {processor.py:840} INFO - DAG(s) 'example_sensor_decorator' retrieved from /home/airflow/.local/lib/python3.12/site-packages/airflow/example_dags/example_sensor_decorator.py
[2025-10-17T03:11:15.619+0000] {logging_mixin.py:188} INFO - [2025-10-17T03:11:15.619+0000] {dag.py:3096} INFO - Sync 1 DAGs
[2025-10-17T03:11:15.630+0000] {logging_mixin.py:188} INFO - [2025-10-17T03:11:15.630+0000] {dag.py:3954} INFO - Setting next_dagrun for example_sensor_decorator to None, run_after=None
[2025-10-17T03:11:15.648+0000] {processor.py:183} INFO - Processing /home/airflow/.local/lib/python3.12/site-packages/airflow/example_dags/example_sensor_decorator.py took 0.059 seconds
[2025-10-17T03:11:46.112+0000] {processor.py:161} INFO - Started process (PID=1980) to work on /home/airflow/.local/lib/python3.12/site-packages/airflow/example_dags/example_sensor_decorator.py
[2025-10-17T03:11:46.113+0000] {processor.py:830} INFO - Processing file /home/airflow/.local/lib/python3.12/site-packages/airflow/example_dags/example_sensor_decorator.py for tasks to queue
[2025-10-17T03:11:46.115+0000] {logging_mixin.py:188} INFO - [2025-10-17T03:11:46.115+0000] {dagbag.py:545} INFO - Filling up the DagBag from /home/airflow/.local/lib/python3.12/site-packages/airflow/example_dags/example_sensor_decorator.py
[2025-10-17T03:11:46.121+0000] {processor.py:840} INFO - DAG(s) 'example_sensor_decorator' retrieved from /home/airflow/.local/lib/python3.12/site-packages/airflow/example_dags/example_sensor_decorator.py
[2025-10-17T03:11:46.139+0000] {logging_mixin.py:188} INFO - [2025-10-17T03:11:46.139+0000] {dag.py:3096} INFO - Sync 1 DAGs
[2025-10-17T03:11:46.150+0000] {logging_mixin.py:188} INFO - [2025-10-17T03:11:46.150+0000] {dag.py:3954} INFO - Setting next_dagrun for example_sensor_decorator to None, run_after=None
[2025-10-17T03:11:46.167+0000] {processor.py:183} INFO - Processing /home/airflow/.local/lib/python3.12/site-packages/airflow/example_dags/example_sensor_decorator.py took 0.061 seconds
[2025-10-17T03:12:16.778+0000] {processor.py:161} INFO - Started process (PID=2039) to work on /home/airflow/.local/lib/python3.12/site-packages/airflow/example_dags/example_sensor_decorator.py
[2025-10-17T03:12:16.779+0000] {processor.py:830} INFO - Processing file /home/airflow/.local/lib/python3.12/site-packages/airflow/example_dags/example_sensor_decorator.py for tasks to queue
[2025-10-17T03:12:16.781+0000] {logging_mixin.py:188} INFO - [2025-10-17T03:12:16.781+0000] {dagbag.py:545} INFO - Filling up the DagBag from /home/airflow/.local/lib/python3.12/site-packages/airflow/example_dags/example_sensor_decorator.py
[2025-10-17T03:12:16.788+0000] {processor.py:840} INFO - DAG(s) 'example_sensor_decorator' retrieved from /home/airflow/.local/lib/python3.12/site-packages/airflow/example_dags/example_sensor_decorator.py
[2025-10-17T03:12:16.806+0000] {logging_mixin.py:188} INFO - [2025-10-17T03:12:16.806+0000] {dag.py:3096} INFO - Sync 1 DAGs
[2025-10-17T03:12:16.820+0000] {logging_mixin.py:188} INFO - [2025-10-17T03:12:16.820+0000] {dag.py:3954} INFO - Setting next_dagrun for example_sensor_decorator to None, run_after=None
[2025-10-17T03:12:16.839+0000] {processor.py:183} INFO - Processing /home/airflow/.local/lib/python3.12/site-packages/airflow/example_dags/example_sensor_decorator.py took 0.066 seconds
[2025-10-17T03:12:47.274+0000] {processor.py:161} INFO - Started process (PID=2098) to work on /home/airflow/.local/lib/python3.12/site-packages/airflow/example_dags/example_sensor_decorator.py
[2025-10-17T03:12:47.276+0000] {processor.py:830} INFO - Processing file /home/airflow/.local/lib/python3.12/site-packages/airflow/example_dags/example_sensor_decorator.py for tasks to queue
[2025-10-17T03:12:47.278+0000] {logging_mixin.py:188} INFO - [2025-10-17T03:12:47.278+0000] {dagbag.py:545} INFO - Filling up the DagBag from /home/airflow/.local/lib/python3.12/site-packages/airflow/example_dags/example_sensor_decorator.py
[2025-10-17T03:12:47.284+0000] {processor.py:840} INFO - DAG(s) 'example_sensor_decorator' retrieved from /home/airflow/.local/lib/python3.12/site-packages/airflow/example_dags/example_sensor_decorator.py
[2025-10-17T03:12:47.304+0000] {logging_mixin.py:188} INFO - [2025-10-17T03:12:47.304+0000] {dag.py:3096} INFO - Sync 1 DAGs
[2025-10-17T03:12:47.316+0000] {logging_mixin.py:188} INFO - [2025-10-17T03:12:47.316+0000] {dag.py:3954} INFO - Setting next_dagrun for example_sensor_decorator to None, run_after=None
[2025-10-17T03:12:47.333+0000] {processor.py:183} INFO - Processing /home/airflow/.local/lib/python3.12/site-packages/airflow/example_dags/example_sensor_decorator.py took 0.064 seconds
[2025-10-17T03:13:17.680+0000] {processor.py:161} INFO - Started process (PID=2157) to work on /home/airflow/.local/lib/python3.12/site-packages/airflow/example_dags/example_sensor_decorator.py
[2025-10-17T03:13:17.682+0000] {processor.py:830} INFO - Processing file /home/airflow/.local/lib/python3.12/site-packages/airflow/example_dags/example_sensor_decorator.py for tasks to queue
[2025-10-17T03:13:17.684+0000] {logging_mixin.py:188} INFO - [2025-10-17T03:13:17.683+0000] {dagbag.py:545} INFO - Filling up the DagBag from /home/airflow/.local/lib/python3.12/site-packages/airflow/example_dags/example_sensor_decorator.py
[2025-10-17T03:13:17.690+0000] {processor.py:840} INFO - DAG(s) 'example_sensor_decorator' retrieved from /home/airflow/.local/lib/python3.12/site-packages/airflow/example_dags/example_sensor_decorator.py
[2025-10-17T03:13:17.710+0000] {logging_mixin.py:188} INFO - [2025-10-17T03:13:17.710+0000] {dag.py:3096} INFO - Sync 1 DAGs
[2025-10-17T03:13:17.723+0000] {logging_mixin.py:188} INFO - [2025-10-17T03:13:17.723+0000] {dag.py:3954} INFO - Setting next_dagrun for example_sensor_decorator to None, run_after=None
[2025-10-17T03:13:17.744+0000] {processor.py:183} INFO - Processing /home/airflow/.local/lib/python3.12/site-packages/airflow/example_dags/example_sensor_decorator.py took 0.069 seconds
[2025-10-17T03:13:48.177+0000] {processor.py:161} INFO - Started process (PID=2216) to work on /home/airflow/.local/lib/python3.12/site-packages/airflow/example_dags/example_sensor_decorator.py
[2025-10-17T03:13:48.178+0000] {processor.py:830} INFO - Processing file /home/airflow/.local/lib/python3.12/site-packages/airflow/example_dags/example_sensor_decorator.py for tasks to queue
[2025-10-17T03:13:48.180+0000] {logging_mixin.py:188} INFO - [2025-10-17T03:13:48.180+0000] {dagbag.py:545} INFO - Filling up the DagBag from /home/airflow/.local/lib/python3.12/site-packages/airflow/example_dags/example_sensor_decorator.py
[2025-10-17T03:13:48.192+0000] {processor.py:840} INFO - DAG(s) 'example_sensor_decorator' retrieved from /home/airflow/.local/lib/python3.12/site-packages/airflow/example_dags/example_sensor_decorator.py
[2025-10-17T03:13:48.211+0000] {logging_mixin.py:188} INFO - [2025-10-17T03:13:48.210+0000] {dag.py:3096} INFO - Sync 1 DAGs
[2025-10-17T03:13:48.223+0000] {logging_mixin.py:188} INFO - [2025-10-17T03:13:48.223+0000] {dag.py:3954} INFO - Setting next_dagrun for example_sensor_decorator to None, run_after=None
[2025-10-17T03:13:48.254+0000] {processor.py:183} INFO - Processing /home/airflow/.local/lib/python3.12/site-packages/airflow/example_dags/example_sensor_decorator.py took 0.082 seconds
[2025-10-17T03:14:19.222+0000] {processor.py:161} INFO - Started process (PID=2275) to work on /home/airflow/.local/lib/python3.12/site-packages/airflow/example_dags/example_sensor_decorator.py
[2025-10-17T03:14:19.223+0000] {processor.py:830} INFO - Processing file /home/airflow/.local/lib/python3.12/site-packages/airflow/example_dags/example_sensor_decorator.py for tasks to queue
[2025-10-17T03:14:19.226+0000] {logging_mixin.py:188} INFO - [2025-10-17T03:14:19.226+0000] {dagbag.py:545} INFO - Filling up the DagBag from /home/airflow/.local/lib/python3.12/site-packages/airflow/example_dags/example_sensor_decorator.py
[2025-10-17T03:14:19.233+0000] {processor.py:840} INFO - DAG(s) 'example_sensor_decorator' retrieved from /home/airflow/.local/lib/python3.12/site-packages/airflow/example_dags/example_sensor_decorator.py
[2025-10-17T03:14:19.252+0000] {logging_mixin.py:188} INFO - [2025-10-17T03:14:19.252+0000] {dag.py:3096} INFO - Sync 1 DAGs
[2025-10-17T03:14:19.263+0000] {logging_mixin.py:188} INFO - [2025-10-17T03:14:19.263+0000] {dag.py:3954} INFO - Setting next_dagrun for example_sensor_decorator to None, run_after=None
[2025-10-17T03:14:19.281+0000] {processor.py:183} INFO - Processing /home/airflow/.local/lib/python3.12/site-packages/airflow/example_dags/example_sensor_decorator.py took 0.065 seconds
[2025-10-17T03:14:49.361+0000] {processor.py:161} INFO - Started process (PID=2334) to work on /home/airflow/.local/lib/python3.12/site-packages/airflow/example_dags/example_sensor_decorator.py
[2025-10-17T03:14:49.363+0000] {processor.py:830} INFO - Processing file /home/airflow/.local/lib/python3.12/site-packages/airflow/example_dags/example_sensor_decorator.py for tasks to queue
[2025-10-17T03:14:49.365+0000] {logging_mixin.py:188} INFO - [2025-10-17T03:14:49.365+0000] {dagbag.py:545} INFO - Filling up the DagBag from /home/airflow/.local/lib/python3.12/site-packages/airflow/example_dags/example_sensor_decorator.py
[2025-10-17T03:14:49.372+0000] {processor.py:840} INFO - DAG(s) 'example_sensor_decorator' retrieved from /home/airflow/.local/lib/python3.12/site-packages/airflow/example_dags/example_sensor_decorator.py
[2025-10-17T03:14:49.392+0000] {logging_mixin.py:188} INFO - [2025-10-17T03:14:49.392+0000] {dag.py:3096} INFO - Sync 1 DAGs
[2025-10-17T03:14:49.406+0000] {logging_mixin.py:188} INFO - [2025-10-17T03:14:49.406+0000] {dag.py:3954} INFO - Setting next_dagrun for example_sensor_decorator to None, run_after=None
[2025-10-17T03:14:49.427+0000] {processor.py:183} INFO - Processing /home/airflow/.local/lib/python3.12/site-packages/airflow/example_dags/example_sensor_decorator.py took 0.073 seconds
[2025-10-17T03:15:19.650+0000] {processor.py:161} INFO - Started process (PID=2393) to work on /home/airflow/.local/lib/python3.12/site-packages/airflow/example_dags/example_sensor_decorator.py
[2025-10-17T03:15:19.651+0000] {processor.py:830} INFO - Processing file /home/airflow/.local/lib/python3.12/site-packages/airflow/example_dags/example_sensor_decorator.py for tasks to queue
[2025-10-17T03:15:19.653+0000] {logging_mixin.py:188} INFO - [2025-10-17T03:15:19.653+0000] {dagbag.py:545} INFO - Filling up the DagBag from /home/airflow/.local/lib/python3.12/site-packages/airflow/example_dags/example_sensor_decorator.py
[2025-10-17T03:15:19.659+0000] {processor.py:840} INFO - DAG(s) 'example_sensor_decorator' retrieved from /home/airflow/.local/lib/python3.12/site-packages/airflow/example_dags/example_sensor_decorator.py
[2025-10-17T03:15:19.677+0000] {logging_mixin.py:188} INFO - [2025-10-17T03:15:19.677+0000] {dag.py:3096} INFO - Sync 1 DAGs
[2025-10-17T03:15:19.688+0000] {logging_mixin.py:188} INFO - [2025-10-17T03:15:19.688+0000] {dag.py:3954} INFO - Setting next_dagrun for example_sensor_decorator to None, run_after=None
[2025-10-17T03:15:19.705+0000] {processor.py:183} INFO - Processing /home/airflow/.local/lib/python3.12/site-packages/airflow/example_dags/example_sensor_decorator.py took 0.061 seconds
[2025-10-17T03:15:50.216+0000] {processor.py:161} INFO - Started process (PID=2452) to work on /home/airflow/.local/lib/python3.12/site-packages/airflow/example_dags/example_sensor_decorator.py
[2025-10-17T03:15:50.217+0000] {processor.py:830} INFO - Processing file /home/airflow/.local/lib/python3.12/site-packages/airflow/example_dags/example_sensor_decorator.py for tasks to queue
[2025-10-17T03:15:50.219+0000] {logging_mixin.py:188} INFO - [2025-10-17T03:15:50.219+0000] {dagbag.py:545} INFO - Filling up the DagBag from /home/airflow/.local/lib/python3.12/site-packages/airflow/example_dags/example_sensor_decorator.py
[2025-10-17T03:15:50.225+0000] {processor.py:840} INFO - DAG(s) 'example_sensor_decorator' retrieved from /home/airflow/.local/lib/python3.12/site-packages/airflow/example_dags/example_sensor_decorator.py
[2025-10-17T03:15:50.243+0000] {logging_mixin.py:188} INFO - [2025-10-17T03:15:50.243+0000] {dag.py:3096} INFO - Sync 1 DAGs
[2025-10-17T03:15:50.254+0000] {logging_mixin.py:188} INFO - [2025-10-17T03:15:50.254+0000] {dag.py:3954} INFO - Setting next_dagrun for example_sensor_decorator to None, run_after=None
[2025-10-17T03:15:50.272+0000] {processor.py:183} INFO - Processing /home/airflow/.local/lib/python3.12/site-packages/airflow/example_dags/example_sensor_decorator.py took 0.062 seconds
[2025-10-17T03:16:20.788+0000] {processor.py:161} INFO - Started process (PID=2511) to work on /home/airflow/.local/lib/python3.12/site-packages/airflow/example_dags/example_sensor_decorator.py
[2025-10-17T03:16:20.789+0000] {processor.py:830} INFO - Processing file /home/airflow/.local/lib/python3.12/site-packages/airflow/example_dags/example_sensor_decorator.py for tasks to queue
[2025-10-17T03:16:20.791+0000] {logging_mixin.py:188} INFO - [2025-10-17T03:16:20.791+0000] {dagbag.py:545} INFO - Filling up the DagBag from /home/airflow/.local/lib/python3.12/site-packages/airflow/example_dags/example_sensor_decorator.py
[2025-10-17T03:16:20.797+0000] {processor.py:840} INFO - DAG(s) 'example_sensor_decorator' retrieved from /home/airflow/.local/lib/python3.12/site-packages/airflow/example_dags/example_sensor_decorator.py
[2025-10-17T03:16:20.814+0000] {logging_mixin.py:188} INFO - [2025-10-17T03:16:20.814+0000] {dag.py:3096} INFO - Sync 1 DAGs
[2025-10-17T03:16:20.825+0000] {logging_mixin.py:188} INFO - [2025-10-17T03:16:20.825+0000] {dag.py:3954} INFO - Setting next_dagrun for example_sensor_decorator to None, run_after=None
[2025-10-17T03:16:20.842+0000] {processor.py:183} INFO - Processing /home/airflow/.local/lib/python3.12/site-packages/airflow/example_dags/example_sensor_decorator.py took 0.060 seconds
[2025-10-17T03:16:51.477+0000] {processor.py:161} INFO - Started process (PID=2570) to work on /home/airflow/.local/lib/python3.12/site-packages/airflow/example_dags/example_sensor_decorator.py
[2025-10-17T03:16:51.478+0000] {processor.py:830} INFO - Processing file /home/airflow/.local/lib/python3.12/site-packages/airflow/example_dags/example_sensor_decorator.py for tasks to queue
[2025-10-17T03:16:51.480+0000] {logging_mixin.py:188} INFO - [2025-10-17T03:16:51.480+0000] {dagbag.py:545} INFO - Filling up the DagBag from /home/airflow/.local/lib/python3.12/site-packages/airflow/example_dags/example_sensor_decorator.py
[2025-10-17T03:16:51.486+0000] {processor.py:840} INFO - DAG(s) 'example_sensor_decorator' retrieved from /home/airflow/.local/lib/python3.12/site-packages/airflow/example_dags/example_sensor_decorator.py
[2025-10-17T03:16:51.504+0000] {logging_mixin.py:188} INFO - [2025-10-17T03:16:51.503+0000] {dag.py:3096} INFO - Sync 1 DAGs
[2025-10-17T03:16:51.515+0000] {logging_mixin.py:188} INFO - [2025-10-17T03:16:51.515+0000] {dag.py:3954} INFO - Setting next_dagrun for example_sensor_decorator to None, run_after=None
[2025-10-17T03:16:51.533+0000] {processor.py:183} INFO - Processing /home/airflow/.local/lib/python3.12/site-packages/airflow/example_dags/example_sensor_decorator.py took 0.061 seconds
[2025-10-17T03:17:22.047+0000] {processor.py:161} INFO - Started process (PID=2629) to work on /home/airflow/.local/lib/python3.12/site-packages/airflow/example_dags/example_sensor_decorator.py
[2025-10-17T03:17:22.049+0000] {processor.py:830} INFO - Processing file /home/airflow/.local/lib/python3.12/site-packages/airflow/example_dags/example_sensor_decorator.py for tasks to queue
[2025-10-17T03:17:22.051+0000] {logging_mixin.py:188} INFO - [2025-10-17T03:17:22.051+0000] {dagbag.py:545} INFO - Filling up the DagBag from /home/airflow/.local/lib/python3.12/site-packages/airflow/example_dags/example_sensor_decorator.py
[2025-10-17T03:17:22.058+0000] {processor.py:840} INFO - DAG(s) 'example_sensor_decorator' retrieved from /home/airflow/.local/lib/python3.12/site-packages/airflow/example_dags/example_sensor_decorator.py
[2025-10-17T03:17:22.077+0000] {logging_mixin.py:188} INFO - [2025-10-17T03:17:22.077+0000] {dag.py:3096} INFO - Sync 1 DAGs
[2025-10-17T03:17:22.087+0000] {logging_mixin.py:188} INFO - [2025-10-17T03:17:22.087+0000] {dag.py:3954} INFO - Setting next_dagrun for example_sensor_decorator to None, run_after=None
[2025-10-17T03:17:22.106+0000] {processor.py:183} INFO - Processing /home/airflow/.local/lib/python3.12/site-packages/airflow/example_dags/example_sensor_decorator.py took 0.064 seconds
[2025-10-17T03:17:52.193+0000] {processor.py:161} INFO - Started process (PID=2689) to work on /home/airflow/.local/lib/python3.12/site-packages/airflow/example_dags/example_sensor_decorator.py
[2025-10-17T03:17:52.194+0000] {processor.py:830} INFO - Processing file /home/airflow/.local/lib/python3.12/site-packages/airflow/example_dags/example_sensor_decorator.py for tasks to queue
[2025-10-17T03:17:52.196+0000] {logging_mixin.py:188} INFO - [2025-10-17T03:17:52.195+0000] {dagbag.py:545} INFO - Filling up the DagBag from /home/airflow/.local/lib/python3.12/site-packages/airflow/example_dags/example_sensor_decorator.py
[2025-10-17T03:17:52.201+0000] {processor.py:840} INFO - DAG(s) 'example_sensor_decorator' retrieved from /home/airflow/.local/lib/python3.12/site-packages/airflow/example_dags/example_sensor_decorator.py
[2025-10-17T03:17:52.219+0000] {logging_mixin.py:188} INFO - [2025-10-17T03:17:52.219+0000] {dag.py:3096} INFO - Sync 1 DAGs
[2025-10-17T03:17:52.230+0000] {logging_mixin.py:188} INFO - [2025-10-17T03:17:52.230+0000] {dag.py:3954} INFO - Setting next_dagrun for example_sensor_decorator to None, run_after=None
[2025-10-17T03:17:52.247+0000] {processor.py:183} INFO - Processing /home/airflow/.local/lib/python3.12/site-packages/airflow/example_dags/example_sensor_decorator.py took 0.059 seconds
[2025-10-17T03:18:22.911+0000] {processor.py:161} INFO - Started process (PID=2748) to work on /home/airflow/.local/lib/python3.12/site-packages/airflow/example_dags/example_sensor_decorator.py
[2025-10-17T03:18:22.913+0000] {processor.py:830} INFO - Processing file /home/airflow/.local/lib/python3.12/site-packages/airflow/example_dags/example_sensor_decorator.py for tasks to queue
[2025-10-17T03:18:22.915+0000] {logging_mixin.py:188} INFO - [2025-10-17T03:18:22.915+0000] {dagbag.py:545} INFO - Filling up the DagBag from /home/airflow/.local/lib/python3.12/site-packages/airflow/example_dags/example_sensor_decorator.py
[2025-10-17T03:18:22.929+0000] {processor.py:840} INFO - DAG(s) 'example_sensor_decorator' retrieved from /home/airflow/.local/lib/python3.12/site-packages/airflow/example_dags/example_sensor_decorator.py
[2025-10-17T03:18:22.955+0000] {logging_mixin.py:188} INFO - [2025-10-17T03:18:22.955+0000] {dag.py:3096} INFO - Sync 1 DAGs
[2025-10-17T03:18:22.973+0000] {logging_mixin.py:188} INFO - [2025-10-17T03:18:22.972+0000] {dag.py:3954} INFO - Setting next_dagrun for example_sensor_decorator to None, run_after=None
[2025-10-17T03:18:23.005+0000] {processor.py:183} INFO - Processing /home/airflow/.local/lib/python3.12/site-packages/airflow/example_dags/example_sensor_decorator.py took 0.105 seconds
[2025-10-17T03:18:53.169+0000] {processor.py:161} INFO - Started process (PID=2807) to work on /home/airflow/.local/lib/python3.12/site-packages/airflow/example_dags/example_sensor_decorator.py
[2025-10-17T03:18:53.170+0000] {processor.py:830} INFO - Processing file /home/airflow/.local/lib/python3.12/site-packages/airflow/example_dags/example_sensor_decorator.py for tasks to queue
[2025-10-17T03:18:53.172+0000] {logging_mixin.py:188} INFO - [2025-10-17T03:18:53.172+0000] {dagbag.py:545} INFO - Filling up the DagBag from /home/airflow/.local/lib/python3.12/site-packages/airflow/example_dags/example_sensor_decorator.py
[2025-10-17T03:18:53.178+0000] {processor.py:840} INFO - DAG(s) 'example_sensor_decorator' retrieved from /home/airflow/.local/lib/python3.12/site-packages/airflow/example_dags/example_sensor_decorator.py
[2025-10-17T03:18:53.194+0000] {logging_mixin.py:188} INFO - [2025-10-17T03:18:53.194+0000] {dag.py:3096} INFO - Sync 1 DAGs
[2025-10-17T03:18:53.206+0000] {logging_mixin.py:188} INFO - [2025-10-17T03:18:53.206+0000] {dag.py:3954} INFO - Setting next_dagrun for example_sensor_decorator to None, run_after=None
[2025-10-17T03:18:53.224+0000] {processor.py:183} INFO - Processing /home/airflow/.local/lib/python3.12/site-packages/airflow/example_dags/example_sensor_decorator.py took 0.061 seconds
[2025-10-17T03:19:23.402+0000] {processor.py:161} INFO - Started process (PID=2866) to work on /home/airflow/.local/lib/python3.12/site-packages/airflow/example_dags/example_sensor_decorator.py
[2025-10-17T03:19:23.404+0000] {processor.py:830} INFO - Processing file /home/airflow/.local/lib/python3.12/site-packages/airflow/example_dags/example_sensor_decorator.py for tasks to queue
[2025-10-17T03:19:23.406+0000] {logging_mixin.py:188} INFO - [2025-10-17T03:19:23.406+0000] {dagbag.py:545} INFO - Filling up the DagBag from /home/airflow/.local/lib/python3.12/site-packages/airflow/example_dags/example_sensor_decorator.py
[2025-10-17T03:19:23.413+0000] {processor.py:840} INFO - DAG(s) 'example_sensor_decorator' retrieved from /home/airflow/.local/lib/python3.12/site-packages/airflow/example_dags/example_sensor_decorator.py
[2025-10-17T03:19:23.431+0000] {logging_mixin.py:188} INFO - [2025-10-17T03:19:23.431+0000] {dag.py:3096} INFO - Sync 1 DAGs
[2025-10-17T03:19:23.441+0000] {logging_mixin.py:188} INFO - [2025-10-17T03:19:23.441+0000] {dag.py:3954} INFO - Setting next_dagrun for example_sensor_decorator to None, run_after=None
[2025-10-17T03:19:23.458+0000] {processor.py:183} INFO - Processing /home/airflow/.local/lib/python3.12/site-packages/airflow/example_dags/example_sensor_decorator.py took 0.062 seconds
[2025-10-17T03:19:53.612+0000] {processor.py:161} INFO - Started process (PID=2925) to work on /home/airflow/.local/lib/python3.12/site-packages/airflow/example_dags/example_sensor_decorator.py
[2025-10-17T03:19:53.613+0000] {processor.py:830} INFO - Processing file /home/airflow/.local/lib/python3.12/site-packages/airflow/example_dags/example_sensor_decorator.py for tasks to queue
[2025-10-17T03:19:53.615+0000] {logging_mixin.py:188} INFO - [2025-10-17T03:19:53.614+0000] {dagbag.py:545} INFO - Filling up the DagBag from /home/airflow/.local/lib/python3.12/site-packages/airflow/example_dags/example_sensor_decorator.py
[2025-10-17T03:19:53.621+0000] {processor.py:840} INFO - DAG(s) 'example_sensor_decorator' retrieved from /home/airflow/.local/lib/python3.12/site-packages/airflow/example_dags/example_sensor_decorator.py
[2025-10-17T03:19:53.638+0000] {logging_mixin.py:188} INFO - [2025-10-17T03:19:53.638+0000] {dag.py:3096} INFO - Sync 1 DAGs
[2025-10-17T03:19:53.649+0000] {logging_mixin.py:188} INFO - [2025-10-17T03:19:53.648+0000] {dag.py:3954} INFO - Setting next_dagrun for example_sensor_decorator to None, run_after=None
[2025-10-17T03:19:53.665+0000] {processor.py:183} INFO - Processing /home/airflow/.local/lib/python3.12/site-packages/airflow/example_dags/example_sensor_decorator.py took 0.059 seconds
[2025-10-17T03:20:23.964+0000] {processor.py:161} INFO - Started process (PID=2984) to work on /home/airflow/.local/lib/python3.12/site-packages/airflow/example_dags/example_sensor_decorator.py
[2025-10-17T03:20:23.965+0000] {processor.py:830} INFO - Processing file /home/airflow/.local/lib/python3.12/site-packages/airflow/example_dags/example_sensor_decorator.py for tasks to queue
[2025-10-17T03:20:23.966+0000] {logging_mixin.py:188} INFO - [2025-10-17T03:20:23.966+0000] {dagbag.py:545} INFO - Filling up the DagBag from /home/airflow/.local/lib/python3.12/site-packages/airflow/example_dags/example_sensor_decorator.py
[2025-10-17T03:20:23.972+0000] {processor.py:840} INFO - DAG(s) 'example_sensor_decorator' retrieved from /home/airflow/.local/lib/python3.12/site-packages/airflow/example_dags/example_sensor_decorator.py
[2025-10-17T03:20:23.988+0000] {logging_mixin.py:188} INFO - [2025-10-17T03:20:23.988+0000] {dag.py:3096} INFO - Sync 1 DAGs
[2025-10-17T03:20:24.000+0000] {logging_mixin.py:188} INFO - [2025-10-17T03:20:23.999+0000] {dag.py:3954} INFO - Setting next_dagrun for example_sensor_decorator to None, run_after=None
[2025-10-17T03:20:24.018+0000] {processor.py:183} INFO - Processing /home/airflow/.local/lib/python3.12/site-packages/airflow/example_dags/example_sensor_decorator.py took 0.059 seconds
[2025-10-17T03:20:54.254+0000] {processor.py:161} INFO - Started process (PID=3043) to work on /home/airflow/.local/lib/python3.12/site-packages/airflow/example_dags/example_sensor_decorator.py
[2025-10-17T03:20:54.255+0000] {processor.py:830} INFO - Processing file /home/airflow/.local/lib/python3.12/site-packages/airflow/example_dags/example_sensor_decorator.py for tasks to queue
[2025-10-17T03:20:54.257+0000] {logging_mixin.py:188} INFO - [2025-10-17T03:20:54.257+0000] {dagbag.py:545} INFO - Filling up the DagBag from /home/airflow/.local/lib/python3.12/site-packages/airflow/example_dags/example_sensor_decorator.py
[2025-10-17T03:20:54.264+0000] {processor.py:840} INFO - DAG(s) 'example_sensor_decorator' retrieved from /home/airflow/.local/lib/python3.12/site-packages/airflow/example_dags/example_sensor_decorator.py
[2025-10-17T03:20:54.284+0000] {logging_mixin.py:188} INFO - [2025-10-17T03:20:54.284+0000] {dag.py:3096} INFO - Sync 1 DAGs
[2025-10-17T03:20:54.295+0000] {logging_mixin.py:188} INFO - [2025-10-17T03:20:54.294+0000] {dag.py:3954} INFO - Setting next_dagrun for example_sensor_decorator to None, run_after=None
[2025-10-17T03:20:54.314+0000] {processor.py:183} INFO - Processing /home/airflow/.local/lib/python3.12/site-packages/airflow/example_dags/example_sensor_decorator.py took 0.066 seconds
[2025-10-17T03:21:24.391+0000] {processor.py:161} INFO - Started process (PID=3102) to work on /home/airflow/.local/lib/python3.12/site-packages/airflow/example_dags/example_sensor_decorator.py
[2025-10-17T03:21:24.392+0000] {processor.py:830} INFO - Processing file /home/airflow/.local/lib/python3.12/site-packages/airflow/example_dags/example_sensor_decorator.py for tasks to queue
[2025-10-17T03:21:24.394+0000] {logging_mixin.py:188} INFO - [2025-10-17T03:21:24.394+0000] {dagbag.py:545} INFO - Filling up the DagBag from /home/airflow/.local/lib/python3.12/site-packages/airflow/example_dags/example_sensor_decorator.py
[2025-10-17T03:21:24.400+0000] {processor.py:840} INFO - DAG(s) 'example_sensor_decorator' retrieved from /home/airflow/.local/lib/python3.12/site-packages/airflow/example_dags/example_sensor_decorator.py
[2025-10-17T03:21:24.418+0000] {logging_mixin.py:188} INFO - [2025-10-17T03:21:24.418+0000] {dag.py:3096} INFO - Sync 1 DAGs
[2025-10-17T03:21:24.430+0000] {logging_mixin.py:188} INFO - [2025-10-17T03:21:24.429+0000] {dag.py:3954} INFO - Setting next_dagrun for example_sensor_decorator to None, run_after=None
[2025-10-17T03:21:24.446+0000] {processor.py:183} INFO - Processing /home/airflow/.local/lib/python3.12/site-packages/airflow/example_dags/example_sensor_decorator.py took 0.061 seconds
[2025-10-17T03:21:54.611+0000] {processor.py:161} INFO - Started process (PID=3161) to work on /home/airflow/.local/lib/python3.12/site-packages/airflow/example_dags/example_sensor_decorator.py
[2025-10-17T03:21:54.612+0000] {processor.py:830} INFO - Processing file /home/airflow/.local/lib/python3.12/site-packages/airflow/example_dags/example_sensor_decorator.py for tasks to queue
[2025-10-17T03:21:54.614+0000] {logging_mixin.py:188} INFO - [2025-10-17T03:21:54.614+0000] {dagbag.py:545} INFO - Filling up the DagBag from /home/airflow/.local/lib/python3.12/site-packages/airflow/example_dags/example_sensor_decorator.py
[2025-10-17T03:21:54.620+0000] {processor.py:840} INFO - DAG(s) 'example_sensor_decorator' retrieved from /home/airflow/.local/lib/python3.12/site-packages/airflow/example_dags/example_sensor_decorator.py
[2025-10-17T03:21:54.637+0000] {logging_mixin.py:188} INFO - [2025-10-17T03:21:54.637+0000] {dag.py:3096} INFO - Sync 1 DAGs
[2025-10-17T03:21:54.648+0000] {logging_mixin.py:188} INFO - [2025-10-17T03:21:54.648+0000] {dag.py:3954} INFO - Setting next_dagrun for example_sensor_decorator to None, run_after=None
[2025-10-17T03:21:54.665+0000] {processor.py:183} INFO - Processing /home/airflow/.local/lib/python3.12/site-packages/airflow/example_dags/example_sensor_decorator.py took 0.059 seconds
[2025-10-17T03:22:25.286+0000] {processor.py:161} INFO - Started process (PID=3220) to work on /home/airflow/.local/lib/python3.12/site-packages/airflow/example_dags/example_sensor_decorator.py
[2025-10-17T03:22:25.287+0000] {processor.py:830} INFO - Processing file /home/airflow/.local/lib/python3.12/site-packages/airflow/example_dags/example_sensor_decorator.py for tasks to queue
[2025-10-17T03:22:25.289+0000] {logging_mixin.py:188} INFO - [2025-10-17T03:22:25.289+0000] {dagbag.py:545} INFO - Filling up the DagBag from /home/airflow/.local/lib/python3.12/site-packages/airflow/example_dags/example_sensor_decorator.py
[2025-10-17T03:22:25.295+0000] {processor.py:840} INFO - DAG(s) 'example_sensor_decorator' retrieved from /home/airflow/.local/lib/python3.12/site-packages/airflow/example_dags/example_sensor_decorator.py
[2025-10-17T03:22:25.315+0000] {logging_mixin.py:188} INFO - [2025-10-17T03:22:25.314+0000] {dag.py:3096} INFO - Sync 1 DAGs
[2025-10-17T03:22:25.327+0000] {logging_mixin.py:188} INFO - [2025-10-17T03:22:25.326+0000] {dag.py:3954} INFO - Setting next_dagrun for example_sensor_decorator to None, run_after=None
[2025-10-17T03:22:25.346+0000] {processor.py:183} INFO - Processing /home/airflow/.local/lib/python3.12/site-packages/airflow/example_dags/example_sensor_decorator.py took 0.066 seconds
[2025-10-17T03:22:55.656+0000] {processor.py:161} INFO - Started process (PID=3279) to work on /home/airflow/.local/lib/python3.12/site-packages/airflow/example_dags/example_sensor_decorator.py
[2025-10-17T03:22:55.657+0000] {processor.py:830} INFO - Processing file /home/airflow/.local/lib/python3.12/site-packages/airflow/example_dags/example_sensor_decorator.py for tasks to queue
[2025-10-17T03:22:55.659+0000] {logging_mixin.py:188} INFO - [2025-10-17T03:22:55.659+0000] {dagbag.py:545} INFO - Filling up the DagBag from /home/airflow/.local/lib/python3.12/site-packages/airflow/example_dags/example_sensor_decorator.py
[2025-10-17T03:22:55.665+0000] {processor.py:840} INFO - DAG(s) 'example_sensor_decorator' retrieved from /home/airflow/.local/lib/python3.12/site-packages/airflow/example_dags/example_sensor_decorator.py
[2025-10-17T03:22:55.683+0000] {logging_mixin.py:188} INFO - [2025-10-17T03:22:55.683+0000] {dag.py:3096} INFO - Sync 1 DAGs
[2025-10-17T03:22:55.694+0000] {logging_mixin.py:188} INFO - [2025-10-17T03:22:55.693+0000] {dag.py:3954} INFO - Setting next_dagrun for example_sensor_decorator to None, run_after=None
[2025-10-17T03:22:55.711+0000] {processor.py:183} INFO - Processing /home/airflow/.local/lib/python3.12/site-packages/airflow/example_dags/example_sensor_decorator.py took 0.061 seconds
[2025-10-17T03:23:25.987+0000] {processor.py:161} INFO - Started process (PID=3338) to work on /home/airflow/.local/lib/python3.12/site-packages/airflow/example_dags/example_sensor_decorator.py
[2025-10-17T03:23:25.989+0000] {processor.py:830} INFO - Processing file /home/airflow/.local/lib/python3.12/site-packages/airflow/example_dags/example_sensor_decorator.py for tasks to queue
[2025-10-17T03:23:25.993+0000] {logging_mixin.py:188} INFO - [2025-10-17T03:23:25.992+0000] {dagbag.py:545} INFO - Filling up the DagBag from /home/airflow/.local/lib/python3.12/site-packages/airflow/example_dags/example_sensor_decorator.py
[2025-10-17T03:23:26.001+0000] {processor.py:840} INFO - DAG(s) 'example_sensor_decorator' retrieved from /home/airflow/.local/lib/python3.12/site-packages/airflow/example_dags/example_sensor_decorator.py
[2025-10-17T03:23:26.024+0000] {logging_mixin.py:188} INFO - [2025-10-17T03:23:26.024+0000] {dag.py:3096} INFO - Sync 1 DAGs
[2025-10-17T03:23:26.039+0000] {logging_mixin.py:188} INFO - [2025-10-17T03:23:26.039+0000] {dag.py:3954} INFO - Setting next_dagrun for example_sensor_decorator to None, run_after=None
[2025-10-17T03:23:26.064+0000] {processor.py:183} INFO - Processing /home/airflow/.local/lib/python3.12/site-packages/airflow/example_dags/example_sensor_decorator.py took 0.085 seconds
[2025-10-17T03:23:56.318+0000] {processor.py:161} INFO - Started process (PID=3397) to work on /home/airflow/.local/lib/python3.12/site-packages/airflow/example_dags/example_sensor_decorator.py
[2025-10-17T03:23:56.319+0000] {processor.py:830} INFO - Processing file /home/airflow/.local/lib/python3.12/site-packages/airflow/example_dags/example_sensor_decorator.py for tasks to queue
[2025-10-17T03:23:56.322+0000] {logging_mixin.py:188} INFO - [2025-10-17T03:23:56.321+0000] {dagbag.py:545} INFO - Filling up the DagBag from /home/airflow/.local/lib/python3.12/site-packages/airflow/example_dags/example_sensor_decorator.py
[2025-10-17T03:23:56.332+0000] {processor.py:840} INFO - DAG(s) 'example_sensor_decorator' retrieved from /home/airflow/.local/lib/python3.12/site-packages/airflow/example_dags/example_sensor_decorator.py
[2025-10-17T03:23:56.369+0000] {logging_mixin.py:188} INFO - [2025-10-17T03:23:56.369+0000] {dag.py:3096} INFO - Sync 1 DAGs
[2025-10-17T03:23:56.388+0000] {logging_mixin.py:188} INFO - [2025-10-17T03:23:56.388+0000] {dag.py:3954} INFO - Setting next_dagrun for example_sensor_decorator to None, run_after=None
[2025-10-17T03:23:56.415+0000] {processor.py:183} INFO - Processing /home/airflow/.local/lib/python3.12/site-packages/airflow/example_dags/example_sensor_decorator.py took 0.104 seconds
[2025-10-17T03:24:26.999+0000] {processor.py:161} INFO - Started process (PID=3456) to work on /home/airflow/.local/lib/python3.12/site-packages/airflow/example_dags/example_sensor_decorator.py
[2025-10-17T03:24:27.000+0000] {processor.py:830} INFO - Processing file /home/airflow/.local/lib/python3.12/site-packages/airflow/example_dags/example_sensor_decorator.py for tasks to queue
[2025-10-17T03:24:27.002+0000] {logging_mixin.py:188} INFO - [2025-10-17T03:24:27.002+0000] {dagbag.py:545} INFO - Filling up the DagBag from /home/airflow/.local/lib/python3.12/site-packages/airflow/example_dags/example_sensor_decorator.py
[2025-10-17T03:24:27.007+0000] {processor.py:840} INFO - DAG(s) 'example_sensor_decorator' retrieved from /home/airflow/.local/lib/python3.12/site-packages/airflow/example_dags/example_sensor_decorator.py
[2025-10-17T03:24:27.026+0000] {logging_mixin.py:188} INFO - [2025-10-17T03:24:27.025+0000] {dag.py:3096} INFO - Sync 1 DAGs
[2025-10-17T03:24:27.037+0000] {logging_mixin.py:188} INFO - [2025-10-17T03:24:27.036+0000] {dag.py:3954} INFO - Setting next_dagrun for example_sensor_decorator to None, run_after=None
[2025-10-17T03:24:27.054+0000] {processor.py:183} INFO - Processing /home/airflow/.local/lib/python3.12/site-packages/airflow/example_dags/example_sensor_decorator.py took 0.061 seconds
[2025-10-17T03:24:57.305+0000] {processor.py:161} INFO - Started process (PID=3515) to work on /home/airflow/.local/lib/python3.12/site-packages/airflow/example_dags/example_sensor_decorator.py
[2025-10-17T03:24:57.307+0000] {processor.py:830} INFO - Processing file /home/airflow/.local/lib/python3.12/site-packages/airflow/example_dags/example_sensor_decorator.py for tasks to queue
[2025-10-17T03:24:57.309+0000] {logging_mixin.py:188} INFO - [2025-10-17T03:24:57.308+0000] {dagbag.py:545} INFO - Filling up the DagBag from /home/airflow/.local/lib/python3.12/site-packages/airflow/example_dags/example_sensor_decorator.py
[2025-10-17T03:24:57.314+0000] {processor.py:840} INFO - DAG(s) 'example_sensor_decorator' retrieved from /home/airflow/.local/lib/python3.12/site-packages/airflow/example_dags/example_sensor_decorator.py
[2025-10-17T03:24:57.333+0000] {logging_mixin.py:188} INFO - [2025-10-17T03:24:57.332+0000] {dag.py:3096} INFO - Sync 1 DAGs
[2025-10-17T03:24:57.344+0000] {logging_mixin.py:188} INFO - [2025-10-17T03:24:57.344+0000] {dag.py:3954} INFO - Setting next_dagrun for example_sensor_decorator to None, run_after=None
[2025-10-17T03:24:57.360+0000] {processor.py:183} INFO - Processing /home/airflow/.local/lib/python3.12/site-packages/airflow/example_dags/example_sensor_decorator.py took 0.060 seconds
[2025-10-17T03:25:27.594+0000] {processor.py:161} INFO - Started process (PID=3574) to work on /home/airflow/.local/lib/python3.12/site-packages/airflow/example_dags/example_sensor_decorator.py
[2025-10-17T03:25:27.595+0000] {processor.py:830} INFO - Processing file /home/airflow/.local/lib/python3.12/site-packages/airflow/example_dags/example_sensor_decorator.py for tasks to queue
[2025-10-17T03:25:27.597+0000] {logging_mixin.py:188} INFO - [2025-10-17T03:25:27.596+0000] {dagbag.py:545} INFO - Filling up the DagBag from /home/airflow/.local/lib/python3.12/site-packages/airflow/example_dags/example_sensor_decorator.py
[2025-10-17T03:25:27.604+0000] {processor.py:840} INFO - DAG(s) 'example_sensor_decorator' retrieved from /home/airflow/.local/lib/python3.12/site-packages/airflow/example_dags/example_sensor_decorator.py
[2025-10-17T03:25:27.622+0000] {logging_mixin.py:188} INFO - [2025-10-17T03:25:27.622+0000] {dag.py:3096} INFO - Sync 1 DAGs
[2025-10-17T03:25:27.633+0000] {logging_mixin.py:188} INFO - [2025-10-17T03:25:27.633+0000] {dag.py:3954} INFO - Setting next_dagrun for example_sensor_decorator to None, run_after=None
[2025-10-17T03:25:27.650+0000] {processor.py:183} INFO - Processing /home/airflow/.local/lib/python3.12/site-packages/airflow/example_dags/example_sensor_decorator.py took 0.061 seconds
[2025-10-17T03:25:58.158+0000] {processor.py:161} INFO - Started process (PID=3633) to work on /home/airflow/.local/lib/python3.12/site-packages/airflow/example_dags/example_sensor_decorator.py
[2025-10-17T03:25:58.159+0000] {processor.py:830} INFO - Processing file /home/airflow/.local/lib/python3.12/site-packages/airflow/example_dags/example_sensor_decorator.py for tasks to queue
[2025-10-17T03:25:58.161+0000] {logging_mixin.py:188} INFO - [2025-10-17T03:25:58.161+0000] {dagbag.py:545} INFO - Filling up the DagBag from /home/airflow/.local/lib/python3.12/site-packages/airflow/example_dags/example_sensor_decorator.py
[2025-10-17T03:25:58.167+0000] {processor.py:840} INFO - DAG(s) 'example_sensor_decorator' retrieved from /home/airflow/.local/lib/python3.12/site-packages/airflow/example_dags/example_sensor_decorator.py
[2025-10-17T03:25:58.186+0000] {logging_mixin.py:188} INFO - [2025-10-17T03:25:58.186+0000] {dag.py:3096} INFO - Sync 1 DAGs
[2025-10-17T03:25:58.197+0000] {logging_mixin.py:188} INFO - [2025-10-17T03:25:58.197+0000] {dag.py:3954} INFO - Setting next_dagrun for example_sensor_decorator to None, run_after=None
[2025-10-17T03:25:58.217+0000] {processor.py:183} INFO - Processing /home/airflow/.local/lib/python3.12/site-packages/airflow/example_dags/example_sensor_decorator.py took 0.064 seconds
[2025-10-17T03:26:28.466+0000] {processor.py:161} INFO - Started process (PID=3692) to work on /home/airflow/.local/lib/python3.12/site-packages/airflow/example_dags/example_sensor_decorator.py
[2025-10-17T03:26:28.467+0000] {processor.py:830} INFO - Processing file /home/airflow/.local/lib/python3.12/site-packages/airflow/example_dags/example_sensor_decorator.py for tasks to queue
[2025-10-17T03:26:28.469+0000] {logging_mixin.py:188} INFO - [2025-10-17T03:26:28.469+0000] {dagbag.py:545} INFO - Filling up the DagBag from /home/airflow/.local/lib/python3.12/site-packages/airflow/example_dags/example_sensor_decorator.py
[2025-10-17T03:26:28.475+0000] {processor.py:840} INFO - DAG(s) 'example_sensor_decorator' retrieved from /home/airflow/.local/lib/python3.12/site-packages/airflow/example_dags/example_sensor_decorator.py
[2025-10-17T03:26:28.491+0000] {logging_mixin.py:188} INFO - [2025-10-17T03:26:28.491+0000] {dag.py:3096} INFO - Sync 1 DAGs
[2025-10-17T03:26:28.502+0000] {logging_mixin.py:188} INFO - [2025-10-17T03:26:28.502+0000] {dag.py:3954} INFO - Setting next_dagrun for example_sensor_decorator to None, run_after=None
[2025-10-17T03:26:28.520+0000] {processor.py:183} INFO - Processing /home/airflow/.local/lib/python3.12/site-packages/airflow/example_dags/example_sensor_decorator.py took 0.059 seconds
[2025-10-17T03:26:59.608+0000] {processor.py:161} INFO - Started process (PID=3751) to work on /home/airflow/.local/lib/python3.12/site-packages/airflow/example_dags/example_sensor_decorator.py
[2025-10-17T03:26:59.610+0000] {processor.py:830} INFO - Processing file /home/airflow/.local/lib/python3.12/site-packages/airflow/example_dags/example_sensor_decorator.py for tasks to queue
[2025-10-17T03:26:59.612+0000] {logging_mixin.py:188} INFO - [2025-10-17T03:26:59.612+0000] {dagbag.py:545} INFO - Filling up the DagBag from /home/airflow/.local/lib/python3.12/site-packages/airflow/example_dags/example_sensor_decorator.py
[2025-10-17T03:26:59.623+0000] {processor.py:840} INFO - DAG(s) 'example_sensor_decorator' retrieved from /home/airflow/.local/lib/python3.12/site-packages/airflow/example_dags/example_sensor_decorator.py
[2025-10-17T03:26:59.652+0000] {logging_mixin.py:188} INFO - [2025-10-17T03:26:59.652+0000] {dag.py:3096} INFO - Sync 1 DAGs
[2025-10-17T03:26:59.675+0000] {logging_mixin.py:188} INFO - [2025-10-17T03:26:59.674+0000] {dag.py:3954} INFO - Setting next_dagrun for example_sensor_decorator to None, run_after=None
[2025-10-17T03:26:59.722+0000] {processor.py:183} INFO - Processing /home/airflow/.local/lib/python3.12/site-packages/airflow/example_dags/example_sensor_decorator.py took 0.123 seconds
[2025-10-17T03:27:30.336+0000] {processor.py:161} INFO - Started process (PID=3810) to work on /home/airflow/.local/lib/python3.12/site-packages/airflow/example_dags/example_sensor_decorator.py
[2025-10-17T03:27:30.337+0000] {processor.py:830} INFO - Processing file /home/airflow/.local/lib/python3.12/site-packages/airflow/example_dags/example_sensor_decorator.py for tasks to queue
[2025-10-17T03:27:30.339+0000] {logging_mixin.py:188} INFO - [2025-10-17T03:27:30.339+0000] {dagbag.py:545} INFO - Filling up the DagBag from /home/airflow/.local/lib/python3.12/site-packages/airflow/example_dags/example_sensor_decorator.py
[2025-10-17T03:27:30.345+0000] {processor.py:840} INFO - DAG(s) 'example_sensor_decorator' retrieved from /home/airflow/.local/lib/python3.12/site-packages/airflow/example_dags/example_sensor_decorator.py
[2025-10-17T03:27:30.364+0000] {logging_mixin.py:188} INFO - [2025-10-17T03:27:30.364+0000] {dag.py:3096} INFO - Sync 1 DAGs
[2025-10-17T03:27:30.375+0000] {logging_mixin.py:188} INFO - [2025-10-17T03:27:30.375+0000] {dag.py:3954} INFO - Setting next_dagrun for example_sensor_decorator to None, run_after=None
[2025-10-17T03:27:30.395+0000] {processor.py:183} INFO - Processing /home/airflow/.local/lib/python3.12/site-packages/airflow/example_dags/example_sensor_decorator.py took 0.064 seconds
[2025-10-17T03:28:00.509+0000] {processor.py:161} INFO - Started process (PID=3869) to work on /home/airflow/.local/lib/python3.12/site-packages/airflow/example_dags/example_sensor_decorator.py
[2025-10-17T03:28:00.510+0000] {processor.py:830} INFO - Processing file /home/airflow/.local/lib/python3.12/site-packages/airflow/example_dags/example_sensor_decorator.py for tasks to queue
[2025-10-17T03:28:00.512+0000] {logging_mixin.py:188} INFO - [2025-10-17T03:28:00.512+0000] {dagbag.py:545} INFO - Filling up the DagBag from /home/airflow/.local/lib/python3.12/site-packages/airflow/example_dags/example_sensor_decorator.py
[2025-10-17T03:28:00.518+0000] {processor.py:840} INFO - DAG(s) 'example_sensor_decorator' retrieved from /home/airflow/.local/lib/python3.12/site-packages/airflow/example_dags/example_sensor_decorator.py
[2025-10-17T03:28:00.536+0000] {logging_mixin.py:188} INFO - [2025-10-17T03:28:00.536+0000] {dag.py:3096} INFO - Sync 1 DAGs
[2025-10-17T03:28:00.548+0000] {logging_mixin.py:188} INFO - [2025-10-17T03:28:00.548+0000] {dag.py:3954} INFO - Setting next_dagrun for example_sensor_decorator to None, run_after=None
[2025-10-17T03:28:00.567+0000] {processor.py:183} INFO - Processing /home/airflow/.local/lib/python3.12/site-packages/airflow/example_dags/example_sensor_decorator.py took 0.064 seconds
[2025-10-17T03:28:30.755+0000] {processor.py:161} INFO - Started process (PID=3928) to work on /home/airflow/.local/lib/python3.12/site-packages/airflow/example_dags/example_sensor_decorator.py
[2025-10-17T03:28:30.757+0000] {processor.py:830} INFO - Processing file /home/airflow/.local/lib/python3.12/site-packages/airflow/example_dags/example_sensor_decorator.py for tasks to queue
[2025-10-17T03:28:30.759+0000] {logging_mixin.py:188} INFO - [2025-10-17T03:28:30.759+0000] {dagbag.py:545} INFO - Filling up the DagBag from /home/airflow/.local/lib/python3.12/site-packages/airflow/example_dags/example_sensor_decorator.py
[2025-10-17T03:28:30.766+0000] {processor.py:840} INFO - DAG(s) 'example_sensor_decorator' retrieved from /home/airflow/.local/lib/python3.12/site-packages/airflow/example_dags/example_sensor_decorator.py
[2025-10-17T03:28:30.784+0000] {logging_mixin.py:188} INFO - [2025-10-17T03:28:30.783+0000] {dag.py:3096} INFO - Sync 1 DAGs
[2025-10-17T03:28:30.795+0000] {logging_mixin.py:188} INFO - [2025-10-17T03:28:30.795+0000] {dag.py:3954} INFO - Setting next_dagrun for example_sensor_decorator to None, run_after=None
[2025-10-17T03:28:30.813+0000] {processor.py:183} INFO - Processing /home/airflow/.local/lib/python3.12/site-packages/airflow/example_dags/example_sensor_decorator.py took 0.063 seconds
[2025-10-17T03:29:01.148+0000] {processor.py:161} INFO - Started process (PID=3987) to work on /home/airflow/.local/lib/python3.12/site-packages/airflow/example_dags/example_sensor_decorator.py
[2025-10-17T03:29:01.149+0000] {processor.py:830} INFO - Processing file /home/airflow/.local/lib/python3.12/site-packages/airflow/example_dags/example_sensor_decorator.py for tasks to queue
[2025-10-17T03:29:01.152+0000] {logging_mixin.py:188} INFO - [2025-10-17T03:29:01.151+0000] {dagbag.py:545} INFO - Filling up the DagBag from /home/airflow/.local/lib/python3.12/site-packages/airflow/example_dags/example_sensor_decorator.py
[2025-10-17T03:29:01.158+0000] {processor.py:840} INFO - DAG(s) 'example_sensor_decorator' retrieved from /home/airflow/.local/lib/python3.12/site-packages/airflow/example_dags/example_sensor_decorator.py
[2025-10-17T03:29:01.178+0000] {logging_mixin.py:188} INFO - [2025-10-17T03:29:01.178+0000] {dag.py:3096} INFO - Sync 1 DAGs
[2025-10-17T03:29:01.190+0000] {logging_mixin.py:188} INFO - [2025-10-17T03:29:01.190+0000] {dag.py:3954} INFO - Setting next_dagrun for example_sensor_decorator to None, run_after=None
[2025-10-17T03:29:01.210+0000] {processor.py:183} INFO - Processing /home/airflow/.local/lib/python3.12/site-packages/airflow/example_dags/example_sensor_decorator.py took 0.068 seconds
[2025-10-17T03:29:31.708+0000] {processor.py:161} INFO - Started process (PID=4046) to work on /home/airflow/.local/lib/python3.12/site-packages/airflow/example_dags/example_sensor_decorator.py
[2025-10-17T03:29:31.709+0000] {processor.py:830} INFO - Processing file /home/airflow/.local/lib/python3.12/site-packages/airflow/example_dags/example_sensor_decorator.py for tasks to queue
[2025-10-17T03:29:31.711+0000] {logging_mixin.py:188} INFO - [2025-10-17T03:29:31.711+0000] {dagbag.py:545} INFO - Filling up the DagBag from /home/airflow/.local/lib/python3.12/site-packages/airflow/example_dags/example_sensor_decorator.py
[2025-10-17T03:29:31.717+0000] {processor.py:840} INFO - DAG(s) 'example_sensor_decorator' retrieved from /home/airflow/.local/lib/python3.12/site-packages/airflow/example_dags/example_sensor_decorator.py
[2025-10-17T03:29:31.735+0000] {logging_mixin.py:188} INFO - [2025-10-17T03:29:31.735+0000] {dag.py:3096} INFO - Sync 1 DAGs
[2025-10-17T03:29:31.747+0000] {logging_mixin.py:188} INFO - [2025-10-17T03:29:31.747+0000] {dag.py:3954} INFO - Setting next_dagrun for example_sensor_decorator to None, run_after=None
[2025-10-17T03:29:31.765+0000] {processor.py:183} INFO - Processing /home/airflow/.local/lib/python3.12/site-packages/airflow/example_dags/example_sensor_decorator.py took 0.063 seconds
[2025-10-17T03:30:01.946+0000] {processor.py:161} INFO - Started process (PID=4105) to work on /home/airflow/.local/lib/python3.12/site-packages/airflow/example_dags/example_sensor_decorator.py
[2025-10-17T03:30:01.947+0000] {processor.py:830} INFO - Processing file /home/airflow/.local/lib/python3.12/site-packages/airflow/example_dags/example_sensor_decorator.py for tasks to queue
[2025-10-17T03:30:01.949+0000] {logging_mixin.py:188} INFO - [2025-10-17T03:30:01.949+0000] {dagbag.py:545} INFO - Filling up the DagBag from /home/airflow/.local/lib/python3.12/site-packages/airflow/example_dags/example_sensor_decorator.py
[2025-10-17T03:30:01.957+0000] {processor.py:840} INFO - DAG(s) 'example_sensor_decorator' retrieved from /home/airflow/.local/lib/python3.12/site-packages/airflow/example_dags/example_sensor_decorator.py
[2025-10-17T03:30:01.978+0000] {logging_mixin.py:188} INFO - [2025-10-17T03:30:01.978+0000] {dag.py:3096} INFO - Sync 1 DAGs
[2025-10-17T03:30:01.990+0000] {logging_mixin.py:188} INFO - [2025-10-17T03:30:01.990+0000] {dag.py:3954} INFO - Setting next_dagrun for example_sensor_decorator to None, run_after=None
[2025-10-17T03:30:02.011+0000] {processor.py:183} INFO - Processing /home/airflow/.local/lib/python3.12/site-packages/airflow/example_dags/example_sensor_decorator.py took 0.072 seconds
[2025-10-17T03:30:32.141+0000] {processor.py:161} INFO - Started process (PID=4164) to work on /home/airflow/.local/lib/python3.12/site-packages/airflow/example_dags/example_sensor_decorator.py
[2025-10-17T03:30:32.142+0000] {processor.py:830} INFO - Processing file /home/airflow/.local/lib/python3.12/site-packages/airflow/example_dags/example_sensor_decorator.py for tasks to queue
[2025-10-17T03:30:32.144+0000] {logging_mixin.py:188} INFO - [2025-10-17T03:30:32.144+0000] {dagbag.py:545} INFO - Filling up the DagBag from /home/airflow/.local/lib/python3.12/site-packages/airflow/example_dags/example_sensor_decorator.py
[2025-10-17T03:30:32.150+0000] {processor.py:840} INFO - DAG(s) 'example_sensor_decorator' retrieved from /home/airflow/.local/lib/python3.12/site-packages/airflow/example_dags/example_sensor_decorator.py
[2025-10-17T03:30:32.168+0000] {logging_mixin.py:188} INFO - [2025-10-17T03:30:32.168+0000] {dag.py:3096} INFO - Sync 1 DAGs
[2025-10-17T03:30:32.179+0000] {logging_mixin.py:188} INFO - [2025-10-17T03:30:32.179+0000] {dag.py:3954} INFO - Setting next_dagrun for example_sensor_decorator to None, run_after=None
[2025-10-17T03:30:32.198+0000] {processor.py:183} INFO - Processing /home/airflow/.local/lib/python3.12/site-packages/airflow/example_dags/example_sensor_decorator.py took 0.062 seconds
[2025-10-17T03:31:03.211+0000] {processor.py:161} INFO - Started process (PID=4223) to work on /home/airflow/.local/lib/python3.12/site-packages/airflow/example_dags/example_sensor_decorator.py
[2025-10-17T03:31:03.212+0000] {processor.py:830} INFO - Processing file /home/airflow/.local/lib/python3.12/site-packages/airflow/example_dags/example_sensor_decorator.py for tasks to queue
[2025-10-17T03:31:03.214+0000] {logging_mixin.py:188} INFO - [2025-10-17T03:31:03.213+0000] {dagbag.py:545} INFO - Filling up the DagBag from /home/airflow/.local/lib/python3.12/site-packages/airflow/example_dags/example_sensor_decorator.py
[2025-10-17T03:31:03.219+0000] {processor.py:840} INFO - DAG(s) 'example_sensor_decorator' retrieved from /home/airflow/.local/lib/python3.12/site-packages/airflow/example_dags/example_sensor_decorator.py
[2025-10-17T03:31:03.237+0000] {logging_mixin.py:188} INFO - [2025-10-17T03:31:03.236+0000] {dag.py:3096} INFO - Sync 1 DAGs
[2025-10-17T03:31:03.248+0000] {logging_mixin.py:188} INFO - [2025-10-17T03:31:03.248+0000] {dag.py:3954} INFO - Setting next_dagrun for example_sensor_decorator to None, run_after=None
[2025-10-17T03:31:03.270+0000] {processor.py:183} INFO - Processing /home/airflow/.local/lib/python3.12/site-packages/airflow/example_dags/example_sensor_decorator.py took 0.065 seconds
[2025-10-17T03:31:33.899+0000] {processor.py:161} INFO - Started process (PID=4282) to work on /home/airflow/.local/lib/python3.12/site-packages/airflow/example_dags/example_sensor_decorator.py
[2025-10-17T03:31:33.900+0000] {processor.py:830} INFO - Processing file /home/airflow/.local/lib/python3.12/site-packages/airflow/example_dags/example_sensor_decorator.py for tasks to queue
[2025-10-17T03:31:33.902+0000] {logging_mixin.py:188} INFO - [2025-10-17T03:31:33.902+0000] {dagbag.py:545} INFO - Filling up the DagBag from /home/airflow/.local/lib/python3.12/site-packages/airflow/example_dags/example_sensor_decorator.py
[2025-10-17T03:31:33.908+0000] {processor.py:840} INFO - DAG(s) 'example_sensor_decorator' retrieved from /home/airflow/.local/lib/python3.12/site-packages/airflow/example_dags/example_sensor_decorator.py
[2025-10-17T03:31:33.927+0000] {logging_mixin.py:188} INFO - [2025-10-17T03:31:33.927+0000] {dag.py:3096} INFO - Sync 1 DAGs
[2025-10-17T03:31:33.939+0000] {logging_mixin.py:188} INFO - [2025-10-17T03:31:33.938+0000] {dag.py:3954} INFO - Setting next_dagrun for example_sensor_decorator to None, run_after=None
[2025-10-17T03:31:33.956+0000] {processor.py:183} INFO - Processing /home/airflow/.local/lib/python3.12/site-packages/airflow/example_dags/example_sensor_decorator.py took 0.063 seconds
[2025-10-17T03:32:04.279+0000] {processor.py:161} INFO - Started process (PID=4341) to work on /home/airflow/.local/lib/python3.12/site-packages/airflow/example_dags/example_sensor_decorator.py
[2025-10-17T03:32:04.280+0000] {processor.py:830} INFO - Processing file /home/airflow/.local/lib/python3.12/site-packages/airflow/example_dags/example_sensor_decorator.py for tasks to queue
[2025-10-17T03:32:04.282+0000] {logging_mixin.py:188} INFO - [2025-10-17T03:32:04.282+0000] {dagbag.py:545} INFO - Filling up the DagBag from /home/airflow/.local/lib/python3.12/site-packages/airflow/example_dags/example_sensor_decorator.py
[2025-10-17T03:32:04.288+0000] {processor.py:840} INFO - DAG(s) 'example_sensor_decorator' retrieved from /home/airflow/.local/lib/python3.12/site-packages/airflow/example_dags/example_sensor_decorator.py
[2025-10-17T03:32:04.306+0000] {logging_mixin.py:188} INFO - [2025-10-17T03:32:04.305+0000] {dag.py:3096} INFO - Sync 1 DAGs
[2025-10-17T03:32:04.316+0000] {logging_mixin.py:188} INFO - [2025-10-17T03:32:04.316+0000] {dag.py:3954} INFO - Setting next_dagrun for example_sensor_decorator to None, run_after=None
[2025-10-17T03:32:04.334+0000] {processor.py:183} INFO - Processing /home/airflow/.local/lib/python3.12/site-packages/airflow/example_dags/example_sensor_decorator.py took 0.061 seconds
[2025-10-17T03:32:34.562+0000] {processor.py:161} INFO - Started process (PID=4400) to work on /home/airflow/.local/lib/python3.12/site-packages/airflow/example_dags/example_sensor_decorator.py
[2025-10-17T03:32:34.564+0000] {processor.py:830} INFO - Processing file /home/airflow/.local/lib/python3.12/site-packages/airflow/example_dags/example_sensor_decorator.py for tasks to queue
[2025-10-17T03:32:34.566+0000] {logging_mixin.py:188} INFO - [2025-10-17T03:32:34.565+0000] {dagbag.py:545} INFO - Filling up the DagBag from /home/airflow/.local/lib/python3.12/site-packages/airflow/example_dags/example_sensor_decorator.py
[2025-10-17T03:32:34.571+0000] {processor.py:840} INFO - DAG(s) 'example_sensor_decorator' retrieved from /home/airflow/.local/lib/python3.12/site-packages/airflow/example_dags/example_sensor_decorator.py
[2025-10-17T03:32:34.589+0000] {logging_mixin.py:188} INFO - [2025-10-17T03:32:34.589+0000] {dag.py:3096} INFO - Sync 1 DAGs
[2025-10-17T03:32:34.599+0000] {logging_mixin.py:188} INFO - [2025-10-17T03:32:34.599+0000] {dag.py:3954} INFO - Setting next_dagrun for example_sensor_decorator to None, run_after=None
[2025-10-17T03:32:34.616+0000] {processor.py:183} INFO - Processing /home/airflow/.local/lib/python3.12/site-packages/airflow/example_dags/example_sensor_decorator.py took 0.059 seconds
[2025-10-17T03:33:05.312+0000] {processor.py:161} INFO - Started process (PID=4460) to work on /home/airflow/.local/lib/python3.12/site-packages/airflow/example_dags/example_sensor_decorator.py
[2025-10-17T03:33:05.313+0000] {processor.py:830} INFO - Processing file /home/airflow/.local/lib/python3.12/site-packages/airflow/example_dags/example_sensor_decorator.py for tasks to queue
[2025-10-17T03:33:05.315+0000] {logging_mixin.py:188} INFO - [2025-10-17T03:33:05.315+0000] {dagbag.py:545} INFO - Filling up the DagBag from /home/airflow/.local/lib/python3.12/site-packages/airflow/example_dags/example_sensor_decorator.py
[2025-10-17T03:33:05.321+0000] {processor.py:840} INFO - DAG(s) 'example_sensor_decorator' retrieved from /home/airflow/.local/lib/python3.12/site-packages/airflow/example_dags/example_sensor_decorator.py
[2025-10-17T03:33:05.337+0000] {logging_mixin.py:188} INFO - [2025-10-17T03:33:05.337+0000] {dag.py:3096} INFO - Sync 1 DAGs
[2025-10-17T03:33:05.348+0000] {logging_mixin.py:188} INFO - [2025-10-17T03:33:05.348+0000] {dag.py:3954} INFO - Setting next_dagrun for example_sensor_decorator to None, run_after=None
[2025-10-17T03:33:05.364+0000] {processor.py:183} INFO - Processing /home/airflow/.local/lib/python3.12/site-packages/airflow/example_dags/example_sensor_decorator.py took 0.058 seconds
[2025-10-17T03:33:35.945+0000] {processor.py:161} INFO - Started process (PID=4521) to work on /home/airflow/.local/lib/python3.12/site-packages/airflow/example_dags/example_sensor_decorator.py
[2025-10-17T03:33:35.946+0000] {processor.py:830} INFO - Processing file /home/airflow/.local/lib/python3.12/site-packages/airflow/example_dags/example_sensor_decorator.py for tasks to queue
[2025-10-17T03:33:35.948+0000] {logging_mixin.py:188} INFO - [2025-10-17T03:33:35.948+0000] {dagbag.py:545} INFO - Filling up the DagBag from /home/airflow/.local/lib/python3.12/site-packages/airflow/example_dags/example_sensor_decorator.py
[2025-10-17T03:33:35.955+0000] {processor.py:840} INFO - DAG(s) 'example_sensor_decorator' retrieved from /home/airflow/.local/lib/python3.12/site-packages/airflow/example_dags/example_sensor_decorator.py
[2025-10-17T03:33:35.973+0000] {logging_mixin.py:188} INFO - [2025-10-17T03:33:35.973+0000] {dag.py:3096} INFO - Sync 1 DAGs
[2025-10-17T03:33:35.984+0000] {logging_mixin.py:188} INFO - [2025-10-17T03:33:35.984+0000] {dag.py:3954} INFO - Setting next_dagrun for example_sensor_decorator to None, run_after=None
[2025-10-17T03:33:36.000+0000] {processor.py:183} INFO - Processing /home/airflow/.local/lib/python3.12/site-packages/airflow/example_dags/example_sensor_decorator.py took 0.060 seconds
[2025-10-17T03:34:06.970+0000] {processor.py:161} INFO - Started process (PID=4580) to work on /home/airflow/.local/lib/python3.12/site-packages/airflow/example_dags/example_sensor_decorator.py
[2025-10-17T03:34:06.971+0000] {processor.py:830} INFO - Processing file /home/airflow/.local/lib/python3.12/site-packages/airflow/example_dags/example_sensor_decorator.py for tasks to queue
[2025-10-17T03:34:06.974+0000] {logging_mixin.py:188} INFO - [2025-10-17T03:34:06.973+0000] {dagbag.py:545} INFO - Filling up the DagBag from /home/airflow/.local/lib/python3.12/site-packages/airflow/example_dags/example_sensor_decorator.py
[2025-10-17T03:34:06.979+0000] {processor.py:840} INFO - DAG(s) 'example_sensor_decorator' retrieved from /home/airflow/.local/lib/python3.12/site-packages/airflow/example_dags/example_sensor_decorator.py
[2025-10-17T03:34:06.997+0000] {logging_mixin.py:188} INFO - [2025-10-17T03:34:06.997+0000] {dag.py:3096} INFO - Sync 1 DAGs
[2025-10-17T03:34:07.009+0000] {logging_mixin.py:188} INFO - [2025-10-17T03:34:07.008+0000] {dag.py:3954} INFO - Setting next_dagrun for example_sensor_decorator to None, run_after=None
[2025-10-17T03:34:07.028+0000] {processor.py:183} INFO - Processing /home/airflow/.local/lib/python3.12/site-packages/airflow/example_dags/example_sensor_decorator.py took 0.064 seconds
[2025-10-17T03:34:37.285+0000] {processor.py:161} INFO - Started process (PID=4639) to work on /home/airflow/.local/lib/python3.12/site-packages/airflow/example_dags/example_sensor_decorator.py
[2025-10-17T03:34:37.286+0000] {processor.py:830} INFO - Processing file /home/airflow/.local/lib/python3.12/site-packages/airflow/example_dags/example_sensor_decorator.py for tasks to queue
[2025-10-17T03:34:37.288+0000] {logging_mixin.py:188} INFO - [2025-10-17T03:34:37.288+0000] {dagbag.py:545} INFO - Filling up the DagBag from /home/airflow/.local/lib/python3.12/site-packages/airflow/example_dags/example_sensor_decorator.py
[2025-10-17T03:34:37.294+0000] {processor.py:840} INFO - DAG(s) 'example_sensor_decorator' retrieved from /home/airflow/.local/lib/python3.12/site-packages/airflow/example_dags/example_sensor_decorator.py
[2025-10-17T03:34:37.313+0000] {logging_mixin.py:188} INFO - [2025-10-17T03:34:37.312+0000] {dag.py:3096} INFO - Sync 1 DAGs
[2025-10-17T03:34:37.323+0000] {logging_mixin.py:188} INFO - [2025-10-17T03:34:37.323+0000] {dag.py:3954} INFO - Setting next_dagrun for example_sensor_decorator to None, run_after=None
[2025-10-17T03:34:37.343+0000] {processor.py:183} INFO - Processing /home/airflow/.local/lib/python3.12/site-packages/airflow/example_dags/example_sensor_decorator.py took 0.063 seconds
[2025-10-17T03:35:07.710+0000] {processor.py:161} INFO - Started process (PID=4698) to work on /home/airflow/.local/lib/python3.12/site-packages/airflow/example_dags/example_sensor_decorator.py
[2025-10-17T03:35:07.711+0000] {processor.py:830} INFO - Processing file /home/airflow/.local/lib/python3.12/site-packages/airflow/example_dags/example_sensor_decorator.py for tasks to queue
[2025-10-17T03:35:07.712+0000] {logging_mixin.py:188} INFO - [2025-10-17T03:35:07.712+0000] {dagbag.py:545} INFO - Filling up the DagBag from /home/airflow/.local/lib/python3.12/site-packages/airflow/example_dags/example_sensor_decorator.py
[2025-10-17T03:35:07.719+0000] {processor.py:840} INFO - DAG(s) 'example_sensor_decorator' retrieved from /home/airflow/.local/lib/python3.12/site-packages/airflow/example_dags/example_sensor_decorator.py
[2025-10-17T03:35:07.736+0000] {logging_mixin.py:188} INFO - [2025-10-17T03:35:07.736+0000] {dag.py:3096} INFO - Sync 1 DAGs
[2025-10-17T03:35:07.747+0000] {logging_mixin.py:188} INFO - [2025-10-17T03:35:07.747+0000] {dag.py:3954} INFO - Setting next_dagrun for example_sensor_decorator to None, run_after=None
[2025-10-17T03:35:07.765+0000] {processor.py:183} INFO - Processing /home/airflow/.local/lib/python3.12/site-packages/airflow/example_dags/example_sensor_decorator.py took 0.061 seconds
[2025-10-17T03:35:37.901+0000] {processor.py:161} INFO - Started process (PID=4757) to work on /home/airflow/.local/lib/python3.12/site-packages/airflow/example_dags/example_sensor_decorator.py
[2025-10-17T03:35:37.902+0000] {processor.py:830} INFO - Processing file /home/airflow/.local/lib/python3.12/site-packages/airflow/example_dags/example_sensor_decorator.py for tasks to queue
[2025-10-17T03:35:37.904+0000] {logging_mixin.py:188} INFO - [2025-10-17T03:35:37.903+0000] {dagbag.py:545} INFO - Filling up the DagBag from /home/airflow/.local/lib/python3.12/site-packages/airflow/example_dags/example_sensor_decorator.py
[2025-10-17T03:35:37.909+0000] {processor.py:840} INFO - DAG(s) 'example_sensor_decorator' retrieved from /home/airflow/.local/lib/python3.12/site-packages/airflow/example_dags/example_sensor_decorator.py
[2025-10-17T03:35:37.926+0000] {logging_mixin.py:188} INFO - [2025-10-17T03:35:37.926+0000] {dag.py:3096} INFO - Sync 1 DAGs
[2025-10-17T03:35:37.937+0000] {logging_mixin.py:188} INFO - [2025-10-17T03:35:37.937+0000] {dag.py:3954} INFO - Setting next_dagrun for example_sensor_decorator to None, run_after=None
[2025-10-17T03:35:37.954+0000] {processor.py:183} INFO - Processing /home/airflow/.local/lib/python3.12/site-packages/airflow/example_dags/example_sensor_decorator.py took 0.059 seconds
[2025-10-17T03:36:08.224+0000] {processor.py:161} INFO - Started process (PID=4816) to work on /home/airflow/.local/lib/python3.12/site-packages/airflow/example_dags/example_sensor_decorator.py
[2025-10-17T03:36:08.225+0000] {processor.py:830} INFO - Processing file /home/airflow/.local/lib/python3.12/site-packages/airflow/example_dags/example_sensor_decorator.py for tasks to queue
[2025-10-17T03:36:08.227+0000] {logging_mixin.py:188} INFO - [2025-10-17T03:36:08.227+0000] {dagbag.py:545} INFO - Filling up the DagBag from /home/airflow/.local/lib/python3.12/site-packages/airflow/example_dags/example_sensor_decorator.py
[2025-10-17T03:36:08.233+0000] {processor.py:840} INFO - DAG(s) 'example_sensor_decorator' retrieved from /home/airflow/.local/lib/python3.12/site-packages/airflow/example_dags/example_sensor_decorator.py
[2025-10-17T03:36:08.250+0000] {logging_mixin.py:188} INFO - [2025-10-17T03:36:08.250+0000] {dag.py:3096} INFO - Sync 1 DAGs
[2025-10-17T03:36:08.260+0000] {logging_mixin.py:188} INFO - [2025-10-17T03:36:08.260+0000] {dag.py:3954} INFO - Setting next_dagrun for example_sensor_decorator to None, run_after=None
[2025-10-17T03:36:08.275+0000] {processor.py:183} INFO - Processing /home/airflow/.local/lib/python3.12/site-packages/airflow/example_dags/example_sensor_decorator.py took 0.057 seconds
[2025-10-17T03:36:38.708+0000] {processor.py:161} INFO - Started process (PID=4875) to work on /home/airflow/.local/lib/python3.12/site-packages/airflow/example_dags/example_sensor_decorator.py
[2025-10-17T03:36:38.709+0000] {processor.py:830} INFO - Processing file /home/airflow/.local/lib/python3.12/site-packages/airflow/example_dags/example_sensor_decorator.py for tasks to queue
[2025-10-17T03:36:38.712+0000] {logging_mixin.py:188} INFO - [2025-10-17T03:36:38.712+0000] {dagbag.py:545} INFO - Filling up the DagBag from /home/airflow/.local/lib/python3.12/site-packages/airflow/example_dags/example_sensor_decorator.py
[2025-10-17T03:36:38.718+0000] {processor.py:840} INFO - DAG(s) 'example_sensor_decorator' retrieved from /home/airflow/.local/lib/python3.12/site-packages/airflow/example_dags/example_sensor_decorator.py
[2025-10-17T03:36:38.737+0000] {logging_mixin.py:188} INFO - [2025-10-17T03:36:38.737+0000] {dag.py:3096} INFO - Sync 1 DAGs
[2025-10-17T03:36:38.750+0000] {logging_mixin.py:188} INFO - [2025-10-17T03:36:38.750+0000] {dag.py:3954} INFO - Setting next_dagrun for example_sensor_decorator to None, run_after=None
[2025-10-17T03:36:38.769+0000] {processor.py:183} INFO - Processing /home/airflow/.local/lib/python3.12/site-packages/airflow/example_dags/example_sensor_decorator.py took 0.066 seconds
[2025-10-17T03:37:09.130+0000] {processor.py:161} INFO - Started process (PID=4934) to work on /home/airflow/.local/lib/python3.12/site-packages/airflow/example_dags/example_sensor_decorator.py
[2025-10-17T03:37:09.131+0000] {processor.py:830} INFO - Processing file /home/airflow/.local/lib/python3.12/site-packages/airflow/example_dags/example_sensor_decorator.py for tasks to queue
[2025-10-17T03:37:09.133+0000] {logging_mixin.py:188} INFO - [2025-10-17T03:37:09.133+0000] {dagbag.py:545} INFO - Filling up the DagBag from /home/airflow/.local/lib/python3.12/site-packages/airflow/example_dags/example_sensor_decorator.py
[2025-10-17T03:37:09.139+0000] {processor.py:840} INFO - DAG(s) 'example_sensor_decorator' retrieved from /home/airflow/.local/lib/python3.12/site-packages/airflow/example_dags/example_sensor_decorator.py
[2025-10-17T03:37:09.159+0000] {logging_mixin.py:188} INFO - [2025-10-17T03:37:09.158+0000] {dag.py:3096} INFO - Sync 1 DAGs
[2025-10-17T03:37:09.170+0000] {logging_mixin.py:188} INFO - [2025-10-17T03:37:09.169+0000] {dag.py:3954} INFO - Setting next_dagrun for example_sensor_decorator to None, run_after=None
[2025-10-17T03:37:09.189+0000] {processor.py:183} INFO - Processing /home/airflow/.local/lib/python3.12/site-packages/airflow/example_dags/example_sensor_decorator.py took 0.066 seconds
[2025-10-17T03:37:39.419+0000] {processor.py:161} INFO - Started process (PID=4993) to work on /home/airflow/.local/lib/python3.12/site-packages/airflow/example_dags/example_sensor_decorator.py
[2025-10-17T03:37:39.420+0000] {processor.py:830} INFO - Processing file /home/airflow/.local/lib/python3.12/site-packages/airflow/example_dags/example_sensor_decorator.py for tasks to queue
[2025-10-17T03:37:39.422+0000] {logging_mixin.py:188} INFO - [2025-10-17T03:37:39.422+0000] {dagbag.py:545} INFO - Filling up the DagBag from /home/airflow/.local/lib/python3.12/site-packages/airflow/example_dags/example_sensor_decorator.py
[2025-10-17T03:37:39.429+0000] {processor.py:840} INFO - DAG(s) 'example_sensor_decorator' retrieved from /home/airflow/.local/lib/python3.12/site-packages/airflow/example_dags/example_sensor_decorator.py
[2025-10-17T03:37:39.448+0000] {logging_mixin.py:188} INFO - [2025-10-17T03:37:39.448+0000] {dag.py:3096} INFO - Sync 1 DAGs
[2025-10-17T03:37:39.460+0000] {logging_mixin.py:188} INFO - [2025-10-17T03:37:39.460+0000] {dag.py:3954} INFO - Setting next_dagrun for example_sensor_decorator to None, run_after=None
[2025-10-17T03:37:39.477+0000] {processor.py:183} INFO - Processing /home/airflow/.local/lib/python3.12/site-packages/airflow/example_dags/example_sensor_decorator.py took 0.064 seconds
[2025-10-17T03:38:10.286+0000] {processor.py:161} INFO - Started process (PID=5052) to work on /home/airflow/.local/lib/python3.12/site-packages/airflow/example_dags/example_sensor_decorator.py
[2025-10-17T03:38:10.287+0000] {processor.py:830} INFO - Processing file /home/airflow/.local/lib/python3.12/site-packages/airflow/example_dags/example_sensor_decorator.py for tasks to queue
[2025-10-17T03:38:10.291+0000] {logging_mixin.py:188} INFO - [2025-10-17T03:38:10.290+0000] {dagbag.py:545} INFO - Filling up the DagBag from /home/airflow/.local/lib/python3.12/site-packages/airflow/example_dags/example_sensor_decorator.py
[2025-10-17T03:38:10.304+0000] {processor.py:840} INFO - DAG(s) 'example_sensor_decorator' retrieved from /home/airflow/.local/lib/python3.12/site-packages/airflow/example_dags/example_sensor_decorator.py
[2025-10-17T03:38:10.329+0000] {logging_mixin.py:188} INFO - [2025-10-17T03:38:10.329+0000] {dag.py:3096} INFO - Sync 1 DAGs
[2025-10-17T03:38:10.346+0000] {logging_mixin.py:188} INFO - [2025-10-17T03:38:10.346+0000] {dag.py:3954} INFO - Setting next_dagrun for example_sensor_decorator to None, run_after=None
[2025-10-17T03:38:10.374+0000] {processor.py:183} INFO - Processing /home/airflow/.local/lib/python3.12/site-packages/airflow/example_dags/example_sensor_decorator.py took 0.095 seconds
[2025-10-17T03:38:40.886+0000] {processor.py:161} INFO - Started process (PID=5111) to work on /home/airflow/.local/lib/python3.12/site-packages/airflow/example_dags/example_sensor_decorator.py
[2025-10-17T03:38:40.887+0000] {processor.py:830} INFO - Processing file /home/airflow/.local/lib/python3.12/site-packages/airflow/example_dags/example_sensor_decorator.py for tasks to queue
[2025-10-17T03:38:40.889+0000] {logging_mixin.py:188} INFO - [2025-10-17T03:38:40.889+0000] {dagbag.py:545} INFO - Filling up the DagBag from /home/airflow/.local/lib/python3.12/site-packages/airflow/example_dags/example_sensor_decorator.py
[2025-10-17T03:38:40.895+0000] {processor.py:840} INFO - DAG(s) 'example_sensor_decorator' retrieved from /home/airflow/.local/lib/python3.12/site-packages/airflow/example_dags/example_sensor_decorator.py
[2025-10-17T03:38:40.913+0000] {logging_mixin.py:188} INFO - [2025-10-17T03:38:40.913+0000] {dag.py:3096} INFO - Sync 1 DAGs
[2025-10-17T03:38:40.925+0000] {logging_mixin.py:188} INFO - [2025-10-17T03:38:40.925+0000] {dag.py:3954} INFO - Setting next_dagrun for example_sensor_decorator to None, run_after=None
[2025-10-17T03:38:40.944+0000] {processor.py:183} INFO - Processing /home/airflow/.local/lib/python3.12/site-packages/airflow/example_dags/example_sensor_decorator.py took 0.063 seconds
[2025-10-17T03:39:11.217+0000] {processor.py:161} INFO - Started process (PID=5170) to work on /home/airflow/.local/lib/python3.12/site-packages/airflow/example_dags/example_sensor_decorator.py
[2025-10-17T03:39:11.218+0000] {processor.py:830} INFO - Processing file /home/airflow/.local/lib/python3.12/site-packages/airflow/example_dags/example_sensor_decorator.py for tasks to queue
[2025-10-17T03:39:11.220+0000] {logging_mixin.py:188} INFO - [2025-10-17T03:39:11.220+0000] {dagbag.py:545} INFO - Filling up the DagBag from /home/airflow/.local/lib/python3.12/site-packages/airflow/example_dags/example_sensor_decorator.py
[2025-10-17T03:39:11.226+0000] {processor.py:840} INFO - DAG(s) 'example_sensor_decorator' retrieved from /home/airflow/.local/lib/python3.12/site-packages/airflow/example_dags/example_sensor_decorator.py
[2025-10-17T03:39:11.246+0000] {logging_mixin.py:188} INFO - [2025-10-17T03:39:11.245+0000] {dag.py:3096} INFO - Sync 1 DAGs
[2025-10-17T03:39:11.258+0000] {logging_mixin.py:188} INFO - [2025-10-17T03:39:11.258+0000] {dag.py:3954} INFO - Setting next_dagrun for example_sensor_decorator to None, run_after=None
[2025-10-17T03:39:11.278+0000] {processor.py:183} INFO - Processing /home/airflow/.local/lib/python3.12/site-packages/airflow/example_dags/example_sensor_decorator.py took 0.066 seconds
[2025-10-17T03:39:41.557+0000] {processor.py:161} INFO - Started process (PID=5229) to work on /home/airflow/.local/lib/python3.12/site-packages/airflow/example_dags/example_sensor_decorator.py
[2025-10-17T03:39:41.558+0000] {processor.py:830} INFO - Processing file /home/airflow/.local/lib/python3.12/site-packages/airflow/example_dags/example_sensor_decorator.py for tasks to queue
[2025-10-17T03:39:41.561+0000] {logging_mixin.py:188} INFO - [2025-10-17T03:39:41.561+0000] {dagbag.py:545} INFO - Filling up the DagBag from /home/airflow/.local/lib/python3.12/site-packages/airflow/example_dags/example_sensor_decorator.py
[2025-10-17T03:39:41.568+0000] {processor.py:840} INFO - DAG(s) 'example_sensor_decorator' retrieved from /home/airflow/.local/lib/python3.12/site-packages/airflow/example_dags/example_sensor_decorator.py
[2025-10-17T03:39:41.588+0000] {logging_mixin.py:188} INFO - [2025-10-17T03:39:41.587+0000] {dag.py:3096} INFO - Sync 1 DAGs
[2025-10-17T03:39:41.598+0000] {logging_mixin.py:188} INFO - [2025-10-17T03:39:41.598+0000] {dag.py:3954} INFO - Setting next_dagrun for example_sensor_decorator to None, run_after=None
[2025-10-17T03:39:41.618+0000] {processor.py:183} INFO - Processing /home/airflow/.local/lib/python3.12/site-packages/airflow/example_dags/example_sensor_decorator.py took 0.068 seconds
[2025-10-17T03:40:12.460+0000] {processor.py:161} INFO - Started process (PID=5286) to work on /home/airflow/.local/lib/python3.12/site-packages/airflow/example_dags/example_sensor_decorator.py
[2025-10-17T03:40:12.461+0000] {processor.py:830} INFO - Processing file /home/airflow/.local/lib/python3.12/site-packages/airflow/example_dags/example_sensor_decorator.py for tasks to queue
[2025-10-17T03:40:12.464+0000] {logging_mixin.py:188} INFO - [2025-10-17T03:40:12.464+0000] {dagbag.py:545} INFO - Filling up the DagBag from /home/airflow/.local/lib/python3.12/site-packages/airflow/example_dags/example_sensor_decorator.py
[2025-10-17T03:40:12.470+0000] {processor.py:840} INFO - DAG(s) 'example_sensor_decorator' retrieved from /home/airflow/.local/lib/python3.12/site-packages/airflow/example_dags/example_sensor_decorator.py
[2025-10-17T03:40:12.487+0000] {logging_mixin.py:188} INFO - [2025-10-17T03:40:12.487+0000] {dag.py:3096} INFO - Sync 1 DAGs
[2025-10-17T03:40:12.498+0000] {logging_mixin.py:188} INFO - [2025-10-17T03:40:12.498+0000] {dag.py:3954} INFO - Setting next_dagrun for example_sensor_decorator to None, run_after=None
[2025-10-17T03:40:12.514+0000] {processor.py:183} INFO - Processing /home/airflow/.local/lib/python3.12/site-packages/airflow/example_dags/example_sensor_decorator.py took 0.059 seconds
[2025-10-17T03:40:42.978+0000] {processor.py:161} INFO - Started process (PID=5345) to work on /home/airflow/.local/lib/python3.12/site-packages/airflow/example_dags/example_sensor_decorator.py
[2025-10-17T03:40:42.979+0000] {processor.py:830} INFO - Processing file /home/airflow/.local/lib/python3.12/site-packages/airflow/example_dags/example_sensor_decorator.py for tasks to queue
[2025-10-17T03:40:42.981+0000] {logging_mixin.py:188} INFO - [2025-10-17T03:40:42.981+0000] {dagbag.py:545} INFO - Filling up the DagBag from /home/airflow/.local/lib/python3.12/site-packages/airflow/example_dags/example_sensor_decorator.py
[2025-10-17T03:40:42.987+0000] {processor.py:840} INFO - DAG(s) 'example_sensor_decorator' retrieved from /home/airflow/.local/lib/python3.12/site-packages/airflow/example_dags/example_sensor_decorator.py
[2025-10-17T03:40:43.005+0000] {logging_mixin.py:188} INFO - [2025-10-17T03:40:43.005+0000] {dag.py:3096} INFO - Sync 1 DAGs
[2025-10-17T03:40:43.024+0000] {logging_mixin.py:188} INFO - [2025-10-17T03:40:43.024+0000] {dag.py:3954} INFO - Setting next_dagrun for example_sensor_decorator to None, run_after=None
[2025-10-17T03:40:43.040+0000] {processor.py:183} INFO - Processing /home/airflow/.local/lib/python3.12/site-packages/airflow/example_dags/example_sensor_decorator.py took 0.067 seconds
[2025-10-17T03:41:13.523+0000] {processor.py:161} INFO - Started process (PID=5404) to work on /home/airflow/.local/lib/python3.12/site-packages/airflow/example_dags/example_sensor_decorator.py
[2025-10-17T03:41:13.524+0000] {processor.py:830} INFO - Processing file /home/airflow/.local/lib/python3.12/site-packages/airflow/example_dags/example_sensor_decorator.py for tasks to queue
[2025-10-17T03:41:13.527+0000] {logging_mixin.py:188} INFO - [2025-10-17T03:41:13.526+0000] {dagbag.py:545} INFO - Filling up the DagBag from /home/airflow/.local/lib/python3.12/site-packages/airflow/example_dags/example_sensor_decorator.py
[2025-10-17T03:41:13.533+0000] {processor.py:840} INFO - DAG(s) 'example_sensor_decorator' retrieved from /home/airflow/.local/lib/python3.12/site-packages/airflow/example_dags/example_sensor_decorator.py
[2025-10-17T03:41:13.551+0000] {logging_mixin.py:188} INFO - [2025-10-17T03:41:13.551+0000] {dag.py:3096} INFO - Sync 1 DAGs
[2025-10-17T03:41:13.563+0000] {logging_mixin.py:188} INFO - [2025-10-17T03:41:13.563+0000] {dag.py:3954} INFO - Setting next_dagrun for example_sensor_decorator to None, run_after=None
[2025-10-17T03:41:13.586+0000] {processor.py:183} INFO - Processing /home/airflow/.local/lib/python3.12/site-packages/airflow/example_dags/example_sensor_decorator.py took 0.068 seconds
[2025-10-17T03:41:44.386+0000] {processor.py:161} INFO - Started process (PID=5463) to work on /home/airflow/.local/lib/python3.12/site-packages/airflow/example_dags/example_sensor_decorator.py
[2025-10-17T03:41:44.387+0000] {processor.py:830} INFO - Processing file /home/airflow/.local/lib/python3.12/site-packages/airflow/example_dags/example_sensor_decorator.py for tasks to queue
[2025-10-17T03:41:44.389+0000] {logging_mixin.py:188} INFO - [2025-10-17T03:41:44.388+0000] {dagbag.py:545} INFO - Filling up the DagBag from /home/airflow/.local/lib/python3.12/site-packages/airflow/example_dags/example_sensor_decorator.py
[2025-10-17T03:41:44.395+0000] {processor.py:840} INFO - DAG(s) 'example_sensor_decorator' retrieved from /home/airflow/.local/lib/python3.12/site-packages/airflow/example_dags/example_sensor_decorator.py
[2025-10-17T03:41:44.412+0000] {logging_mixin.py:188} INFO - [2025-10-17T03:41:44.412+0000] {dag.py:3096} INFO - Sync 1 DAGs
[2025-10-17T03:41:44.423+0000] {logging_mixin.py:188} INFO - [2025-10-17T03:41:44.423+0000] {dag.py:3954} INFO - Setting next_dagrun for example_sensor_decorator to None, run_after=None
[2025-10-17T03:41:44.441+0000] {processor.py:183} INFO - Processing /home/airflow/.local/lib/python3.12/site-packages/airflow/example_dags/example_sensor_decorator.py took 0.059 seconds
[2025-10-17T03:42:14.526+0000] {processor.py:161} INFO - Started process (PID=5522) to work on /home/airflow/.local/lib/python3.12/site-packages/airflow/example_dags/example_sensor_decorator.py
[2025-10-17T03:42:14.527+0000] {processor.py:830} INFO - Processing file /home/airflow/.local/lib/python3.12/site-packages/airflow/example_dags/example_sensor_decorator.py for tasks to queue
[2025-10-17T03:42:14.529+0000] {logging_mixin.py:188} INFO - [2025-10-17T03:42:14.529+0000] {dagbag.py:545} INFO - Filling up the DagBag from /home/airflow/.local/lib/python3.12/site-packages/airflow/example_dags/example_sensor_decorator.py
[2025-10-17T03:42:14.535+0000] {processor.py:840} INFO - DAG(s) 'example_sensor_decorator' retrieved from /home/airflow/.local/lib/python3.12/site-packages/airflow/example_dags/example_sensor_decorator.py
[2025-10-17T03:42:14.555+0000] {logging_mixin.py:188} INFO - [2025-10-17T03:42:14.555+0000] {dag.py:3096} INFO - Sync 1 DAGs
[2025-10-17T03:42:14.566+0000] {logging_mixin.py:188} INFO - [2025-10-17T03:42:14.566+0000] {dag.py:3954} INFO - Setting next_dagrun for example_sensor_decorator to None, run_after=None
[2025-10-17T03:42:14.584+0000] {processor.py:183} INFO - Processing /home/airflow/.local/lib/python3.12/site-packages/airflow/example_dags/example_sensor_decorator.py took 0.063 seconds
[2025-10-17T03:42:44.979+0000] {processor.py:161} INFO - Started process (PID=5581) to work on /home/airflow/.local/lib/python3.12/site-packages/airflow/example_dags/example_sensor_decorator.py
[2025-10-17T03:42:44.980+0000] {processor.py:830} INFO - Processing file /home/airflow/.local/lib/python3.12/site-packages/airflow/example_dags/example_sensor_decorator.py for tasks to queue
[2025-10-17T03:42:44.983+0000] {logging_mixin.py:188} INFO - [2025-10-17T03:42:44.982+0000] {dagbag.py:545} INFO - Filling up the DagBag from /home/airflow/.local/lib/python3.12/site-packages/airflow/example_dags/example_sensor_decorator.py
[2025-10-17T03:42:44.988+0000] {processor.py:840} INFO - DAG(s) 'example_sensor_decorator' retrieved from /home/airflow/.local/lib/python3.12/site-packages/airflow/example_dags/example_sensor_decorator.py
[2025-10-17T03:42:45.007+0000] {logging_mixin.py:188} INFO - [2025-10-17T03:42:45.007+0000] {dag.py:3096} INFO - Sync 1 DAGs
[2025-10-17T03:42:45.018+0000] {logging_mixin.py:188} INFO - [2025-10-17T03:42:45.018+0000] {dag.py:3954} INFO - Setting next_dagrun for example_sensor_decorator to None, run_after=None
[2025-10-17T03:42:45.037+0000] {processor.py:183} INFO - Processing /home/airflow/.local/lib/python3.12/site-packages/airflow/example_dags/example_sensor_decorator.py took 0.063 seconds
[2025-10-17T03:43:15.390+0000] {processor.py:161} INFO - Started process (PID=5640) to work on /home/airflow/.local/lib/python3.12/site-packages/airflow/example_dags/example_sensor_decorator.py
[2025-10-17T03:43:15.392+0000] {processor.py:830} INFO - Processing file /home/airflow/.local/lib/python3.12/site-packages/airflow/example_dags/example_sensor_decorator.py for tasks to queue
[2025-10-17T03:43:15.393+0000] {logging_mixin.py:188} INFO - [2025-10-17T03:43:15.393+0000] {dagbag.py:545} INFO - Filling up the DagBag from /home/airflow/.local/lib/python3.12/site-packages/airflow/example_dags/example_sensor_decorator.py
[2025-10-17T03:43:15.399+0000] {processor.py:840} INFO - DAG(s) 'example_sensor_decorator' retrieved from /home/airflow/.local/lib/python3.12/site-packages/airflow/example_dags/example_sensor_decorator.py
[2025-10-17T03:43:15.417+0000] {logging_mixin.py:188} INFO - [2025-10-17T03:43:15.417+0000] {dag.py:3096} INFO - Sync 1 DAGs
[2025-10-17T03:43:15.428+0000] {logging_mixin.py:188} INFO - [2025-10-17T03:43:15.428+0000] {dag.py:3954} INFO - Setting next_dagrun for example_sensor_decorator to None, run_after=None
[2025-10-17T03:43:15.446+0000] {processor.py:183} INFO - Processing /home/airflow/.local/lib/python3.12/site-packages/airflow/example_dags/example_sensor_decorator.py took 0.061 seconds
[2025-10-17T03:43:45.715+0000] {processor.py:161} INFO - Started process (PID=5699) to work on /home/airflow/.local/lib/python3.12/site-packages/airflow/example_dags/example_sensor_decorator.py
[2025-10-17T03:43:45.716+0000] {processor.py:830} INFO - Processing file /home/airflow/.local/lib/python3.12/site-packages/airflow/example_dags/example_sensor_decorator.py for tasks to queue
[2025-10-17T03:43:45.718+0000] {logging_mixin.py:188} INFO - [2025-10-17T03:43:45.718+0000] {dagbag.py:545} INFO - Filling up the DagBag from /home/airflow/.local/lib/python3.12/site-packages/airflow/example_dags/example_sensor_decorator.py
[2025-10-17T03:43:45.724+0000] {processor.py:840} INFO - DAG(s) 'example_sensor_decorator' retrieved from /home/airflow/.local/lib/python3.12/site-packages/airflow/example_dags/example_sensor_decorator.py
[2025-10-17T03:43:45.741+0000] {logging_mixin.py:188} INFO - [2025-10-17T03:43:45.740+0000] {dag.py:3096} INFO - Sync 1 DAGs
[2025-10-17T03:43:45.751+0000] {logging_mixin.py:188} INFO - [2025-10-17T03:43:45.751+0000] {dag.py:3954} INFO - Setting next_dagrun for example_sensor_decorator to None, run_after=None
[2025-10-17T03:43:45.766+0000] {processor.py:183} INFO - Processing /home/airflow/.local/lib/python3.12/site-packages/airflow/example_dags/example_sensor_decorator.py took 0.056 seconds
[2025-10-17T03:44:16.429+0000] {processor.py:161} INFO - Started process (PID=5758) to work on /home/airflow/.local/lib/python3.12/site-packages/airflow/example_dags/example_sensor_decorator.py
[2025-10-17T03:44:16.430+0000] {processor.py:830} INFO - Processing file /home/airflow/.local/lib/python3.12/site-packages/airflow/example_dags/example_sensor_decorator.py for tasks to queue
[2025-10-17T03:44:16.433+0000] {logging_mixin.py:188} INFO - [2025-10-17T03:44:16.432+0000] {dagbag.py:545} INFO - Filling up the DagBag from /home/airflow/.local/lib/python3.12/site-packages/airflow/example_dags/example_sensor_decorator.py
[2025-10-17T03:44:16.439+0000] {processor.py:840} INFO - DAG(s) 'example_sensor_decorator' retrieved from /home/airflow/.local/lib/python3.12/site-packages/airflow/example_dags/example_sensor_decorator.py
[2025-10-17T03:44:16.456+0000] {logging_mixin.py:188} INFO - [2025-10-17T03:44:16.456+0000] {dag.py:3096} INFO - Sync 1 DAGs
[2025-10-17T03:44:16.467+0000] {logging_mixin.py:188} INFO - [2025-10-17T03:44:16.466+0000] {dag.py:3954} INFO - Setting next_dagrun for example_sensor_decorator to None, run_after=None
[2025-10-17T03:44:16.483+0000] {processor.py:183} INFO - Processing /home/airflow/.local/lib/python3.12/site-packages/airflow/example_dags/example_sensor_decorator.py took 0.060 seconds
[2025-10-17T03:44:46.866+0000] {processor.py:161} INFO - Started process (PID=5818) to work on /home/airflow/.local/lib/python3.12/site-packages/airflow/example_dags/example_sensor_decorator.py
[2025-10-17T03:44:46.867+0000] {processor.py:830} INFO - Processing file /home/airflow/.local/lib/python3.12/site-packages/airflow/example_dags/example_sensor_decorator.py for tasks to queue
[2025-10-17T03:44:46.869+0000] {logging_mixin.py:188} INFO - [2025-10-17T03:44:46.869+0000] {dagbag.py:545} INFO - Filling up the DagBag from /home/airflow/.local/lib/python3.12/site-packages/airflow/example_dags/example_sensor_decorator.py
[2025-10-17T03:44:46.875+0000] {processor.py:840} INFO - DAG(s) 'example_sensor_decorator' retrieved from /home/airflow/.local/lib/python3.12/site-packages/airflow/example_dags/example_sensor_decorator.py
[2025-10-17T03:44:46.892+0000] {logging_mixin.py:188} INFO - [2025-10-17T03:44:46.892+0000] {dag.py:3096} INFO - Sync 1 DAGs
[2025-10-17T03:44:46.903+0000] {logging_mixin.py:188} INFO - [2025-10-17T03:44:46.903+0000] {dag.py:3954} INFO - Setting next_dagrun for example_sensor_decorator to None, run_after=None
[2025-10-17T03:44:46.921+0000] {processor.py:183} INFO - Processing /home/airflow/.local/lib/python3.12/site-packages/airflow/example_dags/example_sensor_decorator.py took 0.060 seconds
[2025-10-17T03:45:17.699+0000] {processor.py:161} INFO - Started process (PID=5877) to work on /home/airflow/.local/lib/python3.12/site-packages/airflow/example_dags/example_sensor_decorator.py
[2025-10-17T03:45:17.700+0000] {processor.py:830} INFO - Processing file /home/airflow/.local/lib/python3.12/site-packages/airflow/example_dags/example_sensor_decorator.py for tasks to queue
[2025-10-17T03:45:17.702+0000] {logging_mixin.py:188} INFO - [2025-10-17T03:45:17.702+0000] {dagbag.py:545} INFO - Filling up the DagBag from /home/airflow/.local/lib/python3.12/site-packages/airflow/example_dags/example_sensor_decorator.py
[2025-10-17T03:45:17.708+0000] {processor.py:840} INFO - DAG(s) 'example_sensor_decorator' retrieved from /home/airflow/.local/lib/python3.12/site-packages/airflow/example_dags/example_sensor_decorator.py
[2025-10-17T03:45:17.728+0000] {logging_mixin.py:188} INFO - [2025-10-17T03:45:17.728+0000] {dag.py:3096} INFO - Sync 1 DAGs
[2025-10-17T03:45:17.740+0000] {logging_mixin.py:188} INFO - [2025-10-17T03:45:17.740+0000] {dag.py:3954} INFO - Setting next_dagrun for example_sensor_decorator to None, run_after=None
[2025-10-17T03:45:17.759+0000] {processor.py:183} INFO - Processing /home/airflow/.local/lib/python3.12/site-packages/airflow/example_dags/example_sensor_decorator.py took 0.066 seconds
[2025-10-17T03:45:47.971+0000] {processor.py:161} INFO - Started process (PID=5936) to work on /home/airflow/.local/lib/python3.12/site-packages/airflow/example_dags/example_sensor_decorator.py
[2025-10-17T03:45:47.972+0000] {processor.py:830} INFO - Processing file /home/airflow/.local/lib/python3.12/site-packages/airflow/example_dags/example_sensor_decorator.py for tasks to queue
[2025-10-17T03:45:47.974+0000] {logging_mixin.py:188} INFO - [2025-10-17T03:45:47.973+0000] {dagbag.py:545} INFO - Filling up the DagBag from /home/airflow/.local/lib/python3.12/site-packages/airflow/example_dags/example_sensor_decorator.py
[2025-10-17T03:45:47.979+0000] {processor.py:840} INFO - DAG(s) 'example_sensor_decorator' retrieved from /home/airflow/.local/lib/python3.12/site-packages/airflow/example_dags/example_sensor_decorator.py
[2025-10-17T03:45:47.998+0000] {logging_mixin.py:188} INFO - [2025-10-17T03:45:47.998+0000] {dag.py:3096} INFO - Sync 1 DAGs
[2025-10-17T03:45:48.010+0000] {logging_mixin.py:188} INFO - [2025-10-17T03:45:48.009+0000] {dag.py:3954} INFO - Setting next_dagrun for example_sensor_decorator to None, run_after=None
[2025-10-17T03:45:48.026+0000] {processor.py:183} INFO - Processing /home/airflow/.local/lib/python3.12/site-packages/airflow/example_dags/example_sensor_decorator.py took 0.061 seconds
[2025-10-17T03:46:18.269+0000] {processor.py:161} INFO - Started process (PID=5995) to work on /home/airflow/.local/lib/python3.12/site-packages/airflow/example_dags/example_sensor_decorator.py
[2025-10-17T03:46:18.270+0000] {processor.py:830} INFO - Processing file /home/airflow/.local/lib/python3.12/site-packages/airflow/example_dags/example_sensor_decorator.py for tasks to queue
[2025-10-17T03:46:18.273+0000] {logging_mixin.py:188} INFO - [2025-10-17T03:46:18.272+0000] {dagbag.py:545} INFO - Filling up the DagBag from /home/airflow/.local/lib/python3.12/site-packages/airflow/example_dags/example_sensor_decorator.py
[2025-10-17T03:46:18.280+0000] {processor.py:840} INFO - DAG(s) 'example_sensor_decorator' retrieved from /home/airflow/.local/lib/python3.12/site-packages/airflow/example_dags/example_sensor_decorator.py
[2025-10-17T03:46:18.301+0000] {logging_mixin.py:188} INFO - [2025-10-17T03:46:18.301+0000] {dag.py:3096} INFO - Sync 1 DAGs
[2025-10-17T03:46:18.312+0000] {logging_mixin.py:188} INFO - [2025-10-17T03:46:18.312+0000] {dag.py:3954} INFO - Setting next_dagrun for example_sensor_decorator to None, run_after=None
[2025-10-17T03:46:18.334+0000] {processor.py:183} INFO - Processing /home/airflow/.local/lib/python3.12/site-packages/airflow/example_dags/example_sensor_decorator.py took 0.072 seconds
[2025-10-17T03:46:48.934+0000] {processor.py:161} INFO - Started process (PID=6054) to work on /home/airflow/.local/lib/python3.12/site-packages/airflow/example_dags/example_sensor_decorator.py
[2025-10-17T03:46:48.936+0000] {processor.py:830} INFO - Processing file /home/airflow/.local/lib/python3.12/site-packages/airflow/example_dags/example_sensor_decorator.py for tasks to queue
[2025-10-17T03:46:48.938+0000] {logging_mixin.py:188} INFO - [2025-10-17T03:46:48.937+0000] {dagbag.py:545} INFO - Filling up the DagBag from /home/airflow/.local/lib/python3.12/site-packages/airflow/example_dags/example_sensor_decorator.py
[2025-10-17T03:46:48.944+0000] {processor.py:840} INFO - DAG(s) 'example_sensor_decorator' retrieved from /home/airflow/.local/lib/python3.12/site-packages/airflow/example_dags/example_sensor_decorator.py
[2025-10-17T03:46:48.963+0000] {logging_mixin.py:188} INFO - [2025-10-17T03:46:48.963+0000] {dag.py:3096} INFO - Sync 1 DAGs
[2025-10-17T03:46:48.975+0000] {logging_mixin.py:188} INFO - [2025-10-17T03:46:48.975+0000] {dag.py:3954} INFO - Setting next_dagrun for example_sensor_decorator to None, run_after=None
[2025-10-17T03:46:48.994+0000] {processor.py:183} INFO - Processing /home/airflow/.local/lib/python3.12/site-packages/airflow/example_dags/example_sensor_decorator.py took 0.064 seconds
[2025-10-17T03:47:19.081+0000] {processor.py:161} INFO - Started process (PID=6120) to work on /home/airflow/.local/lib/python3.12/site-packages/airflow/example_dags/example_sensor_decorator.py
[2025-10-17T03:47:19.083+0000] {processor.py:830} INFO - Processing file /home/airflow/.local/lib/python3.12/site-packages/airflow/example_dags/example_sensor_decorator.py for tasks to queue
[2025-10-17T03:47:19.085+0000] {logging_mixin.py:188} INFO - [2025-10-17T03:47:19.084+0000] {dagbag.py:545} INFO - Filling up the DagBag from /home/airflow/.local/lib/python3.12/site-packages/airflow/example_dags/example_sensor_decorator.py
[2025-10-17T03:47:19.091+0000] {processor.py:840} INFO - DAG(s) 'example_sensor_decorator' retrieved from /home/airflow/.local/lib/python3.12/site-packages/airflow/example_dags/example_sensor_decorator.py
[2025-10-17T03:47:19.110+0000] {logging_mixin.py:188} INFO - [2025-10-17T03:47:19.110+0000] {dag.py:3096} INFO - Sync 1 DAGs
[2025-10-17T03:47:19.122+0000] {logging_mixin.py:188} INFO - [2025-10-17T03:47:19.122+0000] {dag.py:3954} INFO - Setting next_dagrun for example_sensor_decorator to None, run_after=None
[2025-10-17T03:47:19.139+0000] {processor.py:183} INFO - Processing /home/airflow/.local/lib/python3.12/site-packages/airflow/example_dags/example_sensor_decorator.py took 0.063 seconds
[2025-10-17T03:47:50.266+0000] {processor.py:161} INFO - Started process (PID=6179) to work on /home/airflow/.local/lib/python3.12/site-packages/airflow/example_dags/example_sensor_decorator.py
[2025-10-17T03:47:50.267+0000] {processor.py:830} INFO - Processing file /home/airflow/.local/lib/python3.12/site-packages/airflow/example_dags/example_sensor_decorator.py for tasks to queue
[2025-10-17T03:47:50.269+0000] {logging_mixin.py:188} INFO - [2025-10-17T03:47:50.269+0000] {dagbag.py:545} INFO - Filling up the DagBag from /home/airflow/.local/lib/python3.12/site-packages/airflow/example_dags/example_sensor_decorator.py
[2025-10-17T03:47:50.275+0000] {processor.py:840} INFO - DAG(s) 'example_sensor_decorator' retrieved from /home/airflow/.local/lib/python3.12/site-packages/airflow/example_dags/example_sensor_decorator.py
[2025-10-17T03:47:50.294+0000] {logging_mixin.py:188} INFO - [2025-10-17T03:47:50.293+0000] {dag.py:3096} INFO - Sync 1 DAGs
[2025-10-17T03:47:50.306+0000] {logging_mixin.py:188} INFO - [2025-10-17T03:47:50.306+0000] {dag.py:3954} INFO - Setting next_dagrun for example_sensor_decorator to None, run_after=None
[2025-10-17T03:47:50.324+0000] {processor.py:183} INFO - Processing /home/airflow/.local/lib/python3.12/site-packages/airflow/example_dags/example_sensor_decorator.py took 0.065 seconds
[2025-10-17T03:48:21.191+0000] {processor.py:161} INFO - Started process (PID=6238) to work on /home/airflow/.local/lib/python3.12/site-packages/airflow/example_dags/example_sensor_decorator.py
[2025-10-17T03:48:21.193+0000] {processor.py:830} INFO - Processing file /home/airflow/.local/lib/python3.12/site-packages/airflow/example_dags/example_sensor_decorator.py for tasks to queue
[2025-10-17T03:48:21.195+0000] {logging_mixin.py:188} INFO - [2025-10-17T03:48:21.195+0000] {dagbag.py:545} INFO - Filling up the DagBag from /home/airflow/.local/lib/python3.12/site-packages/airflow/example_dags/example_sensor_decorator.py
[2025-10-17T03:48:21.203+0000] {processor.py:840} INFO - DAG(s) 'example_sensor_decorator' retrieved from /home/airflow/.local/lib/python3.12/site-packages/airflow/example_dags/example_sensor_decorator.py
[2025-10-17T03:48:21.233+0000] {logging_mixin.py:188} INFO - [2025-10-17T03:48:21.232+0000] {dag.py:3096} INFO - Sync 1 DAGs
[2025-10-17T03:48:21.250+0000] {logging_mixin.py:188} INFO - [2025-10-17T03:48:21.250+0000] {dag.py:3954} INFO - Setting next_dagrun for example_sensor_decorator to None, run_after=None
[2025-10-17T03:48:21.279+0000] {processor.py:183} INFO - Processing /home/airflow/.local/lib/python3.12/site-packages/airflow/example_dags/example_sensor_decorator.py took 0.095 seconds
[2025-10-17T03:48:51.331+0000] {processor.py:161} INFO - Started process (PID=6297) to work on /home/airflow/.local/lib/python3.12/site-packages/airflow/example_dags/example_sensor_decorator.py
[2025-10-17T03:48:51.333+0000] {processor.py:830} INFO - Processing file /home/airflow/.local/lib/python3.12/site-packages/airflow/example_dags/example_sensor_decorator.py for tasks to queue
[2025-10-17T03:48:51.335+0000] {logging_mixin.py:188} INFO - [2025-10-17T03:48:51.335+0000] {dagbag.py:545} INFO - Filling up the DagBag from /home/airflow/.local/lib/python3.12/site-packages/airflow/example_dags/example_sensor_decorator.py
[2025-10-17T03:48:51.343+0000] {processor.py:840} INFO - DAG(s) 'example_sensor_decorator' retrieved from /home/airflow/.local/lib/python3.12/site-packages/airflow/example_dags/example_sensor_decorator.py
[2025-10-17T03:48:51.371+0000] {logging_mixin.py:188} INFO - [2025-10-17T03:48:51.371+0000] {dag.py:3096} INFO - Sync 1 DAGs
[2025-10-17T03:48:51.388+0000] {logging_mixin.py:188} INFO - [2025-10-17T03:48:51.387+0000] {dag.py:3954} INFO - Setting next_dagrun for example_sensor_decorator to None, run_after=None
[2025-10-17T03:48:51.420+0000] {processor.py:183} INFO - Processing /home/airflow/.local/lib/python3.12/site-packages/airflow/example_dags/example_sensor_decorator.py took 0.096 seconds
[2025-10-17T03:49:21.555+0000] {processor.py:161} INFO - Started process (PID=6355) to work on /home/airflow/.local/lib/python3.12/site-packages/airflow/example_dags/example_sensor_decorator.py
[2025-10-17T03:49:21.556+0000] {processor.py:830} INFO - Processing file /home/airflow/.local/lib/python3.12/site-packages/airflow/example_dags/example_sensor_decorator.py for tasks to queue
[2025-10-17T03:49:21.558+0000] {logging_mixin.py:188} INFO - [2025-10-17T03:49:21.557+0000] {dagbag.py:545} INFO - Filling up the DagBag from /home/airflow/.local/lib/python3.12/site-packages/airflow/example_dags/example_sensor_decorator.py
[2025-10-17T03:49:21.563+0000] {processor.py:840} INFO - DAG(s) 'example_sensor_decorator' retrieved from /home/airflow/.local/lib/python3.12/site-packages/airflow/example_dags/example_sensor_decorator.py
[2025-10-17T03:49:21.581+0000] {logging_mixin.py:188} INFO - [2025-10-17T03:49:21.580+0000] {dag.py:3096} INFO - Sync 1 DAGs
[2025-10-17T03:49:21.591+0000] {logging_mixin.py:188} INFO - [2025-10-17T03:49:21.591+0000] {dag.py:3954} INFO - Setting next_dagrun for example_sensor_decorator to None, run_after=None
[2025-10-17T03:49:21.608+0000] {processor.py:183} INFO - Processing /home/airflow/.local/lib/python3.12/site-packages/airflow/example_dags/example_sensor_decorator.py took 0.059 seconds
[2025-10-17T03:49:51.907+0000] {processor.py:161} INFO - Started process (PID=6414) to work on /home/airflow/.local/lib/python3.12/site-packages/airflow/example_dags/example_sensor_decorator.py
[2025-10-17T03:49:51.909+0000] {processor.py:830} INFO - Processing file /home/airflow/.local/lib/python3.12/site-packages/airflow/example_dags/example_sensor_decorator.py for tasks to queue
[2025-10-17T03:49:51.911+0000] {logging_mixin.py:188} INFO - [2025-10-17T03:49:51.910+0000] {dagbag.py:545} INFO - Filling up the DagBag from /home/airflow/.local/lib/python3.12/site-packages/airflow/example_dags/example_sensor_decorator.py
[2025-10-17T03:49:51.919+0000] {processor.py:840} INFO - DAG(s) 'example_sensor_decorator' retrieved from /home/airflow/.local/lib/python3.12/site-packages/airflow/example_dags/example_sensor_decorator.py
[2025-10-17T03:49:51.939+0000] {logging_mixin.py:188} INFO - [2025-10-17T03:49:51.939+0000] {dag.py:3096} INFO - Sync 1 DAGs
[2025-10-17T03:49:51.950+0000] {logging_mixin.py:188} INFO - [2025-10-17T03:49:51.950+0000] {dag.py:3954} INFO - Setting next_dagrun for example_sensor_decorator to None, run_after=None
[2025-10-17T03:49:51.966+0000] {processor.py:183} INFO - Processing /home/airflow/.local/lib/python3.12/site-packages/airflow/example_dags/example_sensor_decorator.py took 0.064 seconds
[2025-10-17T03:50:22.439+0000] {processor.py:161} INFO - Started process (PID=6473) to work on /home/airflow/.local/lib/python3.12/site-packages/airflow/example_dags/example_sensor_decorator.py
[2025-10-17T03:50:22.440+0000] {processor.py:830} INFO - Processing file /home/airflow/.local/lib/python3.12/site-packages/airflow/example_dags/example_sensor_decorator.py for tasks to queue
[2025-10-17T03:50:22.442+0000] {logging_mixin.py:188} INFO - [2025-10-17T03:50:22.442+0000] {dagbag.py:545} INFO - Filling up the DagBag from /home/airflow/.local/lib/python3.12/site-packages/airflow/example_dags/example_sensor_decorator.py
[2025-10-17T03:50:22.449+0000] {processor.py:840} INFO - DAG(s) 'example_sensor_decorator' retrieved from /home/airflow/.local/lib/python3.12/site-packages/airflow/example_dags/example_sensor_decorator.py
[2025-10-17T03:50:22.470+0000] {logging_mixin.py:188} INFO - [2025-10-17T03:50:22.470+0000] {dag.py:3096} INFO - Sync 1 DAGs
[2025-10-17T03:50:22.481+0000] {logging_mixin.py:188} INFO - [2025-10-17T03:50:22.481+0000] {dag.py:3954} INFO - Setting next_dagrun for example_sensor_decorator to None, run_after=None
[2025-10-17T03:50:22.503+0000] {processor.py:183} INFO - Processing /home/airflow/.local/lib/python3.12/site-packages/airflow/example_dags/example_sensor_decorator.py took 0.071 seconds
[2025-10-17T03:50:53.496+0000] {processor.py:161} INFO - Started process (PID=6532) to work on /home/airflow/.local/lib/python3.12/site-packages/airflow/example_dags/example_sensor_decorator.py
[2025-10-17T03:50:53.497+0000] {processor.py:830} INFO - Processing file /home/airflow/.local/lib/python3.12/site-packages/airflow/example_dags/example_sensor_decorator.py for tasks to queue
[2025-10-17T03:50:53.499+0000] {logging_mixin.py:188} INFO - [2025-10-17T03:50:53.499+0000] {dagbag.py:545} INFO - Filling up the DagBag from /home/airflow/.local/lib/python3.12/site-packages/airflow/example_dags/example_sensor_decorator.py
[2025-10-17T03:50:53.506+0000] {processor.py:840} INFO - DAG(s) 'example_sensor_decorator' retrieved from /home/airflow/.local/lib/python3.12/site-packages/airflow/example_dags/example_sensor_decorator.py
[2025-10-17T03:50:53.526+0000] {logging_mixin.py:188} INFO - [2025-10-17T03:50:53.526+0000] {dag.py:3096} INFO - Sync 1 DAGs
[2025-10-17T03:50:53.538+0000] {logging_mixin.py:188} INFO - [2025-10-17T03:50:53.537+0000] {dag.py:3954} INFO - Setting next_dagrun for example_sensor_decorator to None, run_after=None
[2025-10-17T03:50:53.565+0000] {processor.py:183} INFO - Processing /home/airflow/.local/lib/python3.12/site-packages/airflow/example_dags/example_sensor_decorator.py took 0.074 seconds
[2025-10-17T03:51:24.161+0000] {processor.py:161} INFO - Started process (PID=6592) to work on /home/airflow/.local/lib/python3.12/site-packages/airflow/example_dags/example_sensor_decorator.py
[2025-10-17T03:51:24.162+0000] {processor.py:830} INFO - Processing file /home/airflow/.local/lib/python3.12/site-packages/airflow/example_dags/example_sensor_decorator.py for tasks to queue
[2025-10-17T03:51:24.165+0000] {logging_mixin.py:188} INFO - [2025-10-17T03:51:24.165+0000] {dagbag.py:545} INFO - Filling up the DagBag from /home/airflow/.local/lib/python3.12/site-packages/airflow/example_dags/example_sensor_decorator.py
[2025-10-17T03:51:24.172+0000] {processor.py:840} INFO - DAG(s) 'example_sensor_decorator' retrieved from /home/airflow/.local/lib/python3.12/site-packages/airflow/example_dags/example_sensor_decorator.py
[2025-10-17T03:51:24.195+0000] {logging_mixin.py:188} INFO - [2025-10-17T03:51:24.194+0000] {dag.py:3096} INFO - Sync 1 DAGs
[2025-10-17T03:51:24.208+0000] {logging_mixin.py:188} INFO - [2025-10-17T03:51:24.208+0000] {dag.py:3954} INFO - Setting next_dagrun for example_sensor_decorator to None, run_after=None
[2025-10-17T03:51:24.233+0000] {processor.py:183} INFO - Processing /home/airflow/.local/lib/python3.12/site-packages/airflow/example_dags/example_sensor_decorator.py took 0.080 seconds
[2025-10-17T03:51:54.355+0000] {processor.py:161} INFO - Started process (PID=6650) to work on /home/airflow/.local/lib/python3.12/site-packages/airflow/example_dags/example_sensor_decorator.py
[2025-10-17T03:51:54.356+0000] {processor.py:830} INFO - Processing file /home/airflow/.local/lib/python3.12/site-packages/airflow/example_dags/example_sensor_decorator.py for tasks to queue
[2025-10-17T03:51:54.359+0000] {logging_mixin.py:188} INFO - [2025-10-17T03:51:54.358+0000] {dagbag.py:545} INFO - Filling up the DagBag from /home/airflow/.local/lib/python3.12/site-packages/airflow/example_dags/example_sensor_decorator.py
[2025-10-17T03:51:54.364+0000] {processor.py:840} INFO - DAG(s) 'example_sensor_decorator' retrieved from /home/airflow/.local/lib/python3.12/site-packages/airflow/example_dags/example_sensor_decorator.py
[2025-10-17T03:51:54.385+0000] {logging_mixin.py:188} INFO - [2025-10-17T03:51:54.385+0000] {dag.py:3096} INFO - Sync 1 DAGs
[2025-10-17T03:51:54.397+0000] {logging_mixin.py:188} INFO - [2025-10-17T03:51:54.396+0000] {dag.py:3954} INFO - Setting next_dagrun for example_sensor_decorator to None, run_after=None
[2025-10-17T03:51:54.415+0000] {processor.py:183} INFO - Processing /home/airflow/.local/lib/python3.12/site-packages/airflow/example_dags/example_sensor_decorator.py took 0.066 seconds
[2025-10-17T03:52:25.471+0000] {processor.py:161} INFO - Started process (PID=6710) to work on /home/airflow/.local/lib/python3.12/site-packages/airflow/example_dags/example_sensor_decorator.py
[2025-10-17T03:52:25.472+0000] {processor.py:830} INFO - Processing file /home/airflow/.local/lib/python3.12/site-packages/airflow/example_dags/example_sensor_decorator.py for tasks to queue
[2025-10-17T03:52:25.474+0000] {logging_mixin.py:188} INFO - [2025-10-17T03:52:25.474+0000] {dagbag.py:545} INFO - Filling up the DagBag from /home/airflow/.local/lib/python3.12/site-packages/airflow/example_dags/example_sensor_decorator.py
[2025-10-17T03:52:25.481+0000] {processor.py:840} INFO - DAG(s) 'example_sensor_decorator' retrieved from /home/airflow/.local/lib/python3.12/site-packages/airflow/example_dags/example_sensor_decorator.py
[2025-10-17T03:52:25.503+0000] {logging_mixin.py:188} INFO - [2025-10-17T03:52:25.502+0000] {dag.py:3096} INFO - Sync 1 DAGs
[2025-10-17T03:52:25.516+0000] {logging_mixin.py:188} INFO - [2025-10-17T03:52:25.516+0000] {dag.py:3954} INFO - Setting next_dagrun for example_sensor_decorator to None, run_after=None
[2025-10-17T03:52:25.534+0000] {processor.py:183} INFO - Processing /home/airflow/.local/lib/python3.12/site-packages/airflow/example_dags/example_sensor_decorator.py took 0.070 seconds
[2025-10-17T03:52:56.405+0000] {processor.py:161} INFO - Started process (PID=6769) to work on /home/airflow/.local/lib/python3.12/site-packages/airflow/example_dags/example_sensor_decorator.py
[2025-10-17T03:52:56.406+0000] {processor.py:830} INFO - Processing file /home/airflow/.local/lib/python3.12/site-packages/airflow/example_dags/example_sensor_decorator.py for tasks to queue
[2025-10-17T03:52:56.409+0000] {logging_mixin.py:188} INFO - [2025-10-17T03:52:56.408+0000] {dagbag.py:545} INFO - Filling up the DagBag from /home/airflow/.local/lib/python3.12/site-packages/airflow/example_dags/example_sensor_decorator.py
[2025-10-17T03:52:56.415+0000] {processor.py:840} INFO - DAG(s) 'example_sensor_decorator' retrieved from /home/airflow/.local/lib/python3.12/site-packages/airflow/example_dags/example_sensor_decorator.py
[2025-10-17T03:52:56.573+0000] {logging_mixin.py:188} INFO - [2025-10-17T03:52:56.573+0000] {dag.py:3096} INFO - Sync 1 DAGs
[2025-10-17T03:52:56.583+0000] {logging_mixin.py:188} INFO - [2025-10-17T03:52:56.583+0000] {dag.py:3954} INFO - Setting next_dagrun for example_sensor_decorator to None, run_after=None
[2025-10-17T03:52:56.600+0000] {processor.py:183} INFO - Processing /home/airflow/.local/lib/python3.12/site-packages/airflow/example_dags/example_sensor_decorator.py took 0.200 seconds
[2025-10-17T03:53:27.132+0000] {processor.py:161} INFO - Started process (PID=6828) to work on /home/airflow/.local/lib/python3.12/site-packages/airflow/example_dags/example_sensor_decorator.py
[2025-10-17T03:53:27.133+0000] {processor.py:830} INFO - Processing file /home/airflow/.local/lib/python3.12/site-packages/airflow/example_dags/example_sensor_decorator.py for tasks to queue
[2025-10-17T03:53:27.135+0000] {logging_mixin.py:188} INFO - [2025-10-17T03:53:27.135+0000] {dagbag.py:545} INFO - Filling up the DagBag from /home/airflow/.local/lib/python3.12/site-packages/airflow/example_dags/example_sensor_decorator.py
[2025-10-17T03:53:27.141+0000] {processor.py:840} INFO - DAG(s) 'example_sensor_decorator' retrieved from /home/airflow/.local/lib/python3.12/site-packages/airflow/example_dags/example_sensor_decorator.py
[2025-10-17T03:53:27.160+0000] {logging_mixin.py:188} INFO - [2025-10-17T03:53:27.160+0000] {dag.py:3096} INFO - Sync 1 DAGs
[2025-10-17T03:53:27.172+0000] {logging_mixin.py:188} INFO - [2025-10-17T03:53:27.171+0000] {dag.py:3954} INFO - Setting next_dagrun for example_sensor_decorator to None, run_after=None
[2025-10-17T03:53:27.191+0000] {processor.py:183} INFO - Processing /home/airflow/.local/lib/python3.12/site-packages/airflow/example_dags/example_sensor_decorator.py took 0.064 seconds
[2025-10-17T03:53:57.379+0000] {processor.py:161} INFO - Started process (PID=6887) to work on /home/airflow/.local/lib/python3.12/site-packages/airflow/example_dags/example_sensor_decorator.py
[2025-10-17T03:53:57.380+0000] {processor.py:830} INFO - Processing file /home/airflow/.local/lib/python3.12/site-packages/airflow/example_dags/example_sensor_decorator.py for tasks to queue
[2025-10-17T03:53:57.382+0000] {logging_mixin.py:188} INFO - [2025-10-17T03:53:57.382+0000] {dagbag.py:545} INFO - Filling up the DagBag from /home/airflow/.local/lib/python3.12/site-packages/airflow/example_dags/example_sensor_decorator.py
[2025-10-17T03:53:57.389+0000] {processor.py:840} INFO - DAG(s) 'example_sensor_decorator' retrieved from /home/airflow/.local/lib/python3.12/site-packages/airflow/example_dags/example_sensor_decorator.py
[2025-10-17T03:53:57.412+0000] {logging_mixin.py:188} INFO - [2025-10-17T03:53:57.412+0000] {dag.py:3096} INFO - Sync 1 DAGs
[2025-10-17T03:53:57.427+0000] {logging_mixin.py:188} INFO - [2025-10-17T03:53:57.427+0000] {dag.py:3954} INFO - Setting next_dagrun for example_sensor_decorator to None, run_after=None
[2025-10-17T03:53:57.450+0000] {processor.py:183} INFO - Processing /home/airflow/.local/lib/python3.12/site-packages/airflow/example_dags/example_sensor_decorator.py took 0.077 seconds
[2025-10-17T03:54:27.574+0000] {processor.py:161} INFO - Started process (PID=6946) to work on /home/airflow/.local/lib/python3.12/site-packages/airflow/example_dags/example_sensor_decorator.py
[2025-10-17T03:54:27.575+0000] {processor.py:830} INFO - Processing file /home/airflow/.local/lib/python3.12/site-packages/airflow/example_dags/example_sensor_decorator.py for tasks to queue
[2025-10-17T03:54:27.577+0000] {logging_mixin.py:188} INFO - [2025-10-17T03:54:27.576+0000] {dagbag.py:545} INFO - Filling up the DagBag from /home/airflow/.local/lib/python3.12/site-packages/airflow/example_dags/example_sensor_decorator.py
[2025-10-17T03:54:27.583+0000] {processor.py:840} INFO - DAG(s) 'example_sensor_decorator' retrieved from /home/airflow/.local/lib/python3.12/site-packages/airflow/example_dags/example_sensor_decorator.py
[2025-10-17T03:54:27.601+0000] {logging_mixin.py:188} INFO - [2025-10-17T03:54:27.601+0000] {dag.py:3096} INFO - Sync 1 DAGs
[2025-10-17T03:54:27.613+0000] {logging_mixin.py:188} INFO - [2025-10-17T03:54:27.613+0000] {dag.py:3954} INFO - Setting next_dagrun for example_sensor_decorator to None, run_after=None
[2025-10-17T03:54:27.636+0000] {processor.py:183} INFO - Processing /home/airflow/.local/lib/python3.12/site-packages/airflow/example_dags/example_sensor_decorator.py took 0.067 seconds
[2025-10-17T03:54:58.607+0000] {processor.py:161} INFO - Started process (PID=7005) to work on /home/airflow/.local/lib/python3.12/site-packages/airflow/example_dags/example_sensor_decorator.py
[2025-10-17T03:54:58.608+0000] {processor.py:830} INFO - Processing file /home/airflow/.local/lib/python3.12/site-packages/airflow/example_dags/example_sensor_decorator.py for tasks to queue
[2025-10-17T03:54:58.610+0000] {logging_mixin.py:188} INFO - [2025-10-17T03:54:58.610+0000] {dagbag.py:545} INFO - Filling up the DagBag from /home/airflow/.local/lib/python3.12/site-packages/airflow/example_dags/example_sensor_decorator.py
[2025-10-17T03:54:58.615+0000] {processor.py:840} INFO - DAG(s) 'example_sensor_decorator' retrieved from /home/airflow/.local/lib/python3.12/site-packages/airflow/example_dags/example_sensor_decorator.py
[2025-10-17T03:54:58.635+0000] {logging_mixin.py:188} INFO - [2025-10-17T03:54:58.635+0000] {dag.py:3096} INFO - Sync 1 DAGs
[2025-10-17T03:54:58.646+0000] {logging_mixin.py:188} INFO - [2025-10-17T03:54:58.646+0000] {dag.py:3954} INFO - Setting next_dagrun for example_sensor_decorator to None, run_after=None
[2025-10-17T03:54:58.665+0000] {processor.py:183} INFO - Processing /home/airflow/.local/lib/python3.12/site-packages/airflow/example_dags/example_sensor_decorator.py took 0.065 seconds
[2025-10-17T03:55:28.929+0000] {processor.py:161} INFO - Started process (PID=7064) to work on /home/airflow/.local/lib/python3.12/site-packages/airflow/example_dags/example_sensor_decorator.py
[2025-10-17T03:55:28.930+0000] {processor.py:830} INFO - Processing file /home/airflow/.local/lib/python3.12/site-packages/airflow/example_dags/example_sensor_decorator.py for tasks to queue
[2025-10-17T03:55:28.933+0000] {logging_mixin.py:188} INFO - [2025-10-17T03:55:28.932+0000] {dagbag.py:545} INFO - Filling up the DagBag from /home/airflow/.local/lib/python3.12/site-packages/airflow/example_dags/example_sensor_decorator.py
[2025-10-17T03:55:28.939+0000] {processor.py:840} INFO - DAG(s) 'example_sensor_decorator' retrieved from /home/airflow/.local/lib/python3.12/site-packages/airflow/example_dags/example_sensor_decorator.py
[2025-10-17T03:55:28.958+0000] {logging_mixin.py:188} INFO - [2025-10-17T03:55:28.958+0000] {dag.py:3096} INFO - Sync 1 DAGs
[2025-10-17T03:55:28.972+0000] {logging_mixin.py:188} INFO - [2025-10-17T03:55:28.972+0000] {dag.py:3954} INFO - Setting next_dagrun for example_sensor_decorator to None, run_after=None
[2025-10-17T03:55:28.989+0000] {processor.py:183} INFO - Processing /home/airflow/.local/lib/python3.12/site-packages/airflow/example_dags/example_sensor_decorator.py took 0.065 seconds
[2025-10-17T03:55:59.979+0000] {processor.py:161} INFO - Started process (PID=7123) to work on /home/airflow/.local/lib/python3.12/site-packages/airflow/example_dags/example_sensor_decorator.py
[2025-10-17T03:55:59.982+0000] {processor.py:830} INFO - Processing file /home/airflow/.local/lib/python3.12/site-packages/airflow/example_dags/example_sensor_decorator.py for tasks to queue
[2025-10-17T03:55:59.985+0000] {logging_mixin.py:188} INFO - [2025-10-17T03:55:59.985+0000] {dagbag.py:545} INFO - Filling up the DagBag from /home/airflow/.local/lib/python3.12/site-packages/airflow/example_dags/example_sensor_decorator.py
[2025-10-17T03:55:59.995+0000] {processor.py:840} INFO - DAG(s) 'example_sensor_decorator' retrieved from /home/airflow/.local/lib/python3.12/site-packages/airflow/example_dags/example_sensor_decorator.py
[2025-10-17T03:56:00.024+0000] {logging_mixin.py:188} INFO - [2025-10-17T03:56:00.024+0000] {dag.py:3096} INFO - Sync 1 DAGs
[2025-10-17T03:56:00.051+0000] {logging_mixin.py:188} INFO - [2025-10-17T03:56:00.051+0000] {dag.py:3954} INFO - Setting next_dagrun for example_sensor_decorator to None, run_after=None
[2025-10-17T03:56:00.086+0000] {processor.py:183} INFO - Processing /home/airflow/.local/lib/python3.12/site-packages/airflow/example_dags/example_sensor_decorator.py took 0.116 seconds
[2025-10-17T03:56:30.960+0000] {processor.py:161} INFO - Started process (PID=7182) to work on /home/airflow/.local/lib/python3.12/site-packages/airflow/example_dags/example_sensor_decorator.py
[2025-10-17T03:56:30.962+0000] {processor.py:830} INFO - Processing file /home/airflow/.local/lib/python3.12/site-packages/airflow/example_dags/example_sensor_decorator.py for tasks to queue
[2025-10-17T03:56:30.964+0000] {logging_mixin.py:188} INFO - [2025-10-17T03:56:30.963+0000] {dagbag.py:545} INFO - Filling up the DagBag from /home/airflow/.local/lib/python3.12/site-packages/airflow/example_dags/example_sensor_decorator.py
[2025-10-17T03:56:30.970+0000] {processor.py:840} INFO - DAG(s) 'example_sensor_decorator' retrieved from /home/airflow/.local/lib/python3.12/site-packages/airflow/example_dags/example_sensor_decorator.py
[2025-10-17T03:56:31.001+0000] {logging_mixin.py:188} INFO - [2025-10-17T03:56:31.000+0000] {dag.py:3096} INFO - Sync 1 DAGs
[2025-10-17T03:56:31.032+0000] {logging_mixin.py:188} INFO - [2025-10-17T03:56:31.032+0000] {dag.py:3954} INFO - Setting next_dagrun for example_sensor_decorator to None, run_after=None
[2025-10-17T03:56:31.111+0000] {processor.py:183} INFO - Processing /home/airflow/.local/lib/python3.12/site-packages/airflow/example_dags/example_sensor_decorator.py took 0.157 seconds
[2025-10-17T03:57:01.439+0000] {processor.py:161} INFO - Started process (PID=7240) to work on /home/airflow/.local/lib/python3.12/site-packages/airflow/example_dags/example_sensor_decorator.py
[2025-10-17T03:57:01.440+0000] {processor.py:830} INFO - Processing file /home/airflow/.local/lib/python3.12/site-packages/airflow/example_dags/example_sensor_decorator.py for tasks to queue
[2025-10-17T03:57:01.444+0000] {logging_mixin.py:188} INFO - [2025-10-17T03:57:01.443+0000] {dagbag.py:545} INFO - Filling up the DagBag from /home/airflow/.local/lib/python3.12/site-packages/airflow/example_dags/example_sensor_decorator.py
[2025-10-17T03:57:01.454+0000] {processor.py:840} INFO - DAG(s) 'example_sensor_decorator' retrieved from /home/airflow/.local/lib/python3.12/site-packages/airflow/example_dags/example_sensor_decorator.py
[2025-10-17T03:57:01.496+0000] {logging_mixin.py:188} INFO - [2025-10-17T03:57:01.495+0000] {dag.py:3096} INFO - Sync 1 DAGs
[2025-10-17T03:57:01.513+0000] {logging_mixin.py:188} INFO - [2025-10-17T03:57:01.513+0000] {dag.py:3954} INFO - Setting next_dagrun for example_sensor_decorator to None, run_after=None
[2025-10-17T03:57:01.535+0000] {processor.py:183} INFO - Processing /home/airflow/.local/lib/python3.12/site-packages/airflow/example_dags/example_sensor_decorator.py took 0.103 seconds
[2025-10-17T03:57:31.846+0000] {processor.py:161} INFO - Started process (PID=7299) to work on /home/airflow/.local/lib/python3.12/site-packages/airflow/example_dags/example_sensor_decorator.py
[2025-10-17T03:57:31.848+0000] {processor.py:830} INFO - Processing file /home/airflow/.local/lib/python3.12/site-packages/airflow/example_dags/example_sensor_decorator.py for tasks to queue
[2025-10-17T03:57:31.852+0000] {logging_mixin.py:188} INFO - [2025-10-17T03:57:31.852+0000] {dagbag.py:545} INFO - Filling up the DagBag from /home/airflow/.local/lib/python3.12/site-packages/airflow/example_dags/example_sensor_decorator.py
[2025-10-17T03:57:31.867+0000] {processor.py:840} INFO - DAG(s) 'example_sensor_decorator' retrieved from /home/airflow/.local/lib/python3.12/site-packages/airflow/example_dags/example_sensor_decorator.py
[2025-10-17T03:57:31.902+0000] {logging_mixin.py:188} INFO - [2025-10-17T03:57:31.902+0000] {dag.py:3096} INFO - Sync 1 DAGs
[2025-10-17T03:57:31.917+0000] {logging_mixin.py:188} INFO - [2025-10-17T03:57:31.917+0000] {dag.py:3954} INFO - Setting next_dagrun for example_sensor_decorator to None, run_after=None
[2025-10-17T03:57:31.942+0000] {processor.py:183} INFO - Processing /home/airflow/.local/lib/python3.12/site-packages/airflow/example_dags/example_sensor_decorator.py took 0.106 seconds
[2025-10-17T03:58:02.083+0000] {processor.py:161} INFO - Started process (PID=7358) to work on /home/airflow/.local/lib/python3.12/site-packages/airflow/example_dags/example_sensor_decorator.py
[2025-10-17T03:58:02.085+0000] {processor.py:830} INFO - Processing file /home/airflow/.local/lib/python3.12/site-packages/airflow/example_dags/example_sensor_decorator.py for tasks to queue
[2025-10-17T03:58:02.088+0000] {logging_mixin.py:188} INFO - [2025-10-17T03:58:02.088+0000] {dagbag.py:545} INFO - Filling up the DagBag from /home/airflow/.local/lib/python3.12/site-packages/airflow/example_dags/example_sensor_decorator.py
[2025-10-17T03:58:02.097+0000] {processor.py:840} INFO - DAG(s) 'example_sensor_decorator' retrieved from /home/airflow/.local/lib/python3.12/site-packages/airflow/example_dags/example_sensor_decorator.py
[2025-10-17T03:58:02.135+0000] {logging_mixin.py:188} INFO - [2025-10-17T03:58:02.135+0000] {dag.py:3096} INFO - Sync 1 DAGs
[2025-10-17T03:58:02.151+0000] {logging_mixin.py:188} INFO - [2025-10-17T03:58:02.150+0000] {dag.py:3954} INFO - Setting next_dagrun for example_sensor_decorator to None, run_after=None
[2025-10-17T03:58:02.173+0000] {processor.py:183} INFO - Processing /home/airflow/.local/lib/python3.12/site-packages/airflow/example_dags/example_sensor_decorator.py took 0.098 seconds
[2025-10-17T03:58:33.108+0000] {processor.py:161} INFO - Started process (PID=7418) to work on /home/airflow/.local/lib/python3.12/site-packages/airflow/example_dags/example_sensor_decorator.py
[2025-10-17T03:58:33.109+0000] {processor.py:830} INFO - Processing file /home/airflow/.local/lib/python3.12/site-packages/airflow/example_dags/example_sensor_decorator.py for tasks to queue
[2025-10-17T03:58:33.111+0000] {logging_mixin.py:188} INFO - [2025-10-17T03:58:33.111+0000] {dagbag.py:545} INFO - Filling up the DagBag from /home/airflow/.local/lib/python3.12/site-packages/airflow/example_dags/example_sensor_decorator.py
[2025-10-17T03:58:33.117+0000] {processor.py:840} INFO - DAG(s) 'example_sensor_decorator' retrieved from /home/airflow/.local/lib/python3.12/site-packages/airflow/example_dags/example_sensor_decorator.py
[2025-10-17T03:58:33.136+0000] {logging_mixin.py:188} INFO - [2025-10-17T03:58:33.135+0000] {dag.py:3096} INFO - Sync 1 DAGs
[2025-10-17T03:58:33.148+0000] {logging_mixin.py:188} INFO - [2025-10-17T03:58:33.148+0000] {dag.py:3954} INFO - Setting next_dagrun for example_sensor_decorator to None, run_after=None
[2025-10-17T03:58:33.168+0000] {processor.py:183} INFO - Processing /home/airflow/.local/lib/python3.12/site-packages/airflow/example_dags/example_sensor_decorator.py took 0.066 seconds
[2025-10-17T03:59:03.444+0000] {processor.py:161} INFO - Started process (PID=7477) to work on /home/airflow/.local/lib/python3.12/site-packages/airflow/example_dags/example_sensor_decorator.py
[2025-10-17T03:59:03.445+0000] {processor.py:830} INFO - Processing file /home/airflow/.local/lib/python3.12/site-packages/airflow/example_dags/example_sensor_decorator.py for tasks to queue
[2025-10-17T03:59:03.447+0000] {logging_mixin.py:188} INFO - [2025-10-17T03:59:03.447+0000] {dagbag.py:545} INFO - Filling up the DagBag from /home/airflow/.local/lib/python3.12/site-packages/airflow/example_dags/example_sensor_decorator.py
[2025-10-17T03:59:03.455+0000] {processor.py:840} INFO - DAG(s) 'example_sensor_decorator' retrieved from /home/airflow/.local/lib/python3.12/site-packages/airflow/example_dags/example_sensor_decorator.py
[2025-10-17T03:59:03.468+0000] {logging_mixin.py:188} INFO - [2025-10-17T03:59:03.468+0000] {dag.py:3096} INFO - Sync 1 DAGs
[2025-10-17T03:59:03.483+0000] {logging_mixin.py:188} INFO - [2025-10-17T03:59:03.483+0000] {dag.py:3954} INFO - Setting next_dagrun for example_sensor_decorator to None, run_after=None
[2025-10-17T03:59:03.513+0000] {processor.py:183} INFO - Processing /home/airflow/.local/lib/python3.12/site-packages/airflow/example_dags/example_sensor_decorator.py took 0.076 seconds
[2025-10-17T03:59:33.756+0000] {processor.py:161} INFO - Started process (PID=7536) to work on /home/airflow/.local/lib/python3.12/site-packages/airflow/example_dags/example_sensor_decorator.py
[2025-10-17T03:59:33.757+0000] {processor.py:830} INFO - Processing file /home/airflow/.local/lib/python3.12/site-packages/airflow/example_dags/example_sensor_decorator.py for tasks to queue
[2025-10-17T03:59:33.759+0000] {logging_mixin.py:188} INFO - [2025-10-17T03:59:33.758+0000] {dagbag.py:545} INFO - Filling up the DagBag from /home/airflow/.local/lib/python3.12/site-packages/airflow/example_dags/example_sensor_decorator.py
[2025-10-17T03:59:33.765+0000] {processor.py:840} INFO - DAG(s) 'example_sensor_decorator' retrieved from /home/airflow/.local/lib/python3.12/site-packages/airflow/example_dags/example_sensor_decorator.py
[2025-10-17T03:59:33.855+0000] {logging_mixin.py:188} INFO - [2025-10-17T03:59:33.855+0000] {dag.py:3096} INFO - Sync 1 DAGs
[2025-10-17T03:59:33.863+0000] {logging_mixin.py:188} INFO - [2025-10-17T03:59:33.863+0000] {dag.py:3954} INFO - Setting next_dagrun for example_sensor_decorator to None, run_after=None
[2025-10-17T03:59:33.881+0000] {processor.py:183} INFO - Processing /home/airflow/.local/lib/python3.12/site-packages/airflow/example_dags/example_sensor_decorator.py took 0.130 seconds
[2025-10-17T04:00:04.166+0000] {processor.py:161} INFO - Started process (PID=7596) to work on /home/airflow/.local/lib/python3.12/site-packages/airflow/example_dags/example_sensor_decorator.py
[2025-10-17T04:00:04.167+0000] {processor.py:830} INFO - Processing file /home/airflow/.local/lib/python3.12/site-packages/airflow/example_dags/example_sensor_decorator.py for tasks to queue
[2025-10-17T04:00:04.169+0000] {logging_mixin.py:188} INFO - [2025-10-17T04:00:04.169+0000] {dagbag.py:545} INFO - Filling up the DagBag from /home/airflow/.local/lib/python3.12/site-packages/airflow/example_dags/example_sensor_decorator.py
[2025-10-17T04:00:04.177+0000] {processor.py:840} INFO - DAG(s) 'example_sensor_decorator' retrieved from /home/airflow/.local/lib/python3.12/site-packages/airflow/example_dags/example_sensor_decorator.py
[2025-10-17T04:00:04.200+0000] {logging_mixin.py:188} INFO - [2025-10-17T04:00:04.200+0000] {dag.py:3096} INFO - Sync 1 DAGs
[2025-10-17T04:00:04.212+0000] {logging_mixin.py:188} INFO - [2025-10-17T04:00:04.212+0000] {dag.py:3954} INFO - Setting next_dagrun for example_sensor_decorator to None, run_after=None
[2025-10-17T04:00:04.234+0000] {processor.py:183} INFO - Processing /home/airflow/.local/lib/python3.12/site-packages/airflow/example_dags/example_sensor_decorator.py took 0.074 seconds
[2025-10-17T04:00:34.461+0000] {processor.py:161} INFO - Started process (PID=7655) to work on /home/airflow/.local/lib/python3.12/site-packages/airflow/example_dags/example_sensor_decorator.py
[2025-10-17T04:00:34.462+0000] {processor.py:830} INFO - Processing file /home/airflow/.local/lib/python3.12/site-packages/airflow/example_dags/example_sensor_decorator.py for tasks to queue
[2025-10-17T04:00:34.464+0000] {logging_mixin.py:188} INFO - [2025-10-17T04:00:34.464+0000] {dagbag.py:545} INFO - Filling up the DagBag from /home/airflow/.local/lib/python3.12/site-packages/airflow/example_dags/example_sensor_decorator.py
[2025-10-17T04:00:34.470+0000] {processor.py:840} INFO - DAG(s) 'example_sensor_decorator' retrieved from /home/airflow/.local/lib/python3.12/site-packages/airflow/example_dags/example_sensor_decorator.py
[2025-10-17T04:00:34.490+0000] {logging_mixin.py:188} INFO - [2025-10-17T04:00:34.490+0000] {dag.py:3096} INFO - Sync 1 DAGs
[2025-10-17T04:00:34.501+0000] {logging_mixin.py:188} INFO - [2025-10-17T04:00:34.501+0000] {dag.py:3954} INFO - Setting next_dagrun for example_sensor_decorator to None, run_after=None
[2025-10-17T04:00:34.521+0000] {processor.py:183} INFO - Processing /home/airflow/.local/lib/python3.12/site-packages/airflow/example_dags/example_sensor_decorator.py took 0.065 seconds
