[2025-10-17T02:55:08.260+0000] {processor.py:161} INFO - Started process (PID=63) to work on /home/airflow/.local/lib/python3.12/site-packages/airflow/example_dags/example_xcomargs.py
[2025-10-17T02:55:08.267+0000] {processor.py:830} INFO - Processing file /home/airflow/.local/lib/python3.12/site-packages/airflow/example_dags/example_xcomargs.py for tasks to queue
[2025-10-17T02:55:08.274+0000] {logging_mixin.py:188} INFO - [2025-10-17T02:55:08.272+0000] {dagbag.py:545} INFO - Filling up the DagBag from /home/airflow/.local/lib/python3.12/site-packages/airflow/example_dags/example_xcomargs.py
[2025-10-17T02:55:08.319+0000] {processor.py:840} INFO - DAG(s) 'example_xcom_args', 'example_xcom_args_with_operators' retrieved from /home/airflow/.local/lib/python3.12/site-packages/airflow/example_dags/example_xcomargs.py
[2025-10-17T02:55:08.560+0000] {logging_mixin.py:188} INFO - [2025-10-17T02:55:08.559+0000] {override.py:1829} INFO - Created Permission View: can read on DAG:example_xcom_args
[2025-10-17T02:55:08.575+0000] {logging_mixin.py:188} INFO - [2025-10-17T02:55:08.574+0000] {override.py:1829} INFO - Created Permission View: can delete on DAG:example_xcom_args
[2025-10-17T02:55:08.584+0000] {logging_mixin.py:188} INFO - [2025-10-17T02:55:08.583+0000] {override.py:1829} INFO - Created Permission View: can edit on DAG:example_xcom_args
[2025-10-17T02:55:08.604+0000] {logging_mixin.py:188} INFO - [2025-10-17T02:55:08.604+0000] {override.py:1829} INFO - Created Permission View: can read on DAG:example_xcom_args_with_operators
[2025-10-17T02:55:08.614+0000] {logging_mixin.py:188} INFO - [2025-10-17T02:55:08.614+0000] {override.py:1829} INFO - Created Permission View: can delete on DAG:example_xcom_args_with_operators
[2025-10-17T02:55:08.625+0000] {logging_mixin.py:188} INFO - [2025-10-17T02:55:08.624+0000] {override.py:1829} INFO - Created Permission View: can edit on DAG:example_xcom_args_with_operators
[2025-10-17T02:55:08.627+0000] {logging_mixin.py:188} INFO - [2025-10-17T02:55:08.627+0000] {dag.py:3096} INFO - Sync 2 DAGs
[2025-10-17T02:55:08.644+0000] {logging_mixin.py:188} INFO - [2025-10-17T02:55:08.644+0000] {dag.py:3118} INFO - Creating ORM DAG for example_xcom_args_with_operators
[2025-10-17T02:55:08.645+0000] {logging_mixin.py:188} INFO - [2025-10-17T02:55:08.645+0000] {dag.py:3118} INFO - Creating ORM DAG for example_xcom_args
[2025-10-17T02:55:08.646+0000] {logging_mixin.py:188} INFO - [2025-10-17T02:55:08.646+0000] {dag.py:3954} INFO - Setting next_dagrun for example_xcom_args to None, run_after=None
[2025-10-17T02:55:08.648+0000] {logging_mixin.py:188} INFO - [2025-10-17T02:55:08.648+0000] {dag.py:3954} INFO - Setting next_dagrun for example_xcom_args_with_operators to None, run_after=None
[2025-10-17T02:55:08.678+0000] {processor.py:183} INFO - Processing /home/airflow/.local/lib/python3.12/site-packages/airflow/example_dags/example_xcomargs.py took 0.452 seconds
[2025-10-17T02:55:39.441+0000] {processor.py:161} INFO - Started process (PID=121) to work on /home/airflow/.local/lib/python3.12/site-packages/airflow/example_dags/example_xcomargs.py
[2025-10-17T02:55:39.443+0000] {processor.py:830} INFO - Processing file /home/airflow/.local/lib/python3.12/site-packages/airflow/example_dags/example_xcomargs.py for tasks to queue
[2025-10-17T02:55:39.444+0000] {logging_mixin.py:188} INFO - [2025-10-17T02:55:39.444+0000] {dagbag.py:545} INFO - Filling up the DagBag from /home/airflow/.local/lib/python3.12/site-packages/airflow/example_dags/example_xcomargs.py
[2025-10-17T02:55:39.452+0000] {processor.py:840} INFO - DAG(s) 'example_xcom_args', 'example_xcom_args_with_operators' retrieved from /home/airflow/.local/lib/python3.12/site-packages/airflow/example_dags/example_xcomargs.py
[2025-10-17T02:55:39.471+0000] {logging_mixin.py:188} INFO - [2025-10-17T02:55:39.470+0000] {dag.py:3096} INFO - Sync 2 DAGs
[2025-10-17T02:55:39.482+0000] {logging_mixin.py:188} INFO - [2025-10-17T02:55:39.481+0000] {dag.py:3954} INFO - Setting next_dagrun for example_xcom_args to None, run_after=None
[2025-10-17T02:55:39.486+0000] {logging_mixin.py:188} INFO - [2025-10-17T02:55:39.486+0000] {dag.py:3954} INFO - Setting next_dagrun for example_xcom_args_with_operators to None, run_after=None
[2025-10-17T02:55:39.507+0000] {processor.py:183} INFO - Processing /home/airflow/.local/lib/python3.12/site-packages/airflow/example_dags/example_xcomargs.py took 0.071 seconds
[2025-10-17T02:56:10.061+0000] {processor.py:161} INFO - Started process (PID=180) to work on /home/airflow/.local/lib/python3.12/site-packages/airflow/example_dags/example_xcomargs.py
[2025-10-17T02:56:10.062+0000] {processor.py:830} INFO - Processing file /home/airflow/.local/lib/python3.12/site-packages/airflow/example_dags/example_xcomargs.py for tasks to queue
[2025-10-17T02:56:10.064+0000] {logging_mixin.py:188} INFO - [2025-10-17T02:56:10.064+0000] {dagbag.py:545} INFO - Filling up the DagBag from /home/airflow/.local/lib/python3.12/site-packages/airflow/example_dags/example_xcomargs.py
[2025-10-17T02:56:10.073+0000] {processor.py:840} INFO - DAG(s) 'example_xcom_args', 'example_xcom_args_with_operators' retrieved from /home/airflow/.local/lib/python3.12/site-packages/airflow/example_dags/example_xcomargs.py
[2025-10-17T02:56:10.093+0000] {logging_mixin.py:188} INFO - [2025-10-17T02:56:10.093+0000] {dag.py:3096} INFO - Sync 2 DAGs
[2025-10-17T02:56:10.104+0000] {logging_mixin.py:188} INFO - [2025-10-17T02:56:10.104+0000] {dag.py:3954} INFO - Setting next_dagrun for example_xcom_args to None, run_after=None
[2025-10-17T02:56:10.108+0000] {logging_mixin.py:188} INFO - [2025-10-17T02:56:10.108+0000] {dag.py:3954} INFO - Setting next_dagrun for example_xcom_args_with_operators to None, run_after=None
[2025-10-17T02:56:10.127+0000] {processor.py:183} INFO - Processing /home/airflow/.local/lib/python3.12/site-packages/airflow/example_dags/example_xcomargs.py took 0.071 seconds
[2025-10-17T02:56:40.367+0000] {processor.py:161} INFO - Started process (PID=239) to work on /home/airflow/.local/lib/python3.12/site-packages/airflow/example_dags/example_xcomargs.py
[2025-10-17T02:56:40.368+0000] {processor.py:830} INFO - Processing file /home/airflow/.local/lib/python3.12/site-packages/airflow/example_dags/example_xcomargs.py for tasks to queue
[2025-10-17T02:56:40.371+0000] {logging_mixin.py:188} INFO - [2025-10-17T02:56:40.371+0000] {dagbag.py:545} INFO - Filling up the DagBag from /home/airflow/.local/lib/python3.12/site-packages/airflow/example_dags/example_xcomargs.py
[2025-10-17T02:56:40.380+0000] {processor.py:840} INFO - DAG(s) 'example_xcom_args', 'example_xcom_args_with_operators' retrieved from /home/airflow/.local/lib/python3.12/site-packages/airflow/example_dags/example_xcomargs.py
[2025-10-17T02:56:40.406+0000] {logging_mixin.py:188} INFO - [2025-10-17T02:56:40.405+0000] {dag.py:3096} INFO - Sync 2 DAGs
[2025-10-17T02:56:40.424+0000] {logging_mixin.py:188} INFO - [2025-10-17T02:56:40.424+0000] {dag.py:3954} INFO - Setting next_dagrun for example_xcom_args to None, run_after=None
[2025-10-17T02:56:40.431+0000] {logging_mixin.py:188} INFO - [2025-10-17T02:56:40.430+0000] {dag.py:3954} INFO - Setting next_dagrun for example_xcom_args_with_operators to None, run_after=None
[2025-10-17T02:56:40.458+0000] {processor.py:183} INFO - Processing /home/airflow/.local/lib/python3.12/site-packages/airflow/example_dags/example_xcomargs.py took 0.097 seconds
[2025-10-17T02:57:10.834+0000] {processor.py:161} INFO - Started process (PID=298) to work on /home/airflow/.local/lib/python3.12/site-packages/airflow/example_dags/example_xcomargs.py
[2025-10-17T02:57:10.835+0000] {processor.py:830} INFO - Processing file /home/airflow/.local/lib/python3.12/site-packages/airflow/example_dags/example_xcomargs.py for tasks to queue
[2025-10-17T02:57:10.837+0000] {logging_mixin.py:188} INFO - [2025-10-17T02:57:10.837+0000] {dagbag.py:545} INFO - Filling up the DagBag from /home/airflow/.local/lib/python3.12/site-packages/airflow/example_dags/example_xcomargs.py
[2025-10-17T02:57:10.844+0000] {processor.py:840} INFO - DAG(s) 'example_xcom_args_with_operators', 'example_xcom_args' retrieved from /home/airflow/.local/lib/python3.12/site-packages/airflow/example_dags/example_xcomargs.py
[2025-10-17T02:57:10.863+0000] {logging_mixin.py:188} INFO - [2025-10-17T02:57:10.863+0000] {dag.py:3096} INFO - Sync 2 DAGs
[2025-10-17T02:57:10.873+0000] {logging_mixin.py:188} INFO - [2025-10-17T02:57:10.873+0000] {dag.py:3954} INFO - Setting next_dagrun for example_xcom_args to None, run_after=None
[2025-10-17T02:57:10.877+0000] {logging_mixin.py:188} INFO - [2025-10-17T02:57:10.877+0000] {dag.py:3954} INFO - Setting next_dagrun for example_xcom_args_with_operators to None, run_after=None
[2025-10-17T02:57:10.892+0000] {processor.py:183} INFO - Processing /home/airflow/.local/lib/python3.12/site-packages/airflow/example_dags/example_xcomargs.py took 0.063 seconds
[2025-10-17T02:57:40.966+0000] {processor.py:161} INFO - Started process (PID=357) to work on /home/airflow/.local/lib/python3.12/site-packages/airflow/example_dags/example_xcomargs.py
[2025-10-17T02:57:40.967+0000] {processor.py:830} INFO - Processing file /home/airflow/.local/lib/python3.12/site-packages/airflow/example_dags/example_xcomargs.py for tasks to queue
[2025-10-17T02:57:40.969+0000] {logging_mixin.py:188} INFO - [2025-10-17T02:57:40.969+0000] {dagbag.py:545} INFO - Filling up the DagBag from /home/airflow/.local/lib/python3.12/site-packages/airflow/example_dags/example_xcomargs.py
[2025-10-17T02:57:40.976+0000] {processor.py:840} INFO - DAG(s) 'example_xcom_args_with_operators', 'example_xcom_args' retrieved from /home/airflow/.local/lib/python3.12/site-packages/airflow/example_dags/example_xcomargs.py
[2025-10-17T02:57:40.996+0000] {logging_mixin.py:188} INFO - [2025-10-17T02:57:40.996+0000] {dag.py:3096} INFO - Sync 2 DAGs
[2025-10-17T02:57:41.007+0000] {logging_mixin.py:188} INFO - [2025-10-17T02:57:41.006+0000] {dag.py:3954} INFO - Setting next_dagrun for example_xcom_args to None, run_after=None
[2025-10-17T02:57:41.010+0000] {logging_mixin.py:188} INFO - [2025-10-17T02:57:41.010+0000] {dag.py:3954} INFO - Setting next_dagrun for example_xcom_args_with_operators to None, run_after=None
[2025-10-17T02:57:41.032+0000] {processor.py:183} INFO - Processing /home/airflow/.local/lib/python3.12/site-packages/airflow/example_dags/example_xcomargs.py took 0.071 seconds
[2025-10-17T02:58:11.919+0000] {processor.py:161} INFO - Started process (PID=410) to work on /home/airflow/.local/lib/python3.12/site-packages/airflow/example_dags/example_xcomargs.py
[2025-10-17T02:58:11.920+0000] {processor.py:830} INFO - Processing file /home/airflow/.local/lib/python3.12/site-packages/airflow/example_dags/example_xcomargs.py for tasks to queue
[2025-10-17T02:58:11.922+0000] {logging_mixin.py:188} INFO - [2025-10-17T02:58:11.921+0000] {dagbag.py:545} INFO - Filling up the DagBag from /home/airflow/.local/lib/python3.12/site-packages/airflow/example_dags/example_xcomargs.py
[2025-10-17T02:58:11.929+0000] {processor.py:840} INFO - DAG(s) 'example_xcom_args_with_operators', 'example_xcom_args' retrieved from /home/airflow/.local/lib/python3.12/site-packages/airflow/example_dags/example_xcomargs.py
[2025-10-17T02:58:11.947+0000] {logging_mixin.py:188} INFO - [2025-10-17T02:58:11.946+0000] {dag.py:3096} INFO - Sync 2 DAGs
[2025-10-17T02:58:11.957+0000] {logging_mixin.py:188} INFO - [2025-10-17T02:58:11.956+0000] {dag.py:3954} INFO - Setting next_dagrun for example_xcom_args to None, run_after=None
[2025-10-17T02:58:11.960+0000] {logging_mixin.py:188} INFO - [2025-10-17T02:58:11.960+0000] {dag.py:3954} INFO - Setting next_dagrun for example_xcom_args_with_operators to None, run_after=None
[2025-10-17T02:58:11.976+0000] {processor.py:183} INFO - Processing /home/airflow/.local/lib/python3.12/site-packages/airflow/example_dags/example_xcomargs.py took 0.061 seconds
[2025-10-17T02:58:42.807+0000] {processor.py:161} INFO - Started process (PID=469) to work on /home/airflow/.local/lib/python3.12/site-packages/airflow/example_dags/example_xcomargs.py
[2025-10-17T02:58:42.808+0000] {processor.py:830} INFO - Processing file /home/airflow/.local/lib/python3.12/site-packages/airflow/example_dags/example_xcomargs.py for tasks to queue
[2025-10-17T02:58:42.810+0000] {logging_mixin.py:188} INFO - [2025-10-17T02:58:42.810+0000] {dagbag.py:545} INFO - Filling up the DagBag from /home/airflow/.local/lib/python3.12/site-packages/airflow/example_dags/example_xcomargs.py
[2025-10-17T02:58:42.817+0000] {processor.py:840} INFO - DAG(s) 'example_xcom_args_with_operators', 'example_xcom_args' retrieved from /home/airflow/.local/lib/python3.12/site-packages/airflow/example_dags/example_xcomargs.py
[2025-10-17T02:58:42.837+0000] {logging_mixin.py:188} INFO - [2025-10-17T02:58:42.837+0000] {dag.py:3096} INFO - Sync 2 DAGs
[2025-10-17T02:58:42.847+0000] {logging_mixin.py:188} INFO - [2025-10-17T02:58:42.847+0000] {dag.py:3954} INFO - Setting next_dagrun for example_xcom_args to None, run_after=None
[2025-10-17T02:58:42.851+0000] {logging_mixin.py:188} INFO - [2025-10-17T02:58:42.851+0000] {dag.py:3954} INFO - Setting next_dagrun for example_xcom_args_with_operators to None, run_after=None
[2025-10-17T02:58:42.867+0000] {processor.py:183} INFO - Processing /home/airflow/.local/lib/python3.12/site-packages/airflow/example_dags/example_xcomargs.py took 0.064 seconds
[2025-10-17T02:59:14.556+0000] {processor.py:161} INFO - Started process (PID=528) to work on /home/airflow/.local/lib/python3.12/site-packages/airflow/example_dags/example_xcomargs.py
[2025-10-17T02:59:14.557+0000] {processor.py:830} INFO - Processing file /home/airflow/.local/lib/python3.12/site-packages/airflow/example_dags/example_xcomargs.py for tasks to queue
[2025-10-17T02:59:14.559+0000] {logging_mixin.py:188} INFO - [2025-10-17T02:59:14.558+0000] {dagbag.py:545} INFO - Filling up the DagBag from /home/airflow/.local/lib/python3.12/site-packages/airflow/example_dags/example_xcomargs.py
[2025-10-17T02:59:14.566+0000] {processor.py:840} INFO - DAG(s) 'example_xcom_args_with_operators', 'example_xcom_args' retrieved from /home/airflow/.local/lib/python3.12/site-packages/airflow/example_dags/example_xcomargs.py
[2025-10-17T02:59:14.585+0000] {logging_mixin.py:188} INFO - [2025-10-17T02:59:14.585+0000] {dag.py:3096} INFO - Sync 2 DAGs
[2025-10-17T02:59:14.596+0000] {logging_mixin.py:188} INFO - [2025-10-17T02:59:14.596+0000] {dag.py:3954} INFO - Setting next_dagrun for example_xcom_args to None, run_after=None
[2025-10-17T02:59:14.599+0000] {logging_mixin.py:188} INFO - [2025-10-17T02:59:14.599+0000] {dag.py:3954} INFO - Setting next_dagrun for example_xcom_args_with_operators to None, run_after=None
[2025-10-17T02:59:14.616+0000] {processor.py:183} INFO - Processing /home/airflow/.local/lib/python3.12/site-packages/airflow/example_dags/example_xcomargs.py took 0.065 seconds
[2025-10-17T02:59:46.136+0000] {processor.py:161} INFO - Started process (PID=587) to work on /home/airflow/.local/lib/python3.12/site-packages/airflow/example_dags/example_xcomargs.py
[2025-10-17T02:59:46.137+0000] {processor.py:830} INFO - Processing file /home/airflow/.local/lib/python3.12/site-packages/airflow/example_dags/example_xcomargs.py for tasks to queue
[2025-10-17T02:59:46.139+0000] {logging_mixin.py:188} INFO - [2025-10-17T02:59:46.139+0000] {dagbag.py:545} INFO - Filling up the DagBag from /home/airflow/.local/lib/python3.12/site-packages/airflow/example_dags/example_xcomargs.py
[2025-10-17T02:59:46.147+0000] {processor.py:840} INFO - DAG(s) 'example_xcom_args_with_operators', 'example_xcom_args' retrieved from /home/airflow/.local/lib/python3.12/site-packages/airflow/example_dags/example_xcomargs.py
[2025-10-17T02:59:46.165+0000] {logging_mixin.py:188} INFO - [2025-10-17T02:59:46.165+0000] {dag.py:3096} INFO - Sync 2 DAGs
[2025-10-17T02:59:46.176+0000] {logging_mixin.py:188} INFO - [2025-10-17T02:59:46.176+0000] {dag.py:3954} INFO - Setting next_dagrun for example_xcom_args to None, run_after=None
[2025-10-17T02:59:46.179+0000] {logging_mixin.py:188} INFO - [2025-10-17T02:59:46.179+0000] {dag.py:3954} INFO - Setting next_dagrun for example_xcom_args_with_operators to None, run_after=None
[2025-10-17T02:59:46.194+0000] {processor.py:183} INFO - Processing /home/airflow/.local/lib/python3.12/site-packages/airflow/example_dags/example_xcomargs.py took 0.062 seconds
[2025-10-17T03:00:18.252+0000] {processor.py:161} INFO - Started process (PID=646) to work on /home/airflow/.local/lib/python3.12/site-packages/airflow/example_dags/example_xcomargs.py
[2025-10-17T03:00:18.253+0000] {processor.py:830} INFO - Processing file /home/airflow/.local/lib/python3.12/site-packages/airflow/example_dags/example_xcomargs.py for tasks to queue
[2025-10-17T03:00:18.255+0000] {logging_mixin.py:188} INFO - [2025-10-17T03:00:18.254+0000] {dagbag.py:545} INFO - Filling up the DagBag from /home/airflow/.local/lib/python3.12/site-packages/airflow/example_dags/example_xcomargs.py
[2025-10-17T03:00:18.262+0000] {processor.py:840} INFO - DAG(s) 'example_xcom_args', 'example_xcom_args_with_operators' retrieved from /home/airflow/.local/lib/python3.12/site-packages/airflow/example_dags/example_xcomargs.py
[2025-10-17T03:00:18.282+0000] {logging_mixin.py:188} INFO - [2025-10-17T03:00:18.281+0000] {dag.py:3096} INFO - Sync 2 DAGs
[2025-10-17T03:00:18.292+0000] {logging_mixin.py:188} INFO - [2025-10-17T03:00:18.292+0000] {dag.py:3954} INFO - Setting next_dagrun for example_xcom_args to None, run_after=None
[2025-10-17T03:00:18.295+0000] {logging_mixin.py:188} INFO - [2025-10-17T03:00:18.295+0000] {dag.py:3954} INFO - Setting next_dagrun for example_xcom_args_with_operators to None, run_after=None
[2025-10-17T03:00:18.312+0000] {processor.py:183} INFO - Processing /home/airflow/.local/lib/python3.12/site-packages/airflow/example_dags/example_xcomargs.py took 0.065 seconds
[2025-10-17T03:00:50.100+0000] {processor.py:161} INFO - Started process (PID=706) to work on /home/airflow/.local/lib/python3.12/site-packages/airflow/example_dags/example_xcomargs.py
[2025-10-17T03:00:50.101+0000] {processor.py:830} INFO - Processing file /home/airflow/.local/lib/python3.12/site-packages/airflow/example_dags/example_xcomargs.py for tasks to queue
[2025-10-17T03:00:50.103+0000] {logging_mixin.py:188} INFO - [2025-10-17T03:00:50.103+0000] {dagbag.py:545} INFO - Filling up the DagBag from /home/airflow/.local/lib/python3.12/site-packages/airflow/example_dags/example_xcomargs.py
[2025-10-17T03:00:50.110+0000] {processor.py:840} INFO - DAG(s) 'example_xcom_args', 'example_xcom_args_with_operators' retrieved from /home/airflow/.local/lib/python3.12/site-packages/airflow/example_dags/example_xcomargs.py
[2025-10-17T03:00:50.128+0000] {logging_mixin.py:188} INFO - [2025-10-17T03:00:50.128+0000] {dag.py:3096} INFO - Sync 2 DAGs
[2025-10-17T03:00:50.138+0000] {logging_mixin.py:188} INFO - [2025-10-17T03:00:50.138+0000] {dag.py:3954} INFO - Setting next_dagrun for example_xcom_args to None, run_after=None
[2025-10-17T03:00:50.141+0000] {logging_mixin.py:188} INFO - [2025-10-17T03:00:50.141+0000] {dag.py:3954} INFO - Setting next_dagrun for example_xcom_args_with_operators to None, run_after=None
[2025-10-17T03:00:50.157+0000] {processor.py:183} INFO - Processing /home/airflow/.local/lib/python3.12/site-packages/airflow/example_dags/example_xcomargs.py took 0.062 seconds
[2025-10-17T03:01:21.070+0000] {processor.py:161} INFO - Started process (PID=765) to work on /home/airflow/.local/lib/python3.12/site-packages/airflow/example_dags/example_xcomargs.py
[2025-10-17T03:01:21.071+0000] {processor.py:830} INFO - Processing file /home/airflow/.local/lib/python3.12/site-packages/airflow/example_dags/example_xcomargs.py for tasks to queue
[2025-10-17T03:01:21.073+0000] {logging_mixin.py:188} INFO - [2025-10-17T03:01:21.073+0000] {dagbag.py:545} INFO - Filling up the DagBag from /home/airflow/.local/lib/python3.12/site-packages/airflow/example_dags/example_xcomargs.py
[2025-10-17T03:01:21.080+0000] {processor.py:840} INFO - DAG(s) 'example_xcom_args', 'example_xcom_args_with_operators' retrieved from /home/airflow/.local/lib/python3.12/site-packages/airflow/example_dags/example_xcomargs.py
[2025-10-17T03:01:21.106+0000] {logging_mixin.py:188} INFO - [2025-10-17T03:01:21.105+0000] {dag.py:3096} INFO - Sync 2 DAGs
[2025-10-17T03:01:21.116+0000] {logging_mixin.py:188} INFO - [2025-10-17T03:01:21.115+0000] {dag.py:3954} INFO - Setting next_dagrun for example_xcom_args to None, run_after=None
[2025-10-17T03:01:21.118+0000] {logging_mixin.py:188} INFO - [2025-10-17T03:01:21.118+0000] {dag.py:3954} INFO - Setting next_dagrun for example_xcom_args_with_operators to None, run_after=None
[2025-10-17T03:01:21.134+0000] {processor.py:183} INFO - Processing /home/airflow/.local/lib/python3.12/site-packages/airflow/example_dags/example_xcomargs.py took 0.069 seconds
[2025-10-17T03:01:53.455+0000] {processor.py:161} INFO - Started process (PID=824) to work on /home/airflow/.local/lib/python3.12/site-packages/airflow/example_dags/example_xcomargs.py
[2025-10-17T03:01:53.456+0000] {processor.py:830} INFO - Processing file /home/airflow/.local/lib/python3.12/site-packages/airflow/example_dags/example_xcomargs.py for tasks to queue
[2025-10-17T03:01:53.458+0000] {logging_mixin.py:188} INFO - [2025-10-17T03:01:53.457+0000] {dagbag.py:545} INFO - Filling up the DagBag from /home/airflow/.local/lib/python3.12/site-packages/airflow/example_dags/example_xcomargs.py
[2025-10-17T03:01:53.466+0000] {processor.py:840} INFO - DAG(s) 'example_xcom_args', 'example_xcom_args_with_operators' retrieved from /home/airflow/.local/lib/python3.12/site-packages/airflow/example_dags/example_xcomargs.py
[2025-10-17T03:01:53.487+0000] {logging_mixin.py:188} INFO - [2025-10-17T03:01:53.487+0000] {dag.py:3096} INFO - Sync 2 DAGs
[2025-10-17T03:01:53.500+0000] {logging_mixin.py:188} INFO - [2025-10-17T03:01:53.500+0000] {dag.py:3954} INFO - Setting next_dagrun for example_xcom_args to None, run_after=None
[2025-10-17T03:01:53.504+0000] {logging_mixin.py:188} INFO - [2025-10-17T03:01:53.504+0000] {dag.py:3954} INFO - Setting next_dagrun for example_xcom_args_with_operators to None, run_after=None
[2025-10-17T03:01:53.520+0000] {processor.py:183} INFO - Processing /home/airflow/.local/lib/python3.12/site-packages/airflow/example_dags/example_xcomargs.py took 0.070 seconds
[2025-10-17T03:02:24.541+0000] {processor.py:161} INFO - Started process (PID=884) to work on /home/airflow/.local/lib/python3.12/site-packages/airflow/example_dags/example_xcomargs.py
[2025-10-17T03:02:24.543+0000] {processor.py:830} INFO - Processing file /home/airflow/.local/lib/python3.12/site-packages/airflow/example_dags/example_xcomargs.py for tasks to queue
[2025-10-17T03:02:24.545+0000] {logging_mixin.py:188} INFO - [2025-10-17T03:02:24.544+0000] {dagbag.py:545} INFO - Filling up the DagBag from /home/airflow/.local/lib/python3.12/site-packages/airflow/example_dags/example_xcomargs.py
[2025-10-17T03:02:24.552+0000] {processor.py:840} INFO - DAG(s) 'example_xcom_args_with_operators', 'example_xcom_args' retrieved from /home/airflow/.local/lib/python3.12/site-packages/airflow/example_dags/example_xcomargs.py
[2025-10-17T03:02:24.573+0000] {logging_mixin.py:188} INFO - [2025-10-17T03:02:24.573+0000] {dag.py:3096} INFO - Sync 2 DAGs
[2025-10-17T03:02:24.583+0000] {logging_mixin.py:188} INFO - [2025-10-17T03:02:24.583+0000] {dag.py:3954} INFO - Setting next_dagrun for example_xcom_args to None, run_after=None
[2025-10-17T03:02:24.588+0000] {logging_mixin.py:188} INFO - [2025-10-17T03:02:24.587+0000] {dag.py:3954} INFO - Setting next_dagrun for example_xcom_args_with_operators to None, run_after=None
[2025-10-17T03:02:24.612+0000] {processor.py:183} INFO - Processing /home/airflow/.local/lib/python3.12/site-packages/airflow/example_dags/example_xcomargs.py took 0.076 seconds
[2025-10-17T03:02:54.671+0000] {processor.py:161} INFO - Started process (PID=943) to work on /home/airflow/.local/lib/python3.12/site-packages/airflow/example_dags/example_xcomargs.py
[2025-10-17T03:02:54.672+0000] {processor.py:830} INFO - Processing file /home/airflow/.local/lib/python3.12/site-packages/airflow/example_dags/example_xcomargs.py for tasks to queue
[2025-10-17T03:02:54.674+0000] {logging_mixin.py:188} INFO - [2025-10-17T03:02:54.674+0000] {dagbag.py:545} INFO - Filling up the DagBag from /home/airflow/.local/lib/python3.12/site-packages/airflow/example_dags/example_xcomargs.py
[2025-10-17T03:02:54.682+0000] {processor.py:840} INFO - DAG(s) 'example_xcom_args_with_operators', 'example_xcom_args' retrieved from /home/airflow/.local/lib/python3.12/site-packages/airflow/example_dags/example_xcomargs.py
[2025-10-17T03:02:54.703+0000] {logging_mixin.py:188} INFO - [2025-10-17T03:02:54.703+0000] {dag.py:3096} INFO - Sync 2 DAGs
[2025-10-17T03:02:54.712+0000] {logging_mixin.py:188} INFO - [2025-10-17T03:02:54.712+0000] {dag.py:3954} INFO - Setting next_dagrun for example_xcom_args to None, run_after=None
[2025-10-17T03:02:54.716+0000] {logging_mixin.py:188} INFO - [2025-10-17T03:02:54.716+0000] {dag.py:3954} INFO - Setting next_dagrun for example_xcom_args_with_operators to None, run_after=None
[2025-10-17T03:02:54.730+0000] {processor.py:183} INFO - Processing /home/airflow/.local/lib/python3.12/site-packages/airflow/example_dags/example_xcomargs.py took 0.064 seconds
[2025-10-17T03:03:25.456+0000] {processor.py:161} INFO - Started process (PID=1002) to work on /home/airflow/.local/lib/python3.12/site-packages/airflow/example_dags/example_xcomargs.py
[2025-10-17T03:03:25.457+0000] {processor.py:830} INFO - Processing file /home/airflow/.local/lib/python3.12/site-packages/airflow/example_dags/example_xcomargs.py for tasks to queue
[2025-10-17T03:03:25.459+0000] {logging_mixin.py:188} INFO - [2025-10-17T03:03:25.459+0000] {dagbag.py:545} INFO - Filling up the DagBag from /home/airflow/.local/lib/python3.12/site-packages/airflow/example_dags/example_xcomargs.py
[2025-10-17T03:03:25.466+0000] {processor.py:840} INFO - DAG(s) 'example_xcom_args', 'example_xcom_args_with_operators' retrieved from /home/airflow/.local/lib/python3.12/site-packages/airflow/example_dags/example_xcomargs.py
[2025-10-17T03:03:25.485+0000] {logging_mixin.py:188} INFO - [2025-10-17T03:03:25.485+0000] {dag.py:3096} INFO - Sync 2 DAGs
[2025-10-17T03:03:25.496+0000] {logging_mixin.py:188} INFO - [2025-10-17T03:03:25.495+0000] {dag.py:3954} INFO - Setting next_dagrun for example_xcom_args to None, run_after=None
[2025-10-17T03:03:25.499+0000] {logging_mixin.py:188} INFO - [2025-10-17T03:03:25.499+0000] {dag.py:3954} INFO - Setting next_dagrun for example_xcom_args_with_operators to None, run_after=None
[2025-10-17T03:03:25.515+0000] {processor.py:183} INFO - Processing /home/airflow/.local/lib/python3.12/site-packages/airflow/example_dags/example_xcomargs.py took 0.064 seconds
[2025-10-17T03:03:55.621+0000] {processor.py:161} INFO - Started process (PID=1061) to work on /home/airflow/.local/lib/python3.12/site-packages/airflow/example_dags/example_xcomargs.py
[2025-10-17T03:03:55.623+0000] {processor.py:830} INFO - Processing file /home/airflow/.local/lib/python3.12/site-packages/airflow/example_dags/example_xcomargs.py for tasks to queue
[2025-10-17T03:03:55.625+0000] {logging_mixin.py:188} INFO - [2025-10-17T03:03:55.624+0000] {dagbag.py:545} INFO - Filling up the DagBag from /home/airflow/.local/lib/python3.12/site-packages/airflow/example_dags/example_xcomargs.py
[2025-10-17T03:03:55.632+0000] {processor.py:840} INFO - DAG(s) 'example_xcom_args', 'example_xcom_args_with_operators' retrieved from /home/airflow/.local/lib/python3.12/site-packages/airflow/example_dags/example_xcomargs.py
[2025-10-17T03:03:55.654+0000] {logging_mixin.py:188} INFO - [2025-10-17T03:03:55.653+0000] {dag.py:3096} INFO - Sync 2 DAGs
[2025-10-17T03:03:55.665+0000] {logging_mixin.py:188} INFO - [2025-10-17T03:03:55.664+0000] {dag.py:3954} INFO - Setting next_dagrun for example_xcom_args to None, run_after=None
[2025-10-17T03:03:55.669+0000] {logging_mixin.py:188} INFO - [2025-10-17T03:03:55.668+0000] {dag.py:3954} INFO - Setting next_dagrun for example_xcom_args_with_operators to None, run_after=None
[2025-10-17T03:03:55.686+0000] {processor.py:183} INFO - Processing /home/airflow/.local/lib/python3.12/site-packages/airflow/example_dags/example_xcomargs.py took 0.070 seconds
[2025-10-17T03:04:25.822+0000] {processor.py:161} INFO - Started process (PID=1120) to work on /home/airflow/.local/lib/python3.12/site-packages/airflow/example_dags/example_xcomargs.py
[2025-10-17T03:04:25.823+0000] {processor.py:830} INFO - Processing file /home/airflow/.local/lib/python3.12/site-packages/airflow/example_dags/example_xcomargs.py for tasks to queue
[2025-10-17T03:04:25.825+0000] {logging_mixin.py:188} INFO - [2025-10-17T03:04:25.824+0000] {dagbag.py:545} INFO - Filling up the DagBag from /home/airflow/.local/lib/python3.12/site-packages/airflow/example_dags/example_xcomargs.py
[2025-10-17T03:04:25.831+0000] {processor.py:840} INFO - DAG(s) 'example_xcom_args_with_operators', 'example_xcom_args' retrieved from /home/airflow/.local/lib/python3.12/site-packages/airflow/example_dags/example_xcomargs.py
[2025-10-17T03:04:25.851+0000] {logging_mixin.py:188} INFO - [2025-10-17T03:04:25.851+0000] {dag.py:3096} INFO - Sync 2 DAGs
[2025-10-17T03:04:25.860+0000] {logging_mixin.py:188} INFO - [2025-10-17T03:04:25.860+0000] {dag.py:3954} INFO - Setting next_dagrun for example_xcom_args to None, run_after=None
[2025-10-17T03:04:25.864+0000] {logging_mixin.py:188} INFO - [2025-10-17T03:04:25.863+0000] {dag.py:3954} INFO - Setting next_dagrun for example_xcom_args_with_operators to None, run_after=None
[2025-10-17T03:04:25.879+0000] {processor.py:183} INFO - Processing /home/airflow/.local/lib/python3.12/site-packages/airflow/example_dags/example_xcomargs.py took 0.062 seconds
[2025-10-17T03:04:56.173+0000] {processor.py:161} INFO - Started process (PID=1180) to work on /home/airflow/.local/lib/python3.12/site-packages/airflow/example_dags/example_xcomargs.py
[2025-10-17T03:04:56.175+0000] {processor.py:830} INFO - Processing file /home/airflow/.local/lib/python3.12/site-packages/airflow/example_dags/example_xcomargs.py for tasks to queue
[2025-10-17T03:04:56.177+0000] {logging_mixin.py:188} INFO - [2025-10-17T03:04:56.176+0000] {dagbag.py:545} INFO - Filling up the DagBag from /home/airflow/.local/lib/python3.12/site-packages/airflow/example_dags/example_xcomargs.py
[2025-10-17T03:04:56.185+0000] {processor.py:840} INFO - DAG(s) 'example_xcom_args', 'example_xcom_args_with_operators' retrieved from /home/airflow/.local/lib/python3.12/site-packages/airflow/example_dags/example_xcomargs.py
[2025-10-17T03:04:56.209+0000] {logging_mixin.py:188} INFO - [2025-10-17T03:04:56.208+0000] {dag.py:3096} INFO - Sync 2 DAGs
[2025-10-17T03:04:56.221+0000] {logging_mixin.py:188} INFO - [2025-10-17T03:04:56.221+0000] {dag.py:3954} INFO - Setting next_dagrun for example_xcom_args to None, run_after=None
[2025-10-17T03:04:56.224+0000] {logging_mixin.py:188} INFO - [2025-10-17T03:04:56.224+0000] {dag.py:3954} INFO - Setting next_dagrun for example_xcom_args_with_operators to None, run_after=None
[2025-10-17T03:04:56.240+0000] {processor.py:183} INFO - Processing /home/airflow/.local/lib/python3.12/site-packages/airflow/example_dags/example_xcomargs.py took 0.072 seconds
[2025-10-17T03:05:26.344+0000] {processor.py:161} INFO - Started process (PID=1239) to work on /home/airflow/.local/lib/python3.12/site-packages/airflow/example_dags/example_xcomargs.py
[2025-10-17T03:05:26.345+0000] {processor.py:830} INFO - Processing file /home/airflow/.local/lib/python3.12/site-packages/airflow/example_dags/example_xcomargs.py for tasks to queue
[2025-10-17T03:05:26.347+0000] {logging_mixin.py:188} INFO - [2025-10-17T03:05:26.347+0000] {dagbag.py:545} INFO - Filling up the DagBag from /home/airflow/.local/lib/python3.12/site-packages/airflow/example_dags/example_xcomargs.py
[2025-10-17T03:05:26.354+0000] {processor.py:840} INFO - DAG(s) 'example_xcom_args_with_operators', 'example_xcom_args' retrieved from /home/airflow/.local/lib/python3.12/site-packages/airflow/example_dags/example_xcomargs.py
[2025-10-17T03:05:26.374+0000] {logging_mixin.py:188} INFO - [2025-10-17T03:05:26.374+0000] {dag.py:3096} INFO - Sync 2 DAGs
[2025-10-17T03:05:26.385+0000] {logging_mixin.py:188} INFO - [2025-10-17T03:05:26.385+0000] {dag.py:3954} INFO - Setting next_dagrun for example_xcom_args to None, run_after=None
[2025-10-17T03:05:26.389+0000] {logging_mixin.py:188} INFO - [2025-10-17T03:05:26.388+0000] {dag.py:3954} INFO - Setting next_dagrun for example_xcom_args_with_operators to None, run_after=None
[2025-10-17T03:05:26.404+0000] {processor.py:183} INFO - Processing /home/airflow/.local/lib/python3.12/site-packages/airflow/example_dags/example_xcomargs.py took 0.065 seconds
[2025-10-17T03:05:56.774+0000] {processor.py:161} INFO - Started process (PID=1298) to work on /home/airflow/.local/lib/python3.12/site-packages/airflow/example_dags/example_xcomargs.py
[2025-10-17T03:05:56.775+0000] {processor.py:830} INFO - Processing file /home/airflow/.local/lib/python3.12/site-packages/airflow/example_dags/example_xcomargs.py for tasks to queue
[2025-10-17T03:05:56.777+0000] {logging_mixin.py:188} INFO - [2025-10-17T03:05:56.777+0000] {dagbag.py:545} INFO - Filling up the DagBag from /home/airflow/.local/lib/python3.12/site-packages/airflow/example_dags/example_xcomargs.py
[2025-10-17T03:05:56.784+0000] {processor.py:840} INFO - DAG(s) 'example_xcom_args', 'example_xcom_args_with_operators' retrieved from /home/airflow/.local/lib/python3.12/site-packages/airflow/example_dags/example_xcomargs.py
[2025-10-17T03:05:56.805+0000] {logging_mixin.py:188} INFO - [2025-10-17T03:05:56.804+0000] {dag.py:3096} INFO - Sync 2 DAGs
[2025-10-17T03:05:56.815+0000] {logging_mixin.py:188} INFO - [2025-10-17T03:05:56.815+0000] {dag.py:3954} INFO - Setting next_dagrun for example_xcom_args to None, run_after=None
[2025-10-17T03:05:56.819+0000] {logging_mixin.py:188} INFO - [2025-10-17T03:05:56.819+0000] {dag.py:3954} INFO - Setting next_dagrun for example_xcom_args_with_operators to None, run_after=None
[2025-10-17T03:05:56.835+0000] {processor.py:183} INFO - Processing /home/airflow/.local/lib/python3.12/site-packages/airflow/example_dags/example_xcomargs.py took 0.066 seconds
[2025-10-17T03:06:27.071+0000] {processor.py:161} INFO - Started process (PID=1357) to work on /home/airflow/.local/lib/python3.12/site-packages/airflow/example_dags/example_xcomargs.py
[2025-10-17T03:06:27.073+0000] {processor.py:830} INFO - Processing file /home/airflow/.local/lib/python3.12/site-packages/airflow/example_dags/example_xcomargs.py for tasks to queue
[2025-10-17T03:06:27.075+0000] {logging_mixin.py:188} INFO - [2025-10-17T03:06:27.074+0000] {dagbag.py:545} INFO - Filling up the DagBag from /home/airflow/.local/lib/python3.12/site-packages/airflow/example_dags/example_xcomargs.py
[2025-10-17T03:06:27.082+0000] {processor.py:840} INFO - DAG(s) 'example_xcom_args', 'example_xcom_args_with_operators' retrieved from /home/airflow/.local/lib/python3.12/site-packages/airflow/example_dags/example_xcomargs.py
[2025-10-17T03:06:27.103+0000] {logging_mixin.py:188} INFO - [2025-10-17T03:06:27.103+0000] {dag.py:3096} INFO - Sync 2 DAGs
[2025-10-17T03:06:27.116+0000] {logging_mixin.py:188} INFO - [2025-10-17T03:06:27.116+0000] {dag.py:3954} INFO - Setting next_dagrun for example_xcom_args to None, run_after=None
[2025-10-17T03:06:27.120+0000] {logging_mixin.py:188} INFO - [2025-10-17T03:06:27.119+0000] {dag.py:3954} INFO - Setting next_dagrun for example_xcom_args_with_operators to None, run_after=None
[2025-10-17T03:06:27.137+0000] {processor.py:183} INFO - Processing /home/airflow/.local/lib/python3.12/site-packages/airflow/example_dags/example_xcomargs.py took 0.071 seconds
[2025-10-17T03:06:57.548+0000] {processor.py:161} INFO - Started process (PID=1416) to work on /home/airflow/.local/lib/python3.12/site-packages/airflow/example_dags/example_xcomargs.py
[2025-10-17T03:06:57.549+0000] {processor.py:830} INFO - Processing file /home/airflow/.local/lib/python3.12/site-packages/airflow/example_dags/example_xcomargs.py for tasks to queue
[2025-10-17T03:06:57.552+0000] {logging_mixin.py:188} INFO - [2025-10-17T03:06:57.552+0000] {dagbag.py:545} INFO - Filling up the DagBag from /home/airflow/.local/lib/python3.12/site-packages/airflow/example_dags/example_xcomargs.py
[2025-10-17T03:06:57.561+0000] {processor.py:840} INFO - DAG(s) 'example_xcom_args', 'example_xcom_args_with_operators' retrieved from /home/airflow/.local/lib/python3.12/site-packages/airflow/example_dags/example_xcomargs.py
[2025-10-17T03:06:57.593+0000] {logging_mixin.py:188} INFO - [2025-10-17T03:06:57.593+0000] {dag.py:3096} INFO - Sync 2 DAGs
[2025-10-17T03:06:57.612+0000] {logging_mixin.py:188} INFO - [2025-10-17T03:06:57.611+0000] {dag.py:3954} INFO - Setting next_dagrun for example_xcom_args to None, run_after=None
[2025-10-17T03:06:57.617+0000] {logging_mixin.py:188} INFO - [2025-10-17T03:06:57.617+0000] {dag.py:3954} INFO - Setting next_dagrun for example_xcom_args_with_operators to None, run_after=None
[2025-10-17T03:06:57.639+0000] {processor.py:183} INFO - Processing /home/airflow/.local/lib/python3.12/site-packages/airflow/example_dags/example_xcomargs.py took 0.098 seconds
[2025-10-17T03:07:28.112+0000] {processor.py:161} INFO - Started process (PID=1475) to work on /home/airflow/.local/lib/python3.12/site-packages/airflow/example_dags/example_xcomargs.py
[2025-10-17T03:07:28.114+0000] {processor.py:830} INFO - Processing file /home/airflow/.local/lib/python3.12/site-packages/airflow/example_dags/example_xcomargs.py for tasks to queue
[2025-10-17T03:07:28.116+0000] {logging_mixin.py:188} INFO - [2025-10-17T03:07:28.115+0000] {dagbag.py:545} INFO - Filling up the DagBag from /home/airflow/.local/lib/python3.12/site-packages/airflow/example_dags/example_xcomargs.py
[2025-10-17T03:07:28.123+0000] {processor.py:840} INFO - DAG(s) 'example_xcom_args', 'example_xcom_args_with_operators' retrieved from /home/airflow/.local/lib/python3.12/site-packages/airflow/example_dags/example_xcomargs.py
[2025-10-17T03:07:28.145+0000] {logging_mixin.py:188} INFO - [2025-10-17T03:07:28.144+0000] {dag.py:3096} INFO - Sync 2 DAGs
[2025-10-17T03:07:28.156+0000] {logging_mixin.py:188} INFO - [2025-10-17T03:07:28.156+0000] {dag.py:3954} INFO - Setting next_dagrun for example_xcom_args to None, run_after=None
[2025-10-17T03:07:28.160+0000] {logging_mixin.py:188} INFO - [2025-10-17T03:07:28.160+0000] {dag.py:3954} INFO - Setting next_dagrun for example_xcom_args_with_operators to None, run_after=None
[2025-10-17T03:07:28.176+0000] {processor.py:183} INFO - Processing /home/airflow/.local/lib/python3.12/site-packages/airflow/example_dags/example_xcomargs.py took 0.070 seconds
[2025-10-17T03:07:58.727+0000] {processor.py:161} INFO - Started process (PID=1534) to work on /home/airflow/.local/lib/python3.12/site-packages/airflow/example_dags/example_xcomargs.py
[2025-10-17T03:07:58.729+0000] {processor.py:830} INFO - Processing file /home/airflow/.local/lib/python3.12/site-packages/airflow/example_dags/example_xcomargs.py for tasks to queue
[2025-10-17T03:07:58.731+0000] {logging_mixin.py:188} INFO - [2025-10-17T03:07:58.731+0000] {dagbag.py:545} INFO - Filling up the DagBag from /home/airflow/.local/lib/python3.12/site-packages/airflow/example_dags/example_xcomargs.py
[2025-10-17T03:07:58.740+0000] {processor.py:840} INFO - DAG(s) 'example_xcom_args', 'example_xcom_args_with_operators' retrieved from /home/airflow/.local/lib/python3.12/site-packages/airflow/example_dags/example_xcomargs.py
[2025-10-17T03:07:58.767+0000] {logging_mixin.py:188} INFO - [2025-10-17T03:07:58.766+0000] {dag.py:3096} INFO - Sync 2 DAGs
[2025-10-17T03:07:58.927+0000] {logging_mixin.py:188} INFO - [2025-10-17T03:07:58.927+0000] {dag.py:3954} INFO - Setting next_dagrun for example_xcom_args to None, run_after=None
[2025-10-17T03:07:58.932+0000] {logging_mixin.py:188} INFO - [2025-10-17T03:07:58.932+0000] {dag.py:3954} INFO - Setting next_dagrun for example_xcom_args_with_operators to None, run_after=None
[2025-10-17T03:07:58.955+0000] {processor.py:183} INFO - Processing /home/airflow/.local/lib/python3.12/site-packages/airflow/example_dags/example_xcomargs.py took 0.234 seconds
[2025-10-17T03:08:29.008+0000] {processor.py:161} INFO - Started process (PID=1593) to work on /home/airflow/.local/lib/python3.12/site-packages/airflow/example_dags/example_xcomargs.py
[2025-10-17T03:08:29.009+0000] {processor.py:830} INFO - Processing file /home/airflow/.local/lib/python3.12/site-packages/airflow/example_dags/example_xcomargs.py for tasks to queue
[2025-10-17T03:08:29.012+0000] {logging_mixin.py:188} INFO - [2025-10-17T03:08:29.011+0000] {dagbag.py:545} INFO - Filling up the DagBag from /home/airflow/.local/lib/python3.12/site-packages/airflow/example_dags/example_xcomargs.py
[2025-10-17T03:08:29.022+0000] {processor.py:840} INFO - DAG(s) 'example_xcom_args', 'example_xcom_args_with_operators' retrieved from /home/airflow/.local/lib/python3.12/site-packages/airflow/example_dags/example_xcomargs.py
[2025-10-17T03:08:29.049+0000] {logging_mixin.py:188} INFO - [2025-10-17T03:08:29.048+0000] {dag.py:3096} INFO - Sync 2 DAGs
[2025-10-17T03:08:29.063+0000] {logging_mixin.py:188} INFO - [2025-10-17T03:08:29.063+0000] {dag.py:3954} INFO - Setting next_dagrun for example_xcom_args to None, run_after=None
[2025-10-17T03:08:29.068+0000] {logging_mixin.py:188} INFO - [2025-10-17T03:08:29.068+0000] {dag.py:3954} INFO - Setting next_dagrun for example_xcom_args_with_operators to None, run_after=None
[2025-10-17T03:08:29.087+0000] {processor.py:183} INFO - Processing /home/airflow/.local/lib/python3.12/site-packages/airflow/example_dags/example_xcomargs.py took 0.085 seconds
[2025-10-17T03:08:59.277+0000] {processor.py:161} INFO - Started process (PID=1651) to work on /home/airflow/.local/lib/python3.12/site-packages/airflow/example_dags/example_xcomargs.py
[2025-10-17T03:08:59.278+0000] {processor.py:830} INFO - Processing file /home/airflow/.local/lib/python3.12/site-packages/airflow/example_dags/example_xcomargs.py for tasks to queue
[2025-10-17T03:08:59.280+0000] {logging_mixin.py:188} INFO - [2025-10-17T03:08:59.280+0000] {dagbag.py:545} INFO - Filling up the DagBag from /home/airflow/.local/lib/python3.12/site-packages/airflow/example_dags/example_xcomargs.py
[2025-10-17T03:08:59.288+0000] {processor.py:840} INFO - DAG(s) 'example_xcom_args', 'example_xcom_args_with_operators' retrieved from /home/airflow/.local/lib/python3.12/site-packages/airflow/example_dags/example_xcomargs.py
[2025-10-17T03:08:59.315+0000] {logging_mixin.py:188} INFO - [2025-10-17T03:08:59.315+0000] {dag.py:3096} INFO - Sync 2 DAGs
[2025-10-17T03:08:59.327+0000] {logging_mixin.py:188} INFO - [2025-10-17T03:08:59.327+0000] {dag.py:3954} INFO - Setting next_dagrun for example_xcom_args to None, run_after=None
[2025-10-17T03:08:59.332+0000] {logging_mixin.py:188} INFO - [2025-10-17T03:08:59.331+0000] {dag.py:3954} INFO - Setting next_dagrun for example_xcom_args_with_operators to None, run_after=None
[2025-10-17T03:08:59.347+0000] {processor.py:183} INFO - Processing /home/airflow/.local/lib/python3.12/site-packages/airflow/example_dags/example_xcomargs.py took 0.076 seconds
[2025-10-17T03:09:29.577+0000] {processor.py:161} INFO - Started process (PID=1710) to work on /home/airflow/.local/lib/python3.12/site-packages/airflow/example_dags/example_xcomargs.py
[2025-10-17T03:09:29.579+0000] {processor.py:830} INFO - Processing file /home/airflow/.local/lib/python3.12/site-packages/airflow/example_dags/example_xcomargs.py for tasks to queue
[2025-10-17T03:09:29.581+0000] {logging_mixin.py:188} INFO - [2025-10-17T03:09:29.581+0000] {dagbag.py:545} INFO - Filling up the DagBag from /home/airflow/.local/lib/python3.12/site-packages/airflow/example_dags/example_xcomargs.py
[2025-10-17T03:09:29.588+0000] {processor.py:840} INFO - DAG(s) 'example_xcom_args_with_operators', 'example_xcom_args' retrieved from /home/airflow/.local/lib/python3.12/site-packages/airflow/example_dags/example_xcomargs.py
[2025-10-17T03:09:29.609+0000] {logging_mixin.py:188} INFO - [2025-10-17T03:09:29.608+0000] {dag.py:3096} INFO - Sync 2 DAGs
[2025-10-17T03:09:29.620+0000] {logging_mixin.py:188} INFO - [2025-10-17T03:09:29.620+0000] {dag.py:3954} INFO - Setting next_dagrun for example_xcom_args to None, run_after=None
[2025-10-17T03:09:29.624+0000] {logging_mixin.py:188} INFO - [2025-10-17T03:09:29.624+0000] {dag.py:3954} INFO - Setting next_dagrun for example_xcom_args_with_operators to None, run_after=None
[2025-10-17T03:09:29.641+0000] {processor.py:183} INFO - Processing /home/airflow/.local/lib/python3.12/site-packages/airflow/example_dags/example_xcomargs.py took 0.071 seconds
[2025-10-17T03:09:59.912+0000] {processor.py:161} INFO - Started process (PID=1769) to work on /home/airflow/.local/lib/python3.12/site-packages/airflow/example_dags/example_xcomargs.py
[2025-10-17T03:09:59.913+0000] {processor.py:830} INFO - Processing file /home/airflow/.local/lib/python3.12/site-packages/airflow/example_dags/example_xcomargs.py for tasks to queue
[2025-10-17T03:09:59.915+0000] {logging_mixin.py:188} INFO - [2025-10-17T03:09:59.915+0000] {dagbag.py:545} INFO - Filling up the DagBag from /home/airflow/.local/lib/python3.12/site-packages/airflow/example_dags/example_xcomargs.py
[2025-10-17T03:09:59.926+0000] {processor.py:840} INFO - DAG(s) 'example_xcom_args', 'example_xcom_args_with_operators' retrieved from /home/airflow/.local/lib/python3.12/site-packages/airflow/example_dags/example_xcomargs.py
[2025-10-17T03:09:59.947+0000] {logging_mixin.py:188} INFO - [2025-10-17T03:09:59.947+0000] {dag.py:3096} INFO - Sync 2 DAGs
[2025-10-17T03:09:59.958+0000] {logging_mixin.py:188} INFO - [2025-10-17T03:09:59.958+0000] {dag.py:3954} INFO - Setting next_dagrun for example_xcom_args to None, run_after=None
[2025-10-17T03:09:59.962+0000] {logging_mixin.py:188} INFO - [2025-10-17T03:09:59.962+0000] {dag.py:3954} INFO - Setting next_dagrun for example_xcom_args_with_operators to None, run_after=None
[2025-10-17T03:09:59.977+0000] {processor.py:183} INFO - Processing /home/airflow/.local/lib/python3.12/site-packages/airflow/example_dags/example_xcomargs.py took 0.070 seconds
[2025-10-17T03:10:30.394+0000] {processor.py:161} INFO - Started process (PID=1828) to work on /home/airflow/.local/lib/python3.12/site-packages/airflow/example_dags/example_xcomargs.py
[2025-10-17T03:10:30.396+0000] {processor.py:830} INFO - Processing file /home/airflow/.local/lib/python3.12/site-packages/airflow/example_dags/example_xcomargs.py for tasks to queue
[2025-10-17T03:10:30.398+0000] {logging_mixin.py:188} INFO - [2025-10-17T03:10:30.398+0000] {dagbag.py:545} INFO - Filling up the DagBag from /home/airflow/.local/lib/python3.12/site-packages/airflow/example_dags/example_xcomargs.py
[2025-10-17T03:10:30.405+0000] {processor.py:840} INFO - DAG(s) 'example_xcom_args_with_operators', 'example_xcom_args' retrieved from /home/airflow/.local/lib/python3.12/site-packages/airflow/example_dags/example_xcomargs.py
[2025-10-17T03:10:30.427+0000] {logging_mixin.py:188} INFO - [2025-10-17T03:10:30.427+0000] {dag.py:3096} INFO - Sync 2 DAGs
[2025-10-17T03:10:30.441+0000] {logging_mixin.py:188} INFO - [2025-10-17T03:10:30.440+0000] {dag.py:3954} INFO - Setting next_dagrun for example_xcom_args to None, run_after=None
[2025-10-17T03:10:30.445+0000] {logging_mixin.py:188} INFO - [2025-10-17T03:10:30.445+0000] {dag.py:3954} INFO - Setting next_dagrun for example_xcom_args_with_operators to None, run_after=None
[2025-10-17T03:10:30.466+0000] {processor.py:183} INFO - Processing /home/airflow/.local/lib/python3.12/site-packages/airflow/example_dags/example_xcomargs.py took 0.077 seconds
[2025-10-17T03:11:00.955+0000] {processor.py:161} INFO - Started process (PID=1887) to work on /home/airflow/.local/lib/python3.12/site-packages/airflow/example_dags/example_xcomargs.py
[2025-10-17T03:11:00.956+0000] {processor.py:830} INFO - Processing file /home/airflow/.local/lib/python3.12/site-packages/airflow/example_dags/example_xcomargs.py for tasks to queue
[2025-10-17T03:11:00.958+0000] {logging_mixin.py:188} INFO - [2025-10-17T03:11:00.958+0000] {dagbag.py:545} INFO - Filling up the DagBag from /home/airflow/.local/lib/python3.12/site-packages/airflow/example_dags/example_xcomargs.py
[2025-10-17T03:11:00.965+0000] {processor.py:840} INFO - DAG(s) 'example_xcom_args_with_operators', 'example_xcom_args' retrieved from /home/airflow/.local/lib/python3.12/site-packages/airflow/example_dags/example_xcomargs.py
[2025-10-17T03:11:00.984+0000] {logging_mixin.py:188} INFO - [2025-10-17T03:11:00.984+0000] {dag.py:3096} INFO - Sync 2 DAGs
[2025-10-17T03:11:00.995+0000] {logging_mixin.py:188} INFO - [2025-10-17T03:11:00.994+0000] {dag.py:3954} INFO - Setting next_dagrun for example_xcom_args to None, run_after=None
[2025-10-17T03:11:00.998+0000] {logging_mixin.py:188} INFO - [2025-10-17T03:11:00.998+0000] {dag.py:3954} INFO - Setting next_dagrun for example_xcom_args_with_operators to None, run_after=None
[2025-10-17T03:11:01.020+0000] {processor.py:183} INFO - Processing /home/airflow/.local/lib/python3.12/site-packages/airflow/example_dags/example_xcomargs.py took 0.070 seconds
[2025-10-17T03:11:31.367+0000] {processor.py:161} INFO - Started process (PID=1946) to work on /home/airflow/.local/lib/python3.12/site-packages/airflow/example_dags/example_xcomargs.py
[2025-10-17T03:11:31.369+0000] {processor.py:830} INFO - Processing file /home/airflow/.local/lib/python3.12/site-packages/airflow/example_dags/example_xcomargs.py for tasks to queue
[2025-10-17T03:11:31.371+0000] {logging_mixin.py:188} INFO - [2025-10-17T03:11:31.371+0000] {dagbag.py:545} INFO - Filling up the DagBag from /home/airflow/.local/lib/python3.12/site-packages/airflow/example_dags/example_xcomargs.py
[2025-10-17T03:11:31.379+0000] {processor.py:840} INFO - DAG(s) 'example_xcom_args_with_operators', 'example_xcom_args' retrieved from /home/airflow/.local/lib/python3.12/site-packages/airflow/example_dags/example_xcomargs.py
[2025-10-17T03:11:31.404+0000] {logging_mixin.py:188} INFO - [2025-10-17T03:11:31.404+0000] {dag.py:3096} INFO - Sync 2 DAGs
[2025-10-17T03:11:31.417+0000] {logging_mixin.py:188} INFO - [2025-10-17T03:11:31.417+0000] {dag.py:3954} INFO - Setting next_dagrun for example_xcom_args to None, run_after=None
[2025-10-17T03:11:31.421+0000] {logging_mixin.py:188} INFO - [2025-10-17T03:11:31.421+0000] {dag.py:3954} INFO - Setting next_dagrun for example_xcom_args_with_operators to None, run_after=None
[2025-10-17T03:11:31.441+0000] {processor.py:183} INFO - Processing /home/airflow/.local/lib/python3.12/site-packages/airflow/example_dags/example_xcomargs.py took 0.079 seconds
[2025-10-17T03:12:01.752+0000] {processor.py:161} INFO - Started process (PID=2005) to work on /home/airflow/.local/lib/python3.12/site-packages/airflow/example_dags/example_xcomargs.py
[2025-10-17T03:12:01.754+0000] {processor.py:830} INFO - Processing file /home/airflow/.local/lib/python3.12/site-packages/airflow/example_dags/example_xcomargs.py for tasks to queue
[2025-10-17T03:12:01.756+0000] {logging_mixin.py:188} INFO - [2025-10-17T03:12:01.756+0000] {dagbag.py:545} INFO - Filling up the DagBag from /home/airflow/.local/lib/python3.12/site-packages/airflow/example_dags/example_xcomargs.py
[2025-10-17T03:12:01.764+0000] {processor.py:840} INFO - DAG(s) 'example_xcom_args', 'example_xcom_args_with_operators' retrieved from /home/airflow/.local/lib/python3.12/site-packages/airflow/example_dags/example_xcomargs.py
[2025-10-17T03:12:01.784+0000] {logging_mixin.py:188} INFO - [2025-10-17T03:12:01.784+0000] {dag.py:3096} INFO - Sync 2 DAGs
[2025-10-17T03:12:01.795+0000] {logging_mixin.py:188} INFO - [2025-10-17T03:12:01.795+0000] {dag.py:3954} INFO - Setting next_dagrun for example_xcom_args to None, run_after=None
[2025-10-17T03:12:01.799+0000] {logging_mixin.py:188} INFO - [2025-10-17T03:12:01.799+0000] {dag.py:3954} INFO - Setting next_dagrun for example_xcom_args_with_operators to None, run_after=None
[2025-10-17T03:12:01.817+0000] {processor.py:183} INFO - Processing /home/airflow/.local/lib/python3.12/site-packages/airflow/example_dags/example_xcomargs.py took 0.070 seconds
[2025-10-17T03:12:32.309+0000] {processor.py:161} INFO - Started process (PID=2064) to work on /home/airflow/.local/lib/python3.12/site-packages/airflow/example_dags/example_xcomargs.py
[2025-10-17T03:12:32.310+0000] {processor.py:830} INFO - Processing file /home/airflow/.local/lib/python3.12/site-packages/airflow/example_dags/example_xcomargs.py for tasks to queue
[2025-10-17T03:12:32.312+0000] {logging_mixin.py:188} INFO - [2025-10-17T03:12:32.312+0000] {dagbag.py:545} INFO - Filling up the DagBag from /home/airflow/.local/lib/python3.12/site-packages/airflow/example_dags/example_xcomargs.py
[2025-10-17T03:12:32.319+0000] {processor.py:840} INFO - DAG(s) 'example_xcom_args_with_operators', 'example_xcom_args' retrieved from /home/airflow/.local/lib/python3.12/site-packages/airflow/example_dags/example_xcomargs.py
[2025-10-17T03:12:32.341+0000] {logging_mixin.py:188} INFO - [2025-10-17T03:12:32.340+0000] {dag.py:3096} INFO - Sync 2 DAGs
[2025-10-17T03:12:32.352+0000] {logging_mixin.py:188} INFO - [2025-10-17T03:12:32.352+0000] {dag.py:3954} INFO - Setting next_dagrun for example_xcom_args to None, run_after=None
[2025-10-17T03:12:32.356+0000] {logging_mixin.py:188} INFO - [2025-10-17T03:12:32.356+0000] {dag.py:3954} INFO - Setting next_dagrun for example_xcom_args_with_operators to None, run_after=None
[2025-10-17T03:12:32.374+0000] {processor.py:183} INFO - Processing /home/airflow/.local/lib/python3.12/site-packages/airflow/example_dags/example_xcomargs.py took 0.070 seconds
[2025-10-17T03:13:02.997+0000] {processor.py:161} INFO - Started process (PID=2123) to work on /home/airflow/.local/lib/python3.12/site-packages/airflow/example_dags/example_xcomargs.py
[2025-10-17T03:13:02.998+0000] {processor.py:830} INFO - Processing file /home/airflow/.local/lib/python3.12/site-packages/airflow/example_dags/example_xcomargs.py for tasks to queue
[2025-10-17T03:13:03.000+0000] {logging_mixin.py:188} INFO - [2025-10-17T03:13:03.000+0000] {dagbag.py:545} INFO - Filling up the DagBag from /home/airflow/.local/lib/python3.12/site-packages/airflow/example_dags/example_xcomargs.py
[2025-10-17T03:13:03.008+0000] {processor.py:840} INFO - DAG(s) 'example_xcom_args_with_operators', 'example_xcom_args' retrieved from /home/airflow/.local/lib/python3.12/site-packages/airflow/example_dags/example_xcomargs.py
[2025-10-17T03:13:03.031+0000] {logging_mixin.py:188} INFO - [2025-10-17T03:13:03.030+0000] {dag.py:3096} INFO - Sync 2 DAGs
[2025-10-17T03:13:03.042+0000] {logging_mixin.py:188} INFO - [2025-10-17T03:13:03.042+0000] {dag.py:3954} INFO - Setting next_dagrun for example_xcom_args to None, run_after=None
[2025-10-17T03:13:03.046+0000] {logging_mixin.py:188} INFO - [2025-10-17T03:13:03.046+0000] {dag.py:3954} INFO - Setting next_dagrun for example_xcom_args_with_operators to None, run_after=None
[2025-10-17T03:13:03.065+0000] {processor.py:183} INFO - Processing /home/airflow/.local/lib/python3.12/site-packages/airflow/example_dags/example_xcomargs.py took 0.073 seconds
[2025-10-17T03:13:33.307+0000] {processor.py:161} INFO - Started process (PID=2182) to work on /home/airflow/.local/lib/python3.12/site-packages/airflow/example_dags/example_xcomargs.py
[2025-10-17T03:13:33.308+0000] {processor.py:830} INFO - Processing file /home/airflow/.local/lib/python3.12/site-packages/airflow/example_dags/example_xcomargs.py for tasks to queue
[2025-10-17T03:13:33.310+0000] {logging_mixin.py:188} INFO - [2025-10-17T03:13:33.310+0000] {dagbag.py:545} INFO - Filling up the DagBag from /home/airflow/.local/lib/python3.12/site-packages/airflow/example_dags/example_xcomargs.py
[2025-10-17T03:13:33.322+0000] {processor.py:840} INFO - DAG(s) 'example_xcom_args_with_operators', 'example_xcom_args' retrieved from /home/airflow/.local/lib/python3.12/site-packages/airflow/example_dags/example_xcomargs.py
[2025-10-17T03:13:33.342+0000] {logging_mixin.py:188} INFO - [2025-10-17T03:13:33.342+0000] {dag.py:3096} INFO - Sync 2 DAGs
[2025-10-17T03:13:33.353+0000] {logging_mixin.py:188} INFO - [2025-10-17T03:13:33.352+0000] {dag.py:3954} INFO - Setting next_dagrun for example_xcom_args to None, run_after=None
[2025-10-17T03:13:33.356+0000] {logging_mixin.py:188} INFO - [2025-10-17T03:13:33.356+0000] {dag.py:3954} INFO - Setting next_dagrun for example_xcom_args_with_operators to None, run_after=None
[2025-10-17T03:13:33.373+0000] {processor.py:183} INFO - Processing /home/airflow/.local/lib/python3.12/site-packages/airflow/example_dags/example_xcomargs.py took 0.072 seconds
[2025-10-17T03:14:03.543+0000] {processor.py:161} INFO - Started process (PID=2241) to work on /home/airflow/.local/lib/python3.12/site-packages/airflow/example_dags/example_xcomargs.py
[2025-10-17T03:14:03.544+0000] {processor.py:830} INFO - Processing file /home/airflow/.local/lib/python3.12/site-packages/airflow/example_dags/example_xcomargs.py for tasks to queue
[2025-10-17T03:14:03.546+0000] {logging_mixin.py:188} INFO - [2025-10-17T03:14:03.546+0000] {dagbag.py:545} INFO - Filling up the DagBag from /home/airflow/.local/lib/python3.12/site-packages/airflow/example_dags/example_xcomargs.py
[2025-10-17T03:14:03.555+0000] {processor.py:840} INFO - DAG(s) 'example_xcom_args_with_operators', 'example_xcom_args' retrieved from /home/airflow/.local/lib/python3.12/site-packages/airflow/example_dags/example_xcomargs.py
[2025-10-17T03:14:03.581+0000] {logging_mixin.py:188} INFO - [2025-10-17T03:14:03.581+0000] {dag.py:3096} INFO - Sync 2 DAGs
[2025-10-17T03:14:03.594+0000] {logging_mixin.py:188} INFO - [2025-10-17T03:14:03.594+0000] {dag.py:3954} INFO - Setting next_dagrun for example_xcom_args to None, run_after=None
[2025-10-17T03:14:03.598+0000] {logging_mixin.py:188} INFO - [2025-10-17T03:14:03.598+0000] {dag.py:3954} INFO - Setting next_dagrun for example_xcom_args_with_operators to None, run_after=None
[2025-10-17T03:14:03.617+0000] {processor.py:183} INFO - Processing /home/airflow/.local/lib/python3.12/site-packages/airflow/example_dags/example_xcomargs.py took 0.080 seconds
[2025-10-17T03:14:33.903+0000] {processor.py:161} INFO - Started process (PID=2300) to work on /home/airflow/.local/lib/python3.12/site-packages/airflow/example_dags/example_xcomargs.py
[2025-10-17T03:14:33.905+0000] {processor.py:830} INFO - Processing file /home/airflow/.local/lib/python3.12/site-packages/airflow/example_dags/example_xcomargs.py for tasks to queue
[2025-10-17T03:14:33.907+0000] {logging_mixin.py:188} INFO - [2025-10-17T03:14:33.906+0000] {dagbag.py:545} INFO - Filling up the DagBag from /home/airflow/.local/lib/python3.12/site-packages/airflow/example_dags/example_xcomargs.py
[2025-10-17T03:14:33.914+0000] {processor.py:840} INFO - DAG(s) 'example_xcom_args_with_operators', 'example_xcom_args' retrieved from /home/airflow/.local/lib/python3.12/site-packages/airflow/example_dags/example_xcomargs.py
[2025-10-17T03:14:33.934+0000] {logging_mixin.py:188} INFO - [2025-10-17T03:14:33.933+0000] {dag.py:3096} INFO - Sync 2 DAGs
[2025-10-17T03:14:33.945+0000] {logging_mixin.py:188} INFO - [2025-10-17T03:14:33.944+0000] {dag.py:3954} INFO - Setting next_dagrun for example_xcom_args to None, run_after=None
[2025-10-17T03:14:33.948+0000] {logging_mixin.py:188} INFO - [2025-10-17T03:14:33.948+0000] {dag.py:3954} INFO - Setting next_dagrun for example_xcom_args_with_operators to None, run_after=None
[2025-10-17T03:14:33.963+0000] {processor.py:183} INFO - Processing /home/airflow/.local/lib/python3.12/site-packages/airflow/example_dags/example_xcomargs.py took 0.065 seconds
[2025-10-17T03:15:04.101+0000] {processor.py:161} INFO - Started process (PID=2359) to work on /home/airflow/.local/lib/python3.12/site-packages/airflow/example_dags/example_xcomargs.py
[2025-10-17T03:15:04.103+0000] {processor.py:830} INFO - Processing file /home/airflow/.local/lib/python3.12/site-packages/airflow/example_dags/example_xcomargs.py for tasks to queue
[2025-10-17T03:15:04.106+0000] {logging_mixin.py:188} INFO - [2025-10-17T03:15:04.105+0000] {dagbag.py:545} INFO - Filling up the DagBag from /home/airflow/.local/lib/python3.12/site-packages/airflow/example_dags/example_xcomargs.py
[2025-10-17T03:15:04.115+0000] {processor.py:840} INFO - DAG(s) 'example_xcom_args_with_operators', 'example_xcom_args' retrieved from /home/airflow/.local/lib/python3.12/site-packages/airflow/example_dags/example_xcomargs.py
[2025-10-17T03:15:04.139+0000] {logging_mixin.py:188} INFO - [2025-10-17T03:15:04.138+0000] {dag.py:3096} INFO - Sync 2 DAGs
[2025-10-17T03:15:04.153+0000] {logging_mixin.py:188} INFO - [2025-10-17T03:15:04.153+0000] {dag.py:3954} INFO - Setting next_dagrun for example_xcom_args to None, run_after=None
[2025-10-17T03:15:04.157+0000] {logging_mixin.py:188} INFO - [2025-10-17T03:15:04.157+0000] {dag.py:3954} INFO - Setting next_dagrun for example_xcom_args_with_operators to None, run_after=None
[2025-10-17T03:15:04.174+0000] {processor.py:183} INFO - Processing /home/airflow/.local/lib/python3.12/site-packages/airflow/example_dags/example_xcomargs.py took 0.082 seconds
[2025-10-17T03:15:34.342+0000] {processor.py:161} INFO - Started process (PID=2418) to work on /home/airflow/.local/lib/python3.12/site-packages/airflow/example_dags/example_xcomargs.py
[2025-10-17T03:15:34.343+0000] {processor.py:830} INFO - Processing file /home/airflow/.local/lib/python3.12/site-packages/airflow/example_dags/example_xcomargs.py for tasks to queue
[2025-10-17T03:15:34.345+0000] {logging_mixin.py:188} INFO - [2025-10-17T03:15:34.344+0000] {dagbag.py:545} INFO - Filling up the DagBag from /home/airflow/.local/lib/python3.12/site-packages/airflow/example_dags/example_xcomargs.py
[2025-10-17T03:15:34.352+0000] {processor.py:840} INFO - DAG(s) 'example_xcom_args_with_operators', 'example_xcom_args' retrieved from /home/airflow/.local/lib/python3.12/site-packages/airflow/example_dags/example_xcomargs.py
[2025-10-17T03:15:34.374+0000] {logging_mixin.py:188} INFO - [2025-10-17T03:15:34.373+0000] {dag.py:3096} INFO - Sync 2 DAGs
[2025-10-17T03:15:34.386+0000] {logging_mixin.py:188} INFO - [2025-10-17T03:15:34.385+0000] {dag.py:3954} INFO - Setting next_dagrun for example_xcom_args to None, run_after=None
[2025-10-17T03:15:34.390+0000] {logging_mixin.py:188} INFO - [2025-10-17T03:15:34.390+0000] {dag.py:3954} INFO - Setting next_dagrun for example_xcom_args_with_operators to None, run_after=None
[2025-10-17T03:15:34.408+0000] {processor.py:183} INFO - Processing /home/airflow/.local/lib/python3.12/site-packages/airflow/example_dags/example_xcomargs.py took 0.072 seconds
[2025-10-17T03:16:04.583+0000] {processor.py:161} INFO - Started process (PID=2477) to work on /home/airflow/.local/lib/python3.12/site-packages/airflow/example_dags/example_xcomargs.py
[2025-10-17T03:16:04.585+0000] {processor.py:830} INFO - Processing file /home/airflow/.local/lib/python3.12/site-packages/airflow/example_dags/example_xcomargs.py for tasks to queue
[2025-10-17T03:16:04.587+0000] {logging_mixin.py:188} INFO - [2025-10-17T03:16:04.586+0000] {dagbag.py:545} INFO - Filling up the DagBag from /home/airflow/.local/lib/python3.12/site-packages/airflow/example_dags/example_xcomargs.py
[2025-10-17T03:16:04.594+0000] {processor.py:840} INFO - DAG(s) 'example_xcom_args_with_operators', 'example_xcom_args' retrieved from /home/airflow/.local/lib/python3.12/site-packages/airflow/example_dags/example_xcomargs.py
[2025-10-17T03:16:04.617+0000] {logging_mixin.py:188} INFO - [2025-10-17T03:16:04.617+0000] {dag.py:3096} INFO - Sync 2 DAGs
[2025-10-17T03:16:04.634+0000] {logging_mixin.py:188} INFO - [2025-10-17T03:16:04.633+0000] {dag.py:3954} INFO - Setting next_dagrun for example_xcom_args to None, run_after=None
[2025-10-17T03:16:04.638+0000] {logging_mixin.py:188} INFO - [2025-10-17T03:16:04.638+0000] {dag.py:3954} INFO - Setting next_dagrun for example_xcom_args_with_operators to None, run_after=None
[2025-10-17T03:16:04.659+0000] {processor.py:183} INFO - Processing /home/airflow/.local/lib/python3.12/site-packages/airflow/example_dags/example_xcomargs.py took 0.081 seconds
[2025-10-17T03:16:35.033+0000] {processor.py:161} INFO - Started process (PID=2536) to work on /home/airflow/.local/lib/python3.12/site-packages/airflow/example_dags/example_xcomargs.py
[2025-10-17T03:16:35.034+0000] {processor.py:830} INFO - Processing file /home/airflow/.local/lib/python3.12/site-packages/airflow/example_dags/example_xcomargs.py for tasks to queue
[2025-10-17T03:16:35.037+0000] {logging_mixin.py:188} INFO - [2025-10-17T03:16:35.037+0000] {dagbag.py:545} INFO - Filling up the DagBag from /home/airflow/.local/lib/python3.12/site-packages/airflow/example_dags/example_xcomargs.py
[2025-10-17T03:16:35.045+0000] {processor.py:840} INFO - DAG(s) 'example_xcom_args', 'example_xcom_args_with_operators' retrieved from /home/airflow/.local/lib/python3.12/site-packages/airflow/example_dags/example_xcomargs.py
[2025-10-17T03:16:35.066+0000] {logging_mixin.py:188} INFO - [2025-10-17T03:16:35.066+0000] {dag.py:3096} INFO - Sync 2 DAGs
[2025-10-17T03:16:35.079+0000] {logging_mixin.py:188} INFO - [2025-10-17T03:16:35.079+0000] {dag.py:3954} INFO - Setting next_dagrun for example_xcom_args to None, run_after=None
[2025-10-17T03:16:35.083+0000] {logging_mixin.py:188} INFO - [2025-10-17T03:16:35.083+0000] {dag.py:3954} INFO - Setting next_dagrun for example_xcom_args_with_operators to None, run_after=None
[2025-10-17T03:16:35.102+0000] {processor.py:183} INFO - Processing /home/airflow/.local/lib/python3.12/site-packages/airflow/example_dags/example_xcomargs.py took 0.074 seconds
[2025-10-17T03:17:05.918+0000] {processor.py:161} INFO - Started process (PID=2595) to work on /home/airflow/.local/lib/python3.12/site-packages/airflow/example_dags/example_xcomargs.py
[2025-10-17T03:17:05.919+0000] {processor.py:830} INFO - Processing file /home/airflow/.local/lib/python3.12/site-packages/airflow/example_dags/example_xcomargs.py for tasks to queue
[2025-10-17T03:17:05.921+0000] {logging_mixin.py:188} INFO - [2025-10-17T03:17:05.921+0000] {dagbag.py:545} INFO - Filling up the DagBag from /home/airflow/.local/lib/python3.12/site-packages/airflow/example_dags/example_xcomargs.py
[2025-10-17T03:17:05.928+0000] {processor.py:840} INFO - DAG(s) 'example_xcom_args_with_operators', 'example_xcom_args' retrieved from /home/airflow/.local/lib/python3.12/site-packages/airflow/example_dags/example_xcomargs.py
[2025-10-17T03:17:05.951+0000] {logging_mixin.py:188} INFO - [2025-10-17T03:17:05.951+0000] {dag.py:3096} INFO - Sync 2 DAGs
[2025-10-17T03:17:05.964+0000] {logging_mixin.py:188} INFO - [2025-10-17T03:17:05.964+0000] {dag.py:3954} INFO - Setting next_dagrun for example_xcom_args to None, run_after=None
[2025-10-17T03:17:05.967+0000] {logging_mixin.py:188} INFO - [2025-10-17T03:17:05.967+0000] {dag.py:3954} INFO - Setting next_dagrun for example_xcom_args_with_operators to None, run_after=None
[2025-10-17T03:17:05.981+0000] {processor.py:183} INFO - Processing /home/airflow/.local/lib/python3.12/site-packages/airflow/example_dags/example_xcomargs.py took 0.068 seconds
[2025-10-17T03:17:36.358+0000] {processor.py:161} INFO - Started process (PID=2654) to work on /home/airflow/.local/lib/python3.12/site-packages/airflow/example_dags/example_xcomargs.py
[2025-10-17T03:17:36.359+0000] {processor.py:830} INFO - Processing file /home/airflow/.local/lib/python3.12/site-packages/airflow/example_dags/example_xcomargs.py for tasks to queue
[2025-10-17T03:17:36.361+0000] {logging_mixin.py:188} INFO - [2025-10-17T03:17:36.361+0000] {dagbag.py:545} INFO - Filling up the DagBag from /home/airflow/.local/lib/python3.12/site-packages/airflow/example_dags/example_xcomargs.py
[2025-10-17T03:17:36.368+0000] {processor.py:840} INFO - DAG(s) 'example_xcom_args', 'example_xcom_args_with_operators' retrieved from /home/airflow/.local/lib/python3.12/site-packages/airflow/example_dags/example_xcomargs.py
[2025-10-17T03:17:36.391+0000] {logging_mixin.py:188} INFO - [2025-10-17T03:17:36.390+0000] {dag.py:3096} INFO - Sync 2 DAGs
[2025-10-17T03:17:36.404+0000] {logging_mixin.py:188} INFO - [2025-10-17T03:17:36.404+0000] {dag.py:3954} INFO - Setting next_dagrun for example_xcom_args to None, run_after=None
[2025-10-17T03:17:36.408+0000] {logging_mixin.py:188} INFO - [2025-10-17T03:17:36.408+0000] {dag.py:3954} INFO - Setting next_dagrun for example_xcom_args_with_operators to None, run_after=None
[2025-10-17T03:17:36.431+0000] {processor.py:183} INFO - Processing /home/airflow/.local/lib/python3.12/site-packages/airflow/example_dags/example_xcomargs.py took 0.078 seconds
[2025-10-17T03:18:06.810+0000] {processor.py:161} INFO - Started process (PID=2714) to work on /home/airflow/.local/lib/python3.12/site-packages/airflow/example_dags/example_xcomargs.py
[2025-10-17T03:18:06.812+0000] {processor.py:830} INFO - Processing file /home/airflow/.local/lib/python3.12/site-packages/airflow/example_dags/example_xcomargs.py for tasks to queue
[2025-10-17T03:18:06.814+0000] {logging_mixin.py:188} INFO - [2025-10-17T03:18:06.814+0000] {dagbag.py:545} INFO - Filling up the DagBag from /home/airflow/.local/lib/python3.12/site-packages/airflow/example_dags/example_xcomargs.py
[2025-10-17T03:18:06.825+0000] {processor.py:840} INFO - DAG(s) 'example_xcom_args', 'example_xcom_args_with_operators' retrieved from /home/airflow/.local/lib/python3.12/site-packages/airflow/example_dags/example_xcomargs.py
[2025-10-17T03:18:06.853+0000] {logging_mixin.py:188} INFO - [2025-10-17T03:18:06.852+0000] {dag.py:3096} INFO - Sync 2 DAGs
[2025-10-17T03:18:06.868+0000] {logging_mixin.py:188} INFO - [2025-10-17T03:18:06.868+0000] {dag.py:3954} INFO - Setting next_dagrun for example_xcom_args to None, run_after=None
[2025-10-17T03:18:06.873+0000] {logging_mixin.py:188} INFO - [2025-10-17T03:18:06.873+0000] {dag.py:3954} INFO - Setting next_dagrun for example_xcom_args_with_operators to None, run_after=None
[2025-10-17T03:18:06.894+0000] {processor.py:183} INFO - Processing /home/airflow/.local/lib/python3.12/site-packages/airflow/example_dags/example_xcomargs.py took 0.091 seconds
[2025-10-17T03:18:37.290+0000] {processor.py:161} INFO - Started process (PID=2773) to work on /home/airflow/.local/lib/python3.12/site-packages/airflow/example_dags/example_xcomargs.py
[2025-10-17T03:18:37.291+0000] {processor.py:830} INFO - Processing file /home/airflow/.local/lib/python3.12/site-packages/airflow/example_dags/example_xcomargs.py for tasks to queue
[2025-10-17T03:18:37.293+0000] {logging_mixin.py:188} INFO - [2025-10-17T03:18:37.292+0000] {dagbag.py:545} INFO - Filling up the DagBag from /home/airflow/.local/lib/python3.12/site-packages/airflow/example_dags/example_xcomargs.py
[2025-10-17T03:18:37.300+0000] {processor.py:840} INFO - DAG(s) 'example_xcom_args', 'example_xcom_args_with_operators' retrieved from /home/airflow/.local/lib/python3.12/site-packages/airflow/example_dags/example_xcomargs.py
[2025-10-17T03:18:37.322+0000] {logging_mixin.py:188} INFO - [2025-10-17T03:18:37.322+0000] {dag.py:3096} INFO - Sync 2 DAGs
[2025-10-17T03:18:37.335+0000] {logging_mixin.py:188} INFO - [2025-10-17T03:18:37.335+0000] {dag.py:3954} INFO - Setting next_dagrun for example_xcom_args to None, run_after=None
[2025-10-17T03:18:37.340+0000] {logging_mixin.py:188} INFO - [2025-10-17T03:18:37.340+0000] {dag.py:3954} INFO - Setting next_dagrun for example_xcom_args_with_operators to None, run_after=None
[2025-10-17T03:18:37.356+0000] {processor.py:183} INFO - Processing /home/airflow/.local/lib/python3.12/site-packages/airflow/example_dags/example_xcomargs.py took 0.072 seconds
[2025-10-17T03:19:07.598+0000] {processor.py:161} INFO - Started process (PID=2832) to work on /home/airflow/.local/lib/python3.12/site-packages/airflow/example_dags/example_xcomargs.py
[2025-10-17T03:19:07.599+0000] {processor.py:830} INFO - Processing file /home/airflow/.local/lib/python3.12/site-packages/airflow/example_dags/example_xcomargs.py for tasks to queue
[2025-10-17T03:19:07.602+0000] {logging_mixin.py:188} INFO - [2025-10-17T03:19:07.601+0000] {dagbag.py:545} INFO - Filling up the DagBag from /home/airflow/.local/lib/python3.12/site-packages/airflow/example_dags/example_xcomargs.py
[2025-10-17T03:19:07.609+0000] {processor.py:840} INFO - DAG(s) 'example_xcom_args', 'example_xcom_args_with_operators' retrieved from /home/airflow/.local/lib/python3.12/site-packages/airflow/example_dags/example_xcomargs.py
[2025-10-17T03:19:07.631+0000] {logging_mixin.py:188} INFO - [2025-10-17T03:19:07.631+0000] {dag.py:3096} INFO - Sync 2 DAGs
[2025-10-17T03:19:07.643+0000] {logging_mixin.py:188} INFO - [2025-10-17T03:19:07.643+0000] {dag.py:3954} INFO - Setting next_dagrun for example_xcom_args to None, run_after=None
[2025-10-17T03:19:07.647+0000] {logging_mixin.py:188} INFO - [2025-10-17T03:19:07.647+0000] {dag.py:3954} INFO - Setting next_dagrun for example_xcom_args_with_operators to None, run_after=None
[2025-10-17T03:19:07.666+0000] {processor.py:183} INFO - Processing /home/airflow/.local/lib/python3.12/site-packages/airflow/example_dags/example_xcomargs.py took 0.074 seconds
[2025-10-17T03:19:37.728+0000] {processor.py:161} INFO - Started process (PID=2891) to work on /home/airflow/.local/lib/python3.12/site-packages/airflow/example_dags/example_xcomargs.py
[2025-10-17T03:19:37.729+0000] {processor.py:830} INFO - Processing file /home/airflow/.local/lib/python3.12/site-packages/airflow/example_dags/example_xcomargs.py for tasks to queue
[2025-10-17T03:19:37.731+0000] {logging_mixin.py:188} INFO - [2025-10-17T03:19:37.731+0000] {dagbag.py:545} INFO - Filling up the DagBag from /home/airflow/.local/lib/python3.12/site-packages/airflow/example_dags/example_xcomargs.py
[2025-10-17T03:19:37.739+0000] {processor.py:840} INFO - DAG(s) 'example_xcom_args_with_operators', 'example_xcom_args' retrieved from /home/airflow/.local/lib/python3.12/site-packages/airflow/example_dags/example_xcomargs.py
[2025-10-17T03:19:37.765+0000] {logging_mixin.py:188} INFO - [2025-10-17T03:19:37.765+0000] {dag.py:3096} INFO - Sync 2 DAGs
[2025-10-17T03:19:37.777+0000] {logging_mixin.py:188} INFO - [2025-10-17T03:19:37.777+0000] {dag.py:3954} INFO - Setting next_dagrun for example_xcom_args to None, run_after=None
[2025-10-17T03:19:37.781+0000] {logging_mixin.py:188} INFO - [2025-10-17T03:19:37.781+0000] {dag.py:3954} INFO - Setting next_dagrun for example_xcom_args_with_operators to None, run_after=None
[2025-10-17T03:19:37.802+0000] {processor.py:183} INFO - Processing /home/airflow/.local/lib/python3.12/site-packages/airflow/example_dags/example_xcomargs.py took 0.080 seconds
[2025-10-17T03:20:07.929+0000] {processor.py:161} INFO - Started process (PID=2950) to work on /home/airflow/.local/lib/python3.12/site-packages/airflow/example_dags/example_xcomargs.py
[2025-10-17T03:20:07.930+0000] {processor.py:830} INFO - Processing file /home/airflow/.local/lib/python3.12/site-packages/airflow/example_dags/example_xcomargs.py for tasks to queue
[2025-10-17T03:20:07.932+0000] {logging_mixin.py:188} INFO - [2025-10-17T03:20:07.932+0000] {dagbag.py:545} INFO - Filling up the DagBag from /home/airflow/.local/lib/python3.12/site-packages/airflow/example_dags/example_xcomargs.py
[2025-10-17T03:20:07.939+0000] {processor.py:840} INFO - DAG(s) 'example_xcom_args_with_operators', 'example_xcom_args' retrieved from /home/airflow/.local/lib/python3.12/site-packages/airflow/example_dags/example_xcomargs.py
[2025-10-17T03:20:07.960+0000] {logging_mixin.py:188} INFO - [2025-10-17T03:20:07.960+0000] {dag.py:3096} INFO - Sync 2 DAGs
[2025-10-17T03:20:07.971+0000] {logging_mixin.py:188} INFO - [2025-10-17T03:20:07.971+0000] {dag.py:3954} INFO - Setting next_dagrun for example_xcom_args to None, run_after=None
[2025-10-17T03:20:07.975+0000] {logging_mixin.py:188} INFO - [2025-10-17T03:20:07.974+0000] {dag.py:3954} INFO - Setting next_dagrun for example_xcom_args_with_operators to None, run_after=None
[2025-10-17T03:20:07.989+0000] {processor.py:183} INFO - Processing /home/airflow/.local/lib/python3.12/site-packages/airflow/example_dags/example_xcomargs.py took 0.065 seconds
[2025-10-17T03:20:38.274+0000] {processor.py:161} INFO - Started process (PID=3009) to work on /home/airflow/.local/lib/python3.12/site-packages/airflow/example_dags/example_xcomargs.py
[2025-10-17T03:20:38.275+0000] {processor.py:830} INFO - Processing file /home/airflow/.local/lib/python3.12/site-packages/airflow/example_dags/example_xcomargs.py for tasks to queue
[2025-10-17T03:20:38.277+0000] {logging_mixin.py:188} INFO - [2025-10-17T03:20:38.277+0000] {dagbag.py:545} INFO - Filling up the DagBag from /home/airflow/.local/lib/python3.12/site-packages/airflow/example_dags/example_xcomargs.py
[2025-10-17T03:20:38.284+0000] {processor.py:840} INFO - DAG(s) 'example_xcom_args', 'example_xcom_args_with_operators' retrieved from /home/airflow/.local/lib/python3.12/site-packages/airflow/example_dags/example_xcomargs.py
[2025-10-17T03:20:38.306+0000] {logging_mixin.py:188} INFO - [2025-10-17T03:20:38.306+0000] {dag.py:3096} INFO - Sync 2 DAGs
[2025-10-17T03:20:38.317+0000] {logging_mixin.py:188} INFO - [2025-10-17T03:20:38.316+0000] {dag.py:3954} INFO - Setting next_dagrun for example_xcom_args to None, run_after=None
[2025-10-17T03:20:38.321+0000] {logging_mixin.py:188} INFO - [2025-10-17T03:20:38.320+0000] {dag.py:3954} INFO - Setting next_dagrun for example_xcom_args_with_operators to None, run_after=None
[2025-10-17T03:20:38.339+0000] {processor.py:183} INFO - Processing /home/airflow/.local/lib/python3.12/site-packages/airflow/example_dags/example_xcomargs.py took 0.070 seconds
[2025-10-17T03:21:08.515+0000] {processor.py:161} INFO - Started process (PID=3066) to work on /home/airflow/.local/lib/python3.12/site-packages/airflow/example_dags/example_xcomargs.py
[2025-10-17T03:21:08.516+0000] {processor.py:830} INFO - Processing file /home/airflow/.local/lib/python3.12/site-packages/airflow/example_dags/example_xcomargs.py for tasks to queue
[2025-10-17T03:21:08.518+0000] {logging_mixin.py:188} INFO - [2025-10-17T03:21:08.518+0000] {dagbag.py:545} INFO - Filling up the DagBag from /home/airflow/.local/lib/python3.12/site-packages/airflow/example_dags/example_xcomargs.py
[2025-10-17T03:21:08.525+0000] {processor.py:840} INFO - DAG(s) 'example_xcom_args', 'example_xcom_args_with_operators' retrieved from /home/airflow/.local/lib/python3.12/site-packages/airflow/example_dags/example_xcomargs.py
[2025-10-17T03:21:08.547+0000] {logging_mixin.py:188} INFO - [2025-10-17T03:21:08.547+0000] {dag.py:3096} INFO - Sync 2 DAGs
[2025-10-17T03:21:08.559+0000] {logging_mixin.py:188} INFO - [2025-10-17T03:21:08.559+0000] {dag.py:3954} INFO - Setting next_dagrun for example_xcom_args to None, run_after=None
[2025-10-17T03:21:08.563+0000] {logging_mixin.py:188} INFO - [2025-10-17T03:21:08.563+0000] {dag.py:3954} INFO - Setting next_dagrun for example_xcom_args_with_operators to None, run_after=None
[2025-10-17T03:21:08.578+0000] {processor.py:183} INFO - Processing /home/airflow/.local/lib/python3.12/site-packages/airflow/example_dags/example_xcomargs.py took 0.069 seconds
[2025-10-17T03:21:38.669+0000] {processor.py:161} INFO - Started process (PID=3125) to work on /home/airflow/.local/lib/python3.12/site-packages/airflow/example_dags/example_xcomargs.py
[2025-10-17T03:21:38.670+0000] {processor.py:830} INFO - Processing file /home/airflow/.local/lib/python3.12/site-packages/airflow/example_dags/example_xcomargs.py for tasks to queue
[2025-10-17T03:21:38.672+0000] {logging_mixin.py:188} INFO - [2025-10-17T03:21:38.672+0000] {dagbag.py:545} INFO - Filling up the DagBag from /home/airflow/.local/lib/python3.12/site-packages/airflow/example_dags/example_xcomargs.py
[2025-10-17T03:21:38.679+0000] {processor.py:840} INFO - DAG(s) 'example_xcom_args', 'example_xcom_args_with_operators' retrieved from /home/airflow/.local/lib/python3.12/site-packages/airflow/example_dags/example_xcomargs.py
[2025-10-17T03:21:38.700+0000] {logging_mixin.py:188} INFO - [2025-10-17T03:21:38.700+0000] {dag.py:3096} INFO - Sync 2 DAGs
[2025-10-17T03:21:38.711+0000] {logging_mixin.py:188} INFO - [2025-10-17T03:21:38.711+0000] {dag.py:3954} INFO - Setting next_dagrun for example_xcom_args to None, run_after=None
[2025-10-17T03:21:38.724+0000] {logging_mixin.py:188} INFO - [2025-10-17T03:21:38.723+0000] {dag.py:3954} INFO - Setting next_dagrun for example_xcom_args_with_operators to None, run_after=None
[2025-10-17T03:21:38.768+0000] {processor.py:183} INFO - Processing /home/airflow/.local/lib/python3.12/site-packages/airflow/example_dags/example_xcomargs.py took 0.104 seconds
[2025-10-17T03:22:09.196+0000] {processor.py:161} INFO - Started process (PID=3183) to work on /home/airflow/.local/lib/python3.12/site-packages/airflow/example_dags/example_xcomargs.py
[2025-10-17T03:22:09.198+0000] {processor.py:830} INFO - Processing file /home/airflow/.local/lib/python3.12/site-packages/airflow/example_dags/example_xcomargs.py for tasks to queue
[2025-10-17T03:22:09.203+0000] {logging_mixin.py:188} INFO - [2025-10-17T03:22:09.202+0000] {dagbag.py:545} INFO - Filling up the DagBag from /home/airflow/.local/lib/python3.12/site-packages/airflow/example_dags/example_xcomargs.py
[2025-10-17T03:22:09.219+0000] {processor.py:840} INFO - DAG(s) 'example_xcom_args', 'example_xcom_args_with_operators' retrieved from /home/airflow/.local/lib/python3.12/site-packages/airflow/example_dags/example_xcomargs.py
[2025-10-17T03:22:09.258+0000] {logging_mixin.py:188} INFO - [2025-10-17T03:22:09.257+0000] {dag.py:3096} INFO - Sync 2 DAGs
[2025-10-17T03:22:09.278+0000] {logging_mixin.py:188} INFO - [2025-10-17T03:22:09.278+0000] {dag.py:3954} INFO - Setting next_dagrun for example_xcom_args to None, run_after=None
[2025-10-17T03:22:09.283+0000] {logging_mixin.py:188} INFO - [2025-10-17T03:22:09.283+0000] {dag.py:3954} INFO - Setting next_dagrun for example_xcom_args_with_operators to None, run_after=None
[2025-10-17T03:22:09.302+0000] {processor.py:183} INFO - Processing /home/airflow/.local/lib/python3.12/site-packages/airflow/example_dags/example_xcomargs.py took 0.113 seconds
[2025-10-17T03:22:39.727+0000] {processor.py:161} INFO - Started process (PID=3243) to work on /home/airflow/.local/lib/python3.12/site-packages/airflow/example_dags/example_xcomargs.py
[2025-10-17T03:22:39.728+0000] {processor.py:830} INFO - Processing file /home/airflow/.local/lib/python3.12/site-packages/airflow/example_dags/example_xcomargs.py for tasks to queue
[2025-10-17T03:22:39.730+0000] {logging_mixin.py:188} INFO - [2025-10-17T03:22:39.730+0000] {dagbag.py:545} INFO - Filling up the DagBag from /home/airflow/.local/lib/python3.12/site-packages/airflow/example_dags/example_xcomargs.py
[2025-10-17T03:22:39.739+0000] {processor.py:840} INFO - DAG(s) 'example_xcom_args', 'example_xcom_args_with_operators' retrieved from /home/airflow/.local/lib/python3.12/site-packages/airflow/example_dags/example_xcomargs.py
[2025-10-17T03:22:39.763+0000] {logging_mixin.py:188} INFO - [2025-10-17T03:22:39.763+0000] {dag.py:3096} INFO - Sync 2 DAGs
[2025-10-17T03:22:39.775+0000] {logging_mixin.py:188} INFO - [2025-10-17T03:22:39.775+0000] {dag.py:3954} INFO - Setting next_dagrun for example_xcom_args to None, run_after=None
[2025-10-17T03:22:39.779+0000] {logging_mixin.py:188} INFO - [2025-10-17T03:22:39.779+0000] {dag.py:3954} INFO - Setting next_dagrun for example_xcom_args_with_operators to None, run_after=None
[2025-10-17T03:22:39.797+0000] {processor.py:183} INFO - Processing /home/airflow/.local/lib/python3.12/site-packages/airflow/example_dags/example_xcomargs.py took 0.076 seconds
[2025-10-17T03:23:09.926+0000] {processor.py:161} INFO - Started process (PID=3302) to work on /home/airflow/.local/lib/python3.12/site-packages/airflow/example_dags/example_xcomargs.py
[2025-10-17T03:23:09.927+0000] {processor.py:830} INFO - Processing file /home/airflow/.local/lib/python3.12/site-packages/airflow/example_dags/example_xcomargs.py for tasks to queue
[2025-10-17T03:23:09.929+0000] {logging_mixin.py:188} INFO - [2025-10-17T03:23:09.929+0000] {dagbag.py:545} INFO - Filling up the DagBag from /home/airflow/.local/lib/python3.12/site-packages/airflow/example_dags/example_xcomargs.py
[2025-10-17T03:23:09.937+0000] {processor.py:840} INFO - DAG(s) 'example_xcom_args', 'example_xcom_args_with_operators' retrieved from /home/airflow/.local/lib/python3.12/site-packages/airflow/example_dags/example_xcomargs.py
[2025-10-17T03:23:09.960+0000] {logging_mixin.py:188} INFO - [2025-10-17T03:23:09.960+0000] {dag.py:3096} INFO - Sync 2 DAGs
[2025-10-17T03:23:09.974+0000] {logging_mixin.py:188} INFO - [2025-10-17T03:23:09.973+0000] {dag.py:3954} INFO - Setting next_dagrun for example_xcom_args to None, run_after=None
[2025-10-17T03:23:09.978+0000] {logging_mixin.py:188} INFO - [2025-10-17T03:23:09.978+0000] {dag.py:3954} INFO - Setting next_dagrun for example_xcom_args_with_operators to None, run_after=None
[2025-10-17T03:23:09.993+0000] {processor.py:183} INFO - Processing /home/airflow/.local/lib/python3.12/site-packages/airflow/example_dags/example_xcomargs.py took 0.072 seconds
[2025-10-17T03:23:40.807+0000] {processor.py:161} INFO - Started process (PID=3361) to work on /home/airflow/.local/lib/python3.12/site-packages/airflow/example_dags/example_xcomargs.py
[2025-10-17T03:23:40.808+0000] {processor.py:830} INFO - Processing file /home/airflow/.local/lib/python3.12/site-packages/airflow/example_dags/example_xcomargs.py for tasks to queue
[2025-10-17T03:23:40.810+0000] {logging_mixin.py:188} INFO - [2025-10-17T03:23:40.810+0000] {dagbag.py:545} INFO - Filling up the DagBag from /home/airflow/.local/lib/python3.12/site-packages/airflow/example_dags/example_xcomargs.py
[2025-10-17T03:23:40.819+0000] {processor.py:840} INFO - DAG(s) 'example_xcom_args_with_operators', 'example_xcom_args' retrieved from /home/airflow/.local/lib/python3.12/site-packages/airflow/example_dags/example_xcomargs.py
[2025-10-17T03:23:40.842+0000] {logging_mixin.py:188} INFO - [2025-10-17T03:23:40.841+0000] {dag.py:3096} INFO - Sync 2 DAGs
[2025-10-17T03:23:40.855+0000] {logging_mixin.py:188} INFO - [2025-10-17T03:23:40.855+0000] {dag.py:3954} INFO - Setting next_dagrun for example_xcom_args to None, run_after=None
[2025-10-17T03:23:40.859+0000] {logging_mixin.py:188} INFO - [2025-10-17T03:23:40.859+0000] {dag.py:3954} INFO - Setting next_dagrun for example_xcom_args_with_operators to None, run_after=None
[2025-10-17T03:23:40.876+0000] {processor.py:183} INFO - Processing /home/airflow/.local/lib/python3.12/site-packages/airflow/example_dags/example_xcomargs.py took 0.074 seconds
[2025-10-17T03:24:11.323+0000] {processor.py:161} INFO - Started process (PID=3420) to work on /home/airflow/.local/lib/python3.12/site-packages/airflow/example_dags/example_xcomargs.py
[2025-10-17T03:24:11.325+0000] {processor.py:830} INFO - Processing file /home/airflow/.local/lib/python3.12/site-packages/airflow/example_dags/example_xcomargs.py for tasks to queue
[2025-10-17T03:24:11.327+0000] {logging_mixin.py:188} INFO - [2025-10-17T03:24:11.327+0000] {dagbag.py:545} INFO - Filling up the DagBag from /home/airflow/.local/lib/python3.12/site-packages/airflow/example_dags/example_xcomargs.py
[2025-10-17T03:24:11.334+0000] {processor.py:840} INFO - DAG(s) 'example_xcom_args', 'example_xcom_args_with_operators' retrieved from /home/airflow/.local/lib/python3.12/site-packages/airflow/example_dags/example_xcomargs.py
[2025-10-17T03:24:11.354+0000] {logging_mixin.py:188} INFO - [2025-10-17T03:24:11.354+0000] {dag.py:3096} INFO - Sync 2 DAGs
[2025-10-17T03:24:11.365+0000] {logging_mixin.py:188} INFO - [2025-10-17T03:24:11.365+0000] {dag.py:3954} INFO - Setting next_dagrun for example_xcom_args to None, run_after=None
[2025-10-17T03:24:11.368+0000] {logging_mixin.py:188} INFO - [2025-10-17T03:24:11.368+0000] {dag.py:3954} INFO - Setting next_dagrun for example_xcom_args_with_operators to None, run_after=None
[2025-10-17T03:24:11.382+0000] {processor.py:183} INFO - Processing /home/airflow/.local/lib/python3.12/site-packages/airflow/example_dags/example_xcomargs.py took 0.064 seconds
[2025-10-17T03:24:41.505+0000] {processor.py:161} INFO - Started process (PID=3479) to work on /home/airflow/.local/lib/python3.12/site-packages/airflow/example_dags/example_xcomargs.py
[2025-10-17T03:24:41.506+0000] {processor.py:830} INFO - Processing file /home/airflow/.local/lib/python3.12/site-packages/airflow/example_dags/example_xcomargs.py for tasks to queue
[2025-10-17T03:24:41.509+0000] {logging_mixin.py:188} INFO - [2025-10-17T03:24:41.508+0000] {dagbag.py:545} INFO - Filling up the DagBag from /home/airflow/.local/lib/python3.12/site-packages/airflow/example_dags/example_xcomargs.py
[2025-10-17T03:24:41.516+0000] {processor.py:840} INFO - DAG(s) 'example_xcom_args_with_operators', 'example_xcom_args' retrieved from /home/airflow/.local/lib/python3.12/site-packages/airflow/example_dags/example_xcomargs.py
[2025-10-17T03:24:41.537+0000] {logging_mixin.py:188} INFO - [2025-10-17T03:24:41.537+0000] {dag.py:3096} INFO - Sync 2 DAGs
[2025-10-17T03:24:41.548+0000] {logging_mixin.py:188} INFO - [2025-10-17T03:24:41.548+0000] {dag.py:3954} INFO - Setting next_dagrun for example_xcom_args to None, run_after=None
[2025-10-17T03:24:41.552+0000] {logging_mixin.py:188} INFO - [2025-10-17T03:24:41.552+0000] {dag.py:3954} INFO - Setting next_dagrun for example_xcom_args_with_operators to None, run_after=None
[2025-10-17T03:24:41.572+0000] {processor.py:183} INFO - Processing /home/airflow/.local/lib/python3.12/site-packages/airflow/example_dags/example_xcomargs.py took 0.073 seconds
[2025-10-17T03:25:11.707+0000] {processor.py:161} INFO - Started process (PID=3538) to work on /home/airflow/.local/lib/python3.12/site-packages/airflow/example_dags/example_xcomargs.py
[2025-10-17T03:25:11.708+0000] {processor.py:830} INFO - Processing file /home/airflow/.local/lib/python3.12/site-packages/airflow/example_dags/example_xcomargs.py for tasks to queue
[2025-10-17T03:25:11.711+0000] {logging_mixin.py:188} INFO - [2025-10-17T03:25:11.710+0000] {dagbag.py:545} INFO - Filling up the DagBag from /home/airflow/.local/lib/python3.12/site-packages/airflow/example_dags/example_xcomargs.py
[2025-10-17T03:25:11.720+0000] {processor.py:840} INFO - DAG(s) 'example_xcom_args_with_operators', 'example_xcom_args' retrieved from /home/airflow/.local/lib/python3.12/site-packages/airflow/example_dags/example_xcomargs.py
[2025-10-17T03:25:11.743+0000] {logging_mixin.py:188} INFO - [2025-10-17T03:25:11.742+0000] {dag.py:3096} INFO - Sync 2 DAGs
[2025-10-17T03:25:11.757+0000] {logging_mixin.py:188} INFO - [2025-10-17T03:25:11.757+0000] {dag.py:3954} INFO - Setting next_dagrun for example_xcom_args to None, run_after=None
[2025-10-17T03:25:11.761+0000] {logging_mixin.py:188} INFO - [2025-10-17T03:25:11.761+0000] {dag.py:3954} INFO - Setting next_dagrun for example_xcom_args_with_operators to None, run_after=None
[2025-10-17T03:25:11.778+0000] {processor.py:183} INFO - Processing /home/airflow/.local/lib/python3.12/site-packages/airflow/example_dags/example_xcomargs.py took 0.081 seconds
[2025-10-17T03:25:42.001+0000] {processor.py:161} INFO - Started process (PID=3597) to work on /home/airflow/.local/lib/python3.12/site-packages/airflow/example_dags/example_xcomargs.py
[2025-10-17T03:25:42.002+0000] {processor.py:830} INFO - Processing file /home/airflow/.local/lib/python3.12/site-packages/airflow/example_dags/example_xcomargs.py for tasks to queue
[2025-10-17T03:25:42.004+0000] {logging_mixin.py:188} INFO - [2025-10-17T03:25:42.003+0000] {dagbag.py:545} INFO - Filling up the DagBag from /home/airflow/.local/lib/python3.12/site-packages/airflow/example_dags/example_xcomargs.py
[2025-10-17T03:25:42.012+0000] {processor.py:840} INFO - DAG(s) 'example_xcom_args', 'example_xcom_args_with_operators' retrieved from /home/airflow/.local/lib/python3.12/site-packages/airflow/example_dags/example_xcomargs.py
[2025-10-17T03:25:42.038+0000] {logging_mixin.py:188} INFO - [2025-10-17T03:25:42.037+0000] {dag.py:3096} INFO - Sync 2 DAGs
[2025-10-17T03:25:42.051+0000] {logging_mixin.py:188} INFO - [2025-10-17T03:25:42.051+0000] {dag.py:3954} INFO - Setting next_dagrun for example_xcom_args to None, run_after=None
[2025-10-17T03:25:42.056+0000] {logging_mixin.py:188} INFO - [2025-10-17T03:25:42.056+0000] {dag.py:3954} INFO - Setting next_dagrun for example_xcom_args_with_operators to None, run_after=None
[2025-10-17T03:25:42.074+0000] {processor.py:183} INFO - Processing /home/airflow/.local/lib/python3.12/site-packages/airflow/example_dags/example_xcomargs.py took 0.079 seconds
[2025-10-17T03:26:12.693+0000] {processor.py:161} INFO - Started process (PID=3656) to work on /home/airflow/.local/lib/python3.12/site-packages/airflow/example_dags/example_xcomargs.py
[2025-10-17T03:26:12.694+0000] {processor.py:830} INFO - Processing file /home/airflow/.local/lib/python3.12/site-packages/airflow/example_dags/example_xcomargs.py for tasks to queue
[2025-10-17T03:26:12.696+0000] {logging_mixin.py:188} INFO - [2025-10-17T03:26:12.696+0000] {dagbag.py:545} INFO - Filling up the DagBag from /home/airflow/.local/lib/python3.12/site-packages/airflow/example_dags/example_xcomargs.py
[2025-10-17T03:26:12.704+0000] {processor.py:840} INFO - DAG(s) 'example_xcom_args', 'example_xcom_args_with_operators' retrieved from /home/airflow/.local/lib/python3.12/site-packages/airflow/example_dags/example_xcomargs.py
[2025-10-17T03:26:12.725+0000] {logging_mixin.py:188} INFO - [2025-10-17T03:26:12.725+0000] {dag.py:3096} INFO - Sync 2 DAGs
[2025-10-17T03:26:12.740+0000] {logging_mixin.py:188} INFO - [2025-10-17T03:26:12.740+0000] {dag.py:3954} INFO - Setting next_dagrun for example_xcom_args to None, run_after=None
[2025-10-17T03:26:12.744+0000] {logging_mixin.py:188} INFO - [2025-10-17T03:26:12.744+0000] {dag.py:3954} INFO - Setting next_dagrun for example_xcom_args_with_operators to None, run_after=None
[2025-10-17T03:26:12.761+0000] {processor.py:183} INFO - Processing /home/airflow/.local/lib/python3.12/site-packages/airflow/example_dags/example_xcomargs.py took 0.073 seconds
[2025-10-17T03:26:43.685+0000] {processor.py:161} INFO - Started process (PID=3715) to work on /home/airflow/.local/lib/python3.12/site-packages/airflow/example_dags/example_xcomargs.py
[2025-10-17T03:26:43.687+0000] {processor.py:830} INFO - Processing file /home/airflow/.local/lib/python3.12/site-packages/airflow/example_dags/example_xcomargs.py for tasks to queue
[2025-10-17T03:26:43.689+0000] {logging_mixin.py:188} INFO - [2025-10-17T03:26:43.689+0000] {dagbag.py:545} INFO - Filling up the DagBag from /home/airflow/.local/lib/python3.12/site-packages/airflow/example_dags/example_xcomargs.py
[2025-10-17T03:26:43.696+0000] {processor.py:840} INFO - DAG(s) 'example_xcom_args_with_operators', 'example_xcom_args' retrieved from /home/airflow/.local/lib/python3.12/site-packages/airflow/example_dags/example_xcomargs.py
[2025-10-17T03:26:43.718+0000] {logging_mixin.py:188} INFO - [2025-10-17T03:26:43.718+0000] {dag.py:3096} INFO - Sync 2 DAGs
[2025-10-17T03:26:43.729+0000] {logging_mixin.py:188} INFO - [2025-10-17T03:26:43.728+0000] {dag.py:3954} INFO - Setting next_dagrun for example_xcom_args to None, run_after=None
[2025-10-17T03:26:43.733+0000] {logging_mixin.py:188} INFO - [2025-10-17T03:26:43.732+0000] {dag.py:3954} INFO - Setting next_dagrun for example_xcom_args_with_operators to None, run_after=None
[2025-10-17T03:26:43.749+0000] {processor.py:183} INFO - Processing /home/airflow/.local/lib/python3.12/site-packages/airflow/example_dags/example_xcomargs.py took 0.068 seconds
[2025-10-17T03:27:14.052+0000] {processor.py:161} INFO - Started process (PID=3774) to work on /home/airflow/.local/lib/python3.12/site-packages/airflow/example_dags/example_xcomargs.py
[2025-10-17T03:27:14.053+0000] {processor.py:830} INFO - Processing file /home/airflow/.local/lib/python3.12/site-packages/airflow/example_dags/example_xcomargs.py for tasks to queue
[2025-10-17T03:27:14.055+0000] {logging_mixin.py:188} INFO - [2025-10-17T03:27:14.054+0000] {dagbag.py:545} INFO - Filling up the DagBag from /home/airflow/.local/lib/python3.12/site-packages/airflow/example_dags/example_xcomargs.py
[2025-10-17T03:27:14.062+0000] {processor.py:840} INFO - DAG(s) 'example_xcom_args', 'example_xcom_args_with_operators' retrieved from /home/airflow/.local/lib/python3.12/site-packages/airflow/example_dags/example_xcomargs.py
[2025-10-17T03:27:14.082+0000] {logging_mixin.py:188} INFO - [2025-10-17T03:27:14.081+0000] {dag.py:3096} INFO - Sync 2 DAGs
[2025-10-17T03:27:14.092+0000] {logging_mixin.py:188} INFO - [2025-10-17T03:27:14.092+0000] {dag.py:3954} INFO - Setting next_dagrun for example_xcom_args to None, run_after=None
[2025-10-17T03:27:14.095+0000] {logging_mixin.py:188} INFO - [2025-10-17T03:27:14.095+0000] {dag.py:3954} INFO - Setting next_dagrun for example_xcom_args_with_operators to None, run_after=None
[2025-10-17T03:27:14.109+0000] {processor.py:183} INFO - Processing /home/airflow/.local/lib/python3.12/site-packages/airflow/example_dags/example_xcomargs.py took 0.063 seconds
[2025-10-17T03:27:44.492+0000] {processor.py:161} INFO - Started process (PID=3833) to work on /home/airflow/.local/lib/python3.12/site-packages/airflow/example_dags/example_xcomargs.py
[2025-10-17T03:27:44.493+0000] {processor.py:830} INFO - Processing file /home/airflow/.local/lib/python3.12/site-packages/airflow/example_dags/example_xcomargs.py for tasks to queue
[2025-10-17T03:27:44.494+0000] {logging_mixin.py:188} INFO - [2025-10-17T03:27:44.494+0000] {dagbag.py:545} INFO - Filling up the DagBag from /home/airflow/.local/lib/python3.12/site-packages/airflow/example_dags/example_xcomargs.py
[2025-10-17T03:27:44.502+0000] {processor.py:840} INFO - DAG(s) 'example_xcom_args', 'example_xcom_args_with_operators' retrieved from /home/airflow/.local/lib/python3.12/site-packages/airflow/example_dags/example_xcomargs.py
[2025-10-17T03:27:44.522+0000] {logging_mixin.py:188} INFO - [2025-10-17T03:27:44.521+0000] {dag.py:3096} INFO - Sync 2 DAGs
[2025-10-17T03:27:44.533+0000] {logging_mixin.py:188} INFO - [2025-10-17T03:27:44.533+0000] {dag.py:3954} INFO - Setting next_dagrun for example_xcom_args to None, run_after=None
[2025-10-17T03:27:44.537+0000] {logging_mixin.py:188} INFO - [2025-10-17T03:27:44.537+0000] {dag.py:3954} INFO - Setting next_dagrun for example_xcom_args_with_operators to None, run_after=None
[2025-10-17T03:27:44.552+0000] {processor.py:183} INFO - Processing /home/airflow/.local/lib/python3.12/site-packages/airflow/example_dags/example_xcomargs.py took 0.066 seconds
[2025-10-17T03:28:14.949+0000] {processor.py:161} INFO - Started process (PID=3892) to work on /home/airflow/.local/lib/python3.12/site-packages/airflow/example_dags/example_xcomargs.py
[2025-10-17T03:28:14.950+0000] {processor.py:830} INFO - Processing file /home/airflow/.local/lib/python3.12/site-packages/airflow/example_dags/example_xcomargs.py for tasks to queue
[2025-10-17T03:28:14.952+0000] {logging_mixin.py:188} INFO - [2025-10-17T03:28:14.952+0000] {dagbag.py:545} INFO - Filling up the DagBag from /home/airflow/.local/lib/python3.12/site-packages/airflow/example_dags/example_xcomargs.py
[2025-10-17T03:28:14.959+0000] {processor.py:840} INFO - DAG(s) 'example_xcom_args', 'example_xcom_args_with_operators' retrieved from /home/airflow/.local/lib/python3.12/site-packages/airflow/example_dags/example_xcomargs.py
[2025-10-17T03:28:14.981+0000] {logging_mixin.py:188} INFO - [2025-10-17T03:28:14.981+0000] {dag.py:3096} INFO - Sync 2 DAGs
[2025-10-17T03:28:14.993+0000] {logging_mixin.py:188} INFO - [2025-10-17T03:28:14.993+0000] {dag.py:3954} INFO - Setting next_dagrun for example_xcom_args to None, run_after=None
[2025-10-17T03:28:14.998+0000] {logging_mixin.py:188} INFO - [2025-10-17T03:28:14.998+0000] {dag.py:3954} INFO - Setting next_dagrun for example_xcom_args_with_operators to None, run_after=None
[2025-10-17T03:28:15.018+0000] {processor.py:183} INFO - Processing /home/airflow/.local/lib/python3.12/site-packages/airflow/example_dags/example_xcomargs.py took 0.074 seconds
[2025-10-17T03:28:45.091+0000] {processor.py:161} INFO - Started process (PID=3951) to work on /home/airflow/.local/lib/python3.12/site-packages/airflow/example_dags/example_xcomargs.py
[2025-10-17T03:28:45.092+0000] {processor.py:830} INFO - Processing file /home/airflow/.local/lib/python3.12/site-packages/airflow/example_dags/example_xcomargs.py for tasks to queue
[2025-10-17T03:28:45.094+0000] {logging_mixin.py:188} INFO - [2025-10-17T03:28:45.094+0000] {dagbag.py:545} INFO - Filling up the DagBag from /home/airflow/.local/lib/python3.12/site-packages/airflow/example_dags/example_xcomargs.py
[2025-10-17T03:28:45.101+0000] {processor.py:840} INFO - DAG(s) 'example_xcom_args_with_operators', 'example_xcom_args' retrieved from /home/airflow/.local/lib/python3.12/site-packages/airflow/example_dags/example_xcomargs.py
[2025-10-17T03:28:45.122+0000] {logging_mixin.py:188} INFO - [2025-10-17T03:28:45.121+0000] {dag.py:3096} INFO - Sync 2 DAGs
[2025-10-17T03:28:45.132+0000] {logging_mixin.py:188} INFO - [2025-10-17T03:28:45.132+0000] {dag.py:3954} INFO - Setting next_dagrun for example_xcom_args to None, run_after=None
[2025-10-17T03:28:45.137+0000] {logging_mixin.py:188} INFO - [2025-10-17T03:28:45.137+0000] {dag.py:3954} INFO - Setting next_dagrun for example_xcom_args_with_operators to None, run_after=None
[2025-10-17T03:28:45.155+0000] {processor.py:183} INFO - Processing /home/airflow/.local/lib/python3.12/site-packages/airflow/example_dags/example_xcomargs.py took 0.069 seconds
[2025-10-17T03:29:15.448+0000] {processor.py:161} INFO - Started process (PID=4010) to work on /home/airflow/.local/lib/python3.12/site-packages/airflow/example_dags/example_xcomargs.py
[2025-10-17T03:29:15.449+0000] {processor.py:830} INFO - Processing file /home/airflow/.local/lib/python3.12/site-packages/airflow/example_dags/example_xcomargs.py for tasks to queue
[2025-10-17T03:29:15.451+0000] {logging_mixin.py:188} INFO - [2025-10-17T03:29:15.451+0000] {dagbag.py:545} INFO - Filling up the DagBag from /home/airflow/.local/lib/python3.12/site-packages/airflow/example_dags/example_xcomargs.py
[2025-10-17T03:29:15.458+0000] {processor.py:840} INFO - DAG(s) 'example_xcom_args_with_operators', 'example_xcom_args' retrieved from /home/airflow/.local/lib/python3.12/site-packages/airflow/example_dags/example_xcomargs.py
[2025-10-17T03:29:15.478+0000] {logging_mixin.py:188} INFO - [2025-10-17T03:29:15.478+0000] {dag.py:3096} INFO - Sync 2 DAGs
[2025-10-17T03:29:15.489+0000] {logging_mixin.py:188} INFO - [2025-10-17T03:29:15.489+0000] {dag.py:3954} INFO - Setting next_dagrun for example_xcom_args to None, run_after=None
[2025-10-17T03:29:15.493+0000] {logging_mixin.py:188} INFO - [2025-10-17T03:29:15.493+0000] {dag.py:3954} INFO - Setting next_dagrun for example_xcom_args_with_operators to None, run_after=None
[2025-10-17T03:29:15.507+0000] {processor.py:183} INFO - Processing /home/airflow/.local/lib/python3.12/site-packages/airflow/example_dags/example_xcomargs.py took 0.065 seconds
[2025-10-17T03:29:46.111+0000] {processor.py:161} INFO - Started process (PID=4069) to work on /home/airflow/.local/lib/python3.12/site-packages/airflow/example_dags/example_xcomargs.py
[2025-10-17T03:29:46.112+0000] {processor.py:830} INFO - Processing file /home/airflow/.local/lib/python3.12/site-packages/airflow/example_dags/example_xcomargs.py for tasks to queue
[2025-10-17T03:29:46.114+0000] {logging_mixin.py:188} INFO - [2025-10-17T03:29:46.114+0000] {dagbag.py:545} INFO - Filling up the DagBag from /home/airflow/.local/lib/python3.12/site-packages/airflow/example_dags/example_xcomargs.py
[2025-10-17T03:29:46.122+0000] {processor.py:840} INFO - DAG(s) 'example_xcom_args_with_operators', 'example_xcom_args' retrieved from /home/airflow/.local/lib/python3.12/site-packages/airflow/example_dags/example_xcomargs.py
[2025-10-17T03:29:46.142+0000] {logging_mixin.py:188} INFO - [2025-10-17T03:29:46.142+0000] {dag.py:3096} INFO - Sync 2 DAGs
[2025-10-17T03:29:46.155+0000] {logging_mixin.py:188} INFO - [2025-10-17T03:29:46.154+0000] {dag.py:3954} INFO - Setting next_dagrun for example_xcom_args to None, run_after=None
[2025-10-17T03:29:46.158+0000] {logging_mixin.py:188} INFO - [2025-10-17T03:29:46.158+0000] {dag.py:3954} INFO - Setting next_dagrun for example_xcom_args_with_operators to None, run_after=None
[2025-10-17T03:29:46.174+0000] {processor.py:183} INFO - Processing /home/airflow/.local/lib/python3.12/site-packages/airflow/example_dags/example_xcomargs.py took 0.068 seconds
[2025-10-17T03:30:16.509+0000] {processor.py:161} INFO - Started process (PID=4128) to work on /home/airflow/.local/lib/python3.12/site-packages/airflow/example_dags/example_xcomargs.py
[2025-10-17T03:30:16.510+0000] {processor.py:830} INFO - Processing file /home/airflow/.local/lib/python3.12/site-packages/airflow/example_dags/example_xcomargs.py for tasks to queue
[2025-10-17T03:30:16.512+0000] {logging_mixin.py:188} INFO - [2025-10-17T03:30:16.512+0000] {dagbag.py:545} INFO - Filling up the DagBag from /home/airflow/.local/lib/python3.12/site-packages/airflow/example_dags/example_xcomargs.py
[2025-10-17T03:30:16.521+0000] {processor.py:840} INFO - DAG(s) 'example_xcom_args', 'example_xcom_args_with_operators' retrieved from /home/airflow/.local/lib/python3.12/site-packages/airflow/example_dags/example_xcomargs.py
[2025-10-17T03:30:16.542+0000] {logging_mixin.py:188} INFO - [2025-10-17T03:30:16.542+0000] {dag.py:3096} INFO - Sync 2 DAGs
[2025-10-17T03:30:16.554+0000] {logging_mixin.py:188} INFO - [2025-10-17T03:30:16.553+0000] {dag.py:3954} INFO - Setting next_dagrun for example_xcom_args to None, run_after=None
[2025-10-17T03:30:16.558+0000] {logging_mixin.py:188} INFO - [2025-10-17T03:30:16.558+0000] {dag.py:3954} INFO - Setting next_dagrun for example_xcom_args_with_operators to None, run_after=None
[2025-10-17T03:30:16.574+0000] {processor.py:183} INFO - Processing /home/airflow/.local/lib/python3.12/site-packages/airflow/example_dags/example_xcomargs.py took 0.070 seconds
[2025-10-17T03:30:47.438+0000] {processor.py:161} INFO - Started process (PID=4193) to work on /home/airflow/.local/lib/python3.12/site-packages/airflow/example_dags/example_xcomargs.py
[2025-10-17T03:30:47.439+0000] {processor.py:830} INFO - Processing file /home/airflow/.local/lib/python3.12/site-packages/airflow/example_dags/example_xcomargs.py for tasks to queue
[2025-10-17T03:30:47.441+0000] {logging_mixin.py:188} INFO - [2025-10-17T03:30:47.441+0000] {dagbag.py:545} INFO - Filling up the DagBag from /home/airflow/.local/lib/python3.12/site-packages/airflow/example_dags/example_xcomargs.py
[2025-10-17T03:30:47.448+0000] {processor.py:840} INFO - DAG(s) 'example_xcom_args_with_operators', 'example_xcom_args' retrieved from /home/airflow/.local/lib/python3.12/site-packages/airflow/example_dags/example_xcomargs.py
[2025-10-17T03:30:47.468+0000] {logging_mixin.py:188} INFO - [2025-10-17T03:30:47.468+0000] {dag.py:3096} INFO - Sync 2 DAGs
[2025-10-17T03:30:47.480+0000] {logging_mixin.py:188} INFO - [2025-10-17T03:30:47.480+0000] {dag.py:3954} INFO - Setting next_dagrun for example_xcom_args to None, run_after=None
[2025-10-17T03:30:47.484+0000] {logging_mixin.py:188} INFO - [2025-10-17T03:30:47.484+0000] {dag.py:3954} INFO - Setting next_dagrun for example_xcom_args_with_operators to None, run_after=None
[2025-10-17T03:30:47.500+0000] {processor.py:183} INFO - Processing /home/airflow/.local/lib/python3.12/site-packages/airflow/example_dags/example_xcomargs.py took 0.068 seconds
[2025-10-17T03:31:17.693+0000] {processor.py:161} INFO - Started process (PID=4252) to work on /home/airflow/.local/lib/python3.12/site-packages/airflow/example_dags/example_xcomargs.py
[2025-10-17T03:31:17.694+0000] {processor.py:830} INFO - Processing file /home/airflow/.local/lib/python3.12/site-packages/airflow/example_dags/example_xcomargs.py for tasks to queue
[2025-10-17T03:31:17.696+0000] {logging_mixin.py:188} INFO - [2025-10-17T03:31:17.696+0000] {dagbag.py:545} INFO - Filling up the DagBag from /home/airflow/.local/lib/python3.12/site-packages/airflow/example_dags/example_xcomargs.py
[2025-10-17T03:31:17.705+0000] {processor.py:840} INFO - DAG(s) 'example_xcom_args', 'example_xcom_args_with_operators' retrieved from /home/airflow/.local/lib/python3.12/site-packages/airflow/example_dags/example_xcomargs.py
[2025-10-17T03:31:17.727+0000] {logging_mixin.py:188} INFO - [2025-10-17T03:31:17.726+0000] {dag.py:3096} INFO - Sync 2 DAGs
[2025-10-17T03:31:17.738+0000] {logging_mixin.py:188} INFO - [2025-10-17T03:31:17.738+0000] {dag.py:3954} INFO - Setting next_dagrun for example_xcom_args to None, run_after=None
[2025-10-17T03:31:17.742+0000] {logging_mixin.py:188} INFO - [2025-10-17T03:31:17.742+0000] {dag.py:3954} INFO - Setting next_dagrun for example_xcom_args_with_operators to None, run_after=None
[2025-10-17T03:31:17.759+0000] {processor.py:183} INFO - Processing /home/airflow/.local/lib/python3.12/site-packages/airflow/example_dags/example_xcomargs.py took 0.071 seconds
[2025-10-17T03:31:48.186+0000] {processor.py:161} INFO - Started process (PID=4311) to work on /home/airflow/.local/lib/python3.12/site-packages/airflow/example_dags/example_xcomargs.py
[2025-10-17T03:31:48.187+0000] {processor.py:830} INFO - Processing file /home/airflow/.local/lib/python3.12/site-packages/airflow/example_dags/example_xcomargs.py for tasks to queue
[2025-10-17T03:31:48.188+0000] {logging_mixin.py:188} INFO - [2025-10-17T03:31:48.188+0000] {dagbag.py:545} INFO - Filling up the DagBag from /home/airflow/.local/lib/python3.12/site-packages/airflow/example_dags/example_xcomargs.py
[2025-10-17T03:31:48.196+0000] {processor.py:840} INFO - DAG(s) 'example_xcom_args_with_operators', 'example_xcom_args' retrieved from /home/airflow/.local/lib/python3.12/site-packages/airflow/example_dags/example_xcomargs.py
[2025-10-17T03:31:48.216+0000] {logging_mixin.py:188} INFO - [2025-10-17T03:31:48.216+0000] {dag.py:3096} INFO - Sync 2 DAGs
[2025-10-17T03:31:48.228+0000] {logging_mixin.py:188} INFO - [2025-10-17T03:31:48.228+0000] {dag.py:3954} INFO - Setting next_dagrun for example_xcom_args to None, run_after=None
[2025-10-17T03:31:48.232+0000] {logging_mixin.py:188} INFO - [2025-10-17T03:31:48.232+0000] {dag.py:3954} INFO - Setting next_dagrun for example_xcom_args_with_operators to None, run_after=None
[2025-10-17T03:31:48.246+0000] {processor.py:183} INFO - Processing /home/airflow/.local/lib/python3.12/site-packages/airflow/example_dags/example_xcomargs.py took 0.065 seconds
[2025-10-17T03:32:18.663+0000] {processor.py:161} INFO - Started process (PID=4370) to work on /home/airflow/.local/lib/python3.12/site-packages/airflow/example_dags/example_xcomargs.py
[2025-10-17T03:32:18.664+0000] {processor.py:830} INFO - Processing file /home/airflow/.local/lib/python3.12/site-packages/airflow/example_dags/example_xcomargs.py for tasks to queue
[2025-10-17T03:32:18.667+0000] {logging_mixin.py:188} INFO - [2025-10-17T03:32:18.666+0000] {dagbag.py:545} INFO - Filling up the DagBag from /home/airflow/.local/lib/python3.12/site-packages/airflow/example_dags/example_xcomargs.py
[2025-10-17T03:32:18.674+0000] {processor.py:840} INFO - DAG(s) 'example_xcom_args', 'example_xcom_args_with_operators' retrieved from /home/airflow/.local/lib/python3.12/site-packages/airflow/example_dags/example_xcomargs.py
[2025-10-17T03:32:18.694+0000] {logging_mixin.py:188} INFO - [2025-10-17T03:32:18.694+0000] {dag.py:3096} INFO - Sync 2 DAGs
[2025-10-17T03:32:18.705+0000] {logging_mixin.py:188} INFO - [2025-10-17T03:32:18.705+0000] {dag.py:3954} INFO - Setting next_dagrun for example_xcom_args to None, run_after=None
[2025-10-17T03:32:18.709+0000] {logging_mixin.py:188} INFO - [2025-10-17T03:32:18.709+0000] {dag.py:3954} INFO - Setting next_dagrun for example_xcom_args_with_operators to None, run_after=None
[2025-10-17T03:32:18.725+0000] {processor.py:183} INFO - Processing /home/airflow/.local/lib/python3.12/site-packages/airflow/example_dags/example_xcomargs.py took 0.067 seconds
[2025-10-17T03:32:49.031+0000] {processor.py:161} INFO - Started process (PID=4429) to work on /home/airflow/.local/lib/python3.12/site-packages/airflow/example_dags/example_xcomargs.py
[2025-10-17T03:32:49.032+0000] {processor.py:830} INFO - Processing file /home/airflow/.local/lib/python3.12/site-packages/airflow/example_dags/example_xcomargs.py for tasks to queue
[2025-10-17T03:32:49.034+0000] {logging_mixin.py:188} INFO - [2025-10-17T03:32:49.034+0000] {dagbag.py:545} INFO - Filling up the DagBag from /home/airflow/.local/lib/python3.12/site-packages/airflow/example_dags/example_xcomargs.py
[2025-10-17T03:32:49.042+0000] {processor.py:840} INFO - DAG(s) 'example_xcom_args_with_operators', 'example_xcom_args' retrieved from /home/airflow/.local/lib/python3.12/site-packages/airflow/example_dags/example_xcomargs.py
[2025-10-17T03:32:49.061+0000] {logging_mixin.py:188} INFO - [2025-10-17T03:32:49.061+0000] {dag.py:3096} INFO - Sync 2 DAGs
[2025-10-17T03:32:49.073+0000] {logging_mixin.py:188} INFO - [2025-10-17T03:32:49.073+0000] {dag.py:3954} INFO - Setting next_dagrun for example_xcom_args to None, run_after=None
[2025-10-17T03:32:49.077+0000] {logging_mixin.py:188} INFO - [2025-10-17T03:32:49.076+0000] {dag.py:3954} INFO - Setting next_dagrun for example_xcom_args_with_operators to None, run_after=None
[2025-10-17T03:32:49.091+0000] {processor.py:183} INFO - Processing /home/airflow/.local/lib/python3.12/site-packages/airflow/example_dags/example_xcomargs.py took 0.066 seconds
[2025-10-17T03:33:19.337+0000] {processor.py:161} INFO - Started process (PID=4488) to work on /home/airflow/.local/lib/python3.12/site-packages/airflow/example_dags/example_xcomargs.py
[2025-10-17T03:33:19.338+0000] {processor.py:830} INFO - Processing file /home/airflow/.local/lib/python3.12/site-packages/airflow/example_dags/example_xcomargs.py for tasks to queue
[2025-10-17T03:33:19.340+0000] {logging_mixin.py:188} INFO - [2025-10-17T03:33:19.340+0000] {dagbag.py:545} INFO - Filling up the DagBag from /home/airflow/.local/lib/python3.12/site-packages/airflow/example_dags/example_xcomargs.py
[2025-10-17T03:33:19.348+0000] {processor.py:840} INFO - DAG(s) 'example_xcom_args', 'example_xcom_args_with_operators' retrieved from /home/airflow/.local/lib/python3.12/site-packages/airflow/example_dags/example_xcomargs.py
[2025-10-17T03:33:19.372+0000] {logging_mixin.py:188} INFO - [2025-10-17T03:33:19.372+0000] {dag.py:3096} INFO - Sync 2 DAGs
[2025-10-17T03:33:19.384+0000] {logging_mixin.py:188} INFO - [2025-10-17T03:33:19.384+0000] {dag.py:3954} INFO - Setting next_dagrun for example_xcom_args to None, run_after=None
[2025-10-17T03:33:19.388+0000] {logging_mixin.py:188} INFO - [2025-10-17T03:33:19.388+0000] {dag.py:3954} INFO - Setting next_dagrun for example_xcom_args_with_operators to None, run_after=None
[2025-10-17T03:33:19.404+0000] {processor.py:183} INFO - Processing /home/airflow/.local/lib/python3.12/site-packages/airflow/example_dags/example_xcomargs.py took 0.072 seconds
[2025-10-17T03:33:50.137+0000] {processor.py:161} INFO - Started process (PID=4547) to work on /home/airflow/.local/lib/python3.12/site-packages/airflow/example_dags/example_xcomargs.py
[2025-10-17T03:33:50.138+0000] {processor.py:830} INFO - Processing file /home/airflow/.local/lib/python3.12/site-packages/airflow/example_dags/example_xcomargs.py for tasks to queue
[2025-10-17T03:33:50.142+0000] {logging_mixin.py:188} INFO - [2025-10-17T03:33:50.141+0000] {dagbag.py:545} INFO - Filling up the DagBag from /home/airflow/.local/lib/python3.12/site-packages/airflow/example_dags/example_xcomargs.py
[2025-10-17T03:33:50.159+0000] {processor.py:840} INFO - DAG(s) 'example_xcom_args_with_operators', 'example_xcom_args' retrieved from /home/airflow/.local/lib/python3.12/site-packages/airflow/example_dags/example_xcomargs.py
[2025-10-17T03:33:50.191+0000] {logging_mixin.py:188} INFO - [2025-10-17T03:33:50.191+0000] {dag.py:3096} INFO - Sync 2 DAGs
[2025-10-17T03:33:50.209+0000] {logging_mixin.py:188} INFO - [2025-10-17T03:33:50.209+0000] {dag.py:3954} INFO - Setting next_dagrun for example_xcom_args to None, run_after=None
[2025-10-17T03:33:50.214+0000] {logging_mixin.py:188} INFO - [2025-10-17T03:33:50.214+0000] {dag.py:3954} INFO - Setting next_dagrun for example_xcom_args_with_operators to None, run_after=None
[2025-10-17T03:33:50.244+0000] {processor.py:183} INFO - Processing /home/airflow/.local/lib/python3.12/site-packages/airflow/example_dags/example_xcomargs.py took 0.114 seconds
[2025-10-17T03:34:21.172+0000] {processor.py:161} INFO - Started process (PID=4606) to work on /home/airflow/.local/lib/python3.12/site-packages/airflow/example_dags/example_xcomargs.py
[2025-10-17T03:34:21.173+0000] {processor.py:830} INFO - Processing file /home/airflow/.local/lib/python3.12/site-packages/airflow/example_dags/example_xcomargs.py for tasks to queue
[2025-10-17T03:34:21.176+0000] {logging_mixin.py:188} INFO - [2025-10-17T03:34:21.175+0000] {dagbag.py:545} INFO - Filling up the DagBag from /home/airflow/.local/lib/python3.12/site-packages/airflow/example_dags/example_xcomargs.py
[2025-10-17T03:34:21.185+0000] {processor.py:840} INFO - DAG(s) 'example_xcom_args_with_operators', 'example_xcom_args' retrieved from /home/airflow/.local/lib/python3.12/site-packages/airflow/example_dags/example_xcomargs.py
[2025-10-17T03:34:21.211+0000] {logging_mixin.py:188} INFO - [2025-10-17T03:34:21.211+0000] {dag.py:3096} INFO - Sync 2 DAGs
[2025-10-17T03:34:21.224+0000] {logging_mixin.py:188} INFO - [2025-10-17T03:34:21.224+0000] {dag.py:3954} INFO - Setting next_dagrun for example_xcom_args to None, run_after=None
[2025-10-17T03:34:21.229+0000] {logging_mixin.py:188} INFO - [2025-10-17T03:34:21.228+0000] {dag.py:3954} INFO - Setting next_dagrun for example_xcom_args_with_operators to None, run_after=None
[2025-10-17T03:34:21.248+0000] {processor.py:183} INFO - Processing /home/airflow/.local/lib/python3.12/site-packages/airflow/example_dags/example_xcomargs.py took 0.102 seconds
[2025-10-17T03:34:51.444+0000] {processor.py:161} INFO - Started process (PID=4665) to work on /home/airflow/.local/lib/python3.12/site-packages/airflow/example_dags/example_xcomargs.py
[2025-10-17T03:34:51.445+0000] {processor.py:830} INFO - Processing file /home/airflow/.local/lib/python3.12/site-packages/airflow/example_dags/example_xcomargs.py for tasks to queue
[2025-10-17T03:34:51.448+0000] {logging_mixin.py:188} INFO - [2025-10-17T03:34:51.447+0000] {dagbag.py:545} INFO - Filling up the DagBag from /home/airflow/.local/lib/python3.12/site-packages/airflow/example_dags/example_xcomargs.py
[2025-10-17T03:34:51.455+0000] {processor.py:840} INFO - DAG(s) 'example_xcom_args', 'example_xcom_args_with_operators' retrieved from /home/airflow/.local/lib/python3.12/site-packages/airflow/example_dags/example_xcomargs.py
[2025-10-17T03:34:51.477+0000] {logging_mixin.py:188} INFO - [2025-10-17T03:34:51.476+0000] {dag.py:3096} INFO - Sync 2 DAGs
[2025-10-17T03:34:51.488+0000] {logging_mixin.py:188} INFO - [2025-10-17T03:34:51.488+0000] {dag.py:3954} INFO - Setting next_dagrun for example_xcom_args to None, run_after=None
[2025-10-17T03:34:51.492+0000] {logging_mixin.py:188} INFO - [2025-10-17T03:34:51.492+0000] {dag.py:3954} INFO - Setting next_dagrun for example_xcom_args_with_operators to None, run_after=None
[2025-10-17T03:34:51.510+0000] {processor.py:183} INFO - Processing /home/airflow/.local/lib/python3.12/site-packages/airflow/example_dags/example_xcomargs.py took 0.072 seconds
[2025-10-17T03:35:22.014+0000] {processor.py:161} INFO - Started process (PID=4724) to work on /home/airflow/.local/lib/python3.12/site-packages/airflow/example_dags/example_xcomargs.py
[2025-10-17T03:35:22.015+0000] {processor.py:830} INFO - Processing file /home/airflow/.local/lib/python3.12/site-packages/airflow/example_dags/example_xcomargs.py for tasks to queue
[2025-10-17T03:35:22.017+0000] {logging_mixin.py:188} INFO - [2025-10-17T03:35:22.016+0000] {dagbag.py:545} INFO - Filling up the DagBag from /home/airflow/.local/lib/python3.12/site-packages/airflow/example_dags/example_xcomargs.py
[2025-10-17T03:35:22.026+0000] {processor.py:840} INFO - DAG(s) 'example_xcom_args_with_operators', 'example_xcom_args' retrieved from /home/airflow/.local/lib/python3.12/site-packages/airflow/example_dags/example_xcomargs.py
[2025-10-17T03:35:22.048+0000] {logging_mixin.py:188} INFO - [2025-10-17T03:35:22.048+0000] {dag.py:3096} INFO - Sync 2 DAGs
[2025-10-17T03:35:22.065+0000] {logging_mixin.py:188} INFO - [2025-10-17T03:35:22.065+0000] {dag.py:3954} INFO - Setting next_dagrun for example_xcom_args to None, run_after=None
[2025-10-17T03:35:22.069+0000] {logging_mixin.py:188} INFO - [2025-10-17T03:35:22.069+0000] {dag.py:3954} INFO - Setting next_dagrun for example_xcom_args_with_operators to None, run_after=None
[2025-10-17T03:35:22.087+0000] {processor.py:183} INFO - Processing /home/airflow/.local/lib/python3.12/site-packages/airflow/example_dags/example_xcomargs.py took 0.080 seconds
[2025-10-17T03:35:52.410+0000] {processor.py:161} INFO - Started process (PID=4783) to work on /home/airflow/.local/lib/python3.12/site-packages/airflow/example_dags/example_xcomargs.py
[2025-10-17T03:35:52.411+0000] {processor.py:830} INFO - Processing file /home/airflow/.local/lib/python3.12/site-packages/airflow/example_dags/example_xcomargs.py for tasks to queue
[2025-10-17T03:35:52.413+0000] {logging_mixin.py:188} INFO - [2025-10-17T03:35:52.413+0000] {dagbag.py:545} INFO - Filling up the DagBag from /home/airflow/.local/lib/python3.12/site-packages/airflow/example_dags/example_xcomargs.py
[2025-10-17T03:35:52.420+0000] {processor.py:840} INFO - DAG(s) 'example_xcom_args', 'example_xcom_args_with_operators' retrieved from /home/airflow/.local/lib/python3.12/site-packages/airflow/example_dags/example_xcomargs.py
[2025-10-17T03:35:52.441+0000] {logging_mixin.py:188} INFO - [2025-10-17T03:35:52.441+0000] {dag.py:3096} INFO - Sync 2 DAGs
[2025-10-17T03:35:52.452+0000] {logging_mixin.py:188} INFO - [2025-10-17T03:35:52.452+0000] {dag.py:3954} INFO - Setting next_dagrun for example_xcom_args to None, run_after=None
[2025-10-17T03:35:52.456+0000] {logging_mixin.py:188} INFO - [2025-10-17T03:35:52.456+0000] {dag.py:3954} INFO - Setting next_dagrun for example_xcom_args_with_operators to None, run_after=None
[2025-10-17T03:35:52.471+0000] {processor.py:183} INFO - Processing /home/airflow/.local/lib/python3.12/site-packages/airflow/example_dags/example_xcomargs.py took 0.066 seconds
[2025-10-17T03:36:22.781+0000] {processor.py:161} INFO - Started process (PID=4842) to work on /home/airflow/.local/lib/python3.12/site-packages/airflow/example_dags/example_xcomargs.py
[2025-10-17T03:36:22.782+0000] {processor.py:830} INFO - Processing file /home/airflow/.local/lib/python3.12/site-packages/airflow/example_dags/example_xcomargs.py for tasks to queue
[2025-10-17T03:36:22.784+0000] {logging_mixin.py:188} INFO - [2025-10-17T03:36:22.783+0000] {dagbag.py:545} INFO - Filling up the DagBag from /home/airflow/.local/lib/python3.12/site-packages/airflow/example_dags/example_xcomargs.py
[2025-10-17T03:36:22.791+0000] {processor.py:840} INFO - DAG(s) 'example_xcom_args', 'example_xcom_args_with_operators' retrieved from /home/airflow/.local/lib/python3.12/site-packages/airflow/example_dags/example_xcomargs.py
[2025-10-17T03:36:22.810+0000] {logging_mixin.py:188} INFO - [2025-10-17T03:36:22.810+0000] {dag.py:3096} INFO - Sync 2 DAGs
[2025-10-17T03:36:22.821+0000] {logging_mixin.py:188} INFO - [2025-10-17T03:36:22.821+0000] {dag.py:3954} INFO - Setting next_dagrun for example_xcom_args to None, run_after=None
[2025-10-17T03:36:22.824+0000] {logging_mixin.py:188} INFO - [2025-10-17T03:36:22.824+0000] {dag.py:3954} INFO - Setting next_dagrun for example_xcom_args_with_operators to None, run_after=None
[2025-10-17T03:36:22.840+0000] {processor.py:183} INFO - Processing /home/airflow/.local/lib/python3.12/site-packages/airflow/example_dags/example_xcomargs.py took 0.065 seconds
[2025-10-17T03:36:52.981+0000] {processor.py:161} INFO - Started process (PID=4901) to work on /home/airflow/.local/lib/python3.12/site-packages/airflow/example_dags/example_xcomargs.py
[2025-10-17T03:36:52.982+0000] {processor.py:830} INFO - Processing file /home/airflow/.local/lib/python3.12/site-packages/airflow/example_dags/example_xcomargs.py for tasks to queue
[2025-10-17T03:36:52.984+0000] {logging_mixin.py:188} INFO - [2025-10-17T03:36:52.984+0000] {dagbag.py:545} INFO - Filling up the DagBag from /home/airflow/.local/lib/python3.12/site-packages/airflow/example_dags/example_xcomargs.py
[2025-10-17T03:36:52.992+0000] {processor.py:840} INFO - DAG(s) 'example_xcom_args_with_operators', 'example_xcom_args' retrieved from /home/airflow/.local/lib/python3.12/site-packages/airflow/example_dags/example_xcomargs.py
[2025-10-17T03:36:53.023+0000] {logging_mixin.py:188} INFO - [2025-10-17T03:36:53.023+0000] {dag.py:3096} INFO - Sync 2 DAGs
[2025-10-17T03:36:53.035+0000] {logging_mixin.py:188} INFO - [2025-10-17T03:36:53.035+0000] {dag.py:3954} INFO - Setting next_dagrun for example_xcom_args to None, run_after=None
[2025-10-17T03:36:53.039+0000] {logging_mixin.py:188} INFO - [2025-10-17T03:36:53.039+0000] {dag.py:3954} INFO - Setting next_dagrun for example_xcom_args_with_operators to None, run_after=None
[2025-10-17T03:36:53.057+0000] {processor.py:183} INFO - Processing /home/airflow/.local/lib/python3.12/site-packages/airflow/example_dags/example_xcomargs.py took 0.082 seconds
[2025-10-17T03:37:23.435+0000] {processor.py:161} INFO - Started process (PID=4960) to work on /home/airflow/.local/lib/python3.12/site-packages/airflow/example_dags/example_xcomargs.py
[2025-10-17T03:37:23.436+0000] {processor.py:830} INFO - Processing file /home/airflow/.local/lib/python3.12/site-packages/airflow/example_dags/example_xcomargs.py for tasks to queue
[2025-10-17T03:37:23.438+0000] {logging_mixin.py:188} INFO - [2025-10-17T03:37:23.438+0000] {dagbag.py:545} INFO - Filling up the DagBag from /home/airflow/.local/lib/python3.12/site-packages/airflow/example_dags/example_xcomargs.py
[2025-10-17T03:37:23.446+0000] {processor.py:840} INFO - DAG(s) 'example_xcom_args', 'example_xcom_args_with_operators' retrieved from /home/airflow/.local/lib/python3.12/site-packages/airflow/example_dags/example_xcomargs.py
[2025-10-17T03:37:23.468+0000] {logging_mixin.py:188} INFO - [2025-10-17T03:37:23.467+0000] {dag.py:3096} INFO - Sync 2 DAGs
[2025-10-17T03:37:23.480+0000] {logging_mixin.py:188} INFO - [2025-10-17T03:37:23.480+0000] {dag.py:3954} INFO - Setting next_dagrun for example_xcom_args to None, run_after=None
[2025-10-17T03:37:23.484+0000] {logging_mixin.py:188} INFO - [2025-10-17T03:37:23.484+0000] {dag.py:3954} INFO - Setting next_dagrun for example_xcom_args_with_operators to None, run_after=None
[2025-10-17T03:37:23.501+0000] {processor.py:183} INFO - Processing /home/airflow/.local/lib/python3.12/site-packages/airflow/example_dags/example_xcomargs.py took 0.071 seconds
[2025-10-17T03:37:54.197+0000] {processor.py:161} INFO - Started process (PID=5019) to work on /home/airflow/.local/lib/python3.12/site-packages/airflow/example_dags/example_xcomargs.py
[2025-10-17T03:37:54.198+0000] {processor.py:830} INFO - Processing file /home/airflow/.local/lib/python3.12/site-packages/airflow/example_dags/example_xcomargs.py for tasks to queue
[2025-10-17T03:37:54.201+0000] {logging_mixin.py:188} INFO - [2025-10-17T03:37:54.200+0000] {dagbag.py:545} INFO - Filling up the DagBag from /home/airflow/.local/lib/python3.12/site-packages/airflow/example_dags/example_xcomargs.py
[2025-10-17T03:37:54.208+0000] {processor.py:840} INFO - DAG(s) 'example_xcom_args_with_operators', 'example_xcom_args' retrieved from /home/airflow/.local/lib/python3.12/site-packages/airflow/example_dags/example_xcomargs.py
[2025-10-17T03:37:54.229+0000] {logging_mixin.py:188} INFO - [2025-10-17T03:37:54.228+0000] {dag.py:3096} INFO - Sync 2 DAGs
[2025-10-17T03:37:54.241+0000] {logging_mixin.py:188} INFO - [2025-10-17T03:37:54.241+0000] {dag.py:3954} INFO - Setting next_dagrun for example_xcom_args to None, run_after=None
[2025-10-17T03:37:54.245+0000] {logging_mixin.py:188} INFO - [2025-10-17T03:37:54.245+0000] {dag.py:3954} INFO - Setting next_dagrun for example_xcom_args_with_operators to None, run_after=None
[2025-10-17T03:37:54.260+0000] {processor.py:183} INFO - Processing /home/airflow/.local/lib/python3.12/site-packages/airflow/example_dags/example_xcomargs.py took 0.069 seconds
[2025-10-17T03:38:24.531+0000] {processor.py:161} INFO - Started process (PID=5078) to work on /home/airflow/.local/lib/python3.12/site-packages/airflow/example_dags/example_xcomargs.py
[2025-10-17T03:38:24.532+0000] {processor.py:830} INFO - Processing file /home/airflow/.local/lib/python3.12/site-packages/airflow/example_dags/example_xcomargs.py for tasks to queue
[2025-10-17T03:38:24.534+0000] {logging_mixin.py:188} INFO - [2025-10-17T03:38:24.534+0000] {dagbag.py:545} INFO - Filling up the DagBag from /home/airflow/.local/lib/python3.12/site-packages/airflow/example_dags/example_xcomargs.py
[2025-10-17T03:38:24.541+0000] {processor.py:840} INFO - DAG(s) 'example_xcom_args', 'example_xcom_args_with_operators' retrieved from /home/airflow/.local/lib/python3.12/site-packages/airflow/example_dags/example_xcomargs.py
[2025-10-17T03:38:24.562+0000] {logging_mixin.py:188} INFO - [2025-10-17T03:38:24.561+0000] {dag.py:3096} INFO - Sync 2 DAGs
[2025-10-17T03:38:24.573+0000] {logging_mixin.py:188} INFO - [2025-10-17T03:38:24.572+0000] {dag.py:3954} INFO - Setting next_dagrun for example_xcom_args to None, run_after=None
[2025-10-17T03:38:24.576+0000] {logging_mixin.py:188} INFO - [2025-10-17T03:38:24.576+0000] {dag.py:3954} INFO - Setting next_dagrun for example_xcom_args_with_operators to None, run_after=None
[2025-10-17T03:38:24.594+0000] {processor.py:183} INFO - Processing /home/airflow/.local/lib/python3.12/site-packages/airflow/example_dags/example_xcomargs.py took 0.068 seconds
[2025-10-17T03:38:55.049+0000] {processor.py:161} INFO - Started process (PID=5137) to work on /home/airflow/.local/lib/python3.12/site-packages/airflow/example_dags/example_xcomargs.py
[2025-10-17T03:38:55.051+0000] {processor.py:830} INFO - Processing file /home/airflow/.local/lib/python3.12/site-packages/airflow/example_dags/example_xcomargs.py for tasks to queue
[2025-10-17T03:38:55.053+0000] {logging_mixin.py:188} INFO - [2025-10-17T03:38:55.053+0000] {dagbag.py:545} INFO - Filling up the DagBag from /home/airflow/.local/lib/python3.12/site-packages/airflow/example_dags/example_xcomargs.py
[2025-10-17T03:38:55.062+0000] {processor.py:840} INFO - DAG(s) 'example_xcom_args', 'example_xcom_args_with_operators' retrieved from /home/airflow/.local/lib/python3.12/site-packages/airflow/example_dags/example_xcomargs.py
[2025-10-17T03:38:55.086+0000] {logging_mixin.py:188} INFO - [2025-10-17T03:38:55.086+0000] {dag.py:3096} INFO - Sync 2 DAGs
[2025-10-17T03:38:55.099+0000] {logging_mixin.py:188} INFO - [2025-10-17T03:38:55.099+0000] {dag.py:3954} INFO - Setting next_dagrun for example_xcom_args to None, run_after=None
[2025-10-17T03:38:55.103+0000] {logging_mixin.py:188} INFO - [2025-10-17T03:38:55.102+0000] {dag.py:3954} INFO - Setting next_dagrun for example_xcom_args_with_operators to None, run_after=None
[2025-10-17T03:38:55.119+0000] {processor.py:183} INFO - Processing /home/airflow/.local/lib/python3.12/site-packages/airflow/example_dags/example_xcomargs.py took 0.076 seconds
[2025-10-17T03:39:25.413+0000] {processor.py:161} INFO - Started process (PID=5196) to work on /home/airflow/.local/lib/python3.12/site-packages/airflow/example_dags/example_xcomargs.py
[2025-10-17T03:39:25.413+0000] {processor.py:830} INFO - Processing file /home/airflow/.local/lib/python3.12/site-packages/airflow/example_dags/example_xcomargs.py for tasks to queue
[2025-10-17T03:39:25.415+0000] {logging_mixin.py:188} INFO - [2025-10-17T03:39:25.415+0000] {dagbag.py:545} INFO - Filling up the DagBag from /home/airflow/.local/lib/python3.12/site-packages/airflow/example_dags/example_xcomargs.py
[2025-10-17T03:39:25.422+0000] {processor.py:840} INFO - DAG(s) 'example_xcom_args', 'example_xcom_args_with_operators' retrieved from /home/airflow/.local/lib/python3.12/site-packages/airflow/example_dags/example_xcomargs.py
[2025-10-17T03:39:25.444+0000] {logging_mixin.py:188} INFO - [2025-10-17T03:39:25.443+0000] {dag.py:3096} INFO - Sync 2 DAGs
[2025-10-17T03:39:25.454+0000] {logging_mixin.py:188} INFO - [2025-10-17T03:39:25.454+0000] {dag.py:3954} INFO - Setting next_dagrun for example_xcom_args to None, run_after=None
[2025-10-17T03:39:25.458+0000] {logging_mixin.py:188} INFO - [2025-10-17T03:39:25.458+0000] {dag.py:3954} INFO - Setting next_dagrun for example_xcom_args_with_operators to None, run_after=None
[2025-10-17T03:39:25.476+0000] {processor.py:183} INFO - Processing /home/airflow/.local/lib/python3.12/site-packages/airflow/example_dags/example_xcomargs.py took 0.068 seconds
[2025-10-17T03:39:55.748+0000] {processor.py:161} INFO - Started process (PID=5255) to work on /home/airflow/.local/lib/python3.12/site-packages/airflow/example_dags/example_xcomargs.py
[2025-10-17T03:39:55.749+0000] {processor.py:830} INFO - Processing file /home/airflow/.local/lib/python3.12/site-packages/airflow/example_dags/example_xcomargs.py for tasks to queue
[2025-10-17T03:39:55.751+0000] {logging_mixin.py:188} INFO - [2025-10-17T03:39:55.751+0000] {dagbag.py:545} INFO - Filling up the DagBag from /home/airflow/.local/lib/python3.12/site-packages/airflow/example_dags/example_xcomargs.py
[2025-10-17T03:39:55.758+0000] {processor.py:840} INFO - DAG(s) 'example_xcom_args', 'example_xcom_args_with_operators' retrieved from /home/airflow/.local/lib/python3.12/site-packages/airflow/example_dags/example_xcomargs.py
[2025-10-17T03:39:55.782+0000] {logging_mixin.py:188} INFO - [2025-10-17T03:39:55.781+0000] {dag.py:3096} INFO - Sync 2 DAGs
[2025-10-17T03:39:55.792+0000] {logging_mixin.py:188} INFO - [2025-10-17T03:39:55.792+0000] {dag.py:3954} INFO - Setting next_dagrun for example_xcom_args to None, run_after=None
[2025-10-17T03:39:55.796+0000] {logging_mixin.py:188} INFO - [2025-10-17T03:39:55.796+0000] {dag.py:3954} INFO - Setting next_dagrun for example_xcom_args_with_operators to None, run_after=None
[2025-10-17T03:39:55.814+0000] {processor.py:183} INFO - Processing /home/airflow/.local/lib/python3.12/site-packages/airflow/example_dags/example_xcomargs.py took 0.070 seconds
[2025-10-17T03:40:25.949+0000] {processor.py:161} INFO - Started process (PID=5314) to work on /home/airflow/.local/lib/python3.12/site-packages/airflow/example_dags/example_xcomargs.py
[2025-10-17T03:40:25.950+0000] {processor.py:830} INFO - Processing file /home/airflow/.local/lib/python3.12/site-packages/airflow/example_dags/example_xcomargs.py for tasks to queue
[2025-10-17T03:40:25.952+0000] {logging_mixin.py:188} INFO - [2025-10-17T03:40:25.952+0000] {dagbag.py:545} INFO - Filling up the DagBag from /home/airflow/.local/lib/python3.12/site-packages/airflow/example_dags/example_xcomargs.py
[2025-10-17T03:40:25.959+0000] {processor.py:840} INFO - DAG(s) 'example_xcom_args_with_operators', 'example_xcom_args' retrieved from /home/airflow/.local/lib/python3.12/site-packages/airflow/example_dags/example_xcomargs.py
[2025-10-17T03:40:25.980+0000] {logging_mixin.py:188} INFO - [2025-10-17T03:40:25.979+0000] {dag.py:3096} INFO - Sync 2 DAGs
[2025-10-17T03:40:25.990+0000] {logging_mixin.py:188} INFO - [2025-10-17T03:40:25.990+0000] {dag.py:3954} INFO - Setting next_dagrun for example_xcom_args to None, run_after=None
[2025-10-17T03:40:25.995+0000] {logging_mixin.py:188} INFO - [2025-10-17T03:40:25.995+0000] {dag.py:3954} INFO - Setting next_dagrun for example_xcom_args_with_operators to None, run_after=None
[2025-10-17T03:40:26.010+0000] {processor.py:183} INFO - Processing /home/airflow/.local/lib/python3.12/site-packages/airflow/example_dags/example_xcomargs.py took 0.066 seconds
[2025-10-17T03:40:56.355+0000] {processor.py:161} INFO - Started process (PID=5373) to work on /home/airflow/.local/lib/python3.12/site-packages/airflow/example_dags/example_xcomargs.py
[2025-10-17T03:40:56.356+0000] {processor.py:830} INFO - Processing file /home/airflow/.local/lib/python3.12/site-packages/airflow/example_dags/example_xcomargs.py for tasks to queue
[2025-10-17T03:40:56.358+0000] {logging_mixin.py:188} INFO - [2025-10-17T03:40:56.358+0000] {dagbag.py:545} INFO - Filling up the DagBag from /home/airflow/.local/lib/python3.12/site-packages/airflow/example_dags/example_xcomargs.py
[2025-10-17T03:40:56.365+0000] {processor.py:840} INFO - DAG(s) 'example_xcom_args_with_operators', 'example_xcom_args' retrieved from /home/airflow/.local/lib/python3.12/site-packages/airflow/example_dags/example_xcomargs.py
[2025-10-17T03:40:56.388+0000] {logging_mixin.py:188} INFO - [2025-10-17T03:40:56.388+0000] {dag.py:3096} INFO - Sync 2 DAGs
[2025-10-17T03:40:56.401+0000] {logging_mixin.py:188} INFO - [2025-10-17T03:40:56.400+0000] {dag.py:3954} INFO - Setting next_dagrun for example_xcom_args to None, run_after=None
[2025-10-17T03:40:56.405+0000] {logging_mixin.py:188} INFO - [2025-10-17T03:40:56.405+0000] {dag.py:3954} INFO - Setting next_dagrun for example_xcom_args_with_operators to None, run_after=None
[2025-10-17T03:40:56.424+0000] {processor.py:183} INFO - Processing /home/airflow/.local/lib/python3.12/site-packages/airflow/example_dags/example_xcomargs.py took 0.075 seconds
[2025-10-17T03:41:27.210+0000] {processor.py:161} INFO - Started process (PID=5432) to work on /home/airflow/.local/lib/python3.12/site-packages/airflow/example_dags/example_xcomargs.py
[2025-10-17T03:41:27.211+0000] {processor.py:830} INFO - Processing file /home/airflow/.local/lib/python3.12/site-packages/airflow/example_dags/example_xcomargs.py for tasks to queue
[2025-10-17T03:41:27.213+0000] {logging_mixin.py:188} INFO - [2025-10-17T03:41:27.213+0000] {dagbag.py:545} INFO - Filling up the DagBag from /home/airflow/.local/lib/python3.12/site-packages/airflow/example_dags/example_xcomargs.py
[2025-10-17T03:41:27.222+0000] {processor.py:840} INFO - DAG(s) 'example_xcom_args', 'example_xcom_args_with_operators' retrieved from /home/airflow/.local/lib/python3.12/site-packages/airflow/example_dags/example_xcomargs.py
[2025-10-17T03:41:27.244+0000] {logging_mixin.py:188} INFO - [2025-10-17T03:41:27.243+0000] {dag.py:3096} INFO - Sync 2 DAGs
[2025-10-17T03:41:27.254+0000] {logging_mixin.py:188} INFO - [2025-10-17T03:41:27.254+0000] {dag.py:3954} INFO - Setting next_dagrun for example_xcom_args to None, run_after=None
[2025-10-17T03:41:27.258+0000] {logging_mixin.py:188} INFO - [2025-10-17T03:41:27.258+0000] {dag.py:3954} INFO - Setting next_dagrun for example_xcom_args_with_operators to None, run_after=None
[2025-10-17T03:41:27.274+0000] {processor.py:183} INFO - Processing /home/airflow/.local/lib/python3.12/site-packages/airflow/example_dags/example_xcomargs.py took 0.070 seconds
[2025-10-17T03:41:57.517+0000] {processor.py:161} INFO - Started process (PID=5491) to work on /home/airflow/.local/lib/python3.12/site-packages/airflow/example_dags/example_xcomargs.py
[2025-10-17T03:41:57.518+0000] {processor.py:830} INFO - Processing file /home/airflow/.local/lib/python3.12/site-packages/airflow/example_dags/example_xcomargs.py for tasks to queue
[2025-10-17T03:41:57.520+0000] {logging_mixin.py:188} INFO - [2025-10-17T03:41:57.520+0000] {dagbag.py:545} INFO - Filling up the DagBag from /home/airflow/.local/lib/python3.12/site-packages/airflow/example_dags/example_xcomargs.py
[2025-10-17T03:41:57.528+0000] {processor.py:840} INFO - DAG(s) 'example_xcom_args', 'example_xcom_args_with_operators' retrieved from /home/airflow/.local/lib/python3.12/site-packages/airflow/example_dags/example_xcomargs.py
[2025-10-17T03:41:57.549+0000] {logging_mixin.py:188} INFO - [2025-10-17T03:41:57.549+0000] {dag.py:3096} INFO - Sync 2 DAGs
[2025-10-17T03:41:57.561+0000] {logging_mixin.py:188} INFO - [2025-10-17T03:41:57.560+0000] {dag.py:3954} INFO - Setting next_dagrun for example_xcom_args to None, run_after=None
[2025-10-17T03:41:57.565+0000] {logging_mixin.py:188} INFO - [2025-10-17T03:41:57.565+0000] {dag.py:3954} INFO - Setting next_dagrun for example_xcom_args_with_operators to None, run_after=None
[2025-10-17T03:41:57.583+0000] {processor.py:183} INFO - Processing /home/airflow/.local/lib/python3.12/site-packages/airflow/example_dags/example_xcomargs.py took 0.071 seconds
[2025-10-17T03:42:28.191+0000] {processor.py:161} INFO - Started process (PID=5550) to work on /home/airflow/.local/lib/python3.12/site-packages/airflow/example_dags/example_xcomargs.py
[2025-10-17T03:42:28.192+0000] {processor.py:830} INFO - Processing file /home/airflow/.local/lib/python3.12/site-packages/airflow/example_dags/example_xcomargs.py for tasks to queue
[2025-10-17T03:42:28.194+0000] {logging_mixin.py:188} INFO - [2025-10-17T03:42:28.194+0000] {dagbag.py:545} INFO - Filling up the DagBag from /home/airflow/.local/lib/python3.12/site-packages/airflow/example_dags/example_xcomargs.py
[2025-10-17T03:42:28.201+0000] {processor.py:840} INFO - DAG(s) 'example_xcom_args', 'example_xcom_args_with_operators' retrieved from /home/airflow/.local/lib/python3.12/site-packages/airflow/example_dags/example_xcomargs.py
[2025-10-17T03:42:28.222+0000] {logging_mixin.py:188} INFO - [2025-10-17T03:42:28.222+0000] {dag.py:3096} INFO - Sync 2 DAGs
[2025-10-17T03:42:28.233+0000] {logging_mixin.py:188} INFO - [2025-10-17T03:42:28.232+0000] {dag.py:3954} INFO - Setting next_dagrun for example_xcom_args to None, run_after=None
[2025-10-17T03:42:28.236+0000] {logging_mixin.py:188} INFO - [2025-10-17T03:42:28.236+0000] {dag.py:3954} INFO - Setting next_dagrun for example_xcom_args_with_operators to None, run_after=None
[2025-10-17T03:42:28.253+0000] {processor.py:183} INFO - Processing /home/airflow/.local/lib/python3.12/site-packages/airflow/example_dags/example_xcomargs.py took 0.066 seconds
[2025-10-17T03:42:58.511+0000] {processor.py:161} INFO - Started process (PID=5609) to work on /home/airflow/.local/lib/python3.12/site-packages/airflow/example_dags/example_xcomargs.py
[2025-10-17T03:42:58.512+0000] {processor.py:830} INFO - Processing file /home/airflow/.local/lib/python3.12/site-packages/airflow/example_dags/example_xcomargs.py for tasks to queue
[2025-10-17T03:42:58.514+0000] {logging_mixin.py:188} INFO - [2025-10-17T03:42:58.514+0000] {dagbag.py:545} INFO - Filling up the DagBag from /home/airflow/.local/lib/python3.12/site-packages/airflow/example_dags/example_xcomargs.py
[2025-10-17T03:42:58.521+0000] {processor.py:840} INFO - DAG(s) 'example_xcom_args_with_operators', 'example_xcom_args' retrieved from /home/airflow/.local/lib/python3.12/site-packages/airflow/example_dags/example_xcomargs.py
[2025-10-17T03:42:58.543+0000] {logging_mixin.py:188} INFO - [2025-10-17T03:42:58.542+0000] {dag.py:3096} INFO - Sync 2 DAGs
[2025-10-17T03:42:58.554+0000] {logging_mixin.py:188} INFO - [2025-10-17T03:42:58.554+0000] {dag.py:3954} INFO - Setting next_dagrun for example_xcom_args to None, run_after=None
[2025-10-17T03:42:58.560+0000] {logging_mixin.py:188} INFO - [2025-10-17T03:42:58.560+0000] {dag.py:3954} INFO - Setting next_dagrun for example_xcom_args_with_operators to None, run_after=None
[2025-10-17T03:42:58.573+0000] {processor.py:183} INFO - Processing /home/airflow/.local/lib/python3.12/site-packages/airflow/example_dags/example_xcomargs.py took 0.067 seconds
[2025-10-17T03:43:28.954+0000] {processor.py:161} INFO - Started process (PID=5668) to work on /home/airflow/.local/lib/python3.12/site-packages/airflow/example_dags/example_xcomargs.py
[2025-10-17T03:43:28.955+0000] {processor.py:830} INFO - Processing file /home/airflow/.local/lib/python3.12/site-packages/airflow/example_dags/example_xcomargs.py for tasks to queue
[2025-10-17T03:43:28.957+0000] {logging_mixin.py:188} INFO - [2025-10-17T03:43:28.957+0000] {dagbag.py:545} INFO - Filling up the DagBag from /home/airflow/.local/lib/python3.12/site-packages/airflow/example_dags/example_xcomargs.py
[2025-10-17T03:43:28.965+0000] {processor.py:840} INFO - DAG(s) 'example_xcom_args', 'example_xcom_args_with_operators' retrieved from /home/airflow/.local/lib/python3.12/site-packages/airflow/example_dags/example_xcomargs.py
[2025-10-17T03:43:28.991+0000] {logging_mixin.py:188} INFO - [2025-10-17T03:43:28.991+0000] {dag.py:3096} INFO - Sync 2 DAGs
[2025-10-17T03:43:29.003+0000] {logging_mixin.py:188} INFO - [2025-10-17T03:43:29.002+0000] {dag.py:3954} INFO - Setting next_dagrun for example_xcom_args to None, run_after=None
[2025-10-17T03:43:29.007+0000] {logging_mixin.py:188} INFO - [2025-10-17T03:43:29.006+0000] {dag.py:3954} INFO - Setting next_dagrun for example_xcom_args_with_operators to None, run_after=None
[2025-10-17T03:43:29.023+0000] {processor.py:183} INFO - Processing /home/airflow/.local/lib/python3.12/site-packages/airflow/example_dags/example_xcomargs.py took 0.074 seconds
[2025-10-17T03:43:59.551+0000] {processor.py:161} INFO - Started process (PID=5727) to work on /home/airflow/.local/lib/python3.12/site-packages/airflow/example_dags/example_xcomargs.py
[2025-10-17T03:43:59.553+0000] {processor.py:830} INFO - Processing file /home/airflow/.local/lib/python3.12/site-packages/airflow/example_dags/example_xcomargs.py for tasks to queue
[2025-10-17T03:43:59.555+0000] {logging_mixin.py:188} INFO - [2025-10-17T03:43:59.555+0000] {dagbag.py:545} INFO - Filling up the DagBag from /home/airflow/.local/lib/python3.12/site-packages/airflow/example_dags/example_xcomargs.py
[2025-10-17T03:43:59.564+0000] {processor.py:840} INFO - DAG(s) 'example_xcom_args_with_operators', 'example_xcom_args' retrieved from /home/airflow/.local/lib/python3.12/site-packages/airflow/example_dags/example_xcomargs.py
[2025-10-17T03:43:59.587+0000] {logging_mixin.py:188} INFO - [2025-10-17T03:43:59.587+0000] {dag.py:3096} INFO - Sync 2 DAGs
[2025-10-17T03:43:59.599+0000] {logging_mixin.py:188} INFO - [2025-10-17T03:43:59.598+0000] {dag.py:3954} INFO - Setting next_dagrun for example_xcom_args to None, run_after=None
[2025-10-17T03:43:59.602+0000] {logging_mixin.py:188} INFO - [2025-10-17T03:43:59.602+0000] {dag.py:3954} INFO - Setting next_dagrun for example_xcom_args_with_operators to None, run_after=None
[2025-10-17T03:43:59.620+0000] {processor.py:183} INFO - Processing /home/airflow/.local/lib/python3.12/site-packages/airflow/example_dags/example_xcomargs.py took 0.075 seconds
[2025-10-17T03:44:29.905+0000] {processor.py:161} INFO - Started process (PID=5787) to work on /home/airflow/.local/lib/python3.12/site-packages/airflow/example_dags/example_xcomargs.py
[2025-10-17T03:44:29.906+0000] {processor.py:830} INFO - Processing file /home/airflow/.local/lib/python3.12/site-packages/airflow/example_dags/example_xcomargs.py for tasks to queue
[2025-10-17T03:44:29.909+0000] {logging_mixin.py:188} INFO - [2025-10-17T03:44:29.909+0000] {dagbag.py:545} INFO - Filling up the DagBag from /home/airflow/.local/lib/python3.12/site-packages/airflow/example_dags/example_xcomargs.py
[2025-10-17T03:44:29.917+0000] {processor.py:840} INFO - DAG(s) 'example_xcom_args', 'example_xcom_args_with_operators' retrieved from /home/airflow/.local/lib/python3.12/site-packages/airflow/example_dags/example_xcomargs.py
[2025-10-17T03:44:29.936+0000] {logging_mixin.py:188} INFO - [2025-10-17T03:44:29.936+0000] {dag.py:3096} INFO - Sync 2 DAGs
[2025-10-17T03:44:29.948+0000] {logging_mixin.py:188} INFO - [2025-10-17T03:44:29.947+0000] {dag.py:3954} INFO - Setting next_dagrun for example_xcom_args to None, run_after=None
[2025-10-17T03:44:29.951+0000] {logging_mixin.py:188} INFO - [2025-10-17T03:44:29.951+0000] {dag.py:3954} INFO - Setting next_dagrun for example_xcom_args_with_operators to None, run_after=None
[2025-10-17T03:44:29.965+0000] {processor.py:183} INFO - Processing /home/airflow/.local/lib/python3.12/site-packages/airflow/example_dags/example_xcomargs.py took 0.067 seconds
[2025-10-17T03:45:00.502+0000] {processor.py:161} INFO - Started process (PID=5846) to work on /home/airflow/.local/lib/python3.12/site-packages/airflow/example_dags/example_xcomargs.py
[2025-10-17T03:45:00.504+0000] {processor.py:830} INFO - Processing file /home/airflow/.local/lib/python3.12/site-packages/airflow/example_dags/example_xcomargs.py for tasks to queue
[2025-10-17T03:45:00.508+0000] {logging_mixin.py:188} INFO - [2025-10-17T03:45:00.507+0000] {dagbag.py:545} INFO - Filling up the DagBag from /home/airflow/.local/lib/python3.12/site-packages/airflow/example_dags/example_xcomargs.py
[2025-10-17T03:45:00.533+0000] {processor.py:840} INFO - DAG(s) 'example_xcom_args_with_operators', 'example_xcom_args' retrieved from /home/airflow/.local/lib/python3.12/site-packages/airflow/example_dags/example_xcomargs.py
[2025-10-17T03:45:00.615+0000] {logging_mixin.py:188} INFO - [2025-10-17T03:45:00.615+0000] {dag.py:3096} INFO - Sync 2 DAGs
[2025-10-17T03:45:00.672+0000] {logging_mixin.py:188} INFO - [2025-10-17T03:45:00.672+0000] {dag.py:3954} INFO - Setting next_dagrun for example_xcom_args to None, run_after=None
[2025-10-17T03:45:00.690+0000] {logging_mixin.py:188} INFO - [2025-10-17T03:45:00.681+0000] {dag.py:3954} INFO - Setting next_dagrun for example_xcom_args_with_operators to None, run_after=None
[2025-10-17T03:45:00.765+0000] {processor.py:183} INFO - Processing /home/airflow/.local/lib/python3.12/site-packages/airflow/example_dags/example_xcomargs.py took 0.282 seconds
[2025-10-17T03:45:30.989+0000] {processor.py:161} INFO - Started process (PID=5905) to work on /home/airflow/.local/lib/python3.12/site-packages/airflow/example_dags/example_xcomargs.py
[2025-10-17T03:45:30.990+0000] {processor.py:830} INFO - Processing file /home/airflow/.local/lib/python3.12/site-packages/airflow/example_dags/example_xcomargs.py for tasks to queue
[2025-10-17T03:45:30.992+0000] {logging_mixin.py:188} INFO - [2025-10-17T03:45:30.992+0000] {dagbag.py:545} INFO - Filling up the DagBag from /home/airflow/.local/lib/python3.12/site-packages/airflow/example_dags/example_xcomargs.py
[2025-10-17T03:45:31.001+0000] {processor.py:840} INFO - DAG(s) 'example_xcom_args_with_operators', 'example_xcom_args' retrieved from /home/airflow/.local/lib/python3.12/site-packages/airflow/example_dags/example_xcomargs.py
[2025-10-17T03:45:31.030+0000] {logging_mixin.py:188} INFO - [2025-10-17T03:45:31.030+0000] {dag.py:3096} INFO - Sync 2 DAGs
[2025-10-17T03:45:31.044+0000] {logging_mixin.py:188} INFO - [2025-10-17T03:45:31.044+0000] {dag.py:3954} INFO - Setting next_dagrun for example_xcom_args to None, run_after=None
[2025-10-17T03:45:31.048+0000] {logging_mixin.py:188} INFO - [2025-10-17T03:45:31.048+0000] {dag.py:3954} INFO - Setting next_dagrun for example_xcom_args_with_operators to None, run_after=None
[2025-10-17T03:45:31.078+0000] {processor.py:183} INFO - Processing /home/airflow/.local/lib/python3.12/site-packages/airflow/example_dags/example_xcomargs.py took 0.097 seconds
[2025-10-17T03:46:01.444+0000] {processor.py:161} INFO - Started process (PID=5964) to work on /home/airflow/.local/lib/python3.12/site-packages/airflow/example_dags/example_xcomargs.py
[2025-10-17T03:46:01.445+0000] {processor.py:830} INFO - Processing file /home/airflow/.local/lib/python3.12/site-packages/airflow/example_dags/example_xcomargs.py for tasks to queue
[2025-10-17T03:46:01.447+0000] {logging_mixin.py:188} INFO - [2025-10-17T03:46:01.447+0000] {dagbag.py:545} INFO - Filling up the DagBag from /home/airflow/.local/lib/python3.12/site-packages/airflow/example_dags/example_xcomargs.py
[2025-10-17T03:46:01.456+0000] {processor.py:840} INFO - DAG(s) 'example_xcom_args', 'example_xcom_args_with_operators' retrieved from /home/airflow/.local/lib/python3.12/site-packages/airflow/example_dags/example_xcomargs.py
[2025-10-17T03:46:01.478+0000] {logging_mixin.py:188} INFO - [2025-10-17T03:46:01.478+0000] {dag.py:3096} INFO - Sync 2 DAGs
[2025-10-17T03:46:01.492+0000] {logging_mixin.py:188} INFO - [2025-10-17T03:46:01.492+0000] {dag.py:3954} INFO - Setting next_dagrun for example_xcom_args to None, run_after=None
[2025-10-17T03:46:01.496+0000] {logging_mixin.py:188} INFO - [2025-10-17T03:46:01.496+0000] {dag.py:3954} INFO - Setting next_dagrun for example_xcom_args_with_operators to None, run_after=None
[2025-10-17T03:46:01.513+0000] {processor.py:183} INFO - Processing /home/airflow/.local/lib/python3.12/site-packages/airflow/example_dags/example_xcomargs.py took 0.075 seconds
[2025-10-17T03:46:31.871+0000] {processor.py:161} INFO - Started process (PID=6023) to work on /home/airflow/.local/lib/python3.12/site-packages/airflow/example_dags/example_xcomargs.py
[2025-10-17T03:46:31.872+0000] {processor.py:830} INFO - Processing file /home/airflow/.local/lib/python3.12/site-packages/airflow/example_dags/example_xcomargs.py for tasks to queue
[2025-10-17T03:46:31.874+0000] {logging_mixin.py:188} INFO - [2025-10-17T03:46:31.874+0000] {dagbag.py:545} INFO - Filling up the DagBag from /home/airflow/.local/lib/python3.12/site-packages/airflow/example_dags/example_xcomargs.py
[2025-10-17T03:46:31.882+0000] {processor.py:840} INFO - DAG(s) 'example_xcom_args_with_operators', 'example_xcom_args' retrieved from /home/airflow/.local/lib/python3.12/site-packages/airflow/example_dags/example_xcomargs.py
[2025-10-17T03:46:31.903+0000] {logging_mixin.py:188} INFO - [2025-10-17T03:46:31.903+0000] {dag.py:3096} INFO - Sync 2 DAGs
[2025-10-17T03:46:31.915+0000] {logging_mixin.py:188} INFO - [2025-10-17T03:46:31.915+0000] {dag.py:3954} INFO - Setting next_dagrun for example_xcom_args to None, run_after=None
[2025-10-17T03:46:31.919+0000] {logging_mixin.py:188} INFO - [2025-10-17T03:46:31.919+0000] {dag.py:3954} INFO - Setting next_dagrun for example_xcom_args_with_operators to None, run_after=None
[2025-10-17T03:46:31.936+0000] {processor.py:183} INFO - Processing /home/airflow/.local/lib/python3.12/site-packages/airflow/example_dags/example_xcomargs.py took 0.071 seconds
[2025-10-17T03:47:02.088+0000] {processor.py:161} INFO - Started process (PID=6082) to work on /home/airflow/.local/lib/python3.12/site-packages/airflow/example_dags/example_xcomargs.py
[2025-10-17T03:47:02.090+0000] {processor.py:830} INFO - Processing file /home/airflow/.local/lib/python3.12/site-packages/airflow/example_dags/example_xcomargs.py for tasks to queue
[2025-10-17T03:47:02.092+0000] {logging_mixin.py:188} INFO - [2025-10-17T03:47:02.092+0000] {dagbag.py:545} INFO - Filling up the DagBag from /home/airflow/.local/lib/python3.12/site-packages/airflow/example_dags/example_xcomargs.py
[2025-10-17T03:47:02.100+0000] {processor.py:840} INFO - DAG(s) 'example_xcom_args_with_operators', 'example_xcom_args' retrieved from /home/airflow/.local/lib/python3.12/site-packages/airflow/example_dags/example_xcomargs.py
[2025-10-17T03:47:02.122+0000] {logging_mixin.py:188} INFO - [2025-10-17T03:47:02.121+0000] {dag.py:3096} INFO - Sync 2 DAGs
[2025-10-17T03:47:02.133+0000] {logging_mixin.py:188} INFO - [2025-10-17T03:47:02.133+0000] {dag.py:3954} INFO - Setting next_dagrun for example_xcom_args to None, run_after=None
[2025-10-17T03:47:02.137+0000] {logging_mixin.py:188} INFO - [2025-10-17T03:47:02.137+0000] {dag.py:3954} INFO - Setting next_dagrun for example_xcom_args_with_operators to None, run_after=None
[2025-10-17T03:47:02.151+0000] {processor.py:183} INFO - Processing /home/airflow/.local/lib/python3.12/site-packages/airflow/example_dags/example_xcomargs.py took 0.068 seconds
[2025-10-17T03:47:32.251+0000] {processor.py:161} INFO - Started process (PID=6142) to work on /home/airflow/.local/lib/python3.12/site-packages/airflow/example_dags/example_xcomargs.py
[2025-10-17T03:47:32.252+0000] {processor.py:830} INFO - Processing file /home/airflow/.local/lib/python3.12/site-packages/airflow/example_dags/example_xcomargs.py for tasks to queue
[2025-10-17T03:47:32.254+0000] {logging_mixin.py:188} INFO - [2025-10-17T03:47:32.254+0000] {dagbag.py:545} INFO - Filling up the DagBag from /home/airflow/.local/lib/python3.12/site-packages/airflow/example_dags/example_xcomargs.py
[2025-10-17T03:47:32.262+0000] {processor.py:840} INFO - DAG(s) 'example_xcom_args', 'example_xcom_args_with_operators' retrieved from /home/airflow/.local/lib/python3.12/site-packages/airflow/example_dags/example_xcomargs.py
[2025-10-17T03:47:32.284+0000] {logging_mixin.py:188} INFO - [2025-10-17T03:47:32.284+0000] {dag.py:3096} INFO - Sync 2 DAGs
[2025-10-17T03:47:32.295+0000] {logging_mixin.py:188} INFO - [2025-10-17T03:47:32.295+0000] {dag.py:3954} INFO - Setting next_dagrun for example_xcom_args to None, run_after=None
[2025-10-17T03:47:32.298+0000] {logging_mixin.py:188} INFO - [2025-10-17T03:47:32.298+0000] {dag.py:3954} INFO - Setting next_dagrun for example_xcom_args_with_operators to None, run_after=None
[2025-10-17T03:47:32.313+0000] {processor.py:183} INFO - Processing /home/airflow/.local/lib/python3.12/site-packages/airflow/example_dags/example_xcomargs.py took 0.066 seconds
[2025-10-17T03:48:02.765+0000] {processor.py:161} INFO - Started process (PID=6201) to work on /home/airflow/.local/lib/python3.12/site-packages/airflow/example_dags/example_xcomargs.py
[2025-10-17T03:48:02.767+0000] {processor.py:830} INFO - Processing file /home/airflow/.local/lib/python3.12/site-packages/airflow/example_dags/example_xcomargs.py for tasks to queue
[2025-10-17T03:48:02.769+0000] {logging_mixin.py:188} INFO - [2025-10-17T03:48:02.768+0000] {dagbag.py:545} INFO - Filling up the DagBag from /home/airflow/.local/lib/python3.12/site-packages/airflow/example_dags/example_xcomargs.py
[2025-10-17T03:48:02.776+0000] {processor.py:840} INFO - DAG(s) 'example_xcom_args_with_operators', 'example_xcom_args' retrieved from /home/airflow/.local/lib/python3.12/site-packages/airflow/example_dags/example_xcomargs.py
[2025-10-17T03:48:02.797+0000] {logging_mixin.py:188} INFO - [2025-10-17T03:48:02.797+0000] {dag.py:3096} INFO - Sync 2 DAGs
[2025-10-17T03:48:02.809+0000] {logging_mixin.py:188} INFO - [2025-10-17T03:48:02.809+0000] {dag.py:3954} INFO - Setting next_dagrun for example_xcom_args to None, run_after=None
[2025-10-17T03:48:02.813+0000] {logging_mixin.py:188} INFO - [2025-10-17T03:48:02.813+0000] {dag.py:3954} INFO - Setting next_dagrun for example_xcom_args_with_operators to None, run_after=None
[2025-10-17T03:48:02.827+0000] {processor.py:183} INFO - Processing /home/airflow/.local/lib/python3.12/site-packages/airflow/example_dags/example_xcomargs.py took 0.067 seconds
[2025-10-17T03:48:33.337+0000] {processor.py:161} INFO - Started process (PID=6260) to work on /home/airflow/.local/lib/python3.12/site-packages/airflow/example_dags/example_xcomargs.py
[2025-10-17T03:48:33.338+0000] {processor.py:830} INFO - Processing file /home/airflow/.local/lib/python3.12/site-packages/airflow/example_dags/example_xcomargs.py for tasks to queue
[2025-10-17T03:48:33.340+0000] {logging_mixin.py:188} INFO - [2025-10-17T03:48:33.340+0000] {dagbag.py:545} INFO - Filling up the DagBag from /home/airflow/.local/lib/python3.12/site-packages/airflow/example_dags/example_xcomargs.py
[2025-10-17T03:48:33.349+0000] {processor.py:840} INFO - DAG(s) 'example_xcom_args_with_operators', 'example_xcom_args' retrieved from /home/airflow/.local/lib/python3.12/site-packages/airflow/example_dags/example_xcomargs.py
[2025-10-17T03:48:33.370+0000] {logging_mixin.py:188} INFO - [2025-10-17T03:48:33.370+0000] {dag.py:3096} INFO - Sync 2 DAGs
[2025-10-17T03:48:33.382+0000] {logging_mixin.py:188} INFO - [2025-10-17T03:48:33.382+0000] {dag.py:3954} INFO - Setting next_dagrun for example_xcom_args to None, run_after=None
[2025-10-17T03:48:33.386+0000] {logging_mixin.py:188} INFO - [2025-10-17T03:48:33.386+0000] {dag.py:3954} INFO - Setting next_dagrun for example_xcom_args_with_operators to None, run_after=None
[2025-10-17T03:48:33.402+0000] {processor.py:183} INFO - Processing /home/airflow/.local/lib/python3.12/site-packages/airflow/example_dags/example_xcomargs.py took 0.070 seconds
[2025-10-17T03:49:03.858+0000] {processor.py:161} INFO - Started process (PID=6319) to work on /home/airflow/.local/lib/python3.12/site-packages/airflow/example_dags/example_xcomargs.py
[2025-10-17T03:49:03.860+0000] {processor.py:830} INFO - Processing file /home/airflow/.local/lib/python3.12/site-packages/airflow/example_dags/example_xcomargs.py for tasks to queue
[2025-10-17T03:49:03.862+0000] {logging_mixin.py:188} INFO - [2025-10-17T03:49:03.862+0000] {dagbag.py:545} INFO - Filling up the DagBag from /home/airflow/.local/lib/python3.12/site-packages/airflow/example_dags/example_xcomargs.py
[2025-10-17T03:49:03.869+0000] {processor.py:840} INFO - DAG(s) 'example_xcom_args_with_operators', 'example_xcom_args' retrieved from /home/airflow/.local/lib/python3.12/site-packages/airflow/example_dags/example_xcomargs.py
[2025-10-17T03:49:03.891+0000] {logging_mixin.py:188} INFO - [2025-10-17T03:49:03.891+0000] {dag.py:3096} INFO - Sync 2 DAGs
[2025-10-17T03:49:03.902+0000] {logging_mixin.py:188} INFO - [2025-10-17T03:49:03.902+0000] {dag.py:3954} INFO - Setting next_dagrun for example_xcom_args to None, run_after=None
[2025-10-17T03:49:03.906+0000] {logging_mixin.py:188} INFO - [2025-10-17T03:49:03.906+0000] {dag.py:3954} INFO - Setting next_dagrun for example_xcom_args_with_operators to None, run_after=None
[2025-10-17T03:49:03.921+0000] {processor.py:183} INFO - Processing /home/airflow/.local/lib/python3.12/site-packages/airflow/example_dags/example_xcomargs.py took 0.068 seconds
[2025-10-17T03:49:34.054+0000] {processor.py:161} INFO - Started process (PID=6378) to work on /home/airflow/.local/lib/python3.12/site-packages/airflow/example_dags/example_xcomargs.py
[2025-10-17T03:49:34.055+0000] {processor.py:830} INFO - Processing file /home/airflow/.local/lib/python3.12/site-packages/airflow/example_dags/example_xcomargs.py for tasks to queue
[2025-10-17T03:49:34.057+0000] {logging_mixin.py:188} INFO - [2025-10-17T03:49:34.057+0000] {dagbag.py:545} INFO - Filling up the DagBag from /home/airflow/.local/lib/python3.12/site-packages/airflow/example_dags/example_xcomargs.py
[2025-10-17T03:49:34.065+0000] {processor.py:840} INFO - DAG(s) 'example_xcom_args', 'example_xcom_args_with_operators' retrieved from /home/airflow/.local/lib/python3.12/site-packages/airflow/example_dags/example_xcomargs.py
[2025-10-17T03:49:34.090+0000] {logging_mixin.py:188} INFO - [2025-10-17T03:49:34.089+0000] {dag.py:3096} INFO - Sync 2 DAGs
[2025-10-17T03:49:34.104+0000] {logging_mixin.py:188} INFO - [2025-10-17T03:49:34.104+0000] {dag.py:3954} INFO - Setting next_dagrun for example_xcom_args to None, run_after=None
[2025-10-17T03:49:34.109+0000] {logging_mixin.py:188} INFO - [2025-10-17T03:49:34.109+0000] {dag.py:3954} INFO - Setting next_dagrun for example_xcom_args_with_operators to None, run_after=None
[2025-10-17T03:49:34.128+0000] {processor.py:183} INFO - Processing /home/airflow/.local/lib/python3.12/site-packages/airflow/example_dags/example_xcomargs.py took 0.080 seconds
[2025-10-17T03:50:04.330+0000] {processor.py:161} INFO - Started process (PID=6437) to work on /home/airflow/.local/lib/python3.12/site-packages/airflow/example_dags/example_xcomargs.py
[2025-10-17T03:50:04.331+0000] {processor.py:830} INFO - Processing file /home/airflow/.local/lib/python3.12/site-packages/airflow/example_dags/example_xcomargs.py for tasks to queue
[2025-10-17T03:50:04.333+0000] {logging_mixin.py:188} INFO - [2025-10-17T03:50:04.333+0000] {dagbag.py:545} INFO - Filling up the DagBag from /home/airflow/.local/lib/python3.12/site-packages/airflow/example_dags/example_xcomargs.py
[2025-10-17T03:50:04.340+0000] {processor.py:840} INFO - DAG(s) 'example_xcom_args', 'example_xcom_args_with_operators' retrieved from /home/airflow/.local/lib/python3.12/site-packages/airflow/example_dags/example_xcomargs.py
[2025-10-17T03:50:04.365+0000] {logging_mixin.py:188} INFO - [2025-10-17T03:50:04.365+0000] {dag.py:3096} INFO - Sync 2 DAGs
[2025-10-17T03:50:04.377+0000] {logging_mixin.py:188} INFO - [2025-10-17T03:50:04.377+0000] {dag.py:3954} INFO - Setting next_dagrun for example_xcom_args to None, run_after=None
[2025-10-17T03:50:04.381+0000] {logging_mixin.py:188} INFO - [2025-10-17T03:50:04.381+0000] {dag.py:3954} INFO - Setting next_dagrun for example_xcom_args_with_operators to None, run_after=None
[2025-10-17T03:50:04.397+0000] {processor.py:183} INFO - Processing /home/airflow/.local/lib/python3.12/site-packages/airflow/example_dags/example_xcomargs.py took 0.072 seconds
[2025-10-17T03:50:34.507+0000] {processor.py:161} INFO - Started process (PID=6496) to work on /home/airflow/.local/lib/python3.12/site-packages/airflow/example_dags/example_xcomargs.py
[2025-10-17T03:50:34.508+0000] {processor.py:830} INFO - Processing file /home/airflow/.local/lib/python3.12/site-packages/airflow/example_dags/example_xcomargs.py for tasks to queue
[2025-10-17T03:50:34.510+0000] {logging_mixin.py:188} INFO - [2025-10-17T03:50:34.509+0000] {dagbag.py:545} INFO - Filling up the DagBag from /home/airflow/.local/lib/python3.12/site-packages/airflow/example_dags/example_xcomargs.py
[2025-10-17T03:50:34.518+0000] {processor.py:840} INFO - DAG(s) 'example_xcom_args_with_operators', 'example_xcom_args' retrieved from /home/airflow/.local/lib/python3.12/site-packages/airflow/example_dags/example_xcomargs.py
[2025-10-17T03:50:34.538+0000] {logging_mixin.py:188} INFO - [2025-10-17T03:50:34.538+0000] {dag.py:3096} INFO - Sync 2 DAGs
[2025-10-17T03:50:34.552+0000] {logging_mixin.py:188} INFO - [2025-10-17T03:50:34.551+0000] {dag.py:3954} INFO - Setting next_dagrun for example_xcom_args to None, run_after=None
[2025-10-17T03:50:34.555+0000] {logging_mixin.py:188} INFO - [2025-10-17T03:50:34.555+0000] {dag.py:3954} INFO - Setting next_dagrun for example_xcom_args_with_operators to None, run_after=None
[2025-10-17T03:50:34.569+0000] {processor.py:183} INFO - Processing /home/airflow/.local/lib/python3.12/site-packages/airflow/example_dags/example_xcomargs.py took 0.068 seconds
[2025-10-17T03:51:05.252+0000] {processor.py:161} INFO - Started process (PID=6555) to work on /home/airflow/.local/lib/python3.12/site-packages/airflow/example_dags/example_xcomargs.py
[2025-10-17T03:51:05.253+0000] {processor.py:830} INFO - Processing file /home/airflow/.local/lib/python3.12/site-packages/airflow/example_dags/example_xcomargs.py for tasks to queue
[2025-10-17T03:51:05.255+0000] {logging_mixin.py:188} INFO - [2025-10-17T03:51:05.255+0000] {dagbag.py:545} INFO - Filling up the DagBag from /home/airflow/.local/lib/python3.12/site-packages/airflow/example_dags/example_xcomargs.py
[2025-10-17T03:51:05.262+0000] {processor.py:840} INFO - DAG(s) 'example_xcom_args_with_operators', 'example_xcom_args' retrieved from /home/airflow/.local/lib/python3.12/site-packages/airflow/example_dags/example_xcomargs.py
[2025-10-17T03:51:05.283+0000] {logging_mixin.py:188} INFO - [2025-10-17T03:51:05.283+0000] {dag.py:3096} INFO - Sync 2 DAGs
[2025-10-17T03:51:05.431+0000] {logging_mixin.py:188} INFO - [2025-10-17T03:51:05.431+0000] {dag.py:3954} INFO - Setting next_dagrun for example_xcom_args to None, run_after=None
[2025-10-17T03:51:05.435+0000] {logging_mixin.py:188} INFO - [2025-10-17T03:51:05.435+0000] {dag.py:3954} INFO - Setting next_dagrun for example_xcom_args_with_operators to None, run_after=None
[2025-10-17T03:51:05.452+0000] {processor.py:183} INFO - Processing /home/airflow/.local/lib/python3.12/site-packages/airflow/example_dags/example_xcomargs.py took 0.206 seconds
[2025-10-17T03:51:35.968+0000] {processor.py:161} INFO - Started process (PID=6614) to work on /home/airflow/.local/lib/python3.12/site-packages/airflow/example_dags/example_xcomargs.py
[2025-10-17T03:51:35.969+0000] {processor.py:830} INFO - Processing file /home/airflow/.local/lib/python3.12/site-packages/airflow/example_dags/example_xcomargs.py for tasks to queue
[2025-10-17T03:51:35.971+0000] {logging_mixin.py:188} INFO - [2025-10-17T03:51:35.971+0000] {dagbag.py:545} INFO - Filling up the DagBag from /home/airflow/.local/lib/python3.12/site-packages/airflow/example_dags/example_xcomargs.py
[2025-10-17T03:51:35.981+0000] {processor.py:840} INFO - DAG(s) 'example_xcom_args', 'example_xcom_args_with_operators' retrieved from /home/airflow/.local/lib/python3.12/site-packages/airflow/example_dags/example_xcomargs.py
[2025-10-17T03:51:36.001+0000] {logging_mixin.py:188} INFO - [2025-10-17T03:51:36.001+0000] {dag.py:3096} INFO - Sync 2 DAGs
[2025-10-17T03:51:36.013+0000] {logging_mixin.py:188} INFO - [2025-10-17T03:51:36.012+0000] {dag.py:3954} INFO - Setting next_dagrun for example_xcom_args to None, run_after=None
[2025-10-17T03:51:36.017+0000] {logging_mixin.py:188} INFO - [2025-10-17T03:51:36.016+0000] {dag.py:3954} INFO - Setting next_dagrun for example_xcom_args_with_operators to None, run_after=None
[2025-10-17T03:51:36.152+0000] {processor.py:183} INFO - Processing /home/airflow/.local/lib/python3.12/site-packages/airflow/example_dags/example_xcomargs.py took 0.189 seconds
[2025-10-17T03:52:06.315+0000] {processor.py:161} INFO - Started process (PID=6673) to work on /home/airflow/.local/lib/python3.12/site-packages/airflow/example_dags/example_xcomargs.py
[2025-10-17T03:52:06.317+0000] {processor.py:830} INFO - Processing file /home/airflow/.local/lib/python3.12/site-packages/airflow/example_dags/example_xcomargs.py for tasks to queue
[2025-10-17T03:52:06.320+0000] {logging_mixin.py:188} INFO - [2025-10-17T03:52:06.319+0000] {dagbag.py:545} INFO - Filling up the DagBag from /home/airflow/.local/lib/python3.12/site-packages/airflow/example_dags/example_xcomargs.py
[2025-10-17T03:52:06.328+0000] {processor.py:840} INFO - DAG(s) 'example_xcom_args', 'example_xcom_args_with_operators' retrieved from /home/airflow/.local/lib/python3.12/site-packages/airflow/example_dags/example_xcomargs.py
[2025-10-17T03:52:06.348+0000] {logging_mixin.py:188} INFO - [2025-10-17T03:52:06.348+0000] {dag.py:3096} INFO - Sync 2 DAGs
[2025-10-17T03:52:06.360+0000] {logging_mixin.py:188} INFO - [2025-10-17T03:52:06.359+0000] {dag.py:3954} INFO - Setting next_dagrun for example_xcom_args to None, run_after=None
[2025-10-17T03:52:06.363+0000] {logging_mixin.py:188} INFO - [2025-10-17T03:52:06.363+0000] {dag.py:3954} INFO - Setting next_dagrun for example_xcom_args_with_operators to None, run_after=None
[2025-10-17T03:52:06.379+0000] {processor.py:183} INFO - Processing /home/airflow/.local/lib/python3.12/site-packages/airflow/example_dags/example_xcomargs.py took 0.071 seconds
[2025-10-17T03:52:36.557+0000] {processor.py:161} INFO - Started process (PID=6732) to work on /home/airflow/.local/lib/python3.12/site-packages/airflow/example_dags/example_xcomargs.py
[2025-10-17T03:52:36.558+0000] {processor.py:830} INFO - Processing file /home/airflow/.local/lib/python3.12/site-packages/airflow/example_dags/example_xcomargs.py for tasks to queue
[2025-10-17T03:52:36.559+0000] {logging_mixin.py:188} INFO - [2025-10-17T03:52:36.559+0000] {dagbag.py:545} INFO - Filling up the DagBag from /home/airflow/.local/lib/python3.12/site-packages/airflow/example_dags/example_xcomargs.py
[2025-10-17T03:52:36.567+0000] {processor.py:840} INFO - DAG(s) 'example_xcom_args', 'example_xcom_args_with_operators' retrieved from /home/airflow/.local/lib/python3.12/site-packages/airflow/example_dags/example_xcomargs.py
[2025-10-17T03:52:36.590+0000] {logging_mixin.py:188} INFO - [2025-10-17T03:52:36.590+0000] {dag.py:3096} INFO - Sync 2 DAGs
[2025-10-17T03:52:36.602+0000] {logging_mixin.py:188} INFO - [2025-10-17T03:52:36.602+0000] {dag.py:3954} INFO - Setting next_dagrun for example_xcom_args to None, run_after=None
[2025-10-17T03:52:36.608+0000] {logging_mixin.py:188} INFO - [2025-10-17T03:52:36.608+0000] {dag.py:3954} INFO - Setting next_dagrun for example_xcom_args_with_operators to None, run_after=None
[2025-10-17T03:52:36.625+0000] {processor.py:183} INFO - Processing /home/airflow/.local/lib/python3.12/site-packages/airflow/example_dags/example_xcomargs.py took 0.074 seconds
[2025-10-17T03:53:07.119+0000] {processor.py:161} INFO - Started process (PID=6791) to work on /home/airflow/.local/lib/python3.12/site-packages/airflow/example_dags/example_xcomargs.py
[2025-10-17T03:53:07.120+0000] {processor.py:830} INFO - Processing file /home/airflow/.local/lib/python3.12/site-packages/airflow/example_dags/example_xcomargs.py for tasks to queue
[2025-10-17T03:53:07.122+0000] {logging_mixin.py:188} INFO - [2025-10-17T03:53:07.122+0000] {dagbag.py:545} INFO - Filling up the DagBag from /home/airflow/.local/lib/python3.12/site-packages/airflow/example_dags/example_xcomargs.py
[2025-10-17T03:53:07.129+0000] {processor.py:840} INFO - DAG(s) 'example_xcom_args', 'example_xcom_args_with_operators' retrieved from /home/airflow/.local/lib/python3.12/site-packages/airflow/example_dags/example_xcomargs.py
[2025-10-17T03:53:07.148+0000] {logging_mixin.py:188} INFO - [2025-10-17T03:53:07.148+0000] {dag.py:3096} INFO - Sync 2 DAGs
[2025-10-17T03:53:07.158+0000] {logging_mixin.py:188} INFO - [2025-10-17T03:53:07.158+0000] {dag.py:3954} INFO - Setting next_dagrun for example_xcom_args to None, run_after=None
[2025-10-17T03:53:07.162+0000] {logging_mixin.py:188} INFO - [2025-10-17T03:53:07.161+0000] {dag.py:3954} INFO - Setting next_dagrun for example_xcom_args_with_operators to None, run_after=None
[2025-10-17T03:53:07.175+0000] {processor.py:183} INFO - Processing /home/airflow/.local/lib/python3.12/site-packages/airflow/example_dags/example_xcomargs.py took 0.061 seconds
[2025-10-17T03:53:37.319+0000] {processor.py:161} INFO - Started process (PID=6850) to work on /home/airflow/.local/lib/python3.12/site-packages/airflow/example_dags/example_xcomargs.py
[2025-10-17T03:53:37.321+0000] {processor.py:830} INFO - Processing file /home/airflow/.local/lib/python3.12/site-packages/airflow/example_dags/example_xcomargs.py for tasks to queue
[2025-10-17T03:53:37.323+0000] {logging_mixin.py:188} INFO - [2025-10-17T03:53:37.322+0000] {dagbag.py:545} INFO - Filling up the DagBag from /home/airflow/.local/lib/python3.12/site-packages/airflow/example_dags/example_xcomargs.py
[2025-10-17T03:53:37.331+0000] {processor.py:840} INFO - DAG(s) 'example_xcom_args', 'example_xcom_args_with_operators' retrieved from /home/airflow/.local/lib/python3.12/site-packages/airflow/example_dags/example_xcomargs.py
[2025-10-17T03:53:37.352+0000] {logging_mixin.py:188} INFO - [2025-10-17T03:53:37.352+0000] {dag.py:3096} INFO - Sync 2 DAGs
[2025-10-17T03:53:37.364+0000] {logging_mixin.py:188} INFO - [2025-10-17T03:53:37.364+0000] {dag.py:3954} INFO - Setting next_dagrun for example_xcom_args to None, run_after=None
[2025-10-17T03:53:37.368+0000] {logging_mixin.py:188} INFO - [2025-10-17T03:53:37.367+0000] {dag.py:3954} INFO - Setting next_dagrun for example_xcom_args_with_operators to None, run_after=None
[2025-10-17T03:53:37.385+0000] {processor.py:183} INFO - Processing /home/airflow/.local/lib/python3.12/site-packages/airflow/example_dags/example_xcomargs.py took 0.070 seconds
[2025-10-17T03:54:07.561+0000] {processor.py:161} INFO - Started process (PID=6909) to work on /home/airflow/.local/lib/python3.12/site-packages/airflow/example_dags/example_xcomargs.py
[2025-10-17T03:54:07.562+0000] {processor.py:830} INFO - Processing file /home/airflow/.local/lib/python3.12/site-packages/airflow/example_dags/example_xcomargs.py for tasks to queue
[2025-10-17T03:54:07.565+0000] {logging_mixin.py:188} INFO - [2025-10-17T03:54:07.565+0000] {dagbag.py:545} INFO - Filling up the DagBag from /home/airflow/.local/lib/python3.12/site-packages/airflow/example_dags/example_xcomargs.py
[2025-10-17T03:54:07.573+0000] {processor.py:840} INFO - DAG(s) 'example_xcom_args', 'example_xcom_args_with_operators' retrieved from /home/airflow/.local/lib/python3.12/site-packages/airflow/example_dags/example_xcomargs.py
[2025-10-17T03:54:07.594+0000] {logging_mixin.py:188} INFO - [2025-10-17T03:54:07.594+0000] {dag.py:3096} INFO - Sync 2 DAGs
[2025-10-17T03:54:07.607+0000] {logging_mixin.py:188} INFO - [2025-10-17T03:54:07.607+0000] {dag.py:3954} INFO - Setting next_dagrun for example_xcom_args to None, run_after=None
[2025-10-17T03:54:07.611+0000] {logging_mixin.py:188} INFO - [2025-10-17T03:54:07.611+0000] {dag.py:3954} INFO - Setting next_dagrun for example_xcom_args_with_operators to None, run_after=None
[2025-10-17T03:54:07.626+0000] {processor.py:183} INFO - Processing /home/airflow/.local/lib/python3.12/site-packages/airflow/example_dags/example_xcomargs.py took 0.070 seconds
[2025-10-17T03:54:37.737+0000] {processor.py:161} INFO - Started process (PID=6966) to work on /home/airflow/.local/lib/python3.12/site-packages/airflow/example_dags/example_xcomargs.py
[2025-10-17T03:54:37.738+0000] {processor.py:830} INFO - Processing file /home/airflow/.local/lib/python3.12/site-packages/airflow/example_dags/example_xcomargs.py for tasks to queue
[2025-10-17T03:54:37.740+0000] {logging_mixin.py:188} INFO - [2025-10-17T03:54:37.740+0000] {dagbag.py:545} INFO - Filling up the DagBag from /home/airflow/.local/lib/python3.12/site-packages/airflow/example_dags/example_xcomargs.py
[2025-10-17T03:54:37.747+0000] {processor.py:840} INFO - DAG(s) 'example_xcom_args', 'example_xcom_args_with_operators' retrieved from /home/airflow/.local/lib/python3.12/site-packages/airflow/example_dags/example_xcomargs.py
[2025-10-17T03:54:37.769+0000] {logging_mixin.py:188} INFO - [2025-10-17T03:54:37.769+0000] {dag.py:3096} INFO - Sync 2 DAGs
[2025-10-17T03:54:37.779+0000] {logging_mixin.py:188} INFO - [2025-10-17T03:54:37.779+0000] {dag.py:3954} INFO - Setting next_dagrun for example_xcom_args to None, run_after=None
[2025-10-17T03:54:37.784+0000] {logging_mixin.py:188} INFO - [2025-10-17T03:54:37.784+0000] {dag.py:3954} INFO - Setting next_dagrun for example_xcom_args_with_operators to None, run_after=None
[2025-10-17T03:54:37.799+0000] {processor.py:183} INFO - Processing /home/airflow/.local/lib/python3.12/site-packages/airflow/example_dags/example_xcomargs.py took 0.067 seconds
[2025-10-17T03:55:08.595+0000] {processor.py:161} INFO - Started process (PID=7025) to work on /home/airflow/.local/lib/python3.12/site-packages/airflow/example_dags/example_xcomargs.py
[2025-10-17T03:55:08.596+0000] {processor.py:830} INFO - Processing file /home/airflow/.local/lib/python3.12/site-packages/airflow/example_dags/example_xcomargs.py for tasks to queue
[2025-10-17T03:55:08.598+0000] {logging_mixin.py:188} INFO - [2025-10-17T03:55:08.598+0000] {dagbag.py:545} INFO - Filling up the DagBag from /home/airflow/.local/lib/python3.12/site-packages/airflow/example_dags/example_xcomargs.py
[2025-10-17T03:55:08.607+0000] {processor.py:840} INFO - DAG(s) 'example_xcom_args', 'example_xcom_args_with_operators' retrieved from /home/airflow/.local/lib/python3.12/site-packages/airflow/example_dags/example_xcomargs.py
[2025-10-17T03:55:08.628+0000] {logging_mixin.py:188} INFO - [2025-10-17T03:55:08.628+0000] {dag.py:3096} INFO - Sync 2 DAGs
[2025-10-17T03:55:08.639+0000] {logging_mixin.py:188} INFO - [2025-10-17T03:55:08.639+0000] {dag.py:3954} INFO - Setting next_dagrun for example_xcom_args to None, run_after=None
[2025-10-17T03:55:08.643+0000] {logging_mixin.py:188} INFO - [2025-10-17T03:55:08.643+0000] {dag.py:3954} INFO - Setting next_dagrun for example_xcom_args_with_operators to None, run_after=None
[2025-10-17T03:55:08.658+0000] {processor.py:183} INFO - Processing /home/airflow/.local/lib/python3.12/site-packages/airflow/example_dags/example_xcomargs.py took 0.069 seconds
[2025-10-17T03:55:38.887+0000] {processor.py:161} INFO - Started process (PID=7084) to work on /home/airflow/.local/lib/python3.12/site-packages/airflow/example_dags/example_xcomargs.py
[2025-10-17T03:55:38.889+0000] {processor.py:830} INFO - Processing file /home/airflow/.local/lib/python3.12/site-packages/airflow/example_dags/example_xcomargs.py for tasks to queue
[2025-10-17T03:55:38.891+0000] {logging_mixin.py:188} INFO - [2025-10-17T03:55:38.891+0000] {dagbag.py:545} INFO - Filling up the DagBag from /home/airflow/.local/lib/python3.12/site-packages/airflow/example_dags/example_xcomargs.py
[2025-10-17T03:55:38.901+0000] {processor.py:840} INFO - DAG(s) 'example_xcom_args', 'example_xcom_args_with_operators' retrieved from /home/airflow/.local/lib/python3.12/site-packages/airflow/example_dags/example_xcomargs.py
[2025-10-17T03:55:38.928+0000] {logging_mixin.py:188} INFO - [2025-10-17T03:55:38.927+0000] {dag.py:3096} INFO - Sync 2 DAGs
[2025-10-17T03:55:38.942+0000] {logging_mixin.py:188} INFO - [2025-10-17T03:55:38.942+0000] {dag.py:3954} INFO - Setting next_dagrun for example_xcom_args to None, run_after=None
[2025-10-17T03:55:38.947+0000] {logging_mixin.py:188} INFO - [2025-10-17T03:55:38.946+0000] {dag.py:3954} INFO - Setting next_dagrun for example_xcom_args_with_operators to None, run_after=None
[2025-10-17T03:55:38.964+0000] {processor.py:183} INFO - Processing /home/airflow/.local/lib/python3.12/site-packages/airflow/example_dags/example_xcomargs.py took 0.083 seconds
[2025-10-17T03:56:09.408+0000] {processor.py:161} INFO - Started process (PID=7143) to work on /home/airflow/.local/lib/python3.12/site-packages/airflow/example_dags/example_xcomargs.py
[2025-10-17T03:56:09.409+0000] {processor.py:830} INFO - Processing file /home/airflow/.local/lib/python3.12/site-packages/airflow/example_dags/example_xcomargs.py for tasks to queue
[2025-10-17T03:56:09.412+0000] {logging_mixin.py:188} INFO - [2025-10-17T03:56:09.411+0000] {dagbag.py:545} INFO - Filling up the DagBag from /home/airflow/.local/lib/python3.12/site-packages/airflow/example_dags/example_xcomargs.py
[2025-10-17T03:56:09.420+0000] {processor.py:840} INFO - DAG(s) 'example_xcom_args', 'example_xcom_args_with_operators' retrieved from /home/airflow/.local/lib/python3.12/site-packages/airflow/example_dags/example_xcomargs.py
[2025-10-17T03:56:09.445+0000] {logging_mixin.py:188} INFO - [2025-10-17T03:56:09.445+0000] {dag.py:3096} INFO - Sync 2 DAGs
[2025-10-17T03:56:09.458+0000] {logging_mixin.py:188} INFO - [2025-10-17T03:56:09.458+0000] {dag.py:3954} INFO - Setting next_dagrun for example_xcom_args to None, run_after=None
[2025-10-17T03:56:09.462+0000] {logging_mixin.py:188} INFO - [2025-10-17T03:56:09.462+0000] {dag.py:3954} INFO - Setting next_dagrun for example_xcom_args_with_operators to None, run_after=None
[2025-10-17T03:56:09.482+0000] {processor.py:183} INFO - Processing /home/airflow/.local/lib/python3.12/site-packages/airflow/example_dags/example_xcomargs.py took 0.079 seconds
[2025-10-17T03:56:39.638+0000] {processor.py:161} INFO - Started process (PID=7202) to work on /home/airflow/.local/lib/python3.12/site-packages/airflow/example_dags/example_xcomargs.py
[2025-10-17T03:56:39.639+0000] {processor.py:830} INFO - Processing file /home/airflow/.local/lib/python3.12/site-packages/airflow/example_dags/example_xcomargs.py for tasks to queue
[2025-10-17T03:56:39.642+0000] {logging_mixin.py:188} INFO - [2025-10-17T03:56:39.641+0000] {dagbag.py:545} INFO - Filling up the DagBag from /home/airflow/.local/lib/python3.12/site-packages/airflow/example_dags/example_xcomargs.py
[2025-10-17T03:56:39.650+0000] {processor.py:840} INFO - DAG(s) 'example_xcom_args_with_operators', 'example_xcom_args' retrieved from /home/airflow/.local/lib/python3.12/site-packages/airflow/example_dags/example_xcomargs.py
[2025-10-17T03:56:39.672+0000] {logging_mixin.py:188} INFO - [2025-10-17T03:56:39.672+0000] {dag.py:3096} INFO - Sync 2 DAGs
[2025-10-17T03:56:39.686+0000] {logging_mixin.py:188} INFO - [2025-10-17T03:56:39.686+0000] {dag.py:3954} INFO - Setting next_dagrun for example_xcom_args to None, run_after=None
[2025-10-17T03:56:39.690+0000] {logging_mixin.py:188} INFO - [2025-10-17T03:56:39.690+0000] {dag.py:3954} INFO - Setting next_dagrun for example_xcom_args_with_operators to None, run_after=None
[2025-10-17T03:56:39.711+0000] {processor.py:183} INFO - Processing /home/airflow/.local/lib/python3.12/site-packages/airflow/example_dags/example_xcomargs.py took 0.079 seconds
[2025-10-17T03:57:09.927+0000] {processor.py:161} INFO - Started process (PID=7261) to work on /home/airflow/.local/lib/python3.12/site-packages/airflow/example_dags/example_xcomargs.py
[2025-10-17T03:57:09.928+0000] {processor.py:830} INFO - Processing file /home/airflow/.local/lib/python3.12/site-packages/airflow/example_dags/example_xcomargs.py for tasks to queue
[2025-10-17T03:57:09.931+0000] {logging_mixin.py:188} INFO - [2025-10-17T03:57:09.930+0000] {dagbag.py:545} INFO - Filling up the DagBag from /home/airflow/.local/lib/python3.12/site-packages/airflow/example_dags/example_xcomargs.py
[2025-10-17T03:57:09.938+0000] {processor.py:840} INFO - DAG(s) 'example_xcom_args', 'example_xcom_args_with_operators' retrieved from /home/airflow/.local/lib/python3.12/site-packages/airflow/example_dags/example_xcomargs.py
[2025-10-17T03:57:09.959+0000] {logging_mixin.py:188} INFO - [2025-10-17T03:57:09.959+0000] {dag.py:3096} INFO - Sync 2 DAGs
[2025-10-17T03:57:09.970+0000] {logging_mixin.py:188} INFO - [2025-10-17T03:57:09.969+0000] {dag.py:3954} INFO - Setting next_dagrun for example_xcom_args to None, run_after=None
[2025-10-17T03:57:09.973+0000] {logging_mixin.py:188} INFO - [2025-10-17T03:57:09.973+0000] {dag.py:3954} INFO - Setting next_dagrun for example_xcom_args_with_operators to None, run_after=None
[2025-10-17T03:57:09.990+0000] {processor.py:183} INFO - Processing /home/airflow/.local/lib/python3.12/site-packages/airflow/example_dags/example_xcomargs.py took 0.068 seconds
[2025-10-17T03:57:40.259+0000] {processor.py:161} INFO - Started process (PID=7320) to work on /home/airflow/.local/lib/python3.12/site-packages/airflow/example_dags/example_xcomargs.py
[2025-10-17T03:57:40.261+0000] {processor.py:830} INFO - Processing file /home/airflow/.local/lib/python3.12/site-packages/airflow/example_dags/example_xcomargs.py for tasks to queue
[2025-10-17T03:57:40.263+0000] {logging_mixin.py:188} INFO - [2025-10-17T03:57:40.262+0000] {dagbag.py:545} INFO - Filling up the DagBag from /home/airflow/.local/lib/python3.12/site-packages/airflow/example_dags/example_xcomargs.py
[2025-10-17T03:57:40.274+0000] {processor.py:840} INFO - DAG(s) 'example_xcom_args', 'example_xcom_args_with_operators' retrieved from /home/airflow/.local/lib/python3.12/site-packages/airflow/example_dags/example_xcomargs.py
[2025-10-17T03:57:40.301+0000] {logging_mixin.py:188} INFO - [2025-10-17T03:57:40.300+0000] {dag.py:3096} INFO - Sync 2 DAGs
[2025-10-17T03:57:40.314+0000] {logging_mixin.py:188} INFO - [2025-10-17T03:57:40.314+0000] {dag.py:3954} INFO - Setting next_dagrun for example_xcom_args to None, run_after=None
[2025-10-17T03:57:40.320+0000] {logging_mixin.py:188} INFO - [2025-10-17T03:57:40.320+0000] {dag.py:3954} INFO - Setting next_dagrun for example_xcom_args_with_operators to None, run_after=None
[2025-10-17T03:57:40.345+0000] {processor.py:183} INFO - Processing /home/airflow/.local/lib/python3.12/site-packages/airflow/example_dags/example_xcomargs.py took 0.092 seconds
[2025-10-17T03:58:10.746+0000] {processor.py:161} INFO - Started process (PID=7379) to work on /home/airflow/.local/lib/python3.12/site-packages/airflow/example_dags/example_xcomargs.py
[2025-10-17T03:58:10.747+0000] {processor.py:830} INFO - Processing file /home/airflow/.local/lib/python3.12/site-packages/airflow/example_dags/example_xcomargs.py for tasks to queue
[2025-10-17T03:58:10.750+0000] {logging_mixin.py:188} INFO - [2025-10-17T03:58:10.750+0000] {dagbag.py:545} INFO - Filling up the DagBag from /home/airflow/.local/lib/python3.12/site-packages/airflow/example_dags/example_xcomargs.py
[2025-10-17T03:58:10.757+0000] {processor.py:840} INFO - DAG(s) 'example_xcom_args_with_operators', 'example_xcom_args' retrieved from /home/airflow/.local/lib/python3.12/site-packages/airflow/example_dags/example_xcomargs.py
[2025-10-17T03:58:10.780+0000] {logging_mixin.py:188} INFO - [2025-10-17T03:58:10.780+0000] {dag.py:3096} INFO - Sync 2 DAGs
[2025-10-17T03:58:10.791+0000] {logging_mixin.py:188} INFO - [2025-10-17T03:58:10.791+0000] {dag.py:3954} INFO - Setting next_dagrun for example_xcom_args to None, run_after=None
[2025-10-17T03:58:10.795+0000] {logging_mixin.py:188} INFO - [2025-10-17T03:58:10.795+0000] {dag.py:3954} INFO - Setting next_dagrun for example_xcom_args_with_operators to None, run_after=None
[2025-10-17T03:58:10.813+0000] {processor.py:183} INFO - Processing /home/airflow/.local/lib/python3.12/site-packages/airflow/example_dags/example_xcomargs.py took 0.074 seconds
[2025-10-17T03:58:41.985+0000] {processor.py:161} INFO - Started process (PID=7439) to work on /home/airflow/.local/lib/python3.12/site-packages/airflow/example_dags/example_xcomargs.py
[2025-10-17T03:58:41.990+0000] {processor.py:830} INFO - Processing file /home/airflow/.local/lib/python3.12/site-packages/airflow/example_dags/example_xcomargs.py for tasks to queue
[2025-10-17T03:58:41.994+0000] {logging_mixin.py:188} INFO - [2025-10-17T03:58:41.993+0000] {dagbag.py:545} INFO - Filling up the DagBag from /home/airflow/.local/lib/python3.12/site-packages/airflow/example_dags/example_xcomargs.py
[2025-10-17T03:58:42.023+0000] {processor.py:840} INFO - DAG(s) 'example_xcom_args_with_operators', 'example_xcom_args' retrieved from /home/airflow/.local/lib/python3.12/site-packages/airflow/example_dags/example_xcomargs.py
[2025-10-17T03:58:42.078+0000] {logging_mixin.py:188} INFO - [2025-10-17T03:58:42.076+0000] {dag.py:3096} INFO - Sync 2 DAGs
[2025-10-17T03:58:42.103+0000] {logging_mixin.py:188} INFO - [2025-10-17T03:58:42.103+0000] {dag.py:3954} INFO - Setting next_dagrun for example_xcom_args to None, run_after=None
[2025-10-17T03:58:42.111+0000] {logging_mixin.py:188} INFO - [2025-10-17T03:58:42.111+0000] {dag.py:3954} INFO - Setting next_dagrun for example_xcom_args_with_operators to None, run_after=None
[2025-10-17T03:58:42.171+0000] {processor.py:183} INFO - Processing /home/airflow/.local/lib/python3.12/site-packages/airflow/example_dags/example_xcomargs.py took 0.197 seconds
[2025-10-17T03:59:12.820+0000] {processor.py:161} INFO - Started process (PID=7498) to work on /home/airflow/.local/lib/python3.12/site-packages/airflow/example_dags/example_xcomargs.py
[2025-10-17T03:59:12.822+0000] {processor.py:830} INFO - Processing file /home/airflow/.local/lib/python3.12/site-packages/airflow/example_dags/example_xcomargs.py for tasks to queue
[2025-10-17T03:59:12.824+0000] {logging_mixin.py:188} INFO - [2025-10-17T03:59:12.824+0000] {dagbag.py:545} INFO - Filling up the DagBag from /home/airflow/.local/lib/python3.12/site-packages/airflow/example_dags/example_xcomargs.py
[2025-10-17T03:59:12.837+0000] {processor.py:840} INFO - DAG(s) 'example_xcom_args_with_operators', 'example_xcom_args' retrieved from /home/airflow/.local/lib/python3.12/site-packages/airflow/example_dags/example_xcomargs.py
[2025-10-17T03:59:12.853+0000] {logging_mixin.py:188} INFO - [2025-10-17T03:59:12.853+0000] {dag.py:3096} INFO - Sync 2 DAGs
[2025-10-17T03:59:12.867+0000] {logging_mixin.py:188} INFO - [2025-10-17T03:59:12.867+0000] {dag.py:3954} INFO - Setting next_dagrun for example_xcom_args to None, run_after=None
[2025-10-17T03:59:12.873+0000] {logging_mixin.py:188} INFO - [2025-10-17T03:59:12.873+0000] {dag.py:3954} INFO - Setting next_dagrun for example_xcom_args_with_operators to None, run_after=None
[2025-10-17T03:59:12.896+0000] {processor.py:183} INFO - Processing /home/airflow/.local/lib/python3.12/site-packages/airflow/example_dags/example_xcomargs.py took 0.082 seconds
[2025-10-17T03:59:44.207+0000] {processor.py:161} INFO - Started process (PID=7558) to work on /home/airflow/.local/lib/python3.12/site-packages/airflow/example_dags/example_xcomargs.py
[2025-10-17T03:59:44.209+0000] {processor.py:830} INFO - Processing file /home/airflow/.local/lib/python3.12/site-packages/airflow/example_dags/example_xcomargs.py for tasks to queue
[2025-10-17T03:59:44.213+0000] {logging_mixin.py:188} INFO - [2025-10-17T03:59:44.212+0000] {dagbag.py:545} INFO - Filling up the DagBag from /home/airflow/.local/lib/python3.12/site-packages/airflow/example_dags/example_xcomargs.py
[2025-10-17T03:59:44.229+0000] {processor.py:840} INFO - DAG(s) 'example_xcom_args_with_operators', 'example_xcom_args' retrieved from /home/airflow/.local/lib/python3.12/site-packages/airflow/example_dags/example_xcomargs.py
[2025-10-17T03:59:44.492+0000] {logging_mixin.py:188} INFO - [2025-10-17T03:59:44.491+0000] {dag.py:3096} INFO - Sync 2 DAGs
[2025-10-17T03:59:44.514+0000] {logging_mixin.py:188} INFO - [2025-10-17T03:59:44.513+0000] {dag.py:3954} INFO - Setting next_dagrun for example_xcom_args to None, run_after=None
[2025-10-17T03:59:44.521+0000] {logging_mixin.py:188} INFO - [2025-10-17T03:59:44.521+0000] {dag.py:3954} INFO - Setting next_dagrun for example_xcom_args_with_operators to None, run_after=None
[2025-10-17T03:59:44.549+0000] {processor.py:183} INFO - Processing /home/airflow/.local/lib/python3.12/site-packages/airflow/example_dags/example_xcomargs.py took 0.349 seconds
[2025-10-17T04:00:14.836+0000] {processor.py:161} INFO - Started process (PID=7617) to work on /home/airflow/.local/lib/python3.12/site-packages/airflow/example_dags/example_xcomargs.py
[2025-10-17T04:00:14.837+0000] {processor.py:830} INFO - Processing file /home/airflow/.local/lib/python3.12/site-packages/airflow/example_dags/example_xcomargs.py for tasks to queue
[2025-10-17T04:00:14.839+0000] {logging_mixin.py:188} INFO - [2025-10-17T04:00:14.839+0000] {dagbag.py:545} INFO - Filling up the DagBag from /home/airflow/.local/lib/python3.12/site-packages/airflow/example_dags/example_xcomargs.py
[2025-10-17T04:00:14.847+0000] {processor.py:840} INFO - DAG(s) 'example_xcom_args_with_operators', 'example_xcom_args' retrieved from /home/airflow/.local/lib/python3.12/site-packages/airflow/example_dags/example_xcomargs.py
[2025-10-17T04:00:14.871+0000] {logging_mixin.py:188} INFO - [2025-10-17T04:00:14.871+0000] {dag.py:3096} INFO - Sync 2 DAGs
[2025-10-17T04:00:14.891+0000] {logging_mixin.py:188} INFO - [2025-10-17T04:00:14.891+0000] {dag.py:3954} INFO - Setting next_dagrun for example_xcom_args to None, run_after=None
[2025-10-17T04:00:14.899+0000] {logging_mixin.py:188} INFO - [2025-10-17T04:00:14.898+0000] {dag.py:3954} INFO - Setting next_dagrun for example_xcom_args_with_operators to None, run_after=None
[2025-10-17T04:00:14.924+0000] {processor.py:183} INFO - Processing /home/airflow/.local/lib/python3.12/site-packages/airflow/example_dags/example_xcomargs.py took 0.095 seconds
[2025-10-17T04:00:45.087+0000] {processor.py:161} INFO - Started process (PID=7676) to work on /home/airflow/.local/lib/python3.12/site-packages/airflow/example_dags/example_xcomargs.py
[2025-10-17T04:00:45.088+0000] {processor.py:830} INFO - Processing file /home/airflow/.local/lib/python3.12/site-packages/airflow/example_dags/example_xcomargs.py for tasks to queue
[2025-10-17T04:00:45.091+0000] {logging_mixin.py:188} INFO - [2025-10-17T04:00:45.090+0000] {dagbag.py:545} INFO - Filling up the DagBag from /home/airflow/.local/lib/python3.12/site-packages/airflow/example_dags/example_xcomargs.py
[2025-10-17T04:00:45.102+0000] {processor.py:840} INFO - DAG(s) 'example_xcom_args_with_operators', 'example_xcom_args' retrieved from /home/airflow/.local/lib/python3.12/site-packages/airflow/example_dags/example_xcomargs.py
[2025-10-17T04:00:45.162+0000] {logging_mixin.py:188} INFO - [2025-10-17T04:00:45.162+0000] {dag.py:3096} INFO - Sync 2 DAGs
[2025-10-17T04:00:45.179+0000] {logging_mixin.py:188} INFO - [2025-10-17T04:00:45.179+0000] {dag.py:3954} INFO - Setting next_dagrun for example_xcom_args to None, run_after=None
[2025-10-17T04:00:45.183+0000] {logging_mixin.py:188} INFO - [2025-10-17T04:00:45.182+0000] {dag.py:3954} INFO - Setting next_dagrun for example_xcom_args_with_operators to None, run_after=None
[2025-10-17T04:00:45.199+0000] {processor.py:183} INFO - Processing /home/airflow/.local/lib/python3.12/site-packages/airflow/example_dags/example_xcomargs.py took 0.122 seconds
