[2025-10-17T02:55:10.042+0000] {processor.py:161} INFO - Started process (PID=69) to work on /home/airflow/.local/lib/python3.12/site-packages/airflow/example_dags/example_dag_decorator.py
[2025-10-17T02:55:10.045+0000] {processor.py:830} INFO - Processing file /home/airflow/.local/lib/python3.12/site-packages/airflow/example_dags/example_dag_decorator.py for tasks to queue
[2025-10-17T02:55:10.048+0000] {logging_mixin.py:188} INFO - [2025-10-17T02:55:10.047+0000] {dagbag.py:545} INFO - Filling up the DagBag from /home/airflow/.local/lib/python3.12/site-packages/airflow/example_dags/example_dag_decorator.py
[2025-10-17T02:55:10.734+0000] {processor.py:840} INFO - DAG(s) 'example_dag_decorator' retrieved from /home/airflow/.local/lib/python3.12/site-packages/airflow/example_dags/example_dag_decorator.py
[2025-10-17T02:55:11.103+0000] {logging_mixin.py:188} INFO - [2025-10-17T02:55:11.101+0000] {override.py:1829} INFO - Created Permission View: can read on DAG:example_dag_decorator
[2025-10-17T02:55:11.130+0000] {logging_mixin.py:188} INFO - [2025-10-17T02:55:11.129+0000] {override.py:1829} INFO - Created Permission View: can delete on DAG:example_dag_decorator
[2025-10-17T02:55:11.141+0000] {logging_mixin.py:188} INFO - [2025-10-17T02:55:11.141+0000] {override.py:1829} INFO - Created Permission View: can edit on DAG:example_dag_decorator
[2025-10-17T02:55:11.143+0000] {logging_mixin.py:188} INFO - [2025-10-17T02:55:11.142+0000] {dag.py:3096} INFO - Sync 1 DAGs
[2025-10-17T02:55:11.171+0000] {logging_mixin.py:188} INFO - [2025-10-17T02:55:11.171+0000] {dag.py:3118} INFO - Creating ORM DAG for example_dag_decorator
[2025-10-17T02:55:11.174+0000] {logging_mixin.py:188} INFO - [2025-10-17T02:55:11.173+0000] {dag.py:3954} INFO - Setting next_dagrun for example_dag_decorator to None, run_after=None
[2025-10-17T02:55:11.211+0000] {processor.py:183} INFO - Processing /home/airflow/.local/lib/python3.12/site-packages/airflow/example_dags/example_dag_decorator.py took 1.184 seconds
[2025-10-17T02:55:41.780+0000] {processor.py:161} INFO - Started process (PID=127) to work on /home/airflow/.local/lib/python3.12/site-packages/airflow/example_dags/example_dag_decorator.py
[2025-10-17T02:55:41.781+0000] {processor.py:830} INFO - Processing file /home/airflow/.local/lib/python3.12/site-packages/airflow/example_dags/example_dag_decorator.py for tasks to queue
[2025-10-17T02:55:41.783+0000] {logging_mixin.py:188} INFO - [2025-10-17T02:55:41.783+0000] {dagbag.py:545} INFO - Filling up the DagBag from /home/airflow/.local/lib/python3.12/site-packages/airflow/example_dags/example_dag_decorator.py
[2025-10-17T02:55:41.896+0000] {processor.py:840} INFO - DAG(s) 'example_dag_decorator' retrieved from /home/airflow/.local/lib/python3.12/site-packages/airflow/example_dags/example_dag_decorator.py
[2025-10-17T02:55:41.989+0000] {logging_mixin.py:188} INFO - [2025-10-17T02:55:41.989+0000] {dag.py:3096} INFO - Sync 1 DAGs
[2025-10-17T02:55:41.997+0000] {logging_mixin.py:188} INFO - [2025-10-17T02:55:41.997+0000] {dag.py:3954} INFO - Setting next_dagrun for example_dag_decorator to None, run_after=None
[2025-10-17T02:55:42.016+0000] {processor.py:183} INFO - Processing /home/airflow/.local/lib/python3.12/site-packages/airflow/example_dags/example_dag_decorator.py took 0.241 seconds
[2025-10-17T02:56:12.409+0000] {processor.py:161} INFO - Started process (PID=186) to work on /home/airflow/.local/lib/python3.12/site-packages/airflow/example_dags/example_dag_decorator.py
[2025-10-17T02:56:12.410+0000] {processor.py:830} INFO - Processing file /home/airflow/.local/lib/python3.12/site-packages/airflow/example_dags/example_dag_decorator.py for tasks to queue
[2025-10-17T02:56:12.412+0000] {logging_mixin.py:188} INFO - [2025-10-17T02:56:12.411+0000] {dagbag.py:545} INFO - Filling up the DagBag from /home/airflow/.local/lib/python3.12/site-packages/airflow/example_dags/example_dag_decorator.py
[2025-10-17T02:56:12.523+0000] {processor.py:840} INFO - DAG(s) 'example_dag_decorator' retrieved from /home/airflow/.local/lib/python3.12/site-packages/airflow/example_dags/example_dag_decorator.py
[2025-10-17T02:56:12.618+0000] {logging_mixin.py:188} INFO - [2025-10-17T02:56:12.618+0000] {dag.py:3096} INFO - Sync 1 DAGs
[2025-10-17T02:56:12.764+0000] {logging_mixin.py:188} INFO - [2025-10-17T02:56:12.764+0000] {dag.py:3954} INFO - Setting next_dagrun for example_dag_decorator to None, run_after=None
[2025-10-17T02:56:12.783+0000] {processor.py:183} INFO - Processing /home/airflow/.local/lib/python3.12/site-packages/airflow/example_dags/example_dag_decorator.py took 0.379 seconds
[2025-10-17T02:56:42.851+0000] {processor.py:161} INFO - Started process (PID=247) to work on /home/airflow/.local/lib/python3.12/site-packages/airflow/example_dags/example_dag_decorator.py
[2025-10-17T02:56:42.852+0000] {processor.py:830} INFO - Processing file /home/airflow/.local/lib/python3.12/site-packages/airflow/example_dags/example_dag_decorator.py for tasks to queue
[2025-10-17T02:56:42.855+0000] {logging_mixin.py:188} INFO - [2025-10-17T02:56:42.855+0000] {dagbag.py:545} INFO - Filling up the DagBag from /home/airflow/.local/lib/python3.12/site-packages/airflow/example_dags/example_dag_decorator.py
[2025-10-17T02:56:42.939+0000] {processor.py:840} INFO - DAG(s) 'example_dag_decorator' retrieved from /home/airflow/.local/lib/python3.12/site-packages/airflow/example_dags/example_dag_decorator.py
[2025-10-17T02:56:43.013+0000] {logging_mixin.py:188} INFO - [2025-10-17T02:56:43.013+0000] {dag.py:3096} INFO - Sync 1 DAGs
[2025-10-17T02:56:43.022+0000] {logging_mixin.py:188} INFO - [2025-10-17T02:56:43.022+0000] {dag.py:3954} INFO - Setting next_dagrun for example_dag_decorator to None, run_after=None
[2025-10-17T02:56:43.042+0000] {processor.py:183} INFO - Processing /home/airflow/.local/lib/python3.12/site-packages/airflow/example_dags/example_dag_decorator.py took 0.196 seconds
[2025-10-17T02:57:13.223+0000] {processor.py:161} INFO - Started process (PID=304) to work on /home/airflow/.local/lib/python3.12/site-packages/airflow/example_dags/example_dag_decorator.py
[2025-10-17T02:57:13.224+0000] {processor.py:830} INFO - Processing file /home/airflow/.local/lib/python3.12/site-packages/airflow/example_dags/example_dag_decorator.py for tasks to queue
[2025-10-17T02:57:13.226+0000] {logging_mixin.py:188} INFO - [2025-10-17T02:57:13.226+0000] {dagbag.py:545} INFO - Filling up the DagBag from /home/airflow/.local/lib/python3.12/site-packages/airflow/example_dags/example_dag_decorator.py
[2025-10-17T02:57:13.309+0000] {processor.py:840} INFO - DAG(s) 'example_dag_decorator' retrieved from /home/airflow/.local/lib/python3.12/site-packages/airflow/example_dags/example_dag_decorator.py
[2025-10-17T02:57:13.386+0000] {logging_mixin.py:188} INFO - [2025-10-17T02:57:13.386+0000] {dag.py:3096} INFO - Sync 1 DAGs
[2025-10-17T02:57:13.394+0000] {logging_mixin.py:188} INFO - [2025-10-17T02:57:13.394+0000] {dag.py:3954} INFO - Setting next_dagrun for example_dag_decorator to None, run_after=None
[2025-10-17T02:57:13.411+0000] {processor.py:183} INFO - Processing /home/airflow/.local/lib/python3.12/site-packages/airflow/example_dags/example_dag_decorator.py took 0.193 seconds
[2025-10-17T02:57:43.464+0000] {processor.py:161} INFO - Started process (PID=364) to work on /home/airflow/.local/lib/python3.12/site-packages/airflow/example_dags/example_dag_decorator.py
[2025-10-17T02:57:43.465+0000] {processor.py:830} INFO - Processing file /home/airflow/.local/lib/python3.12/site-packages/airflow/example_dags/example_dag_decorator.py for tasks to queue
[2025-10-17T02:57:43.467+0000] {logging_mixin.py:188} INFO - [2025-10-17T02:57:43.466+0000] {dagbag.py:545} INFO - Filling up the DagBag from /home/airflow/.local/lib/python3.12/site-packages/airflow/example_dags/example_dag_decorator.py
[2025-10-17T02:57:43.548+0000] {processor.py:840} INFO - DAG(s) 'example_dag_decorator' retrieved from /home/airflow/.local/lib/python3.12/site-packages/airflow/example_dags/example_dag_decorator.py
[2025-10-17T02:57:43.616+0000] {logging_mixin.py:188} INFO - [2025-10-17T02:57:43.616+0000] {dag.py:3096} INFO - Sync 1 DAGs
[2025-10-17T02:57:43.624+0000] {logging_mixin.py:188} INFO - [2025-10-17T02:57:43.624+0000] {dag.py:3954} INFO - Setting next_dagrun for example_dag_decorator to None, run_after=None
[2025-10-17T02:57:43.641+0000] {processor.py:183} INFO - Processing /home/airflow/.local/lib/python3.12/site-packages/airflow/example_dags/example_dag_decorator.py took 0.182 seconds
[2025-10-17T02:58:14.208+0000] {processor.py:161} INFO - Started process (PID=422) to work on /home/airflow/.local/lib/python3.12/site-packages/airflow/example_dags/example_dag_decorator.py
[2025-10-17T02:58:14.209+0000] {processor.py:830} INFO - Processing file /home/airflow/.local/lib/python3.12/site-packages/airflow/example_dags/example_dag_decorator.py for tasks to queue
[2025-10-17T02:58:14.210+0000] {logging_mixin.py:188} INFO - [2025-10-17T02:58:14.210+0000] {dagbag.py:545} INFO - Filling up the DagBag from /home/airflow/.local/lib/python3.12/site-packages/airflow/example_dags/example_dag_decorator.py
[2025-10-17T02:58:14.293+0000] {processor.py:840} INFO - DAG(s) 'example_dag_decorator' retrieved from /home/airflow/.local/lib/python3.12/site-packages/airflow/example_dags/example_dag_decorator.py
[2025-10-17T02:58:14.479+0000] {logging_mixin.py:188} INFO - [2025-10-17T02:58:14.479+0000] {dag.py:3096} INFO - Sync 1 DAGs
[2025-10-17T02:58:14.487+0000] {logging_mixin.py:188} INFO - [2025-10-17T02:58:14.486+0000] {dag.py:3954} INFO - Setting next_dagrun for example_dag_decorator to None, run_after=None
[2025-10-17T02:58:14.504+0000] {processor.py:183} INFO - Processing /home/airflow/.local/lib/python3.12/site-packages/airflow/example_dags/example_dag_decorator.py took 0.301 seconds
[2025-10-17T02:58:45.108+0000] {processor.py:161} INFO - Started process (PID=481) to work on /home/airflow/.local/lib/python3.12/site-packages/airflow/example_dags/example_dag_decorator.py
[2025-10-17T02:58:45.110+0000] {processor.py:830} INFO - Processing file /home/airflow/.local/lib/python3.12/site-packages/airflow/example_dags/example_dag_decorator.py for tasks to queue
[2025-10-17T02:58:45.112+0000] {logging_mixin.py:188} INFO - [2025-10-17T02:58:45.111+0000] {dagbag.py:545} INFO - Filling up the DagBag from /home/airflow/.local/lib/python3.12/site-packages/airflow/example_dags/example_dag_decorator.py
[2025-10-17T02:58:45.200+0000] {processor.py:840} INFO - DAG(s) 'example_dag_decorator' retrieved from /home/airflow/.local/lib/python3.12/site-packages/airflow/example_dags/example_dag_decorator.py
[2025-10-17T02:58:45.416+0000] {logging_mixin.py:188} INFO - [2025-10-17T02:58:45.416+0000] {dag.py:3096} INFO - Sync 1 DAGs
[2025-10-17T02:58:45.424+0000] {logging_mixin.py:188} INFO - [2025-10-17T02:58:45.424+0000] {dag.py:3954} INFO - Setting next_dagrun for example_dag_decorator to None, run_after=None
[2025-10-17T02:58:45.441+0000] {processor.py:183} INFO - Processing /home/airflow/.local/lib/python3.12/site-packages/airflow/example_dags/example_dag_decorator.py took 0.338 seconds
[2025-10-17T02:59:15.942+0000] {processor.py:161} INFO - Started process (PID=540) to work on /home/airflow/.local/lib/python3.12/site-packages/airflow/example_dags/example_dag_decorator.py
[2025-10-17T02:59:15.943+0000] {processor.py:830} INFO - Processing file /home/airflow/.local/lib/python3.12/site-packages/airflow/example_dags/example_dag_decorator.py for tasks to queue
[2025-10-17T02:59:15.945+0000] {logging_mixin.py:188} INFO - [2025-10-17T02:59:15.945+0000] {dagbag.py:545} INFO - Filling up the DagBag from /home/airflow/.local/lib/python3.12/site-packages/airflow/example_dags/example_dag_decorator.py
[2025-10-17T02:59:16.028+0000] {processor.py:840} INFO - DAG(s) 'example_dag_decorator' retrieved from /home/airflow/.local/lib/python3.12/site-packages/airflow/example_dags/example_dag_decorator.py
[2025-10-17T02:59:16.227+0000] {logging_mixin.py:188} INFO - [2025-10-17T02:59:16.227+0000] {dag.py:3096} INFO - Sync 1 DAGs
[2025-10-17T02:59:16.235+0000] {logging_mixin.py:188} INFO - [2025-10-17T02:59:16.235+0000] {dag.py:3954} INFO - Setting next_dagrun for example_dag_decorator to None, run_after=None
[2025-10-17T02:59:16.255+0000] {processor.py:183} INFO - Processing /home/airflow/.local/lib/python3.12/site-packages/airflow/example_dags/example_dag_decorator.py took 0.318 seconds
[2025-10-17T02:59:46.616+0000] {processor.py:161} INFO - Started process (PID=593) to work on /home/airflow/.local/lib/python3.12/site-packages/airflow/example_dags/example_dag_decorator.py
[2025-10-17T02:59:46.617+0000] {processor.py:830} INFO - Processing file /home/airflow/.local/lib/python3.12/site-packages/airflow/example_dags/example_dag_decorator.py for tasks to queue
[2025-10-17T02:59:46.619+0000] {logging_mixin.py:188} INFO - [2025-10-17T02:59:46.618+0000] {dagbag.py:545} INFO - Filling up the DagBag from /home/airflow/.local/lib/python3.12/site-packages/airflow/example_dags/example_dag_decorator.py
[2025-10-17T02:59:46.704+0000] {processor.py:840} INFO - DAG(s) 'example_dag_decorator' retrieved from /home/airflow/.local/lib/python3.12/site-packages/airflow/example_dags/example_dag_decorator.py
[2025-10-17T02:59:46.891+0000] {logging_mixin.py:188} INFO - [2025-10-17T02:59:46.890+0000] {dag.py:3096} INFO - Sync 1 DAGs
[2025-10-17T02:59:46.898+0000] {logging_mixin.py:188} INFO - [2025-10-17T02:59:46.898+0000] {dag.py:3954} INFO - Setting next_dagrun for example_dag_decorator to None, run_after=None
[2025-10-17T02:59:46.917+0000] {processor.py:183} INFO - Processing /home/airflow/.local/lib/python3.12/site-packages/airflow/example_dags/example_dag_decorator.py took 0.305 seconds
[2025-10-17T03:00:18.621+0000] {processor.py:161} INFO - Started process (PID=652) to work on /home/airflow/.local/lib/python3.12/site-packages/airflow/example_dags/example_dag_decorator.py
[2025-10-17T03:00:18.622+0000] {processor.py:830} INFO - Processing file /home/airflow/.local/lib/python3.12/site-packages/airflow/example_dags/example_dag_decorator.py for tasks to queue
[2025-10-17T03:00:18.625+0000] {logging_mixin.py:188} INFO - [2025-10-17T03:00:18.624+0000] {dagbag.py:545} INFO - Filling up the DagBag from /home/airflow/.local/lib/python3.12/site-packages/airflow/example_dags/example_dag_decorator.py
[2025-10-17T03:00:18.718+0000] {processor.py:840} INFO - DAG(s) 'example_dag_decorator' retrieved from /home/airflow/.local/lib/python3.12/site-packages/airflow/example_dags/example_dag_decorator.py
[2025-10-17T03:00:18.946+0000] {logging_mixin.py:188} INFO - [2025-10-17T03:00:18.945+0000] {dag.py:3096} INFO - Sync 1 DAGs
[2025-10-17T03:00:18.963+0000] {logging_mixin.py:188} INFO - [2025-10-17T03:00:18.963+0000] {dag.py:3954} INFO - Setting next_dagrun for example_dag_decorator to None, run_after=None
[2025-10-17T03:00:19.014+0000] {processor.py:183} INFO - Processing /home/airflow/.local/lib/python3.12/site-packages/airflow/example_dags/example_dag_decorator.py took 0.399 seconds
[2025-10-17T03:00:50.477+0000] {processor.py:161} INFO - Started process (PID=712) to work on /home/airflow/.local/lib/python3.12/site-packages/airflow/example_dags/example_dag_decorator.py
[2025-10-17T03:00:50.478+0000] {processor.py:830} INFO - Processing file /home/airflow/.local/lib/python3.12/site-packages/airflow/example_dags/example_dag_decorator.py for tasks to queue
[2025-10-17T03:00:50.479+0000] {logging_mixin.py:188} INFO - [2025-10-17T03:00:50.479+0000] {dagbag.py:545} INFO - Filling up the DagBag from /home/airflow/.local/lib/python3.12/site-packages/airflow/example_dags/example_dag_decorator.py
[2025-10-17T03:00:50.563+0000] {processor.py:840} INFO - DAG(s) 'example_dag_decorator' retrieved from /home/airflow/.local/lib/python3.12/site-packages/airflow/example_dags/example_dag_decorator.py
[2025-10-17T03:00:50.772+0000] {logging_mixin.py:188} INFO - [2025-10-17T03:00:50.772+0000] {dag.py:3096} INFO - Sync 1 DAGs
[2025-10-17T03:00:50.780+0000] {logging_mixin.py:188} INFO - [2025-10-17T03:00:50.779+0000] {dag.py:3954} INFO - Setting next_dagrun for example_dag_decorator to None, run_after=None
[2025-10-17T03:00:50.793+0000] {processor.py:183} INFO - Processing /home/airflow/.local/lib/python3.12/site-packages/airflow/example_dags/example_dag_decorator.py took 0.322 seconds
[2025-10-17T03:01:21.379+0000] {processor.py:161} INFO - Started process (PID=771) to work on /home/airflow/.local/lib/python3.12/site-packages/airflow/example_dags/example_dag_decorator.py
[2025-10-17T03:01:21.381+0000] {processor.py:830} INFO - Processing file /home/airflow/.local/lib/python3.12/site-packages/airflow/example_dags/example_dag_decorator.py for tasks to queue
[2025-10-17T03:01:21.384+0000] {logging_mixin.py:188} INFO - [2025-10-17T03:01:21.383+0000] {dagbag.py:545} INFO - Filling up the DagBag from /home/airflow/.local/lib/python3.12/site-packages/airflow/example_dags/example_dag_decorator.py
[2025-10-17T03:01:21.477+0000] {processor.py:840} INFO - DAG(s) 'example_dag_decorator' retrieved from /home/airflow/.local/lib/python3.12/site-packages/airflow/example_dags/example_dag_decorator.py
[2025-10-17T03:01:21.721+0000] {logging_mixin.py:188} INFO - [2025-10-17T03:01:21.721+0000] {dag.py:3096} INFO - Sync 1 DAGs
[2025-10-17T03:01:21.730+0000] {logging_mixin.py:188} INFO - [2025-10-17T03:01:21.730+0000] {dag.py:3954} INFO - Setting next_dagrun for example_dag_decorator to None, run_after=None
[2025-10-17T03:01:21.747+0000] {processor.py:183} INFO - Processing /home/airflow/.local/lib/python3.12/site-packages/airflow/example_dags/example_dag_decorator.py took 0.373 seconds
[2025-10-17T03:01:53.712+0000] {processor.py:161} INFO - Started process (PID=830) to work on /home/airflow/.local/lib/python3.12/site-packages/airflow/example_dags/example_dag_decorator.py
[2025-10-17T03:01:53.713+0000] {processor.py:830} INFO - Processing file /home/airflow/.local/lib/python3.12/site-packages/airflow/example_dags/example_dag_decorator.py for tasks to queue
[2025-10-17T03:01:53.715+0000] {logging_mixin.py:188} INFO - [2025-10-17T03:01:53.714+0000] {dagbag.py:545} INFO - Filling up the DagBag from /home/airflow/.local/lib/python3.12/site-packages/airflow/example_dags/example_dag_decorator.py
[2025-10-17T03:01:53.802+0000] {processor.py:840} INFO - DAG(s) 'example_dag_decorator' retrieved from /home/airflow/.local/lib/python3.12/site-packages/airflow/example_dags/example_dag_decorator.py
[2025-10-17T03:01:54.026+0000] {logging_mixin.py:188} INFO - [2025-10-17T03:01:54.026+0000] {dag.py:3096} INFO - Sync 1 DAGs
[2025-10-17T03:01:54.034+0000] {logging_mixin.py:188} INFO - [2025-10-17T03:01:54.033+0000] {dag.py:3954} INFO - Setting next_dagrun for example_dag_decorator to None, run_after=None
[2025-10-17T03:01:54.048+0000] {processor.py:183} INFO - Processing /home/airflow/.local/lib/python3.12/site-packages/airflow/example_dags/example_dag_decorator.py took 0.341 seconds
[2025-10-17T03:02:24.930+0000] {processor.py:161} INFO - Started process (PID=890) to work on /home/airflow/.local/lib/python3.12/site-packages/airflow/example_dags/example_dag_decorator.py
[2025-10-17T03:02:24.931+0000] {processor.py:830} INFO - Processing file /home/airflow/.local/lib/python3.12/site-packages/airflow/example_dags/example_dag_decorator.py for tasks to queue
[2025-10-17T03:02:24.933+0000] {logging_mixin.py:188} INFO - [2025-10-17T03:02:24.933+0000] {dagbag.py:545} INFO - Filling up the DagBag from /home/airflow/.local/lib/python3.12/site-packages/airflow/example_dags/example_dag_decorator.py
[2025-10-17T03:02:25.025+0000] {processor.py:840} INFO - DAG(s) 'example_dag_decorator' retrieved from /home/airflow/.local/lib/python3.12/site-packages/airflow/example_dags/example_dag_decorator.py
[2025-10-17T03:02:25.244+0000] {logging_mixin.py:188} INFO - [2025-10-17T03:02:25.243+0000] {dag.py:3096} INFO - Sync 1 DAGs
[2025-10-17T03:02:25.251+0000] {logging_mixin.py:188} INFO - [2025-10-17T03:02:25.251+0000] {dag.py:3954} INFO - Setting next_dagrun for example_dag_decorator to None, run_after=None
[2025-10-17T03:02:25.267+0000] {processor.py:183} INFO - Processing /home/airflow/.local/lib/python3.12/site-packages/airflow/example_dags/example_dag_decorator.py took 0.342 seconds
[2025-10-17T03:02:56.408+0000] {processor.py:161} INFO - Started process (PID=949) to work on /home/airflow/.local/lib/python3.12/site-packages/airflow/example_dags/example_dag_decorator.py
[2025-10-17T03:02:56.409+0000] {processor.py:830} INFO - Processing file /home/airflow/.local/lib/python3.12/site-packages/airflow/example_dags/example_dag_decorator.py for tasks to queue
[2025-10-17T03:02:56.412+0000] {logging_mixin.py:188} INFO - [2025-10-17T03:02:56.412+0000] {dagbag.py:545} INFO - Filling up the DagBag from /home/airflow/.local/lib/python3.12/site-packages/airflow/example_dags/example_dag_decorator.py
[2025-10-17T03:02:56.510+0000] {processor.py:840} INFO - DAG(s) 'example_dag_decorator' retrieved from /home/airflow/.local/lib/python3.12/site-packages/airflow/example_dags/example_dag_decorator.py
[2025-10-17T03:02:56.735+0000] {logging_mixin.py:188} INFO - [2025-10-17T03:02:56.735+0000] {dag.py:3096} INFO - Sync 1 DAGs
[2025-10-17T03:02:56.745+0000] {logging_mixin.py:188} INFO - [2025-10-17T03:02:56.745+0000] {dag.py:3954} INFO - Setting next_dagrun for example_dag_decorator to None, run_after=None
[2025-10-17T03:02:56.770+0000] {processor.py:183} INFO - Processing /home/airflow/.local/lib/python3.12/site-packages/airflow/example_dags/example_dag_decorator.py took 0.368 seconds
[2025-10-17T03:03:28.443+0000] {processor.py:161} INFO - Started process (PID=1008) to work on /home/airflow/.local/lib/python3.12/site-packages/airflow/example_dags/example_dag_decorator.py
[2025-10-17T03:03:28.444+0000] {processor.py:830} INFO - Processing file /home/airflow/.local/lib/python3.12/site-packages/airflow/example_dags/example_dag_decorator.py for tasks to queue
[2025-10-17T03:03:28.446+0000] {logging_mixin.py:188} INFO - [2025-10-17T03:03:28.446+0000] {dagbag.py:545} INFO - Filling up the DagBag from /home/airflow/.local/lib/python3.12/site-packages/airflow/example_dags/example_dag_decorator.py
[2025-10-17T03:03:28.527+0000] {processor.py:840} INFO - DAG(s) 'example_dag_decorator' retrieved from /home/airflow/.local/lib/python3.12/site-packages/airflow/example_dags/example_dag_decorator.py
[2025-10-17T03:03:28.735+0000] {logging_mixin.py:188} INFO - [2025-10-17T03:03:28.735+0000] {dag.py:3096} INFO - Sync 1 DAGs
[2025-10-17T03:03:28.742+0000] {logging_mixin.py:188} INFO - [2025-10-17T03:03:28.742+0000] {dag.py:3954} INFO - Setting next_dagrun for example_dag_decorator to None, run_after=None
[2025-10-17T03:03:28.758+0000] {processor.py:183} INFO - Processing /home/airflow/.local/lib/python3.12/site-packages/airflow/example_dags/example_dag_decorator.py took 0.319 seconds
[2025-10-17T03:04:00.874+0000] {processor.py:161} INFO - Started process (PID=1067) to work on /home/airflow/.local/lib/python3.12/site-packages/airflow/example_dags/example_dag_decorator.py
[2025-10-17T03:04:00.876+0000] {processor.py:830} INFO - Processing file /home/airflow/.local/lib/python3.12/site-packages/airflow/example_dags/example_dag_decorator.py for tasks to queue
[2025-10-17T03:04:00.878+0000] {logging_mixin.py:188} INFO - [2025-10-17T03:04:00.877+0000] {dagbag.py:545} INFO - Filling up the DagBag from /home/airflow/.local/lib/python3.12/site-packages/airflow/example_dags/example_dag_decorator.py
[2025-10-17T03:04:01.073+0000] {processor.py:840} INFO - DAG(s) 'example_dag_decorator' retrieved from /home/airflow/.local/lib/python3.12/site-packages/airflow/example_dags/example_dag_decorator.py
[2025-10-17T03:04:01.144+0000] {logging_mixin.py:188} INFO - [2025-10-17T03:04:01.143+0000] {dag.py:3096} INFO - Sync 1 DAGs
[2025-10-17T03:04:01.151+0000] {logging_mixin.py:188} INFO - [2025-10-17T03:04:01.150+0000] {dag.py:3954} INFO - Setting next_dagrun for example_dag_decorator to None, run_after=None
[2025-10-17T03:04:01.166+0000] {processor.py:183} INFO - Processing /home/airflow/.local/lib/python3.12/site-packages/airflow/example_dags/example_dag_decorator.py took 0.296 seconds
[2025-10-17T03:04:31.999+0000] {processor.py:161} INFO - Started process (PID=1126) to work on /home/airflow/.local/lib/python3.12/site-packages/airflow/example_dags/example_dag_decorator.py
[2025-10-17T03:04:32.000+0000] {processor.py:830} INFO - Processing file /home/airflow/.local/lib/python3.12/site-packages/airflow/example_dags/example_dag_decorator.py for tasks to queue
[2025-10-17T03:04:32.002+0000] {logging_mixin.py:188} INFO - [2025-10-17T03:04:32.002+0000] {dagbag.py:545} INFO - Filling up the DagBag from /home/airflow/.local/lib/python3.12/site-packages/airflow/example_dags/example_dag_decorator.py
[2025-10-17T03:04:32.246+0000] {processor.py:840} INFO - DAG(s) 'example_dag_decorator' retrieved from /home/airflow/.local/lib/python3.12/site-packages/airflow/example_dags/example_dag_decorator.py
[2025-10-17T03:04:32.325+0000] {logging_mixin.py:188} INFO - [2025-10-17T03:04:32.325+0000] {dag.py:3096} INFO - Sync 1 DAGs
[2025-10-17T03:04:32.332+0000] {logging_mixin.py:188} INFO - [2025-10-17T03:04:32.332+0000] {dag.py:3954} INFO - Setting next_dagrun for example_dag_decorator to None, run_after=None
[2025-10-17T03:04:32.348+0000] {processor.py:183} INFO - Processing /home/airflow/.local/lib/python3.12/site-packages/airflow/example_dags/example_dag_decorator.py took 0.354 seconds
[2025-10-17T03:05:04.265+0000] {processor.py:161} INFO - Started process (PID=1186) to work on /home/airflow/.local/lib/python3.12/site-packages/airflow/example_dags/example_dag_decorator.py
[2025-10-17T03:05:04.267+0000] {processor.py:830} INFO - Processing file /home/airflow/.local/lib/python3.12/site-packages/airflow/example_dags/example_dag_decorator.py for tasks to queue
[2025-10-17T03:05:04.269+0000] {logging_mixin.py:188} INFO - [2025-10-17T03:05:04.269+0000] {dagbag.py:545} INFO - Filling up the DagBag from /home/airflow/.local/lib/python3.12/site-packages/airflow/example_dags/example_dag_decorator.py
[2025-10-17T03:05:04.362+0000] {processor.py:840} INFO - DAG(s) 'example_dag_decorator' retrieved from /home/airflow/.local/lib/python3.12/site-packages/airflow/example_dags/example_dag_decorator.py
[2025-10-17T03:05:04.571+0000] {logging_mixin.py:188} INFO - [2025-10-17T03:05:04.571+0000] {dag.py:3096} INFO - Sync 1 DAGs
[2025-10-17T03:05:04.580+0000] {logging_mixin.py:188} INFO - [2025-10-17T03:05:04.580+0000] {dag.py:3954} INFO - Setting next_dagrun for example_dag_decorator to None, run_after=None
[2025-10-17T03:05:04.604+0000] {processor.py:183} INFO - Processing /home/airflow/.local/lib/python3.12/site-packages/airflow/example_dags/example_dag_decorator.py took 0.344 seconds
[2025-10-17T03:05:35.863+0000] {processor.py:161} INFO - Started process (PID=1245) to work on /home/airflow/.local/lib/python3.12/site-packages/airflow/example_dags/example_dag_decorator.py
[2025-10-17T03:05:35.864+0000] {processor.py:830} INFO - Processing file /home/airflow/.local/lib/python3.12/site-packages/airflow/example_dags/example_dag_decorator.py for tasks to queue
[2025-10-17T03:05:35.865+0000] {logging_mixin.py:188} INFO - [2025-10-17T03:05:35.865+0000] {dagbag.py:545} INFO - Filling up the DagBag from /home/airflow/.local/lib/python3.12/site-packages/airflow/example_dags/example_dag_decorator.py
[2025-10-17T03:05:35.944+0000] {processor.py:840} INFO - DAG(s) 'example_dag_decorator' retrieved from /home/airflow/.local/lib/python3.12/site-packages/airflow/example_dags/example_dag_decorator.py
[2025-10-17T03:05:36.133+0000] {logging_mixin.py:188} INFO - [2025-10-17T03:05:36.133+0000] {dag.py:3096} INFO - Sync 1 DAGs
[2025-10-17T03:05:36.140+0000] {logging_mixin.py:188} INFO - [2025-10-17T03:05:36.140+0000] {dag.py:3954} INFO - Setting next_dagrun for example_dag_decorator to None, run_after=None
[2025-10-17T03:05:36.155+0000] {processor.py:183} INFO - Processing /home/airflow/.local/lib/python3.12/site-packages/airflow/example_dags/example_dag_decorator.py took 0.298 seconds
[2025-10-17T03:06:08.120+0000] {processor.py:161} INFO - Started process (PID=1304) to work on /home/airflow/.local/lib/python3.12/site-packages/airflow/example_dags/example_dag_decorator.py
[2025-10-17T03:06:08.121+0000] {processor.py:830} INFO - Processing file /home/airflow/.local/lib/python3.12/site-packages/airflow/example_dags/example_dag_decorator.py for tasks to queue
[2025-10-17T03:06:08.123+0000] {logging_mixin.py:188} INFO - [2025-10-17T03:06:08.123+0000] {dagbag.py:545} INFO - Filling up the DagBag from /home/airflow/.local/lib/python3.12/site-packages/airflow/example_dags/example_dag_decorator.py
[2025-10-17T03:06:08.351+0000] {processor.py:840} INFO - DAG(s) 'example_dag_decorator' retrieved from /home/airflow/.local/lib/python3.12/site-packages/airflow/example_dags/example_dag_decorator.py
[2025-10-17T03:06:08.370+0000] {logging_mixin.py:188} INFO - [2025-10-17T03:06:08.370+0000] {dag.py:3096} INFO - Sync 1 DAGs
[2025-10-17T03:06:08.381+0000] {logging_mixin.py:188} INFO - [2025-10-17T03:06:08.380+0000] {dag.py:3954} INFO - Setting next_dagrun for example_dag_decorator to None, run_after=None
[2025-10-17T03:06:08.398+0000] {processor.py:183} INFO - Processing /home/airflow/.local/lib/python3.12/site-packages/airflow/example_dags/example_dag_decorator.py took 0.284 seconds
[2025-10-17T03:06:39.114+0000] {processor.py:161} INFO - Started process (PID=1363) to work on /home/airflow/.local/lib/python3.12/site-packages/airflow/example_dags/example_dag_decorator.py
[2025-10-17T03:06:39.115+0000] {processor.py:830} INFO - Processing file /home/airflow/.local/lib/python3.12/site-packages/airflow/example_dags/example_dag_decorator.py for tasks to queue
[2025-10-17T03:06:39.117+0000] {logging_mixin.py:188} INFO - [2025-10-17T03:06:39.117+0000] {dagbag.py:545} INFO - Filling up the DagBag from /home/airflow/.local/lib/python3.12/site-packages/airflow/example_dags/example_dag_decorator.py
[2025-10-17T03:06:39.372+0000] {processor.py:840} INFO - DAG(s) 'example_dag_decorator' retrieved from /home/airflow/.local/lib/python3.12/site-packages/airflow/example_dags/example_dag_decorator.py
[2025-10-17T03:06:39.458+0000] {logging_mixin.py:188} INFO - [2025-10-17T03:06:39.457+0000] {dag.py:3096} INFO - Sync 1 DAGs
[2025-10-17T03:06:39.467+0000] {logging_mixin.py:188} INFO - [2025-10-17T03:06:39.467+0000] {dag.py:3954} INFO - Setting next_dagrun for example_dag_decorator to None, run_after=None
[2025-10-17T03:06:39.487+0000] {processor.py:183} INFO - Processing /home/airflow/.local/lib/python3.12/site-packages/airflow/example_dags/example_dag_decorator.py took 0.379 seconds
[2025-10-17T03:07:09.763+0000] {processor.py:161} INFO - Started process (PID=1423) to work on /home/airflow/.local/lib/python3.12/site-packages/airflow/example_dags/example_dag_decorator.py
[2025-10-17T03:07:09.764+0000] {processor.py:830} INFO - Processing file /home/airflow/.local/lib/python3.12/site-packages/airflow/example_dags/example_dag_decorator.py for tasks to queue
[2025-10-17T03:07:09.768+0000] {logging_mixin.py:188} INFO - [2025-10-17T03:07:09.768+0000] {dagbag.py:545} INFO - Filling up the DagBag from /home/airflow/.local/lib/python3.12/site-packages/airflow/example_dags/example_dag_decorator.py
[2025-10-17T03:07:10.080+0000] {processor.py:840} INFO - DAG(s) 'example_dag_decorator' retrieved from /home/airflow/.local/lib/python3.12/site-packages/airflow/example_dags/example_dag_decorator.py
[2025-10-17T03:07:10.180+0000] {logging_mixin.py:188} INFO - [2025-10-17T03:07:10.179+0000] {dag.py:3096} INFO - Sync 1 DAGs
[2025-10-17T03:07:10.189+0000] {logging_mixin.py:188} INFO - [2025-10-17T03:07:10.189+0000] {dag.py:3954} INFO - Setting next_dagrun for example_dag_decorator to None, run_after=None
[2025-10-17T03:07:10.213+0000] {processor.py:183} INFO - Processing /home/airflow/.local/lib/python3.12/site-packages/airflow/example_dags/example_dag_decorator.py took 0.458 seconds
[2025-10-17T03:07:40.893+0000] {processor.py:161} INFO - Started process (PID=1481) to work on /home/airflow/.local/lib/python3.12/site-packages/airflow/example_dags/example_dag_decorator.py
[2025-10-17T03:07:40.894+0000] {processor.py:830} INFO - Processing file /home/airflow/.local/lib/python3.12/site-packages/airflow/example_dags/example_dag_decorator.py for tasks to queue
[2025-10-17T03:07:40.896+0000] {logging_mixin.py:188} INFO - [2025-10-17T03:07:40.896+0000] {dagbag.py:545} INFO - Filling up the DagBag from /home/airflow/.local/lib/python3.12/site-packages/airflow/example_dags/example_dag_decorator.py
[2025-10-17T03:07:41.265+0000] {processor.py:840} INFO - DAG(s) 'example_dag_decorator' retrieved from /home/airflow/.local/lib/python3.12/site-packages/airflow/example_dags/example_dag_decorator.py
[2025-10-17T03:07:41.373+0000] {logging_mixin.py:188} INFO - [2025-10-17T03:07:41.373+0000] {dag.py:3096} INFO - Sync 1 DAGs
[2025-10-17T03:07:41.384+0000] {logging_mixin.py:188} INFO - [2025-10-17T03:07:41.384+0000] {dag.py:3954} INFO - Setting next_dagrun for example_dag_decorator to None, run_after=None
[2025-10-17T03:07:41.419+0000] {processor.py:183} INFO - Processing /home/airflow/.local/lib/python3.12/site-packages/airflow/example_dags/example_dag_decorator.py took 0.533 seconds
[2025-10-17T03:08:11.788+0000] {processor.py:161} INFO - Started process (PID=1540) to work on /home/airflow/.local/lib/python3.12/site-packages/airflow/example_dags/example_dag_decorator.py
[2025-10-17T03:08:11.789+0000] {processor.py:830} INFO - Processing file /home/airflow/.local/lib/python3.12/site-packages/airflow/example_dags/example_dag_decorator.py for tasks to queue
[2025-10-17T03:08:11.792+0000] {logging_mixin.py:188} INFO - [2025-10-17T03:08:11.791+0000] {dagbag.py:545} INFO - Filling up the DagBag from /home/airflow/.local/lib/python3.12/site-packages/airflow/example_dags/example_dag_decorator.py
[2025-10-17T03:08:12.018+0000] {processor.py:840} INFO - DAG(s) 'example_dag_decorator' retrieved from /home/airflow/.local/lib/python3.12/site-packages/airflow/example_dags/example_dag_decorator.py
[2025-10-17T03:08:12.097+0000] {logging_mixin.py:188} INFO - [2025-10-17T03:08:12.097+0000] {dag.py:3096} INFO - Sync 1 DAGs
[2025-10-17T03:08:12.105+0000] {logging_mixin.py:188} INFO - [2025-10-17T03:08:12.105+0000] {dag.py:3954} INFO - Setting next_dagrun for example_dag_decorator to None, run_after=None
[2025-10-17T03:08:12.124+0000] {processor.py:183} INFO - Processing /home/airflow/.local/lib/python3.12/site-packages/airflow/example_dags/example_dag_decorator.py took 0.341 seconds
[2025-10-17T03:08:42.395+0000] {processor.py:161} INFO - Started process (PID=1599) to work on /home/airflow/.local/lib/python3.12/site-packages/airflow/example_dags/example_dag_decorator.py
[2025-10-17T03:08:42.396+0000] {processor.py:830} INFO - Processing file /home/airflow/.local/lib/python3.12/site-packages/airflow/example_dags/example_dag_decorator.py for tasks to queue
[2025-10-17T03:08:42.398+0000] {logging_mixin.py:188} INFO - [2025-10-17T03:08:42.397+0000] {dagbag.py:545} INFO - Filling up the DagBag from /home/airflow/.local/lib/python3.12/site-packages/airflow/example_dags/example_dag_decorator.py
[2025-10-17T03:08:42.496+0000] {processor.py:840} INFO - DAG(s) 'example_dag_decorator' retrieved from /home/airflow/.local/lib/python3.12/site-packages/airflow/example_dags/example_dag_decorator.py
[2025-10-17T03:08:42.516+0000] {logging_mixin.py:188} INFO - [2025-10-17T03:08:42.516+0000] {dag.py:3096} INFO - Sync 1 DAGs
[2025-10-17T03:08:42.526+0000] {logging_mixin.py:188} INFO - [2025-10-17T03:08:42.526+0000] {dag.py:3954} INFO - Setting next_dagrun for example_dag_decorator to None, run_after=None
[2025-10-17T03:08:42.546+0000] {processor.py:183} INFO - Processing /home/airflow/.local/lib/python3.12/site-packages/airflow/example_dags/example_dag_decorator.py took 0.156 seconds
[2025-10-17T03:09:12.770+0000] {processor.py:161} INFO - Started process (PID=1657) to work on /home/airflow/.local/lib/python3.12/site-packages/airflow/example_dags/example_dag_decorator.py
[2025-10-17T03:09:12.772+0000] {processor.py:830} INFO - Processing file /home/airflow/.local/lib/python3.12/site-packages/airflow/example_dags/example_dag_decorator.py for tasks to queue
[2025-10-17T03:09:12.774+0000] {logging_mixin.py:188} INFO - [2025-10-17T03:09:12.774+0000] {dagbag.py:545} INFO - Filling up the DagBag from /home/airflow/.local/lib/python3.12/site-packages/airflow/example_dags/example_dag_decorator.py
[2025-10-17T03:09:12.867+0000] {processor.py:840} INFO - DAG(s) 'example_dag_decorator' retrieved from /home/airflow/.local/lib/python3.12/site-packages/airflow/example_dags/example_dag_decorator.py
[2025-10-17T03:09:12.948+0000] {logging_mixin.py:188} INFO - [2025-10-17T03:09:12.948+0000] {dag.py:3096} INFO - Sync 1 DAGs
[2025-10-17T03:09:12.957+0000] {logging_mixin.py:188} INFO - [2025-10-17T03:09:12.956+0000] {dag.py:3954} INFO - Setting next_dagrun for example_dag_decorator to None, run_after=None
[2025-10-17T03:09:12.973+0000] {processor.py:183} INFO - Processing /home/airflow/.local/lib/python3.12/site-packages/airflow/example_dags/example_dag_decorator.py took 0.208 seconds
[2025-10-17T03:09:43.132+0000] {processor.py:161} INFO - Started process (PID=1717) to work on /home/airflow/.local/lib/python3.12/site-packages/airflow/example_dags/example_dag_decorator.py
[2025-10-17T03:09:43.134+0000] {processor.py:830} INFO - Processing file /home/airflow/.local/lib/python3.12/site-packages/airflow/example_dags/example_dag_decorator.py for tasks to queue
[2025-10-17T03:09:43.136+0000] {logging_mixin.py:188} INFO - [2025-10-17T03:09:43.135+0000] {dagbag.py:545} INFO - Filling up the DagBag from /home/airflow/.local/lib/python3.12/site-packages/airflow/example_dags/example_dag_decorator.py
[2025-10-17T03:09:43.237+0000] {processor.py:840} INFO - DAG(s) 'example_dag_decorator' retrieved from /home/airflow/.local/lib/python3.12/site-packages/airflow/example_dags/example_dag_decorator.py
[2025-10-17T03:09:43.322+0000] {logging_mixin.py:188} INFO - [2025-10-17T03:09:43.322+0000] {dag.py:3096} INFO - Sync 1 DAGs
[2025-10-17T03:09:43.331+0000] {logging_mixin.py:188} INFO - [2025-10-17T03:09:43.331+0000] {dag.py:3954} INFO - Setting next_dagrun for example_dag_decorator to None, run_after=None
[2025-10-17T03:09:43.349+0000] {processor.py:183} INFO - Processing /home/airflow/.local/lib/python3.12/site-packages/airflow/example_dags/example_dag_decorator.py took 0.221 seconds
[2025-10-17T03:10:13.632+0000] {processor.py:161} INFO - Started process (PID=1776) to work on /home/airflow/.local/lib/python3.12/site-packages/airflow/example_dags/example_dag_decorator.py
[2025-10-17T03:10:13.633+0000] {processor.py:830} INFO - Processing file /home/airflow/.local/lib/python3.12/site-packages/airflow/example_dags/example_dag_decorator.py for tasks to queue
[2025-10-17T03:10:13.635+0000] {logging_mixin.py:188} INFO - [2025-10-17T03:10:13.635+0000] {dagbag.py:545} INFO - Filling up the DagBag from /home/airflow/.local/lib/python3.12/site-packages/airflow/example_dags/example_dag_decorator.py
[2025-10-17T03:10:13.746+0000] {processor.py:840} INFO - DAG(s) 'example_dag_decorator' retrieved from /home/airflow/.local/lib/python3.12/site-packages/airflow/example_dags/example_dag_decorator.py
[2025-10-17T03:10:13.844+0000] {logging_mixin.py:188} INFO - [2025-10-17T03:10:13.844+0000] {dag.py:3096} INFO - Sync 1 DAGs
[2025-10-17T03:10:13.857+0000] {logging_mixin.py:188} INFO - [2025-10-17T03:10:13.857+0000] {dag.py:3954} INFO - Setting next_dagrun for example_dag_decorator to None, run_after=None
[2025-10-17T03:10:13.879+0000] {processor.py:183} INFO - Processing /home/airflow/.local/lib/python3.12/site-packages/airflow/example_dags/example_dag_decorator.py took 0.252 seconds
[2025-10-17T03:10:43.919+0000] {processor.py:161} INFO - Started process (PID=1841) to work on /home/airflow/.local/lib/python3.12/site-packages/airflow/example_dags/example_dag_decorator.py
[2025-10-17T03:10:43.920+0000] {processor.py:830} INFO - Processing file /home/airflow/.local/lib/python3.12/site-packages/airflow/example_dags/example_dag_decorator.py for tasks to queue
[2025-10-17T03:10:43.922+0000] {logging_mixin.py:188} INFO - [2025-10-17T03:10:43.922+0000] {dagbag.py:545} INFO - Filling up the DagBag from /home/airflow/.local/lib/python3.12/site-packages/airflow/example_dags/example_dag_decorator.py
[2025-10-17T03:10:44.012+0000] {processor.py:840} INFO - DAG(s) 'example_dag_decorator' retrieved from /home/airflow/.local/lib/python3.12/site-packages/airflow/example_dags/example_dag_decorator.py
[2025-10-17T03:10:44.094+0000] {logging_mixin.py:188} INFO - [2025-10-17T03:10:44.094+0000] {dag.py:3096} INFO - Sync 1 DAGs
[2025-10-17T03:10:44.103+0000] {logging_mixin.py:188} INFO - [2025-10-17T03:10:44.103+0000] {dag.py:3954} INFO - Setting next_dagrun for example_dag_decorator to None, run_after=None
[2025-10-17T03:10:44.122+0000] {processor.py:183} INFO - Processing /home/airflow/.local/lib/python3.12/site-packages/airflow/example_dags/example_dag_decorator.py took 0.208 seconds
[2025-10-17T03:11:14.471+0000] {processor.py:161} INFO - Started process (PID=1901) to work on /home/airflow/.local/lib/python3.12/site-packages/airflow/example_dags/example_dag_decorator.py
[2025-10-17T03:11:14.472+0000] {processor.py:830} INFO - Processing file /home/airflow/.local/lib/python3.12/site-packages/airflow/example_dags/example_dag_decorator.py for tasks to queue
[2025-10-17T03:11:14.474+0000] {logging_mixin.py:188} INFO - [2025-10-17T03:11:14.473+0000] {dagbag.py:545} INFO - Filling up the DagBag from /home/airflow/.local/lib/python3.12/site-packages/airflow/example_dags/example_dag_decorator.py
[2025-10-17T03:11:14.565+0000] {processor.py:840} INFO - DAG(s) 'example_dag_decorator' retrieved from /home/airflow/.local/lib/python3.12/site-packages/airflow/example_dags/example_dag_decorator.py
[2025-10-17T03:11:14.651+0000] {logging_mixin.py:188} INFO - [2025-10-17T03:11:14.651+0000] {dag.py:3096} INFO - Sync 1 DAGs
[2025-10-17T03:11:14.660+0000] {logging_mixin.py:188} INFO - [2025-10-17T03:11:14.660+0000] {dag.py:3954} INFO - Setting next_dagrun for example_dag_decorator to None, run_after=None
[2025-10-17T03:11:14.677+0000] {processor.py:183} INFO - Processing /home/airflow/.local/lib/python3.12/site-packages/airflow/example_dags/example_dag_decorator.py took 0.211 seconds
[2025-10-17T03:11:45.052+0000] {processor.py:161} INFO - Started process (PID=1960) to work on /home/airflow/.local/lib/python3.12/site-packages/airflow/example_dags/example_dag_decorator.py
[2025-10-17T03:11:45.053+0000] {processor.py:830} INFO - Processing file /home/airflow/.local/lib/python3.12/site-packages/airflow/example_dags/example_dag_decorator.py for tasks to queue
[2025-10-17T03:11:45.055+0000] {logging_mixin.py:188} INFO - [2025-10-17T03:11:45.055+0000] {dagbag.py:545} INFO - Filling up the DagBag from /home/airflow/.local/lib/python3.12/site-packages/airflow/example_dags/example_dag_decorator.py
[2025-10-17T03:11:45.150+0000] {processor.py:840} INFO - DAG(s) 'example_dag_decorator' retrieved from /home/airflow/.local/lib/python3.12/site-packages/airflow/example_dags/example_dag_decorator.py
[2025-10-17T03:11:45.234+0000] {logging_mixin.py:188} INFO - [2025-10-17T03:11:45.233+0000] {dag.py:3096} INFO - Sync 1 DAGs
[2025-10-17T03:11:45.242+0000] {logging_mixin.py:188} INFO - [2025-10-17T03:11:45.242+0000] {dag.py:3954} INFO - Setting next_dagrun for example_dag_decorator to None, run_after=None
[2025-10-17T03:11:45.262+0000] {processor.py:183} INFO - Processing /home/airflow/.local/lib/python3.12/site-packages/airflow/example_dags/example_dag_decorator.py took 0.216 seconds
[2025-10-17T03:12:15.410+0000] {processor.py:161} INFO - Started process (PID=2019) to work on /home/airflow/.local/lib/python3.12/site-packages/airflow/example_dags/example_dag_decorator.py
[2025-10-17T03:12:15.411+0000] {processor.py:830} INFO - Processing file /home/airflow/.local/lib/python3.12/site-packages/airflow/example_dags/example_dag_decorator.py for tasks to queue
[2025-10-17T03:12:15.413+0000] {logging_mixin.py:188} INFO - [2025-10-17T03:12:15.412+0000] {dagbag.py:545} INFO - Filling up the DagBag from /home/airflow/.local/lib/python3.12/site-packages/airflow/example_dags/example_dag_decorator.py
[2025-10-17T03:12:15.507+0000] {processor.py:840} INFO - DAG(s) 'example_dag_decorator' retrieved from /home/airflow/.local/lib/python3.12/site-packages/airflow/example_dags/example_dag_decorator.py
[2025-10-17T03:12:15.608+0000] {logging_mixin.py:188} INFO - [2025-10-17T03:12:15.607+0000] {dag.py:3096} INFO - Sync 1 DAGs
[2025-10-17T03:12:15.625+0000] {logging_mixin.py:188} INFO - [2025-10-17T03:12:15.625+0000] {dag.py:3954} INFO - Setting next_dagrun for example_dag_decorator to None, run_after=None
[2025-10-17T03:12:15.653+0000] {processor.py:183} INFO - Processing /home/airflow/.local/lib/python3.12/site-packages/airflow/example_dags/example_dag_decorator.py took 0.248 seconds
[2025-10-17T03:12:46.026+0000] {processor.py:161} INFO - Started process (PID=2078) to work on /home/airflow/.local/lib/python3.12/site-packages/airflow/example_dags/example_dag_decorator.py
[2025-10-17T03:12:46.027+0000] {processor.py:830} INFO - Processing file /home/airflow/.local/lib/python3.12/site-packages/airflow/example_dags/example_dag_decorator.py for tasks to queue
[2025-10-17T03:12:46.029+0000] {logging_mixin.py:188} INFO - [2025-10-17T03:12:46.029+0000] {dagbag.py:545} INFO - Filling up the DagBag from /home/airflow/.local/lib/python3.12/site-packages/airflow/example_dags/example_dag_decorator.py
[2025-10-17T03:12:46.117+0000] {processor.py:840} INFO - DAG(s) 'example_dag_decorator' retrieved from /home/airflow/.local/lib/python3.12/site-packages/airflow/example_dags/example_dag_decorator.py
[2025-10-17T03:12:46.138+0000] {logging_mixin.py:188} INFO - [2025-10-17T03:12:46.138+0000] {dag.py:3096} INFO - Sync 1 DAGs
[2025-10-17T03:12:46.151+0000] {logging_mixin.py:188} INFO - [2025-10-17T03:12:46.151+0000] {dag.py:3954} INFO - Setting next_dagrun for example_dag_decorator to None, run_after=None
[2025-10-17T03:12:46.171+0000] {processor.py:183} INFO - Processing /home/airflow/.local/lib/python3.12/site-packages/airflow/example_dags/example_dag_decorator.py took 0.151 seconds
[2025-10-17T03:13:16.497+0000] {processor.py:161} INFO - Started process (PID=2137) to work on /home/airflow/.local/lib/python3.12/site-packages/airflow/example_dags/example_dag_decorator.py
[2025-10-17T03:13:16.498+0000] {processor.py:830} INFO - Processing file /home/airflow/.local/lib/python3.12/site-packages/airflow/example_dags/example_dag_decorator.py for tasks to queue
[2025-10-17T03:13:16.500+0000] {logging_mixin.py:188} INFO - [2025-10-17T03:13:16.499+0000] {dagbag.py:545} INFO - Filling up the DagBag from /home/airflow/.local/lib/python3.12/site-packages/airflow/example_dags/example_dag_decorator.py
[2025-10-17T03:13:16.591+0000] {processor.py:840} INFO - DAG(s) 'example_dag_decorator' retrieved from /home/airflow/.local/lib/python3.12/site-packages/airflow/example_dags/example_dag_decorator.py
[2025-10-17T03:13:16.678+0000] {logging_mixin.py:188} INFO - [2025-10-17T03:13:16.677+0000] {dag.py:3096} INFO - Sync 1 DAGs
[2025-10-17T03:13:16.687+0000] {logging_mixin.py:188} INFO - [2025-10-17T03:13:16.687+0000] {dag.py:3954} INFO - Setting next_dagrun for example_dag_decorator to None, run_after=None
[2025-10-17T03:13:16.705+0000] {processor.py:183} INFO - Processing /home/airflow/.local/lib/python3.12/site-packages/airflow/example_dags/example_dag_decorator.py took 0.213 seconds
[2025-10-17T03:13:46.854+0000] {processor.py:161} INFO - Started process (PID=2196) to work on /home/airflow/.local/lib/python3.12/site-packages/airflow/example_dags/example_dag_decorator.py
[2025-10-17T03:13:46.855+0000] {processor.py:830} INFO - Processing file /home/airflow/.local/lib/python3.12/site-packages/airflow/example_dags/example_dag_decorator.py for tasks to queue
[2025-10-17T03:13:46.858+0000] {logging_mixin.py:188} INFO - [2025-10-17T03:13:46.857+0000] {dagbag.py:545} INFO - Filling up the DagBag from /home/airflow/.local/lib/python3.12/site-packages/airflow/example_dags/example_dag_decorator.py
[2025-10-17T03:13:46.960+0000] {processor.py:840} INFO - DAG(s) 'example_dag_decorator' retrieved from /home/airflow/.local/lib/python3.12/site-packages/airflow/example_dags/example_dag_decorator.py
[2025-10-17T03:13:47.048+0000] {logging_mixin.py:188} INFO - [2025-10-17T03:13:47.048+0000] {dag.py:3096} INFO - Sync 1 DAGs
[2025-10-17T03:13:47.058+0000] {logging_mixin.py:188} INFO - [2025-10-17T03:13:47.058+0000] {dag.py:3954} INFO - Setting next_dagrun for example_dag_decorator to None, run_after=None
[2025-10-17T03:13:47.081+0000] {processor.py:183} INFO - Processing /home/airflow/.local/lib/python3.12/site-packages/airflow/example_dags/example_dag_decorator.py took 0.232 seconds
[2025-10-17T03:14:17.116+0000] {processor.py:161} INFO - Started process (PID=2253) to work on /home/airflow/.local/lib/python3.12/site-packages/airflow/example_dags/example_dag_decorator.py
[2025-10-17T03:14:17.117+0000] {processor.py:830} INFO - Processing file /home/airflow/.local/lib/python3.12/site-packages/airflow/example_dags/example_dag_decorator.py for tasks to queue
[2025-10-17T03:14:17.119+0000] {logging_mixin.py:188} INFO - [2025-10-17T03:14:17.119+0000] {dagbag.py:545} INFO - Filling up the DagBag from /home/airflow/.local/lib/python3.12/site-packages/airflow/example_dags/example_dag_decorator.py
[2025-10-17T03:14:17.217+0000] {processor.py:840} INFO - DAG(s) 'example_dag_decorator' retrieved from /home/airflow/.local/lib/python3.12/site-packages/airflow/example_dags/example_dag_decorator.py
[2025-10-17T03:14:17.243+0000] {logging_mixin.py:188} INFO - [2025-10-17T03:14:17.243+0000] {dag.py:3096} INFO - Sync 1 DAGs
[2025-10-17T03:14:17.255+0000] {logging_mixin.py:188} INFO - [2025-10-17T03:14:17.255+0000] {dag.py:3954} INFO - Setting next_dagrun for example_dag_decorator to None, run_after=None
[2025-10-17T03:14:17.275+0000] {processor.py:183} INFO - Processing /home/airflow/.local/lib/python3.12/site-packages/airflow/example_dags/example_dag_decorator.py took 0.164 seconds
[2025-10-17T03:14:47.358+0000] {processor.py:161} INFO - Started process (PID=2312) to work on /home/airflow/.local/lib/python3.12/site-packages/airflow/example_dags/example_dag_decorator.py
[2025-10-17T03:14:47.359+0000] {processor.py:830} INFO - Processing file /home/airflow/.local/lib/python3.12/site-packages/airflow/example_dags/example_dag_decorator.py for tasks to queue
[2025-10-17T03:14:47.361+0000] {logging_mixin.py:188} INFO - [2025-10-17T03:14:47.361+0000] {dagbag.py:545} INFO - Filling up the DagBag from /home/airflow/.local/lib/python3.12/site-packages/airflow/example_dags/example_dag_decorator.py
[2025-10-17T03:14:47.474+0000] {processor.py:840} INFO - DAG(s) 'example_dag_decorator' retrieved from /home/airflow/.local/lib/python3.12/site-packages/airflow/example_dags/example_dag_decorator.py
[2025-10-17T03:14:47.581+0000] {logging_mixin.py:188} INFO - [2025-10-17T03:14:47.580+0000] {dag.py:3096} INFO - Sync 1 DAGs
[2025-10-17T03:14:47.591+0000] {logging_mixin.py:188} INFO - [2025-10-17T03:14:47.591+0000] {dag.py:3954} INFO - Setting next_dagrun for example_dag_decorator to None, run_after=None
[2025-10-17T03:14:47.616+0000] {processor.py:183} INFO - Processing /home/airflow/.local/lib/python3.12/site-packages/airflow/example_dags/example_dag_decorator.py took 0.264 seconds
[2025-10-17T03:15:17.710+0000] {processor.py:161} INFO - Started process (PID=2371) to work on /home/airflow/.local/lib/python3.12/site-packages/airflow/example_dags/example_dag_decorator.py
[2025-10-17T03:15:17.712+0000] {processor.py:830} INFO - Processing file /home/airflow/.local/lib/python3.12/site-packages/airflow/example_dags/example_dag_decorator.py for tasks to queue
[2025-10-17T03:15:17.714+0000] {logging_mixin.py:188} INFO - [2025-10-17T03:15:17.713+0000] {dagbag.py:545} INFO - Filling up the DagBag from /home/airflow/.local/lib/python3.12/site-packages/airflow/example_dags/example_dag_decorator.py
[2025-10-17T03:15:17.807+0000] {processor.py:840} INFO - DAG(s) 'example_dag_decorator' retrieved from /home/airflow/.local/lib/python3.12/site-packages/airflow/example_dags/example_dag_decorator.py
[2025-10-17T03:15:17.896+0000] {logging_mixin.py:188} INFO - [2025-10-17T03:15:17.895+0000] {dag.py:3096} INFO - Sync 1 DAGs
[2025-10-17T03:15:17.905+0000] {logging_mixin.py:188} INFO - [2025-10-17T03:15:17.905+0000] {dag.py:3954} INFO - Setting next_dagrun for example_dag_decorator to None, run_after=None
[2025-10-17T03:15:17.928+0000] {processor.py:183} INFO - Processing /home/airflow/.local/lib/python3.12/site-packages/airflow/example_dags/example_dag_decorator.py took 0.223 seconds
[2025-10-17T03:15:48.915+0000] {processor.py:161} INFO - Started process (PID=2430) to work on /home/airflow/.local/lib/python3.12/site-packages/airflow/example_dags/example_dag_decorator.py
[2025-10-17T03:15:48.916+0000] {processor.py:830} INFO - Processing file /home/airflow/.local/lib/python3.12/site-packages/airflow/example_dags/example_dag_decorator.py for tasks to queue
[2025-10-17T03:15:48.919+0000] {logging_mixin.py:188} INFO - [2025-10-17T03:15:48.919+0000] {dagbag.py:545} INFO - Filling up the DagBag from /home/airflow/.local/lib/python3.12/site-packages/airflow/example_dags/example_dag_decorator.py
[2025-10-17T03:15:49.044+0000] {processor.py:840} INFO - DAG(s) 'example_dag_decorator' retrieved from /home/airflow/.local/lib/python3.12/site-packages/airflow/example_dags/example_dag_decorator.py
[2025-10-17T03:15:49.182+0000] {logging_mixin.py:188} INFO - [2025-10-17T03:15:49.181+0000] {dag.py:3096} INFO - Sync 1 DAGs
[2025-10-17T03:15:49.193+0000] {logging_mixin.py:188} INFO - [2025-10-17T03:15:49.193+0000] {dag.py:3954} INFO - Setting next_dagrun for example_dag_decorator to None, run_after=None
[2025-10-17T03:15:49.213+0000] {processor.py:183} INFO - Processing /home/airflow/.local/lib/python3.12/site-packages/airflow/example_dags/example_dag_decorator.py took 0.304 seconds
[2025-10-17T03:16:19.263+0000] {processor.py:161} INFO - Started process (PID=2490) to work on /home/airflow/.local/lib/python3.12/site-packages/airflow/example_dags/example_dag_decorator.py
[2025-10-17T03:16:19.265+0000] {processor.py:830} INFO - Processing file /home/airflow/.local/lib/python3.12/site-packages/airflow/example_dags/example_dag_decorator.py for tasks to queue
[2025-10-17T03:16:19.267+0000] {logging_mixin.py:188} INFO - [2025-10-17T03:16:19.267+0000] {dagbag.py:545} INFO - Filling up the DagBag from /home/airflow/.local/lib/python3.12/site-packages/airflow/example_dags/example_dag_decorator.py
[2025-10-17T03:16:19.363+0000] {processor.py:840} INFO - DAG(s) 'example_dag_decorator' retrieved from /home/airflow/.local/lib/python3.12/site-packages/airflow/example_dags/example_dag_decorator.py
[2025-10-17T03:16:19.451+0000] {logging_mixin.py:188} INFO - [2025-10-17T03:16:19.451+0000] {dag.py:3096} INFO - Sync 1 DAGs
[2025-10-17T03:16:19.462+0000] {logging_mixin.py:188} INFO - [2025-10-17T03:16:19.462+0000] {dag.py:3954} INFO - Setting next_dagrun for example_dag_decorator to None, run_after=None
[2025-10-17T03:16:19.483+0000] {processor.py:183} INFO - Processing /home/airflow/.local/lib/python3.12/site-packages/airflow/example_dags/example_dag_decorator.py took 0.225 seconds
[2025-10-17T03:16:49.796+0000] {processor.py:161} INFO - Started process (PID=2548) to work on /home/airflow/.local/lib/python3.12/site-packages/airflow/example_dags/example_dag_decorator.py
[2025-10-17T03:16:49.797+0000] {processor.py:830} INFO - Processing file /home/airflow/.local/lib/python3.12/site-packages/airflow/example_dags/example_dag_decorator.py for tasks to queue
[2025-10-17T03:16:49.800+0000] {logging_mixin.py:188} INFO - [2025-10-17T03:16:49.800+0000] {dagbag.py:545} INFO - Filling up the DagBag from /home/airflow/.local/lib/python3.12/site-packages/airflow/example_dags/example_dag_decorator.py
[2025-10-17T03:16:49.917+0000] {processor.py:840} INFO - DAG(s) 'example_dag_decorator' retrieved from /home/airflow/.local/lib/python3.12/site-packages/airflow/example_dags/example_dag_decorator.py
[2025-10-17T03:16:50.021+0000] {logging_mixin.py:188} INFO - [2025-10-17T03:16:50.020+0000] {dag.py:3096} INFO - Sync 1 DAGs
[2025-10-17T03:16:50.034+0000] {logging_mixin.py:188} INFO - [2025-10-17T03:16:50.033+0000] {dag.py:3954} INFO - Setting next_dagrun for example_dag_decorator to None, run_after=None
[2025-10-17T03:16:50.056+0000] {processor.py:183} INFO - Processing /home/airflow/.local/lib/python3.12/site-packages/airflow/example_dags/example_dag_decorator.py took 0.266 seconds
[2025-10-17T03:17:20.516+0000] {processor.py:161} INFO - Started process (PID=2607) to work on /home/airflow/.local/lib/python3.12/site-packages/airflow/example_dags/example_dag_decorator.py
[2025-10-17T03:17:20.517+0000] {processor.py:830} INFO - Processing file /home/airflow/.local/lib/python3.12/site-packages/airflow/example_dags/example_dag_decorator.py for tasks to queue
[2025-10-17T03:17:20.520+0000] {logging_mixin.py:188} INFO - [2025-10-17T03:17:20.519+0000] {dagbag.py:545} INFO - Filling up the DagBag from /home/airflow/.local/lib/python3.12/site-packages/airflow/example_dags/example_dag_decorator.py
[2025-10-17T03:17:20.628+0000] {processor.py:840} INFO - DAG(s) 'example_dag_decorator' retrieved from /home/airflow/.local/lib/python3.12/site-packages/airflow/example_dags/example_dag_decorator.py
[2025-10-17T03:17:20.721+0000] {logging_mixin.py:188} INFO - [2025-10-17T03:17:20.721+0000] {dag.py:3096} INFO - Sync 1 DAGs
[2025-10-17T03:17:20.732+0000] {logging_mixin.py:188} INFO - [2025-10-17T03:17:20.732+0000] {dag.py:3954} INFO - Setting next_dagrun for example_dag_decorator to None, run_after=None
[2025-10-17T03:17:20.754+0000] {processor.py:183} INFO - Processing /home/airflow/.local/lib/python3.12/site-packages/airflow/example_dags/example_dag_decorator.py took 0.245 seconds
[2025-10-17T03:17:50.804+0000] {processor.py:161} INFO - Started process (PID=2667) to work on /home/airflow/.local/lib/python3.12/site-packages/airflow/example_dags/example_dag_decorator.py
[2025-10-17T03:17:50.806+0000] {processor.py:830} INFO - Processing file /home/airflow/.local/lib/python3.12/site-packages/airflow/example_dags/example_dag_decorator.py for tasks to queue
[2025-10-17T03:17:50.808+0000] {logging_mixin.py:188} INFO - [2025-10-17T03:17:50.808+0000] {dagbag.py:545} INFO - Filling up the DagBag from /home/airflow/.local/lib/python3.12/site-packages/airflow/example_dags/example_dag_decorator.py
[2025-10-17T03:17:50.908+0000] {processor.py:840} INFO - DAG(s) 'example_dag_decorator' retrieved from /home/airflow/.local/lib/python3.12/site-packages/airflow/example_dags/example_dag_decorator.py
[2025-10-17T03:17:50.991+0000] {logging_mixin.py:188} INFO - [2025-10-17T03:17:50.991+0000] {dag.py:3096} INFO - Sync 1 DAGs
[2025-10-17T03:17:51.000+0000] {logging_mixin.py:188} INFO - [2025-10-17T03:17:51.000+0000] {dag.py:3954} INFO - Setting next_dagrun for example_dag_decorator to None, run_after=None
[2025-10-17T03:17:51.018+0000] {processor.py:183} INFO - Processing /home/airflow/.local/lib/python3.12/site-packages/airflow/example_dags/example_dag_decorator.py took 0.218 seconds
[2025-10-17T03:18:21.154+0000] {processor.py:161} INFO - Started process (PID=2726) to work on /home/airflow/.local/lib/python3.12/site-packages/airflow/example_dags/example_dag_decorator.py
[2025-10-17T03:18:21.155+0000] {processor.py:830} INFO - Processing file /home/airflow/.local/lib/python3.12/site-packages/airflow/example_dags/example_dag_decorator.py for tasks to queue
[2025-10-17T03:18:21.156+0000] {logging_mixin.py:188} INFO - [2025-10-17T03:18:21.156+0000] {dagbag.py:545} INFO - Filling up the DagBag from /home/airflow/.local/lib/python3.12/site-packages/airflow/example_dags/example_dag_decorator.py
[2025-10-17T03:18:21.259+0000] {processor.py:840} INFO - DAG(s) 'example_dag_decorator' retrieved from /home/airflow/.local/lib/python3.12/site-packages/airflow/example_dags/example_dag_decorator.py
[2025-10-17T03:18:21.364+0000] {logging_mixin.py:188} INFO - [2025-10-17T03:18:21.364+0000] {dag.py:3096} INFO - Sync 1 DAGs
[2025-10-17T03:18:21.374+0000] {logging_mixin.py:188} INFO - [2025-10-17T03:18:21.374+0000] {dag.py:3954} INFO - Setting next_dagrun for example_dag_decorator to None, run_after=None
[2025-10-17T03:18:21.393+0000] {processor.py:183} INFO - Processing /home/airflow/.local/lib/python3.12/site-packages/airflow/example_dags/example_dag_decorator.py took 0.245 seconds
[2025-10-17T03:18:51.637+0000] {processor.py:161} INFO - Started process (PID=2785) to work on /home/airflow/.local/lib/python3.12/site-packages/airflow/example_dags/example_dag_decorator.py
[2025-10-17T03:18:51.638+0000] {processor.py:830} INFO - Processing file /home/airflow/.local/lib/python3.12/site-packages/airflow/example_dags/example_dag_decorator.py for tasks to queue
[2025-10-17T03:18:51.640+0000] {logging_mixin.py:188} INFO - [2025-10-17T03:18:51.640+0000] {dagbag.py:545} INFO - Filling up the DagBag from /home/airflow/.local/lib/python3.12/site-packages/airflow/example_dags/example_dag_decorator.py
[2025-10-17T03:18:51.735+0000] {processor.py:840} INFO - DAG(s) 'example_dag_decorator' retrieved from /home/airflow/.local/lib/python3.12/site-packages/airflow/example_dags/example_dag_decorator.py
[2025-10-17T03:18:51.823+0000] {logging_mixin.py:188} INFO - [2025-10-17T03:18:51.823+0000] {dag.py:3096} INFO - Sync 1 DAGs
[2025-10-17T03:18:51.840+0000] {logging_mixin.py:188} INFO - [2025-10-17T03:18:51.840+0000] {dag.py:3954} INFO - Setting next_dagrun for example_dag_decorator to None, run_after=None
[2025-10-17T03:18:51.859+0000] {processor.py:183} INFO - Processing /home/airflow/.local/lib/python3.12/site-packages/airflow/example_dags/example_dag_decorator.py took 0.228 seconds
[2025-10-17T03:19:21.950+0000] {processor.py:161} INFO - Started process (PID=2844) to work on /home/airflow/.local/lib/python3.12/site-packages/airflow/example_dags/example_dag_decorator.py
[2025-10-17T03:19:21.952+0000] {processor.py:830} INFO - Processing file /home/airflow/.local/lib/python3.12/site-packages/airflow/example_dags/example_dag_decorator.py for tasks to queue
[2025-10-17T03:19:21.955+0000] {logging_mixin.py:188} INFO - [2025-10-17T03:19:21.954+0000] {dagbag.py:545} INFO - Filling up the DagBag from /home/airflow/.local/lib/python3.12/site-packages/airflow/example_dags/example_dag_decorator.py
[2025-10-17T03:19:22.072+0000] {processor.py:840} INFO - DAG(s) 'example_dag_decorator' retrieved from /home/airflow/.local/lib/python3.12/site-packages/airflow/example_dags/example_dag_decorator.py
[2025-10-17T03:19:22.171+0000] {logging_mixin.py:188} INFO - [2025-10-17T03:19:22.171+0000] {dag.py:3096} INFO - Sync 1 DAGs
[2025-10-17T03:19:22.180+0000] {logging_mixin.py:188} INFO - [2025-10-17T03:19:22.180+0000] {dag.py:3954} INFO - Setting next_dagrun for example_dag_decorator to None, run_after=None
[2025-10-17T03:19:22.201+0000] {processor.py:183} INFO - Processing /home/airflow/.local/lib/python3.12/site-packages/airflow/example_dags/example_dag_decorator.py took 0.259 seconds
[2025-10-17T03:19:52.251+0000] {processor.py:161} INFO - Started process (PID=2903) to work on /home/airflow/.local/lib/python3.12/site-packages/airflow/example_dags/example_dag_decorator.py
[2025-10-17T03:19:52.253+0000] {processor.py:830} INFO - Processing file /home/airflow/.local/lib/python3.12/site-packages/airflow/example_dags/example_dag_decorator.py for tasks to queue
[2025-10-17T03:19:52.254+0000] {logging_mixin.py:188} INFO - [2025-10-17T03:19:52.254+0000] {dagbag.py:545} INFO - Filling up the DagBag from /home/airflow/.local/lib/python3.12/site-packages/airflow/example_dags/example_dag_decorator.py
[2025-10-17T03:19:52.354+0000] {processor.py:840} INFO - DAG(s) 'example_dag_decorator' retrieved from /home/airflow/.local/lib/python3.12/site-packages/airflow/example_dags/example_dag_decorator.py
[2025-10-17T03:19:52.442+0000] {logging_mixin.py:188} INFO - [2025-10-17T03:19:52.442+0000] {dag.py:3096} INFO - Sync 1 DAGs
[2025-10-17T03:19:52.452+0000] {logging_mixin.py:188} INFO - [2025-10-17T03:19:52.452+0000] {dag.py:3954} INFO - Setting next_dagrun for example_dag_decorator to None, run_after=None
[2025-10-17T03:19:52.470+0000] {processor.py:183} INFO - Processing /home/airflow/.local/lib/python3.12/site-packages/airflow/example_dags/example_dag_decorator.py took 0.224 seconds
[2025-10-17T03:20:22.532+0000] {processor.py:161} INFO - Started process (PID=2963) to work on /home/airflow/.local/lib/python3.12/site-packages/airflow/example_dags/example_dag_decorator.py
[2025-10-17T03:20:22.534+0000] {processor.py:830} INFO - Processing file /home/airflow/.local/lib/python3.12/site-packages/airflow/example_dags/example_dag_decorator.py for tasks to queue
[2025-10-17T03:20:22.536+0000] {logging_mixin.py:188} INFO - [2025-10-17T03:20:22.536+0000] {dagbag.py:545} INFO - Filling up the DagBag from /home/airflow/.local/lib/python3.12/site-packages/airflow/example_dags/example_dag_decorator.py
[2025-10-17T03:20:22.635+0000] {processor.py:840} INFO - DAG(s) 'example_dag_decorator' retrieved from /home/airflow/.local/lib/python3.12/site-packages/airflow/example_dags/example_dag_decorator.py
[2025-10-17T03:20:22.719+0000] {logging_mixin.py:188} INFO - [2025-10-17T03:20:22.718+0000] {dag.py:3096} INFO - Sync 1 DAGs
[2025-10-17T03:20:22.727+0000] {logging_mixin.py:188} INFO - [2025-10-17T03:20:22.727+0000] {dag.py:3954} INFO - Setting next_dagrun for example_dag_decorator to None, run_after=None
[2025-10-17T03:20:22.745+0000] {processor.py:183} INFO - Processing /home/airflow/.local/lib/python3.12/site-packages/airflow/example_dags/example_dag_decorator.py took 0.218 seconds
[2025-10-17T03:20:52.844+0000] {processor.py:161} INFO - Started process (PID=3023) to work on /home/airflow/.local/lib/python3.12/site-packages/airflow/example_dags/example_dag_decorator.py
[2025-10-17T03:20:52.845+0000] {processor.py:830} INFO - Processing file /home/airflow/.local/lib/python3.12/site-packages/airflow/example_dags/example_dag_decorator.py for tasks to queue
[2025-10-17T03:20:52.847+0000] {logging_mixin.py:188} INFO - [2025-10-17T03:20:52.846+0000] {dagbag.py:545} INFO - Filling up the DagBag from /home/airflow/.local/lib/python3.12/site-packages/airflow/example_dags/example_dag_decorator.py
[2025-10-17T03:20:52.936+0000] {processor.py:840} INFO - DAG(s) 'example_dag_decorator' retrieved from /home/airflow/.local/lib/python3.12/site-packages/airflow/example_dags/example_dag_decorator.py
[2025-10-17T03:20:53.029+0000] {logging_mixin.py:188} INFO - [2025-10-17T03:20:53.029+0000] {dag.py:3096} INFO - Sync 1 DAGs
[2025-10-17T03:20:53.038+0000] {logging_mixin.py:188} INFO - [2025-10-17T03:20:53.038+0000] {dag.py:3954} INFO - Setting next_dagrun for example_dag_decorator to None, run_after=None
[2025-10-17T03:20:53.057+0000] {processor.py:183} INFO - Processing /home/airflow/.local/lib/python3.12/site-packages/airflow/example_dags/example_dag_decorator.py took 0.218 seconds
[2025-10-17T03:21:23.184+0000] {processor.py:161} INFO - Started process (PID=3082) to work on /home/airflow/.local/lib/python3.12/site-packages/airflow/example_dags/example_dag_decorator.py
[2025-10-17T03:21:23.185+0000] {processor.py:830} INFO - Processing file /home/airflow/.local/lib/python3.12/site-packages/airflow/example_dags/example_dag_decorator.py for tasks to queue
[2025-10-17T03:21:23.187+0000] {logging_mixin.py:188} INFO - [2025-10-17T03:21:23.187+0000] {dagbag.py:545} INFO - Filling up the DagBag from /home/airflow/.local/lib/python3.12/site-packages/airflow/example_dags/example_dag_decorator.py
[2025-10-17T03:21:23.278+0000] {processor.py:840} INFO - DAG(s) 'example_dag_decorator' retrieved from /home/airflow/.local/lib/python3.12/site-packages/airflow/example_dags/example_dag_decorator.py
[2025-10-17T03:21:23.373+0000] {logging_mixin.py:188} INFO - [2025-10-17T03:21:23.373+0000] {dag.py:3096} INFO - Sync 1 DAGs
[2025-10-17T03:21:23.383+0000] {logging_mixin.py:188} INFO - [2025-10-17T03:21:23.383+0000] {dag.py:3954} INFO - Setting next_dagrun for example_dag_decorator to None, run_after=None
[2025-10-17T03:21:23.400+0000] {processor.py:183} INFO - Processing /home/airflow/.local/lib/python3.12/site-packages/airflow/example_dags/example_dag_decorator.py took 0.222 seconds
[2025-10-17T03:21:53.565+0000] {processor.py:161} INFO - Started process (PID=3142) to work on /home/airflow/.local/lib/python3.12/site-packages/airflow/example_dags/example_dag_decorator.py
[2025-10-17T03:21:53.566+0000] {processor.py:830} INFO - Processing file /home/airflow/.local/lib/python3.12/site-packages/airflow/example_dags/example_dag_decorator.py for tasks to queue
[2025-10-17T03:21:53.568+0000] {logging_mixin.py:188} INFO - [2025-10-17T03:21:53.567+0000] {dagbag.py:545} INFO - Filling up the DagBag from /home/airflow/.local/lib/python3.12/site-packages/airflow/example_dags/example_dag_decorator.py
[2025-10-17T03:21:53.662+0000] {processor.py:840} INFO - DAG(s) 'example_dag_decorator' retrieved from /home/airflow/.local/lib/python3.12/site-packages/airflow/example_dags/example_dag_decorator.py
[2025-10-17T03:21:53.749+0000] {logging_mixin.py:188} INFO - [2025-10-17T03:21:53.749+0000] {dag.py:3096} INFO - Sync 1 DAGs
[2025-10-17T03:21:53.760+0000] {logging_mixin.py:188} INFO - [2025-10-17T03:21:53.760+0000] {dag.py:3954} INFO - Setting next_dagrun for example_dag_decorator to None, run_after=None
[2025-10-17T03:21:53.777+0000] {processor.py:183} INFO - Processing /home/airflow/.local/lib/python3.12/site-packages/airflow/example_dags/example_dag_decorator.py took 0.218 seconds
[2025-10-17T03:22:24.049+0000] {processor.py:161} INFO - Started process (PID=3202) to work on /home/airflow/.local/lib/python3.12/site-packages/airflow/example_dags/example_dag_decorator.py
[2025-10-17T03:22:24.050+0000] {processor.py:830} INFO - Processing file /home/airflow/.local/lib/python3.12/site-packages/airflow/example_dags/example_dag_decorator.py for tasks to queue
[2025-10-17T03:22:24.053+0000] {logging_mixin.py:188} INFO - [2025-10-17T03:22:24.052+0000] {dagbag.py:545} INFO - Filling up the DagBag from /home/airflow/.local/lib/python3.12/site-packages/airflow/example_dags/example_dag_decorator.py
[2025-10-17T03:22:24.151+0000] {processor.py:840} INFO - DAG(s) 'example_dag_decorator' retrieved from /home/airflow/.local/lib/python3.12/site-packages/airflow/example_dags/example_dag_decorator.py
[2025-10-17T03:22:24.247+0000] {logging_mixin.py:188} INFO - [2025-10-17T03:22:24.246+0000] {dag.py:3096} INFO - Sync 1 DAGs
[2025-10-17T03:22:24.259+0000] {logging_mixin.py:188} INFO - [2025-10-17T03:22:24.258+0000] {dag.py:3954} INFO - Setting next_dagrun for example_dag_decorator to None, run_after=None
[2025-10-17T03:22:24.281+0000] {processor.py:183} INFO - Processing /home/airflow/.local/lib/python3.12/site-packages/airflow/example_dags/example_dag_decorator.py took 0.238 seconds
[2025-10-17T03:22:54.486+0000] {processor.py:161} INFO - Started process (PID=3261) to work on /home/airflow/.local/lib/python3.12/site-packages/airflow/example_dags/example_dag_decorator.py
[2025-10-17T03:22:54.488+0000] {processor.py:830} INFO - Processing file /home/airflow/.local/lib/python3.12/site-packages/airflow/example_dags/example_dag_decorator.py for tasks to queue
[2025-10-17T03:22:54.489+0000] {logging_mixin.py:188} INFO - [2025-10-17T03:22:54.489+0000] {dagbag.py:545} INFO - Filling up the DagBag from /home/airflow/.local/lib/python3.12/site-packages/airflow/example_dags/example_dag_decorator.py
[2025-10-17T03:22:54.584+0000] {processor.py:840} INFO - DAG(s) 'example_dag_decorator' retrieved from /home/airflow/.local/lib/python3.12/site-packages/airflow/example_dags/example_dag_decorator.py
[2025-10-17T03:22:54.666+0000] {logging_mixin.py:188} INFO - [2025-10-17T03:22:54.665+0000] {dag.py:3096} INFO - Sync 1 DAGs
[2025-10-17T03:22:54.674+0000] {logging_mixin.py:188} INFO - [2025-10-17T03:22:54.673+0000] {dag.py:3954} INFO - Setting next_dagrun for example_dag_decorator to None, run_after=None
[2025-10-17T03:22:54.692+0000] {processor.py:183} INFO - Processing /home/airflow/.local/lib/python3.12/site-packages/airflow/example_dags/example_dag_decorator.py took 0.211 seconds
[2025-10-17T03:23:24.734+0000] {processor.py:161} INFO - Started process (PID=3321) to work on /home/airflow/.local/lib/python3.12/site-packages/airflow/example_dags/example_dag_decorator.py
[2025-10-17T03:23:24.735+0000] {processor.py:830} INFO - Processing file /home/airflow/.local/lib/python3.12/site-packages/airflow/example_dags/example_dag_decorator.py for tasks to queue
[2025-10-17T03:23:24.737+0000] {logging_mixin.py:188} INFO - [2025-10-17T03:23:24.736+0000] {dagbag.py:545} INFO - Filling up the DagBag from /home/airflow/.local/lib/python3.12/site-packages/airflow/example_dags/example_dag_decorator.py
[2025-10-17T03:23:24.829+0000] {processor.py:840} INFO - DAG(s) 'example_dag_decorator' retrieved from /home/airflow/.local/lib/python3.12/site-packages/airflow/example_dags/example_dag_decorator.py
[2025-10-17T03:23:24.923+0000] {logging_mixin.py:188} INFO - [2025-10-17T03:23:24.922+0000] {dag.py:3096} INFO - Sync 1 DAGs
[2025-10-17T03:23:24.932+0000] {logging_mixin.py:188} INFO - [2025-10-17T03:23:24.932+0000] {dag.py:3954} INFO - Setting next_dagrun for example_dag_decorator to None, run_after=None
[2025-10-17T03:23:24.950+0000] {processor.py:183} INFO - Processing /home/airflow/.local/lib/python3.12/site-packages/airflow/example_dags/example_dag_decorator.py took 0.221 seconds
[2025-10-17T03:23:55.060+0000] {processor.py:161} INFO - Started process (PID=3380) to work on /home/airflow/.local/lib/python3.12/site-packages/airflow/example_dags/example_dag_decorator.py
[2025-10-17T03:23:55.061+0000] {processor.py:830} INFO - Processing file /home/airflow/.local/lib/python3.12/site-packages/airflow/example_dags/example_dag_decorator.py for tasks to queue
[2025-10-17T03:23:55.064+0000] {logging_mixin.py:188} INFO - [2025-10-17T03:23:55.063+0000] {dagbag.py:545} INFO - Filling up the DagBag from /home/airflow/.local/lib/python3.12/site-packages/airflow/example_dags/example_dag_decorator.py
[2025-10-17T03:23:55.170+0000] {processor.py:840} INFO - DAG(s) 'example_dag_decorator' retrieved from /home/airflow/.local/lib/python3.12/site-packages/airflow/example_dags/example_dag_decorator.py
[2025-10-17T03:23:55.285+0000] {logging_mixin.py:188} INFO - [2025-10-17T03:23:55.284+0000] {dag.py:3096} INFO - Sync 1 DAGs
[2025-10-17T03:23:55.296+0000] {logging_mixin.py:188} INFO - [2025-10-17T03:23:55.296+0000] {dag.py:3954} INFO - Setting next_dagrun for example_dag_decorator to None, run_after=None
[2025-10-17T03:23:55.320+0000] {processor.py:183} INFO - Processing /home/airflow/.local/lib/python3.12/site-packages/airflow/example_dags/example_dag_decorator.py took 0.266 seconds
[2025-10-17T03:24:25.905+0000] {processor.py:161} INFO - Started process (PID=3436) to work on /home/airflow/.local/lib/python3.12/site-packages/airflow/example_dags/example_dag_decorator.py
[2025-10-17T03:24:25.906+0000] {processor.py:830} INFO - Processing file /home/airflow/.local/lib/python3.12/site-packages/airflow/example_dags/example_dag_decorator.py for tasks to queue
[2025-10-17T03:24:25.908+0000] {logging_mixin.py:188} INFO - [2025-10-17T03:24:25.908+0000] {dagbag.py:545} INFO - Filling up the DagBag from /home/airflow/.local/lib/python3.12/site-packages/airflow/example_dags/example_dag_decorator.py
[2025-10-17T03:24:26.000+0000] {processor.py:840} INFO - DAG(s) 'example_dag_decorator' retrieved from /home/airflow/.local/lib/python3.12/site-packages/airflow/example_dags/example_dag_decorator.py
[2025-10-17T03:24:26.084+0000] {logging_mixin.py:188} INFO - [2025-10-17T03:24:26.083+0000] {dag.py:3096} INFO - Sync 1 DAGs
[2025-10-17T03:24:26.095+0000] {logging_mixin.py:188} INFO - [2025-10-17T03:24:26.095+0000] {dag.py:3954} INFO - Setting next_dagrun for example_dag_decorator to None, run_after=None
[2025-10-17T03:24:26.114+0000] {processor.py:183} INFO - Processing /home/airflow/.local/lib/python3.12/site-packages/airflow/example_dags/example_dag_decorator.py took 0.214 seconds
[2025-10-17T03:24:56.153+0000] {processor.py:161} INFO - Started process (PID=3495) to work on /home/airflow/.local/lib/python3.12/site-packages/airflow/example_dags/example_dag_decorator.py
[2025-10-17T03:24:56.154+0000] {processor.py:830} INFO - Processing file /home/airflow/.local/lib/python3.12/site-packages/airflow/example_dags/example_dag_decorator.py for tasks to queue
[2025-10-17T03:24:56.156+0000] {logging_mixin.py:188} INFO - [2025-10-17T03:24:56.156+0000] {dagbag.py:545} INFO - Filling up the DagBag from /home/airflow/.local/lib/python3.12/site-packages/airflow/example_dags/example_dag_decorator.py
[2025-10-17T03:24:56.246+0000] {processor.py:840} INFO - DAG(s) 'example_dag_decorator' retrieved from /home/airflow/.local/lib/python3.12/site-packages/airflow/example_dags/example_dag_decorator.py
[2025-10-17T03:24:56.329+0000] {logging_mixin.py:188} INFO - [2025-10-17T03:24:56.329+0000] {dag.py:3096} INFO - Sync 1 DAGs
[2025-10-17T03:24:56.338+0000] {logging_mixin.py:188} INFO - [2025-10-17T03:24:56.338+0000] {dag.py:3954} INFO - Setting next_dagrun for example_dag_decorator to None, run_after=None
[2025-10-17T03:24:56.356+0000] {processor.py:183} INFO - Processing /home/airflow/.local/lib/python3.12/site-packages/airflow/example_dags/example_dag_decorator.py took 0.208 seconds
[2025-10-17T03:25:26.565+0000] {processor.py:161} INFO - Started process (PID=3555) to work on /home/airflow/.local/lib/python3.12/site-packages/airflow/example_dags/example_dag_decorator.py
[2025-10-17T03:25:26.566+0000] {processor.py:830} INFO - Processing file /home/airflow/.local/lib/python3.12/site-packages/airflow/example_dags/example_dag_decorator.py for tasks to queue
[2025-10-17T03:25:26.568+0000] {logging_mixin.py:188} INFO - [2025-10-17T03:25:26.568+0000] {dagbag.py:545} INFO - Filling up the DagBag from /home/airflow/.local/lib/python3.12/site-packages/airflow/example_dags/example_dag_decorator.py
[2025-10-17T03:25:26.666+0000] {processor.py:840} INFO - DAG(s) 'example_dag_decorator' retrieved from /home/airflow/.local/lib/python3.12/site-packages/airflow/example_dags/example_dag_decorator.py
[2025-10-17T03:25:26.747+0000] {logging_mixin.py:188} INFO - [2025-10-17T03:25:26.747+0000] {dag.py:3096} INFO - Sync 1 DAGs
[2025-10-17T03:25:26.756+0000] {logging_mixin.py:188} INFO - [2025-10-17T03:25:26.756+0000] {dag.py:3954} INFO - Setting next_dagrun for example_dag_decorator to None, run_after=None
[2025-10-17T03:25:26.773+0000] {processor.py:183} INFO - Processing /home/airflow/.local/lib/python3.12/site-packages/airflow/example_dags/example_dag_decorator.py took 0.213 seconds
[2025-10-17T03:25:56.821+0000] {processor.py:161} INFO - Started process (PID=3614) to work on /home/airflow/.local/lib/python3.12/site-packages/airflow/example_dags/example_dag_decorator.py
[2025-10-17T03:25:56.822+0000] {processor.py:830} INFO - Processing file /home/airflow/.local/lib/python3.12/site-packages/airflow/example_dags/example_dag_decorator.py for tasks to queue
[2025-10-17T03:25:56.824+0000] {logging_mixin.py:188} INFO - [2025-10-17T03:25:56.824+0000] {dagbag.py:545} INFO - Filling up the DagBag from /home/airflow/.local/lib/python3.12/site-packages/airflow/example_dags/example_dag_decorator.py
[2025-10-17T03:25:56.924+0000] {processor.py:840} INFO - DAG(s) 'example_dag_decorator' retrieved from /home/airflow/.local/lib/python3.12/site-packages/airflow/example_dags/example_dag_decorator.py
[2025-10-17T03:25:57.013+0000] {logging_mixin.py:188} INFO - [2025-10-17T03:25:57.013+0000] {dag.py:3096} INFO - Sync 1 DAGs
[2025-10-17T03:25:57.023+0000] {logging_mixin.py:188} INFO - [2025-10-17T03:25:57.023+0000] {dag.py:3954} INFO - Setting next_dagrun for example_dag_decorator to None, run_after=None
[2025-10-17T03:25:57.042+0000] {processor.py:183} INFO - Processing /home/airflow/.local/lib/python3.12/site-packages/airflow/example_dags/example_dag_decorator.py took 0.225 seconds
[2025-10-17T03:26:27.147+0000] {processor.py:161} INFO - Started process (PID=3674) to work on /home/airflow/.local/lib/python3.12/site-packages/airflow/example_dags/example_dag_decorator.py
[2025-10-17T03:26:27.148+0000] {processor.py:830} INFO - Processing file /home/airflow/.local/lib/python3.12/site-packages/airflow/example_dags/example_dag_decorator.py for tasks to queue
[2025-10-17T03:26:27.151+0000] {logging_mixin.py:188} INFO - [2025-10-17T03:26:27.150+0000] {dagbag.py:545} INFO - Filling up the DagBag from /home/airflow/.local/lib/python3.12/site-packages/airflow/example_dags/example_dag_decorator.py
[2025-10-17T03:26:27.247+0000] {processor.py:840} INFO - DAG(s) 'example_dag_decorator' retrieved from /home/airflow/.local/lib/python3.12/site-packages/airflow/example_dags/example_dag_decorator.py
[2025-10-17T03:26:27.336+0000] {logging_mixin.py:188} INFO - [2025-10-17T03:26:27.336+0000] {dag.py:3096} INFO - Sync 1 DAGs
[2025-10-17T03:26:27.346+0000] {logging_mixin.py:188} INFO - [2025-10-17T03:26:27.346+0000] {dag.py:3954} INFO - Setting next_dagrun for example_dag_decorator to None, run_after=None
[2025-10-17T03:26:27.366+0000] {processor.py:183} INFO - Processing /home/airflow/.local/lib/python3.12/site-packages/airflow/example_dags/example_dag_decorator.py took 0.226 seconds
[2025-10-17T03:26:58.320+0000] {processor.py:161} INFO - Started process (PID=3734) to work on /home/airflow/.local/lib/python3.12/site-packages/airflow/example_dags/example_dag_decorator.py
[2025-10-17T03:26:58.321+0000] {processor.py:830} INFO - Processing file /home/airflow/.local/lib/python3.12/site-packages/airflow/example_dags/example_dag_decorator.py for tasks to queue
[2025-10-17T03:26:58.323+0000] {logging_mixin.py:188} INFO - [2025-10-17T03:26:58.323+0000] {dagbag.py:545} INFO - Filling up the DagBag from /home/airflow/.local/lib/python3.12/site-packages/airflow/example_dags/example_dag_decorator.py
[2025-10-17T03:26:58.414+0000] {processor.py:840} INFO - DAG(s) 'example_dag_decorator' retrieved from /home/airflow/.local/lib/python3.12/site-packages/airflow/example_dags/example_dag_decorator.py
[2025-10-17T03:26:58.503+0000] {logging_mixin.py:188} INFO - [2025-10-17T03:26:58.503+0000] {dag.py:3096} INFO - Sync 1 DAGs
[2025-10-17T03:26:58.513+0000] {logging_mixin.py:188} INFO - [2025-10-17T03:26:58.512+0000] {dag.py:3954} INFO - Setting next_dagrun for example_dag_decorator to None, run_after=None
[2025-10-17T03:26:58.531+0000] {processor.py:183} INFO - Processing /home/airflow/.local/lib/python3.12/site-packages/airflow/example_dags/example_dag_decorator.py took 0.215 seconds
[2025-10-17T03:27:28.775+0000] {processor.py:161} INFO - Started process (PID=3793) to work on /home/airflow/.local/lib/python3.12/site-packages/airflow/example_dags/example_dag_decorator.py
[2025-10-17T03:27:28.776+0000] {processor.py:830} INFO - Processing file /home/airflow/.local/lib/python3.12/site-packages/airflow/example_dags/example_dag_decorator.py for tasks to queue
[2025-10-17T03:27:28.778+0000] {logging_mixin.py:188} INFO - [2025-10-17T03:27:28.777+0000] {dagbag.py:545} INFO - Filling up the DagBag from /home/airflow/.local/lib/python3.12/site-packages/airflow/example_dags/example_dag_decorator.py
[2025-10-17T03:27:28.869+0000] {processor.py:840} INFO - DAG(s) 'example_dag_decorator' retrieved from /home/airflow/.local/lib/python3.12/site-packages/airflow/example_dags/example_dag_decorator.py
[2025-10-17T03:27:28.953+0000] {logging_mixin.py:188} INFO - [2025-10-17T03:27:28.953+0000] {dag.py:3096} INFO - Sync 1 DAGs
[2025-10-17T03:27:28.963+0000] {logging_mixin.py:188} INFO - [2025-10-17T03:27:28.962+0000] {dag.py:3954} INFO - Setting next_dagrun for example_dag_decorator to None, run_after=None
[2025-10-17T03:27:28.984+0000] {processor.py:183} INFO - Processing /home/airflow/.local/lib/python3.12/site-packages/airflow/example_dags/example_dag_decorator.py took 0.214 seconds
[2025-10-17T03:27:59.384+0000] {processor.py:161} INFO - Started process (PID=3852) to work on /home/airflow/.local/lib/python3.12/site-packages/airflow/example_dags/example_dag_decorator.py
[2025-10-17T03:27:59.386+0000] {processor.py:830} INFO - Processing file /home/airflow/.local/lib/python3.12/site-packages/airflow/example_dags/example_dag_decorator.py for tasks to queue
[2025-10-17T03:27:59.389+0000] {logging_mixin.py:188} INFO - [2025-10-17T03:27:59.389+0000] {dagbag.py:545} INFO - Filling up the DagBag from /home/airflow/.local/lib/python3.12/site-packages/airflow/example_dags/example_dag_decorator.py
[2025-10-17T03:27:59.561+0000] {processor.py:840} INFO - DAG(s) 'example_dag_decorator' retrieved from /home/airflow/.local/lib/python3.12/site-packages/airflow/example_dags/example_dag_decorator.py
[2025-10-17T03:27:59.588+0000] {logging_mixin.py:188} INFO - [2025-10-17T03:27:59.588+0000] {dag.py:3096} INFO - Sync 1 DAGs
[2025-10-17T03:27:59.603+0000] {logging_mixin.py:188} INFO - [2025-10-17T03:27:59.602+0000] {dag.py:3954} INFO - Setting next_dagrun for example_dag_decorator to None, run_after=None
[2025-10-17T03:27:59.625+0000] {processor.py:183} INFO - Processing /home/airflow/.local/lib/python3.12/site-packages/airflow/example_dags/example_dag_decorator.py took 0.259 seconds
[2025-10-17T03:28:29.711+0000] {processor.py:161} INFO - Started process (PID=3911) to work on /home/airflow/.local/lib/python3.12/site-packages/airflow/example_dags/example_dag_decorator.py
[2025-10-17T03:28:29.713+0000] {processor.py:830} INFO - Processing file /home/airflow/.local/lib/python3.12/site-packages/airflow/example_dags/example_dag_decorator.py for tasks to queue
[2025-10-17T03:28:29.715+0000] {logging_mixin.py:188} INFO - [2025-10-17T03:28:29.715+0000] {dagbag.py:545} INFO - Filling up the DagBag from /home/airflow/.local/lib/python3.12/site-packages/airflow/example_dags/example_dag_decorator.py
[2025-10-17T03:28:29.874+0000] {processor.py:840} INFO - DAG(s) 'example_dag_decorator' retrieved from /home/airflow/.local/lib/python3.12/site-packages/airflow/example_dags/example_dag_decorator.py
[2025-10-17T03:28:29.961+0000] {logging_mixin.py:188} INFO - [2025-10-17T03:28:29.961+0000] {dag.py:3096} INFO - Sync 1 DAGs
[2025-10-17T03:28:29.971+0000] {logging_mixin.py:188} INFO - [2025-10-17T03:28:29.970+0000] {dag.py:3954} INFO - Setting next_dagrun for example_dag_decorator to None, run_after=None
[2025-10-17T03:28:29.989+0000] {processor.py:183} INFO - Processing /home/airflow/.local/lib/python3.12/site-packages/airflow/example_dags/example_dag_decorator.py took 0.285 seconds
[2025-10-17T03:29:00.102+0000] {processor.py:161} INFO - Started process (PID=3971) to work on /home/airflow/.local/lib/python3.12/site-packages/airflow/example_dags/example_dag_decorator.py
[2025-10-17T03:29:00.104+0000] {processor.py:830} INFO - Processing file /home/airflow/.local/lib/python3.12/site-packages/airflow/example_dags/example_dag_decorator.py for tasks to queue
[2025-10-17T03:29:00.106+0000] {logging_mixin.py:188} INFO - [2025-10-17T03:29:00.105+0000] {dagbag.py:545} INFO - Filling up the DagBag from /home/airflow/.local/lib/python3.12/site-packages/airflow/example_dags/example_dag_decorator.py
[2025-10-17T03:29:00.205+0000] {processor.py:840} INFO - DAG(s) 'example_dag_decorator' retrieved from /home/airflow/.local/lib/python3.12/site-packages/airflow/example_dags/example_dag_decorator.py
[2025-10-17T03:29:00.309+0000] {logging_mixin.py:188} INFO - [2025-10-17T03:29:00.309+0000] {dag.py:3096} INFO - Sync 1 DAGs
[2025-10-17T03:29:00.320+0000] {logging_mixin.py:188} INFO - [2025-10-17T03:29:00.320+0000] {dag.py:3954} INFO - Setting next_dagrun for example_dag_decorator to None, run_after=None
[2025-10-17T03:29:00.338+0000] {processor.py:183} INFO - Processing /home/airflow/.local/lib/python3.12/site-packages/airflow/example_dags/example_dag_decorator.py took 0.241 seconds
[2025-10-17T03:29:30.423+0000] {processor.py:161} INFO - Started process (PID=4029) to work on /home/airflow/.local/lib/python3.12/site-packages/airflow/example_dags/example_dag_decorator.py
[2025-10-17T03:29:30.425+0000] {processor.py:830} INFO - Processing file /home/airflow/.local/lib/python3.12/site-packages/airflow/example_dags/example_dag_decorator.py for tasks to queue
[2025-10-17T03:29:30.427+0000] {logging_mixin.py:188} INFO - [2025-10-17T03:29:30.427+0000] {dagbag.py:545} INFO - Filling up the DagBag from /home/airflow/.local/lib/python3.12/site-packages/airflow/example_dags/example_dag_decorator.py
[2025-10-17T03:29:30.538+0000] {processor.py:840} INFO - DAG(s) 'example_dag_decorator' retrieved from /home/airflow/.local/lib/python3.12/site-packages/airflow/example_dags/example_dag_decorator.py
[2025-10-17T03:29:30.626+0000] {logging_mixin.py:188} INFO - [2025-10-17T03:29:30.625+0000] {dag.py:3096} INFO - Sync 1 DAGs
[2025-10-17T03:29:30.634+0000] {logging_mixin.py:188} INFO - [2025-10-17T03:29:30.634+0000] {dag.py:3954} INFO - Setting next_dagrun for example_dag_decorator to None, run_after=None
[2025-10-17T03:29:30.652+0000] {processor.py:183} INFO - Processing /home/airflow/.local/lib/python3.12/site-packages/airflow/example_dags/example_dag_decorator.py took 0.236 seconds
[2025-10-17T03:30:00.916+0000] {processor.py:161} INFO - Started process (PID=4088) to work on /home/airflow/.local/lib/python3.12/site-packages/airflow/example_dags/example_dag_decorator.py
[2025-10-17T03:30:00.918+0000] {processor.py:830} INFO - Processing file /home/airflow/.local/lib/python3.12/site-packages/airflow/example_dags/example_dag_decorator.py for tasks to queue
[2025-10-17T03:30:00.920+0000] {logging_mixin.py:188} INFO - [2025-10-17T03:30:00.919+0000] {dagbag.py:545} INFO - Filling up the DagBag from /home/airflow/.local/lib/python3.12/site-packages/airflow/example_dags/example_dag_decorator.py
[2025-10-17T03:30:01.023+0000] {processor.py:840} INFO - DAG(s) 'example_dag_decorator' retrieved from /home/airflow/.local/lib/python3.12/site-packages/airflow/example_dags/example_dag_decorator.py
[2025-10-17T03:30:01.119+0000] {logging_mixin.py:188} INFO - [2025-10-17T03:30:01.119+0000] {dag.py:3096} INFO - Sync 1 DAGs
[2025-10-17T03:30:01.130+0000] {logging_mixin.py:188} INFO - [2025-10-17T03:30:01.130+0000] {dag.py:3954} INFO - Setting next_dagrun for example_dag_decorator to None, run_after=None
[2025-10-17T03:30:01.152+0000] {processor.py:183} INFO - Processing /home/airflow/.local/lib/python3.12/site-packages/airflow/example_dags/example_dag_decorator.py took 0.241 seconds
[2025-10-17T03:30:31.241+0000] {processor.py:161} INFO - Started process (PID=4147) to work on /home/airflow/.local/lib/python3.12/site-packages/airflow/example_dags/example_dag_decorator.py
[2025-10-17T03:30:31.242+0000] {processor.py:830} INFO - Processing file /home/airflow/.local/lib/python3.12/site-packages/airflow/example_dags/example_dag_decorator.py for tasks to queue
[2025-10-17T03:30:31.244+0000] {logging_mixin.py:188} INFO - [2025-10-17T03:30:31.243+0000] {dagbag.py:545} INFO - Filling up the DagBag from /home/airflow/.local/lib/python3.12/site-packages/airflow/example_dags/example_dag_decorator.py
[2025-10-17T03:30:31.332+0000] {processor.py:840} INFO - DAG(s) 'example_dag_decorator' retrieved from /home/airflow/.local/lib/python3.12/site-packages/airflow/example_dags/example_dag_decorator.py
[2025-10-17T03:30:31.415+0000] {logging_mixin.py:188} INFO - [2025-10-17T03:30:31.414+0000] {dag.py:3096} INFO - Sync 1 DAGs
[2025-10-17T03:30:31.424+0000] {logging_mixin.py:188} INFO - [2025-10-17T03:30:31.423+0000] {dag.py:3954} INFO - Setting next_dagrun for example_dag_decorator to None, run_after=None
[2025-10-17T03:30:31.443+0000] {processor.py:183} INFO - Processing /home/airflow/.local/lib/python3.12/site-packages/airflow/example_dags/example_dag_decorator.py took 0.208 seconds
[2025-10-17T03:31:01.921+0000] {processor.py:161} INFO - Started process (PID=4206) to work on /home/airflow/.local/lib/python3.12/site-packages/airflow/example_dags/example_dag_decorator.py
[2025-10-17T03:31:01.922+0000] {processor.py:830} INFO - Processing file /home/airflow/.local/lib/python3.12/site-packages/airflow/example_dags/example_dag_decorator.py for tasks to queue
[2025-10-17T03:31:01.924+0000] {logging_mixin.py:188} INFO - [2025-10-17T03:31:01.924+0000] {dagbag.py:545} INFO - Filling up the DagBag from /home/airflow/.local/lib/python3.12/site-packages/airflow/example_dags/example_dag_decorator.py
[2025-10-17T03:31:02.024+0000] {processor.py:840} INFO - DAG(s) 'example_dag_decorator' retrieved from /home/airflow/.local/lib/python3.12/site-packages/airflow/example_dags/example_dag_decorator.py
[2025-10-17T03:31:02.104+0000] {logging_mixin.py:188} INFO - [2025-10-17T03:31:02.104+0000] {dag.py:3096} INFO - Sync 1 DAGs
[2025-10-17T03:31:02.113+0000] {logging_mixin.py:188} INFO - [2025-10-17T03:31:02.113+0000] {dag.py:3954} INFO - Setting next_dagrun for example_dag_decorator to None, run_after=None
[2025-10-17T03:31:02.133+0000] {processor.py:183} INFO - Processing /home/airflow/.local/lib/python3.12/site-packages/airflow/example_dags/example_dag_decorator.py took 0.217 seconds
[2025-10-17T03:31:32.860+0000] {processor.py:161} INFO - Started process (PID=4265) to work on /home/airflow/.local/lib/python3.12/site-packages/airflow/example_dags/example_dag_decorator.py
[2025-10-17T03:31:32.861+0000] {processor.py:830} INFO - Processing file /home/airflow/.local/lib/python3.12/site-packages/airflow/example_dags/example_dag_decorator.py for tasks to queue
[2025-10-17T03:31:32.864+0000] {logging_mixin.py:188} INFO - [2025-10-17T03:31:32.863+0000] {dagbag.py:545} INFO - Filling up the DagBag from /home/airflow/.local/lib/python3.12/site-packages/airflow/example_dags/example_dag_decorator.py
[2025-10-17T03:31:32.963+0000] {processor.py:840} INFO - DAG(s) 'example_dag_decorator' retrieved from /home/airflow/.local/lib/python3.12/site-packages/airflow/example_dags/example_dag_decorator.py
[2025-10-17T03:31:33.060+0000] {logging_mixin.py:188} INFO - [2025-10-17T03:31:33.060+0000] {dag.py:3096} INFO - Sync 1 DAGs
[2025-10-17T03:31:33.072+0000] {logging_mixin.py:188} INFO - [2025-10-17T03:31:33.071+0000] {dag.py:3954} INFO - Setting next_dagrun for example_dag_decorator to None, run_after=None
[2025-10-17T03:31:33.093+0000] {processor.py:183} INFO - Processing /home/airflow/.local/lib/python3.12/site-packages/airflow/example_dags/example_dag_decorator.py took 0.239 seconds
[2025-10-17T03:32:03.285+0000] {processor.py:161} INFO - Started process (PID=4324) to work on /home/airflow/.local/lib/python3.12/site-packages/airflow/example_dags/example_dag_decorator.py
[2025-10-17T03:32:03.286+0000] {processor.py:830} INFO - Processing file /home/airflow/.local/lib/python3.12/site-packages/airflow/example_dags/example_dag_decorator.py for tasks to queue
[2025-10-17T03:32:03.288+0000] {logging_mixin.py:188} INFO - [2025-10-17T03:32:03.288+0000] {dagbag.py:545} INFO - Filling up the DagBag from /home/airflow/.local/lib/python3.12/site-packages/airflow/example_dags/example_dag_decorator.py
[2025-10-17T03:32:03.378+0000] {processor.py:840} INFO - DAG(s) 'example_dag_decorator' retrieved from /home/airflow/.local/lib/python3.12/site-packages/airflow/example_dags/example_dag_decorator.py
[2025-10-17T03:32:03.467+0000] {logging_mixin.py:188} INFO - [2025-10-17T03:32:03.467+0000] {dag.py:3096} INFO - Sync 1 DAGs
[2025-10-17T03:32:03.478+0000] {logging_mixin.py:188} INFO - [2025-10-17T03:32:03.478+0000] {dag.py:3954} INFO - Setting next_dagrun for example_dag_decorator to None, run_after=None
[2025-10-17T03:32:03.497+0000] {processor.py:183} INFO - Processing /home/airflow/.local/lib/python3.12/site-packages/airflow/example_dags/example_dag_decorator.py took 0.217 seconds
[2025-10-17T03:32:33.675+0000] {processor.py:161} INFO - Started process (PID=4383) to work on /home/airflow/.local/lib/python3.12/site-packages/airflow/example_dags/example_dag_decorator.py
[2025-10-17T03:32:33.677+0000] {processor.py:830} INFO - Processing file /home/airflow/.local/lib/python3.12/site-packages/airflow/example_dags/example_dag_decorator.py for tasks to queue
[2025-10-17T03:32:33.679+0000] {logging_mixin.py:188} INFO - [2025-10-17T03:32:33.679+0000] {dagbag.py:545} INFO - Filling up the DagBag from /home/airflow/.local/lib/python3.12/site-packages/airflow/example_dags/example_dag_decorator.py
[2025-10-17T03:32:33.769+0000] {processor.py:840} INFO - DAG(s) 'example_dag_decorator' retrieved from /home/airflow/.local/lib/python3.12/site-packages/airflow/example_dags/example_dag_decorator.py
[2025-10-17T03:32:33.852+0000] {logging_mixin.py:188} INFO - [2025-10-17T03:32:33.852+0000] {dag.py:3096} INFO - Sync 1 DAGs
[2025-10-17T03:32:33.861+0000] {logging_mixin.py:188} INFO - [2025-10-17T03:32:33.861+0000] {dag.py:3954} INFO - Setting next_dagrun for example_dag_decorator to None, run_after=None
[2025-10-17T03:32:33.883+0000] {processor.py:183} INFO - Processing /home/airflow/.local/lib/python3.12/site-packages/airflow/example_dags/example_dag_decorator.py took 0.213 seconds
[2025-10-17T03:33:04.372+0000] {processor.py:161} INFO - Started process (PID=4442) to work on /home/airflow/.local/lib/python3.12/site-packages/airflow/example_dags/example_dag_decorator.py
[2025-10-17T03:33:04.373+0000] {processor.py:830} INFO - Processing file /home/airflow/.local/lib/python3.12/site-packages/airflow/example_dags/example_dag_decorator.py for tasks to queue
[2025-10-17T03:33:04.375+0000] {logging_mixin.py:188} INFO - [2025-10-17T03:33:04.375+0000] {dagbag.py:545} INFO - Filling up the DagBag from /home/airflow/.local/lib/python3.12/site-packages/airflow/example_dags/example_dag_decorator.py
[2025-10-17T03:33:04.468+0000] {processor.py:840} INFO - DAG(s) 'example_dag_decorator' retrieved from /home/airflow/.local/lib/python3.12/site-packages/airflow/example_dags/example_dag_decorator.py
[2025-10-17T03:33:04.552+0000] {logging_mixin.py:188} INFO - [2025-10-17T03:33:04.552+0000] {dag.py:3096} INFO - Sync 1 DAGs
[2025-10-17T03:33:04.561+0000] {logging_mixin.py:188} INFO - [2025-10-17T03:33:04.561+0000] {dag.py:3954} INFO - Setting next_dagrun for example_dag_decorator to None, run_after=None
[2025-10-17T03:33:04.581+0000] {processor.py:183} INFO - Processing /home/airflow/.local/lib/python3.12/site-packages/airflow/example_dags/example_dag_decorator.py took 0.213 seconds
[2025-10-17T03:33:34.748+0000] {processor.py:161} INFO - Started process (PID=4503) to work on /home/airflow/.local/lib/python3.12/site-packages/airflow/example_dags/example_dag_decorator.py
[2025-10-17T03:33:34.749+0000] {processor.py:830} INFO - Processing file /home/airflow/.local/lib/python3.12/site-packages/airflow/example_dags/example_dag_decorator.py for tasks to queue
[2025-10-17T03:33:34.751+0000] {logging_mixin.py:188} INFO - [2025-10-17T03:33:34.751+0000] {dagbag.py:545} INFO - Filling up the DagBag from /home/airflow/.local/lib/python3.12/site-packages/airflow/example_dags/example_dag_decorator.py
[2025-10-17T03:33:34.838+0000] {processor.py:840} INFO - DAG(s) 'example_dag_decorator' retrieved from /home/airflow/.local/lib/python3.12/site-packages/airflow/example_dags/example_dag_decorator.py
[2025-10-17T03:33:34.919+0000] {logging_mixin.py:188} INFO - [2025-10-17T03:33:34.919+0000] {dag.py:3096} INFO - Sync 1 DAGs
[2025-10-17T03:33:34.928+0000] {logging_mixin.py:188} INFO - [2025-10-17T03:33:34.928+0000] {dag.py:3954} INFO - Setting next_dagrun for example_dag_decorator to None, run_after=None
[2025-10-17T03:33:34.948+0000] {processor.py:183} INFO - Processing /home/airflow/.local/lib/python3.12/site-packages/airflow/example_dags/example_dag_decorator.py took 0.205 seconds
[2025-10-17T03:34:06.073+0000] {processor.py:161} INFO - Started process (PID=4565) to work on /home/airflow/.local/lib/python3.12/site-packages/airflow/example_dags/example_dag_decorator.py
[2025-10-17T03:34:06.075+0000] {processor.py:830} INFO - Processing file /home/airflow/.local/lib/python3.12/site-packages/airflow/example_dags/example_dag_decorator.py for tasks to queue
[2025-10-17T03:34:06.077+0000] {logging_mixin.py:188} INFO - [2025-10-17T03:34:06.076+0000] {dagbag.py:545} INFO - Filling up the DagBag from /home/airflow/.local/lib/python3.12/site-packages/airflow/example_dags/example_dag_decorator.py
[2025-10-17T03:34:06.170+0000] {processor.py:840} INFO - DAG(s) 'example_dag_decorator' retrieved from /home/airflow/.local/lib/python3.12/site-packages/airflow/example_dags/example_dag_decorator.py
[2025-10-17T03:34:06.260+0000] {logging_mixin.py:188} INFO - [2025-10-17T03:34:06.260+0000] {dag.py:3096} INFO - Sync 1 DAGs
[2025-10-17T03:34:06.269+0000] {logging_mixin.py:188} INFO - [2025-10-17T03:34:06.269+0000] {dag.py:3954} INFO - Setting next_dagrun for example_dag_decorator to None, run_after=None
[2025-10-17T03:34:06.285+0000] {processor.py:183} INFO - Processing /home/airflow/.local/lib/python3.12/site-packages/airflow/example_dags/example_dag_decorator.py took 0.217 seconds
[2025-10-17T03:34:36.400+0000] {processor.py:161} INFO - Started process (PID=4625) to work on /home/airflow/.local/lib/python3.12/site-packages/airflow/example_dags/example_dag_decorator.py
[2025-10-17T03:34:36.401+0000] {processor.py:830} INFO - Processing file /home/airflow/.local/lib/python3.12/site-packages/airflow/example_dags/example_dag_decorator.py for tasks to queue
[2025-10-17T03:34:36.403+0000] {logging_mixin.py:188} INFO - [2025-10-17T03:34:36.403+0000] {dagbag.py:545} INFO - Filling up the DagBag from /home/airflow/.local/lib/python3.12/site-packages/airflow/example_dags/example_dag_decorator.py
[2025-10-17T03:34:36.496+0000] {processor.py:840} INFO - DAG(s) 'example_dag_decorator' retrieved from /home/airflow/.local/lib/python3.12/site-packages/airflow/example_dags/example_dag_decorator.py
[2025-10-17T03:34:36.583+0000] {logging_mixin.py:188} INFO - [2025-10-17T03:34:36.583+0000] {dag.py:3096} INFO - Sync 1 DAGs
[2025-10-17T03:34:36.595+0000] {logging_mixin.py:188} INFO - [2025-10-17T03:34:36.595+0000] {dag.py:3954} INFO - Setting next_dagrun for example_dag_decorator to None, run_after=None
[2025-10-17T03:34:36.614+0000] {processor.py:183} INFO - Processing /home/airflow/.local/lib/python3.12/site-packages/airflow/example_dags/example_dag_decorator.py took 0.219 seconds
[2025-10-17T03:35:06.670+0000] {processor.py:161} INFO - Started process (PID=4684) to work on /home/airflow/.local/lib/python3.12/site-packages/airflow/example_dags/example_dag_decorator.py
[2025-10-17T03:35:06.671+0000] {processor.py:830} INFO - Processing file /home/airflow/.local/lib/python3.12/site-packages/airflow/example_dags/example_dag_decorator.py for tasks to queue
[2025-10-17T03:35:06.673+0000] {logging_mixin.py:188} INFO - [2025-10-17T03:35:06.673+0000] {dagbag.py:545} INFO - Filling up the DagBag from /home/airflow/.local/lib/python3.12/site-packages/airflow/example_dags/example_dag_decorator.py
[2025-10-17T03:35:06.769+0000] {processor.py:840} INFO - DAG(s) 'example_dag_decorator' retrieved from /home/airflow/.local/lib/python3.12/site-packages/airflow/example_dags/example_dag_decorator.py
[2025-10-17T03:35:06.859+0000] {logging_mixin.py:188} INFO - [2025-10-17T03:35:06.858+0000] {dag.py:3096} INFO - Sync 1 DAGs
[2025-10-17T03:35:06.868+0000] {logging_mixin.py:188} INFO - [2025-10-17T03:35:06.868+0000] {dag.py:3954} INFO - Setting next_dagrun for example_dag_decorator to None, run_after=None
[2025-10-17T03:35:06.888+0000] {processor.py:183} INFO - Processing /home/airflow/.local/lib/python3.12/site-packages/airflow/example_dags/example_dag_decorator.py took 0.223 seconds
[2025-10-17T03:35:37.077+0000] {processor.py:161} INFO - Started process (PID=4742) to work on /home/airflow/.local/lib/python3.12/site-packages/airflow/example_dags/example_dag_decorator.py
[2025-10-17T03:35:37.078+0000] {processor.py:830} INFO - Processing file /home/airflow/.local/lib/python3.12/site-packages/airflow/example_dags/example_dag_decorator.py for tasks to queue
[2025-10-17T03:35:37.080+0000] {logging_mixin.py:188} INFO - [2025-10-17T03:35:37.080+0000] {dagbag.py:545} INFO - Filling up the DagBag from /home/airflow/.local/lib/python3.12/site-packages/airflow/example_dags/example_dag_decorator.py
[2025-10-17T03:35:37.169+0000] {processor.py:840} INFO - DAG(s) 'example_dag_decorator' retrieved from /home/airflow/.local/lib/python3.12/site-packages/airflow/example_dags/example_dag_decorator.py
[2025-10-17T03:35:37.254+0000] {logging_mixin.py:188} INFO - [2025-10-17T03:35:37.253+0000] {dag.py:3096} INFO - Sync 1 DAGs
[2025-10-17T03:35:37.263+0000] {logging_mixin.py:188} INFO - [2025-10-17T03:35:37.262+0000] {dag.py:3954} INFO - Setting next_dagrun for example_dag_decorator to None, run_after=None
[2025-10-17T03:35:37.279+0000] {processor.py:183} INFO - Processing /home/airflow/.local/lib/python3.12/site-packages/airflow/example_dags/example_dag_decorator.py took 0.206 seconds
[2025-10-17T03:36:07.479+0000] {processor.py:161} INFO - Started process (PID=4802) to work on /home/airflow/.local/lib/python3.12/site-packages/airflow/example_dags/example_dag_decorator.py
[2025-10-17T03:36:07.481+0000] {processor.py:830} INFO - Processing file /home/airflow/.local/lib/python3.12/site-packages/airflow/example_dags/example_dag_decorator.py for tasks to queue
[2025-10-17T03:36:07.484+0000] {logging_mixin.py:188} INFO - [2025-10-17T03:36:07.483+0000] {dagbag.py:545} INFO - Filling up the DagBag from /home/airflow/.local/lib/python3.12/site-packages/airflow/example_dags/example_dag_decorator.py
[2025-10-17T03:36:07.584+0000] {processor.py:840} INFO - DAG(s) 'example_dag_decorator' retrieved from /home/airflow/.local/lib/python3.12/site-packages/airflow/example_dags/example_dag_decorator.py
[2025-10-17T03:36:07.672+0000] {logging_mixin.py:188} INFO - [2025-10-17T03:36:07.672+0000] {dag.py:3096} INFO - Sync 1 DAGs
[2025-10-17T03:36:07.682+0000] {logging_mixin.py:188} INFO - [2025-10-17T03:36:07.682+0000] {dag.py:3954} INFO - Setting next_dagrun for example_dag_decorator to None, run_after=None
[2025-10-17T03:36:07.702+0000] {processor.py:183} INFO - Processing /home/airflow/.local/lib/python3.12/site-packages/airflow/example_dags/example_dag_decorator.py took 0.228 seconds
[2025-10-17T03:36:37.939+0000] {processor.py:161} INFO - Started process (PID=4862) to work on /home/airflow/.local/lib/python3.12/site-packages/airflow/example_dags/example_dag_decorator.py
[2025-10-17T03:36:37.940+0000] {processor.py:830} INFO - Processing file /home/airflow/.local/lib/python3.12/site-packages/airflow/example_dags/example_dag_decorator.py for tasks to queue
[2025-10-17T03:36:37.942+0000] {logging_mixin.py:188} INFO - [2025-10-17T03:36:37.941+0000] {dagbag.py:545} INFO - Filling up the DagBag from /home/airflow/.local/lib/python3.12/site-packages/airflow/example_dags/example_dag_decorator.py
[2025-10-17T03:36:38.066+0000] {processor.py:840} INFO - DAG(s) 'example_dag_decorator' retrieved from /home/airflow/.local/lib/python3.12/site-packages/airflow/example_dags/example_dag_decorator.py
[2025-10-17T03:36:38.150+0000] {logging_mixin.py:188} INFO - [2025-10-17T03:36:38.150+0000] {dag.py:3096} INFO - Sync 1 DAGs
[2025-10-17T03:36:38.159+0000] {logging_mixin.py:188} INFO - [2025-10-17T03:36:38.159+0000] {dag.py:3954} INFO - Setting next_dagrun for example_dag_decorator to None, run_after=None
[2025-10-17T03:36:38.176+0000] {processor.py:183} INFO - Processing /home/airflow/.local/lib/python3.12/site-packages/airflow/example_dags/example_dag_decorator.py took 0.243 seconds
[2025-10-17T03:37:08.334+0000] {processor.py:161} INFO - Started process (PID=4921) to work on /home/airflow/.local/lib/python3.12/site-packages/airflow/example_dags/example_dag_decorator.py
[2025-10-17T03:37:08.336+0000] {processor.py:830} INFO - Processing file /home/airflow/.local/lib/python3.12/site-packages/airflow/example_dags/example_dag_decorator.py for tasks to queue
[2025-10-17T03:37:08.338+0000] {logging_mixin.py:188} INFO - [2025-10-17T03:37:08.338+0000] {dagbag.py:545} INFO - Filling up the DagBag from /home/airflow/.local/lib/python3.12/site-packages/airflow/example_dags/example_dag_decorator.py
[2025-10-17T03:37:08.434+0000] {processor.py:840} INFO - DAG(s) 'example_dag_decorator' retrieved from /home/airflow/.local/lib/python3.12/site-packages/airflow/example_dags/example_dag_decorator.py
[2025-10-17T03:37:08.524+0000] {logging_mixin.py:188} INFO - [2025-10-17T03:37:08.523+0000] {dag.py:3096} INFO - Sync 1 DAGs
[2025-10-17T03:37:08.533+0000] {logging_mixin.py:188} INFO - [2025-10-17T03:37:08.532+0000] {dag.py:3954} INFO - Setting next_dagrun for example_dag_decorator to None, run_after=None
[2025-10-17T03:37:08.550+0000] {processor.py:183} INFO - Processing /home/airflow/.local/lib/python3.12/site-packages/airflow/example_dags/example_dag_decorator.py took 0.222 seconds
[2025-10-17T03:37:38.596+0000] {processor.py:161} INFO - Started process (PID=4979) to work on /home/airflow/.local/lib/python3.12/site-packages/airflow/example_dags/example_dag_decorator.py
[2025-10-17T03:37:38.597+0000] {processor.py:830} INFO - Processing file /home/airflow/.local/lib/python3.12/site-packages/airflow/example_dags/example_dag_decorator.py for tasks to queue
[2025-10-17T03:37:38.599+0000] {logging_mixin.py:188} INFO - [2025-10-17T03:37:38.599+0000] {dagbag.py:545} INFO - Filling up the DagBag from /home/airflow/.local/lib/python3.12/site-packages/airflow/example_dags/example_dag_decorator.py
[2025-10-17T03:37:38.695+0000] {processor.py:840} INFO - DAG(s) 'example_dag_decorator' retrieved from /home/airflow/.local/lib/python3.12/site-packages/airflow/example_dags/example_dag_decorator.py
[2025-10-17T03:37:38.786+0000] {logging_mixin.py:188} INFO - [2025-10-17T03:37:38.786+0000] {dag.py:3096} INFO - Sync 1 DAGs
[2025-10-17T03:37:38.797+0000] {logging_mixin.py:188} INFO - [2025-10-17T03:37:38.796+0000] {dag.py:3954} INFO - Setting next_dagrun for example_dag_decorator to None, run_after=None
[2025-10-17T03:37:38.817+0000] {processor.py:183} INFO - Processing /home/airflow/.local/lib/python3.12/site-packages/airflow/example_dags/example_dag_decorator.py took 0.229 seconds
[2025-10-17T03:38:08.897+0000] {processor.py:161} INFO - Started process (PID=5038) to work on /home/airflow/.local/lib/python3.12/site-packages/airflow/example_dags/example_dag_decorator.py
[2025-10-17T03:38:08.898+0000] {processor.py:830} INFO - Processing file /home/airflow/.local/lib/python3.12/site-packages/airflow/example_dags/example_dag_decorator.py for tasks to queue
[2025-10-17T03:38:08.900+0000] {logging_mixin.py:188} INFO - [2025-10-17T03:38:08.900+0000] {dagbag.py:545} INFO - Filling up the DagBag from /home/airflow/.local/lib/python3.12/site-packages/airflow/example_dags/example_dag_decorator.py
[2025-10-17T03:38:09.005+0000] {processor.py:840} INFO - DAG(s) 'example_dag_decorator' retrieved from /home/airflow/.local/lib/python3.12/site-packages/airflow/example_dags/example_dag_decorator.py
[2025-10-17T03:38:09.096+0000] {logging_mixin.py:188} INFO - [2025-10-17T03:38:09.095+0000] {dag.py:3096} INFO - Sync 1 DAGs
[2025-10-17T03:38:09.106+0000] {logging_mixin.py:188} INFO - [2025-10-17T03:38:09.106+0000] {dag.py:3954} INFO - Setting next_dagrun for example_dag_decorator to None, run_after=None
[2025-10-17T03:38:09.129+0000] {processor.py:183} INFO - Processing /home/airflow/.local/lib/python3.12/site-packages/airflow/example_dags/example_dag_decorator.py took 0.238 seconds
[2025-10-17T03:38:39.472+0000] {processor.py:161} INFO - Started process (PID=5096) to work on /home/airflow/.local/lib/python3.12/site-packages/airflow/example_dags/example_dag_decorator.py
[2025-10-17T03:38:39.473+0000] {processor.py:830} INFO - Processing file /home/airflow/.local/lib/python3.12/site-packages/airflow/example_dags/example_dag_decorator.py for tasks to queue
[2025-10-17T03:38:39.475+0000] {logging_mixin.py:188} INFO - [2025-10-17T03:38:39.475+0000] {dagbag.py:545} INFO - Filling up the DagBag from /home/airflow/.local/lib/python3.12/site-packages/airflow/example_dags/example_dag_decorator.py
[2025-10-17T03:38:39.570+0000] {processor.py:840} INFO - DAG(s) 'example_dag_decorator' retrieved from /home/airflow/.local/lib/python3.12/site-packages/airflow/example_dags/example_dag_decorator.py
[2025-10-17T03:38:39.667+0000] {logging_mixin.py:188} INFO - [2025-10-17T03:38:39.667+0000] {dag.py:3096} INFO - Sync 1 DAGs
[2025-10-17T03:38:39.677+0000] {logging_mixin.py:188} INFO - [2025-10-17T03:38:39.677+0000] {dag.py:3954} INFO - Setting next_dagrun for example_dag_decorator to None, run_after=None
[2025-10-17T03:38:39.701+0000] {processor.py:183} INFO - Processing /home/airflow/.local/lib/python3.12/site-packages/airflow/example_dags/example_dag_decorator.py took 0.236 seconds
[2025-10-17T03:39:10.269+0000] {processor.py:161} INFO - Started process (PID=5155) to work on /home/airflow/.local/lib/python3.12/site-packages/airflow/example_dags/example_dag_decorator.py
[2025-10-17T03:39:10.270+0000] {processor.py:830} INFO - Processing file /home/airflow/.local/lib/python3.12/site-packages/airflow/example_dags/example_dag_decorator.py for tasks to queue
[2025-10-17T03:39:10.273+0000] {logging_mixin.py:188} INFO - [2025-10-17T03:39:10.272+0000] {dagbag.py:545} INFO - Filling up the DagBag from /home/airflow/.local/lib/python3.12/site-packages/airflow/example_dags/example_dag_decorator.py
[2025-10-17T03:39:10.390+0000] {processor.py:840} INFO - DAG(s) 'example_dag_decorator' retrieved from /home/airflow/.local/lib/python3.12/site-packages/airflow/example_dags/example_dag_decorator.py
[2025-10-17T03:39:10.511+0000] {logging_mixin.py:188} INFO - [2025-10-17T03:39:10.511+0000] {dag.py:3096} INFO - Sync 1 DAGs
[2025-10-17T03:39:10.524+0000] {logging_mixin.py:188} INFO - [2025-10-17T03:39:10.523+0000] {dag.py:3954} INFO - Setting next_dagrun for example_dag_decorator to None, run_after=None
[2025-10-17T03:39:10.541+0000] {processor.py:183} INFO - Processing /home/airflow/.local/lib/python3.12/site-packages/airflow/example_dags/example_dag_decorator.py took 0.279 seconds
[2025-10-17T03:39:40.625+0000] {processor.py:161} INFO - Started process (PID=5214) to work on /home/airflow/.local/lib/python3.12/site-packages/airflow/example_dags/example_dag_decorator.py
[2025-10-17T03:39:40.626+0000] {processor.py:830} INFO - Processing file /home/airflow/.local/lib/python3.12/site-packages/airflow/example_dags/example_dag_decorator.py for tasks to queue
[2025-10-17T03:39:40.629+0000] {logging_mixin.py:188} INFO - [2025-10-17T03:39:40.628+0000] {dagbag.py:545} INFO - Filling up the DagBag from /home/airflow/.local/lib/python3.12/site-packages/airflow/example_dags/example_dag_decorator.py
[2025-10-17T03:39:40.719+0000] {processor.py:840} INFO - DAG(s) 'example_dag_decorator' retrieved from /home/airflow/.local/lib/python3.12/site-packages/airflow/example_dags/example_dag_decorator.py
[2025-10-17T03:39:40.800+0000] {logging_mixin.py:188} INFO - [2025-10-17T03:39:40.800+0000] {dag.py:3096} INFO - Sync 1 DAGs
[2025-10-17T03:39:40.809+0000] {logging_mixin.py:188} INFO - [2025-10-17T03:39:40.809+0000] {dag.py:3954} INFO - Setting next_dagrun for example_dag_decorator to None, run_after=None
[2025-10-17T03:39:40.827+0000] {processor.py:183} INFO - Processing /home/airflow/.local/lib/python3.12/site-packages/airflow/example_dags/example_dag_decorator.py took 0.209 seconds
[2025-10-17T03:40:11.659+0000] {processor.py:161} INFO - Started process (PID=5271) to work on /home/airflow/.local/lib/python3.12/site-packages/airflow/example_dags/example_dag_decorator.py
[2025-10-17T03:40:11.661+0000] {processor.py:830} INFO - Processing file /home/airflow/.local/lib/python3.12/site-packages/airflow/example_dags/example_dag_decorator.py for tasks to queue
[2025-10-17T03:40:11.665+0000] {logging_mixin.py:188} INFO - [2025-10-17T03:40:11.664+0000] {dagbag.py:545} INFO - Filling up the DagBag from /home/airflow/.local/lib/python3.12/site-packages/airflow/example_dags/example_dag_decorator.py
[2025-10-17T03:40:11.757+0000] {processor.py:840} INFO - DAG(s) 'example_dag_decorator' retrieved from /home/airflow/.local/lib/python3.12/site-packages/airflow/example_dags/example_dag_decorator.py
[2025-10-17T03:40:11.842+0000] {logging_mixin.py:188} INFO - [2025-10-17T03:40:11.842+0000] {dag.py:3096} INFO - Sync 1 DAGs
[2025-10-17T03:40:11.852+0000] {logging_mixin.py:188} INFO - [2025-10-17T03:40:11.852+0000] {dag.py:3954} INFO - Setting next_dagrun for example_dag_decorator to None, run_after=None
[2025-10-17T03:40:11.873+0000] {processor.py:183} INFO - Processing /home/airflow/.local/lib/python3.12/site-packages/airflow/example_dags/example_dag_decorator.py took 0.219 seconds
[2025-10-17T03:40:41.980+0000] {processor.py:161} INFO - Started process (PID=5330) to work on /home/airflow/.local/lib/python3.12/site-packages/airflow/example_dags/example_dag_decorator.py
[2025-10-17T03:40:41.982+0000] {processor.py:830} INFO - Processing file /home/airflow/.local/lib/python3.12/site-packages/airflow/example_dags/example_dag_decorator.py for tasks to queue
[2025-10-17T03:40:41.985+0000] {logging_mixin.py:188} INFO - [2025-10-17T03:40:41.985+0000] {dagbag.py:545} INFO - Filling up the DagBag from /home/airflow/.local/lib/python3.12/site-packages/airflow/example_dags/example_dag_decorator.py
[2025-10-17T03:40:42.085+0000] {processor.py:840} INFO - DAG(s) 'example_dag_decorator' retrieved from /home/airflow/.local/lib/python3.12/site-packages/airflow/example_dags/example_dag_decorator.py
[2025-10-17T03:40:42.180+0000] {logging_mixin.py:188} INFO - [2025-10-17T03:40:42.180+0000] {dag.py:3096} INFO - Sync 1 DAGs
[2025-10-17T03:40:42.191+0000] {logging_mixin.py:188} INFO - [2025-10-17T03:40:42.191+0000] {dag.py:3954} INFO - Setting next_dagrun for example_dag_decorator to None, run_after=None
[2025-10-17T03:40:42.214+0000] {processor.py:183} INFO - Processing /home/airflow/.local/lib/python3.12/site-packages/airflow/example_dags/example_dag_decorator.py took 0.243 seconds
[2025-10-17T03:41:12.412+0000] {processor.py:161} INFO - Started process (PID=5391) to work on /home/airflow/.local/lib/python3.12/site-packages/airflow/example_dags/example_dag_decorator.py
[2025-10-17T03:41:12.413+0000] {processor.py:830} INFO - Processing file /home/airflow/.local/lib/python3.12/site-packages/airflow/example_dags/example_dag_decorator.py for tasks to queue
[2025-10-17T03:41:12.415+0000] {logging_mixin.py:188} INFO - [2025-10-17T03:41:12.415+0000] {dagbag.py:545} INFO - Filling up the DagBag from /home/airflow/.local/lib/python3.12/site-packages/airflow/example_dags/example_dag_decorator.py
[2025-10-17T03:41:12.507+0000] {processor.py:840} INFO - DAG(s) 'example_dag_decorator' retrieved from /home/airflow/.local/lib/python3.12/site-packages/airflow/example_dags/example_dag_decorator.py
[2025-10-17T03:41:12.587+0000] {logging_mixin.py:188} INFO - [2025-10-17T03:41:12.587+0000] {dag.py:3096} INFO - Sync 1 DAGs
[2025-10-17T03:41:12.740+0000] {logging_mixin.py:188} INFO - [2025-10-17T03:41:12.739+0000] {dag.py:3954} INFO - Setting next_dagrun for example_dag_decorator to None, run_after=None
[2025-10-17T03:41:12.758+0000] {processor.py:183} INFO - Processing /home/airflow/.local/lib/python3.12/site-packages/airflow/example_dags/example_dag_decorator.py took 0.351 seconds
[2025-10-17T03:41:43.256+0000] {processor.py:161} INFO - Started process (PID=5448) to work on /home/airflow/.local/lib/python3.12/site-packages/airflow/example_dags/example_dag_decorator.py
[2025-10-17T03:41:43.257+0000] {processor.py:830} INFO - Processing file /home/airflow/.local/lib/python3.12/site-packages/airflow/example_dags/example_dag_decorator.py for tasks to queue
[2025-10-17T03:41:43.259+0000] {logging_mixin.py:188} INFO - [2025-10-17T03:41:43.259+0000] {dagbag.py:545} INFO - Filling up the DagBag from /home/airflow/.local/lib/python3.12/site-packages/airflow/example_dags/example_dag_decorator.py
[2025-10-17T03:41:43.351+0000] {processor.py:840} INFO - DAG(s) 'example_dag_decorator' retrieved from /home/airflow/.local/lib/python3.12/site-packages/airflow/example_dags/example_dag_decorator.py
[2025-10-17T03:41:43.437+0000] {logging_mixin.py:188} INFO - [2025-10-17T03:41:43.436+0000] {dag.py:3096} INFO - Sync 1 DAGs
[2025-10-17T03:41:43.447+0000] {logging_mixin.py:188} INFO - [2025-10-17T03:41:43.446+0000] {dag.py:3954} INFO - Setting next_dagrun for example_dag_decorator to None, run_after=None
[2025-10-17T03:41:43.669+0000] {processor.py:183} INFO - Processing /home/airflow/.local/lib/python3.12/site-packages/airflow/example_dags/example_dag_decorator.py took 0.418 seconds
[2025-10-17T03:42:13.719+0000] {processor.py:161} INFO - Started process (PID=5510) to work on /home/airflow/.local/lib/python3.12/site-packages/airflow/example_dags/example_dag_decorator.py
[2025-10-17T03:42:13.720+0000] {processor.py:830} INFO - Processing file /home/airflow/.local/lib/python3.12/site-packages/airflow/example_dags/example_dag_decorator.py for tasks to queue
[2025-10-17T03:42:13.722+0000] {logging_mixin.py:188} INFO - [2025-10-17T03:42:13.722+0000] {dagbag.py:545} INFO - Filling up the DagBag from /home/airflow/.local/lib/python3.12/site-packages/airflow/example_dags/example_dag_decorator.py
[2025-10-17T03:42:13.819+0000] {processor.py:840} INFO - DAG(s) 'example_dag_decorator' retrieved from /home/airflow/.local/lib/python3.12/site-packages/airflow/example_dags/example_dag_decorator.py
[2025-10-17T03:42:13.902+0000] {logging_mixin.py:188} INFO - [2025-10-17T03:42:13.902+0000] {dag.py:3096} INFO - Sync 1 DAGs
[2025-10-17T03:42:13.912+0000] {logging_mixin.py:188} INFO - [2025-10-17T03:42:13.912+0000] {dag.py:3954} INFO - Setting next_dagrun for example_dag_decorator to None, run_after=None
[2025-10-17T03:42:13.933+0000] {processor.py:183} INFO - Processing /home/airflow/.local/lib/python3.12/site-packages/airflow/example_dags/example_dag_decorator.py took 0.220 seconds
[2025-10-17T03:42:44.173+0000] {processor.py:161} INFO - Started process (PID=5566) to work on /home/airflow/.local/lib/python3.12/site-packages/airflow/example_dags/example_dag_decorator.py
[2025-10-17T03:42:44.174+0000] {processor.py:830} INFO - Processing file /home/airflow/.local/lib/python3.12/site-packages/airflow/example_dags/example_dag_decorator.py for tasks to queue
[2025-10-17T03:42:44.176+0000] {logging_mixin.py:188} INFO - [2025-10-17T03:42:44.176+0000] {dagbag.py:545} INFO - Filling up the DagBag from /home/airflow/.local/lib/python3.12/site-packages/airflow/example_dags/example_dag_decorator.py
[2025-10-17T03:42:44.281+0000] {processor.py:840} INFO - DAG(s) 'example_dag_decorator' retrieved from /home/airflow/.local/lib/python3.12/site-packages/airflow/example_dags/example_dag_decorator.py
[2025-10-17T03:42:44.303+0000] {logging_mixin.py:188} INFO - [2025-10-17T03:42:44.303+0000] {dag.py:3096} INFO - Sync 1 DAGs
[2025-10-17T03:42:44.313+0000] {logging_mixin.py:188} INFO - [2025-10-17T03:42:44.313+0000] {dag.py:3954} INFO - Setting next_dagrun for example_dag_decorator to None, run_after=None
[2025-10-17T03:42:44.331+0000] {processor.py:183} INFO - Processing /home/airflow/.local/lib/python3.12/site-packages/airflow/example_dags/example_dag_decorator.py took 0.163 seconds
[2025-10-17T03:43:14.488+0000] {processor.py:161} INFO - Started process (PID=5625) to work on /home/airflow/.local/lib/python3.12/site-packages/airflow/example_dags/example_dag_decorator.py
[2025-10-17T03:43:14.489+0000] {processor.py:830} INFO - Processing file /home/airflow/.local/lib/python3.12/site-packages/airflow/example_dags/example_dag_decorator.py for tasks to queue
[2025-10-17T03:43:14.491+0000] {logging_mixin.py:188} INFO - [2025-10-17T03:43:14.491+0000] {dagbag.py:545} INFO - Filling up the DagBag from /home/airflow/.local/lib/python3.12/site-packages/airflow/example_dags/example_dag_decorator.py
[2025-10-17T03:43:14.581+0000] {processor.py:840} INFO - DAG(s) 'example_dag_decorator' retrieved from /home/airflow/.local/lib/python3.12/site-packages/airflow/example_dags/example_dag_decorator.py
[2025-10-17T03:43:14.819+0000] {logging_mixin.py:188} INFO - [2025-10-17T03:43:14.819+0000] {dag.py:3096} INFO - Sync 1 DAGs
[2025-10-17T03:43:14.829+0000] {logging_mixin.py:188} INFO - [2025-10-17T03:43:14.828+0000] {dag.py:3954} INFO - Setting next_dagrun for example_dag_decorator to None, run_after=None
[2025-10-17T03:43:14.846+0000] {processor.py:183} INFO - Processing /home/airflow/.local/lib/python3.12/site-packages/airflow/example_dags/example_dag_decorator.py took 0.362 seconds
[2025-10-17T03:43:44.903+0000] {processor.py:161} INFO - Started process (PID=5687) to work on /home/airflow/.local/lib/python3.12/site-packages/airflow/example_dags/example_dag_decorator.py
[2025-10-17T03:43:44.904+0000] {processor.py:830} INFO - Processing file /home/airflow/.local/lib/python3.12/site-packages/airflow/example_dags/example_dag_decorator.py for tasks to queue
[2025-10-17T03:43:44.906+0000] {logging_mixin.py:188} INFO - [2025-10-17T03:43:44.906+0000] {dagbag.py:545} INFO - Filling up the DagBag from /home/airflow/.local/lib/python3.12/site-packages/airflow/example_dags/example_dag_decorator.py
[2025-10-17T03:43:44.996+0000] {processor.py:840} INFO - DAG(s) 'example_dag_decorator' retrieved from /home/airflow/.local/lib/python3.12/site-packages/airflow/example_dags/example_dag_decorator.py
[2025-10-17T03:43:45.247+0000] {logging_mixin.py:188} INFO - [2025-10-17T03:43:45.247+0000] {dag.py:3096} INFO - Sync 1 DAGs
[2025-10-17T03:43:45.255+0000] {logging_mixin.py:188} INFO - [2025-10-17T03:43:45.255+0000] {dag.py:3954} INFO - Setting next_dagrun for example_dag_decorator to None, run_after=None
[2025-10-17T03:43:45.272+0000] {processor.py:183} INFO - Processing /home/airflow/.local/lib/python3.12/site-packages/airflow/example_dags/example_dag_decorator.py took 0.374 seconds
[2025-10-17T03:44:15.549+0000] {processor.py:161} INFO - Started process (PID=5743) to work on /home/airflow/.local/lib/python3.12/site-packages/airflow/example_dags/example_dag_decorator.py
[2025-10-17T03:44:15.550+0000] {processor.py:830} INFO - Processing file /home/airflow/.local/lib/python3.12/site-packages/airflow/example_dags/example_dag_decorator.py for tasks to queue
[2025-10-17T03:44:15.552+0000] {logging_mixin.py:188} INFO - [2025-10-17T03:44:15.551+0000] {dagbag.py:545} INFO - Filling up the DagBag from /home/airflow/.local/lib/python3.12/site-packages/airflow/example_dags/example_dag_decorator.py
[2025-10-17T03:44:15.644+0000] {processor.py:840} INFO - DAG(s) 'example_dag_decorator' retrieved from /home/airflow/.local/lib/python3.12/site-packages/airflow/example_dags/example_dag_decorator.py
[2025-10-17T03:44:15.730+0000] {logging_mixin.py:188} INFO - [2025-10-17T03:44:15.730+0000] {dag.py:3096} INFO - Sync 1 DAGs
[2025-10-17T03:44:15.888+0000] {logging_mixin.py:188} INFO - [2025-10-17T03:44:15.888+0000] {dag.py:3954} INFO - Setting next_dagrun for example_dag_decorator to None, run_after=None
[2025-10-17T03:44:15.906+0000] {processor.py:183} INFO - Processing /home/airflow/.local/lib/python3.12/site-packages/airflow/example_dags/example_dag_decorator.py took 0.362 seconds
[2025-10-17T03:44:45.939+0000] {processor.py:161} INFO - Started process (PID=5806) to work on /home/airflow/.local/lib/python3.12/site-packages/airflow/example_dags/example_dag_decorator.py
[2025-10-17T03:44:45.941+0000] {processor.py:830} INFO - Processing file /home/airflow/.local/lib/python3.12/site-packages/airflow/example_dags/example_dag_decorator.py for tasks to queue
[2025-10-17T03:44:45.943+0000] {logging_mixin.py:188} INFO - [2025-10-17T03:44:45.943+0000] {dagbag.py:545} INFO - Filling up the DagBag from /home/airflow/.local/lib/python3.12/site-packages/airflow/example_dags/example_dag_decorator.py
[2025-10-17T03:44:46.034+0000] {processor.py:840} INFO - DAG(s) 'example_dag_decorator' retrieved from /home/airflow/.local/lib/python3.12/site-packages/airflow/example_dags/example_dag_decorator.py
[2025-10-17T03:44:46.117+0000] {logging_mixin.py:188} INFO - [2025-10-17T03:44:46.117+0000] {dag.py:3096} INFO - Sync 1 DAGs
[2025-10-17T03:44:46.280+0000] {logging_mixin.py:188} INFO - [2025-10-17T03:44:46.280+0000] {dag.py:3954} INFO - Setting next_dagrun for example_dag_decorator to None, run_after=None
[2025-10-17T03:44:46.295+0000] {processor.py:183} INFO - Processing /home/airflow/.local/lib/python3.12/site-packages/airflow/example_dags/example_dag_decorator.py took 0.362 seconds
[2025-10-17T03:45:16.698+0000] {processor.py:161} INFO - Started process (PID=5862) to work on /home/airflow/.local/lib/python3.12/site-packages/airflow/example_dags/example_dag_decorator.py
[2025-10-17T03:45:16.700+0000] {processor.py:830} INFO - Processing file /home/airflow/.local/lib/python3.12/site-packages/airflow/example_dags/example_dag_decorator.py for tasks to queue
[2025-10-17T03:45:16.702+0000] {logging_mixin.py:188} INFO - [2025-10-17T03:45:16.702+0000] {dagbag.py:545} INFO - Filling up the DagBag from /home/airflow/.local/lib/python3.12/site-packages/airflow/example_dags/example_dag_decorator.py
[2025-10-17T03:45:16.796+0000] {processor.py:840} INFO - DAG(s) 'example_dag_decorator' retrieved from /home/airflow/.local/lib/python3.12/site-packages/airflow/example_dags/example_dag_decorator.py
[2025-10-17T03:45:17.061+0000] {logging_mixin.py:188} INFO - [2025-10-17T03:45:17.060+0000] {dag.py:3096} INFO - Sync 1 DAGs
[2025-10-17T03:45:17.069+0000] {logging_mixin.py:188} INFO - [2025-10-17T03:45:17.069+0000] {dag.py:3954} INFO - Setting next_dagrun for example_dag_decorator to None, run_after=None
[2025-10-17T03:45:17.088+0000] {processor.py:183} INFO - Processing /home/airflow/.local/lib/python3.12/site-packages/airflow/example_dags/example_dag_decorator.py took 0.395 seconds
[2025-10-17T03:45:47.170+0000] {processor.py:161} INFO - Started process (PID=5923) to work on /home/airflow/.local/lib/python3.12/site-packages/airflow/example_dags/example_dag_decorator.py
[2025-10-17T03:45:47.171+0000] {processor.py:830} INFO - Processing file /home/airflow/.local/lib/python3.12/site-packages/airflow/example_dags/example_dag_decorator.py for tasks to queue
[2025-10-17T03:45:47.174+0000] {logging_mixin.py:188} INFO - [2025-10-17T03:45:47.173+0000] {dagbag.py:545} INFO - Filling up the DagBag from /home/airflow/.local/lib/python3.12/site-packages/airflow/example_dags/example_dag_decorator.py
[2025-10-17T03:45:47.275+0000] {processor.py:840} INFO - DAG(s) 'example_dag_decorator' retrieved from /home/airflow/.local/lib/python3.12/site-packages/airflow/example_dags/example_dag_decorator.py
[2025-10-17T03:45:47.500+0000] {logging_mixin.py:188} INFO - [2025-10-17T03:45:47.500+0000] {dag.py:3096} INFO - Sync 1 DAGs
[2025-10-17T03:45:47.508+0000] {logging_mixin.py:188} INFO - [2025-10-17T03:45:47.507+0000] {dag.py:3954} INFO - Setting next_dagrun for example_dag_decorator to None, run_after=None
[2025-10-17T03:45:47.526+0000] {processor.py:183} INFO - Processing /home/airflow/.local/lib/python3.12/site-packages/airflow/example_dags/example_dag_decorator.py took 0.362 seconds
[2025-10-17T03:46:17.611+0000] {processor.py:161} INFO - Started process (PID=5985) to work on /home/airflow/.local/lib/python3.12/site-packages/airflow/example_dags/example_dag_decorator.py
[2025-10-17T03:46:17.612+0000] {processor.py:830} INFO - Processing file /home/airflow/.local/lib/python3.12/site-packages/airflow/example_dags/example_dag_decorator.py for tasks to queue
[2025-10-17T03:46:17.614+0000] {logging_mixin.py:188} INFO - [2025-10-17T03:46:17.614+0000] {dagbag.py:545} INFO - Filling up the DagBag from /home/airflow/.local/lib/python3.12/site-packages/airflow/example_dags/example_dag_decorator.py
[2025-10-17T03:46:17.711+0000] {processor.py:840} INFO - DAG(s) 'example_dag_decorator' retrieved from /home/airflow/.local/lib/python3.12/site-packages/airflow/example_dags/example_dag_decorator.py
[2025-10-17T03:46:17.942+0000] {logging_mixin.py:188} INFO - [2025-10-17T03:46:17.941+0000] {dag.py:3096} INFO - Sync 1 DAGs
[2025-10-17T03:46:17.949+0000] {logging_mixin.py:188} INFO - [2025-10-17T03:46:17.949+0000] {dag.py:3954} INFO - Setting next_dagrun for example_dag_decorator to None, run_after=None
[2025-10-17T03:46:17.965+0000] {processor.py:183} INFO - Processing /home/airflow/.local/lib/python3.12/site-packages/airflow/example_dags/example_dag_decorator.py took 0.359 seconds
[2025-10-17T03:46:48.234+0000] {processor.py:161} INFO - Started process (PID=6046) to work on /home/airflow/.local/lib/python3.12/site-packages/airflow/example_dags/example_dag_decorator.py
[2025-10-17T03:46:48.235+0000] {processor.py:830} INFO - Processing file /home/airflow/.local/lib/python3.12/site-packages/airflow/example_dags/example_dag_decorator.py for tasks to queue
[2025-10-17T03:46:48.237+0000] {logging_mixin.py:188} INFO - [2025-10-17T03:46:48.236+0000] {dagbag.py:545} INFO - Filling up the DagBag from /home/airflow/.local/lib/python3.12/site-packages/airflow/example_dags/example_dag_decorator.py
[2025-10-17T03:46:48.324+0000] {processor.py:840} INFO - DAG(s) 'example_dag_decorator' retrieved from /home/airflow/.local/lib/python3.12/site-packages/airflow/example_dags/example_dag_decorator.py
[2025-10-17T03:46:48.552+0000] {logging_mixin.py:188} INFO - [2025-10-17T03:46:48.552+0000] {dag.py:3096} INFO - Sync 1 DAGs
[2025-10-17T03:46:48.560+0000] {logging_mixin.py:188} INFO - [2025-10-17T03:46:48.560+0000] {dag.py:3954} INFO - Setting next_dagrun for example_dag_decorator to None, run_after=None
[2025-10-17T03:46:48.575+0000] {processor.py:183} INFO - Processing /home/airflow/.local/lib/python3.12/site-packages/airflow/example_dags/example_dag_decorator.py took 0.346 seconds
[2025-10-17T03:47:18.641+0000] {processor.py:161} INFO - Started process (PID=6107) to work on /home/airflow/.local/lib/python3.12/site-packages/airflow/example_dags/example_dag_decorator.py
[2025-10-17T03:47:18.642+0000] {processor.py:830} INFO - Processing file /home/airflow/.local/lib/python3.12/site-packages/airflow/example_dags/example_dag_decorator.py for tasks to queue
[2025-10-17T03:47:18.644+0000] {logging_mixin.py:188} INFO - [2025-10-17T03:47:18.644+0000] {dagbag.py:545} INFO - Filling up the DagBag from /home/airflow/.local/lib/python3.12/site-packages/airflow/example_dags/example_dag_decorator.py
[2025-10-17T03:47:18.742+0000] {processor.py:840} INFO - DAG(s) 'example_dag_decorator' retrieved from /home/airflow/.local/lib/python3.12/site-packages/airflow/example_dags/example_dag_decorator.py
[2025-10-17T03:47:18.983+0000] {logging_mixin.py:188} INFO - [2025-10-17T03:47:18.983+0000] {dag.py:3096} INFO - Sync 1 DAGs
[2025-10-17T03:47:18.990+0000] {logging_mixin.py:188} INFO - [2025-10-17T03:47:18.990+0000] {dag.py:3954} INFO - Setting next_dagrun for example_dag_decorator to None, run_after=None
[2025-10-17T03:47:19.007+0000] {processor.py:183} INFO - Processing /home/airflow/.local/lib/python3.12/site-packages/airflow/example_dags/example_dag_decorator.py took 0.372 seconds
[2025-10-17T03:47:49.939+0000] {processor.py:161} INFO - Started process (PID=6175) to work on /home/airflow/.local/lib/python3.12/site-packages/airflow/example_dags/example_dag_decorator.py
[2025-10-17T03:47:49.940+0000] {processor.py:830} INFO - Processing file /home/airflow/.local/lib/python3.12/site-packages/airflow/example_dags/example_dag_decorator.py for tasks to queue
[2025-10-17T03:47:49.942+0000] {logging_mixin.py:188} INFO - [2025-10-17T03:47:49.942+0000] {dagbag.py:545} INFO - Filling up the DagBag from /home/airflow/.local/lib/python3.12/site-packages/airflow/example_dags/example_dag_decorator.py
[2025-10-17T03:47:50.183+0000] {processor.py:840} INFO - DAG(s) 'example_dag_decorator' retrieved from /home/airflow/.local/lib/python3.12/site-packages/airflow/example_dags/example_dag_decorator.py
[2025-10-17T03:47:50.258+0000] {logging_mixin.py:188} INFO - [2025-10-17T03:47:50.257+0000] {dag.py:3096} INFO - Sync 1 DAGs
[2025-10-17T03:47:50.268+0000] {logging_mixin.py:188} INFO - [2025-10-17T03:47:50.267+0000] {dag.py:3954} INFO - Setting next_dagrun for example_dag_decorator to None, run_after=None
[2025-10-17T03:47:50.283+0000] {processor.py:183} INFO - Processing /home/airflow/.local/lib/python3.12/site-packages/airflow/example_dags/example_dag_decorator.py took 0.350 seconds
[2025-10-17T03:48:20.493+0000] {processor.py:161} INFO - Started process (PID=6234) to work on /home/airflow/.local/lib/python3.12/site-packages/airflow/example_dags/example_dag_decorator.py
[2025-10-17T03:48:20.495+0000] {processor.py:830} INFO - Processing file /home/airflow/.local/lib/python3.12/site-packages/airflow/example_dags/example_dag_decorator.py for tasks to queue
[2025-10-17T03:48:20.497+0000] {logging_mixin.py:188} INFO - [2025-10-17T03:48:20.496+0000] {dagbag.py:545} INFO - Filling up the DagBag from /home/airflow/.local/lib/python3.12/site-packages/airflow/example_dags/example_dag_decorator.py
[2025-10-17T03:48:20.589+0000] {processor.py:840} INFO - DAG(s) 'example_dag_decorator' retrieved from /home/airflow/.local/lib/python3.12/site-packages/airflow/example_dags/example_dag_decorator.py
[2025-10-17T03:48:21.193+0000] {logging_mixin.py:188} INFO - [2025-10-17T03:48:21.192+0000] {dag.py:3096} INFO - Sync 1 DAGs
[2025-10-17T03:48:21.203+0000] {logging_mixin.py:188} INFO - [2025-10-17T03:48:21.203+0000] {dag.py:3954} INFO - Setting next_dagrun for example_dag_decorator to None, run_after=None
[2025-10-17T03:48:21.234+0000] {processor.py:183} INFO - Processing /home/airflow/.local/lib/python3.12/site-packages/airflow/example_dags/example_dag_decorator.py took 0.745 seconds
[2025-10-17T03:48:51.329+0000] {processor.py:161} INFO - Started process (PID=6296) to work on /home/airflow/.local/lib/python3.12/site-packages/airflow/example_dags/example_dag_decorator.py
[2025-10-17T03:48:51.331+0000] {processor.py:830} INFO - Processing file /home/airflow/.local/lib/python3.12/site-packages/airflow/example_dags/example_dag_decorator.py for tasks to queue
[2025-10-17T03:48:51.334+0000] {logging_mixin.py:188} INFO - [2025-10-17T03:48:51.333+0000] {dagbag.py:545} INFO - Filling up the DagBag from /home/airflow/.local/lib/python3.12/site-packages/airflow/example_dags/example_dag_decorator.py
[2025-10-17T03:48:51.474+0000] {processor.py:840} INFO - DAG(s) 'example_dag_decorator' retrieved from /home/airflow/.local/lib/python3.12/site-packages/airflow/example_dags/example_dag_decorator.py
[2025-10-17T03:48:51.728+0000] {logging_mixin.py:188} INFO - [2025-10-17T03:48:51.728+0000] {dag.py:3096} INFO - Sync 1 DAGs
[2025-10-17T03:48:51.737+0000] {logging_mixin.py:188} INFO - [2025-10-17T03:48:51.737+0000] {dag.py:3954} INFO - Setting next_dagrun for example_dag_decorator to None, run_after=None
[2025-10-17T03:48:51.760+0000] {processor.py:183} INFO - Processing /home/airflow/.local/lib/python3.12/site-packages/airflow/example_dags/example_dag_decorator.py took 0.437 seconds
[2025-10-17T03:49:21.825+0000] {processor.py:161} INFO - Started process (PID=6358) to work on /home/airflow/.local/lib/python3.12/site-packages/airflow/example_dags/example_dag_decorator.py
[2025-10-17T03:49:21.827+0000] {processor.py:830} INFO - Processing file /home/airflow/.local/lib/python3.12/site-packages/airflow/example_dags/example_dag_decorator.py for tasks to queue
[2025-10-17T03:49:21.829+0000] {logging_mixin.py:188} INFO - [2025-10-17T03:49:21.829+0000] {dagbag.py:545} INFO - Filling up the DagBag from /home/airflow/.local/lib/python3.12/site-packages/airflow/example_dags/example_dag_decorator.py
[2025-10-17T03:49:21.916+0000] {processor.py:840} INFO - DAG(s) 'example_dag_decorator' retrieved from /home/airflow/.local/lib/python3.12/site-packages/airflow/example_dags/example_dag_decorator.py
[2025-10-17T03:49:22.132+0000] {logging_mixin.py:188} INFO - [2025-10-17T03:49:22.132+0000] {dag.py:3096} INFO - Sync 1 DAGs
[2025-10-17T03:49:22.140+0000] {logging_mixin.py:188} INFO - [2025-10-17T03:49:22.140+0000] {dag.py:3954} INFO - Setting next_dagrun for example_dag_decorator to None, run_after=None
[2025-10-17T03:49:22.158+0000] {processor.py:183} INFO - Processing /home/airflow/.local/lib/python3.12/site-packages/airflow/example_dags/example_dag_decorator.py took 0.337 seconds
[2025-10-17T03:49:52.230+0000] {processor.py:161} INFO - Started process (PID=6419) to work on /home/airflow/.local/lib/python3.12/site-packages/airflow/example_dags/example_dag_decorator.py
[2025-10-17T03:49:52.231+0000] {processor.py:830} INFO - Processing file /home/airflow/.local/lib/python3.12/site-packages/airflow/example_dags/example_dag_decorator.py for tasks to queue
[2025-10-17T03:49:52.233+0000] {logging_mixin.py:188} INFO - [2025-10-17T03:49:52.233+0000] {dagbag.py:545} INFO - Filling up the DagBag from /home/airflow/.local/lib/python3.12/site-packages/airflow/example_dags/example_dag_decorator.py
[2025-10-17T03:49:52.319+0000] {processor.py:840} INFO - DAG(s) 'example_dag_decorator' retrieved from /home/airflow/.local/lib/python3.12/site-packages/airflow/example_dags/example_dag_decorator.py
[2025-10-17T03:49:52.525+0000] {logging_mixin.py:188} INFO - [2025-10-17T03:49:52.525+0000] {dag.py:3096} INFO - Sync 1 DAGs
[2025-10-17T03:49:52.533+0000] {logging_mixin.py:188} INFO - [2025-10-17T03:49:52.533+0000] {dag.py:3954} INFO - Setting next_dagrun for example_dag_decorator to None, run_after=None
[2025-10-17T03:49:52.548+0000] {processor.py:183} INFO - Processing /home/airflow/.local/lib/python3.12/site-packages/airflow/example_dags/example_dag_decorator.py took 0.323 seconds
[2025-10-17T03:50:22.648+0000] {processor.py:161} INFO - Started process (PID=6477) to work on /home/airflow/.local/lib/python3.12/site-packages/airflow/example_dags/example_dag_decorator.py
[2025-10-17T03:50:22.649+0000] {processor.py:830} INFO - Processing file /home/airflow/.local/lib/python3.12/site-packages/airflow/example_dags/example_dag_decorator.py for tasks to queue
[2025-10-17T03:50:22.651+0000] {logging_mixin.py:188} INFO - [2025-10-17T03:50:22.650+0000] {dagbag.py:545} INFO - Filling up the DagBag from /home/airflow/.local/lib/python3.12/site-packages/airflow/example_dags/example_dag_decorator.py
[2025-10-17T03:50:22.865+0000] {processor.py:840} INFO - DAG(s) 'example_dag_decorator' retrieved from /home/airflow/.local/lib/python3.12/site-packages/airflow/example_dags/example_dag_decorator.py
[2025-10-17T03:50:22.945+0000] {logging_mixin.py:188} INFO - [2025-10-17T03:50:22.945+0000] {dag.py:3096} INFO - Sync 1 DAGs
[2025-10-17T03:50:22.954+0000] {logging_mixin.py:188} INFO - [2025-10-17T03:50:22.954+0000] {dag.py:3954} INFO - Setting next_dagrun for example_dag_decorator to None, run_after=None
[2025-10-17T03:50:22.968+0000] {processor.py:183} INFO - Processing /home/airflow/.local/lib/python3.12/site-packages/airflow/example_dags/example_dag_decorator.py took 0.325 seconds
[2025-10-17T03:50:53.604+0000] {processor.py:161} INFO - Started process (PID=6533) to work on /home/airflow/.local/lib/python3.12/site-packages/airflow/example_dags/example_dag_decorator.py
[2025-10-17T03:50:53.605+0000] {processor.py:830} INFO - Processing file /home/airflow/.local/lib/python3.12/site-packages/airflow/example_dags/example_dag_decorator.py for tasks to queue
[2025-10-17T03:50:53.607+0000] {logging_mixin.py:188} INFO - [2025-10-17T03:50:53.607+0000] {dagbag.py:545} INFO - Filling up the DagBag from /home/airflow/.local/lib/python3.12/site-packages/airflow/example_dags/example_dag_decorator.py
[2025-10-17T03:50:53.835+0000] {processor.py:840} INFO - DAG(s) 'example_dag_decorator' retrieved from /home/airflow/.local/lib/python3.12/site-packages/airflow/example_dags/example_dag_decorator.py
[2025-10-17T03:50:53.908+0000] {logging_mixin.py:188} INFO - [2025-10-17T03:50:53.907+0000] {dag.py:3096} INFO - Sync 1 DAGs
[2025-10-17T03:50:53.916+0000] {logging_mixin.py:188} INFO - [2025-10-17T03:50:53.916+0000] {dag.py:3954} INFO - Setting next_dagrun for example_dag_decorator to None, run_after=None
[2025-10-17T03:50:53.932+0000] {processor.py:183} INFO - Processing /home/airflow/.local/lib/python3.12/site-packages/airflow/example_dags/example_dag_decorator.py took 0.334 seconds
[2025-10-17T03:51:24.023+0000] {processor.py:161} INFO - Started process (PID=6590) to work on /home/airflow/.local/lib/python3.12/site-packages/airflow/example_dags/example_dag_decorator.py
[2025-10-17T03:51:24.024+0000] {processor.py:830} INFO - Processing file /home/airflow/.local/lib/python3.12/site-packages/airflow/example_dags/example_dag_decorator.py for tasks to queue
[2025-10-17T03:51:24.026+0000] {logging_mixin.py:188} INFO - [2025-10-17T03:51:24.026+0000] {dagbag.py:545} INFO - Filling up the DagBag from /home/airflow/.local/lib/python3.12/site-packages/airflow/example_dags/example_dag_decorator.py
[2025-10-17T03:51:24.270+0000] {processor.py:840} INFO - DAG(s) 'example_dag_decorator' retrieved from /home/airflow/.local/lib/python3.12/site-packages/airflow/example_dags/example_dag_decorator.py
[2025-10-17T03:51:24.355+0000] {logging_mixin.py:188} INFO - [2025-10-17T03:51:24.355+0000] {dag.py:3096} INFO - Sync 1 DAGs
[2025-10-17T03:51:24.365+0000] {logging_mixin.py:188} INFO - [2025-10-17T03:51:24.365+0000] {dag.py:3954} INFO - Setting next_dagrun for example_dag_decorator to None, run_after=None
[2025-10-17T03:51:24.384+0000] {processor.py:183} INFO - Processing /home/airflow/.local/lib/python3.12/site-packages/airflow/example_dags/example_dag_decorator.py took 0.367 seconds
[2025-10-17T03:51:54.486+0000] {processor.py:161} INFO - Started process (PID=6652) to work on /home/airflow/.local/lib/python3.12/site-packages/airflow/example_dags/example_dag_decorator.py
[2025-10-17T03:51:54.487+0000] {processor.py:830} INFO - Processing file /home/airflow/.local/lib/python3.12/site-packages/airflow/example_dags/example_dag_decorator.py for tasks to queue
[2025-10-17T03:51:54.489+0000] {logging_mixin.py:188} INFO - [2025-10-17T03:51:54.488+0000] {dagbag.py:545} INFO - Filling up the DagBag from /home/airflow/.local/lib/python3.12/site-packages/airflow/example_dags/example_dag_decorator.py
[2025-10-17T03:51:54.720+0000] {processor.py:840} INFO - DAG(s) 'example_dag_decorator' retrieved from /home/airflow/.local/lib/python3.12/site-packages/airflow/example_dags/example_dag_decorator.py
[2025-10-17T03:51:54.739+0000] {logging_mixin.py:188} INFO - [2025-10-17T03:51:54.739+0000] {dag.py:3096} INFO - Sync 1 DAGs
[2025-10-17T03:51:54.748+0000] {logging_mixin.py:188} INFO - [2025-10-17T03:51:54.747+0000] {dag.py:3954} INFO - Setting next_dagrun for example_dag_decorator to None, run_after=None
[2025-10-17T03:51:54.765+0000] {processor.py:183} INFO - Processing /home/airflow/.local/lib/python3.12/site-packages/airflow/example_dags/example_dag_decorator.py took 0.285 seconds
[2025-10-17T03:52:25.351+0000] {processor.py:161} INFO - Started process (PID=6708) to work on /home/airflow/.local/lib/python3.12/site-packages/airflow/example_dags/example_dag_decorator.py
[2025-10-17T03:52:25.352+0000] {processor.py:830} INFO - Processing file /home/airflow/.local/lib/python3.12/site-packages/airflow/example_dags/example_dag_decorator.py for tasks to queue
[2025-10-17T03:52:25.354+0000] {logging_mixin.py:188} INFO - [2025-10-17T03:52:25.354+0000] {dagbag.py:545} INFO - Filling up the DagBag from /home/airflow/.local/lib/python3.12/site-packages/airflow/example_dags/example_dag_decorator.py
[2025-10-17T03:52:25.574+0000] {processor.py:840} INFO - DAG(s) 'example_dag_decorator' retrieved from /home/airflow/.local/lib/python3.12/site-packages/airflow/example_dags/example_dag_decorator.py
[2025-10-17T03:52:25.648+0000] {logging_mixin.py:188} INFO - [2025-10-17T03:52:25.648+0000] {dag.py:3096} INFO - Sync 1 DAGs
[2025-10-17T03:52:25.656+0000] {logging_mixin.py:188} INFO - [2025-10-17T03:52:25.656+0000] {dag.py:3954} INFO - Setting next_dagrun for example_dag_decorator to None, run_after=None
[2025-10-17T03:52:25.673+0000] {processor.py:183} INFO - Processing /home/airflow/.local/lib/python3.12/site-packages/airflow/example_dags/example_dag_decorator.py took 0.327 seconds
[2025-10-17T03:52:56.152+0000] {processor.py:161} INFO - Started process (PID=6767) to work on /home/airflow/.local/lib/python3.12/site-packages/airflow/example_dags/example_dag_decorator.py
[2025-10-17T03:52:56.153+0000] {processor.py:830} INFO - Processing file /home/airflow/.local/lib/python3.12/site-packages/airflow/example_dags/example_dag_decorator.py for tasks to queue
[2025-10-17T03:52:56.156+0000] {logging_mixin.py:188} INFO - [2025-10-17T03:52:56.155+0000] {dagbag.py:545} INFO - Filling up the DagBag from /home/airflow/.local/lib/python3.12/site-packages/airflow/example_dags/example_dag_decorator.py
[2025-10-17T03:52:56.388+0000] {processor.py:840} INFO - DAG(s) 'example_dag_decorator' retrieved from /home/airflow/.local/lib/python3.12/site-packages/airflow/example_dags/example_dag_decorator.py
[2025-10-17T03:52:56.464+0000] {logging_mixin.py:188} INFO - [2025-10-17T03:52:56.463+0000] {dag.py:3096} INFO - Sync 1 DAGs
[2025-10-17T03:52:56.471+0000] {logging_mixin.py:188} INFO - [2025-10-17T03:52:56.471+0000] {dag.py:3954} INFO - Setting next_dagrun for example_dag_decorator to None, run_after=None
[2025-10-17T03:52:56.486+0000] {processor.py:183} INFO - Processing /home/airflow/.local/lib/python3.12/site-packages/airflow/example_dags/example_dag_decorator.py took 0.340 seconds
[2025-10-17T03:53:27.011+0000] {processor.py:161} INFO - Started process (PID=6826) to work on /home/airflow/.local/lib/python3.12/site-packages/airflow/example_dags/example_dag_decorator.py
[2025-10-17T03:53:27.012+0000] {processor.py:830} INFO - Processing file /home/airflow/.local/lib/python3.12/site-packages/airflow/example_dags/example_dag_decorator.py for tasks to queue
[2025-10-17T03:53:27.014+0000] {logging_mixin.py:188} INFO - [2025-10-17T03:53:27.014+0000] {dagbag.py:545} INFO - Filling up the DagBag from /home/airflow/.local/lib/python3.12/site-packages/airflow/example_dags/example_dag_decorator.py
[2025-10-17T03:53:27.110+0000] {processor.py:840} INFO - DAG(s) 'example_dag_decorator' retrieved from /home/airflow/.local/lib/python3.12/site-packages/airflow/example_dags/example_dag_decorator.py
[2025-10-17T03:53:27.130+0000] {logging_mixin.py:188} INFO - [2025-10-17T03:53:27.130+0000] {dag.py:3096} INFO - Sync 1 DAGs
[2025-10-17T03:53:27.140+0000] {logging_mixin.py:188} INFO - [2025-10-17T03:53:27.140+0000] {dag.py:3954} INFO - Setting next_dagrun for example_dag_decorator to None, run_after=None
[2025-10-17T03:53:27.157+0000] {processor.py:183} INFO - Processing /home/airflow/.local/lib/python3.12/site-packages/airflow/example_dags/example_dag_decorator.py took 0.150 seconds
[2025-10-17T03:53:57.233+0000] {processor.py:161} INFO - Started process (PID=6885) to work on /home/airflow/.local/lib/python3.12/site-packages/airflow/example_dags/example_dag_decorator.py
[2025-10-17T03:53:57.234+0000] {processor.py:830} INFO - Processing file /home/airflow/.local/lib/python3.12/site-packages/airflow/example_dags/example_dag_decorator.py for tasks to queue
[2025-10-17T03:53:57.236+0000] {logging_mixin.py:188} INFO - [2025-10-17T03:53:57.236+0000] {dagbag.py:545} INFO - Filling up the DagBag from /home/airflow/.local/lib/python3.12/site-packages/airflow/example_dags/example_dag_decorator.py
[2025-10-17T03:53:57.354+0000] {processor.py:840} INFO - DAG(s) 'example_dag_decorator' retrieved from /home/airflow/.local/lib/python3.12/site-packages/airflow/example_dags/example_dag_decorator.py
[2025-10-17T03:53:57.455+0000] {logging_mixin.py:188} INFO - [2025-10-17T03:53:57.455+0000] {dag.py:3096} INFO - Sync 1 DAGs
[2025-10-17T03:53:57.466+0000] {logging_mixin.py:188} INFO - [2025-10-17T03:53:57.466+0000] {dag.py:3954} INFO - Setting next_dagrun for example_dag_decorator to None, run_after=None
[2025-10-17T03:53:57.488+0000] {processor.py:183} INFO - Processing /home/airflow/.local/lib/python3.12/site-packages/airflow/example_dags/example_dag_decorator.py took 0.261 seconds
[2025-10-17T03:54:27.574+0000] {processor.py:161} INFO - Started process (PID=6945) to work on /home/airflow/.local/lib/python3.12/site-packages/airflow/example_dags/example_dag_decorator.py
[2025-10-17T03:54:27.575+0000] {processor.py:830} INFO - Processing file /home/airflow/.local/lib/python3.12/site-packages/airflow/example_dags/example_dag_decorator.py for tasks to queue
[2025-10-17T03:54:27.577+0000] {logging_mixin.py:188} INFO - [2025-10-17T03:54:27.576+0000] {dagbag.py:545} INFO - Filling up the DagBag from /home/airflow/.local/lib/python3.12/site-packages/airflow/example_dags/example_dag_decorator.py
[2025-10-17T03:54:27.673+0000] {processor.py:840} INFO - DAG(s) 'example_dag_decorator' retrieved from /home/airflow/.local/lib/python3.12/site-packages/airflow/example_dags/example_dag_decorator.py
[2025-10-17T03:54:27.756+0000] {logging_mixin.py:188} INFO - [2025-10-17T03:54:27.756+0000] {dag.py:3096} INFO - Sync 1 DAGs
[2025-10-17T03:54:27.764+0000] {logging_mixin.py:188} INFO - [2025-10-17T03:54:27.764+0000] {dag.py:3954} INFO - Setting next_dagrun for example_dag_decorator to None, run_after=None
[2025-10-17T03:54:27.782+0000] {processor.py:183} INFO - Processing /home/airflow/.local/lib/python3.12/site-packages/airflow/example_dags/example_dag_decorator.py took 0.214 seconds
[2025-10-17T03:54:58.497+0000] {processor.py:161} INFO - Started process (PID=7003) to work on /home/airflow/.local/lib/python3.12/site-packages/airflow/example_dags/example_dag_decorator.py
[2025-10-17T03:54:58.498+0000] {processor.py:830} INFO - Processing file /home/airflow/.local/lib/python3.12/site-packages/airflow/example_dags/example_dag_decorator.py for tasks to queue
[2025-10-17T03:54:58.500+0000] {logging_mixin.py:188} INFO - [2025-10-17T03:54:58.499+0000] {dagbag.py:545} INFO - Filling up the DagBag from /home/airflow/.local/lib/python3.12/site-packages/airflow/example_dags/example_dag_decorator.py
[2025-10-17T03:54:58.590+0000] {processor.py:840} INFO - DAG(s) 'example_dag_decorator' retrieved from /home/airflow/.local/lib/python3.12/site-packages/airflow/example_dags/example_dag_decorator.py
[2025-10-17T03:54:58.678+0000] {logging_mixin.py:188} INFO - [2025-10-17T03:54:58.677+0000] {dag.py:3096} INFO - Sync 1 DAGs
[2025-10-17T03:54:58.689+0000] {logging_mixin.py:188} INFO - [2025-10-17T03:54:58.688+0000] {dag.py:3954} INFO - Setting next_dagrun for example_dag_decorator to None, run_after=None
[2025-10-17T03:54:58.705+0000] {processor.py:183} INFO - Processing /home/airflow/.local/lib/python3.12/site-packages/airflow/example_dags/example_dag_decorator.py took 0.213 seconds
[2025-10-17T03:55:28.795+0000] {processor.py:161} INFO - Started process (PID=7062) to work on /home/airflow/.local/lib/python3.12/site-packages/airflow/example_dags/example_dag_decorator.py
[2025-10-17T03:55:28.796+0000] {processor.py:830} INFO - Processing file /home/airflow/.local/lib/python3.12/site-packages/airflow/example_dags/example_dag_decorator.py for tasks to queue
[2025-10-17T03:55:28.799+0000] {logging_mixin.py:188} INFO - [2025-10-17T03:55:28.798+0000] {dagbag.py:545} INFO - Filling up the DagBag from /home/airflow/.local/lib/python3.12/site-packages/airflow/example_dags/example_dag_decorator.py
[2025-10-17T03:55:28.891+0000] {processor.py:840} INFO - DAG(s) 'example_dag_decorator' retrieved from /home/airflow/.local/lib/python3.12/site-packages/airflow/example_dags/example_dag_decorator.py
[2025-10-17T03:55:28.979+0000] {logging_mixin.py:188} INFO - [2025-10-17T03:55:28.979+0000] {dag.py:3096} INFO - Sync 1 DAGs
[2025-10-17T03:55:28.989+0000] {logging_mixin.py:188} INFO - [2025-10-17T03:55:28.989+0000] {dag.py:3954} INFO - Setting next_dagrun for example_dag_decorator to None, run_after=None
[2025-10-17T03:55:29.008+0000] {processor.py:183} INFO - Processing /home/airflow/.local/lib/python3.12/site-packages/airflow/example_dags/example_dag_decorator.py took 0.217 seconds
[2025-10-17T03:55:59.679+0000] {processor.py:161} INFO - Started process (PID=7121) to work on /home/airflow/.local/lib/python3.12/site-packages/airflow/example_dags/example_dag_decorator.py
[2025-10-17T03:55:59.681+0000] {processor.py:830} INFO - Processing file /home/airflow/.local/lib/python3.12/site-packages/airflow/example_dags/example_dag_decorator.py for tasks to queue
[2025-10-17T03:55:59.684+0000] {logging_mixin.py:188} INFO - [2025-10-17T03:55:59.683+0000] {dagbag.py:545} INFO - Filling up the DagBag from /home/airflow/.local/lib/python3.12/site-packages/airflow/example_dags/example_dag_decorator.py
[2025-10-17T03:56:00.005+0000] {processor.py:840} INFO - DAG(s) 'example_dag_decorator' retrieved from /home/airflow/.local/lib/python3.12/site-packages/airflow/example_dags/example_dag_decorator.py
[2025-10-17T03:56:00.187+0000] {logging_mixin.py:188} INFO - [2025-10-17T03:56:00.187+0000] {dag.py:3096} INFO - Sync 1 DAGs
[2025-10-17T03:56:00.208+0000] {logging_mixin.py:188} INFO - [2025-10-17T03:56:00.208+0000] {dag.py:3954} INFO - Setting next_dagrun for example_dag_decorator to None, run_after=None
[2025-10-17T03:56:00.243+0000] {processor.py:183} INFO - Processing /home/airflow/.local/lib/python3.12/site-packages/airflow/example_dags/example_dag_decorator.py took 0.571 seconds
[2025-10-17T03:56:30.836+0000] {processor.py:161} INFO - Started process (PID=7180) to work on /home/airflow/.local/lib/python3.12/site-packages/airflow/example_dags/example_dag_decorator.py
[2025-10-17T03:56:30.838+0000] {processor.py:830} INFO - Processing file /home/airflow/.local/lib/python3.12/site-packages/airflow/example_dags/example_dag_decorator.py for tasks to queue
[2025-10-17T03:56:30.841+0000] {logging_mixin.py:188} INFO - [2025-10-17T03:56:30.840+0000] {dagbag.py:545} INFO - Filling up the DagBag from /home/airflow/.local/lib/python3.12/site-packages/airflow/example_dags/example_dag_decorator.py
[2025-10-17T03:56:30.939+0000] {processor.py:840} INFO - DAG(s) 'example_dag_decorator' retrieved from /home/airflow/.local/lib/python3.12/site-packages/airflow/example_dags/example_dag_decorator.py
[2025-10-17T03:56:31.229+0000] {logging_mixin.py:188} INFO - [2025-10-17T03:56:31.219+0000] {dag.py:3096} INFO - Sync 1 DAGs
[2025-10-17T03:56:31.267+0000] {logging_mixin.py:188} INFO - [2025-10-17T03:56:31.267+0000] {dag.py:3954} INFO - Setting next_dagrun for example_dag_decorator to None, run_after=None
[2025-10-17T03:56:31.373+0000] {processor.py:183} INFO - Processing /home/airflow/.local/lib/python3.12/site-packages/airflow/example_dags/example_dag_decorator.py took 0.543 seconds
[2025-10-17T03:57:01.589+0000] {processor.py:161} INFO - Started process (PID=7241) to work on /home/airflow/.local/lib/python3.12/site-packages/airflow/example_dags/example_dag_decorator.py
[2025-10-17T03:57:01.591+0000] {processor.py:830} INFO - Processing file /home/airflow/.local/lib/python3.12/site-packages/airflow/example_dags/example_dag_decorator.py for tasks to queue
[2025-10-17T03:57:01.594+0000] {logging_mixin.py:188} INFO - [2025-10-17T03:57:01.594+0000] {dagbag.py:545} INFO - Filling up the DagBag from /home/airflow/.local/lib/python3.12/site-packages/airflow/example_dags/example_dag_decorator.py
[2025-10-17T03:57:01.818+0000] {processor.py:840} INFO - DAG(s) 'example_dag_decorator' retrieved from /home/airflow/.local/lib/python3.12/site-packages/airflow/example_dags/example_dag_decorator.py
[2025-10-17T03:57:01.936+0000] {logging_mixin.py:188} INFO - [2025-10-17T03:57:01.936+0000] {dag.py:3096} INFO - Sync 1 DAGs
[2025-10-17T03:57:01.947+0000] {logging_mixin.py:188} INFO - [2025-10-17T03:57:01.947+0000] {dag.py:3954} INFO - Setting next_dagrun for example_dag_decorator to None, run_after=None
[2025-10-17T03:57:01.972+0000] {processor.py:183} INFO - Processing /home/airflow/.local/lib/python3.12/site-packages/airflow/example_dags/example_dag_decorator.py took 0.391 seconds
[2025-10-17T03:57:32.013+0000] {processor.py:161} INFO - Started process (PID=7301) to work on /home/airflow/.local/lib/python3.12/site-packages/airflow/example_dags/example_dag_decorator.py
[2025-10-17T03:57:32.015+0000] {processor.py:830} INFO - Processing file /home/airflow/.local/lib/python3.12/site-packages/airflow/example_dags/example_dag_decorator.py for tasks to queue
[2025-10-17T03:57:32.017+0000] {logging_mixin.py:188} INFO - [2025-10-17T03:57:32.017+0000] {dagbag.py:545} INFO - Filling up the DagBag from /home/airflow/.local/lib/python3.12/site-packages/airflow/example_dags/example_dag_decorator.py
[2025-10-17T03:57:32.128+0000] {processor.py:840} INFO - DAG(s) 'example_dag_decorator' retrieved from /home/airflow/.local/lib/python3.12/site-packages/airflow/example_dags/example_dag_decorator.py
[2025-10-17T03:57:32.239+0000] {logging_mixin.py:188} INFO - [2025-10-17T03:57:32.239+0000] {dag.py:3096} INFO - Sync 1 DAGs
[2025-10-17T03:57:32.251+0000] {logging_mixin.py:188} INFO - [2025-10-17T03:57:32.250+0000] {dag.py:3954} INFO - Setting next_dagrun for example_dag_decorator to None, run_after=None
[2025-10-17T03:57:32.272+0000] {processor.py:183} INFO - Processing /home/airflow/.local/lib/python3.12/site-packages/airflow/example_dags/example_dag_decorator.py took 0.264 seconds
[2025-10-17T03:58:02.314+0000] {processor.py:161} INFO - Started process (PID=7361) to work on /home/airflow/.local/lib/python3.12/site-packages/airflow/example_dags/example_dag_decorator.py
[2025-10-17T03:58:02.315+0000] {processor.py:830} INFO - Processing file /home/airflow/.local/lib/python3.12/site-packages/airflow/example_dags/example_dag_decorator.py for tasks to queue
[2025-10-17T03:58:02.318+0000] {logging_mixin.py:188} INFO - [2025-10-17T03:58:02.317+0000] {dagbag.py:545} INFO - Filling up the DagBag from /home/airflow/.local/lib/python3.12/site-packages/airflow/example_dags/example_dag_decorator.py
[2025-10-17T03:58:02.415+0000] {processor.py:840} INFO - DAG(s) 'example_dag_decorator' retrieved from /home/airflow/.local/lib/python3.12/site-packages/airflow/example_dags/example_dag_decorator.py
[2025-10-17T03:58:02.516+0000] {logging_mixin.py:188} INFO - [2025-10-17T03:58:02.515+0000] {dag.py:3096} INFO - Sync 1 DAGs
[2025-10-17T03:58:02.525+0000] {logging_mixin.py:188} INFO - [2025-10-17T03:58:02.525+0000] {dag.py:3954} INFO - Setting next_dagrun for example_dag_decorator to None, run_after=None
[2025-10-17T03:58:02.547+0000] {processor.py:183} INFO - Processing /home/airflow/.local/lib/python3.12/site-packages/airflow/example_dags/example_dag_decorator.py took 0.240 seconds
[2025-10-17T03:58:32.977+0000] {processor.py:161} INFO - Started process (PID=7416) to work on /home/airflow/.local/lib/python3.12/site-packages/airflow/example_dags/example_dag_decorator.py
[2025-10-17T03:58:32.979+0000] {processor.py:830} INFO - Processing file /home/airflow/.local/lib/python3.12/site-packages/airflow/example_dags/example_dag_decorator.py for tasks to queue
[2025-10-17T03:58:32.981+0000] {logging_mixin.py:188} INFO - [2025-10-17T03:58:32.981+0000] {dagbag.py:545} INFO - Filling up the DagBag from /home/airflow/.local/lib/python3.12/site-packages/airflow/example_dags/example_dag_decorator.py
[2025-10-17T03:58:33.082+0000] {processor.py:840} INFO - DAG(s) 'example_dag_decorator' retrieved from /home/airflow/.local/lib/python3.12/site-packages/airflow/example_dags/example_dag_decorator.py
[2025-10-17T03:58:33.174+0000] {logging_mixin.py:188} INFO - [2025-10-17T03:58:33.174+0000] {dag.py:3096} INFO - Sync 1 DAGs
[2025-10-17T03:58:33.185+0000] {logging_mixin.py:188} INFO - [2025-10-17T03:58:33.184+0000] {dag.py:3954} INFO - Setting next_dagrun for example_dag_decorator to None, run_after=None
[2025-10-17T03:58:33.205+0000] {processor.py:183} INFO - Processing /home/airflow/.local/lib/python3.12/site-packages/airflow/example_dags/example_dag_decorator.py took 0.234 seconds
[2025-10-17T03:59:03.323+0000] {processor.py:161} INFO - Started process (PID=7475) to work on /home/airflow/.local/lib/python3.12/site-packages/airflow/example_dags/example_dag_decorator.py
[2025-10-17T03:59:03.324+0000] {processor.py:830} INFO - Processing file /home/airflow/.local/lib/python3.12/site-packages/airflow/example_dags/example_dag_decorator.py for tasks to queue
[2025-10-17T03:59:03.327+0000] {logging_mixin.py:188} INFO - [2025-10-17T03:59:03.327+0000] {dagbag.py:545} INFO - Filling up the DagBag from /home/airflow/.local/lib/python3.12/site-packages/airflow/example_dags/example_dag_decorator.py
[2025-10-17T03:59:03.428+0000] {processor.py:840} INFO - DAG(s) 'example_dag_decorator' retrieved from /home/airflow/.local/lib/python3.12/site-packages/airflow/example_dags/example_dag_decorator.py
[2025-10-17T03:59:03.441+0000] {logging_mixin.py:188} INFO - [2025-10-17T03:59:03.441+0000] {dag.py:3096} INFO - Sync 1 DAGs
[2025-10-17T03:59:03.454+0000] {logging_mixin.py:188} INFO - [2025-10-17T03:59:03.454+0000] {dag.py:3954} INFO - Setting next_dagrun for example_dag_decorator to None, run_after=None
[2025-10-17T03:59:03.475+0000] {processor.py:183} INFO - Processing /home/airflow/.local/lib/python3.12/site-packages/airflow/example_dags/example_dag_decorator.py took 0.159 seconds
[2025-10-17T03:59:33.536+0000] {processor.py:161} INFO - Started process (PID=7534) to work on /home/airflow/.local/lib/python3.12/site-packages/airflow/example_dags/example_dag_decorator.py
[2025-10-17T03:59:33.538+0000] {processor.py:830} INFO - Processing file /home/airflow/.local/lib/python3.12/site-packages/airflow/example_dags/example_dag_decorator.py for tasks to queue
[2025-10-17T03:59:33.540+0000] {logging_mixin.py:188} INFO - [2025-10-17T03:59:33.540+0000] {dagbag.py:545} INFO - Filling up the DagBag from /home/airflow/.local/lib/python3.12/site-packages/airflow/example_dags/example_dag_decorator.py
[2025-10-17T03:59:33.647+0000] {processor.py:840} INFO - DAG(s) 'example_dag_decorator' retrieved from /home/airflow/.local/lib/python3.12/site-packages/airflow/example_dags/example_dag_decorator.py
[2025-10-17T03:59:33.747+0000] {logging_mixin.py:188} INFO - [2025-10-17T03:59:33.747+0000] {dag.py:3096} INFO - Sync 1 DAGs
[2025-10-17T03:59:33.756+0000] {logging_mixin.py:188} INFO - [2025-10-17T03:59:33.756+0000] {dag.py:3954} INFO - Setting next_dagrun for example_dag_decorator to None, run_after=None
[2025-10-17T03:59:33.774+0000] {processor.py:183} INFO - Processing /home/airflow/.local/lib/python3.12/site-packages/airflow/example_dags/example_dag_decorator.py took 0.244 seconds
[2025-10-17T04:00:03.870+0000] {processor.py:161} INFO - Started process (PID=7594) to work on /home/airflow/.local/lib/python3.12/site-packages/airflow/example_dags/example_dag_decorator.py
[2025-10-17T04:00:03.872+0000] {processor.py:830} INFO - Processing file /home/airflow/.local/lib/python3.12/site-packages/airflow/example_dags/example_dag_decorator.py for tasks to queue
[2025-10-17T04:00:03.875+0000] {logging_mixin.py:188} INFO - [2025-10-17T04:00:03.875+0000] {dagbag.py:545} INFO - Filling up the DagBag from /home/airflow/.local/lib/python3.12/site-packages/airflow/example_dags/example_dag_decorator.py
[2025-10-17T04:00:03.993+0000] {processor.py:840} INFO - DAG(s) 'example_dag_decorator' retrieved from /home/airflow/.local/lib/python3.12/site-packages/airflow/example_dags/example_dag_decorator.py
[2025-10-17T04:00:04.094+0000] {logging_mixin.py:188} INFO - [2025-10-17T04:00:04.094+0000] {dag.py:3096} INFO - Sync 1 DAGs
[2025-10-17T04:00:04.104+0000] {logging_mixin.py:188} INFO - [2025-10-17T04:00:04.103+0000] {dag.py:3954} INFO - Setting next_dagrun for example_dag_decorator to None, run_after=None
[2025-10-17T04:00:04.124+0000] {processor.py:183} INFO - Processing /home/airflow/.local/lib/python3.12/site-packages/airflow/example_dags/example_dag_decorator.py took 0.261 seconds
[2025-10-17T04:00:34.197+0000] {processor.py:161} INFO - Started process (PID=7654) to work on /home/airflow/.local/lib/python3.12/site-packages/airflow/example_dags/example_dag_decorator.py
[2025-10-17T04:00:34.201+0000] {processor.py:830} INFO - Processing file /home/airflow/.local/lib/python3.12/site-packages/airflow/example_dags/example_dag_decorator.py for tasks to queue
[2025-10-17T04:00:34.204+0000] {logging_mixin.py:188} INFO - [2025-10-17T04:00:34.204+0000] {dagbag.py:545} INFO - Filling up the DagBag from /home/airflow/.local/lib/python3.12/site-packages/airflow/example_dags/example_dag_decorator.py
[2025-10-17T04:00:34.300+0000] {processor.py:840} INFO - DAG(s) 'example_dag_decorator' retrieved from /home/airflow/.local/lib/python3.12/site-packages/airflow/example_dags/example_dag_decorator.py
[2025-10-17T04:00:34.391+0000] {logging_mixin.py:188} INFO - [2025-10-17T04:00:34.391+0000] {dag.py:3096} INFO - Sync 1 DAGs
[2025-10-17T04:00:34.401+0000] {logging_mixin.py:188} INFO - [2025-10-17T04:00:34.401+0000] {dag.py:3954} INFO - Setting next_dagrun for example_dag_decorator to None, run_after=None
[2025-10-17T04:00:34.422+0000] {processor.py:183} INFO - Processing /home/airflow/.local/lib/python3.12/site-packages/airflow/example_dags/example_dag_decorator.py took 0.230 seconds
