[2025-10-17T02:55:09.612+0000] {processor.py:161} INFO - Started process (PID=67) to work on /home/airflow/.local/lib/python3.12/site-packages/airflow/example_dags/tutorial_taskflow_api_virtualenv.py
[2025-10-17T02:55:09.619+0000] {processor.py:830} INFO - Processing file /home/airflow/.local/lib/python3.12/site-packages/airflow/example_dags/tutorial_taskflow_api_virtualenv.py for tasks to queue
[2025-10-17T02:55:09.624+0000] {logging_mixin.py:188} INFO - [2025-10-17T02:55:09.623+0000] {dagbag.py:545} INFO - Filling up the DagBag from /home/airflow/.local/lib/python3.12/site-packages/airflow/example_dags/tutorial_taskflow_api_virtualenv.py
[2025-10-17T02:55:09.661+0000] {processor.py:840} INFO - DAG(s) 'tutorial_taskflow_api_virtualenv' retrieved from /home/airflow/.local/lib/python3.12/site-packages/airflow/example_dags/tutorial_taskflow_api_virtualenv.py
[2025-10-17T02:55:09.872+0000] {logging_mixin.py:188} INFO - [2025-10-17T02:55:09.871+0000] {override.py:1829} INFO - Created Permission View: can read on DAG:tutorial_taskflow_api_virtualenv
[2025-10-17T02:55:09.888+0000] {logging_mixin.py:188} INFO - [2025-10-17T02:55:09.888+0000] {override.py:1829} INFO - Created Permission View: can delete on DAG:tutorial_taskflow_api_virtualenv
[2025-10-17T02:55:09.898+0000] {logging_mixin.py:188} INFO - [2025-10-17T02:55:09.898+0000] {override.py:1829} INFO - Created Permission View: can edit on DAG:tutorial_taskflow_api_virtualenv
[2025-10-17T02:55:09.899+0000] {logging_mixin.py:188} INFO - [2025-10-17T02:55:09.899+0000] {dag.py:3096} INFO - Sync 1 DAGs
[2025-10-17T02:55:09.915+0000] {logging_mixin.py:188} INFO - [2025-10-17T02:55:09.915+0000] {dag.py:3118} INFO - Creating ORM DAG for tutorial_taskflow_api_virtualenv
[2025-10-17T02:55:09.916+0000] {logging_mixin.py:188} INFO - [2025-10-17T02:55:09.916+0000] {dag.py:3954} INFO - Setting next_dagrun for tutorial_taskflow_api_virtualenv to None, run_after=None
[2025-10-17T02:55:09.950+0000] {processor.py:183} INFO - Processing /home/airflow/.local/lib/python3.12/site-packages/airflow/example_dags/tutorial_taskflow_api_virtualenv.py took 0.350 seconds
[2025-10-17T02:55:40.663+0000] {processor.py:161} INFO - Started process (PID=125) to work on /home/airflow/.local/lib/python3.12/site-packages/airflow/example_dags/tutorial_taskflow_api_virtualenv.py
[2025-10-17T02:55:40.664+0000] {processor.py:830} INFO - Processing file /home/airflow/.local/lib/python3.12/site-packages/airflow/example_dags/tutorial_taskflow_api_virtualenv.py for tasks to queue
[2025-10-17T02:55:40.666+0000] {logging_mixin.py:188} INFO - [2025-10-17T02:55:40.666+0000] {dagbag.py:545} INFO - Filling up the DagBag from /home/airflow/.local/lib/python3.12/site-packages/airflow/example_dags/tutorial_taskflow_api_virtualenv.py
[2025-10-17T02:55:40.677+0000] {processor.py:840} INFO - DAG(s) 'tutorial_taskflow_api_virtualenv' retrieved from /home/airflow/.local/lib/python3.12/site-packages/airflow/example_dags/tutorial_taskflow_api_virtualenv.py
[2025-10-17T02:55:40.698+0000] {logging_mixin.py:188} INFO - [2025-10-17T02:55:40.698+0000] {dag.py:3096} INFO - Sync 1 DAGs
[2025-10-17T02:55:40.709+0000] {logging_mixin.py:188} INFO - [2025-10-17T02:55:40.709+0000] {dag.py:3954} INFO - Setting next_dagrun for tutorial_taskflow_api_virtualenv to None, run_after=None
[2025-10-17T02:55:40.730+0000] {processor.py:183} INFO - Processing /home/airflow/.local/lib/python3.12/site-packages/airflow/example_dags/tutorial_taskflow_api_virtualenv.py took 0.073 seconds
[2025-10-17T02:56:11.305+0000] {processor.py:161} INFO - Started process (PID=184) to work on /home/airflow/.local/lib/python3.12/site-packages/airflow/example_dags/tutorial_taskflow_api_virtualenv.py
[2025-10-17T02:56:11.306+0000] {processor.py:830} INFO - Processing file /home/airflow/.local/lib/python3.12/site-packages/airflow/example_dags/tutorial_taskflow_api_virtualenv.py for tasks to queue
[2025-10-17T02:56:11.308+0000] {logging_mixin.py:188} INFO - [2025-10-17T02:56:11.308+0000] {dagbag.py:545} INFO - Filling up the DagBag from /home/airflow/.local/lib/python3.12/site-packages/airflow/example_dags/tutorial_taskflow_api_virtualenv.py
[2025-10-17T02:56:11.317+0000] {processor.py:840} INFO - DAG(s) 'tutorial_taskflow_api_virtualenv' retrieved from /home/airflow/.local/lib/python3.12/site-packages/airflow/example_dags/tutorial_taskflow_api_virtualenv.py
[2025-10-17T02:56:11.335+0000] {logging_mixin.py:188} INFO - [2025-10-17T02:56:11.334+0000] {dag.py:3096} INFO - Sync 1 DAGs
[2025-10-17T02:56:11.345+0000] {logging_mixin.py:188} INFO - [2025-10-17T02:56:11.344+0000] {dag.py:3954} INFO - Setting next_dagrun for tutorial_taskflow_api_virtualenv to None, run_after=None
[2025-10-17T02:56:11.364+0000] {processor.py:183} INFO - Processing /home/airflow/.local/lib/python3.12/site-packages/airflow/example_dags/tutorial_taskflow_api_virtualenv.py took 0.065 seconds
[2025-10-17T02:56:41.658+0000] {processor.py:161} INFO - Started process (PID=243) to work on /home/airflow/.local/lib/python3.12/site-packages/airflow/example_dags/tutorial_taskflow_api_virtualenv.py
[2025-10-17T02:56:41.659+0000] {processor.py:830} INFO - Processing file /home/airflow/.local/lib/python3.12/site-packages/airflow/example_dags/tutorial_taskflow_api_virtualenv.py for tasks to queue
[2025-10-17T02:56:41.661+0000] {logging_mixin.py:188} INFO - [2025-10-17T02:56:41.661+0000] {dagbag.py:545} INFO - Filling up the DagBag from /home/airflow/.local/lib/python3.12/site-packages/airflow/example_dags/tutorial_taskflow_api_virtualenv.py
[2025-10-17T02:56:41.670+0000] {processor.py:840} INFO - DAG(s) 'tutorial_taskflow_api_virtualenv' retrieved from /home/airflow/.local/lib/python3.12/site-packages/airflow/example_dags/tutorial_taskflow_api_virtualenv.py
[2025-10-17T02:56:41.689+0000] {logging_mixin.py:188} INFO - [2025-10-17T02:56:41.689+0000] {dag.py:3096} INFO - Sync 1 DAGs
[2025-10-17T02:56:41.700+0000] {logging_mixin.py:188} INFO - [2025-10-17T02:56:41.700+0000] {dag.py:3954} INFO - Setting next_dagrun for tutorial_taskflow_api_virtualenv to None, run_after=None
[2025-10-17T02:56:41.737+0000] {processor.py:183} INFO - Processing /home/airflow/.local/lib/python3.12/site-packages/airflow/example_dags/tutorial_taskflow_api_virtualenv.py took 0.083 seconds
[2025-10-17T02:57:12.121+0000] {processor.py:161} INFO - Started process (PID=302) to work on /home/airflow/.local/lib/python3.12/site-packages/airflow/example_dags/tutorial_taskflow_api_virtualenv.py
[2025-10-17T02:57:12.123+0000] {processor.py:830} INFO - Processing file /home/airflow/.local/lib/python3.12/site-packages/airflow/example_dags/tutorial_taskflow_api_virtualenv.py for tasks to queue
[2025-10-17T02:57:12.125+0000] {logging_mixin.py:188} INFO - [2025-10-17T02:57:12.124+0000] {dagbag.py:545} INFO - Filling up the DagBag from /home/airflow/.local/lib/python3.12/site-packages/airflow/example_dags/tutorial_taskflow_api_virtualenv.py
[2025-10-17T02:57:12.134+0000] {processor.py:840} INFO - DAG(s) 'tutorial_taskflow_api_virtualenv' retrieved from /home/airflow/.local/lib/python3.12/site-packages/airflow/example_dags/tutorial_taskflow_api_virtualenv.py
[2025-10-17T02:57:12.154+0000] {logging_mixin.py:188} INFO - [2025-10-17T02:57:12.153+0000] {dag.py:3096} INFO - Sync 1 DAGs
[2025-10-17T02:57:12.165+0000] {logging_mixin.py:188} INFO - [2025-10-17T02:57:12.164+0000] {dag.py:3954} INFO - Setting next_dagrun for tutorial_taskflow_api_virtualenv to None, run_after=None
[2025-10-17T02:57:12.184+0000] {processor.py:183} INFO - Processing /home/airflow/.local/lib/python3.12/site-packages/airflow/example_dags/tutorial_taskflow_api_virtualenv.py took 0.067 seconds
[2025-10-17T02:57:42.257+0000] {processor.py:161} INFO - Started process (PID=361) to work on /home/airflow/.local/lib/python3.12/site-packages/airflow/example_dags/tutorial_taskflow_api_virtualenv.py
[2025-10-17T02:57:42.259+0000] {processor.py:830} INFO - Processing file /home/airflow/.local/lib/python3.12/site-packages/airflow/example_dags/tutorial_taskflow_api_virtualenv.py for tasks to queue
[2025-10-17T02:57:42.260+0000] {logging_mixin.py:188} INFO - [2025-10-17T02:57:42.260+0000] {dagbag.py:545} INFO - Filling up the DagBag from /home/airflow/.local/lib/python3.12/site-packages/airflow/example_dags/tutorial_taskflow_api_virtualenv.py
[2025-10-17T02:57:42.269+0000] {processor.py:840} INFO - DAG(s) 'tutorial_taskflow_api_virtualenv' retrieved from /home/airflow/.local/lib/python3.12/site-packages/airflow/example_dags/tutorial_taskflow_api_virtualenv.py
[2025-10-17T02:57:42.287+0000] {logging_mixin.py:188} INFO - [2025-10-17T02:57:42.287+0000] {dag.py:3096} INFO - Sync 1 DAGs
[2025-10-17T02:57:42.297+0000] {logging_mixin.py:188} INFO - [2025-10-17T02:57:42.296+0000] {dag.py:3954} INFO - Setting next_dagrun for tutorial_taskflow_api_virtualenv to None, run_after=None
[2025-10-17T02:57:42.330+0000] {processor.py:183} INFO - Processing /home/airflow/.local/lib/python3.12/site-packages/airflow/example_dags/tutorial_taskflow_api_virtualenv.py took 0.077 seconds
[2025-10-17T02:58:13.113+0000] {processor.py:161} INFO - Started process (PID=420) to work on /home/airflow/.local/lib/python3.12/site-packages/airflow/example_dags/tutorial_taskflow_api_virtualenv.py
[2025-10-17T02:58:13.114+0000] {processor.py:830} INFO - Processing file /home/airflow/.local/lib/python3.12/site-packages/airflow/example_dags/tutorial_taskflow_api_virtualenv.py for tasks to queue
[2025-10-17T02:58:13.116+0000] {logging_mixin.py:188} INFO - [2025-10-17T02:58:13.116+0000] {dagbag.py:545} INFO - Filling up the DagBag from /home/airflow/.local/lib/python3.12/site-packages/airflow/example_dags/tutorial_taskflow_api_virtualenv.py
[2025-10-17T02:58:13.125+0000] {processor.py:840} INFO - DAG(s) 'tutorial_taskflow_api_virtualenv' retrieved from /home/airflow/.local/lib/python3.12/site-packages/airflow/example_dags/tutorial_taskflow_api_virtualenv.py
[2025-10-17T02:58:13.141+0000] {logging_mixin.py:188} INFO - [2025-10-17T02:58:13.140+0000] {dag.py:3096} INFO - Sync 1 DAGs
[2025-10-17T02:58:13.150+0000] {logging_mixin.py:188} INFO - [2025-10-17T02:58:13.150+0000] {dag.py:3954} INFO - Setting next_dagrun for tutorial_taskflow_api_virtualenv to None, run_after=None
[2025-10-17T02:58:13.167+0000] {processor.py:183} INFO - Processing /home/airflow/.local/lib/python3.12/site-packages/airflow/example_dags/tutorial_taskflow_api_virtualenv.py took 0.058 seconds
[2025-10-17T02:58:44.005+0000] {processor.py:161} INFO - Started process (PID=473) to work on /home/airflow/.local/lib/python3.12/site-packages/airflow/example_dags/tutorial_taskflow_api_virtualenv.py
[2025-10-17T02:58:44.006+0000] {processor.py:830} INFO - Processing file /home/airflow/.local/lib/python3.12/site-packages/airflow/example_dags/tutorial_taskflow_api_virtualenv.py for tasks to queue
[2025-10-17T02:58:44.008+0000] {logging_mixin.py:188} INFO - [2025-10-17T02:58:44.008+0000] {dagbag.py:545} INFO - Filling up the DagBag from /home/airflow/.local/lib/python3.12/site-packages/airflow/example_dags/tutorial_taskflow_api_virtualenv.py
[2025-10-17T02:58:44.017+0000] {processor.py:840} INFO - DAG(s) 'tutorial_taskflow_api_virtualenv' retrieved from /home/airflow/.local/lib/python3.12/site-packages/airflow/example_dags/tutorial_taskflow_api_virtualenv.py
[2025-10-17T02:58:44.034+0000] {logging_mixin.py:188} INFO - [2025-10-17T02:58:44.033+0000] {dag.py:3096} INFO - Sync 1 DAGs
[2025-10-17T02:58:44.044+0000] {logging_mixin.py:188} INFO - [2025-10-17T02:58:44.044+0000] {dag.py:3954} INFO - Setting next_dagrun for tutorial_taskflow_api_virtualenv to None, run_after=None
[2025-10-17T02:58:44.066+0000] {processor.py:183} INFO - Processing /home/airflow/.local/lib/python3.12/site-packages/airflow/example_dags/tutorial_taskflow_api_virtualenv.py took 0.065 seconds
[2025-10-17T02:59:14.839+0000] {processor.py:161} INFO - Started process (PID=532) to work on /home/airflow/.local/lib/python3.12/site-packages/airflow/example_dags/tutorial_taskflow_api_virtualenv.py
[2025-10-17T02:59:14.840+0000] {processor.py:830} INFO - Processing file /home/airflow/.local/lib/python3.12/site-packages/airflow/example_dags/tutorial_taskflow_api_virtualenv.py for tasks to queue
[2025-10-17T02:59:14.842+0000] {logging_mixin.py:188} INFO - [2025-10-17T02:59:14.842+0000] {dagbag.py:545} INFO - Filling up the DagBag from /home/airflow/.local/lib/python3.12/site-packages/airflow/example_dags/tutorial_taskflow_api_virtualenv.py
[2025-10-17T02:59:14.851+0000] {processor.py:840} INFO - DAG(s) 'tutorial_taskflow_api_virtualenv' retrieved from /home/airflow/.local/lib/python3.12/site-packages/airflow/example_dags/tutorial_taskflow_api_virtualenv.py
[2025-10-17T02:59:14.869+0000] {logging_mixin.py:188} INFO - [2025-10-17T02:59:14.869+0000] {dag.py:3096} INFO - Sync 1 DAGs
[2025-10-17T02:59:14.881+0000] {logging_mixin.py:188} INFO - [2025-10-17T02:59:14.880+0000] {dag.py:3954} INFO - Setting next_dagrun for tutorial_taskflow_api_virtualenv to None, run_after=None
[2025-10-17T02:59:14.898+0000] {processor.py:183} INFO - Processing /home/airflow/.local/lib/python3.12/site-packages/airflow/example_dags/tutorial_taskflow_api_virtualenv.py took 0.063 seconds
[2025-10-17T02:59:46.435+0000] {processor.py:161} INFO - Started process (PID=591) to work on /home/airflow/.local/lib/python3.12/site-packages/airflow/example_dags/tutorial_taskflow_api_virtualenv.py
[2025-10-17T02:59:46.436+0000] {processor.py:830} INFO - Processing file /home/airflow/.local/lib/python3.12/site-packages/airflow/example_dags/tutorial_taskflow_api_virtualenv.py for tasks to queue
[2025-10-17T02:59:46.439+0000] {logging_mixin.py:188} INFO - [2025-10-17T02:59:46.438+0000] {dagbag.py:545} INFO - Filling up the DagBag from /home/airflow/.local/lib/python3.12/site-packages/airflow/example_dags/tutorial_taskflow_api_virtualenv.py
[2025-10-17T02:59:46.448+0000] {processor.py:840} INFO - DAG(s) 'tutorial_taskflow_api_virtualenv' retrieved from /home/airflow/.local/lib/python3.12/site-packages/airflow/example_dags/tutorial_taskflow_api_virtualenv.py
[2025-10-17T02:59:46.465+0000] {logging_mixin.py:188} INFO - [2025-10-17T02:59:46.465+0000] {dag.py:3096} INFO - Sync 1 DAGs
[2025-10-17T02:59:46.476+0000] {logging_mixin.py:188} INFO - [2025-10-17T02:59:46.475+0000] {dag.py:3954} INFO - Setting next_dagrun for tutorial_taskflow_api_virtualenv to None, run_after=None
[2025-10-17T02:59:46.495+0000] {processor.py:183} INFO - Processing /home/airflow/.local/lib/python3.12/site-packages/airflow/example_dags/tutorial_taskflow_api_virtualenv.py took 0.065 seconds
[2025-10-17T03:00:18.438+0000] {processor.py:161} INFO - Started process (PID=650) to work on /home/airflow/.local/lib/python3.12/site-packages/airflow/example_dags/tutorial_taskflow_api_virtualenv.py
[2025-10-17T03:00:18.439+0000] {processor.py:830} INFO - Processing file /home/airflow/.local/lib/python3.12/site-packages/airflow/example_dags/tutorial_taskflow_api_virtualenv.py for tasks to queue
[2025-10-17T03:00:18.441+0000] {logging_mixin.py:188} INFO - [2025-10-17T03:00:18.441+0000] {dagbag.py:545} INFO - Filling up the DagBag from /home/airflow/.local/lib/python3.12/site-packages/airflow/example_dags/tutorial_taskflow_api_virtualenv.py
[2025-10-17T03:00:18.450+0000] {processor.py:840} INFO - DAG(s) 'tutorial_taskflow_api_virtualenv' retrieved from /home/airflow/.local/lib/python3.12/site-packages/airflow/example_dags/tutorial_taskflow_api_virtualenv.py
[2025-10-17T03:00:18.467+0000] {logging_mixin.py:188} INFO - [2025-10-17T03:00:18.467+0000] {dag.py:3096} INFO - Sync 1 DAGs
[2025-10-17T03:00:18.477+0000] {logging_mixin.py:188} INFO - [2025-10-17T03:00:18.477+0000] {dag.py:3954} INFO - Setting next_dagrun for tutorial_taskflow_api_virtualenv to None, run_after=None
[2025-10-17T03:00:18.496+0000] {processor.py:183} INFO - Processing /home/airflow/.local/lib/python3.12/site-packages/airflow/example_dags/tutorial_taskflow_api_virtualenv.py took 0.064 seconds
[2025-10-17T03:00:50.389+0000] {processor.py:161} INFO - Started process (PID=710) to work on /home/airflow/.local/lib/python3.12/site-packages/airflow/example_dags/tutorial_taskflow_api_virtualenv.py
[2025-10-17T03:00:50.390+0000] {processor.py:830} INFO - Processing file /home/airflow/.local/lib/python3.12/site-packages/airflow/example_dags/tutorial_taskflow_api_virtualenv.py for tasks to queue
[2025-10-17T03:00:50.392+0000] {logging_mixin.py:188} INFO - [2025-10-17T03:00:50.391+0000] {dagbag.py:545} INFO - Filling up the DagBag from /home/airflow/.local/lib/python3.12/site-packages/airflow/example_dags/tutorial_taskflow_api_virtualenv.py
[2025-10-17T03:00:50.400+0000] {processor.py:840} INFO - DAG(s) 'tutorial_taskflow_api_virtualenv' retrieved from /home/airflow/.local/lib/python3.12/site-packages/airflow/example_dags/tutorial_taskflow_api_virtualenv.py
[2025-10-17T03:00:50.418+0000] {logging_mixin.py:188} INFO - [2025-10-17T03:00:50.418+0000] {dag.py:3096} INFO - Sync 1 DAGs
[2025-10-17T03:00:50.427+0000] {logging_mixin.py:188} INFO - [2025-10-17T03:00:50.427+0000] {dag.py:3954} INFO - Setting next_dagrun for tutorial_taskflow_api_virtualenv to None, run_after=None
[2025-10-17T03:00:50.444+0000] {processor.py:183} INFO - Processing /home/airflow/.local/lib/python3.12/site-packages/airflow/example_dags/tutorial_taskflow_api_virtualenv.py took 0.060 seconds
[2025-10-17T03:01:21.270+0000] {processor.py:161} INFO - Started process (PID=769) to work on /home/airflow/.local/lib/python3.12/site-packages/airflow/example_dags/tutorial_taskflow_api_virtualenv.py
[2025-10-17T03:01:21.272+0000] {processor.py:830} INFO - Processing file /home/airflow/.local/lib/python3.12/site-packages/airflow/example_dags/tutorial_taskflow_api_virtualenv.py for tasks to queue
[2025-10-17T03:01:21.274+0000] {logging_mixin.py:188} INFO - [2025-10-17T03:01:21.274+0000] {dagbag.py:545} INFO - Filling up the DagBag from /home/airflow/.local/lib/python3.12/site-packages/airflow/example_dags/tutorial_taskflow_api_virtualenv.py
[2025-10-17T03:01:21.283+0000] {processor.py:840} INFO - DAG(s) 'tutorial_taskflow_api_virtualenv' retrieved from /home/airflow/.local/lib/python3.12/site-packages/airflow/example_dags/tutorial_taskflow_api_virtualenv.py
[2025-10-17T03:01:21.304+0000] {logging_mixin.py:188} INFO - [2025-10-17T03:01:21.304+0000] {dag.py:3096} INFO - Sync 1 DAGs
[2025-10-17T03:01:21.318+0000] {logging_mixin.py:188} INFO - [2025-10-17T03:01:21.318+0000] {dag.py:3954} INFO - Setting next_dagrun for tutorial_taskflow_api_virtualenv to None, run_after=None
[2025-10-17T03:01:21.337+0000] {processor.py:183} INFO - Processing /home/airflow/.local/lib/python3.12/site-packages/airflow/example_dags/tutorial_taskflow_api_virtualenv.py took 0.071 seconds
[2025-10-17T03:01:53.632+0000] {processor.py:161} INFO - Started process (PID=828) to work on /home/airflow/.local/lib/python3.12/site-packages/airflow/example_dags/tutorial_taskflow_api_virtualenv.py
[2025-10-17T03:01:53.633+0000] {processor.py:830} INFO - Processing file /home/airflow/.local/lib/python3.12/site-packages/airflow/example_dags/tutorial_taskflow_api_virtualenv.py for tasks to queue
[2025-10-17T03:01:53.635+0000] {logging_mixin.py:188} INFO - [2025-10-17T03:01:53.635+0000] {dagbag.py:545} INFO - Filling up the DagBag from /home/airflow/.local/lib/python3.12/site-packages/airflow/example_dags/tutorial_taskflow_api_virtualenv.py
[2025-10-17T03:01:53.645+0000] {processor.py:840} INFO - DAG(s) 'tutorial_taskflow_api_virtualenv' retrieved from /home/airflow/.local/lib/python3.12/site-packages/airflow/example_dags/tutorial_taskflow_api_virtualenv.py
[2025-10-17T03:01:53.662+0000] {logging_mixin.py:188} INFO - [2025-10-17T03:01:53.662+0000] {dag.py:3096} INFO - Sync 1 DAGs
[2025-10-17T03:01:53.671+0000] {logging_mixin.py:188} INFO - [2025-10-17T03:01:53.671+0000] {dag.py:3954} INFO - Setting next_dagrun for tutorial_taskflow_api_virtualenv to None, run_after=None
[2025-10-17T03:01:53.685+0000] {processor.py:183} INFO - Processing /home/airflow/.local/lib/python3.12/site-packages/airflow/example_dags/tutorial_taskflow_api_virtualenv.py took 0.058 seconds
[2025-10-17T03:02:24.834+0000] {processor.py:161} INFO - Started process (PID=888) to work on /home/airflow/.local/lib/python3.12/site-packages/airflow/example_dags/tutorial_taskflow_api_virtualenv.py
[2025-10-17T03:02:24.835+0000] {processor.py:830} INFO - Processing file /home/airflow/.local/lib/python3.12/site-packages/airflow/example_dags/tutorial_taskflow_api_virtualenv.py for tasks to queue
[2025-10-17T03:02:24.838+0000] {logging_mixin.py:188} INFO - [2025-10-17T03:02:24.838+0000] {dagbag.py:545} INFO - Filling up the DagBag from /home/airflow/.local/lib/python3.12/site-packages/airflow/example_dags/tutorial_taskflow_api_virtualenv.py
[2025-10-17T03:02:24.848+0000] {processor.py:840} INFO - DAG(s) 'tutorial_taskflow_api_virtualenv' retrieved from /home/airflow/.local/lib/python3.12/site-packages/airflow/example_dags/tutorial_taskflow_api_virtualenv.py
[2025-10-17T03:02:24.865+0000] {logging_mixin.py:188} INFO - [2025-10-17T03:02:24.865+0000] {dag.py:3096} INFO - Sync 1 DAGs
[2025-10-17T03:02:24.876+0000] {logging_mixin.py:188} INFO - [2025-10-17T03:02:24.876+0000] {dag.py:3954} INFO - Setting next_dagrun for tutorial_taskflow_api_virtualenv to None, run_after=None
[2025-10-17T03:02:24.894+0000] {processor.py:183} INFO - Processing /home/airflow/.local/lib/python3.12/site-packages/airflow/example_dags/tutorial_taskflow_api_virtualenv.py took 0.066 seconds
[2025-10-17T03:02:56.295+0000] {processor.py:161} INFO - Started process (PID=947) to work on /home/airflow/.local/lib/python3.12/site-packages/airflow/example_dags/tutorial_taskflow_api_virtualenv.py
[2025-10-17T03:02:56.297+0000] {processor.py:830} INFO - Processing file /home/airflow/.local/lib/python3.12/site-packages/airflow/example_dags/tutorial_taskflow_api_virtualenv.py for tasks to queue
[2025-10-17T03:02:56.299+0000] {logging_mixin.py:188} INFO - [2025-10-17T03:02:56.298+0000] {dagbag.py:545} INFO - Filling up the DagBag from /home/airflow/.local/lib/python3.12/site-packages/airflow/example_dags/tutorial_taskflow_api_virtualenv.py
[2025-10-17T03:02:56.309+0000] {processor.py:840} INFO - DAG(s) 'tutorial_taskflow_api_virtualenv' retrieved from /home/airflow/.local/lib/python3.12/site-packages/airflow/example_dags/tutorial_taskflow_api_virtualenv.py
[2025-10-17T03:02:56.330+0000] {logging_mixin.py:188} INFO - [2025-10-17T03:02:56.329+0000] {dag.py:3096} INFO - Sync 1 DAGs
[2025-10-17T03:02:56.341+0000] {logging_mixin.py:188} INFO - [2025-10-17T03:02:56.341+0000] {dag.py:3954} INFO - Setting next_dagrun for tutorial_taskflow_api_virtualenv to None, run_after=None
[2025-10-17T03:02:56.366+0000] {processor.py:183} INFO - Processing /home/airflow/.local/lib/python3.12/site-packages/airflow/example_dags/tutorial_taskflow_api_virtualenv.py took 0.076 seconds
[2025-10-17T03:03:28.351+0000] {processor.py:161} INFO - Started process (PID=1006) to work on /home/airflow/.local/lib/python3.12/site-packages/airflow/example_dags/tutorial_taskflow_api_virtualenv.py
[2025-10-17T03:03:28.352+0000] {processor.py:830} INFO - Processing file /home/airflow/.local/lib/python3.12/site-packages/airflow/example_dags/tutorial_taskflow_api_virtualenv.py for tasks to queue
[2025-10-17T03:03:28.354+0000] {logging_mixin.py:188} INFO - [2025-10-17T03:03:28.353+0000] {dagbag.py:545} INFO - Filling up the DagBag from /home/airflow/.local/lib/python3.12/site-packages/airflow/example_dags/tutorial_taskflow_api_virtualenv.py
[2025-10-17T03:03:28.362+0000] {processor.py:840} INFO - DAG(s) 'tutorial_taskflow_api_virtualenv' retrieved from /home/airflow/.local/lib/python3.12/site-packages/airflow/example_dags/tutorial_taskflow_api_virtualenv.py
[2025-10-17T03:03:28.377+0000] {logging_mixin.py:188} INFO - [2025-10-17T03:03:28.377+0000] {dag.py:3096} INFO - Sync 1 DAGs
[2025-10-17T03:03:28.387+0000] {logging_mixin.py:188} INFO - [2025-10-17T03:03:28.387+0000] {dag.py:3954} INFO - Setting next_dagrun for tutorial_taskflow_api_virtualenv to None, run_after=None
[2025-10-17T03:03:28.404+0000] {processor.py:183} INFO - Processing /home/airflow/.local/lib/python3.12/site-packages/airflow/example_dags/tutorial_taskflow_api_virtualenv.py took 0.058 seconds
[2025-10-17T03:04:00.760+0000] {processor.py:161} INFO - Started process (PID=1065) to work on /home/airflow/.local/lib/python3.12/site-packages/airflow/example_dags/tutorial_taskflow_api_virtualenv.py
[2025-10-17T03:04:00.761+0000] {processor.py:830} INFO - Processing file /home/airflow/.local/lib/python3.12/site-packages/airflow/example_dags/tutorial_taskflow_api_virtualenv.py for tasks to queue
[2025-10-17T03:04:00.763+0000] {logging_mixin.py:188} INFO - [2025-10-17T03:04:00.763+0000] {dagbag.py:545} INFO - Filling up the DagBag from /home/airflow/.local/lib/python3.12/site-packages/airflow/example_dags/tutorial_taskflow_api_virtualenv.py
[2025-10-17T03:04:00.772+0000] {processor.py:840} INFO - DAG(s) 'tutorial_taskflow_api_virtualenv' retrieved from /home/airflow/.local/lib/python3.12/site-packages/airflow/example_dags/tutorial_taskflow_api_virtualenv.py
[2025-10-17T03:04:00.792+0000] {logging_mixin.py:188} INFO - [2025-10-17T03:04:00.792+0000] {dag.py:3096} INFO - Sync 1 DAGs
[2025-10-17T03:04:00.805+0000] {logging_mixin.py:188} INFO - [2025-10-17T03:04:00.805+0000] {dag.py:3954} INFO - Setting next_dagrun for tutorial_taskflow_api_virtualenv to None, run_after=None
[2025-10-17T03:04:00.827+0000] {processor.py:183} INFO - Processing /home/airflow/.local/lib/python3.12/site-packages/airflow/example_dags/tutorial_taskflow_api_virtualenv.py took 0.072 seconds
[2025-10-17T03:04:31.897+0000] {processor.py:161} INFO - Started process (PID=1124) to work on /home/airflow/.local/lib/python3.12/site-packages/airflow/example_dags/tutorial_taskflow_api_virtualenv.py
[2025-10-17T03:04:31.898+0000] {processor.py:830} INFO - Processing file /home/airflow/.local/lib/python3.12/site-packages/airflow/example_dags/tutorial_taskflow_api_virtualenv.py for tasks to queue
[2025-10-17T03:04:31.899+0000] {logging_mixin.py:188} INFO - [2025-10-17T03:04:31.899+0000] {dagbag.py:545} INFO - Filling up the DagBag from /home/airflow/.local/lib/python3.12/site-packages/airflow/example_dags/tutorial_taskflow_api_virtualenv.py
[2025-10-17T03:04:31.909+0000] {processor.py:840} INFO - DAG(s) 'tutorial_taskflow_api_virtualenv' retrieved from /home/airflow/.local/lib/python3.12/site-packages/airflow/example_dags/tutorial_taskflow_api_virtualenv.py
[2025-10-17T03:04:31.927+0000] {logging_mixin.py:188} INFO - [2025-10-17T03:04:31.927+0000] {dag.py:3096} INFO - Sync 1 DAGs
[2025-10-17T03:04:31.938+0000] {logging_mixin.py:188} INFO - [2025-10-17T03:04:31.937+0000] {dag.py:3954} INFO - Setting next_dagrun for tutorial_taskflow_api_virtualenv to None, run_after=None
[2025-10-17T03:04:31.958+0000] {processor.py:183} INFO - Processing /home/airflow/.local/lib/python3.12/site-packages/airflow/example_dags/tutorial_taskflow_api_virtualenv.py took 0.066 seconds
[2025-10-17T03:05:04.158+0000] {processor.py:161} INFO - Started process (PID=1184) to work on /home/airflow/.local/lib/python3.12/site-packages/airflow/example_dags/tutorial_taskflow_api_virtualenv.py
[2025-10-17T03:05:04.159+0000] {processor.py:830} INFO - Processing file /home/airflow/.local/lib/python3.12/site-packages/airflow/example_dags/tutorial_taskflow_api_virtualenv.py for tasks to queue
[2025-10-17T03:05:04.162+0000] {logging_mixin.py:188} INFO - [2025-10-17T03:05:04.161+0000] {dagbag.py:545} INFO - Filling up the DagBag from /home/airflow/.local/lib/python3.12/site-packages/airflow/example_dags/tutorial_taskflow_api_virtualenv.py
[2025-10-17T03:05:04.171+0000] {processor.py:840} INFO - DAG(s) 'tutorial_taskflow_api_virtualenv' retrieved from /home/airflow/.local/lib/python3.12/site-packages/airflow/example_dags/tutorial_taskflow_api_virtualenv.py
[2025-10-17T03:05:04.193+0000] {logging_mixin.py:188} INFO - [2025-10-17T03:05:04.193+0000] {dag.py:3096} INFO - Sync 1 DAGs
[2025-10-17T03:05:04.204+0000] {logging_mixin.py:188} INFO - [2025-10-17T03:05:04.204+0000] {dag.py:3954} INFO - Setting next_dagrun for tutorial_taskflow_api_virtualenv to None, run_after=None
[2025-10-17T03:05:04.223+0000] {processor.py:183} INFO - Processing /home/airflow/.local/lib/python3.12/site-packages/airflow/example_dags/tutorial_taskflow_api_virtualenv.py took 0.070 seconds
[2025-10-17T03:05:35.471+0000] {processor.py:161} INFO - Started process (PID=1243) to work on /home/airflow/.local/lib/python3.12/site-packages/airflow/example_dags/tutorial_taskflow_api_virtualenv.py
[2025-10-17T03:05:35.472+0000] {processor.py:830} INFO - Processing file /home/airflow/.local/lib/python3.12/site-packages/airflow/example_dags/tutorial_taskflow_api_virtualenv.py for tasks to queue
[2025-10-17T03:05:35.474+0000] {logging_mixin.py:188} INFO - [2025-10-17T03:05:35.474+0000] {dagbag.py:545} INFO - Filling up the DagBag from /home/airflow/.local/lib/python3.12/site-packages/airflow/example_dags/tutorial_taskflow_api_virtualenv.py
[2025-10-17T03:05:35.483+0000] {processor.py:840} INFO - DAG(s) 'tutorial_taskflow_api_virtualenv' retrieved from /home/airflow/.local/lib/python3.12/site-packages/airflow/example_dags/tutorial_taskflow_api_virtualenv.py
[2025-10-17T03:05:35.499+0000] {logging_mixin.py:188} INFO - [2025-10-17T03:05:35.499+0000] {dag.py:3096} INFO - Sync 1 DAGs
[2025-10-17T03:05:35.509+0000] {logging_mixin.py:188} INFO - [2025-10-17T03:05:35.509+0000] {dag.py:3954} INFO - Setting next_dagrun for tutorial_taskflow_api_virtualenv to None, run_after=None
[2025-10-17T03:05:35.638+0000] {processor.py:183} INFO - Processing /home/airflow/.local/lib/python3.12/site-packages/airflow/example_dags/tutorial_taskflow_api_virtualenv.py took 0.171 seconds
[2025-10-17T03:06:08.009+0000] {processor.py:161} INFO - Started process (PID=1302) to work on /home/airflow/.local/lib/python3.12/site-packages/airflow/example_dags/tutorial_taskflow_api_virtualenv.py
[2025-10-17T03:06:08.010+0000] {processor.py:830} INFO - Processing file /home/airflow/.local/lib/python3.12/site-packages/airflow/example_dags/tutorial_taskflow_api_virtualenv.py for tasks to queue
[2025-10-17T03:06:08.012+0000] {logging_mixin.py:188} INFO - [2025-10-17T03:06:08.012+0000] {dagbag.py:545} INFO - Filling up the DagBag from /home/airflow/.local/lib/python3.12/site-packages/airflow/example_dags/tutorial_taskflow_api_virtualenv.py
[2025-10-17T03:06:08.022+0000] {processor.py:840} INFO - DAG(s) 'tutorial_taskflow_api_virtualenv' retrieved from /home/airflow/.local/lib/python3.12/site-packages/airflow/example_dags/tutorial_taskflow_api_virtualenv.py
[2025-10-17T03:06:08.042+0000] {logging_mixin.py:188} INFO - [2025-10-17T03:06:08.042+0000] {dag.py:3096} INFO - Sync 1 DAGs
[2025-10-17T03:06:08.053+0000] {logging_mixin.py:188} INFO - [2025-10-17T03:06:08.053+0000] {dag.py:3954} INFO - Setting next_dagrun for tutorial_taskflow_api_virtualenv to None, run_after=None
[2025-10-17T03:06:08.074+0000] {processor.py:183} INFO - Processing /home/airflow/.local/lib/python3.12/site-packages/airflow/example_dags/tutorial_taskflow_api_virtualenv.py took 0.070 seconds
[2025-10-17T03:06:38.896+0000] {processor.py:161} INFO - Started process (PID=1361) to work on /home/airflow/.local/lib/python3.12/site-packages/airflow/example_dags/tutorial_taskflow_api_virtualenv.py
[2025-10-17T03:06:38.898+0000] {processor.py:830} INFO - Processing file /home/airflow/.local/lib/python3.12/site-packages/airflow/example_dags/tutorial_taskflow_api_virtualenv.py for tasks to queue
[2025-10-17T03:06:38.900+0000] {logging_mixin.py:188} INFO - [2025-10-17T03:06:38.900+0000] {dagbag.py:545} INFO - Filling up the DagBag from /home/airflow/.local/lib/python3.12/site-packages/airflow/example_dags/tutorial_taskflow_api_virtualenv.py
[2025-10-17T03:06:38.910+0000] {processor.py:840} INFO - DAG(s) 'tutorial_taskflow_api_virtualenv' retrieved from /home/airflow/.local/lib/python3.12/site-packages/airflow/example_dags/tutorial_taskflow_api_virtualenv.py
[2025-10-17T03:06:38.930+0000] {logging_mixin.py:188} INFO - [2025-10-17T03:06:38.930+0000] {dag.py:3096} INFO - Sync 1 DAGs
[2025-10-17T03:06:38.943+0000] {logging_mixin.py:188} INFO - [2025-10-17T03:06:38.942+0000] {dag.py:3954} INFO - Setting next_dagrun for tutorial_taskflow_api_virtualenv to None, run_after=None
[2025-10-17T03:06:38.963+0000] {processor.py:183} INFO - Processing /home/airflow/.local/lib/python3.12/site-packages/airflow/example_dags/tutorial_taskflow_api_virtualenv.py took 0.073 seconds
[2025-10-17T03:07:09.523+0000] {processor.py:161} INFO - Started process (PID=1420) to work on /home/airflow/.local/lib/python3.12/site-packages/airflow/example_dags/tutorial_taskflow_api_virtualenv.py
[2025-10-17T03:07:09.524+0000] {processor.py:830} INFO - Processing file /home/airflow/.local/lib/python3.12/site-packages/airflow/example_dags/tutorial_taskflow_api_virtualenv.py for tasks to queue
[2025-10-17T03:07:09.527+0000] {logging_mixin.py:188} INFO - [2025-10-17T03:07:09.526+0000] {dagbag.py:545} INFO - Filling up the DagBag from /home/airflow/.local/lib/python3.12/site-packages/airflow/example_dags/tutorial_taskflow_api_virtualenv.py
[2025-10-17T03:07:09.538+0000] {processor.py:840} INFO - DAG(s) 'tutorial_taskflow_api_virtualenv' retrieved from /home/airflow/.local/lib/python3.12/site-packages/airflow/example_dags/tutorial_taskflow_api_virtualenv.py
[2025-10-17T03:07:09.562+0000] {logging_mixin.py:188} INFO - [2025-10-17T03:07:09.562+0000] {dag.py:3096} INFO - Sync 1 DAGs
[2025-10-17T03:07:09.575+0000] {logging_mixin.py:188} INFO - [2025-10-17T03:07:09.574+0000] {dag.py:3954} INFO - Setting next_dagrun for tutorial_taskflow_api_virtualenv to None, run_after=None
[2025-10-17T03:07:09.595+0000] {processor.py:183} INFO - Processing /home/airflow/.local/lib/python3.12/site-packages/airflow/example_dags/tutorial_taskflow_api_virtualenv.py took 0.078 seconds
[2025-10-17T03:07:40.770+0000] {processor.py:161} INFO - Started process (PID=1479) to work on /home/airflow/.local/lib/python3.12/site-packages/airflow/example_dags/tutorial_taskflow_api_virtualenv.py
[2025-10-17T03:07:40.771+0000] {processor.py:830} INFO - Processing file /home/airflow/.local/lib/python3.12/site-packages/airflow/example_dags/tutorial_taskflow_api_virtualenv.py for tasks to queue
[2025-10-17T03:07:40.774+0000] {logging_mixin.py:188} INFO - [2025-10-17T03:07:40.773+0000] {dagbag.py:545} INFO - Filling up the DagBag from /home/airflow/.local/lib/python3.12/site-packages/airflow/example_dags/tutorial_taskflow_api_virtualenv.py
[2025-10-17T03:07:40.783+0000] {processor.py:840} INFO - DAG(s) 'tutorial_taskflow_api_virtualenv' retrieved from /home/airflow/.local/lib/python3.12/site-packages/airflow/example_dags/tutorial_taskflow_api_virtualenv.py
[2025-10-17T03:07:40.808+0000] {logging_mixin.py:188} INFO - [2025-10-17T03:07:40.807+0000] {dag.py:3096} INFO - Sync 1 DAGs
[2025-10-17T03:07:40.819+0000] {logging_mixin.py:188} INFO - [2025-10-17T03:07:40.819+0000] {dag.py:3954} INFO - Setting next_dagrun for tutorial_taskflow_api_virtualenv to None, run_after=None
[2025-10-17T03:07:40.844+0000] {processor.py:183} INFO - Processing /home/airflow/.local/lib/python3.12/site-packages/airflow/example_dags/tutorial_taskflow_api_virtualenv.py took 0.080 seconds
[2025-10-17T03:08:11.330+0000] {processor.py:161} INFO - Started process (PID=1538) to work on /home/airflow/.local/lib/python3.12/site-packages/airflow/example_dags/tutorial_taskflow_api_virtualenv.py
[2025-10-17T03:08:11.331+0000] {processor.py:830} INFO - Processing file /home/airflow/.local/lib/python3.12/site-packages/airflow/example_dags/tutorial_taskflow_api_virtualenv.py for tasks to queue
[2025-10-17T03:08:11.333+0000] {logging_mixin.py:188} INFO - [2025-10-17T03:08:11.332+0000] {dagbag.py:545} INFO - Filling up the DagBag from /home/airflow/.local/lib/python3.12/site-packages/airflow/example_dags/tutorial_taskflow_api_virtualenv.py
[2025-10-17T03:08:11.342+0000] {processor.py:840} INFO - DAG(s) 'tutorial_taskflow_api_virtualenv' retrieved from /home/airflow/.local/lib/python3.12/site-packages/airflow/example_dags/tutorial_taskflow_api_virtualenv.py
[2025-10-17T03:08:11.493+0000] {logging_mixin.py:188} INFO - [2025-10-17T03:08:11.492+0000] {dag.py:3096} INFO - Sync 1 DAGs
[2025-10-17T03:08:11.502+0000] {logging_mixin.py:188} INFO - [2025-10-17T03:08:11.502+0000] {dag.py:3954} INFO - Setting next_dagrun for tutorial_taskflow_api_virtualenv to None, run_after=None
[2025-10-17T03:08:11.519+0000] {processor.py:183} INFO - Processing /home/airflow/.local/lib/python3.12/site-packages/airflow/example_dags/tutorial_taskflow_api_virtualenv.py took 0.195 seconds
[2025-10-17T03:08:42.302+0000] {processor.py:161} INFO - Started process (PID=1597) to work on /home/airflow/.local/lib/python3.12/site-packages/airflow/example_dags/tutorial_taskflow_api_virtualenv.py
[2025-10-17T03:08:42.303+0000] {processor.py:830} INFO - Processing file /home/airflow/.local/lib/python3.12/site-packages/airflow/example_dags/tutorial_taskflow_api_virtualenv.py for tasks to queue
[2025-10-17T03:08:42.305+0000] {logging_mixin.py:188} INFO - [2025-10-17T03:08:42.304+0000] {dagbag.py:545} INFO - Filling up the DagBag from /home/airflow/.local/lib/python3.12/site-packages/airflow/example_dags/tutorial_taskflow_api_virtualenv.py
[2025-10-17T03:08:42.314+0000] {processor.py:840} INFO - DAG(s) 'tutorial_taskflow_api_virtualenv' retrieved from /home/airflow/.local/lib/python3.12/site-packages/airflow/example_dags/tutorial_taskflow_api_virtualenv.py
[2025-10-17T03:08:42.333+0000] {logging_mixin.py:188} INFO - [2025-10-17T03:08:42.333+0000] {dag.py:3096} INFO - Sync 1 DAGs
[2025-10-17T03:08:42.345+0000] {logging_mixin.py:188} INFO - [2025-10-17T03:08:42.344+0000] {dag.py:3954} INFO - Setting next_dagrun for tutorial_taskflow_api_virtualenv to None, run_after=None
[2025-10-17T03:08:42.362+0000] {processor.py:183} INFO - Processing /home/airflow/.local/lib/python3.12/site-packages/airflow/example_dags/tutorial_taskflow_api_virtualenv.py took 0.066 seconds
[2025-10-17T03:09:12.573+0000] {processor.py:161} INFO - Started process (PID=1655) to work on /home/airflow/.local/lib/python3.12/site-packages/airflow/example_dags/tutorial_taskflow_api_virtualenv.py
[2025-10-17T03:09:12.574+0000] {processor.py:830} INFO - Processing file /home/airflow/.local/lib/python3.12/site-packages/airflow/example_dags/tutorial_taskflow_api_virtualenv.py for tasks to queue
[2025-10-17T03:09:12.576+0000] {logging_mixin.py:188} INFO - [2025-10-17T03:09:12.575+0000] {dagbag.py:545} INFO - Filling up the DagBag from /home/airflow/.local/lib/python3.12/site-packages/airflow/example_dags/tutorial_taskflow_api_virtualenv.py
[2025-10-17T03:09:12.585+0000] {processor.py:840} INFO - DAG(s) 'tutorial_taskflow_api_virtualenv' retrieved from /home/airflow/.local/lib/python3.12/site-packages/airflow/example_dags/tutorial_taskflow_api_virtualenv.py
[2025-10-17T03:09:12.603+0000] {logging_mixin.py:188} INFO - [2025-10-17T03:09:12.602+0000] {dag.py:3096} INFO - Sync 1 DAGs
[2025-10-17T03:09:12.613+0000] {logging_mixin.py:188} INFO - [2025-10-17T03:09:12.613+0000] {dag.py:3954} INFO - Setting next_dagrun for tutorial_taskflow_api_virtualenv to None, run_after=None
[2025-10-17T03:09:12.633+0000] {processor.py:183} INFO - Processing /home/airflow/.local/lib/python3.12/site-packages/airflow/example_dags/tutorial_taskflow_api_virtualenv.py took 0.066 seconds
[2025-10-17T03:09:42.803+0000] {processor.py:161} INFO - Started process (PID=1713) to work on /home/airflow/.local/lib/python3.12/site-packages/airflow/example_dags/tutorial_taskflow_api_virtualenv.py
[2025-10-17T03:09:42.805+0000] {processor.py:830} INFO - Processing file /home/airflow/.local/lib/python3.12/site-packages/airflow/example_dags/tutorial_taskflow_api_virtualenv.py for tasks to queue
[2025-10-17T03:09:42.807+0000] {logging_mixin.py:188} INFO - [2025-10-17T03:09:42.806+0000] {dagbag.py:545} INFO - Filling up the DagBag from /home/airflow/.local/lib/python3.12/site-packages/airflow/example_dags/tutorial_taskflow_api_virtualenv.py
[2025-10-17T03:09:42.817+0000] {processor.py:840} INFO - DAG(s) 'tutorial_taskflow_api_virtualenv' retrieved from /home/airflow/.local/lib/python3.12/site-packages/airflow/example_dags/tutorial_taskflow_api_virtualenv.py
[2025-10-17T03:09:42.839+0000] {logging_mixin.py:188} INFO - [2025-10-17T03:09:42.838+0000] {dag.py:3096} INFO - Sync 1 DAGs
[2025-10-17T03:09:42.849+0000] {logging_mixin.py:188} INFO - [2025-10-17T03:09:42.849+0000] {dag.py:3954} INFO - Setting next_dagrun for tutorial_taskflow_api_virtualenv to None, run_after=None
[2025-10-17T03:09:42.873+0000] {processor.py:183} INFO - Processing /home/airflow/.local/lib/python3.12/site-packages/airflow/example_dags/tutorial_taskflow_api_virtualenv.py took 0.075 seconds
[2025-10-17T03:10:13.414+0000] {processor.py:161} INFO - Started process (PID=1773) to work on /home/airflow/.local/lib/python3.12/site-packages/airflow/example_dags/tutorial_taskflow_api_virtualenv.py
[2025-10-17T03:10:13.415+0000] {processor.py:830} INFO - Processing file /home/airflow/.local/lib/python3.12/site-packages/airflow/example_dags/tutorial_taskflow_api_virtualenv.py for tasks to queue
[2025-10-17T03:10:13.417+0000] {logging_mixin.py:188} INFO - [2025-10-17T03:10:13.417+0000] {dagbag.py:545} INFO - Filling up the DagBag from /home/airflow/.local/lib/python3.12/site-packages/airflow/example_dags/tutorial_taskflow_api_virtualenv.py
[2025-10-17T03:10:13.429+0000] {processor.py:840} INFO - DAG(s) 'tutorial_taskflow_api_virtualenv' retrieved from /home/airflow/.local/lib/python3.12/site-packages/airflow/example_dags/tutorial_taskflow_api_virtualenv.py
[2025-10-17T03:10:13.447+0000] {logging_mixin.py:188} INFO - [2025-10-17T03:10:13.447+0000] {dag.py:3096} INFO - Sync 1 DAGs
[2025-10-17T03:10:13.458+0000] {logging_mixin.py:188} INFO - [2025-10-17T03:10:13.458+0000] {dag.py:3954} INFO - Setting next_dagrun for tutorial_taskflow_api_virtualenv to None, run_after=None
[2025-10-17T03:10:13.480+0000] {processor.py:183} INFO - Processing /home/airflow/.local/lib/python3.12/site-packages/airflow/example_dags/tutorial_taskflow_api_virtualenv.py took 0.071 seconds
[2025-10-17T03:10:43.707+0000] {processor.py:161} INFO - Started process (PID=1832) to work on /home/airflow/.local/lib/python3.12/site-packages/airflow/example_dags/tutorial_taskflow_api_virtualenv.py
[2025-10-17T03:10:43.708+0000] {processor.py:830} INFO - Processing file /home/airflow/.local/lib/python3.12/site-packages/airflow/example_dags/tutorial_taskflow_api_virtualenv.py for tasks to queue
[2025-10-17T03:10:43.710+0000] {logging_mixin.py:188} INFO - [2025-10-17T03:10:43.709+0000] {dagbag.py:545} INFO - Filling up the DagBag from /home/airflow/.local/lib/python3.12/site-packages/airflow/example_dags/tutorial_taskflow_api_virtualenv.py
[2025-10-17T03:10:43.720+0000] {processor.py:840} INFO - DAG(s) 'tutorial_taskflow_api_virtualenv' retrieved from /home/airflow/.local/lib/python3.12/site-packages/airflow/example_dags/tutorial_taskflow_api_virtualenv.py
[2025-10-17T03:10:43.736+0000] {logging_mixin.py:188} INFO - [2025-10-17T03:10:43.736+0000] {dag.py:3096} INFO - Sync 1 DAGs
[2025-10-17T03:10:43.747+0000] {logging_mixin.py:188} INFO - [2025-10-17T03:10:43.746+0000] {dag.py:3954} INFO - Setting next_dagrun for tutorial_taskflow_api_virtualenv to None, run_after=None
[2025-10-17T03:10:43.768+0000] {processor.py:183} INFO - Processing /home/airflow/.local/lib/python3.12/site-packages/airflow/example_dags/tutorial_taskflow_api_virtualenv.py took 0.066 seconds
[2025-10-17T03:11:14.179+0000] {processor.py:161} INFO - Started process (PID=1897) to work on /home/airflow/.local/lib/python3.12/site-packages/airflow/example_dags/tutorial_taskflow_api_virtualenv.py
[2025-10-17T03:11:14.180+0000] {processor.py:830} INFO - Processing file /home/airflow/.local/lib/python3.12/site-packages/airflow/example_dags/tutorial_taskflow_api_virtualenv.py for tasks to queue
[2025-10-17T03:11:14.182+0000] {logging_mixin.py:188} INFO - [2025-10-17T03:11:14.182+0000] {dagbag.py:545} INFO - Filling up the DagBag from /home/airflow/.local/lib/python3.12/site-packages/airflow/example_dags/tutorial_taskflow_api_virtualenv.py
[2025-10-17T03:11:14.192+0000] {processor.py:840} INFO - DAG(s) 'tutorial_taskflow_api_virtualenv' retrieved from /home/airflow/.local/lib/python3.12/site-packages/airflow/example_dags/tutorial_taskflow_api_virtualenv.py
[2025-10-17T03:11:14.210+0000] {logging_mixin.py:188} INFO - [2025-10-17T03:11:14.210+0000] {dag.py:3096} INFO - Sync 1 DAGs
[2025-10-17T03:11:14.221+0000] {logging_mixin.py:188} INFO - [2025-10-17T03:11:14.220+0000] {dag.py:3954} INFO - Setting next_dagrun for tutorial_taskflow_api_virtualenv to None, run_after=None
[2025-10-17T03:11:14.240+0000] {processor.py:183} INFO - Processing /home/airflow/.local/lib/python3.12/site-packages/airflow/example_dags/tutorial_taskflow_api_virtualenv.py took 0.066 seconds
[2025-10-17T03:11:44.762+0000] {processor.py:161} INFO - Started process (PID=1956) to work on /home/airflow/.local/lib/python3.12/site-packages/airflow/example_dags/tutorial_taskflow_api_virtualenv.py
[2025-10-17T03:11:44.763+0000] {processor.py:830} INFO - Processing file /home/airflow/.local/lib/python3.12/site-packages/airflow/example_dags/tutorial_taskflow_api_virtualenv.py for tasks to queue
[2025-10-17T03:11:44.765+0000] {logging_mixin.py:188} INFO - [2025-10-17T03:11:44.765+0000] {dagbag.py:545} INFO - Filling up the DagBag from /home/airflow/.local/lib/python3.12/site-packages/airflow/example_dags/tutorial_taskflow_api_virtualenv.py
[2025-10-17T03:11:44.775+0000] {processor.py:840} INFO - DAG(s) 'tutorial_taskflow_api_virtualenv' retrieved from /home/airflow/.local/lib/python3.12/site-packages/airflow/example_dags/tutorial_taskflow_api_virtualenv.py
[2025-10-17T03:11:44.791+0000] {logging_mixin.py:188} INFO - [2025-10-17T03:11:44.791+0000] {dag.py:3096} INFO - Sync 1 DAGs
[2025-10-17T03:11:44.801+0000] {logging_mixin.py:188} INFO - [2025-10-17T03:11:44.801+0000] {dag.py:3954} INFO - Setting next_dagrun for tutorial_taskflow_api_virtualenv to None, run_after=None
[2025-10-17T03:11:44.819+0000] {processor.py:183} INFO - Processing /home/airflow/.local/lib/python3.12/site-packages/airflow/example_dags/tutorial_taskflow_api_virtualenv.py took 0.062 seconds
[2025-10-17T03:12:15.091+0000] {processor.py:161} INFO - Started process (PID=2015) to work on /home/airflow/.local/lib/python3.12/site-packages/airflow/example_dags/tutorial_taskflow_api_virtualenv.py
[2025-10-17T03:12:15.093+0000] {processor.py:830} INFO - Processing file /home/airflow/.local/lib/python3.12/site-packages/airflow/example_dags/tutorial_taskflow_api_virtualenv.py for tasks to queue
[2025-10-17T03:12:15.094+0000] {logging_mixin.py:188} INFO - [2025-10-17T03:12:15.094+0000] {dagbag.py:545} INFO - Filling up the DagBag from /home/airflow/.local/lib/python3.12/site-packages/airflow/example_dags/tutorial_taskflow_api_virtualenv.py
[2025-10-17T03:12:15.104+0000] {processor.py:840} INFO - DAG(s) 'tutorial_taskflow_api_virtualenv' retrieved from /home/airflow/.local/lib/python3.12/site-packages/airflow/example_dags/tutorial_taskflow_api_virtualenv.py
[2025-10-17T03:12:15.121+0000] {logging_mixin.py:188} INFO - [2025-10-17T03:12:15.121+0000] {dag.py:3096} INFO - Sync 1 DAGs
[2025-10-17T03:12:15.133+0000] {logging_mixin.py:188} INFO - [2025-10-17T03:12:15.133+0000] {dag.py:3954} INFO - Setting next_dagrun for tutorial_taskflow_api_virtualenv to None, run_after=None
[2025-10-17T03:12:15.151+0000] {processor.py:183} INFO - Processing /home/airflow/.local/lib/python3.12/site-packages/airflow/example_dags/tutorial_taskflow_api_virtualenv.py took 0.064 seconds
[2025-10-17T03:12:45.729+0000] {processor.py:161} INFO - Started process (PID=2074) to work on /home/airflow/.local/lib/python3.12/site-packages/airflow/example_dags/tutorial_taskflow_api_virtualenv.py
[2025-10-17T03:12:45.730+0000] {processor.py:830} INFO - Processing file /home/airflow/.local/lib/python3.12/site-packages/airflow/example_dags/tutorial_taskflow_api_virtualenv.py for tasks to queue
[2025-10-17T03:12:45.732+0000] {logging_mixin.py:188} INFO - [2025-10-17T03:12:45.732+0000] {dagbag.py:545} INFO - Filling up the DagBag from /home/airflow/.local/lib/python3.12/site-packages/airflow/example_dags/tutorial_taskflow_api_virtualenv.py
[2025-10-17T03:12:45.741+0000] {processor.py:840} INFO - DAG(s) 'tutorial_taskflow_api_virtualenv' retrieved from /home/airflow/.local/lib/python3.12/site-packages/airflow/example_dags/tutorial_taskflow_api_virtualenv.py
[2025-10-17T03:12:45.758+0000] {logging_mixin.py:188} INFO - [2025-10-17T03:12:45.757+0000] {dag.py:3096} INFO - Sync 1 DAGs
[2025-10-17T03:12:45.767+0000] {logging_mixin.py:188} INFO - [2025-10-17T03:12:45.767+0000] {dag.py:3954} INFO - Setting next_dagrun for tutorial_taskflow_api_virtualenv to None, run_after=None
[2025-10-17T03:12:45.786+0000] {processor.py:183} INFO - Processing /home/airflow/.local/lib/python3.12/site-packages/airflow/example_dags/tutorial_taskflow_api_virtualenv.py took 0.062 seconds
[2025-10-17T03:13:16.222+0000] {processor.py:161} INFO - Started process (PID=2133) to work on /home/airflow/.local/lib/python3.12/site-packages/airflow/example_dags/tutorial_taskflow_api_virtualenv.py
[2025-10-17T03:13:16.223+0000] {processor.py:830} INFO - Processing file /home/airflow/.local/lib/python3.12/site-packages/airflow/example_dags/tutorial_taskflow_api_virtualenv.py for tasks to queue
[2025-10-17T03:13:16.225+0000] {logging_mixin.py:188} INFO - [2025-10-17T03:13:16.225+0000] {dagbag.py:545} INFO - Filling up the DagBag from /home/airflow/.local/lib/python3.12/site-packages/airflow/example_dags/tutorial_taskflow_api_virtualenv.py
[2025-10-17T03:13:16.235+0000] {processor.py:840} INFO - DAG(s) 'tutorial_taskflow_api_virtualenv' retrieved from /home/airflow/.local/lib/python3.12/site-packages/airflow/example_dags/tutorial_taskflow_api_virtualenv.py
[2025-10-17T03:13:16.253+0000] {logging_mixin.py:188} INFO - [2025-10-17T03:13:16.253+0000] {dag.py:3096} INFO - Sync 1 DAGs
[2025-10-17T03:13:16.265+0000] {logging_mixin.py:188} INFO - [2025-10-17T03:13:16.265+0000] {dag.py:3954} INFO - Setting next_dagrun for tutorial_taskflow_api_virtualenv to None, run_after=None
[2025-10-17T03:13:16.283+0000] {processor.py:183} INFO - Processing /home/airflow/.local/lib/python3.12/site-packages/airflow/example_dags/tutorial_taskflow_api_virtualenv.py took 0.066 seconds
[2025-10-17T03:13:46.524+0000] {processor.py:161} INFO - Started process (PID=2192) to work on /home/airflow/.local/lib/python3.12/site-packages/airflow/example_dags/tutorial_taskflow_api_virtualenv.py
[2025-10-17T03:13:46.526+0000] {processor.py:830} INFO - Processing file /home/airflow/.local/lib/python3.12/site-packages/airflow/example_dags/tutorial_taskflow_api_virtualenv.py for tasks to queue
[2025-10-17T03:13:46.528+0000] {logging_mixin.py:188} INFO - [2025-10-17T03:13:46.527+0000] {dagbag.py:545} INFO - Filling up the DagBag from /home/airflow/.local/lib/python3.12/site-packages/airflow/example_dags/tutorial_taskflow_api_virtualenv.py
[2025-10-17T03:13:46.537+0000] {processor.py:840} INFO - DAG(s) 'tutorial_taskflow_api_virtualenv' retrieved from /home/airflow/.local/lib/python3.12/site-packages/airflow/example_dags/tutorial_taskflow_api_virtualenv.py
[2025-10-17T03:13:46.555+0000] {logging_mixin.py:188} INFO - [2025-10-17T03:13:46.555+0000] {dag.py:3096} INFO - Sync 1 DAGs
[2025-10-17T03:13:46.569+0000] {logging_mixin.py:188} INFO - [2025-10-17T03:13:46.569+0000] {dag.py:3954} INFO - Setting next_dagrun for tutorial_taskflow_api_virtualenv to None, run_after=None
[2025-10-17T03:13:46.591+0000] {processor.py:183} INFO - Processing /home/airflow/.local/lib/python3.12/site-packages/airflow/example_dags/tutorial_taskflow_api_virtualenv.py took 0.072 seconds
[2025-10-17T03:14:16.898+0000] {processor.py:161} INFO - Started process (PID=2251) to work on /home/airflow/.local/lib/python3.12/site-packages/airflow/example_dags/tutorial_taskflow_api_virtualenv.py
[2025-10-17T03:14:16.899+0000] {processor.py:830} INFO - Processing file /home/airflow/.local/lib/python3.12/site-packages/airflow/example_dags/tutorial_taskflow_api_virtualenv.py for tasks to queue
[2025-10-17T03:14:16.903+0000] {logging_mixin.py:188} INFO - [2025-10-17T03:14:16.902+0000] {dagbag.py:545} INFO - Filling up the DagBag from /home/airflow/.local/lib/python3.12/site-packages/airflow/example_dags/tutorial_taskflow_api_virtualenv.py
[2025-10-17T03:14:16.916+0000] {processor.py:840} INFO - DAG(s) 'tutorial_taskflow_api_virtualenv' retrieved from /home/airflow/.local/lib/python3.12/site-packages/airflow/example_dags/tutorial_taskflow_api_virtualenv.py
[2025-10-17T03:14:16.942+0000] {logging_mixin.py:188} INFO - [2025-10-17T03:14:16.941+0000] {dag.py:3096} INFO - Sync 1 DAGs
[2025-10-17T03:14:16.955+0000] {logging_mixin.py:188} INFO - [2025-10-17T03:14:16.954+0000] {dag.py:3954} INFO - Setting next_dagrun for tutorial_taskflow_api_virtualenv to None, run_after=None
[2025-10-17T03:14:16.975+0000] {processor.py:183} INFO - Processing /home/airflow/.local/lib/python3.12/site-packages/airflow/example_dags/tutorial_taskflow_api_virtualenv.py took 0.086 seconds
[2025-10-17T03:14:47.243+0000] {processor.py:161} INFO - Started process (PID=2310) to work on /home/airflow/.local/lib/python3.12/site-packages/airflow/example_dags/tutorial_taskflow_api_virtualenv.py
[2025-10-17T03:14:47.244+0000] {processor.py:830} INFO - Processing file /home/airflow/.local/lib/python3.12/site-packages/airflow/example_dags/tutorial_taskflow_api_virtualenv.py for tasks to queue
[2025-10-17T03:14:47.246+0000] {logging_mixin.py:188} INFO - [2025-10-17T03:14:47.246+0000] {dagbag.py:545} INFO - Filling up the DagBag from /home/airflow/.local/lib/python3.12/site-packages/airflow/example_dags/tutorial_taskflow_api_virtualenv.py
[2025-10-17T03:14:47.257+0000] {processor.py:840} INFO - DAG(s) 'tutorial_taskflow_api_virtualenv' retrieved from /home/airflow/.local/lib/python3.12/site-packages/airflow/example_dags/tutorial_taskflow_api_virtualenv.py
[2025-10-17T03:14:47.278+0000] {logging_mixin.py:188} INFO - [2025-10-17T03:14:47.277+0000] {dag.py:3096} INFO - Sync 1 DAGs
[2025-10-17T03:14:47.290+0000] {logging_mixin.py:188} INFO - [2025-10-17T03:14:47.289+0000] {dag.py:3954} INFO - Setting next_dagrun for tutorial_taskflow_api_virtualenv to None, run_after=None
[2025-10-17T03:14:47.313+0000] {processor.py:183} INFO - Processing /home/airflow/.local/lib/python3.12/site-packages/airflow/example_dags/tutorial_taskflow_api_virtualenv.py took 0.076 seconds
[2025-10-17T03:15:17.593+0000] {processor.py:161} INFO - Started process (PID=2369) to work on /home/airflow/.local/lib/python3.12/site-packages/airflow/example_dags/tutorial_taskflow_api_virtualenv.py
[2025-10-17T03:15:17.595+0000] {processor.py:830} INFO - Processing file /home/airflow/.local/lib/python3.12/site-packages/airflow/example_dags/tutorial_taskflow_api_virtualenv.py for tasks to queue
[2025-10-17T03:15:17.597+0000] {logging_mixin.py:188} INFO - [2025-10-17T03:15:17.596+0000] {dagbag.py:545} INFO - Filling up the DagBag from /home/airflow/.local/lib/python3.12/site-packages/airflow/example_dags/tutorial_taskflow_api_virtualenv.py
[2025-10-17T03:15:17.607+0000] {processor.py:840} INFO - DAG(s) 'tutorial_taskflow_api_virtualenv' retrieved from /home/airflow/.local/lib/python3.12/site-packages/airflow/example_dags/tutorial_taskflow_api_virtualenv.py
[2025-10-17T03:15:17.626+0000] {logging_mixin.py:188} INFO - [2025-10-17T03:15:17.626+0000] {dag.py:3096} INFO - Sync 1 DAGs
[2025-10-17T03:15:17.638+0000] {logging_mixin.py:188} INFO - [2025-10-17T03:15:17.637+0000] {dag.py:3954} INFO - Setting next_dagrun for tutorial_taskflow_api_virtualenv to None, run_after=None
[2025-10-17T03:15:17.659+0000] {processor.py:183} INFO - Processing /home/airflow/.local/lib/python3.12/site-packages/airflow/example_dags/tutorial_taskflow_api_virtualenv.py took 0.071 seconds
[2025-10-17T03:15:47.777+0000] {processor.py:161} INFO - Started process (PID=2428) to work on /home/airflow/.local/lib/python3.12/site-packages/airflow/example_dags/tutorial_taskflow_api_virtualenv.py
[2025-10-17T03:15:47.779+0000] {processor.py:830} INFO - Processing file /home/airflow/.local/lib/python3.12/site-packages/airflow/example_dags/tutorial_taskflow_api_virtualenv.py for tasks to queue
[2025-10-17T03:15:47.781+0000] {logging_mixin.py:188} INFO - [2025-10-17T03:15:47.780+0000] {dagbag.py:545} INFO - Filling up the DagBag from /home/airflow/.local/lib/python3.12/site-packages/airflow/example_dags/tutorial_taskflow_api_virtualenv.py
[2025-10-17T03:15:47.801+0000] {processor.py:840} INFO - DAG(s) 'tutorial_taskflow_api_virtualenv' retrieved from /home/airflow/.local/lib/python3.12/site-packages/airflow/example_dags/tutorial_taskflow_api_virtualenv.py
[2025-10-17T03:15:47.831+0000] {logging_mixin.py:188} INFO - [2025-10-17T03:15:47.831+0000] {dag.py:3096} INFO - Sync 1 DAGs
[2025-10-17T03:15:47.844+0000] {logging_mixin.py:188} INFO - [2025-10-17T03:15:47.844+0000] {dag.py:3954} INFO - Setting next_dagrun for tutorial_taskflow_api_virtualenv to None, run_after=None
[2025-10-17T03:15:47.866+0000] {processor.py:183} INFO - Processing /home/airflow/.local/lib/python3.12/site-packages/airflow/example_dags/tutorial_taskflow_api_virtualenv.py took 0.095 seconds
[2025-10-17T03:16:18.027+0000] {processor.py:161} INFO - Started process (PID=2487) to work on /home/airflow/.local/lib/python3.12/site-packages/airflow/example_dags/tutorial_taskflow_api_virtualenv.py
[2025-10-17T03:16:18.028+0000] {processor.py:830} INFO - Processing file /home/airflow/.local/lib/python3.12/site-packages/airflow/example_dags/tutorial_taskflow_api_virtualenv.py for tasks to queue
[2025-10-17T03:16:18.030+0000] {logging_mixin.py:188} INFO - [2025-10-17T03:16:18.030+0000] {dagbag.py:545} INFO - Filling up the DagBag from /home/airflow/.local/lib/python3.12/site-packages/airflow/example_dags/tutorial_taskflow_api_virtualenv.py
[2025-10-17T03:16:18.041+0000] {processor.py:840} INFO - DAG(s) 'tutorial_taskflow_api_virtualenv' retrieved from /home/airflow/.local/lib/python3.12/site-packages/airflow/example_dags/tutorial_taskflow_api_virtualenv.py
[2025-10-17T03:16:18.058+0000] {logging_mixin.py:188} INFO - [2025-10-17T03:16:18.058+0000] {dag.py:3096} INFO - Sync 1 DAGs
[2025-10-17T03:16:18.069+0000] {logging_mixin.py:188} INFO - [2025-10-17T03:16:18.068+0000] {dag.py:3954} INFO - Setting next_dagrun for tutorial_taskflow_api_virtualenv to None, run_after=None
[2025-10-17T03:16:18.089+0000] {processor.py:183} INFO - Processing /home/airflow/.local/lib/python3.12/site-packages/airflow/example_dags/tutorial_taskflow_api_virtualenv.py took 0.068 seconds
[2025-10-17T03:16:48.485+0000] {processor.py:161} INFO - Started process (PID=2546) to work on /home/airflow/.local/lib/python3.12/site-packages/airflow/example_dags/tutorial_taskflow_api_virtualenv.py
[2025-10-17T03:16:48.488+0000] {processor.py:830} INFO - Processing file /home/airflow/.local/lib/python3.12/site-packages/airflow/example_dags/tutorial_taskflow_api_virtualenv.py for tasks to queue
[2025-10-17T03:16:48.500+0000] {logging_mixin.py:188} INFO - [2025-10-17T03:16:48.500+0000] {dagbag.py:545} INFO - Filling up the DagBag from /home/airflow/.local/lib/python3.12/site-packages/airflow/example_dags/tutorial_taskflow_api_virtualenv.py
[2025-10-17T03:16:48.529+0000] {processor.py:840} INFO - DAG(s) 'tutorial_taskflow_api_virtualenv' retrieved from /home/airflow/.local/lib/python3.12/site-packages/airflow/example_dags/tutorial_taskflow_api_virtualenv.py
[2025-10-17T03:16:48.576+0000] {logging_mixin.py:188} INFO - [2025-10-17T03:16:48.576+0000] {dag.py:3096} INFO - Sync 1 DAGs
[2025-10-17T03:16:48.637+0000] {logging_mixin.py:188} INFO - [2025-10-17T03:16:48.637+0000] {dag.py:3954} INFO - Setting next_dagrun for tutorial_taskflow_api_virtualenv to None, run_after=None
[2025-10-17T03:16:48.717+0000] {processor.py:183} INFO - Processing /home/airflow/.local/lib/python3.12/site-packages/airflow/example_dags/tutorial_taskflow_api_virtualenv.py took 0.246 seconds
[2025-10-17T03:17:19.487+0000] {processor.py:161} INFO - Started process (PID=2605) to work on /home/airflow/.local/lib/python3.12/site-packages/airflow/example_dags/tutorial_taskflow_api_virtualenv.py
[2025-10-17T03:17:19.488+0000] {processor.py:830} INFO - Processing file /home/airflow/.local/lib/python3.12/site-packages/airflow/example_dags/tutorial_taskflow_api_virtualenv.py for tasks to queue
[2025-10-17T03:17:19.491+0000] {logging_mixin.py:188} INFO - [2025-10-17T03:17:19.490+0000] {dagbag.py:545} INFO - Filling up the DagBag from /home/airflow/.local/lib/python3.12/site-packages/airflow/example_dags/tutorial_taskflow_api_virtualenv.py
[2025-10-17T03:17:19.502+0000] {processor.py:840} INFO - DAG(s) 'tutorial_taskflow_api_virtualenv' retrieved from /home/airflow/.local/lib/python3.12/site-packages/airflow/example_dags/tutorial_taskflow_api_virtualenv.py
[2025-10-17T03:17:19.528+0000] {logging_mixin.py:188} INFO - [2025-10-17T03:17:19.528+0000] {dag.py:3096} INFO - Sync 1 DAGs
[2025-10-17T03:17:19.543+0000] {logging_mixin.py:188} INFO - [2025-10-17T03:17:19.543+0000] {dag.py:3954} INFO - Setting next_dagrun for tutorial_taskflow_api_virtualenv to None, run_after=None
[2025-10-17T03:17:19.573+0000] {processor.py:183} INFO - Processing /home/airflow/.local/lib/python3.12/site-packages/airflow/example_dags/tutorial_taskflow_api_virtualenv.py took 0.092 seconds
[2025-10-17T03:17:49.687+0000] {processor.py:161} INFO - Started process (PID=2665) to work on /home/airflow/.local/lib/python3.12/site-packages/airflow/example_dags/tutorial_taskflow_api_virtualenv.py
[2025-10-17T03:17:49.689+0000] {processor.py:830} INFO - Processing file /home/airflow/.local/lib/python3.12/site-packages/airflow/example_dags/tutorial_taskflow_api_virtualenv.py for tasks to queue
[2025-10-17T03:17:49.692+0000] {logging_mixin.py:188} INFO - [2025-10-17T03:17:49.691+0000] {dagbag.py:545} INFO - Filling up the DagBag from /home/airflow/.local/lib/python3.12/site-packages/airflow/example_dags/tutorial_taskflow_api_virtualenv.py
[2025-10-17T03:17:49.702+0000] {processor.py:840} INFO - DAG(s) 'tutorial_taskflow_api_virtualenv' retrieved from /home/airflow/.local/lib/python3.12/site-packages/airflow/example_dags/tutorial_taskflow_api_virtualenv.py
[2025-10-17T03:17:49.726+0000] {logging_mixin.py:188} INFO - [2025-10-17T03:17:49.725+0000] {dag.py:3096} INFO - Sync 1 DAGs
[2025-10-17T03:17:49.738+0000] {logging_mixin.py:188} INFO - [2025-10-17T03:17:49.738+0000] {dag.py:3954} INFO - Setting next_dagrun for tutorial_taskflow_api_virtualenv to None, run_after=None
[2025-10-17T03:17:49.759+0000] {processor.py:183} INFO - Processing /home/airflow/.local/lib/python3.12/site-packages/airflow/example_dags/tutorial_taskflow_api_virtualenv.py took 0.077 seconds
[2025-10-17T03:18:20.032+0000] {processor.py:161} INFO - Started process (PID=2724) to work on /home/airflow/.local/lib/python3.12/site-packages/airflow/example_dags/tutorial_taskflow_api_virtualenv.py
[2025-10-17T03:18:20.034+0000] {processor.py:830} INFO - Processing file /home/airflow/.local/lib/python3.12/site-packages/airflow/example_dags/tutorial_taskflow_api_virtualenv.py for tasks to queue
[2025-10-17T03:18:20.035+0000] {logging_mixin.py:188} INFO - [2025-10-17T03:18:20.035+0000] {dagbag.py:545} INFO - Filling up the DagBag from /home/airflow/.local/lib/python3.12/site-packages/airflow/example_dags/tutorial_taskflow_api_virtualenv.py
[2025-10-17T03:18:20.046+0000] {processor.py:840} INFO - DAG(s) 'tutorial_taskflow_api_virtualenv' retrieved from /home/airflow/.local/lib/python3.12/site-packages/airflow/example_dags/tutorial_taskflow_api_virtualenv.py
[2025-10-17T03:18:20.065+0000] {logging_mixin.py:188} INFO - [2025-10-17T03:18:20.065+0000] {dag.py:3096} INFO - Sync 1 DAGs
[2025-10-17T03:18:20.079+0000] {logging_mixin.py:188} INFO - [2025-10-17T03:18:20.078+0000] {dag.py:3954} INFO - Setting next_dagrun for tutorial_taskflow_api_virtualenv to None, run_after=None
[2025-10-17T03:18:20.097+0000] {processor.py:183} INFO - Processing /home/airflow/.local/lib/python3.12/site-packages/airflow/example_dags/tutorial_taskflow_api_virtualenv.py took 0.070 seconds
[2025-10-17T03:18:50.511+0000] {processor.py:161} INFO - Started process (PID=2783) to work on /home/airflow/.local/lib/python3.12/site-packages/airflow/example_dags/tutorial_taskflow_api_virtualenv.py
[2025-10-17T03:18:50.512+0000] {processor.py:830} INFO - Processing file /home/airflow/.local/lib/python3.12/site-packages/airflow/example_dags/tutorial_taskflow_api_virtualenv.py for tasks to queue
[2025-10-17T03:18:50.514+0000] {logging_mixin.py:188} INFO - [2025-10-17T03:18:50.513+0000] {dagbag.py:545} INFO - Filling up the DagBag from /home/airflow/.local/lib/python3.12/site-packages/airflow/example_dags/tutorial_taskflow_api_virtualenv.py
[2025-10-17T03:18:50.524+0000] {processor.py:840} INFO - DAG(s) 'tutorial_taskflow_api_virtualenv' retrieved from /home/airflow/.local/lib/python3.12/site-packages/airflow/example_dags/tutorial_taskflow_api_virtualenv.py
[2025-10-17T03:18:50.544+0000] {logging_mixin.py:188} INFO - [2025-10-17T03:18:50.544+0000] {dag.py:3096} INFO - Sync 1 DAGs
[2025-10-17T03:18:50.555+0000] {logging_mixin.py:188} INFO - [2025-10-17T03:18:50.554+0000] {dag.py:3954} INFO - Setting next_dagrun for tutorial_taskflow_api_virtualenv to None, run_after=None
[2025-10-17T03:18:50.575+0000] {processor.py:183} INFO - Processing /home/airflow/.local/lib/python3.12/site-packages/airflow/example_dags/tutorial_taskflow_api_virtualenv.py took 0.070 seconds
[2025-10-17T03:19:20.814+0000] {processor.py:161} INFO - Started process (PID=2842) to work on /home/airflow/.local/lib/python3.12/site-packages/airflow/example_dags/tutorial_taskflow_api_virtualenv.py
[2025-10-17T03:19:20.815+0000] {processor.py:830} INFO - Processing file /home/airflow/.local/lib/python3.12/site-packages/airflow/example_dags/tutorial_taskflow_api_virtualenv.py for tasks to queue
[2025-10-17T03:19:20.817+0000] {logging_mixin.py:188} INFO - [2025-10-17T03:19:20.817+0000] {dagbag.py:545} INFO - Filling up the DagBag from /home/airflow/.local/lib/python3.12/site-packages/airflow/example_dags/tutorial_taskflow_api_virtualenv.py
[2025-10-17T03:19:20.827+0000] {processor.py:840} INFO - DAG(s) 'tutorial_taskflow_api_virtualenv' retrieved from /home/airflow/.local/lib/python3.12/site-packages/airflow/example_dags/tutorial_taskflow_api_virtualenv.py
[2025-10-17T03:19:20.846+0000] {logging_mixin.py:188} INFO - [2025-10-17T03:19:20.845+0000] {dag.py:3096} INFO - Sync 1 DAGs
[2025-10-17T03:19:20.858+0000] {logging_mixin.py:188} INFO - [2025-10-17T03:19:20.858+0000] {dag.py:3954} INFO - Setting next_dagrun for tutorial_taskflow_api_virtualenv to None, run_after=None
[2025-10-17T03:19:20.881+0000] {processor.py:183} INFO - Processing /home/airflow/.local/lib/python3.12/site-packages/airflow/example_dags/tutorial_taskflow_api_virtualenv.py took 0.072 seconds
[2025-10-17T03:19:51.131+0000] {processor.py:161} INFO - Started process (PID=2901) to work on /home/airflow/.local/lib/python3.12/site-packages/airflow/example_dags/tutorial_taskflow_api_virtualenv.py
[2025-10-17T03:19:51.132+0000] {processor.py:830} INFO - Processing file /home/airflow/.local/lib/python3.12/site-packages/airflow/example_dags/tutorial_taskflow_api_virtualenv.py for tasks to queue
[2025-10-17T03:19:51.135+0000] {logging_mixin.py:188} INFO - [2025-10-17T03:19:51.134+0000] {dagbag.py:545} INFO - Filling up the DagBag from /home/airflow/.local/lib/python3.12/site-packages/airflow/example_dags/tutorial_taskflow_api_virtualenv.py
[2025-10-17T03:19:51.144+0000] {processor.py:840} INFO - DAG(s) 'tutorial_taskflow_api_virtualenv' retrieved from /home/airflow/.local/lib/python3.12/site-packages/airflow/example_dags/tutorial_taskflow_api_virtualenv.py
[2025-10-17T03:19:51.164+0000] {logging_mixin.py:188} INFO - [2025-10-17T03:19:51.164+0000] {dag.py:3096} INFO - Sync 1 DAGs
[2025-10-17T03:19:51.175+0000] {logging_mixin.py:188} INFO - [2025-10-17T03:19:51.174+0000] {dag.py:3954} INFO - Setting next_dagrun for tutorial_taskflow_api_virtualenv to None, run_after=None
[2025-10-17T03:19:51.196+0000] {processor.py:183} INFO - Processing /home/airflow/.local/lib/python3.12/site-packages/airflow/example_dags/tutorial_taskflow_api_virtualenv.py took 0.069 seconds
[2025-10-17T03:20:21.249+0000] {processor.py:161} INFO - Started process (PID=2960) to work on /home/airflow/.local/lib/python3.12/site-packages/airflow/example_dags/tutorial_taskflow_api_virtualenv.py
[2025-10-17T03:20:21.251+0000] {processor.py:830} INFO - Processing file /home/airflow/.local/lib/python3.12/site-packages/airflow/example_dags/tutorial_taskflow_api_virtualenv.py for tasks to queue
[2025-10-17T03:20:21.253+0000] {logging_mixin.py:188} INFO - [2025-10-17T03:20:21.253+0000] {dagbag.py:545} INFO - Filling up the DagBag from /home/airflow/.local/lib/python3.12/site-packages/airflow/example_dags/tutorial_taskflow_api_virtualenv.py
[2025-10-17T03:20:21.263+0000] {processor.py:840} INFO - DAG(s) 'tutorial_taskflow_api_virtualenv' retrieved from /home/airflow/.local/lib/python3.12/site-packages/airflow/example_dags/tutorial_taskflow_api_virtualenv.py
[2025-10-17T03:20:21.282+0000] {logging_mixin.py:188} INFO - [2025-10-17T03:20:21.282+0000] {dag.py:3096} INFO - Sync 1 DAGs
[2025-10-17T03:20:21.293+0000] {logging_mixin.py:188} INFO - [2025-10-17T03:20:21.293+0000] {dag.py:3954} INFO - Setting next_dagrun for tutorial_taskflow_api_virtualenv to None, run_after=None
[2025-10-17T03:20:21.312+0000] {processor.py:183} INFO - Processing /home/airflow/.local/lib/python3.12/site-packages/airflow/example_dags/tutorial_taskflow_api_virtualenv.py took 0.068 seconds
[2025-10-17T03:20:51.602+0000] {processor.py:161} INFO - Started process (PID=3019) to work on /home/airflow/.local/lib/python3.12/site-packages/airflow/example_dags/tutorial_taskflow_api_virtualenv.py
[2025-10-17T03:20:51.603+0000] {processor.py:830} INFO - Processing file /home/airflow/.local/lib/python3.12/site-packages/airflow/example_dags/tutorial_taskflow_api_virtualenv.py for tasks to queue
[2025-10-17T03:20:51.605+0000] {logging_mixin.py:188} INFO - [2025-10-17T03:20:51.604+0000] {dagbag.py:545} INFO - Filling up the DagBag from /home/airflow/.local/lib/python3.12/site-packages/airflow/example_dags/tutorial_taskflow_api_virtualenv.py
[2025-10-17T03:20:51.614+0000] {processor.py:840} INFO - DAG(s) 'tutorial_taskflow_api_virtualenv' retrieved from /home/airflow/.local/lib/python3.12/site-packages/airflow/example_dags/tutorial_taskflow_api_virtualenv.py
[2025-10-17T03:20:51.633+0000] {logging_mixin.py:188} INFO - [2025-10-17T03:20:51.632+0000] {dag.py:3096} INFO - Sync 1 DAGs
[2025-10-17T03:20:51.643+0000] {logging_mixin.py:188} INFO - [2025-10-17T03:20:51.643+0000] {dag.py:3954} INFO - Setting next_dagrun for tutorial_taskflow_api_virtualenv to None, run_after=None
[2025-10-17T03:20:51.661+0000] {processor.py:183} INFO - Processing /home/airflow/.local/lib/python3.12/site-packages/airflow/example_dags/tutorial_taskflow_api_virtualenv.py took 0.064 seconds
[2025-10-17T03:21:21.930+0000] {processor.py:161} INFO - Started process (PID=3078) to work on /home/airflow/.local/lib/python3.12/site-packages/airflow/example_dags/tutorial_taskflow_api_virtualenv.py
[2025-10-17T03:21:21.931+0000] {processor.py:830} INFO - Processing file /home/airflow/.local/lib/python3.12/site-packages/airflow/example_dags/tutorial_taskflow_api_virtualenv.py for tasks to queue
[2025-10-17T03:21:21.933+0000] {logging_mixin.py:188} INFO - [2025-10-17T03:21:21.933+0000] {dagbag.py:545} INFO - Filling up the DagBag from /home/airflow/.local/lib/python3.12/site-packages/airflow/example_dags/tutorial_taskflow_api_virtualenv.py
[2025-10-17T03:21:21.943+0000] {processor.py:840} INFO - DAG(s) 'tutorial_taskflow_api_virtualenv' retrieved from /home/airflow/.local/lib/python3.12/site-packages/airflow/example_dags/tutorial_taskflow_api_virtualenv.py
[2025-10-17T03:21:21.962+0000] {logging_mixin.py:188} INFO - [2025-10-17T03:21:21.962+0000] {dag.py:3096} INFO - Sync 1 DAGs
[2025-10-17T03:21:21.973+0000] {logging_mixin.py:188} INFO - [2025-10-17T03:21:21.973+0000] {dag.py:3954} INFO - Setting next_dagrun for tutorial_taskflow_api_virtualenv to None, run_after=None
[2025-10-17T03:21:21.992+0000] {processor.py:183} INFO - Processing /home/airflow/.local/lib/python3.12/site-packages/airflow/example_dags/tutorial_taskflow_api_virtualenv.py took 0.068 seconds
[2025-10-17T03:21:52.207+0000] {processor.py:161} INFO - Started process (PID=3137) to work on /home/airflow/.local/lib/python3.12/site-packages/airflow/example_dags/tutorial_taskflow_api_virtualenv.py
[2025-10-17T03:21:52.209+0000] {processor.py:830} INFO - Processing file /home/airflow/.local/lib/python3.12/site-packages/airflow/example_dags/tutorial_taskflow_api_virtualenv.py for tasks to queue
[2025-10-17T03:21:52.211+0000] {logging_mixin.py:188} INFO - [2025-10-17T03:21:52.210+0000] {dagbag.py:545} INFO - Filling up the DagBag from /home/airflow/.local/lib/python3.12/site-packages/airflow/example_dags/tutorial_taskflow_api_virtualenv.py
[2025-10-17T03:21:52.221+0000] {processor.py:840} INFO - DAG(s) 'tutorial_taskflow_api_virtualenv' retrieved from /home/airflow/.local/lib/python3.12/site-packages/airflow/example_dags/tutorial_taskflow_api_virtualenv.py
[2025-10-17T03:21:52.241+0000] {logging_mixin.py:188} INFO - [2025-10-17T03:21:52.240+0000] {dag.py:3096} INFO - Sync 1 DAGs
[2025-10-17T03:21:52.251+0000] {logging_mixin.py:188} INFO - [2025-10-17T03:21:52.251+0000] {dag.py:3954} INFO - Setting next_dagrun for tutorial_taskflow_api_virtualenv to None, run_after=None
[2025-10-17T03:21:52.271+0000] {processor.py:183} INFO - Processing /home/airflow/.local/lib/python3.12/site-packages/airflow/example_dags/tutorial_taskflow_api_virtualenv.py took 0.070 seconds
[2025-10-17T03:22:22.704+0000] {processor.py:161} INFO - Started process (PID=3196) to work on /home/airflow/.local/lib/python3.12/site-packages/airflow/example_dags/tutorial_taskflow_api_virtualenv.py
[2025-10-17T03:22:22.705+0000] {processor.py:830} INFO - Processing file /home/airflow/.local/lib/python3.12/site-packages/airflow/example_dags/tutorial_taskflow_api_virtualenv.py for tasks to queue
[2025-10-17T03:22:22.708+0000] {logging_mixin.py:188} INFO - [2025-10-17T03:22:22.707+0000] {dagbag.py:545} INFO - Filling up the DagBag from /home/airflow/.local/lib/python3.12/site-packages/airflow/example_dags/tutorial_taskflow_api_virtualenv.py
[2025-10-17T03:22:22.719+0000] {processor.py:840} INFO - DAG(s) 'tutorial_taskflow_api_virtualenv' retrieved from /home/airflow/.local/lib/python3.12/site-packages/airflow/example_dags/tutorial_taskflow_api_virtualenv.py
[2025-10-17T03:22:22.736+0000] {logging_mixin.py:188} INFO - [2025-10-17T03:22:22.736+0000] {dag.py:3096} INFO - Sync 1 DAGs
[2025-10-17T03:22:22.747+0000] {logging_mixin.py:188} INFO - [2025-10-17T03:22:22.747+0000] {dag.py:3954} INFO - Setting next_dagrun for tutorial_taskflow_api_virtualenv to None, run_after=None
[2025-10-17T03:22:22.763+0000] {processor.py:183} INFO - Processing /home/airflow/.local/lib/python3.12/site-packages/airflow/example_dags/tutorial_taskflow_api_virtualenv.py took 0.064 seconds
[2025-10-17T03:22:53.142+0000] {processor.py:161} INFO - Started process (PID=3255) to work on /home/airflow/.local/lib/python3.12/site-packages/airflow/example_dags/tutorial_taskflow_api_virtualenv.py
[2025-10-17T03:22:53.144+0000] {processor.py:830} INFO - Processing file /home/airflow/.local/lib/python3.12/site-packages/airflow/example_dags/tutorial_taskflow_api_virtualenv.py for tasks to queue
[2025-10-17T03:22:53.145+0000] {logging_mixin.py:188} INFO - [2025-10-17T03:22:53.145+0000] {dagbag.py:545} INFO - Filling up the DagBag from /home/airflow/.local/lib/python3.12/site-packages/airflow/example_dags/tutorial_taskflow_api_virtualenv.py
[2025-10-17T03:22:53.154+0000] {processor.py:840} INFO - DAG(s) 'tutorial_taskflow_api_virtualenv' retrieved from /home/airflow/.local/lib/python3.12/site-packages/airflow/example_dags/tutorial_taskflow_api_virtualenv.py
[2025-10-17T03:22:53.173+0000] {logging_mixin.py:188} INFO - [2025-10-17T03:22:53.173+0000] {dag.py:3096} INFO - Sync 1 DAGs
[2025-10-17T03:22:53.184+0000] {logging_mixin.py:188} INFO - [2025-10-17T03:22:53.184+0000] {dag.py:3954} INFO - Setting next_dagrun for tutorial_taskflow_api_virtualenv to None, run_after=None
[2025-10-17T03:22:53.202+0000] {processor.py:183} INFO - Processing /home/airflow/.local/lib/python3.12/site-packages/airflow/example_dags/tutorial_taskflow_api_virtualenv.py took 0.065 seconds
[2025-10-17T03:23:23.368+0000] {processor.py:161} INFO - Started process (PID=3314) to work on /home/airflow/.local/lib/python3.12/site-packages/airflow/example_dags/tutorial_taskflow_api_virtualenv.py
[2025-10-17T03:23:23.369+0000] {processor.py:830} INFO - Processing file /home/airflow/.local/lib/python3.12/site-packages/airflow/example_dags/tutorial_taskflow_api_virtualenv.py for tasks to queue
[2025-10-17T03:23:23.370+0000] {logging_mixin.py:188} INFO - [2025-10-17T03:23:23.370+0000] {dagbag.py:545} INFO - Filling up the DagBag from /home/airflow/.local/lib/python3.12/site-packages/airflow/example_dags/tutorial_taskflow_api_virtualenv.py
[2025-10-17T03:23:23.379+0000] {processor.py:840} INFO - DAG(s) 'tutorial_taskflow_api_virtualenv' retrieved from /home/airflow/.local/lib/python3.12/site-packages/airflow/example_dags/tutorial_taskflow_api_virtualenv.py
[2025-10-17T03:23:23.396+0000] {logging_mixin.py:188} INFO - [2025-10-17T03:23:23.396+0000] {dag.py:3096} INFO - Sync 1 DAGs
[2025-10-17T03:23:23.407+0000] {logging_mixin.py:188} INFO - [2025-10-17T03:23:23.407+0000] {dag.py:3954} INFO - Setting next_dagrun for tutorial_taskflow_api_virtualenv to None, run_after=None
[2025-10-17T03:23:23.425+0000] {processor.py:183} INFO - Processing /home/airflow/.local/lib/python3.12/site-packages/airflow/example_dags/tutorial_taskflow_api_virtualenv.py took 0.063 seconds
[2025-10-17T03:23:53.564+0000] {processor.py:161} INFO - Started process (PID=3373) to work on /home/airflow/.local/lib/python3.12/site-packages/airflow/example_dags/tutorial_taskflow_api_virtualenv.py
[2025-10-17T03:23:53.565+0000] {processor.py:830} INFO - Processing file /home/airflow/.local/lib/python3.12/site-packages/airflow/example_dags/tutorial_taskflow_api_virtualenv.py for tasks to queue
[2025-10-17T03:23:53.567+0000] {logging_mixin.py:188} INFO - [2025-10-17T03:23:53.567+0000] {dagbag.py:545} INFO - Filling up the DagBag from /home/airflow/.local/lib/python3.12/site-packages/airflow/example_dags/tutorial_taskflow_api_virtualenv.py
[2025-10-17T03:23:53.577+0000] {processor.py:840} INFO - DAG(s) 'tutorial_taskflow_api_virtualenv' retrieved from /home/airflow/.local/lib/python3.12/site-packages/airflow/example_dags/tutorial_taskflow_api_virtualenv.py
[2025-10-17T03:23:53.597+0000] {logging_mixin.py:188} INFO - [2025-10-17T03:23:53.597+0000] {dag.py:3096} INFO - Sync 1 DAGs
[2025-10-17T03:23:53.608+0000] {logging_mixin.py:188} INFO - [2025-10-17T03:23:53.608+0000] {dag.py:3954} INFO - Setting next_dagrun for tutorial_taskflow_api_virtualenv to None, run_after=None
[2025-10-17T03:23:53.629+0000] {processor.py:183} INFO - Processing /home/airflow/.local/lib/python3.12/site-packages/airflow/example_dags/tutorial_taskflow_api_virtualenv.py took 0.070 seconds
[2025-10-17T03:24:23.743+0000] {processor.py:161} INFO - Started process (PID=3432) to work on /home/airflow/.local/lib/python3.12/site-packages/airflow/example_dags/tutorial_taskflow_api_virtualenv.py
[2025-10-17T03:24:23.744+0000] {processor.py:830} INFO - Processing file /home/airflow/.local/lib/python3.12/site-packages/airflow/example_dags/tutorial_taskflow_api_virtualenv.py for tasks to queue
[2025-10-17T03:24:23.745+0000] {logging_mixin.py:188} INFO - [2025-10-17T03:24:23.745+0000] {dagbag.py:545} INFO - Filling up the DagBag from /home/airflow/.local/lib/python3.12/site-packages/airflow/example_dags/tutorial_taskflow_api_virtualenv.py
[2025-10-17T03:24:23.754+0000] {processor.py:840} INFO - DAG(s) 'tutorial_taskflow_api_virtualenv' retrieved from /home/airflow/.local/lib/python3.12/site-packages/airflow/example_dags/tutorial_taskflow_api_virtualenv.py
[2025-10-17T03:24:23.773+0000] {logging_mixin.py:188} INFO - [2025-10-17T03:24:23.773+0000] {dag.py:3096} INFO - Sync 1 DAGs
[2025-10-17T03:24:23.783+0000] {logging_mixin.py:188} INFO - [2025-10-17T03:24:23.783+0000] {dag.py:3954} INFO - Setting next_dagrun for tutorial_taskflow_api_virtualenv to None, run_after=None
[2025-10-17T03:24:23.802+0000] {processor.py:183} INFO - Processing /home/airflow/.local/lib/python3.12/site-packages/airflow/example_dags/tutorial_taskflow_api_virtualenv.py took 0.065 seconds
[2025-10-17T03:24:53.921+0000] {processor.py:161} INFO - Started process (PID=3491) to work on /home/airflow/.local/lib/python3.12/site-packages/airflow/example_dags/tutorial_taskflow_api_virtualenv.py
[2025-10-17T03:24:53.922+0000] {processor.py:830} INFO - Processing file /home/airflow/.local/lib/python3.12/site-packages/airflow/example_dags/tutorial_taskflow_api_virtualenv.py for tasks to queue
[2025-10-17T03:24:53.924+0000] {logging_mixin.py:188} INFO - [2025-10-17T03:24:53.924+0000] {dagbag.py:545} INFO - Filling up the DagBag from /home/airflow/.local/lib/python3.12/site-packages/airflow/example_dags/tutorial_taskflow_api_virtualenv.py
[2025-10-17T03:24:53.933+0000] {processor.py:840} INFO - DAG(s) 'tutorial_taskflow_api_virtualenv' retrieved from /home/airflow/.local/lib/python3.12/site-packages/airflow/example_dags/tutorial_taskflow_api_virtualenv.py
[2025-10-17T03:24:53.952+0000] {logging_mixin.py:188} INFO - [2025-10-17T03:24:53.952+0000] {dag.py:3096} INFO - Sync 1 DAGs
[2025-10-17T03:24:53.963+0000] {logging_mixin.py:188} INFO - [2025-10-17T03:24:53.963+0000] {dag.py:3954} INFO - Setting next_dagrun for tutorial_taskflow_api_virtualenv to None, run_after=None
[2025-10-17T03:24:53.985+0000] {processor.py:183} INFO - Processing /home/airflow/.local/lib/python3.12/site-packages/airflow/example_dags/tutorial_taskflow_api_virtualenv.py took 0.068 seconds
[2025-10-17T03:25:24.155+0000] {processor.py:161} INFO - Started process (PID=3550) to work on /home/airflow/.local/lib/python3.12/site-packages/airflow/example_dags/tutorial_taskflow_api_virtualenv.py
[2025-10-17T03:25:24.156+0000] {processor.py:830} INFO - Processing file /home/airflow/.local/lib/python3.12/site-packages/airflow/example_dags/tutorial_taskflow_api_virtualenv.py for tasks to queue
[2025-10-17T03:25:24.157+0000] {logging_mixin.py:188} INFO - [2025-10-17T03:25:24.157+0000] {dagbag.py:545} INFO - Filling up the DagBag from /home/airflow/.local/lib/python3.12/site-packages/airflow/example_dags/tutorial_taskflow_api_virtualenv.py
[2025-10-17T03:25:24.167+0000] {processor.py:840} INFO - DAG(s) 'tutorial_taskflow_api_virtualenv' retrieved from /home/airflow/.local/lib/python3.12/site-packages/airflow/example_dags/tutorial_taskflow_api_virtualenv.py
[2025-10-17T03:25:24.185+0000] {logging_mixin.py:188} INFO - [2025-10-17T03:25:24.184+0000] {dag.py:3096} INFO - Sync 1 DAGs
[2025-10-17T03:25:24.195+0000] {logging_mixin.py:188} INFO - [2025-10-17T03:25:24.195+0000] {dag.py:3954} INFO - Setting next_dagrun for tutorial_taskflow_api_virtualenv to None, run_after=None
[2025-10-17T03:25:24.214+0000] {processor.py:183} INFO - Processing /home/airflow/.local/lib/python3.12/site-packages/airflow/example_dags/tutorial_taskflow_api_virtualenv.py took 0.064 seconds
[2025-10-17T03:25:54.433+0000] {processor.py:161} INFO - Started process (PID=3609) to work on /home/airflow/.local/lib/python3.12/site-packages/airflow/example_dags/tutorial_taskflow_api_virtualenv.py
[2025-10-17T03:25:54.435+0000] {processor.py:830} INFO - Processing file /home/airflow/.local/lib/python3.12/site-packages/airflow/example_dags/tutorial_taskflow_api_virtualenv.py for tasks to queue
[2025-10-17T03:25:54.437+0000] {logging_mixin.py:188} INFO - [2025-10-17T03:25:54.437+0000] {dagbag.py:545} INFO - Filling up the DagBag from /home/airflow/.local/lib/python3.12/site-packages/airflow/example_dags/tutorial_taskflow_api_virtualenv.py
[2025-10-17T03:25:54.447+0000] {processor.py:840} INFO - DAG(s) 'tutorial_taskflow_api_virtualenv' retrieved from /home/airflow/.local/lib/python3.12/site-packages/airflow/example_dags/tutorial_taskflow_api_virtualenv.py
[2025-10-17T03:25:54.466+0000] {logging_mixin.py:188} INFO - [2025-10-17T03:25:54.466+0000] {dag.py:3096} INFO - Sync 1 DAGs
[2025-10-17T03:25:54.478+0000] {logging_mixin.py:188} INFO - [2025-10-17T03:25:54.478+0000] {dag.py:3954} INFO - Setting next_dagrun for tutorial_taskflow_api_virtualenv to None, run_after=None
[2025-10-17T03:25:54.494+0000] {processor.py:183} INFO - Processing /home/airflow/.local/lib/python3.12/site-packages/airflow/example_dags/tutorial_taskflow_api_virtualenv.py took 0.066 seconds
[2025-10-17T03:26:24.623+0000] {processor.py:161} INFO - Started process (PID=3668) to work on /home/airflow/.local/lib/python3.12/site-packages/airflow/example_dags/tutorial_taskflow_api_virtualenv.py
[2025-10-17T03:26:24.624+0000] {processor.py:830} INFO - Processing file /home/airflow/.local/lib/python3.12/site-packages/airflow/example_dags/tutorial_taskflow_api_virtualenv.py for tasks to queue
[2025-10-17T03:26:24.626+0000] {logging_mixin.py:188} INFO - [2025-10-17T03:26:24.626+0000] {dagbag.py:545} INFO - Filling up the DagBag from /home/airflow/.local/lib/python3.12/site-packages/airflow/example_dags/tutorial_taskflow_api_virtualenv.py
[2025-10-17T03:26:24.636+0000] {processor.py:840} INFO - DAG(s) 'tutorial_taskflow_api_virtualenv' retrieved from /home/airflow/.local/lib/python3.12/site-packages/airflow/example_dags/tutorial_taskflow_api_virtualenv.py
[2025-10-17T03:26:24.655+0000] {logging_mixin.py:188} INFO - [2025-10-17T03:26:24.655+0000] {dag.py:3096} INFO - Sync 1 DAGs
[2025-10-17T03:26:24.666+0000] {logging_mixin.py:188} INFO - [2025-10-17T03:26:24.666+0000] {dag.py:3954} INFO - Setting next_dagrun for tutorial_taskflow_api_virtualenv to None, run_after=None
[2025-10-17T03:26:24.682+0000] {processor.py:183} INFO - Processing /home/airflow/.local/lib/python3.12/site-packages/airflow/example_dags/tutorial_taskflow_api_virtualenv.py took 0.064 seconds
[2025-10-17T03:26:54.990+0000] {processor.py:161} INFO - Started process (PID=3727) to work on /home/airflow/.local/lib/python3.12/site-packages/airflow/example_dags/tutorial_taskflow_api_virtualenv.py
[2025-10-17T03:26:54.991+0000] {processor.py:830} INFO - Processing file /home/airflow/.local/lib/python3.12/site-packages/airflow/example_dags/tutorial_taskflow_api_virtualenv.py for tasks to queue
[2025-10-17T03:26:54.992+0000] {logging_mixin.py:188} INFO - [2025-10-17T03:26:54.992+0000] {dagbag.py:545} INFO - Filling up the DagBag from /home/airflow/.local/lib/python3.12/site-packages/airflow/example_dags/tutorial_taskflow_api_virtualenv.py
[2025-10-17T03:26:55.002+0000] {processor.py:840} INFO - DAG(s) 'tutorial_taskflow_api_virtualenv' retrieved from /home/airflow/.local/lib/python3.12/site-packages/airflow/example_dags/tutorial_taskflow_api_virtualenv.py
[2025-10-17T03:26:55.020+0000] {logging_mixin.py:188} INFO - [2025-10-17T03:26:55.020+0000] {dag.py:3096} INFO - Sync 1 DAGs
[2025-10-17T03:26:55.031+0000] {logging_mixin.py:188} INFO - [2025-10-17T03:26:55.030+0000] {dag.py:3954} INFO - Setting next_dagrun for tutorial_taskflow_api_virtualenv to None, run_after=None
[2025-10-17T03:26:55.049+0000] {processor.py:183} INFO - Processing /home/airflow/.local/lib/python3.12/site-packages/airflow/example_dags/tutorial_taskflow_api_virtualenv.py took 0.065 seconds
[2025-10-17T03:27:25.484+0000] {processor.py:161} INFO - Started process (PID=3786) to work on /home/airflow/.local/lib/python3.12/site-packages/airflow/example_dags/tutorial_taskflow_api_virtualenv.py
[2025-10-17T03:27:25.485+0000] {processor.py:830} INFO - Processing file /home/airflow/.local/lib/python3.12/site-packages/airflow/example_dags/tutorial_taskflow_api_virtualenv.py for tasks to queue
[2025-10-17T03:27:25.487+0000] {logging_mixin.py:188} INFO - [2025-10-17T03:27:25.487+0000] {dagbag.py:545} INFO - Filling up the DagBag from /home/airflow/.local/lib/python3.12/site-packages/airflow/example_dags/tutorial_taskflow_api_virtualenv.py
[2025-10-17T03:27:25.497+0000] {processor.py:840} INFO - DAG(s) 'tutorial_taskflow_api_virtualenv' retrieved from /home/airflow/.local/lib/python3.12/site-packages/airflow/example_dags/tutorial_taskflow_api_virtualenv.py
[2025-10-17T03:27:25.517+0000] {logging_mixin.py:188} INFO - [2025-10-17T03:27:25.516+0000] {dag.py:3096} INFO - Sync 1 DAGs
[2025-10-17T03:27:25.528+0000] {logging_mixin.py:188} INFO - [2025-10-17T03:27:25.528+0000] {dag.py:3954} INFO - Setting next_dagrun for tutorial_taskflow_api_virtualenv to None, run_after=None
[2025-10-17T03:27:25.546+0000] {processor.py:183} INFO - Processing /home/airflow/.local/lib/python3.12/site-packages/airflow/example_dags/tutorial_taskflow_api_virtualenv.py took 0.068 seconds
[2025-10-17T03:27:55.914+0000] {processor.py:161} INFO - Started process (PID=3845) to work on /home/airflow/.local/lib/python3.12/site-packages/airflow/example_dags/tutorial_taskflow_api_virtualenv.py
[2025-10-17T03:27:55.915+0000] {processor.py:830} INFO - Processing file /home/airflow/.local/lib/python3.12/site-packages/airflow/example_dags/tutorial_taskflow_api_virtualenv.py for tasks to queue
[2025-10-17T03:27:55.917+0000] {logging_mixin.py:188} INFO - [2025-10-17T03:27:55.917+0000] {dagbag.py:545} INFO - Filling up the DagBag from /home/airflow/.local/lib/python3.12/site-packages/airflow/example_dags/tutorial_taskflow_api_virtualenv.py
[2025-10-17T03:27:55.927+0000] {processor.py:840} INFO - DAG(s) 'tutorial_taskflow_api_virtualenv' retrieved from /home/airflow/.local/lib/python3.12/site-packages/airflow/example_dags/tutorial_taskflow_api_virtualenv.py
[2025-10-17T03:27:55.946+0000] {logging_mixin.py:188} INFO - [2025-10-17T03:27:55.946+0000] {dag.py:3096} INFO - Sync 1 DAGs
[2025-10-17T03:27:55.957+0000] {logging_mixin.py:188} INFO - [2025-10-17T03:27:55.957+0000] {dag.py:3954} INFO - Setting next_dagrun for tutorial_taskflow_api_virtualenv to None, run_after=None
[2025-10-17T03:27:55.976+0000] {processor.py:183} INFO - Processing /home/airflow/.local/lib/python3.12/site-packages/airflow/example_dags/tutorial_taskflow_api_virtualenv.py took 0.068 seconds
[2025-10-17T03:28:26.377+0000] {processor.py:161} INFO - Started process (PID=3904) to work on /home/airflow/.local/lib/python3.12/site-packages/airflow/example_dags/tutorial_taskflow_api_virtualenv.py
[2025-10-17T03:28:26.378+0000] {processor.py:830} INFO - Processing file /home/airflow/.local/lib/python3.12/site-packages/airflow/example_dags/tutorial_taskflow_api_virtualenv.py for tasks to queue
[2025-10-17T03:28:26.380+0000] {logging_mixin.py:188} INFO - [2025-10-17T03:28:26.380+0000] {dagbag.py:545} INFO - Filling up the DagBag from /home/airflow/.local/lib/python3.12/site-packages/airflow/example_dags/tutorial_taskflow_api_virtualenv.py
[2025-10-17T03:28:26.390+0000] {processor.py:840} INFO - DAG(s) 'tutorial_taskflow_api_virtualenv' retrieved from /home/airflow/.local/lib/python3.12/site-packages/airflow/example_dags/tutorial_taskflow_api_virtualenv.py
[2025-10-17T03:28:26.411+0000] {logging_mixin.py:188} INFO - [2025-10-17T03:28:26.411+0000] {dag.py:3096} INFO - Sync 1 DAGs
[2025-10-17T03:28:26.422+0000] {logging_mixin.py:188} INFO - [2025-10-17T03:28:26.422+0000] {dag.py:3954} INFO - Setting next_dagrun for tutorial_taskflow_api_virtualenv to None, run_after=None
[2025-10-17T03:28:26.442+0000] {processor.py:183} INFO - Processing /home/airflow/.local/lib/python3.12/site-packages/airflow/example_dags/tutorial_taskflow_api_virtualenv.py took 0.070 seconds
[2025-10-17T03:28:56.525+0000] {processor.py:161} INFO - Started process (PID=3963) to work on /home/airflow/.local/lib/python3.12/site-packages/airflow/example_dags/tutorial_taskflow_api_virtualenv.py
[2025-10-17T03:28:56.527+0000] {processor.py:830} INFO - Processing file /home/airflow/.local/lib/python3.12/site-packages/airflow/example_dags/tutorial_taskflow_api_virtualenv.py for tasks to queue
[2025-10-17T03:28:56.529+0000] {logging_mixin.py:188} INFO - [2025-10-17T03:28:56.529+0000] {dagbag.py:545} INFO - Filling up the DagBag from /home/airflow/.local/lib/python3.12/site-packages/airflow/example_dags/tutorial_taskflow_api_virtualenv.py
[2025-10-17T03:28:56.542+0000] {processor.py:840} INFO - DAG(s) 'tutorial_taskflow_api_virtualenv' retrieved from /home/airflow/.local/lib/python3.12/site-packages/airflow/example_dags/tutorial_taskflow_api_virtualenv.py
[2025-10-17T03:28:56.564+0000] {logging_mixin.py:188} INFO - [2025-10-17T03:28:56.564+0000] {dag.py:3096} INFO - Sync 1 DAGs
[2025-10-17T03:28:56.578+0000] {logging_mixin.py:188} INFO - [2025-10-17T03:28:56.578+0000] {dag.py:3954} INFO - Setting next_dagrun for tutorial_taskflow_api_virtualenv to None, run_after=None
[2025-10-17T03:28:56.597+0000] {processor.py:183} INFO - Processing /home/airflow/.local/lib/python3.12/site-packages/airflow/example_dags/tutorial_taskflow_api_virtualenv.py took 0.079 seconds
[2025-10-17T03:29:26.872+0000] {processor.py:161} INFO - Started process (PID=4022) to work on /home/airflow/.local/lib/python3.12/site-packages/airflow/example_dags/tutorial_taskflow_api_virtualenv.py
[2025-10-17T03:29:26.873+0000] {processor.py:830} INFO - Processing file /home/airflow/.local/lib/python3.12/site-packages/airflow/example_dags/tutorial_taskflow_api_virtualenv.py for tasks to queue
[2025-10-17T03:29:26.875+0000] {logging_mixin.py:188} INFO - [2025-10-17T03:29:26.875+0000] {dagbag.py:545} INFO - Filling up the DagBag from /home/airflow/.local/lib/python3.12/site-packages/airflow/example_dags/tutorial_taskflow_api_virtualenv.py
[2025-10-17T03:29:26.884+0000] {processor.py:840} INFO - DAG(s) 'tutorial_taskflow_api_virtualenv' retrieved from /home/airflow/.local/lib/python3.12/site-packages/airflow/example_dags/tutorial_taskflow_api_virtualenv.py
[2025-10-17T03:29:26.905+0000] {logging_mixin.py:188} INFO - [2025-10-17T03:29:26.905+0000] {dag.py:3096} INFO - Sync 1 DAGs
[2025-10-17T03:29:26.916+0000] {logging_mixin.py:188} INFO - [2025-10-17T03:29:26.916+0000] {dag.py:3954} INFO - Setting next_dagrun for tutorial_taskflow_api_virtualenv to None, run_after=None
[2025-10-17T03:29:26.941+0000] {processor.py:183} INFO - Processing /home/airflow/.local/lib/python3.12/site-packages/airflow/example_dags/tutorial_taskflow_api_virtualenv.py took 0.074 seconds
[2025-10-17T03:29:57.429+0000] {processor.py:161} INFO - Started process (PID=4081) to work on /home/airflow/.local/lib/python3.12/site-packages/airflow/example_dags/tutorial_taskflow_api_virtualenv.py
[2025-10-17T03:29:57.430+0000] {processor.py:830} INFO - Processing file /home/airflow/.local/lib/python3.12/site-packages/airflow/example_dags/tutorial_taskflow_api_virtualenv.py for tasks to queue
[2025-10-17T03:29:57.432+0000] {logging_mixin.py:188} INFO - [2025-10-17T03:29:57.432+0000] {dagbag.py:545} INFO - Filling up the DagBag from /home/airflow/.local/lib/python3.12/site-packages/airflow/example_dags/tutorial_taskflow_api_virtualenv.py
[2025-10-17T03:29:57.442+0000] {processor.py:840} INFO - DAG(s) 'tutorial_taskflow_api_virtualenv' retrieved from /home/airflow/.local/lib/python3.12/site-packages/airflow/example_dags/tutorial_taskflow_api_virtualenv.py
[2025-10-17T03:29:57.460+0000] {logging_mixin.py:188} INFO - [2025-10-17T03:29:57.460+0000] {dag.py:3096} INFO - Sync 1 DAGs
[2025-10-17T03:29:57.471+0000] {logging_mixin.py:188} INFO - [2025-10-17T03:29:57.471+0000] {dag.py:3954} INFO - Setting next_dagrun for tutorial_taskflow_api_virtualenv to None, run_after=None
[2025-10-17T03:29:57.491+0000] {processor.py:183} INFO - Processing /home/airflow/.local/lib/python3.12/site-packages/airflow/example_dags/tutorial_taskflow_api_virtualenv.py took 0.067 seconds
[2025-10-17T03:30:27.930+0000] {processor.py:161} INFO - Started process (PID=4140) to work on /home/airflow/.local/lib/python3.12/site-packages/airflow/example_dags/tutorial_taskflow_api_virtualenv.py
[2025-10-17T03:30:27.931+0000] {processor.py:830} INFO - Processing file /home/airflow/.local/lib/python3.12/site-packages/airflow/example_dags/tutorial_taskflow_api_virtualenv.py for tasks to queue
[2025-10-17T03:30:27.933+0000] {logging_mixin.py:188} INFO - [2025-10-17T03:30:27.933+0000] {dagbag.py:545} INFO - Filling up the DagBag from /home/airflow/.local/lib/python3.12/site-packages/airflow/example_dags/tutorial_taskflow_api_virtualenv.py
[2025-10-17T03:30:27.943+0000] {processor.py:840} INFO - DAG(s) 'tutorial_taskflow_api_virtualenv' retrieved from /home/airflow/.local/lib/python3.12/site-packages/airflow/example_dags/tutorial_taskflow_api_virtualenv.py
[2025-10-17T03:30:27.960+0000] {logging_mixin.py:188} INFO - [2025-10-17T03:30:27.960+0000] {dag.py:3096} INFO - Sync 1 DAGs
[2025-10-17T03:30:27.971+0000] {logging_mixin.py:188} INFO - [2025-10-17T03:30:27.971+0000] {dag.py:3954} INFO - Setting next_dagrun for tutorial_taskflow_api_virtualenv to None, run_after=None
[2025-10-17T03:30:27.989+0000] {processor.py:183} INFO - Processing /home/airflow/.local/lib/python3.12/site-packages/airflow/example_dags/tutorial_taskflow_api_virtualenv.py took 0.063 seconds
[2025-10-17T03:30:58.246+0000] {processor.py:161} INFO - Started process (PID=4199) to work on /home/airflow/.local/lib/python3.12/site-packages/airflow/example_dags/tutorial_taskflow_api_virtualenv.py
[2025-10-17T03:30:58.247+0000] {processor.py:830} INFO - Processing file /home/airflow/.local/lib/python3.12/site-packages/airflow/example_dags/tutorial_taskflow_api_virtualenv.py for tasks to queue
[2025-10-17T03:30:58.249+0000] {logging_mixin.py:188} INFO - [2025-10-17T03:30:58.249+0000] {dagbag.py:545} INFO - Filling up the DagBag from /home/airflow/.local/lib/python3.12/site-packages/airflow/example_dags/tutorial_taskflow_api_virtualenv.py
[2025-10-17T03:30:58.258+0000] {processor.py:840} INFO - DAG(s) 'tutorial_taskflow_api_virtualenv' retrieved from /home/airflow/.local/lib/python3.12/site-packages/airflow/example_dags/tutorial_taskflow_api_virtualenv.py
[2025-10-17T03:30:58.276+0000] {logging_mixin.py:188} INFO - [2025-10-17T03:30:58.276+0000] {dag.py:3096} INFO - Sync 1 DAGs
[2025-10-17T03:30:58.287+0000] {logging_mixin.py:188} INFO - [2025-10-17T03:30:58.287+0000] {dag.py:3954} INFO - Setting next_dagrun for tutorial_taskflow_api_virtualenv to None, run_after=None
[2025-10-17T03:30:58.306+0000] {processor.py:183} INFO - Processing /home/airflow/.local/lib/python3.12/site-packages/airflow/example_dags/tutorial_taskflow_api_virtualenv.py took 0.065 seconds
[2025-10-17T03:31:28.417+0000] {processor.py:161} INFO - Started process (PID=4258) to work on /home/airflow/.local/lib/python3.12/site-packages/airflow/example_dags/tutorial_taskflow_api_virtualenv.py
[2025-10-17T03:31:28.418+0000] {processor.py:830} INFO - Processing file /home/airflow/.local/lib/python3.12/site-packages/airflow/example_dags/tutorial_taskflow_api_virtualenv.py for tasks to queue
[2025-10-17T03:31:28.420+0000] {logging_mixin.py:188} INFO - [2025-10-17T03:31:28.420+0000] {dagbag.py:545} INFO - Filling up the DagBag from /home/airflow/.local/lib/python3.12/site-packages/airflow/example_dags/tutorial_taskflow_api_virtualenv.py
[2025-10-17T03:31:28.430+0000] {processor.py:840} INFO - DAG(s) 'tutorial_taskflow_api_virtualenv' retrieved from /home/airflow/.local/lib/python3.12/site-packages/airflow/example_dags/tutorial_taskflow_api_virtualenv.py
[2025-10-17T03:31:28.447+0000] {logging_mixin.py:188} INFO - [2025-10-17T03:31:28.447+0000] {dag.py:3096} INFO - Sync 1 DAGs
[2025-10-17T03:31:28.457+0000] {logging_mixin.py:188} INFO - [2025-10-17T03:31:28.457+0000] {dag.py:3954} INFO - Setting next_dagrun for tutorial_taskflow_api_virtualenv to None, run_after=None
[2025-10-17T03:31:28.475+0000] {processor.py:183} INFO - Processing /home/airflow/.local/lib/python3.12/site-packages/airflow/example_dags/tutorial_taskflow_api_virtualenv.py took 0.063 seconds
[2025-10-17T03:31:58.940+0000] {processor.py:161} INFO - Started process (PID=4317) to work on /home/airflow/.local/lib/python3.12/site-packages/airflow/example_dags/tutorial_taskflow_api_virtualenv.py
[2025-10-17T03:31:58.942+0000] {processor.py:830} INFO - Processing file /home/airflow/.local/lib/python3.12/site-packages/airflow/example_dags/tutorial_taskflow_api_virtualenv.py for tasks to queue
[2025-10-17T03:31:58.944+0000] {logging_mixin.py:188} INFO - [2025-10-17T03:31:58.943+0000] {dagbag.py:545} INFO - Filling up the DagBag from /home/airflow/.local/lib/python3.12/site-packages/airflow/example_dags/tutorial_taskflow_api_virtualenv.py
[2025-10-17T03:31:58.954+0000] {processor.py:840} INFO - DAG(s) 'tutorial_taskflow_api_virtualenv' retrieved from /home/airflow/.local/lib/python3.12/site-packages/airflow/example_dags/tutorial_taskflow_api_virtualenv.py
[2025-10-17T03:31:58.974+0000] {logging_mixin.py:188} INFO - [2025-10-17T03:31:58.974+0000] {dag.py:3096} INFO - Sync 1 DAGs
[2025-10-17T03:31:58.986+0000] {logging_mixin.py:188} INFO - [2025-10-17T03:31:58.986+0000] {dag.py:3954} INFO - Setting next_dagrun for tutorial_taskflow_api_virtualenv to None, run_after=None
[2025-10-17T03:31:59.004+0000] {processor.py:183} INFO - Processing /home/airflow/.local/lib/python3.12/site-packages/airflow/example_dags/tutorial_taskflow_api_virtualenv.py took 0.069 seconds
[2025-10-17T03:32:29.252+0000] {processor.py:161} INFO - Started process (PID=4376) to work on /home/airflow/.local/lib/python3.12/site-packages/airflow/example_dags/tutorial_taskflow_api_virtualenv.py
[2025-10-17T03:32:29.253+0000] {processor.py:830} INFO - Processing file /home/airflow/.local/lib/python3.12/site-packages/airflow/example_dags/tutorial_taskflow_api_virtualenv.py for tasks to queue
[2025-10-17T03:32:29.255+0000] {logging_mixin.py:188} INFO - [2025-10-17T03:32:29.254+0000] {dagbag.py:545} INFO - Filling up the DagBag from /home/airflow/.local/lib/python3.12/site-packages/airflow/example_dags/tutorial_taskflow_api_virtualenv.py
[2025-10-17T03:32:29.264+0000] {processor.py:840} INFO - DAG(s) 'tutorial_taskflow_api_virtualenv' retrieved from /home/airflow/.local/lib/python3.12/site-packages/airflow/example_dags/tutorial_taskflow_api_virtualenv.py
[2025-10-17T03:32:29.280+0000] {logging_mixin.py:188} INFO - [2025-10-17T03:32:29.280+0000] {dag.py:3096} INFO - Sync 1 DAGs
[2025-10-17T03:32:29.290+0000] {logging_mixin.py:188} INFO - [2025-10-17T03:32:29.289+0000] {dag.py:3954} INFO - Setting next_dagrun for tutorial_taskflow_api_virtualenv to None, run_after=None
[2025-10-17T03:32:29.307+0000] {processor.py:183} INFO - Processing /home/airflow/.local/lib/python3.12/site-packages/airflow/example_dags/tutorial_taskflow_api_virtualenv.py took 0.060 seconds
[2025-10-17T03:32:59.946+0000] {processor.py:161} INFO - Started process (PID=4435) to work on /home/airflow/.local/lib/python3.12/site-packages/airflow/example_dags/tutorial_taskflow_api_virtualenv.py
[2025-10-17T03:32:59.947+0000] {processor.py:830} INFO - Processing file /home/airflow/.local/lib/python3.12/site-packages/airflow/example_dags/tutorial_taskflow_api_virtualenv.py for tasks to queue
[2025-10-17T03:32:59.950+0000] {logging_mixin.py:188} INFO - [2025-10-17T03:32:59.949+0000] {dagbag.py:545} INFO - Filling up the DagBag from /home/airflow/.local/lib/python3.12/site-packages/airflow/example_dags/tutorial_taskflow_api_virtualenv.py
[2025-10-17T03:32:59.960+0000] {processor.py:840} INFO - DAG(s) 'tutorial_taskflow_api_virtualenv' retrieved from /home/airflow/.local/lib/python3.12/site-packages/airflow/example_dags/tutorial_taskflow_api_virtualenv.py
[2025-10-17T03:32:59.981+0000] {logging_mixin.py:188} INFO - [2025-10-17T03:32:59.980+0000] {dag.py:3096} INFO - Sync 1 DAGs
[2025-10-17T03:32:59.993+0000] {logging_mixin.py:188} INFO - [2025-10-17T03:32:59.993+0000] {dag.py:3954} INFO - Setting next_dagrun for tutorial_taskflow_api_virtualenv to None, run_after=None
[2025-10-17T03:33:00.018+0000] {processor.py:183} INFO - Processing /home/airflow/.local/lib/python3.12/site-packages/airflow/example_dags/tutorial_taskflow_api_virtualenv.py took 0.079 seconds
[2025-10-17T03:33:30.220+0000] {processor.py:161} INFO - Started process (PID=4494) to work on /home/airflow/.local/lib/python3.12/site-packages/airflow/example_dags/tutorial_taskflow_api_virtualenv.py
[2025-10-17T03:33:30.221+0000] {processor.py:830} INFO - Processing file /home/airflow/.local/lib/python3.12/site-packages/airflow/example_dags/tutorial_taskflow_api_virtualenv.py for tasks to queue
[2025-10-17T03:33:30.223+0000] {logging_mixin.py:188} INFO - [2025-10-17T03:33:30.223+0000] {dagbag.py:545} INFO - Filling up the DagBag from /home/airflow/.local/lib/python3.12/site-packages/airflow/example_dags/tutorial_taskflow_api_virtualenv.py
[2025-10-17T03:33:30.236+0000] {processor.py:840} INFO - DAG(s) 'tutorial_taskflow_api_virtualenv' retrieved from /home/airflow/.local/lib/python3.12/site-packages/airflow/example_dags/tutorial_taskflow_api_virtualenv.py
[2025-10-17T03:33:30.259+0000] {logging_mixin.py:188} INFO - [2025-10-17T03:33:30.259+0000] {dag.py:3096} INFO - Sync 1 DAGs
[2025-10-17T03:33:30.276+0000] {logging_mixin.py:188} INFO - [2025-10-17T03:33:30.276+0000] {dag.py:3954} INFO - Setting next_dagrun for tutorial_taskflow_api_virtualenv to None, run_after=None
[2025-10-17T03:33:30.296+0000] {processor.py:183} INFO - Processing /home/airflow/.local/lib/python3.12/site-packages/airflow/example_dags/tutorial_taskflow_api_virtualenv.py took 0.082 seconds
[2025-10-17T03:34:00.419+0000] {processor.py:161} INFO - Started process (PID=4553) to work on /home/airflow/.local/lib/python3.12/site-packages/airflow/example_dags/tutorial_taskflow_api_virtualenv.py
[2025-10-17T03:34:00.420+0000] {processor.py:830} INFO - Processing file /home/airflow/.local/lib/python3.12/site-packages/airflow/example_dags/tutorial_taskflow_api_virtualenv.py for tasks to queue
[2025-10-17T03:34:00.422+0000] {logging_mixin.py:188} INFO - [2025-10-17T03:34:00.422+0000] {dagbag.py:545} INFO - Filling up the DagBag from /home/airflow/.local/lib/python3.12/site-packages/airflow/example_dags/tutorial_taskflow_api_virtualenv.py
[2025-10-17T03:34:00.431+0000] {processor.py:840} INFO - DAG(s) 'tutorial_taskflow_api_virtualenv' retrieved from /home/airflow/.local/lib/python3.12/site-packages/airflow/example_dags/tutorial_taskflow_api_virtualenv.py
[2025-10-17T03:34:00.449+0000] {logging_mixin.py:188} INFO - [2025-10-17T03:34:00.449+0000] {dag.py:3096} INFO - Sync 1 DAGs
[2025-10-17T03:34:00.460+0000] {logging_mixin.py:188} INFO - [2025-10-17T03:34:00.460+0000] {dag.py:3954} INFO - Setting next_dagrun for tutorial_taskflow_api_virtualenv to None, run_after=None
[2025-10-17T03:34:00.476+0000] {processor.py:183} INFO - Processing /home/airflow/.local/lib/python3.12/site-packages/airflow/example_dags/tutorial_taskflow_api_virtualenv.py took 0.062 seconds
[2025-10-17T03:34:30.576+0000] {processor.py:161} INFO - Started process (PID=4612) to work on /home/airflow/.local/lib/python3.12/site-packages/airflow/example_dags/tutorial_taskflow_api_virtualenv.py
[2025-10-17T03:34:30.578+0000] {processor.py:830} INFO - Processing file /home/airflow/.local/lib/python3.12/site-packages/airflow/example_dags/tutorial_taskflow_api_virtualenv.py for tasks to queue
[2025-10-17T03:34:30.580+0000] {logging_mixin.py:188} INFO - [2025-10-17T03:34:30.580+0000] {dagbag.py:545} INFO - Filling up the DagBag from /home/airflow/.local/lib/python3.12/site-packages/airflow/example_dags/tutorial_taskflow_api_virtualenv.py
[2025-10-17T03:34:30.591+0000] {processor.py:840} INFO - DAG(s) 'tutorial_taskflow_api_virtualenv' retrieved from /home/airflow/.local/lib/python3.12/site-packages/airflow/example_dags/tutorial_taskflow_api_virtualenv.py
[2025-10-17T03:34:30.611+0000] {logging_mixin.py:188} INFO - [2025-10-17T03:34:30.611+0000] {dag.py:3096} INFO - Sync 1 DAGs
[2025-10-17T03:34:30.624+0000] {logging_mixin.py:188} INFO - [2025-10-17T03:34:30.624+0000] {dag.py:3954} INFO - Setting next_dagrun for tutorial_taskflow_api_virtualenv to None, run_after=None
[2025-10-17T03:34:30.645+0000] {processor.py:183} INFO - Processing /home/airflow/.local/lib/python3.12/site-packages/airflow/example_dags/tutorial_taskflow_api_virtualenv.py took 0.075 seconds
[2025-10-17T03:35:00.871+0000] {processor.py:161} INFO - Started process (PID=4669) to work on /home/airflow/.local/lib/python3.12/site-packages/airflow/example_dags/tutorial_taskflow_api_virtualenv.py
[2025-10-17T03:35:00.873+0000] {processor.py:830} INFO - Processing file /home/airflow/.local/lib/python3.12/site-packages/airflow/example_dags/tutorial_taskflow_api_virtualenv.py for tasks to queue
[2025-10-17T03:35:00.875+0000] {logging_mixin.py:188} INFO - [2025-10-17T03:35:00.874+0000] {dagbag.py:545} INFO - Filling up the DagBag from /home/airflow/.local/lib/python3.12/site-packages/airflow/example_dags/tutorial_taskflow_api_virtualenv.py
[2025-10-17T03:35:00.885+0000] {processor.py:840} INFO - DAG(s) 'tutorial_taskflow_api_virtualenv' retrieved from /home/airflow/.local/lib/python3.12/site-packages/airflow/example_dags/tutorial_taskflow_api_virtualenv.py
[2025-10-17T03:35:00.904+0000] {logging_mixin.py:188} INFO - [2025-10-17T03:35:00.904+0000] {dag.py:3096} INFO - Sync 1 DAGs
[2025-10-17T03:35:00.915+0000] {logging_mixin.py:188} INFO - [2025-10-17T03:35:00.915+0000] {dag.py:3954} INFO - Setting next_dagrun for tutorial_taskflow_api_virtualenv to None, run_after=None
[2025-10-17T03:35:00.936+0000] {processor.py:183} INFO - Processing /home/airflow/.local/lib/python3.12/site-packages/airflow/example_dags/tutorial_taskflow_api_virtualenv.py took 0.071 seconds
[2025-10-17T03:35:31.428+0000] {processor.py:161} INFO - Started process (PID=4728) to work on /home/airflow/.local/lib/python3.12/site-packages/airflow/example_dags/tutorial_taskflow_api_virtualenv.py
[2025-10-17T03:35:31.429+0000] {processor.py:830} INFO - Processing file /home/airflow/.local/lib/python3.12/site-packages/airflow/example_dags/tutorial_taskflow_api_virtualenv.py for tasks to queue
[2025-10-17T03:35:31.431+0000] {logging_mixin.py:188} INFO - [2025-10-17T03:35:31.431+0000] {dagbag.py:545} INFO - Filling up the DagBag from /home/airflow/.local/lib/python3.12/site-packages/airflow/example_dags/tutorial_taskflow_api_virtualenv.py
[2025-10-17T03:35:31.441+0000] {processor.py:840} INFO - DAG(s) 'tutorial_taskflow_api_virtualenv' retrieved from /home/airflow/.local/lib/python3.12/site-packages/airflow/example_dags/tutorial_taskflow_api_virtualenv.py
[2025-10-17T03:35:31.460+0000] {logging_mixin.py:188} INFO - [2025-10-17T03:35:31.460+0000] {dag.py:3096} INFO - Sync 1 DAGs
[2025-10-17T03:35:31.472+0000] {logging_mixin.py:188} INFO - [2025-10-17T03:35:31.471+0000] {dag.py:3954} INFO - Setting next_dagrun for tutorial_taskflow_api_virtualenv to None, run_after=None
[2025-10-17T03:35:31.492+0000] {processor.py:183} INFO - Processing /home/airflow/.local/lib/python3.12/site-packages/airflow/example_dags/tutorial_taskflow_api_virtualenv.py took 0.070 seconds
[2025-10-17T03:36:01.728+0000] {processor.py:161} INFO - Started process (PID=4787) to work on /home/airflow/.local/lib/python3.12/site-packages/airflow/example_dags/tutorial_taskflow_api_virtualenv.py
[2025-10-17T03:36:01.729+0000] {processor.py:830} INFO - Processing file /home/airflow/.local/lib/python3.12/site-packages/airflow/example_dags/tutorial_taskflow_api_virtualenv.py for tasks to queue
[2025-10-17T03:36:01.731+0000] {logging_mixin.py:188} INFO - [2025-10-17T03:36:01.731+0000] {dagbag.py:545} INFO - Filling up the DagBag from /home/airflow/.local/lib/python3.12/site-packages/airflow/example_dags/tutorial_taskflow_api_virtualenv.py
[2025-10-17T03:36:01.743+0000] {processor.py:840} INFO - DAG(s) 'tutorial_taskflow_api_virtualenv' retrieved from /home/airflow/.local/lib/python3.12/site-packages/airflow/example_dags/tutorial_taskflow_api_virtualenv.py
[2025-10-17T03:36:01.763+0000] {logging_mixin.py:188} INFO - [2025-10-17T03:36:01.763+0000] {dag.py:3096} INFO - Sync 1 DAGs
[2025-10-17T03:36:01.775+0000] {logging_mixin.py:188} INFO - [2025-10-17T03:36:01.775+0000] {dag.py:3954} INFO - Setting next_dagrun for tutorial_taskflow_api_virtualenv to None, run_after=None
[2025-10-17T03:36:01.794+0000] {processor.py:183} INFO - Processing /home/airflow/.local/lib/python3.12/site-packages/airflow/example_dags/tutorial_taskflow_api_virtualenv.py took 0.072 seconds
[2025-10-17T03:36:32.007+0000] {processor.py:161} INFO - Started process (PID=4846) to work on /home/airflow/.local/lib/python3.12/site-packages/airflow/example_dags/tutorial_taskflow_api_virtualenv.py
[2025-10-17T03:36:32.008+0000] {processor.py:830} INFO - Processing file /home/airflow/.local/lib/python3.12/site-packages/airflow/example_dags/tutorial_taskflow_api_virtualenv.py for tasks to queue
[2025-10-17T03:36:32.010+0000] {logging_mixin.py:188} INFO - [2025-10-17T03:36:32.010+0000] {dagbag.py:545} INFO - Filling up the DagBag from /home/airflow/.local/lib/python3.12/site-packages/airflow/example_dags/tutorial_taskflow_api_virtualenv.py
[2025-10-17T03:36:32.021+0000] {processor.py:840} INFO - DAG(s) 'tutorial_taskflow_api_virtualenv' retrieved from /home/airflow/.local/lib/python3.12/site-packages/airflow/example_dags/tutorial_taskflow_api_virtualenv.py
[2025-10-17T03:36:32.040+0000] {logging_mixin.py:188} INFO - [2025-10-17T03:36:32.040+0000] {dag.py:3096} INFO - Sync 1 DAGs
[2025-10-17T03:36:32.053+0000] {logging_mixin.py:188} INFO - [2025-10-17T03:36:32.052+0000] {dag.py:3954} INFO - Setting next_dagrun for tutorial_taskflow_api_virtualenv to None, run_after=None
[2025-10-17T03:36:32.074+0000] {processor.py:183} INFO - Processing /home/airflow/.local/lib/python3.12/site-packages/airflow/example_dags/tutorial_taskflow_api_virtualenv.py took 0.073 seconds
[2025-10-17T03:37:02.295+0000] {processor.py:161} INFO - Started process (PID=4905) to work on /home/airflow/.local/lib/python3.12/site-packages/airflow/example_dags/tutorial_taskflow_api_virtualenv.py
[2025-10-17T03:37:02.297+0000] {processor.py:830} INFO - Processing file /home/airflow/.local/lib/python3.12/site-packages/airflow/example_dags/tutorial_taskflow_api_virtualenv.py for tasks to queue
[2025-10-17T03:37:02.299+0000] {logging_mixin.py:188} INFO - [2025-10-17T03:37:02.299+0000] {dagbag.py:545} INFO - Filling up the DagBag from /home/airflow/.local/lib/python3.12/site-packages/airflow/example_dags/tutorial_taskflow_api_virtualenv.py
[2025-10-17T03:37:02.308+0000] {processor.py:840} INFO - DAG(s) 'tutorial_taskflow_api_virtualenv' retrieved from /home/airflow/.local/lib/python3.12/site-packages/airflow/example_dags/tutorial_taskflow_api_virtualenv.py
[2025-10-17T03:37:02.326+0000] {logging_mixin.py:188} INFO - [2025-10-17T03:37:02.326+0000] {dag.py:3096} INFO - Sync 1 DAGs
[2025-10-17T03:37:02.337+0000] {logging_mixin.py:188} INFO - [2025-10-17T03:37:02.337+0000] {dag.py:3954} INFO - Setting next_dagrun for tutorial_taskflow_api_virtualenv to None, run_after=None
[2025-10-17T03:37:02.353+0000] {processor.py:183} INFO - Processing /home/airflow/.local/lib/python3.12/site-packages/airflow/example_dags/tutorial_taskflow_api_virtualenv.py took 0.063 seconds
[2025-10-17T03:37:32.797+0000] {processor.py:161} INFO - Started process (PID=4964) to work on /home/airflow/.local/lib/python3.12/site-packages/airflow/example_dags/tutorial_taskflow_api_virtualenv.py
[2025-10-17T03:37:32.798+0000] {processor.py:830} INFO - Processing file /home/airflow/.local/lib/python3.12/site-packages/airflow/example_dags/tutorial_taskflow_api_virtualenv.py for tasks to queue
[2025-10-17T03:37:32.800+0000] {logging_mixin.py:188} INFO - [2025-10-17T03:37:32.800+0000] {dagbag.py:545} INFO - Filling up the DagBag from /home/airflow/.local/lib/python3.12/site-packages/airflow/example_dags/tutorial_taskflow_api_virtualenv.py
[2025-10-17T03:37:32.809+0000] {processor.py:840} INFO - DAG(s) 'tutorial_taskflow_api_virtualenv' retrieved from /home/airflow/.local/lib/python3.12/site-packages/airflow/example_dags/tutorial_taskflow_api_virtualenv.py
[2025-10-17T03:37:32.828+0000] {logging_mixin.py:188} INFO - [2025-10-17T03:37:32.827+0000] {dag.py:3096} INFO - Sync 1 DAGs
[2025-10-17T03:37:32.839+0000] {logging_mixin.py:188} INFO - [2025-10-17T03:37:32.838+0000] {dag.py:3954} INFO - Setting next_dagrun for tutorial_taskflow_api_virtualenv to None, run_after=None
[2025-10-17T03:37:32.856+0000] {processor.py:183} INFO - Processing /home/airflow/.local/lib/python3.12/site-packages/airflow/example_dags/tutorial_taskflow_api_virtualenv.py took 0.064 seconds
[2025-10-17T03:38:03.622+0000] {processor.py:161} INFO - Started process (PID=5023) to work on /home/airflow/.local/lib/python3.12/site-packages/airflow/example_dags/tutorial_taskflow_api_virtualenv.py
[2025-10-17T03:38:03.623+0000] {processor.py:830} INFO - Processing file /home/airflow/.local/lib/python3.12/site-packages/airflow/example_dags/tutorial_taskflow_api_virtualenv.py for tasks to queue
[2025-10-17T03:38:03.625+0000] {logging_mixin.py:188} INFO - [2025-10-17T03:38:03.625+0000] {dagbag.py:545} INFO - Filling up the DagBag from /home/airflow/.local/lib/python3.12/site-packages/airflow/example_dags/tutorial_taskflow_api_virtualenv.py
[2025-10-17T03:38:03.636+0000] {processor.py:840} INFO - DAG(s) 'tutorial_taskflow_api_virtualenv' retrieved from /home/airflow/.local/lib/python3.12/site-packages/airflow/example_dags/tutorial_taskflow_api_virtualenv.py
[2025-10-17T03:38:03.655+0000] {logging_mixin.py:188} INFO - [2025-10-17T03:38:03.655+0000] {dag.py:3096} INFO - Sync 1 DAGs
[2025-10-17T03:38:03.666+0000] {logging_mixin.py:188} INFO - [2025-10-17T03:38:03.666+0000] {dag.py:3954} INFO - Setting next_dagrun for tutorial_taskflow_api_virtualenv to None, run_after=None
[2025-10-17T03:38:03.686+0000] {processor.py:183} INFO - Processing /home/airflow/.local/lib/python3.12/site-packages/airflow/example_dags/tutorial_taskflow_api_virtualenv.py took 0.070 seconds
[2025-10-17T03:38:33.867+0000] {processor.py:161} INFO - Started process (PID=5082) to work on /home/airflow/.local/lib/python3.12/site-packages/airflow/example_dags/tutorial_taskflow_api_virtualenv.py
[2025-10-17T03:38:33.869+0000] {processor.py:830} INFO - Processing file /home/airflow/.local/lib/python3.12/site-packages/airflow/example_dags/tutorial_taskflow_api_virtualenv.py for tasks to queue
[2025-10-17T03:38:33.871+0000] {logging_mixin.py:188} INFO - [2025-10-17T03:38:33.871+0000] {dagbag.py:545} INFO - Filling up the DagBag from /home/airflow/.local/lib/python3.12/site-packages/airflow/example_dags/tutorial_taskflow_api_virtualenv.py
[2025-10-17T03:38:33.883+0000] {processor.py:840} INFO - DAG(s) 'tutorial_taskflow_api_virtualenv' retrieved from /home/airflow/.local/lib/python3.12/site-packages/airflow/example_dags/tutorial_taskflow_api_virtualenv.py
[2025-10-17T03:38:33.901+0000] {logging_mixin.py:188} INFO - [2025-10-17T03:38:33.901+0000] {dag.py:3096} INFO - Sync 1 DAGs
[2025-10-17T03:38:33.911+0000] {logging_mixin.py:188} INFO - [2025-10-17T03:38:33.911+0000] {dag.py:3954} INFO - Setting next_dagrun for tutorial_taskflow_api_virtualenv to None, run_after=None
[2025-10-17T03:38:33.929+0000] {processor.py:183} INFO - Processing /home/airflow/.local/lib/python3.12/site-packages/airflow/example_dags/tutorial_taskflow_api_virtualenv.py took 0.067 seconds
[2025-10-17T03:39:04.467+0000] {processor.py:161} INFO - Started process (PID=5141) to work on /home/airflow/.local/lib/python3.12/site-packages/airflow/example_dags/tutorial_taskflow_api_virtualenv.py
[2025-10-17T03:39:04.468+0000] {processor.py:830} INFO - Processing file /home/airflow/.local/lib/python3.12/site-packages/airflow/example_dags/tutorial_taskflow_api_virtualenv.py for tasks to queue
[2025-10-17T03:39:04.470+0000] {logging_mixin.py:188} INFO - [2025-10-17T03:39:04.469+0000] {dagbag.py:545} INFO - Filling up the DagBag from /home/airflow/.local/lib/python3.12/site-packages/airflow/example_dags/tutorial_taskflow_api_virtualenv.py
[2025-10-17T03:39:04.479+0000] {processor.py:840} INFO - DAG(s) 'tutorial_taskflow_api_virtualenv' retrieved from /home/airflow/.local/lib/python3.12/site-packages/airflow/example_dags/tutorial_taskflow_api_virtualenv.py
[2025-10-17T03:39:04.498+0000] {logging_mixin.py:188} INFO - [2025-10-17T03:39:04.497+0000] {dag.py:3096} INFO - Sync 1 DAGs
[2025-10-17T03:39:04.509+0000] {logging_mixin.py:188} INFO - [2025-10-17T03:39:04.508+0000] {dag.py:3954} INFO - Setting next_dagrun for tutorial_taskflow_api_virtualenv to None, run_after=None
[2025-10-17T03:39:04.526+0000] {processor.py:183} INFO - Processing /home/airflow/.local/lib/python3.12/site-packages/airflow/example_dags/tutorial_taskflow_api_virtualenv.py took 0.065 seconds
[2025-10-17T03:39:34.765+0000] {processor.py:161} INFO - Started process (PID=5200) to work on /home/airflow/.local/lib/python3.12/site-packages/airflow/example_dags/tutorial_taskflow_api_virtualenv.py
[2025-10-17T03:39:34.766+0000] {processor.py:830} INFO - Processing file /home/airflow/.local/lib/python3.12/site-packages/airflow/example_dags/tutorial_taskflow_api_virtualenv.py for tasks to queue
[2025-10-17T03:39:34.768+0000] {logging_mixin.py:188} INFO - [2025-10-17T03:39:34.768+0000] {dagbag.py:545} INFO - Filling up the DagBag from /home/airflow/.local/lib/python3.12/site-packages/airflow/example_dags/tutorial_taskflow_api_virtualenv.py
[2025-10-17T03:39:34.777+0000] {processor.py:840} INFO - DAG(s) 'tutorial_taskflow_api_virtualenv' retrieved from /home/airflow/.local/lib/python3.12/site-packages/airflow/example_dags/tutorial_taskflow_api_virtualenv.py
[2025-10-17T03:39:34.795+0000] {logging_mixin.py:188} INFO - [2025-10-17T03:39:34.795+0000] {dag.py:3096} INFO - Sync 1 DAGs
[2025-10-17T03:39:34.806+0000] {logging_mixin.py:188} INFO - [2025-10-17T03:39:34.806+0000] {dag.py:3954} INFO - Setting next_dagrun for tutorial_taskflow_api_virtualenv to None, run_after=None
[2025-10-17T03:39:34.826+0000] {processor.py:183} INFO - Processing /home/airflow/.local/lib/python3.12/site-packages/airflow/example_dags/tutorial_taskflow_api_virtualenv.py took 0.066 seconds
[2025-10-17T03:40:05.050+0000] {processor.py:161} INFO - Started process (PID=5259) to work on /home/airflow/.local/lib/python3.12/site-packages/airflow/example_dags/tutorial_taskflow_api_virtualenv.py
[2025-10-17T03:40:05.051+0000] {processor.py:830} INFO - Processing file /home/airflow/.local/lib/python3.12/site-packages/airflow/example_dags/tutorial_taskflow_api_virtualenv.py for tasks to queue
[2025-10-17T03:40:05.054+0000] {logging_mixin.py:188} INFO - [2025-10-17T03:40:05.053+0000] {dagbag.py:545} INFO - Filling up the DagBag from /home/airflow/.local/lib/python3.12/site-packages/airflow/example_dags/tutorial_taskflow_api_virtualenv.py
[2025-10-17T03:40:05.062+0000] {processor.py:840} INFO - DAG(s) 'tutorial_taskflow_api_virtualenv' retrieved from /home/airflow/.local/lib/python3.12/site-packages/airflow/example_dags/tutorial_taskflow_api_virtualenv.py
[2025-10-17T03:40:05.080+0000] {logging_mixin.py:188} INFO - [2025-10-17T03:40:05.080+0000] {dag.py:3096} INFO - Sync 1 DAGs
[2025-10-17T03:40:05.092+0000] {logging_mixin.py:188} INFO - [2025-10-17T03:40:05.092+0000] {dag.py:3954} INFO - Setting next_dagrun for tutorial_taskflow_api_virtualenv to None, run_after=None
[2025-10-17T03:40:05.112+0000] {processor.py:183} INFO - Processing /home/airflow/.local/lib/python3.12/site-packages/airflow/example_dags/tutorial_taskflow_api_virtualenv.py took 0.067 seconds
[2025-10-17T03:40:35.295+0000] {processor.py:161} INFO - Started process (PID=5318) to work on /home/airflow/.local/lib/python3.12/site-packages/airflow/example_dags/tutorial_taskflow_api_virtualenv.py
[2025-10-17T03:40:35.296+0000] {processor.py:830} INFO - Processing file /home/airflow/.local/lib/python3.12/site-packages/airflow/example_dags/tutorial_taskflow_api_virtualenv.py for tasks to queue
[2025-10-17T03:40:35.298+0000] {logging_mixin.py:188} INFO - [2025-10-17T03:40:35.298+0000] {dagbag.py:545} INFO - Filling up the DagBag from /home/airflow/.local/lib/python3.12/site-packages/airflow/example_dags/tutorial_taskflow_api_virtualenv.py
[2025-10-17T03:40:35.307+0000] {processor.py:840} INFO - DAG(s) 'tutorial_taskflow_api_virtualenv' retrieved from /home/airflow/.local/lib/python3.12/site-packages/airflow/example_dags/tutorial_taskflow_api_virtualenv.py
[2025-10-17T03:40:35.327+0000] {logging_mixin.py:188} INFO - [2025-10-17T03:40:35.327+0000] {dag.py:3096} INFO - Sync 1 DAGs
[2025-10-17T03:40:35.337+0000] {logging_mixin.py:188} INFO - [2025-10-17T03:40:35.337+0000] {dag.py:3954} INFO - Setting next_dagrun for tutorial_taskflow_api_virtualenv to None, run_after=None
[2025-10-17T03:40:35.358+0000] {processor.py:183} INFO - Processing /home/airflow/.local/lib/python3.12/site-packages/airflow/example_dags/tutorial_taskflow_api_virtualenv.py took 0.067 seconds
[2025-10-17T03:41:05.685+0000] {processor.py:161} INFO - Started process (PID=5377) to work on /home/airflow/.local/lib/python3.12/site-packages/airflow/example_dags/tutorial_taskflow_api_virtualenv.py
[2025-10-17T03:41:05.686+0000] {processor.py:830} INFO - Processing file /home/airflow/.local/lib/python3.12/site-packages/airflow/example_dags/tutorial_taskflow_api_virtualenv.py for tasks to queue
[2025-10-17T03:41:05.688+0000] {logging_mixin.py:188} INFO - [2025-10-17T03:41:05.687+0000] {dagbag.py:545} INFO - Filling up the DagBag from /home/airflow/.local/lib/python3.12/site-packages/airflow/example_dags/tutorial_taskflow_api_virtualenv.py
[2025-10-17T03:41:05.697+0000] {processor.py:840} INFO - DAG(s) 'tutorial_taskflow_api_virtualenv' retrieved from /home/airflow/.local/lib/python3.12/site-packages/airflow/example_dags/tutorial_taskflow_api_virtualenv.py
[2025-10-17T03:41:05.716+0000] {logging_mixin.py:188} INFO - [2025-10-17T03:41:05.716+0000] {dag.py:3096} INFO - Sync 1 DAGs
[2025-10-17T03:41:05.727+0000] {logging_mixin.py:188} INFO - [2025-10-17T03:41:05.727+0000] {dag.py:3954} INFO - Setting next_dagrun for tutorial_taskflow_api_virtualenv to None, run_after=None
[2025-10-17T03:41:05.745+0000] {processor.py:183} INFO - Processing /home/airflow/.local/lib/python3.12/site-packages/airflow/example_dags/tutorial_taskflow_api_virtualenv.py took 0.066 seconds
[2025-10-17T03:41:36.599+0000] {processor.py:161} INFO - Started process (PID=5436) to work on /home/airflow/.local/lib/python3.12/site-packages/airflow/example_dags/tutorial_taskflow_api_virtualenv.py
[2025-10-17T03:41:36.600+0000] {processor.py:830} INFO - Processing file /home/airflow/.local/lib/python3.12/site-packages/airflow/example_dags/tutorial_taskflow_api_virtualenv.py for tasks to queue
[2025-10-17T03:41:36.602+0000] {logging_mixin.py:188} INFO - [2025-10-17T03:41:36.602+0000] {dagbag.py:545} INFO - Filling up the DagBag from /home/airflow/.local/lib/python3.12/site-packages/airflow/example_dags/tutorial_taskflow_api_virtualenv.py
[2025-10-17T03:41:36.611+0000] {processor.py:840} INFO - DAG(s) 'tutorial_taskflow_api_virtualenv' retrieved from /home/airflow/.local/lib/python3.12/site-packages/airflow/example_dags/tutorial_taskflow_api_virtualenv.py
[2025-10-17T03:41:36.631+0000] {logging_mixin.py:188} INFO - [2025-10-17T03:41:36.630+0000] {dag.py:3096} INFO - Sync 1 DAGs
[2025-10-17T03:41:36.641+0000] {logging_mixin.py:188} INFO - [2025-10-17T03:41:36.641+0000] {dag.py:3954} INFO - Setting next_dagrun for tutorial_taskflow_api_virtualenv to None, run_after=None
[2025-10-17T03:41:36.660+0000] {processor.py:183} INFO - Processing /home/airflow/.local/lib/python3.12/site-packages/airflow/example_dags/tutorial_taskflow_api_virtualenv.py took 0.066 seconds
[2025-10-17T03:42:06.860+0000] {processor.py:161} INFO - Started process (PID=5495) to work on /home/airflow/.local/lib/python3.12/site-packages/airflow/example_dags/tutorial_taskflow_api_virtualenv.py
[2025-10-17T03:42:06.861+0000] {processor.py:830} INFO - Processing file /home/airflow/.local/lib/python3.12/site-packages/airflow/example_dags/tutorial_taskflow_api_virtualenv.py for tasks to queue
[2025-10-17T03:42:06.863+0000] {logging_mixin.py:188} INFO - [2025-10-17T03:42:06.862+0000] {dagbag.py:545} INFO - Filling up the DagBag from /home/airflow/.local/lib/python3.12/site-packages/airflow/example_dags/tutorial_taskflow_api_virtualenv.py
[2025-10-17T03:42:06.872+0000] {processor.py:840} INFO - DAG(s) 'tutorial_taskflow_api_virtualenv' retrieved from /home/airflow/.local/lib/python3.12/site-packages/airflow/example_dags/tutorial_taskflow_api_virtualenv.py
[2025-10-17T03:42:06.892+0000] {logging_mixin.py:188} INFO - [2025-10-17T03:42:06.892+0000] {dag.py:3096} INFO - Sync 1 DAGs
[2025-10-17T03:42:06.903+0000] {logging_mixin.py:188} INFO - [2025-10-17T03:42:06.903+0000] {dag.py:3954} INFO - Setting next_dagrun for tutorial_taskflow_api_virtualenv to None, run_after=None
[2025-10-17T03:42:06.923+0000] {processor.py:183} INFO - Processing /home/airflow/.local/lib/python3.12/site-packages/airflow/example_dags/tutorial_taskflow_api_virtualenv.py took 0.068 seconds
[2025-10-17T03:42:37.401+0000] {processor.py:161} INFO - Started process (PID=5554) to work on /home/airflow/.local/lib/python3.12/site-packages/airflow/example_dags/tutorial_taskflow_api_virtualenv.py
[2025-10-17T03:42:37.402+0000] {processor.py:830} INFO - Processing file /home/airflow/.local/lib/python3.12/site-packages/airflow/example_dags/tutorial_taskflow_api_virtualenv.py for tasks to queue
[2025-10-17T03:42:37.404+0000] {logging_mixin.py:188} INFO - [2025-10-17T03:42:37.404+0000] {dagbag.py:545} INFO - Filling up the DagBag from /home/airflow/.local/lib/python3.12/site-packages/airflow/example_dags/tutorial_taskflow_api_virtualenv.py
[2025-10-17T03:42:37.414+0000] {processor.py:840} INFO - DAG(s) 'tutorial_taskflow_api_virtualenv' retrieved from /home/airflow/.local/lib/python3.12/site-packages/airflow/example_dags/tutorial_taskflow_api_virtualenv.py
[2025-10-17T03:42:37.432+0000] {logging_mixin.py:188} INFO - [2025-10-17T03:42:37.432+0000] {dag.py:3096} INFO - Sync 1 DAGs
[2025-10-17T03:42:37.442+0000] {logging_mixin.py:188} INFO - [2025-10-17T03:42:37.442+0000] {dag.py:3954} INFO - Setting next_dagrun for tutorial_taskflow_api_virtualenv to None, run_after=None
[2025-10-17T03:42:37.460+0000] {processor.py:183} INFO - Processing /home/airflow/.local/lib/python3.12/site-packages/airflow/example_dags/tutorial_taskflow_api_virtualenv.py took 0.064 seconds
[2025-10-17T03:43:07.712+0000] {processor.py:161} INFO - Started process (PID=5613) to work on /home/airflow/.local/lib/python3.12/site-packages/airflow/example_dags/tutorial_taskflow_api_virtualenv.py
[2025-10-17T03:43:07.713+0000] {processor.py:830} INFO - Processing file /home/airflow/.local/lib/python3.12/site-packages/airflow/example_dags/tutorial_taskflow_api_virtualenv.py for tasks to queue
[2025-10-17T03:43:07.715+0000] {logging_mixin.py:188} INFO - [2025-10-17T03:43:07.715+0000] {dagbag.py:545} INFO - Filling up the DagBag from /home/airflow/.local/lib/python3.12/site-packages/airflow/example_dags/tutorial_taskflow_api_virtualenv.py
[2025-10-17T03:43:07.725+0000] {processor.py:840} INFO - DAG(s) 'tutorial_taskflow_api_virtualenv' retrieved from /home/airflow/.local/lib/python3.12/site-packages/airflow/example_dags/tutorial_taskflow_api_virtualenv.py
[2025-10-17T03:43:07.744+0000] {logging_mixin.py:188} INFO - [2025-10-17T03:43:07.744+0000] {dag.py:3096} INFO - Sync 1 DAGs
[2025-10-17T03:43:07.755+0000] {logging_mixin.py:188} INFO - [2025-10-17T03:43:07.755+0000] {dag.py:3954} INFO - Setting next_dagrun for tutorial_taskflow_api_virtualenv to None, run_after=None
[2025-10-17T03:43:07.776+0000] {processor.py:183} INFO - Processing /home/airflow/.local/lib/python3.12/site-packages/airflow/example_dags/tutorial_taskflow_api_virtualenv.py took 0.068 seconds
[2025-10-17T03:43:38.158+0000] {processor.py:161} INFO - Started process (PID=5672) to work on /home/airflow/.local/lib/python3.12/site-packages/airflow/example_dags/tutorial_taskflow_api_virtualenv.py
[2025-10-17T03:43:38.159+0000] {processor.py:830} INFO - Processing file /home/airflow/.local/lib/python3.12/site-packages/airflow/example_dags/tutorial_taskflow_api_virtualenv.py for tasks to queue
[2025-10-17T03:43:38.161+0000] {logging_mixin.py:188} INFO - [2025-10-17T03:43:38.161+0000] {dagbag.py:545} INFO - Filling up the DagBag from /home/airflow/.local/lib/python3.12/site-packages/airflow/example_dags/tutorial_taskflow_api_virtualenv.py
[2025-10-17T03:43:38.171+0000] {processor.py:840} INFO - DAG(s) 'tutorial_taskflow_api_virtualenv' retrieved from /home/airflow/.local/lib/python3.12/site-packages/airflow/example_dags/tutorial_taskflow_api_virtualenv.py
[2025-10-17T03:43:38.189+0000] {logging_mixin.py:188} INFO - [2025-10-17T03:43:38.189+0000] {dag.py:3096} INFO - Sync 1 DAGs
[2025-10-17T03:43:38.200+0000] {logging_mixin.py:188} INFO - [2025-10-17T03:43:38.200+0000] {dag.py:3954} INFO - Setting next_dagrun for tutorial_taskflow_api_virtualenv to None, run_after=None
[2025-10-17T03:43:38.220+0000] {processor.py:183} INFO - Processing /home/airflow/.local/lib/python3.12/site-packages/airflow/example_dags/tutorial_taskflow_api_virtualenv.py took 0.067 seconds
[2025-10-17T03:44:08.883+0000] {processor.py:161} INFO - Started process (PID=5731) to work on /home/airflow/.local/lib/python3.12/site-packages/airflow/example_dags/tutorial_taskflow_api_virtualenv.py
[2025-10-17T03:44:08.885+0000] {processor.py:830} INFO - Processing file /home/airflow/.local/lib/python3.12/site-packages/airflow/example_dags/tutorial_taskflow_api_virtualenv.py for tasks to queue
[2025-10-17T03:44:08.887+0000] {logging_mixin.py:188} INFO - [2025-10-17T03:44:08.887+0000] {dagbag.py:545} INFO - Filling up the DagBag from /home/airflow/.local/lib/python3.12/site-packages/airflow/example_dags/tutorial_taskflow_api_virtualenv.py
[2025-10-17T03:44:08.897+0000] {processor.py:840} INFO - DAG(s) 'tutorial_taskflow_api_virtualenv' retrieved from /home/airflow/.local/lib/python3.12/site-packages/airflow/example_dags/tutorial_taskflow_api_virtualenv.py
[2025-10-17T03:44:08.917+0000] {logging_mixin.py:188} INFO - [2025-10-17T03:44:08.917+0000] {dag.py:3096} INFO - Sync 1 DAGs
[2025-10-17T03:44:08.929+0000] {logging_mixin.py:188} INFO - [2025-10-17T03:44:08.928+0000] {dag.py:3954} INFO - Setting next_dagrun for tutorial_taskflow_api_virtualenv to None, run_after=None
[2025-10-17T03:44:08.952+0000] {processor.py:183} INFO - Processing /home/airflow/.local/lib/python3.12/site-packages/airflow/example_dags/tutorial_taskflow_api_virtualenv.py took 0.074 seconds
[2025-10-17T03:44:39.190+0000] {processor.py:161} INFO - Started process (PID=5791) to work on /home/airflow/.local/lib/python3.12/site-packages/airflow/example_dags/tutorial_taskflow_api_virtualenv.py
[2025-10-17T03:44:39.191+0000] {processor.py:830} INFO - Processing file /home/airflow/.local/lib/python3.12/site-packages/airflow/example_dags/tutorial_taskflow_api_virtualenv.py for tasks to queue
[2025-10-17T03:44:39.193+0000] {logging_mixin.py:188} INFO - [2025-10-17T03:44:39.192+0000] {dagbag.py:545} INFO - Filling up the DagBag from /home/airflow/.local/lib/python3.12/site-packages/airflow/example_dags/tutorial_taskflow_api_virtualenv.py
[2025-10-17T03:44:39.203+0000] {processor.py:840} INFO - DAG(s) 'tutorial_taskflow_api_virtualenv' retrieved from /home/airflow/.local/lib/python3.12/site-packages/airflow/example_dags/tutorial_taskflow_api_virtualenv.py
[2025-10-17T03:44:39.222+0000] {logging_mixin.py:188} INFO - [2025-10-17T03:44:39.222+0000] {dag.py:3096} INFO - Sync 1 DAGs
[2025-10-17T03:44:39.233+0000] {logging_mixin.py:188} INFO - [2025-10-17T03:44:39.233+0000] {dag.py:3954} INFO - Setting next_dagrun for tutorial_taskflow_api_virtualenv to None, run_after=None
[2025-10-17T03:44:39.251+0000] {processor.py:183} INFO - Processing /home/airflow/.local/lib/python3.12/site-packages/airflow/example_dags/tutorial_taskflow_api_virtualenv.py took 0.067 seconds
[2025-10-17T03:45:10.129+0000] {processor.py:161} INFO - Started process (PID=5850) to work on /home/airflow/.local/lib/python3.12/site-packages/airflow/example_dags/tutorial_taskflow_api_virtualenv.py
[2025-10-17T03:45:10.130+0000] {processor.py:830} INFO - Processing file /home/airflow/.local/lib/python3.12/site-packages/airflow/example_dags/tutorial_taskflow_api_virtualenv.py for tasks to queue
[2025-10-17T03:45:10.132+0000] {logging_mixin.py:188} INFO - [2025-10-17T03:45:10.132+0000] {dagbag.py:545} INFO - Filling up the DagBag from /home/airflow/.local/lib/python3.12/site-packages/airflow/example_dags/tutorial_taskflow_api_virtualenv.py
[2025-10-17T03:45:10.143+0000] {processor.py:840} INFO - DAG(s) 'tutorial_taskflow_api_virtualenv' retrieved from /home/airflow/.local/lib/python3.12/site-packages/airflow/example_dags/tutorial_taskflow_api_virtualenv.py
[2025-10-17T03:45:10.164+0000] {logging_mixin.py:188} INFO - [2025-10-17T03:45:10.164+0000] {dag.py:3096} INFO - Sync 1 DAGs
[2025-10-17T03:45:10.175+0000] {logging_mixin.py:188} INFO - [2025-10-17T03:45:10.175+0000] {dag.py:3954} INFO - Setting next_dagrun for tutorial_taskflow_api_virtualenv to None, run_after=None
[2025-10-17T03:45:10.192+0000] {processor.py:183} INFO - Processing /home/airflow/.local/lib/python3.12/site-packages/airflow/example_dags/tutorial_taskflow_api_virtualenv.py took 0.068 seconds
[2025-10-17T03:45:40.278+0000] {processor.py:161} INFO - Started process (PID=5909) to work on /home/airflow/.local/lib/python3.12/site-packages/airflow/example_dags/tutorial_taskflow_api_virtualenv.py
[2025-10-17T03:45:40.279+0000] {processor.py:830} INFO - Processing file /home/airflow/.local/lib/python3.12/site-packages/airflow/example_dags/tutorial_taskflow_api_virtualenv.py for tasks to queue
[2025-10-17T03:45:40.281+0000] {logging_mixin.py:188} INFO - [2025-10-17T03:45:40.281+0000] {dagbag.py:545} INFO - Filling up the DagBag from /home/airflow/.local/lib/python3.12/site-packages/airflow/example_dags/tutorial_taskflow_api_virtualenv.py
[2025-10-17T03:45:40.292+0000] {processor.py:840} INFO - DAG(s) 'tutorial_taskflow_api_virtualenv' retrieved from /home/airflow/.local/lib/python3.12/site-packages/airflow/example_dags/tutorial_taskflow_api_virtualenv.py
[2025-10-17T03:45:40.310+0000] {logging_mixin.py:188} INFO - [2025-10-17T03:45:40.310+0000] {dag.py:3096} INFO - Sync 1 DAGs
[2025-10-17T03:45:40.321+0000] {logging_mixin.py:188} INFO - [2025-10-17T03:45:40.321+0000] {dag.py:3954} INFO - Setting next_dagrun for tutorial_taskflow_api_virtualenv to None, run_after=None
[2025-10-17T03:45:40.340+0000] {processor.py:183} INFO - Processing /home/airflow/.local/lib/python3.12/site-packages/airflow/example_dags/tutorial_taskflow_api_virtualenv.py took 0.068 seconds
[2025-10-17T03:46:11.368+0000] {processor.py:161} INFO - Started process (PID=5968) to work on /home/airflow/.local/lib/python3.12/site-packages/airflow/example_dags/tutorial_taskflow_api_virtualenv.py
[2025-10-17T03:46:11.369+0000] {processor.py:830} INFO - Processing file /home/airflow/.local/lib/python3.12/site-packages/airflow/example_dags/tutorial_taskflow_api_virtualenv.py for tasks to queue
[2025-10-17T03:46:11.371+0000] {logging_mixin.py:188} INFO - [2025-10-17T03:46:11.371+0000] {dagbag.py:545} INFO - Filling up the DagBag from /home/airflow/.local/lib/python3.12/site-packages/airflow/example_dags/tutorial_taskflow_api_virtualenv.py
[2025-10-17T03:46:11.382+0000] {processor.py:840} INFO - DAG(s) 'tutorial_taskflow_api_virtualenv' retrieved from /home/airflow/.local/lib/python3.12/site-packages/airflow/example_dags/tutorial_taskflow_api_virtualenv.py
[2025-10-17T03:46:11.403+0000] {logging_mixin.py:188} INFO - [2025-10-17T03:46:11.402+0000] {dag.py:3096} INFO - Sync 1 DAGs
[2025-10-17T03:46:11.415+0000] {logging_mixin.py:188} INFO - [2025-10-17T03:46:11.415+0000] {dag.py:3954} INFO - Setting next_dagrun for tutorial_taskflow_api_virtualenv to None, run_after=None
[2025-10-17T03:46:11.434+0000] {processor.py:183} INFO - Processing /home/airflow/.local/lib/python3.12/site-packages/airflow/example_dags/tutorial_taskflow_api_virtualenv.py took 0.073 seconds
[2025-10-17T03:46:42.268+0000] {processor.py:161} INFO - Started process (PID=6027) to work on /home/airflow/.local/lib/python3.12/site-packages/airflow/example_dags/tutorial_taskflow_api_virtualenv.py
[2025-10-17T03:46:42.269+0000] {processor.py:830} INFO - Processing file /home/airflow/.local/lib/python3.12/site-packages/airflow/example_dags/tutorial_taskflow_api_virtualenv.py for tasks to queue
[2025-10-17T03:46:42.271+0000] {logging_mixin.py:188} INFO - [2025-10-17T03:46:42.271+0000] {dagbag.py:545} INFO - Filling up the DagBag from /home/airflow/.local/lib/python3.12/site-packages/airflow/example_dags/tutorial_taskflow_api_virtualenv.py
[2025-10-17T03:46:42.280+0000] {processor.py:840} INFO - DAG(s) 'tutorial_taskflow_api_virtualenv' retrieved from /home/airflow/.local/lib/python3.12/site-packages/airflow/example_dags/tutorial_taskflow_api_virtualenv.py
[2025-10-17T03:46:42.297+0000] {logging_mixin.py:188} INFO - [2025-10-17T03:46:42.297+0000] {dag.py:3096} INFO - Sync 1 DAGs
[2025-10-17T03:46:42.308+0000] {logging_mixin.py:188} INFO - [2025-10-17T03:46:42.308+0000] {dag.py:3954} INFO - Setting next_dagrun for tutorial_taskflow_api_virtualenv to None, run_after=None
[2025-10-17T03:46:42.326+0000] {processor.py:183} INFO - Processing /home/airflow/.local/lib/python3.12/site-packages/airflow/example_dags/tutorial_taskflow_api_virtualenv.py took 0.065 seconds
[2025-10-17T03:47:12.400+0000] {processor.py:161} INFO - Started process (PID=6086) to work on /home/airflow/.local/lib/python3.12/site-packages/airflow/example_dags/tutorial_taskflow_api_virtualenv.py
[2025-10-17T03:47:12.401+0000] {processor.py:830} INFO - Processing file /home/airflow/.local/lib/python3.12/site-packages/airflow/example_dags/tutorial_taskflow_api_virtualenv.py for tasks to queue
[2025-10-17T03:47:12.403+0000] {logging_mixin.py:188} INFO - [2025-10-17T03:47:12.403+0000] {dagbag.py:545} INFO - Filling up the DagBag from /home/airflow/.local/lib/python3.12/site-packages/airflow/example_dags/tutorial_taskflow_api_virtualenv.py
[2025-10-17T03:47:12.413+0000] {processor.py:840} INFO - DAG(s) 'tutorial_taskflow_api_virtualenv' retrieved from /home/airflow/.local/lib/python3.12/site-packages/airflow/example_dags/tutorial_taskflow_api_virtualenv.py
[2025-10-17T03:47:12.432+0000] {logging_mixin.py:188} INFO - [2025-10-17T03:47:12.432+0000] {dag.py:3096} INFO - Sync 1 DAGs
[2025-10-17T03:47:12.443+0000] {logging_mixin.py:188} INFO - [2025-10-17T03:47:12.443+0000] {dag.py:3954} INFO - Setting next_dagrun for tutorial_taskflow_api_virtualenv to None, run_after=None
[2025-10-17T03:47:12.466+0000] {processor.py:183} INFO - Processing /home/airflow/.local/lib/python3.12/site-packages/airflow/example_dags/tutorial_taskflow_api_virtualenv.py took 0.071 seconds
[2025-10-17T03:47:42.606+0000] {processor.py:161} INFO - Started process (PID=6146) to work on /home/airflow/.local/lib/python3.12/site-packages/airflow/example_dags/tutorial_taskflow_api_virtualenv.py
[2025-10-17T03:47:42.607+0000] {processor.py:830} INFO - Processing file /home/airflow/.local/lib/python3.12/site-packages/airflow/example_dags/tutorial_taskflow_api_virtualenv.py for tasks to queue
[2025-10-17T03:47:42.609+0000] {logging_mixin.py:188} INFO - [2025-10-17T03:47:42.609+0000] {dagbag.py:545} INFO - Filling up the DagBag from /home/airflow/.local/lib/python3.12/site-packages/airflow/example_dags/tutorial_taskflow_api_virtualenv.py
[2025-10-17T03:47:42.619+0000] {processor.py:840} INFO - DAG(s) 'tutorial_taskflow_api_virtualenv' retrieved from /home/airflow/.local/lib/python3.12/site-packages/airflow/example_dags/tutorial_taskflow_api_virtualenv.py
[2025-10-17T03:47:42.640+0000] {logging_mixin.py:188} INFO - [2025-10-17T03:47:42.640+0000] {dag.py:3096} INFO - Sync 1 DAGs
[2025-10-17T03:47:42.652+0000] {logging_mixin.py:188} INFO - [2025-10-17T03:47:42.652+0000] {dag.py:3954} INFO - Setting next_dagrun for tutorial_taskflow_api_virtualenv to None, run_after=None
[2025-10-17T03:47:42.677+0000] {processor.py:183} INFO - Processing /home/airflow/.local/lib/python3.12/site-packages/airflow/example_dags/tutorial_taskflow_api_virtualenv.py took 0.076 seconds
[2025-10-17T03:48:13.137+0000] {processor.py:161} INFO - Started process (PID=6205) to work on /home/airflow/.local/lib/python3.12/site-packages/airflow/example_dags/tutorial_taskflow_api_virtualenv.py
[2025-10-17T03:48:13.138+0000] {processor.py:830} INFO - Processing file /home/airflow/.local/lib/python3.12/site-packages/airflow/example_dags/tutorial_taskflow_api_virtualenv.py for tasks to queue
[2025-10-17T03:48:13.140+0000] {logging_mixin.py:188} INFO - [2025-10-17T03:48:13.140+0000] {dagbag.py:545} INFO - Filling up the DagBag from /home/airflow/.local/lib/python3.12/site-packages/airflow/example_dags/tutorial_taskflow_api_virtualenv.py
[2025-10-17T03:48:13.149+0000] {processor.py:840} INFO - DAG(s) 'tutorial_taskflow_api_virtualenv' retrieved from /home/airflow/.local/lib/python3.12/site-packages/airflow/example_dags/tutorial_taskflow_api_virtualenv.py
[2025-10-17T03:48:13.168+0000] {logging_mixin.py:188} INFO - [2025-10-17T03:48:13.167+0000] {dag.py:3096} INFO - Sync 1 DAGs
[2025-10-17T03:48:13.178+0000] {logging_mixin.py:188} INFO - [2025-10-17T03:48:13.178+0000] {dag.py:3954} INFO - Setting next_dagrun for tutorial_taskflow_api_virtualenv to None, run_after=None
[2025-10-17T03:48:13.197+0000] {processor.py:183} INFO - Processing /home/airflow/.local/lib/python3.12/site-packages/airflow/example_dags/tutorial_taskflow_api_virtualenv.py took 0.065 seconds
[2025-10-17T03:48:43.740+0000] {processor.py:161} INFO - Started process (PID=6264) to work on /home/airflow/.local/lib/python3.12/site-packages/airflow/example_dags/tutorial_taskflow_api_virtualenv.py
[2025-10-17T03:48:43.741+0000] {processor.py:830} INFO - Processing file /home/airflow/.local/lib/python3.12/site-packages/airflow/example_dags/tutorial_taskflow_api_virtualenv.py for tasks to queue
[2025-10-17T03:48:43.743+0000] {logging_mixin.py:188} INFO - [2025-10-17T03:48:43.743+0000] {dagbag.py:545} INFO - Filling up the DagBag from /home/airflow/.local/lib/python3.12/site-packages/airflow/example_dags/tutorial_taskflow_api_virtualenv.py
[2025-10-17T03:48:43.752+0000] {processor.py:840} INFO - DAG(s) 'tutorial_taskflow_api_virtualenv' retrieved from /home/airflow/.local/lib/python3.12/site-packages/airflow/example_dags/tutorial_taskflow_api_virtualenv.py
[2025-10-17T03:48:43.773+0000] {logging_mixin.py:188} INFO - [2025-10-17T03:48:43.773+0000] {dag.py:3096} INFO - Sync 1 DAGs
[2025-10-17T03:48:43.784+0000] {logging_mixin.py:188} INFO - [2025-10-17T03:48:43.784+0000] {dag.py:3954} INFO - Setting next_dagrun for tutorial_taskflow_api_virtualenv to None, run_after=None
[2025-10-17T03:48:43.801+0000] {processor.py:183} INFO - Processing /home/airflow/.local/lib/python3.12/site-packages/airflow/example_dags/tutorial_taskflow_api_virtualenv.py took 0.066 seconds
[2025-10-17T03:49:14.186+0000] {processor.py:161} INFO - Started process (PID=6323) to work on /home/airflow/.local/lib/python3.12/site-packages/airflow/example_dags/tutorial_taskflow_api_virtualenv.py
[2025-10-17T03:49:14.188+0000] {processor.py:830} INFO - Processing file /home/airflow/.local/lib/python3.12/site-packages/airflow/example_dags/tutorial_taskflow_api_virtualenv.py for tasks to queue
[2025-10-17T03:49:14.190+0000] {logging_mixin.py:188} INFO - [2025-10-17T03:49:14.189+0000] {dagbag.py:545} INFO - Filling up the DagBag from /home/airflow/.local/lib/python3.12/site-packages/airflow/example_dags/tutorial_taskflow_api_virtualenv.py
[2025-10-17T03:49:14.201+0000] {processor.py:840} INFO - DAG(s) 'tutorial_taskflow_api_virtualenv' retrieved from /home/airflow/.local/lib/python3.12/site-packages/airflow/example_dags/tutorial_taskflow_api_virtualenv.py
[2025-10-17T03:49:14.230+0000] {logging_mixin.py:188} INFO - [2025-10-17T03:49:14.229+0000] {dag.py:3096} INFO - Sync 1 DAGs
[2025-10-17T03:49:14.243+0000] {logging_mixin.py:188} INFO - [2025-10-17T03:49:14.243+0000] {dag.py:3954} INFO - Setting next_dagrun for tutorial_taskflow_api_virtualenv to None, run_after=None
[2025-10-17T03:49:14.263+0000] {processor.py:183} INFO - Processing /home/airflow/.local/lib/python3.12/site-packages/airflow/example_dags/tutorial_taskflow_api_virtualenv.py took 0.083 seconds
[2025-10-17T03:49:44.515+0000] {processor.py:161} INFO - Started process (PID=6382) to work on /home/airflow/.local/lib/python3.12/site-packages/airflow/example_dags/tutorial_taskflow_api_virtualenv.py
[2025-10-17T03:49:44.516+0000] {processor.py:830} INFO - Processing file /home/airflow/.local/lib/python3.12/site-packages/airflow/example_dags/tutorial_taskflow_api_virtualenv.py for tasks to queue
[2025-10-17T03:49:44.518+0000] {logging_mixin.py:188} INFO - [2025-10-17T03:49:44.517+0000] {dagbag.py:545} INFO - Filling up the DagBag from /home/airflow/.local/lib/python3.12/site-packages/airflow/example_dags/tutorial_taskflow_api_virtualenv.py
[2025-10-17T03:49:44.528+0000] {processor.py:840} INFO - DAG(s) 'tutorial_taskflow_api_virtualenv' retrieved from /home/airflow/.local/lib/python3.12/site-packages/airflow/example_dags/tutorial_taskflow_api_virtualenv.py
[2025-10-17T03:49:44.556+0000] {logging_mixin.py:188} INFO - [2025-10-17T03:49:44.556+0000] {dag.py:3096} INFO - Sync 1 DAGs
[2025-10-17T03:49:44.567+0000] {logging_mixin.py:188} INFO - [2025-10-17T03:49:44.567+0000] {dag.py:3954} INFO - Setting next_dagrun for tutorial_taskflow_api_virtualenv to None, run_after=None
[2025-10-17T03:49:44.589+0000] {processor.py:183} INFO - Processing /home/airflow/.local/lib/python3.12/site-packages/airflow/example_dags/tutorial_taskflow_api_virtualenv.py took 0.080 seconds
[2025-10-17T03:50:14.718+0000] {processor.py:161} INFO - Started process (PID=6441) to work on /home/airflow/.local/lib/python3.12/site-packages/airflow/example_dags/tutorial_taskflow_api_virtualenv.py
[2025-10-17T03:50:14.719+0000] {processor.py:830} INFO - Processing file /home/airflow/.local/lib/python3.12/site-packages/airflow/example_dags/tutorial_taskflow_api_virtualenv.py for tasks to queue
[2025-10-17T03:50:14.721+0000] {logging_mixin.py:188} INFO - [2025-10-17T03:50:14.720+0000] {dagbag.py:545} INFO - Filling up the DagBag from /home/airflow/.local/lib/python3.12/site-packages/airflow/example_dags/tutorial_taskflow_api_virtualenv.py
[2025-10-17T03:50:14.730+0000] {processor.py:840} INFO - DAG(s) 'tutorial_taskflow_api_virtualenv' retrieved from /home/airflow/.local/lib/python3.12/site-packages/airflow/example_dags/tutorial_taskflow_api_virtualenv.py
[2025-10-17T03:50:14.750+0000] {logging_mixin.py:188} INFO - [2025-10-17T03:50:14.750+0000] {dag.py:3096} INFO - Sync 1 DAGs
[2025-10-17T03:50:14.761+0000] {logging_mixin.py:188} INFO - [2025-10-17T03:50:14.761+0000] {dag.py:3954} INFO - Setting next_dagrun for tutorial_taskflow_api_virtualenv to None, run_after=None
[2025-10-17T03:50:14.779+0000] {processor.py:183} INFO - Processing /home/airflow/.local/lib/python3.12/site-packages/airflow/example_dags/tutorial_taskflow_api_virtualenv.py took 0.067 seconds
[2025-10-17T03:50:44.917+0000] {processor.py:161} INFO - Started process (PID=6500) to work on /home/airflow/.local/lib/python3.12/site-packages/airflow/example_dags/tutorial_taskflow_api_virtualenv.py
[2025-10-17T03:50:44.918+0000] {processor.py:830} INFO - Processing file /home/airflow/.local/lib/python3.12/site-packages/airflow/example_dags/tutorial_taskflow_api_virtualenv.py for tasks to queue
[2025-10-17T03:50:44.922+0000] {logging_mixin.py:188} INFO - [2025-10-17T03:50:44.921+0000] {dagbag.py:545} INFO - Filling up the DagBag from /home/airflow/.local/lib/python3.12/site-packages/airflow/example_dags/tutorial_taskflow_api_virtualenv.py
[2025-10-17T03:50:44.933+0000] {processor.py:840} INFO - DAG(s) 'tutorial_taskflow_api_virtualenv' retrieved from /home/airflow/.local/lib/python3.12/site-packages/airflow/example_dags/tutorial_taskflow_api_virtualenv.py
[2025-10-17T03:50:44.957+0000] {logging_mixin.py:188} INFO - [2025-10-17T03:50:44.957+0000] {dag.py:3096} INFO - Sync 1 DAGs
[2025-10-17T03:50:44.969+0000] {logging_mixin.py:188} INFO - [2025-10-17T03:50:44.969+0000] {dag.py:3954} INFO - Setting next_dagrun for tutorial_taskflow_api_virtualenv to None, run_after=None
[2025-10-17T03:50:44.986+0000] {processor.py:183} INFO - Processing /home/airflow/.local/lib/python3.12/site-packages/airflow/example_dags/tutorial_taskflow_api_virtualenv.py took 0.074 seconds
[2025-10-17T03:51:15.707+0000] {processor.py:161} INFO - Started process (PID=6559) to work on /home/airflow/.local/lib/python3.12/site-packages/airflow/example_dags/tutorial_taskflow_api_virtualenv.py
[2025-10-17T03:51:15.709+0000] {processor.py:830} INFO - Processing file /home/airflow/.local/lib/python3.12/site-packages/airflow/example_dags/tutorial_taskflow_api_virtualenv.py for tasks to queue
[2025-10-17T03:51:15.711+0000] {logging_mixin.py:188} INFO - [2025-10-17T03:51:15.711+0000] {dagbag.py:545} INFO - Filling up the DagBag from /home/airflow/.local/lib/python3.12/site-packages/airflow/example_dags/tutorial_taskflow_api_virtualenv.py
[2025-10-17T03:51:15.722+0000] {processor.py:840} INFO - DAG(s) 'tutorial_taskflow_api_virtualenv' retrieved from /home/airflow/.local/lib/python3.12/site-packages/airflow/example_dags/tutorial_taskflow_api_virtualenv.py
[2025-10-17T03:51:15.743+0000] {logging_mixin.py:188} INFO - [2025-10-17T03:51:15.743+0000] {dag.py:3096} INFO - Sync 1 DAGs
[2025-10-17T03:51:15.756+0000] {logging_mixin.py:188} INFO - [2025-10-17T03:51:15.756+0000] {dag.py:3954} INFO - Setting next_dagrun for tutorial_taskflow_api_virtualenv to None, run_after=None
[2025-10-17T03:51:15.777+0000] {processor.py:183} INFO - Processing /home/airflow/.local/lib/python3.12/site-packages/airflow/example_dags/tutorial_taskflow_api_virtualenv.py took 0.076 seconds
[2025-10-17T03:51:46.626+0000] {processor.py:161} INFO - Started process (PID=6618) to work on /home/airflow/.local/lib/python3.12/site-packages/airflow/example_dags/tutorial_taskflow_api_virtualenv.py
[2025-10-17T03:51:46.628+0000] {processor.py:830} INFO - Processing file /home/airflow/.local/lib/python3.12/site-packages/airflow/example_dags/tutorial_taskflow_api_virtualenv.py for tasks to queue
[2025-10-17T03:51:46.630+0000] {logging_mixin.py:188} INFO - [2025-10-17T03:51:46.630+0000] {dagbag.py:545} INFO - Filling up the DagBag from /home/airflow/.local/lib/python3.12/site-packages/airflow/example_dags/tutorial_taskflow_api_virtualenv.py
[2025-10-17T03:51:46.640+0000] {processor.py:840} INFO - DAG(s) 'tutorial_taskflow_api_virtualenv' retrieved from /home/airflow/.local/lib/python3.12/site-packages/airflow/example_dags/tutorial_taskflow_api_virtualenv.py
[2025-10-17T03:51:46.660+0000] {logging_mixin.py:188} INFO - [2025-10-17T03:51:46.660+0000] {dag.py:3096} INFO - Sync 1 DAGs
[2025-10-17T03:51:46.808+0000] {logging_mixin.py:188} INFO - [2025-10-17T03:51:46.807+0000] {dag.py:3954} INFO - Setting next_dagrun for tutorial_taskflow_api_virtualenv to None, run_after=None
[2025-10-17T03:51:46.827+0000] {processor.py:183} INFO - Processing /home/airflow/.local/lib/python3.12/site-packages/airflow/example_dags/tutorial_taskflow_api_virtualenv.py took 0.206 seconds
[2025-10-17T03:52:16.963+0000] {processor.py:161} INFO - Started process (PID=6677) to work on /home/airflow/.local/lib/python3.12/site-packages/airflow/example_dags/tutorial_taskflow_api_virtualenv.py
[2025-10-17T03:52:16.964+0000] {processor.py:830} INFO - Processing file /home/airflow/.local/lib/python3.12/site-packages/airflow/example_dags/tutorial_taskflow_api_virtualenv.py for tasks to queue
[2025-10-17T03:52:16.966+0000] {logging_mixin.py:188} INFO - [2025-10-17T03:52:16.965+0000] {dagbag.py:545} INFO - Filling up the DagBag from /home/airflow/.local/lib/python3.12/site-packages/airflow/example_dags/tutorial_taskflow_api_virtualenv.py
[2025-10-17T03:52:16.975+0000] {processor.py:840} INFO - DAG(s) 'tutorial_taskflow_api_virtualenv' retrieved from /home/airflow/.local/lib/python3.12/site-packages/airflow/example_dags/tutorial_taskflow_api_virtualenv.py
[2025-10-17T03:52:16.996+0000] {logging_mixin.py:188} INFO - [2025-10-17T03:52:16.996+0000] {dag.py:3096} INFO - Sync 1 DAGs
[2025-10-17T03:52:17.008+0000] {logging_mixin.py:188} INFO - [2025-10-17T03:52:17.007+0000] {dag.py:3954} INFO - Setting next_dagrun for tutorial_taskflow_api_virtualenv to None, run_after=None
[2025-10-17T03:52:17.135+0000] {processor.py:183} INFO - Processing /home/airflow/.local/lib/python3.12/site-packages/airflow/example_dags/tutorial_taskflow_api_virtualenv.py took 0.177 seconds
[2025-10-17T03:52:47.940+0000] {processor.py:161} INFO - Started process (PID=6736) to work on /home/airflow/.local/lib/python3.12/site-packages/airflow/example_dags/tutorial_taskflow_api_virtualenv.py
[2025-10-17T03:52:47.942+0000] {processor.py:830} INFO - Processing file /home/airflow/.local/lib/python3.12/site-packages/airflow/example_dags/tutorial_taskflow_api_virtualenv.py for tasks to queue
[2025-10-17T03:52:47.946+0000] {logging_mixin.py:188} INFO - [2025-10-17T03:52:47.945+0000] {dagbag.py:545} INFO - Filling up the DagBag from /home/airflow/.local/lib/python3.12/site-packages/airflow/example_dags/tutorial_taskflow_api_virtualenv.py
[2025-10-17T03:52:47.959+0000] {processor.py:840} INFO - DAG(s) 'tutorial_taskflow_api_virtualenv' retrieved from /home/airflow/.local/lib/python3.12/site-packages/airflow/example_dags/tutorial_taskflow_api_virtualenv.py
[2025-10-17T03:52:47.984+0000] {logging_mixin.py:188} INFO - [2025-10-17T03:52:47.984+0000] {dag.py:3096} INFO - Sync 1 DAGs
[2025-10-17T03:52:47.997+0000] {logging_mixin.py:188} INFO - [2025-10-17T03:52:47.997+0000] {dag.py:3954} INFO - Setting next_dagrun for tutorial_taskflow_api_virtualenv to None, run_after=None
[2025-10-17T03:52:48.017+0000] {processor.py:183} INFO - Processing /home/airflow/.local/lib/python3.12/site-packages/airflow/example_dags/tutorial_taskflow_api_virtualenv.py took 0.084 seconds
[2025-10-17T03:53:18.319+0000] {processor.py:161} INFO - Started process (PID=6795) to work on /home/airflow/.local/lib/python3.12/site-packages/airflow/example_dags/tutorial_taskflow_api_virtualenv.py
[2025-10-17T03:53:18.320+0000] {processor.py:830} INFO - Processing file /home/airflow/.local/lib/python3.12/site-packages/airflow/example_dags/tutorial_taskflow_api_virtualenv.py for tasks to queue
[2025-10-17T03:53:18.322+0000] {logging_mixin.py:188} INFO - [2025-10-17T03:53:18.322+0000] {dagbag.py:545} INFO - Filling up the DagBag from /home/airflow/.local/lib/python3.12/site-packages/airflow/example_dags/tutorial_taskflow_api_virtualenv.py
[2025-10-17T03:53:18.332+0000] {processor.py:840} INFO - DAG(s) 'tutorial_taskflow_api_virtualenv' retrieved from /home/airflow/.local/lib/python3.12/site-packages/airflow/example_dags/tutorial_taskflow_api_virtualenv.py
[2025-10-17T03:53:18.350+0000] {logging_mixin.py:188} INFO - [2025-10-17T03:53:18.350+0000] {dag.py:3096} INFO - Sync 1 DAGs
[2025-10-17T03:53:18.361+0000] {logging_mixin.py:188} INFO - [2025-10-17T03:53:18.360+0000] {dag.py:3954} INFO - Setting next_dagrun for tutorial_taskflow_api_virtualenv to None, run_after=None
[2025-10-17T03:53:18.380+0000] {processor.py:183} INFO - Processing /home/airflow/.local/lib/python3.12/site-packages/airflow/example_dags/tutorial_taskflow_api_virtualenv.py took 0.066 seconds
[2025-10-17T03:53:48.659+0000] {processor.py:161} INFO - Started process (PID=6854) to work on /home/airflow/.local/lib/python3.12/site-packages/airflow/example_dags/tutorial_taskflow_api_virtualenv.py
[2025-10-17T03:53:48.660+0000] {processor.py:830} INFO - Processing file /home/airflow/.local/lib/python3.12/site-packages/airflow/example_dags/tutorial_taskflow_api_virtualenv.py for tasks to queue
[2025-10-17T03:53:48.662+0000] {logging_mixin.py:188} INFO - [2025-10-17T03:53:48.662+0000] {dagbag.py:545} INFO - Filling up the DagBag from /home/airflow/.local/lib/python3.12/site-packages/airflow/example_dags/tutorial_taskflow_api_virtualenv.py
[2025-10-17T03:53:48.671+0000] {processor.py:840} INFO - DAG(s) 'tutorial_taskflow_api_virtualenv' retrieved from /home/airflow/.local/lib/python3.12/site-packages/airflow/example_dags/tutorial_taskflow_api_virtualenv.py
[2025-10-17T03:53:48.688+0000] {logging_mixin.py:188} INFO - [2025-10-17T03:53:48.688+0000] {dag.py:3096} INFO - Sync 1 DAGs
[2025-10-17T03:53:48.699+0000] {logging_mixin.py:188} INFO - [2025-10-17T03:53:48.698+0000] {dag.py:3954} INFO - Setting next_dagrun for tutorial_taskflow_api_virtualenv to None, run_after=None
[2025-10-17T03:53:48.718+0000] {processor.py:183} INFO - Processing /home/airflow/.local/lib/python3.12/site-packages/airflow/example_dags/tutorial_taskflow_api_virtualenv.py took 0.064 seconds
[2025-10-17T03:54:18.993+0000] {processor.py:161} INFO - Started process (PID=6913) to work on /home/airflow/.local/lib/python3.12/site-packages/airflow/example_dags/tutorial_taskflow_api_virtualenv.py
[2025-10-17T03:54:18.995+0000] {processor.py:830} INFO - Processing file /home/airflow/.local/lib/python3.12/site-packages/airflow/example_dags/tutorial_taskflow_api_virtualenv.py for tasks to queue
[2025-10-17T03:54:18.996+0000] {logging_mixin.py:188} INFO - [2025-10-17T03:54:18.996+0000] {dagbag.py:545} INFO - Filling up the DagBag from /home/airflow/.local/lib/python3.12/site-packages/airflow/example_dags/tutorial_taskflow_api_virtualenv.py
[2025-10-17T03:54:19.006+0000] {processor.py:840} INFO - DAG(s) 'tutorial_taskflow_api_virtualenv' retrieved from /home/airflow/.local/lib/python3.12/site-packages/airflow/example_dags/tutorial_taskflow_api_virtualenv.py
[2025-10-17T03:54:19.026+0000] {logging_mixin.py:188} INFO - [2025-10-17T03:54:19.026+0000] {dag.py:3096} INFO - Sync 1 DAGs
[2025-10-17T03:54:19.037+0000] {logging_mixin.py:188} INFO - [2025-10-17T03:54:19.037+0000] {dag.py:3954} INFO - Setting next_dagrun for tutorial_taskflow_api_virtualenv to None, run_after=None
[2025-10-17T03:54:19.057+0000] {processor.py:183} INFO - Processing /home/airflow/.local/lib/python3.12/site-packages/airflow/example_dags/tutorial_taskflow_api_virtualenv.py took 0.069 seconds
[2025-10-17T03:54:49.148+0000] {processor.py:161} INFO - Started process (PID=6972) to work on /home/airflow/.local/lib/python3.12/site-packages/airflow/example_dags/tutorial_taskflow_api_virtualenv.py
[2025-10-17T03:54:49.149+0000] {processor.py:830} INFO - Processing file /home/airflow/.local/lib/python3.12/site-packages/airflow/example_dags/tutorial_taskflow_api_virtualenv.py for tasks to queue
[2025-10-17T03:54:49.151+0000] {logging_mixin.py:188} INFO - [2025-10-17T03:54:49.151+0000] {dagbag.py:545} INFO - Filling up the DagBag from /home/airflow/.local/lib/python3.12/site-packages/airflow/example_dags/tutorial_taskflow_api_virtualenv.py
[2025-10-17T03:54:49.161+0000] {processor.py:840} INFO - DAG(s) 'tutorial_taskflow_api_virtualenv' retrieved from /home/airflow/.local/lib/python3.12/site-packages/airflow/example_dags/tutorial_taskflow_api_virtualenv.py
[2025-10-17T03:54:49.180+0000] {logging_mixin.py:188} INFO - [2025-10-17T03:54:49.180+0000] {dag.py:3096} INFO - Sync 1 DAGs
[2025-10-17T03:54:49.191+0000] {logging_mixin.py:188} INFO - [2025-10-17T03:54:49.191+0000] {dag.py:3954} INFO - Setting next_dagrun for tutorial_taskflow_api_virtualenv to None, run_after=None
[2025-10-17T03:54:49.211+0000] {processor.py:183} INFO - Processing /home/airflow/.local/lib/python3.12/site-packages/airflow/example_dags/tutorial_taskflow_api_virtualenv.py took 0.069 seconds
[2025-10-17T03:55:19.301+0000] {processor.py:161} INFO - Started process (PID=7031) to work on /home/airflow/.local/lib/python3.12/site-packages/airflow/example_dags/tutorial_taskflow_api_virtualenv.py
[2025-10-17T03:55:19.303+0000] {processor.py:830} INFO - Processing file /home/airflow/.local/lib/python3.12/site-packages/airflow/example_dags/tutorial_taskflow_api_virtualenv.py for tasks to queue
[2025-10-17T03:55:19.305+0000] {logging_mixin.py:188} INFO - [2025-10-17T03:55:19.305+0000] {dagbag.py:545} INFO - Filling up the DagBag from /home/airflow/.local/lib/python3.12/site-packages/airflow/example_dags/tutorial_taskflow_api_virtualenv.py
[2025-10-17T03:55:19.315+0000] {processor.py:840} INFO - DAG(s) 'tutorial_taskflow_api_virtualenv' retrieved from /home/airflow/.local/lib/python3.12/site-packages/airflow/example_dags/tutorial_taskflow_api_virtualenv.py
[2025-10-17T03:55:19.337+0000] {logging_mixin.py:188} INFO - [2025-10-17T03:55:19.337+0000] {dag.py:3096} INFO - Sync 1 DAGs
[2025-10-17T03:55:19.350+0000] {logging_mixin.py:188} INFO - [2025-10-17T03:55:19.350+0000] {dag.py:3954} INFO - Setting next_dagrun for tutorial_taskflow_api_virtualenv to None, run_after=None
[2025-10-17T03:55:19.374+0000] {processor.py:183} INFO - Processing /home/airflow/.local/lib/python3.12/site-packages/airflow/example_dags/tutorial_taskflow_api_virtualenv.py took 0.077 seconds
[2025-10-17T03:55:49.601+0000] {processor.py:161} INFO - Started process (PID=7090) to work on /home/airflow/.local/lib/python3.12/site-packages/airflow/example_dags/tutorial_taskflow_api_virtualenv.py
[2025-10-17T03:55:49.602+0000] {processor.py:830} INFO - Processing file /home/airflow/.local/lib/python3.12/site-packages/airflow/example_dags/tutorial_taskflow_api_virtualenv.py for tasks to queue
[2025-10-17T03:55:49.605+0000] {logging_mixin.py:188} INFO - [2025-10-17T03:55:49.604+0000] {dagbag.py:545} INFO - Filling up the DagBag from /home/airflow/.local/lib/python3.12/site-packages/airflow/example_dags/tutorial_taskflow_api_virtualenv.py
[2025-10-17T03:55:49.616+0000] {processor.py:840} INFO - DAG(s) 'tutorial_taskflow_api_virtualenv' retrieved from /home/airflow/.local/lib/python3.12/site-packages/airflow/example_dags/tutorial_taskflow_api_virtualenv.py
[2025-10-17T03:55:49.633+0000] {logging_mixin.py:188} INFO - [2025-10-17T03:55:49.633+0000] {dag.py:3096} INFO - Sync 1 DAGs
[2025-10-17T03:55:49.645+0000] {logging_mixin.py:188} INFO - [2025-10-17T03:55:49.645+0000] {dag.py:3954} INFO - Setting next_dagrun for tutorial_taskflow_api_virtualenv to None, run_after=None
[2025-10-17T03:55:49.665+0000] {processor.py:183} INFO - Processing /home/airflow/.local/lib/python3.12/site-packages/airflow/example_dags/tutorial_taskflow_api_virtualenv.py took 0.070 seconds
[2025-10-17T03:56:19.836+0000] {processor.py:161} INFO - Started process (PID=7149) to work on /home/airflow/.local/lib/python3.12/site-packages/airflow/example_dags/tutorial_taskflow_api_virtualenv.py
[2025-10-17T03:56:19.838+0000] {processor.py:830} INFO - Processing file /home/airflow/.local/lib/python3.12/site-packages/airflow/example_dags/tutorial_taskflow_api_virtualenv.py for tasks to queue
[2025-10-17T03:56:19.840+0000] {logging_mixin.py:188} INFO - [2025-10-17T03:56:19.840+0000] {dagbag.py:545} INFO - Filling up the DagBag from /home/airflow/.local/lib/python3.12/site-packages/airflow/example_dags/tutorial_taskflow_api_virtualenv.py
[2025-10-17T03:56:19.853+0000] {processor.py:840} INFO - DAG(s) 'tutorial_taskflow_api_virtualenv' retrieved from /home/airflow/.local/lib/python3.12/site-packages/airflow/example_dags/tutorial_taskflow_api_virtualenv.py
[2025-10-17T03:56:19.873+0000] {logging_mixin.py:188} INFO - [2025-10-17T03:56:19.873+0000] {dag.py:3096} INFO - Sync 1 DAGs
[2025-10-17T03:56:19.886+0000] {logging_mixin.py:188} INFO - [2025-10-17T03:56:19.885+0000] {dag.py:3954} INFO - Setting next_dagrun for tutorial_taskflow_api_virtualenv to None, run_after=None
[2025-10-17T03:56:19.908+0000] {processor.py:183} INFO - Processing /home/airflow/.local/lib/python3.12/site-packages/airflow/example_dags/tutorial_taskflow_api_virtualenv.py took 0.077 seconds
[2025-10-17T03:56:50.045+0000] {processor.py:161} INFO - Started process (PID=7208) to work on /home/airflow/.local/lib/python3.12/site-packages/airflow/example_dags/tutorial_taskflow_api_virtualenv.py
[2025-10-17T03:56:50.046+0000] {processor.py:830} INFO - Processing file /home/airflow/.local/lib/python3.12/site-packages/airflow/example_dags/tutorial_taskflow_api_virtualenv.py for tasks to queue
[2025-10-17T03:56:50.048+0000] {logging_mixin.py:188} INFO - [2025-10-17T03:56:50.048+0000] {dagbag.py:545} INFO - Filling up the DagBag from /home/airflow/.local/lib/python3.12/site-packages/airflow/example_dags/tutorial_taskflow_api_virtualenv.py
[2025-10-17T03:56:50.059+0000] {processor.py:840} INFO - DAG(s) 'tutorial_taskflow_api_virtualenv' retrieved from /home/airflow/.local/lib/python3.12/site-packages/airflow/example_dags/tutorial_taskflow_api_virtualenv.py
[2025-10-17T03:56:50.077+0000] {logging_mixin.py:188} INFO - [2025-10-17T03:56:50.077+0000] {dag.py:3096} INFO - Sync 1 DAGs
[2025-10-17T03:56:50.089+0000] {logging_mixin.py:188} INFO - [2025-10-17T03:56:50.088+0000] {dag.py:3954} INFO - Setting next_dagrun for tutorial_taskflow_api_virtualenv to None, run_after=None
[2025-10-17T03:56:50.107+0000] {processor.py:183} INFO - Processing /home/airflow/.local/lib/python3.12/site-packages/airflow/example_dags/tutorial_taskflow_api_virtualenv.py took 0.067 seconds
[2025-10-17T03:57:20.197+0000] {processor.py:161} INFO - Started process (PID=7267) to work on /home/airflow/.local/lib/python3.12/site-packages/airflow/example_dags/tutorial_taskflow_api_virtualenv.py
[2025-10-17T03:57:20.198+0000] {processor.py:830} INFO - Processing file /home/airflow/.local/lib/python3.12/site-packages/airflow/example_dags/tutorial_taskflow_api_virtualenv.py for tasks to queue
[2025-10-17T03:57:20.199+0000] {logging_mixin.py:188} INFO - [2025-10-17T03:57:20.199+0000] {dagbag.py:545} INFO - Filling up the DagBag from /home/airflow/.local/lib/python3.12/site-packages/airflow/example_dags/tutorial_taskflow_api_virtualenv.py
[2025-10-17T03:57:20.209+0000] {processor.py:840} INFO - DAG(s) 'tutorial_taskflow_api_virtualenv' retrieved from /home/airflow/.local/lib/python3.12/site-packages/airflow/example_dags/tutorial_taskflow_api_virtualenv.py
[2025-10-17T03:57:20.226+0000] {logging_mixin.py:188} INFO - [2025-10-17T03:57:20.225+0000] {dag.py:3096} INFO - Sync 1 DAGs
[2025-10-17T03:57:20.236+0000] {logging_mixin.py:188} INFO - [2025-10-17T03:57:20.236+0000] {dag.py:3954} INFO - Setting next_dagrun for tutorial_taskflow_api_virtualenv to None, run_after=None
[2025-10-17T03:57:20.255+0000] {processor.py:183} INFO - Processing /home/airflow/.local/lib/python3.12/site-packages/airflow/example_dags/tutorial_taskflow_api_virtualenv.py took 0.064 seconds
[2025-10-17T03:57:50.614+0000] {processor.py:161} INFO - Started process (PID=7332) to work on /home/airflow/.local/lib/python3.12/site-packages/airflow/example_dags/tutorial_taskflow_api_virtualenv.py
[2025-10-17T03:57:50.615+0000] {processor.py:830} INFO - Processing file /home/airflow/.local/lib/python3.12/site-packages/airflow/example_dags/tutorial_taskflow_api_virtualenv.py for tasks to queue
[2025-10-17T03:57:50.617+0000] {logging_mixin.py:188} INFO - [2025-10-17T03:57:50.617+0000] {dagbag.py:545} INFO - Filling up the DagBag from /home/airflow/.local/lib/python3.12/site-packages/airflow/example_dags/tutorial_taskflow_api_virtualenv.py
[2025-10-17T03:57:50.628+0000] {processor.py:840} INFO - DAG(s) 'tutorial_taskflow_api_virtualenv' retrieved from /home/airflow/.local/lib/python3.12/site-packages/airflow/example_dags/tutorial_taskflow_api_virtualenv.py
[2025-10-17T03:57:50.646+0000] {logging_mixin.py:188} INFO - [2025-10-17T03:57:50.646+0000] {dag.py:3096} INFO - Sync 1 DAGs
[2025-10-17T03:57:50.657+0000] {logging_mixin.py:188} INFO - [2025-10-17T03:57:50.657+0000] {dag.py:3954} INFO - Setting next_dagrun for tutorial_taskflow_api_virtualenv to None, run_after=None
[2025-10-17T03:57:50.675+0000] {processor.py:183} INFO - Processing /home/airflow/.local/lib/python3.12/site-packages/airflow/example_dags/tutorial_taskflow_api_virtualenv.py took 0.066 seconds
[2025-10-17T03:58:21.371+0000] {processor.py:161} INFO - Started process (PID=7391) to work on /home/airflow/.local/lib/python3.12/site-packages/airflow/example_dags/tutorial_taskflow_api_virtualenv.py
[2025-10-17T03:58:21.377+0000] {processor.py:830} INFO - Processing file /home/airflow/.local/lib/python3.12/site-packages/airflow/example_dags/tutorial_taskflow_api_virtualenv.py for tasks to queue
[2025-10-17T03:58:21.382+0000] {logging_mixin.py:188} INFO - [2025-10-17T03:58:21.381+0000] {dagbag.py:545} INFO - Filling up the DagBag from /home/airflow/.local/lib/python3.12/site-packages/airflow/example_dags/tutorial_taskflow_api_virtualenv.py
[2025-10-17T03:58:21.453+0000] {processor.py:840} INFO - DAG(s) 'tutorial_taskflow_api_virtualenv' retrieved from /home/airflow/.local/lib/python3.12/site-packages/airflow/example_dags/tutorial_taskflow_api_virtualenv.py
[2025-10-17T03:58:21.544+0000] {logging_mixin.py:188} INFO - [2025-10-17T03:58:21.543+0000] {dag.py:3096} INFO - Sync 1 DAGs
[2025-10-17T03:58:21.586+0000] {logging_mixin.py:188} INFO - [2025-10-17T03:58:21.586+0000] {dag.py:3954} INFO - Setting next_dagrun for tutorial_taskflow_api_virtualenv to None, run_after=None
[2025-10-17T03:58:21.637+0000] {processor.py:183} INFO - Processing /home/airflow/.local/lib/python3.12/site-packages/airflow/example_dags/tutorial_taskflow_api_virtualenv.py took 0.288 seconds
[2025-10-17T03:58:51.944+0000] {processor.py:161} INFO - Started process (PID=7451) to work on /home/airflow/.local/lib/python3.12/site-packages/airflow/example_dags/tutorial_taskflow_api_virtualenv.py
[2025-10-17T03:58:51.945+0000] {processor.py:830} INFO - Processing file /home/airflow/.local/lib/python3.12/site-packages/airflow/example_dags/tutorial_taskflow_api_virtualenv.py for tasks to queue
[2025-10-17T03:58:51.948+0000] {logging_mixin.py:188} INFO - [2025-10-17T03:58:51.948+0000] {dagbag.py:545} INFO - Filling up the DagBag from /home/airflow/.local/lib/python3.12/site-packages/airflow/example_dags/tutorial_taskflow_api_virtualenv.py
[2025-10-17T03:58:51.969+0000] {processor.py:840} INFO - DAG(s) 'tutorial_taskflow_api_virtualenv' retrieved from /home/airflow/.local/lib/python3.12/site-packages/airflow/example_dags/tutorial_taskflow_api_virtualenv.py
[2025-10-17T03:58:51.987+0000] {logging_mixin.py:188} INFO - [2025-10-17T03:58:51.986+0000] {dag.py:3096} INFO - Sync 1 DAGs
[2025-10-17T03:58:52.007+0000] {logging_mixin.py:188} INFO - [2025-10-17T03:58:52.006+0000] {dag.py:3954} INFO - Setting next_dagrun for tutorial_taskflow_api_virtualenv to None, run_after=None
[2025-10-17T03:58:52.045+0000] {processor.py:183} INFO - Processing /home/airflow/.local/lib/python3.12/site-packages/airflow/example_dags/tutorial_taskflow_api_virtualenv.py took 0.110 seconds
[2025-10-17T03:59:22.417+0000] {processor.py:161} INFO - Started process (PID=7510) to work on /home/airflow/.local/lib/python3.12/site-packages/airflow/example_dags/tutorial_taskflow_api_virtualenv.py
[2025-10-17T03:59:22.418+0000] {processor.py:830} INFO - Processing file /home/airflow/.local/lib/python3.12/site-packages/airflow/example_dags/tutorial_taskflow_api_virtualenv.py for tasks to queue
[2025-10-17T03:59:22.420+0000] {logging_mixin.py:188} INFO - [2025-10-17T03:59:22.420+0000] {dagbag.py:545} INFO - Filling up the DagBag from /home/airflow/.local/lib/python3.12/site-packages/airflow/example_dags/tutorial_taskflow_api_virtualenv.py
[2025-10-17T03:59:22.431+0000] {processor.py:840} INFO - DAG(s) 'tutorial_taskflow_api_virtualenv' retrieved from /home/airflow/.local/lib/python3.12/site-packages/airflow/example_dags/tutorial_taskflow_api_virtualenv.py
[2025-10-17T03:59:22.523+0000] {logging_mixin.py:188} INFO - [2025-10-17T03:59:22.522+0000] {dag.py:3096} INFO - Sync 1 DAGs
[2025-10-17T03:59:22.534+0000] {logging_mixin.py:188} INFO - [2025-10-17T03:59:22.534+0000] {dag.py:3954} INFO - Setting next_dagrun for tutorial_taskflow_api_virtualenv to None, run_after=None
[2025-10-17T03:59:22.558+0000] {processor.py:183} INFO - Processing /home/airflow/.local/lib/python3.12/site-packages/airflow/example_dags/tutorial_taskflow_api_virtualenv.py took 0.146 seconds
[2025-10-17T03:59:52.870+0000] {processor.py:161} INFO - Started process (PID=7570) to work on /home/airflow/.local/lib/python3.12/site-packages/airflow/example_dags/tutorial_taskflow_api_virtualenv.py
[2025-10-17T03:59:52.871+0000] {processor.py:830} INFO - Processing file /home/airflow/.local/lib/python3.12/site-packages/airflow/example_dags/tutorial_taskflow_api_virtualenv.py for tasks to queue
[2025-10-17T03:59:52.874+0000] {logging_mixin.py:188} INFO - [2025-10-17T03:59:52.873+0000] {dagbag.py:545} INFO - Filling up the DagBag from /home/airflow/.local/lib/python3.12/site-packages/airflow/example_dags/tutorial_taskflow_api_virtualenv.py
[2025-10-17T03:59:52.883+0000] {processor.py:840} INFO - DAG(s) 'tutorial_taskflow_api_virtualenv' retrieved from /home/airflow/.local/lib/python3.12/site-packages/airflow/example_dags/tutorial_taskflow_api_virtualenv.py
[2025-10-17T03:59:52.903+0000] {logging_mixin.py:188} INFO - [2025-10-17T03:59:52.902+0000] {dag.py:3096} INFO - Sync 1 DAGs
[2025-10-17T03:59:52.913+0000] {logging_mixin.py:188} INFO - [2025-10-17T03:59:52.913+0000] {dag.py:3954} INFO - Setting next_dagrun for tutorial_taskflow_api_virtualenv to None, run_after=None
[2025-10-17T03:59:52.934+0000] {processor.py:183} INFO - Processing /home/airflow/.local/lib/python3.12/site-packages/airflow/example_dags/tutorial_taskflow_api_virtualenv.py took 0.070 seconds
[2025-10-17T04:00:23.261+0000] {processor.py:161} INFO - Started process (PID=7629) to work on /home/airflow/.local/lib/python3.12/site-packages/airflow/example_dags/tutorial_taskflow_api_virtualenv.py
[2025-10-17T04:00:23.263+0000] {processor.py:830} INFO - Processing file /home/airflow/.local/lib/python3.12/site-packages/airflow/example_dags/tutorial_taskflow_api_virtualenv.py for tasks to queue
[2025-10-17T04:00:23.265+0000] {logging_mixin.py:188} INFO - [2025-10-17T04:00:23.264+0000] {dagbag.py:545} INFO - Filling up the DagBag from /home/airflow/.local/lib/python3.12/site-packages/airflow/example_dags/tutorial_taskflow_api_virtualenv.py
[2025-10-17T04:00:23.277+0000] {processor.py:840} INFO - DAG(s) 'tutorial_taskflow_api_virtualenv' retrieved from /home/airflow/.local/lib/python3.12/site-packages/airflow/example_dags/tutorial_taskflow_api_virtualenv.py
[2025-10-17T04:00:23.295+0000] {logging_mixin.py:188} INFO - [2025-10-17T04:00:23.295+0000] {dag.py:3096} INFO - Sync 1 DAGs
[2025-10-17T04:00:23.306+0000] {logging_mixin.py:188} INFO - [2025-10-17T04:00:23.305+0000] {dag.py:3954} INFO - Setting next_dagrun for tutorial_taskflow_api_virtualenv to None, run_after=None
[2025-10-17T04:00:23.324+0000] {processor.py:183} INFO - Processing /home/airflow/.local/lib/python3.12/site-packages/airflow/example_dags/tutorial_taskflow_api_virtualenv.py took 0.070 seconds
[2025-10-17T04:00:53.531+0000] {processor.py:161} INFO - Started process (PID=7688) to work on /home/airflow/.local/lib/python3.12/site-packages/airflow/example_dags/tutorial_taskflow_api_virtualenv.py
[2025-10-17T04:00:53.532+0000] {processor.py:830} INFO - Processing file /home/airflow/.local/lib/python3.12/site-packages/airflow/example_dags/tutorial_taskflow_api_virtualenv.py for tasks to queue
[2025-10-17T04:00:53.534+0000] {logging_mixin.py:188} INFO - [2025-10-17T04:00:53.534+0000] {dagbag.py:545} INFO - Filling up the DagBag from /home/airflow/.local/lib/python3.12/site-packages/airflow/example_dags/tutorial_taskflow_api_virtualenv.py
[2025-10-17T04:00:53.545+0000] {processor.py:840} INFO - DAG(s) 'tutorial_taskflow_api_virtualenv' retrieved from /home/airflow/.local/lib/python3.12/site-packages/airflow/example_dags/tutorial_taskflow_api_virtualenv.py
[2025-10-17T04:00:53.562+0000] {logging_mixin.py:188} INFO - [2025-10-17T04:00:53.562+0000] {dag.py:3096} INFO - Sync 1 DAGs
[2025-10-17T04:00:53.573+0000] {logging_mixin.py:188} INFO - [2025-10-17T04:00:53.573+0000] {dag.py:3954} INFO - Setting next_dagrun for tutorial_taskflow_api_virtualenv to None, run_after=None
[2025-10-17T04:00:53.592+0000] {processor.py:183} INFO - Processing /home/airflow/.local/lib/python3.12/site-packages/airflow/example_dags/tutorial_taskflow_api_virtualenv.py took 0.066 seconds
