[2025-10-17T02:55:06.264+0000] {processor.py:161} INFO - Started process (PID=52) to work on /home/airflow/.local/lib/python3.12/site-packages/airflow/example_dags/tutorial_dag.py
[2025-10-17T02:55:06.266+0000] {processor.py:830} INFO - Processing file /home/airflow/.local/lib/python3.12/site-packages/airflow/example_dags/tutorial_dag.py for tasks to queue
[2025-10-17T02:55:06.270+0000] {logging_mixin.py:188} INFO - [2025-10-17T02:55:06.269+0000] {dagbag.py:545} INFO - Filling up the DagBag from /home/airflow/.local/lib/python3.12/site-packages/airflow/example_dags/tutorial_dag.py
[2025-10-17T02:55:06.292+0000] {processor.py:840} INFO - DAG(s) 'tutorial_dag' retrieved from /home/airflow/.local/lib/python3.12/site-packages/airflow/example_dags/tutorial_dag.py
[2025-10-17T02:55:06.723+0000] {logging_mixin.py:188} INFO - [2025-10-17T02:55:06.722+0000] {override.py:1829} INFO - Created Permission View: can read on DAG:tutorial_dag
[2025-10-17T02:55:06.747+0000] {logging_mixin.py:188} INFO - [2025-10-17T02:55:06.747+0000] {override.py:1829} INFO - Created Permission View: can delete on DAG:tutorial_dag
[2025-10-17T02:55:06.759+0000] {logging_mixin.py:188} INFO - [2025-10-17T02:55:06.759+0000] {override.py:1829} INFO - Created Permission View: can edit on DAG:tutorial_dag
[2025-10-17T02:55:06.761+0000] {logging_mixin.py:188} INFO - [2025-10-17T02:55:06.760+0000] {dag.py:3096} INFO - Sync 1 DAGs
[2025-10-17T02:55:06.787+0000] {logging_mixin.py:188} INFO - [2025-10-17T02:55:06.787+0000] {dag.py:3118} INFO - Creating ORM DAG for tutorial_dag
[2025-10-17T02:55:06.789+0000] {logging_mixin.py:188} INFO - [2025-10-17T02:55:06.789+0000] {dag.py:3954} INFO - Setting next_dagrun for tutorial_dag to None, run_after=None
[2025-10-17T02:55:06.821+0000] {processor.py:183} INFO - Processing /home/airflow/.local/lib/python3.12/site-packages/airflow/example_dags/tutorial_dag.py took 0.572 seconds
[2025-10-17T02:55:37.129+0000] {processor.py:161} INFO - Started process (PID=116) to work on /home/airflow/.local/lib/python3.12/site-packages/airflow/example_dags/tutorial_dag.py
[2025-10-17T02:55:37.130+0000] {processor.py:830} INFO - Processing file /home/airflow/.local/lib/python3.12/site-packages/airflow/example_dags/tutorial_dag.py for tasks to queue
[2025-10-17T02:55:37.132+0000] {logging_mixin.py:188} INFO - [2025-10-17T02:55:37.132+0000] {dagbag.py:545} INFO - Filling up the DagBag from /home/airflow/.local/lib/python3.12/site-packages/airflow/example_dags/tutorial_dag.py
[2025-10-17T02:55:37.139+0000] {processor.py:840} INFO - DAG(s) 'tutorial_dag' retrieved from /home/airflow/.local/lib/python3.12/site-packages/airflow/example_dags/tutorial_dag.py
[2025-10-17T02:55:37.161+0000] {logging_mixin.py:188} INFO - [2025-10-17T02:55:37.160+0000] {dag.py:3096} INFO - Sync 1 DAGs
[2025-10-17T02:55:37.173+0000] {logging_mixin.py:188} INFO - [2025-10-17T02:55:37.173+0000] {dag.py:3954} INFO - Setting next_dagrun for tutorial_dag to None, run_after=None
[2025-10-17T02:55:37.199+0000] {processor.py:183} INFO - Processing /home/airflow/.local/lib/python3.12/site-packages/airflow/example_dags/tutorial_dag.py took 0.076 seconds
[2025-10-17T02:56:07.529+0000] {processor.py:161} INFO - Started process (PID=175) to work on /home/airflow/.local/lib/python3.12/site-packages/airflow/example_dags/tutorial_dag.py
[2025-10-17T02:56:07.534+0000] {processor.py:830} INFO - Processing file /home/airflow/.local/lib/python3.12/site-packages/airflow/example_dags/tutorial_dag.py for tasks to queue
[2025-10-17T02:56:07.543+0000] {logging_mixin.py:188} INFO - [2025-10-17T02:56:07.538+0000] {dagbag.py:545} INFO - Filling up the DagBag from /home/airflow/.local/lib/python3.12/site-packages/airflow/example_dags/tutorial_dag.py
[2025-10-17T02:56:07.562+0000] {processor.py:840} INFO - DAG(s) 'tutorial_dag' retrieved from /home/airflow/.local/lib/python3.12/site-packages/airflow/example_dags/tutorial_dag.py
[2025-10-17T02:56:07.647+0000] {logging_mixin.py:188} INFO - [2025-10-17T02:56:07.646+0000] {dag.py:3096} INFO - Sync 1 DAGs
[2025-10-17T02:56:07.725+0000] {logging_mixin.py:188} INFO - [2025-10-17T02:56:07.724+0000] {dag.py:3954} INFO - Setting next_dagrun for tutorial_dag to None, run_after=None
[2025-10-17T02:56:07.849+0000] {processor.py:183} INFO - Processing /home/airflow/.local/lib/python3.12/site-packages/airflow/example_dags/tutorial_dag.py took 0.339 seconds
[2025-10-17T02:56:37.916+0000] {processor.py:161} INFO - Started process (PID=233) to work on /home/airflow/.local/lib/python3.12/site-packages/airflow/example_dags/tutorial_dag.py
[2025-10-17T02:56:37.917+0000] {processor.py:830} INFO - Processing file /home/airflow/.local/lib/python3.12/site-packages/airflow/example_dags/tutorial_dag.py for tasks to queue
[2025-10-17T02:56:37.920+0000] {logging_mixin.py:188} INFO - [2025-10-17T02:56:37.919+0000] {dagbag.py:545} INFO - Filling up the DagBag from /home/airflow/.local/lib/python3.12/site-packages/airflow/example_dags/tutorial_dag.py
[2025-10-17T02:56:37.928+0000] {processor.py:840} INFO - DAG(s) 'tutorial_dag' retrieved from /home/airflow/.local/lib/python3.12/site-packages/airflow/example_dags/tutorial_dag.py
[2025-10-17T02:56:37.964+0000] {logging_mixin.py:188} INFO - [2025-10-17T02:56:37.964+0000] {dag.py:3096} INFO - Sync 1 DAGs
[2025-10-17T02:56:37.986+0000] {logging_mixin.py:188} INFO - [2025-10-17T02:56:37.986+0000] {dag.py:3954} INFO - Setting next_dagrun for tutorial_dag to None, run_after=None
[2025-10-17T02:56:38.012+0000] {processor.py:183} INFO - Processing /home/airflow/.local/lib/python3.12/site-packages/airflow/example_dags/tutorial_dag.py took 0.103 seconds
[2025-10-17T02:57:08.621+0000] {processor.py:161} INFO - Started process (PID=293) to work on /home/airflow/.local/lib/python3.12/site-packages/airflow/example_dags/tutorial_dag.py
[2025-10-17T02:57:08.621+0000] {processor.py:830} INFO - Processing file /home/airflow/.local/lib/python3.12/site-packages/airflow/example_dags/tutorial_dag.py for tasks to queue
[2025-10-17T02:57:08.623+0000] {logging_mixin.py:188} INFO - [2025-10-17T02:57:08.623+0000] {dagbag.py:545} INFO - Filling up the DagBag from /home/airflow/.local/lib/python3.12/site-packages/airflow/example_dags/tutorial_dag.py
[2025-10-17T02:57:08.628+0000] {processor.py:840} INFO - DAG(s) 'tutorial_dag' retrieved from /home/airflow/.local/lib/python3.12/site-packages/airflow/example_dags/tutorial_dag.py
[2025-10-17T02:57:08.646+0000] {logging_mixin.py:188} INFO - [2025-10-17T02:57:08.645+0000] {dag.py:3096} INFO - Sync 1 DAGs
[2025-10-17T02:57:08.655+0000] {logging_mixin.py:188} INFO - [2025-10-17T02:57:08.655+0000] {dag.py:3954} INFO - Setting next_dagrun for tutorial_dag to None, run_after=None
[2025-10-17T02:57:08.673+0000] {processor.py:183} INFO - Processing /home/airflow/.local/lib/python3.12/site-packages/airflow/example_dags/tutorial_dag.py took 0.057 seconds
[2025-10-17T02:57:38.752+0000] {processor.py:161} INFO - Started process (PID=346) to work on /home/airflow/.local/lib/python3.12/site-packages/airflow/example_dags/tutorial_dag.py
[2025-10-17T02:57:38.753+0000] {processor.py:830} INFO - Processing file /home/airflow/.local/lib/python3.12/site-packages/airflow/example_dags/tutorial_dag.py for tasks to queue
[2025-10-17T02:57:38.755+0000] {logging_mixin.py:188} INFO - [2025-10-17T02:57:38.754+0000] {dagbag.py:545} INFO - Filling up the DagBag from /home/airflow/.local/lib/python3.12/site-packages/airflow/example_dags/tutorial_dag.py
[2025-10-17T02:57:38.759+0000] {processor.py:840} INFO - DAG(s) 'tutorial_dag' retrieved from /home/airflow/.local/lib/python3.12/site-packages/airflow/example_dags/tutorial_dag.py
[2025-10-17T02:57:38.775+0000] {logging_mixin.py:188} INFO - [2025-10-17T02:57:38.774+0000] {dag.py:3096} INFO - Sync 1 DAGs
[2025-10-17T02:57:38.785+0000] {logging_mixin.py:188} INFO - [2025-10-17T02:57:38.785+0000] {dag.py:3954} INFO - Setting next_dagrun for tutorial_dag to None, run_after=None
[2025-10-17T02:57:38.803+0000] {processor.py:183} INFO - Processing /home/airflow/.local/lib/python3.12/site-packages/airflow/example_dags/tutorial_dag.py took 0.055 seconds
[2025-10-17T02:58:09.136+0000] {processor.py:161} INFO - Started process (PID=405) to work on /home/airflow/.local/lib/python3.12/site-packages/airflow/example_dags/tutorial_dag.py
[2025-10-17T02:58:09.138+0000] {processor.py:830} INFO - Processing file /home/airflow/.local/lib/python3.12/site-packages/airflow/example_dags/tutorial_dag.py for tasks to queue
[2025-10-17T02:58:09.140+0000] {logging_mixin.py:188} INFO - [2025-10-17T02:58:09.140+0000] {dagbag.py:545} INFO - Filling up the DagBag from /home/airflow/.local/lib/python3.12/site-packages/airflow/example_dags/tutorial_dag.py
[2025-10-17T02:58:09.146+0000] {processor.py:840} INFO - DAG(s) 'tutorial_dag' retrieved from /home/airflow/.local/lib/python3.12/site-packages/airflow/example_dags/tutorial_dag.py
[2025-10-17T02:58:09.170+0000] {logging_mixin.py:188} INFO - [2025-10-17T02:58:09.170+0000] {dag.py:3096} INFO - Sync 1 DAGs
[2025-10-17T02:58:09.182+0000] {logging_mixin.py:188} INFO - [2025-10-17T02:58:09.182+0000] {dag.py:3954} INFO - Setting next_dagrun for tutorial_dag to None, run_after=None
[2025-10-17T02:58:09.206+0000] {processor.py:183} INFO - Processing /home/airflow/.local/lib/python3.12/site-packages/airflow/example_dags/tutorial_dag.py took 0.076 seconds
[2025-10-17T02:58:39.643+0000] {processor.py:161} INFO - Started process (PID=464) to work on /home/airflow/.local/lib/python3.12/site-packages/airflow/example_dags/tutorial_dag.py
[2025-10-17T02:58:39.644+0000] {processor.py:830} INFO - Processing file /home/airflow/.local/lib/python3.12/site-packages/airflow/example_dags/tutorial_dag.py for tasks to queue
[2025-10-17T02:58:39.646+0000] {logging_mixin.py:188} INFO - [2025-10-17T02:58:39.645+0000] {dagbag.py:545} INFO - Filling up the DagBag from /home/airflow/.local/lib/python3.12/site-packages/airflow/example_dags/tutorial_dag.py
[2025-10-17T02:58:39.651+0000] {processor.py:840} INFO - DAG(s) 'tutorial_dag' retrieved from /home/airflow/.local/lib/python3.12/site-packages/airflow/example_dags/tutorial_dag.py
[2025-10-17T02:58:39.669+0000] {logging_mixin.py:188} INFO - [2025-10-17T02:58:39.669+0000] {dag.py:3096} INFO - Sync 1 DAGs
[2025-10-17T02:58:39.681+0000] {logging_mixin.py:188} INFO - [2025-10-17T02:58:39.681+0000] {dag.py:3954} INFO - Setting next_dagrun for tutorial_dag to None, run_after=None
[2025-10-17T02:58:39.702+0000] {processor.py:183} INFO - Processing /home/airflow/.local/lib/python3.12/site-packages/airflow/example_dags/tutorial_dag.py took 0.064 seconds
[2025-10-17T02:59:09.781+0000] {processor.py:161} INFO - Started process (PID=523) to work on /home/airflow/.local/lib/python3.12/site-packages/airflow/example_dags/tutorial_dag.py
[2025-10-17T02:59:09.782+0000] {processor.py:830} INFO - Processing file /home/airflow/.local/lib/python3.12/site-packages/airflow/example_dags/tutorial_dag.py for tasks to queue
[2025-10-17T02:59:09.784+0000] {logging_mixin.py:188} INFO - [2025-10-17T02:59:09.784+0000] {dagbag.py:545} INFO - Filling up the DagBag from /home/airflow/.local/lib/python3.12/site-packages/airflow/example_dags/tutorial_dag.py
[2025-10-17T02:59:09.789+0000] {processor.py:840} INFO - DAG(s) 'tutorial_dag' retrieved from /home/airflow/.local/lib/python3.12/site-packages/airflow/example_dags/tutorial_dag.py
[2025-10-17T02:59:09.808+0000] {logging_mixin.py:188} INFO - [2025-10-17T02:59:09.808+0000] {dag.py:3096} INFO - Sync 1 DAGs
[2025-10-17T02:59:09.821+0000] {logging_mixin.py:188} INFO - [2025-10-17T02:59:09.820+0000] {dag.py:3954} INFO - Setting next_dagrun for tutorial_dag to None, run_after=None
[2025-10-17T02:59:09.842+0000] {processor.py:183} INFO - Processing /home/airflow/.local/lib/python3.12/site-packages/airflow/example_dags/tutorial_dag.py took 0.065 seconds
[2025-10-17T02:59:40.163+0000] {processor.py:161} INFO - Started process (PID=582) to work on /home/airflow/.local/lib/python3.12/site-packages/airflow/example_dags/tutorial_dag.py
[2025-10-17T02:59:40.165+0000] {processor.py:830} INFO - Processing file /home/airflow/.local/lib/python3.12/site-packages/airflow/example_dags/tutorial_dag.py for tasks to queue
[2025-10-17T02:59:40.167+0000] {logging_mixin.py:188} INFO - [2025-10-17T02:59:40.167+0000] {dagbag.py:545} INFO - Filling up the DagBag from /home/airflow/.local/lib/python3.12/site-packages/airflow/example_dags/tutorial_dag.py
[2025-10-17T02:59:40.173+0000] {processor.py:840} INFO - DAG(s) 'tutorial_dag' retrieved from /home/airflow/.local/lib/python3.12/site-packages/airflow/example_dags/tutorial_dag.py
[2025-10-17T02:59:40.194+0000] {logging_mixin.py:188} INFO - [2025-10-17T02:59:40.194+0000] {dag.py:3096} INFO - Sync 1 DAGs
[2025-10-17T02:59:40.207+0000] {logging_mixin.py:188} INFO - [2025-10-17T02:59:40.207+0000] {dag.py:3954} INFO - Setting next_dagrun for tutorial_dag to None, run_after=None
[2025-10-17T02:59:40.230+0000] {processor.py:183} INFO - Processing /home/airflow/.local/lib/python3.12/site-packages/airflow/example_dags/tutorial_dag.py took 0.074 seconds
[2025-10-17T03:00:10.304+0000] {processor.py:161} INFO - Started process (PID=641) to work on /home/airflow/.local/lib/python3.12/site-packages/airflow/example_dags/tutorial_dag.py
[2025-10-17T03:00:10.305+0000] {processor.py:830} INFO - Processing file /home/airflow/.local/lib/python3.12/site-packages/airflow/example_dags/tutorial_dag.py for tasks to queue
[2025-10-17T03:00:10.309+0000] {logging_mixin.py:188} INFO - [2025-10-17T03:00:10.308+0000] {dagbag.py:545} INFO - Filling up the DagBag from /home/airflow/.local/lib/python3.12/site-packages/airflow/example_dags/tutorial_dag.py
[2025-10-17T03:00:10.314+0000] {processor.py:840} INFO - DAG(s) 'tutorial_dag' retrieved from /home/airflow/.local/lib/python3.12/site-packages/airflow/example_dags/tutorial_dag.py
[2025-10-17T03:00:10.333+0000] {logging_mixin.py:188} INFO - [2025-10-17T03:00:10.333+0000] {dag.py:3096} INFO - Sync 1 DAGs
[2025-10-17T03:00:10.346+0000] {logging_mixin.py:188} INFO - [2025-10-17T03:00:10.346+0000] {dag.py:3954} INFO - Setting next_dagrun for tutorial_dag to None, run_after=None
[2025-10-17T03:00:10.389+0000] {processor.py:183} INFO - Processing /home/airflow/.local/lib/python3.12/site-packages/airflow/example_dags/tutorial_dag.py took 0.091 seconds
[2025-10-17T03:00:40.933+0000] {processor.py:161} INFO - Started process (PID=701) to work on /home/airflow/.local/lib/python3.12/site-packages/airflow/example_dags/tutorial_dag.py
[2025-10-17T03:00:40.934+0000] {processor.py:830} INFO - Processing file /home/airflow/.local/lib/python3.12/site-packages/airflow/example_dags/tutorial_dag.py for tasks to queue
[2025-10-17T03:00:40.936+0000] {logging_mixin.py:188} INFO - [2025-10-17T03:00:40.936+0000] {dagbag.py:545} INFO - Filling up the DagBag from /home/airflow/.local/lib/python3.12/site-packages/airflow/example_dags/tutorial_dag.py
[2025-10-17T03:00:40.940+0000] {processor.py:840} INFO - DAG(s) 'tutorial_dag' retrieved from /home/airflow/.local/lib/python3.12/site-packages/airflow/example_dags/tutorial_dag.py
[2025-10-17T03:00:40.960+0000] {logging_mixin.py:188} INFO - [2025-10-17T03:00:40.960+0000] {dag.py:3096} INFO - Sync 1 DAGs
[2025-10-17T03:00:40.974+0000] {logging_mixin.py:188} INFO - [2025-10-17T03:00:40.974+0000] {dag.py:3954} INFO - Setting next_dagrun for tutorial_dag to None, run_after=None
[2025-10-17T03:00:40.996+0000] {processor.py:183} INFO - Processing /home/airflow/.local/lib/python3.12/site-packages/airflow/example_dags/tutorial_dag.py took 0.068 seconds
[2025-10-17T03:01:11.071+0000] {processor.py:161} INFO - Started process (PID=760) to work on /home/airflow/.local/lib/python3.12/site-packages/airflow/example_dags/tutorial_dag.py
[2025-10-17T03:01:11.072+0000] {processor.py:830} INFO - Processing file /home/airflow/.local/lib/python3.12/site-packages/airflow/example_dags/tutorial_dag.py for tasks to queue
[2025-10-17T03:01:11.074+0000] {logging_mixin.py:188} INFO - [2025-10-17T03:01:11.074+0000] {dagbag.py:545} INFO - Filling up the DagBag from /home/airflow/.local/lib/python3.12/site-packages/airflow/example_dags/tutorial_dag.py
[2025-10-17T03:01:11.080+0000] {processor.py:840} INFO - DAG(s) 'tutorial_dag' retrieved from /home/airflow/.local/lib/python3.12/site-packages/airflow/example_dags/tutorial_dag.py
[2025-10-17T03:01:11.103+0000] {logging_mixin.py:188} INFO - [2025-10-17T03:01:11.102+0000] {dag.py:3096} INFO - Sync 1 DAGs
[2025-10-17T03:01:11.114+0000] {logging_mixin.py:188} INFO - [2025-10-17T03:01:11.114+0000] {dag.py:3954} INFO - Setting next_dagrun for tutorial_dag to None, run_after=None
[2025-10-17T03:01:11.132+0000] {processor.py:183} INFO - Processing /home/airflow/.local/lib/python3.12/site-packages/airflow/example_dags/tutorial_dag.py took 0.067 seconds
[2025-10-17T03:01:41.176+0000] {processor.py:161} INFO - Started process (PID=818) to work on /home/airflow/.local/lib/python3.12/site-packages/airflow/example_dags/tutorial_dag.py
[2025-10-17T03:01:41.177+0000] {processor.py:830} INFO - Processing file /home/airflow/.local/lib/python3.12/site-packages/airflow/example_dags/tutorial_dag.py for tasks to queue
[2025-10-17T03:01:41.179+0000] {logging_mixin.py:188} INFO - [2025-10-17T03:01:41.179+0000] {dagbag.py:545} INFO - Filling up the DagBag from /home/airflow/.local/lib/python3.12/site-packages/airflow/example_dags/tutorial_dag.py
[2025-10-17T03:01:41.184+0000] {processor.py:840} INFO - DAG(s) 'tutorial_dag' retrieved from /home/airflow/.local/lib/python3.12/site-packages/airflow/example_dags/tutorial_dag.py
[2025-10-17T03:01:41.202+0000] {logging_mixin.py:188} INFO - [2025-10-17T03:01:41.202+0000] {dag.py:3096} INFO - Sync 1 DAGs
[2025-10-17T03:01:41.213+0000] {logging_mixin.py:188} INFO - [2025-10-17T03:01:41.213+0000] {dag.py:3954} INFO - Setting next_dagrun for tutorial_dag to None, run_after=None
[2025-10-17T03:01:41.230+0000] {processor.py:183} INFO - Processing /home/airflow/.local/lib/python3.12/site-packages/airflow/example_dags/tutorial_dag.py took 0.059 seconds
[2025-10-17T03:02:11.398+0000] {processor.py:161} INFO - Started process (PID=879) to work on /home/airflow/.local/lib/python3.12/site-packages/airflow/example_dags/tutorial_dag.py
[2025-10-17T03:02:11.399+0000] {processor.py:830} INFO - Processing file /home/airflow/.local/lib/python3.12/site-packages/airflow/example_dags/tutorial_dag.py for tasks to queue
[2025-10-17T03:02:11.401+0000] {logging_mixin.py:188} INFO - [2025-10-17T03:02:11.401+0000] {dagbag.py:545} INFO - Filling up the DagBag from /home/airflow/.local/lib/python3.12/site-packages/airflow/example_dags/tutorial_dag.py
[2025-10-17T03:02:11.407+0000] {processor.py:840} INFO - DAG(s) 'tutorial_dag' retrieved from /home/airflow/.local/lib/python3.12/site-packages/airflow/example_dags/tutorial_dag.py
[2025-10-17T03:02:11.427+0000] {logging_mixin.py:188} INFO - [2025-10-17T03:02:11.427+0000] {dag.py:3096} INFO - Sync 1 DAGs
[2025-10-17T03:02:11.439+0000] {logging_mixin.py:188} INFO - [2025-10-17T03:02:11.438+0000] {dag.py:3954} INFO - Setting next_dagrun for tutorial_dag to None, run_after=None
[2025-10-17T03:02:11.459+0000] {processor.py:183} INFO - Processing /home/airflow/.local/lib/python3.12/site-packages/airflow/example_dags/tutorial_dag.py took 0.068 seconds
[2025-10-17T03:02:41.879+0000] {processor.py:161} INFO - Started process (PID=938) to work on /home/airflow/.local/lib/python3.12/site-packages/airflow/example_dags/tutorial_dag.py
[2025-10-17T03:02:41.880+0000] {processor.py:830} INFO - Processing file /home/airflow/.local/lib/python3.12/site-packages/airflow/example_dags/tutorial_dag.py for tasks to queue
[2025-10-17T03:02:41.882+0000] {logging_mixin.py:188} INFO - [2025-10-17T03:02:41.882+0000] {dagbag.py:545} INFO - Filling up the DagBag from /home/airflow/.local/lib/python3.12/site-packages/airflow/example_dags/tutorial_dag.py
[2025-10-17T03:02:41.888+0000] {processor.py:840} INFO - DAG(s) 'tutorial_dag' retrieved from /home/airflow/.local/lib/python3.12/site-packages/airflow/example_dags/tutorial_dag.py
[2025-10-17T03:02:41.909+0000] {logging_mixin.py:188} INFO - [2025-10-17T03:02:41.908+0000] {dag.py:3096} INFO - Sync 1 DAGs
[2025-10-17T03:02:41.920+0000] {logging_mixin.py:188} INFO - [2025-10-17T03:02:41.920+0000] {dag.py:3954} INFO - Setting next_dagrun for tutorial_dag to None, run_after=None
[2025-10-17T03:02:41.941+0000] {processor.py:183} INFO - Processing /home/airflow/.local/lib/python3.12/site-packages/airflow/example_dags/tutorial_dag.py took 0.068 seconds
[2025-10-17T03:03:12.110+0000] {processor.py:161} INFO - Started process (PID=997) to work on /home/airflow/.local/lib/python3.12/site-packages/airflow/example_dags/tutorial_dag.py
[2025-10-17T03:03:12.111+0000] {processor.py:830} INFO - Processing file /home/airflow/.local/lib/python3.12/site-packages/airflow/example_dags/tutorial_dag.py for tasks to queue
[2025-10-17T03:03:12.113+0000] {logging_mixin.py:188} INFO - [2025-10-17T03:03:12.113+0000] {dagbag.py:545} INFO - Filling up the DagBag from /home/airflow/.local/lib/python3.12/site-packages/airflow/example_dags/tutorial_dag.py
[2025-10-17T03:03:12.119+0000] {processor.py:840} INFO - DAG(s) 'tutorial_dag' retrieved from /home/airflow/.local/lib/python3.12/site-packages/airflow/example_dags/tutorial_dag.py
[2025-10-17T03:03:12.139+0000] {logging_mixin.py:188} INFO - [2025-10-17T03:03:12.139+0000] {dag.py:3096} INFO - Sync 1 DAGs
[2025-10-17T03:03:12.150+0000] {logging_mixin.py:188} INFO - [2025-10-17T03:03:12.150+0000] {dag.py:3954} INFO - Setting next_dagrun for tutorial_dag to None, run_after=None
[2025-10-17T03:03:12.170+0000] {processor.py:183} INFO - Processing /home/airflow/.local/lib/python3.12/site-packages/airflow/example_dags/tutorial_dag.py took 0.066 seconds
[2025-10-17T03:03:42.291+0000] {processor.py:161} INFO - Started process (PID=1056) to work on /home/airflow/.local/lib/python3.12/site-packages/airflow/example_dags/tutorial_dag.py
[2025-10-17T03:03:42.292+0000] {processor.py:830} INFO - Processing file /home/airflow/.local/lib/python3.12/site-packages/airflow/example_dags/tutorial_dag.py for tasks to queue
[2025-10-17T03:03:42.294+0000] {logging_mixin.py:188} INFO - [2025-10-17T03:03:42.294+0000] {dagbag.py:545} INFO - Filling up the DagBag from /home/airflow/.local/lib/python3.12/site-packages/airflow/example_dags/tutorial_dag.py
[2025-10-17T03:03:42.300+0000] {processor.py:840} INFO - DAG(s) 'tutorial_dag' retrieved from /home/airflow/.local/lib/python3.12/site-packages/airflow/example_dags/tutorial_dag.py
[2025-10-17T03:03:42.316+0000] {logging_mixin.py:188} INFO - [2025-10-17T03:03:42.316+0000] {dag.py:3096} INFO - Sync 1 DAGs
[2025-10-17T03:03:42.327+0000] {logging_mixin.py:188} INFO - [2025-10-17T03:03:42.327+0000] {dag.py:3954} INFO - Setting next_dagrun for tutorial_dag to None, run_after=None
[2025-10-17T03:03:42.345+0000] {processor.py:183} INFO - Processing /home/airflow/.local/lib/python3.12/site-packages/airflow/example_dags/tutorial_dag.py took 0.058 seconds
[2025-10-17T03:04:12.481+0000] {processor.py:161} INFO - Started process (PID=1115) to work on /home/airflow/.local/lib/python3.12/site-packages/airflow/example_dags/tutorial_dag.py
[2025-10-17T03:04:12.482+0000] {processor.py:830} INFO - Processing file /home/airflow/.local/lib/python3.12/site-packages/airflow/example_dags/tutorial_dag.py for tasks to queue
[2025-10-17T03:04:12.484+0000] {logging_mixin.py:188} INFO - [2025-10-17T03:04:12.483+0000] {dagbag.py:545} INFO - Filling up the DagBag from /home/airflow/.local/lib/python3.12/site-packages/airflow/example_dags/tutorial_dag.py
[2025-10-17T03:04:12.489+0000] {processor.py:840} INFO - DAG(s) 'tutorial_dag' retrieved from /home/airflow/.local/lib/python3.12/site-packages/airflow/example_dags/tutorial_dag.py
[2025-10-17T03:04:12.510+0000] {logging_mixin.py:188} INFO - [2025-10-17T03:04:12.509+0000] {dag.py:3096} INFO - Sync 1 DAGs
[2025-10-17T03:04:12.521+0000] {logging_mixin.py:188} INFO - [2025-10-17T03:04:12.521+0000] {dag.py:3954} INFO - Setting next_dagrun for tutorial_dag to None, run_after=None
[2025-10-17T03:04:12.537+0000] {processor.py:183} INFO - Processing /home/airflow/.local/lib/python3.12/site-packages/airflow/example_dags/tutorial_dag.py took 0.061 seconds
[2025-10-17T03:04:42.609+0000] {processor.py:161} INFO - Started process (PID=1174) to work on /home/airflow/.local/lib/python3.12/site-packages/airflow/example_dags/tutorial_dag.py
[2025-10-17T03:04:42.610+0000] {processor.py:830} INFO - Processing file /home/airflow/.local/lib/python3.12/site-packages/airflow/example_dags/tutorial_dag.py for tasks to queue
[2025-10-17T03:04:42.613+0000] {logging_mixin.py:188} INFO - [2025-10-17T03:04:42.613+0000] {dagbag.py:545} INFO - Filling up the DagBag from /home/airflow/.local/lib/python3.12/site-packages/airflow/example_dags/tutorial_dag.py
[2025-10-17T03:04:42.620+0000] {processor.py:840} INFO - DAG(s) 'tutorial_dag' retrieved from /home/airflow/.local/lib/python3.12/site-packages/airflow/example_dags/tutorial_dag.py
[2025-10-17T03:04:42.650+0000] {logging_mixin.py:188} INFO - [2025-10-17T03:04:42.650+0000] {dag.py:3096} INFO - Sync 1 DAGs
[2025-10-17T03:04:42.665+0000] {logging_mixin.py:188} INFO - [2025-10-17T03:04:42.664+0000] {dag.py:3954} INFO - Setting next_dagrun for tutorial_dag to None, run_after=None
[2025-10-17T03:04:42.686+0000] {processor.py:183} INFO - Processing /home/airflow/.local/lib/python3.12/site-packages/airflow/example_dags/tutorial_dag.py took 0.083 seconds
[2025-10-17T03:05:12.897+0000] {processor.py:161} INFO - Started process (PID=1233) to work on /home/airflow/.local/lib/python3.12/site-packages/airflow/example_dags/tutorial_dag.py
[2025-10-17T03:05:12.898+0000] {processor.py:830} INFO - Processing file /home/airflow/.local/lib/python3.12/site-packages/airflow/example_dags/tutorial_dag.py for tasks to queue
[2025-10-17T03:05:12.900+0000] {logging_mixin.py:188} INFO - [2025-10-17T03:05:12.899+0000] {dagbag.py:545} INFO - Filling up the DagBag from /home/airflow/.local/lib/python3.12/site-packages/airflow/example_dags/tutorial_dag.py
[2025-10-17T03:05:12.905+0000] {processor.py:840} INFO - DAG(s) 'tutorial_dag' retrieved from /home/airflow/.local/lib/python3.12/site-packages/airflow/example_dags/tutorial_dag.py
[2025-10-17T03:05:12.922+0000] {logging_mixin.py:188} INFO - [2025-10-17T03:05:12.922+0000] {dag.py:3096} INFO - Sync 1 DAGs
[2025-10-17T03:05:12.933+0000] {logging_mixin.py:188} INFO - [2025-10-17T03:05:12.933+0000] {dag.py:3954} INFO - Setting next_dagrun for tutorial_dag to None, run_after=None
[2025-10-17T03:05:12.951+0000] {processor.py:183} INFO - Processing /home/airflow/.local/lib/python3.12/site-packages/airflow/example_dags/tutorial_dag.py took 0.060 seconds
[2025-10-17T03:05:43.452+0000] {processor.py:161} INFO - Started process (PID=1292) to work on /home/airflow/.local/lib/python3.12/site-packages/airflow/example_dags/tutorial_dag.py
[2025-10-17T03:05:43.453+0000] {processor.py:830} INFO - Processing file /home/airflow/.local/lib/python3.12/site-packages/airflow/example_dags/tutorial_dag.py for tasks to queue
[2025-10-17T03:05:43.455+0000] {logging_mixin.py:188} INFO - [2025-10-17T03:05:43.455+0000] {dagbag.py:545} INFO - Filling up the DagBag from /home/airflow/.local/lib/python3.12/site-packages/airflow/example_dags/tutorial_dag.py
[2025-10-17T03:05:43.462+0000] {processor.py:840} INFO - DAG(s) 'tutorial_dag' retrieved from /home/airflow/.local/lib/python3.12/site-packages/airflow/example_dags/tutorial_dag.py
[2025-10-17T03:05:43.484+0000] {logging_mixin.py:188} INFO - [2025-10-17T03:05:43.483+0000] {dag.py:3096} INFO - Sync 1 DAGs
[2025-10-17T03:05:43.496+0000] {logging_mixin.py:188} INFO - [2025-10-17T03:05:43.496+0000] {dag.py:3954} INFO - Setting next_dagrun for tutorial_dag to None, run_after=None
[2025-10-17T03:05:43.515+0000] {processor.py:183} INFO - Processing /home/airflow/.local/lib/python3.12/site-packages/airflow/example_dags/tutorial_dag.py took 0.069 seconds
[2025-10-17T03:06:13.756+0000] {processor.py:161} INFO - Started process (PID=1351) to work on /home/airflow/.local/lib/python3.12/site-packages/airflow/example_dags/tutorial_dag.py
[2025-10-17T03:06:13.757+0000] {processor.py:830} INFO - Processing file /home/airflow/.local/lib/python3.12/site-packages/airflow/example_dags/tutorial_dag.py for tasks to queue
[2025-10-17T03:06:13.759+0000] {logging_mixin.py:188} INFO - [2025-10-17T03:06:13.758+0000] {dagbag.py:545} INFO - Filling up the DagBag from /home/airflow/.local/lib/python3.12/site-packages/airflow/example_dags/tutorial_dag.py
[2025-10-17T03:06:13.763+0000] {processor.py:840} INFO - DAG(s) 'tutorial_dag' retrieved from /home/airflow/.local/lib/python3.12/site-packages/airflow/example_dags/tutorial_dag.py
[2025-10-17T03:06:13.780+0000] {logging_mixin.py:188} INFO - [2025-10-17T03:06:13.780+0000] {dag.py:3096} INFO - Sync 1 DAGs
[2025-10-17T03:06:13.789+0000] {logging_mixin.py:188} INFO - [2025-10-17T03:06:13.789+0000] {dag.py:3954} INFO - Setting next_dagrun for tutorial_dag to None, run_after=None
[2025-10-17T03:06:13.826+0000] {processor.py:183} INFO - Processing /home/airflow/.local/lib/python3.12/site-packages/airflow/example_dags/tutorial_dag.py took 0.074 seconds
[2025-10-17T03:06:43.984+0000] {processor.py:161} INFO - Started process (PID=1410) to work on /home/airflow/.local/lib/python3.12/site-packages/airflow/example_dags/tutorial_dag.py
[2025-10-17T03:06:43.986+0000] {processor.py:830} INFO - Processing file /home/airflow/.local/lib/python3.12/site-packages/airflow/example_dags/tutorial_dag.py for tasks to queue
[2025-10-17T03:06:43.988+0000] {logging_mixin.py:188} INFO - [2025-10-17T03:06:43.988+0000] {dagbag.py:545} INFO - Filling up the DagBag from /home/airflow/.local/lib/python3.12/site-packages/airflow/example_dags/tutorial_dag.py
[2025-10-17T03:06:43.992+0000] {processor.py:840} INFO - DAG(s) 'tutorial_dag' retrieved from /home/airflow/.local/lib/python3.12/site-packages/airflow/example_dags/tutorial_dag.py
[2025-10-17T03:06:44.010+0000] {logging_mixin.py:188} INFO - [2025-10-17T03:06:44.009+0000] {dag.py:3096} INFO - Sync 1 DAGs
[2025-10-17T03:06:44.020+0000] {logging_mixin.py:188} INFO - [2025-10-17T03:06:44.020+0000] {dag.py:3954} INFO - Setting next_dagrun for tutorial_dag to None, run_after=None
[2025-10-17T03:06:44.038+0000] {processor.py:183} INFO - Processing /home/airflow/.local/lib/python3.12/site-packages/airflow/example_dags/tutorial_dag.py took 0.058 seconds
[2025-10-17T03:07:14.445+0000] {processor.py:161} INFO - Started process (PID=1465) to work on /home/airflow/.local/lib/python3.12/site-packages/airflow/example_dags/tutorial_dag.py
[2025-10-17T03:07:14.446+0000] {processor.py:830} INFO - Processing file /home/airflow/.local/lib/python3.12/site-packages/airflow/example_dags/tutorial_dag.py for tasks to queue
[2025-10-17T03:07:14.448+0000] {logging_mixin.py:188} INFO - [2025-10-17T03:07:14.447+0000] {dagbag.py:545} INFO - Filling up the DagBag from /home/airflow/.local/lib/python3.12/site-packages/airflow/example_dags/tutorial_dag.py
[2025-10-17T03:07:14.452+0000] {processor.py:840} INFO - DAG(s) 'tutorial_dag' retrieved from /home/airflow/.local/lib/python3.12/site-packages/airflow/example_dags/tutorial_dag.py
[2025-10-17T03:07:14.470+0000] {logging_mixin.py:188} INFO - [2025-10-17T03:07:14.469+0000] {dag.py:3096} INFO - Sync 1 DAGs
[2025-10-17T03:07:14.592+0000] {logging_mixin.py:188} INFO - [2025-10-17T03:07:14.592+0000] {dag.py:3954} INFO - Setting next_dagrun for tutorial_dag to None, run_after=None
[2025-10-17T03:07:14.608+0000] {processor.py:183} INFO - Processing /home/airflow/.local/lib/python3.12/site-packages/airflow/example_dags/tutorial_dag.py took 0.168 seconds
[2025-10-17T03:07:45.550+0000] {processor.py:161} INFO - Started process (PID=1524) to work on /home/airflow/.local/lib/python3.12/site-packages/airflow/example_dags/tutorial_dag.py
[2025-10-17T03:07:45.551+0000] {processor.py:830} INFO - Processing file /home/airflow/.local/lib/python3.12/site-packages/airflow/example_dags/tutorial_dag.py for tasks to queue
[2025-10-17T03:07:45.553+0000] {logging_mixin.py:188} INFO - [2025-10-17T03:07:45.553+0000] {dagbag.py:545} INFO - Filling up the DagBag from /home/airflow/.local/lib/python3.12/site-packages/airflow/example_dags/tutorial_dag.py
[2025-10-17T03:07:45.560+0000] {processor.py:840} INFO - DAG(s) 'tutorial_dag' retrieved from /home/airflow/.local/lib/python3.12/site-packages/airflow/example_dags/tutorial_dag.py
[2025-10-17T03:07:45.581+0000] {logging_mixin.py:188} INFO - [2025-10-17T03:07:45.581+0000] {dag.py:3096} INFO - Sync 1 DAGs
[2025-10-17T03:07:45.595+0000] {logging_mixin.py:188} INFO - [2025-10-17T03:07:45.594+0000] {dag.py:3954} INFO - Setting next_dagrun for tutorial_dag to None, run_after=None
[2025-10-17T03:07:45.615+0000] {processor.py:183} INFO - Processing /home/airflow/.local/lib/python3.12/site-packages/airflow/example_dags/tutorial_dag.py took 0.072 seconds
[2025-10-17T03:08:16.128+0000] {processor.py:161} INFO - Started process (PID=1579) to work on /home/airflow/.local/lib/python3.12/site-packages/airflow/example_dags/tutorial_dag.py
[2025-10-17T03:08:16.129+0000] {processor.py:830} INFO - Processing file /home/airflow/.local/lib/python3.12/site-packages/airflow/example_dags/tutorial_dag.py for tasks to queue
[2025-10-17T03:08:16.132+0000] {logging_mixin.py:188} INFO - [2025-10-17T03:08:16.131+0000] {dagbag.py:545} INFO - Filling up the DagBag from /home/airflow/.local/lib/python3.12/site-packages/airflow/example_dags/tutorial_dag.py
[2025-10-17T03:08:16.137+0000] {processor.py:840} INFO - DAG(s) 'tutorial_dag' retrieved from /home/airflow/.local/lib/python3.12/site-packages/airflow/example_dags/tutorial_dag.py
[2025-10-17T03:08:16.155+0000] {logging_mixin.py:188} INFO - [2025-10-17T03:08:16.155+0000] {dag.py:3096} INFO - Sync 1 DAGs
[2025-10-17T03:08:16.166+0000] {logging_mixin.py:188} INFO - [2025-10-17T03:08:16.166+0000] {dag.py:3954} INFO - Setting next_dagrun for tutorial_dag to None, run_after=None
[2025-10-17T03:08:16.185+0000] {processor.py:183} INFO - Processing /home/airflow/.local/lib/python3.12/site-packages/airflow/example_dags/tutorial_dag.py took 0.062 seconds
[2025-10-17T03:08:46.552+0000] {processor.py:161} INFO - Started process (PID=1637) to work on /home/airflow/.local/lib/python3.12/site-packages/airflow/example_dags/tutorial_dag.py
[2025-10-17T03:08:46.553+0000] {processor.py:830} INFO - Processing file /home/airflow/.local/lib/python3.12/site-packages/airflow/example_dags/tutorial_dag.py for tasks to queue
[2025-10-17T03:08:46.555+0000] {logging_mixin.py:188} INFO - [2025-10-17T03:08:46.555+0000] {dagbag.py:545} INFO - Filling up the DagBag from /home/airflow/.local/lib/python3.12/site-packages/airflow/example_dags/tutorial_dag.py
[2025-10-17T03:08:46.560+0000] {processor.py:840} INFO - DAG(s) 'tutorial_dag' retrieved from /home/airflow/.local/lib/python3.12/site-packages/airflow/example_dags/tutorial_dag.py
[2025-10-17T03:08:46.578+0000] {logging_mixin.py:188} INFO - [2025-10-17T03:08:46.577+0000] {dag.py:3096} INFO - Sync 1 DAGs
[2025-10-17T03:08:46.596+0000] {logging_mixin.py:188} INFO - [2025-10-17T03:08:46.596+0000] {dag.py:3954} INFO - Setting next_dagrun for tutorial_dag to None, run_after=None
[2025-10-17T03:08:46.613+0000] {processor.py:183} INFO - Processing /home/airflow/.local/lib/python3.12/site-packages/airflow/example_dags/tutorial_dag.py took 0.066 seconds
[2025-10-17T03:09:16.727+0000] {processor.py:161} INFO - Started process (PID=1696) to work on /home/airflow/.local/lib/python3.12/site-packages/airflow/example_dags/tutorial_dag.py
[2025-10-17T03:09:16.728+0000] {processor.py:830} INFO - Processing file /home/airflow/.local/lib/python3.12/site-packages/airflow/example_dags/tutorial_dag.py for tasks to queue
[2025-10-17T03:09:16.730+0000] {logging_mixin.py:188} INFO - [2025-10-17T03:09:16.730+0000] {dagbag.py:545} INFO - Filling up the DagBag from /home/airflow/.local/lib/python3.12/site-packages/airflow/example_dags/tutorial_dag.py
[2025-10-17T03:09:16.735+0000] {processor.py:840} INFO - DAG(s) 'tutorial_dag' retrieved from /home/airflow/.local/lib/python3.12/site-packages/airflow/example_dags/tutorial_dag.py
[2025-10-17T03:09:16.752+0000] {logging_mixin.py:188} INFO - [2025-10-17T03:09:16.752+0000] {dag.py:3096} INFO - Sync 1 DAGs
[2025-10-17T03:09:16.763+0000] {logging_mixin.py:188} INFO - [2025-10-17T03:09:16.763+0000] {dag.py:3954} INFO - Setting next_dagrun for tutorial_dag to None, run_after=None
[2025-10-17T03:09:16.797+0000] {processor.py:183} INFO - Processing /home/airflow/.local/lib/python3.12/site-packages/airflow/example_dags/tutorial_dag.py took 0.075 seconds
[2025-10-17T03:09:47.159+0000] {processor.py:161} INFO - Started process (PID=1755) to work on /home/airflow/.local/lib/python3.12/site-packages/airflow/example_dags/tutorial_dag.py
[2025-10-17T03:09:47.160+0000] {processor.py:830} INFO - Processing file /home/airflow/.local/lib/python3.12/site-packages/airflow/example_dags/tutorial_dag.py for tasks to queue
[2025-10-17T03:09:47.163+0000] {logging_mixin.py:188} INFO - [2025-10-17T03:09:47.162+0000] {dagbag.py:545} INFO - Filling up the DagBag from /home/airflow/.local/lib/python3.12/site-packages/airflow/example_dags/tutorial_dag.py
[2025-10-17T03:09:47.168+0000] {processor.py:840} INFO - DAG(s) 'tutorial_dag' retrieved from /home/airflow/.local/lib/python3.12/site-packages/airflow/example_dags/tutorial_dag.py
[2025-10-17T03:09:47.188+0000] {logging_mixin.py:188} INFO - [2025-10-17T03:09:47.188+0000] {dag.py:3096} INFO - Sync 1 DAGs
[2025-10-17T03:09:47.199+0000] {logging_mixin.py:188} INFO - [2025-10-17T03:09:47.199+0000] {dag.py:3954} INFO - Setting next_dagrun for tutorial_dag to None, run_after=None
[2025-10-17T03:09:47.221+0000] {processor.py:183} INFO - Processing /home/airflow/.local/lib/python3.12/site-packages/airflow/example_dags/tutorial_dag.py took 0.068 seconds
[2025-10-17T03:10:17.765+0000] {processor.py:161} INFO - Started process (PID=1815) to work on /home/airflow/.local/lib/python3.12/site-packages/airflow/example_dags/tutorial_dag.py
[2025-10-17T03:10:17.766+0000] {processor.py:830} INFO - Processing file /home/airflow/.local/lib/python3.12/site-packages/airflow/example_dags/tutorial_dag.py for tasks to queue
[2025-10-17T03:10:17.768+0000] {logging_mixin.py:188} INFO - [2025-10-17T03:10:17.768+0000] {dagbag.py:545} INFO - Filling up the DagBag from /home/airflow/.local/lib/python3.12/site-packages/airflow/example_dags/tutorial_dag.py
[2025-10-17T03:10:17.775+0000] {processor.py:840} INFO - DAG(s) 'tutorial_dag' retrieved from /home/airflow/.local/lib/python3.12/site-packages/airflow/example_dags/tutorial_dag.py
[2025-10-17T03:10:17.795+0000] {logging_mixin.py:188} INFO - [2025-10-17T03:10:17.794+0000] {dag.py:3096} INFO - Sync 1 DAGs
[2025-10-17T03:10:17.808+0000] {logging_mixin.py:188} INFO - [2025-10-17T03:10:17.808+0000] {dag.py:3954} INFO - Setting next_dagrun for tutorial_dag to None, run_after=None
[2025-10-17T03:10:17.830+0000] {processor.py:183} INFO - Processing /home/airflow/.local/lib/python3.12/site-packages/airflow/example_dags/tutorial_dag.py took 0.070 seconds
[2025-10-17T03:10:47.971+0000] {processor.py:161} INFO - Started process (PID=1874) to work on /home/airflow/.local/lib/python3.12/site-packages/airflow/example_dags/tutorial_dag.py
[2025-10-17T03:10:47.972+0000] {processor.py:830} INFO - Processing file /home/airflow/.local/lib/python3.12/site-packages/airflow/example_dags/tutorial_dag.py for tasks to queue
[2025-10-17T03:10:47.974+0000] {logging_mixin.py:188} INFO - [2025-10-17T03:10:47.974+0000] {dagbag.py:545} INFO - Filling up the DagBag from /home/airflow/.local/lib/python3.12/site-packages/airflow/example_dags/tutorial_dag.py
[2025-10-17T03:10:47.980+0000] {processor.py:840} INFO - DAG(s) 'tutorial_dag' retrieved from /home/airflow/.local/lib/python3.12/site-packages/airflow/example_dags/tutorial_dag.py
[2025-10-17T03:10:47.999+0000] {logging_mixin.py:188} INFO - [2025-10-17T03:10:47.999+0000] {dag.py:3096} INFO - Sync 1 DAGs
[2025-10-17T03:10:48.011+0000] {logging_mixin.py:188} INFO - [2025-10-17T03:10:48.011+0000] {dag.py:3954} INFO - Setting next_dagrun for tutorial_dag to None, run_after=None
[2025-10-17T03:10:48.044+0000] {processor.py:183} INFO - Processing /home/airflow/.local/lib/python3.12/site-packages/airflow/example_dags/tutorial_dag.py took 0.079 seconds
[2025-10-17T03:11:18.152+0000] {processor.py:161} INFO - Started process (PID=1933) to work on /home/airflow/.local/lib/python3.12/site-packages/airflow/example_dags/tutorial_dag.py
[2025-10-17T03:11:18.153+0000] {processor.py:830} INFO - Processing file /home/airflow/.local/lib/python3.12/site-packages/airflow/example_dags/tutorial_dag.py for tasks to queue
[2025-10-17T03:11:18.155+0000] {logging_mixin.py:188} INFO - [2025-10-17T03:11:18.155+0000] {dagbag.py:545} INFO - Filling up the DagBag from /home/airflow/.local/lib/python3.12/site-packages/airflow/example_dags/tutorial_dag.py
[2025-10-17T03:11:18.162+0000] {processor.py:840} INFO - DAG(s) 'tutorial_dag' retrieved from /home/airflow/.local/lib/python3.12/site-packages/airflow/example_dags/tutorial_dag.py
[2025-10-17T03:11:18.201+0000] {logging_mixin.py:188} INFO - [2025-10-17T03:11:18.200+0000] {dag.py:3096} INFO - Sync 1 DAGs
[2025-10-17T03:11:18.245+0000] {logging_mixin.py:188} INFO - [2025-10-17T03:11:18.245+0000] {dag.py:3954} INFO - Setting next_dagrun for tutorial_dag to None, run_after=None
[2025-10-17T03:11:18.364+0000] {processor.py:183} INFO - Processing /home/airflow/.local/lib/python3.12/site-packages/airflow/example_dags/tutorial_dag.py took 0.218 seconds
[2025-10-17T03:11:48.752+0000] {processor.py:161} INFO - Started process (PID=1992) to work on /home/airflow/.local/lib/python3.12/site-packages/airflow/example_dags/tutorial_dag.py
[2025-10-17T03:11:48.753+0000] {processor.py:830} INFO - Processing file /home/airflow/.local/lib/python3.12/site-packages/airflow/example_dags/tutorial_dag.py for tasks to queue
[2025-10-17T03:11:48.755+0000] {logging_mixin.py:188} INFO - [2025-10-17T03:11:48.755+0000] {dagbag.py:545} INFO - Filling up the DagBag from /home/airflow/.local/lib/python3.12/site-packages/airflow/example_dags/tutorial_dag.py
[2025-10-17T03:11:48.762+0000] {processor.py:840} INFO - DAG(s) 'tutorial_dag' retrieved from /home/airflow/.local/lib/python3.12/site-packages/airflow/example_dags/tutorial_dag.py
[2025-10-17T03:11:48.785+0000] {logging_mixin.py:188} INFO - [2025-10-17T03:11:48.785+0000] {dag.py:3096} INFO - Sync 1 DAGs
[2025-10-17T03:11:48.798+0000] {logging_mixin.py:188} INFO - [2025-10-17T03:11:48.797+0000] {dag.py:3954} INFO - Setting next_dagrun for tutorial_dag to None, run_after=None
[2025-10-17T03:11:48.825+0000] {processor.py:183} INFO - Processing /home/airflow/.local/lib/python3.12/site-packages/airflow/example_dags/tutorial_dag.py took 0.079 seconds
[2025-10-17T03:12:19.723+0000] {processor.py:161} INFO - Started process (PID=2051) to work on /home/airflow/.local/lib/python3.12/site-packages/airflow/example_dags/tutorial_dag.py
[2025-10-17T03:12:19.724+0000] {processor.py:830} INFO - Processing file /home/airflow/.local/lib/python3.12/site-packages/airflow/example_dags/tutorial_dag.py for tasks to queue
[2025-10-17T03:12:19.726+0000] {logging_mixin.py:188} INFO - [2025-10-17T03:12:19.726+0000] {dagbag.py:545} INFO - Filling up the DagBag from /home/airflow/.local/lib/python3.12/site-packages/airflow/example_dags/tutorial_dag.py
[2025-10-17T03:12:19.732+0000] {processor.py:840} INFO - DAG(s) 'tutorial_dag' retrieved from /home/airflow/.local/lib/python3.12/site-packages/airflow/example_dags/tutorial_dag.py
[2025-10-17T03:12:19.754+0000] {logging_mixin.py:188} INFO - [2025-10-17T03:12:19.754+0000] {dag.py:3096} INFO - Sync 1 DAGs
[2025-10-17T03:12:19.766+0000] {logging_mixin.py:188} INFO - [2025-10-17T03:12:19.765+0000] {dag.py:3954} INFO - Setting next_dagrun for tutorial_dag to None, run_after=None
[2025-10-17T03:12:19.786+0000] {processor.py:183} INFO - Processing /home/airflow/.local/lib/python3.12/site-packages/airflow/example_dags/tutorial_dag.py took 0.068 seconds
[2025-10-17T03:12:50.381+0000] {processor.py:161} INFO - Started process (PID=2110) to work on /home/airflow/.local/lib/python3.12/site-packages/airflow/example_dags/tutorial_dag.py
[2025-10-17T03:12:50.382+0000] {processor.py:830} INFO - Processing file /home/airflow/.local/lib/python3.12/site-packages/airflow/example_dags/tutorial_dag.py for tasks to queue
[2025-10-17T03:12:50.384+0000] {logging_mixin.py:188} INFO - [2025-10-17T03:12:50.384+0000] {dagbag.py:545} INFO - Filling up the DagBag from /home/airflow/.local/lib/python3.12/site-packages/airflow/example_dags/tutorial_dag.py
[2025-10-17T03:12:50.390+0000] {processor.py:840} INFO - DAG(s) 'tutorial_dag' retrieved from /home/airflow/.local/lib/python3.12/site-packages/airflow/example_dags/tutorial_dag.py
[2025-10-17T03:12:50.410+0000] {logging_mixin.py:188} INFO - [2025-10-17T03:12:50.410+0000] {dag.py:3096} INFO - Sync 1 DAGs
[2025-10-17T03:12:50.424+0000] {logging_mixin.py:188} INFO - [2025-10-17T03:12:50.424+0000] {dag.py:3954} INFO - Setting next_dagrun for tutorial_dag to None, run_after=None
[2025-10-17T03:12:50.443+0000] {processor.py:183} INFO - Processing /home/airflow/.local/lib/python3.12/site-packages/airflow/example_dags/tutorial_dag.py took 0.068 seconds
[2025-10-17T03:13:20.555+0000] {processor.py:161} INFO - Started process (PID=2169) to work on /home/airflow/.local/lib/python3.12/site-packages/airflow/example_dags/tutorial_dag.py
[2025-10-17T03:13:20.557+0000] {processor.py:830} INFO - Processing file /home/airflow/.local/lib/python3.12/site-packages/airflow/example_dags/tutorial_dag.py for tasks to queue
[2025-10-17T03:13:20.559+0000] {logging_mixin.py:188} INFO - [2025-10-17T03:13:20.559+0000] {dagbag.py:545} INFO - Filling up the DagBag from /home/airflow/.local/lib/python3.12/site-packages/airflow/example_dags/tutorial_dag.py
[2025-10-17T03:13:20.566+0000] {processor.py:840} INFO - DAG(s) 'tutorial_dag' retrieved from /home/airflow/.local/lib/python3.12/site-packages/airflow/example_dags/tutorial_dag.py
[2025-10-17T03:13:20.593+0000] {logging_mixin.py:188} INFO - [2025-10-17T03:13:20.592+0000] {dag.py:3096} INFO - Sync 1 DAGs
[2025-10-17T03:13:20.608+0000] {logging_mixin.py:188} INFO - [2025-10-17T03:13:20.607+0000] {dag.py:3954} INFO - Setting next_dagrun for tutorial_dag to None, run_after=None
[2025-10-17T03:13:20.630+0000] {processor.py:183} INFO - Processing /home/airflow/.local/lib/python3.12/site-packages/airflow/example_dags/tutorial_dag.py took 0.081 seconds
[2025-10-17T03:13:50.925+0000] {processor.py:161} INFO - Started process (PID=2228) to work on /home/airflow/.local/lib/python3.12/site-packages/airflow/example_dags/tutorial_dag.py
[2025-10-17T03:13:50.926+0000] {processor.py:830} INFO - Processing file /home/airflow/.local/lib/python3.12/site-packages/airflow/example_dags/tutorial_dag.py for tasks to queue
[2025-10-17T03:13:50.928+0000] {logging_mixin.py:188} INFO - [2025-10-17T03:13:50.928+0000] {dagbag.py:545} INFO - Filling up the DagBag from /home/airflow/.local/lib/python3.12/site-packages/airflow/example_dags/tutorial_dag.py
[2025-10-17T03:13:50.935+0000] {processor.py:840} INFO - DAG(s) 'tutorial_dag' retrieved from /home/airflow/.local/lib/python3.12/site-packages/airflow/example_dags/tutorial_dag.py
[2025-10-17T03:13:50.960+0000] {logging_mixin.py:188} INFO - [2025-10-17T03:13:50.960+0000] {dag.py:3096} INFO - Sync 1 DAGs
[2025-10-17T03:13:50.973+0000] {logging_mixin.py:188} INFO - [2025-10-17T03:13:50.973+0000] {dag.py:3954} INFO - Setting next_dagrun for tutorial_dag to None, run_after=None
[2025-10-17T03:13:50.995+0000] {processor.py:183} INFO - Processing /home/airflow/.local/lib/python3.12/site-packages/airflow/example_dags/tutorial_dag.py took 0.076 seconds
[2025-10-17T03:14:21.895+0000] {processor.py:161} INFO - Started process (PID=2287) to work on /home/airflow/.local/lib/python3.12/site-packages/airflow/example_dags/tutorial_dag.py
[2025-10-17T03:14:21.896+0000] {processor.py:830} INFO - Processing file /home/airflow/.local/lib/python3.12/site-packages/airflow/example_dags/tutorial_dag.py for tasks to queue
[2025-10-17T03:14:21.898+0000] {logging_mixin.py:188} INFO - [2025-10-17T03:14:21.898+0000] {dagbag.py:545} INFO - Filling up the DagBag from /home/airflow/.local/lib/python3.12/site-packages/airflow/example_dags/tutorial_dag.py
[2025-10-17T03:14:21.903+0000] {processor.py:840} INFO - DAG(s) 'tutorial_dag' retrieved from /home/airflow/.local/lib/python3.12/site-packages/airflow/example_dags/tutorial_dag.py
[2025-10-17T03:14:21.922+0000] {logging_mixin.py:188} INFO - [2025-10-17T03:14:21.922+0000] {dag.py:3096} INFO - Sync 1 DAGs
[2025-10-17T03:14:21.934+0000] {logging_mixin.py:188} INFO - [2025-10-17T03:14:21.934+0000] {dag.py:3954} INFO - Setting next_dagrun for tutorial_dag to None, run_after=None
[2025-10-17T03:14:21.955+0000] {processor.py:183} INFO - Processing /home/airflow/.local/lib/python3.12/site-packages/airflow/example_dags/tutorial_dag.py took 0.065 seconds
[2025-10-17T03:14:52.085+0000] {processor.py:161} INFO - Started process (PID=2346) to work on /home/airflow/.local/lib/python3.12/site-packages/airflow/example_dags/tutorial_dag.py
[2025-10-17T03:14:52.086+0000] {processor.py:830} INFO - Processing file /home/airflow/.local/lib/python3.12/site-packages/airflow/example_dags/tutorial_dag.py for tasks to queue
[2025-10-17T03:14:52.089+0000] {logging_mixin.py:188} INFO - [2025-10-17T03:14:52.088+0000] {dagbag.py:545} INFO - Filling up the DagBag from /home/airflow/.local/lib/python3.12/site-packages/airflow/example_dags/tutorial_dag.py
[2025-10-17T03:14:52.094+0000] {processor.py:840} INFO - DAG(s) 'tutorial_dag' retrieved from /home/airflow/.local/lib/python3.12/site-packages/airflow/example_dags/tutorial_dag.py
[2025-10-17T03:14:52.114+0000] {logging_mixin.py:188} INFO - [2025-10-17T03:14:52.113+0000] {dag.py:3096} INFO - Sync 1 DAGs
[2025-10-17T03:14:52.126+0000] {logging_mixin.py:188} INFO - [2025-10-17T03:14:52.126+0000] {dag.py:3954} INFO - Setting next_dagrun for tutorial_dag to None, run_after=None
[2025-10-17T03:14:52.149+0000] {processor.py:183} INFO - Processing /home/airflow/.local/lib/python3.12/site-packages/airflow/example_dags/tutorial_dag.py took 0.070 seconds
[2025-10-17T03:15:22.341+0000] {processor.py:161} INFO - Started process (PID=2405) to work on /home/airflow/.local/lib/python3.12/site-packages/airflow/example_dags/tutorial_dag.py
[2025-10-17T03:15:22.343+0000] {processor.py:830} INFO - Processing file /home/airflow/.local/lib/python3.12/site-packages/airflow/example_dags/tutorial_dag.py for tasks to queue
[2025-10-17T03:15:22.345+0000] {logging_mixin.py:188} INFO - [2025-10-17T03:15:22.344+0000] {dagbag.py:545} INFO - Filling up the DagBag from /home/airflow/.local/lib/python3.12/site-packages/airflow/example_dags/tutorial_dag.py
[2025-10-17T03:15:22.351+0000] {processor.py:840} INFO - DAG(s) 'tutorial_dag' retrieved from /home/airflow/.local/lib/python3.12/site-packages/airflow/example_dags/tutorial_dag.py
[2025-10-17T03:15:22.371+0000] {logging_mixin.py:188} INFO - [2025-10-17T03:15:22.371+0000] {dag.py:3096} INFO - Sync 1 DAGs
[2025-10-17T03:15:22.383+0000] {logging_mixin.py:188} INFO - [2025-10-17T03:15:22.383+0000] {dag.py:3954} INFO - Setting next_dagrun for tutorial_dag to None, run_after=None
[2025-10-17T03:15:22.423+0000] {processor.py:183} INFO - Processing /home/airflow/.local/lib/python3.12/site-packages/airflow/example_dags/tutorial_dag.py took 0.088 seconds
[2025-10-17T03:15:52.983+0000] {processor.py:161} INFO - Started process (PID=2464) to work on /home/airflow/.local/lib/python3.12/site-packages/airflow/example_dags/tutorial_dag.py
[2025-10-17T03:15:52.984+0000] {processor.py:830} INFO - Processing file /home/airflow/.local/lib/python3.12/site-packages/airflow/example_dags/tutorial_dag.py for tasks to queue
[2025-10-17T03:15:52.986+0000] {logging_mixin.py:188} INFO - [2025-10-17T03:15:52.986+0000] {dagbag.py:545} INFO - Filling up the DagBag from /home/airflow/.local/lib/python3.12/site-packages/airflow/example_dags/tutorial_dag.py
[2025-10-17T03:15:52.991+0000] {processor.py:840} INFO - DAG(s) 'tutorial_dag' retrieved from /home/airflow/.local/lib/python3.12/site-packages/airflow/example_dags/tutorial_dag.py
[2025-10-17T03:15:53.009+0000] {logging_mixin.py:188} INFO - [2025-10-17T03:15:53.009+0000] {dag.py:3096} INFO - Sync 1 DAGs
[2025-10-17T03:15:53.021+0000] {logging_mixin.py:188} INFO - [2025-10-17T03:15:53.021+0000] {dag.py:3954} INFO - Setting next_dagrun for tutorial_dag to None, run_after=None
[2025-10-17T03:15:53.042+0000] {processor.py:183} INFO - Processing /home/airflow/.local/lib/python3.12/site-packages/airflow/example_dags/tutorial_dag.py took 0.064 seconds
[2025-10-17T03:16:23.471+0000] {processor.py:161} INFO - Started process (PID=2523) to work on /home/airflow/.local/lib/python3.12/site-packages/airflow/example_dags/tutorial_dag.py
[2025-10-17T03:16:23.471+0000] {processor.py:830} INFO - Processing file /home/airflow/.local/lib/python3.12/site-packages/airflow/example_dags/tutorial_dag.py for tasks to queue
[2025-10-17T03:16:23.473+0000] {logging_mixin.py:188} INFO - [2025-10-17T03:16:23.473+0000] {dagbag.py:545} INFO - Filling up the DagBag from /home/airflow/.local/lib/python3.12/site-packages/airflow/example_dags/tutorial_dag.py
[2025-10-17T03:16:23.479+0000] {processor.py:840} INFO - DAG(s) 'tutorial_dag' retrieved from /home/airflow/.local/lib/python3.12/site-packages/airflow/example_dags/tutorial_dag.py
[2025-10-17T03:16:23.496+0000] {logging_mixin.py:188} INFO - [2025-10-17T03:16:23.496+0000] {dag.py:3096} INFO - Sync 1 DAGs
[2025-10-17T03:16:23.507+0000] {logging_mixin.py:188} INFO - [2025-10-17T03:16:23.507+0000] {dag.py:3954} INFO - Setting next_dagrun for tutorial_dag to None, run_after=None
[2025-10-17T03:16:23.526+0000] {processor.py:183} INFO - Processing /home/airflow/.local/lib/python3.12/site-packages/airflow/example_dags/tutorial_dag.py took 0.060 seconds
[2025-10-17T03:16:54.170+0000] {processor.py:161} INFO - Started process (PID=2582) to work on /home/airflow/.local/lib/python3.12/site-packages/airflow/example_dags/tutorial_dag.py
[2025-10-17T03:16:54.171+0000] {processor.py:830} INFO - Processing file /home/airflow/.local/lib/python3.12/site-packages/airflow/example_dags/tutorial_dag.py for tasks to queue
[2025-10-17T03:16:54.174+0000] {logging_mixin.py:188} INFO - [2025-10-17T03:16:54.173+0000] {dagbag.py:545} INFO - Filling up the DagBag from /home/airflow/.local/lib/python3.12/site-packages/airflow/example_dags/tutorial_dag.py
[2025-10-17T03:16:54.179+0000] {processor.py:840} INFO - DAG(s) 'tutorial_dag' retrieved from /home/airflow/.local/lib/python3.12/site-packages/airflow/example_dags/tutorial_dag.py
[2025-10-17T03:16:54.204+0000] {logging_mixin.py:188} INFO - [2025-10-17T03:16:54.204+0000] {dag.py:3096} INFO - Sync 1 DAGs
[2025-10-17T03:16:54.217+0000] {logging_mixin.py:188} INFO - [2025-10-17T03:16:54.217+0000] {dag.py:3954} INFO - Setting next_dagrun for tutorial_dag to None, run_after=None
[2025-10-17T03:16:54.241+0000] {processor.py:183} INFO - Processing /home/airflow/.local/lib/python3.12/site-packages/airflow/example_dags/tutorial_dag.py took 0.077 seconds
[2025-10-17T03:17:24.735+0000] {processor.py:161} INFO - Started process (PID=2641) to work on /home/airflow/.local/lib/python3.12/site-packages/airflow/example_dags/tutorial_dag.py
[2025-10-17T03:17:24.736+0000] {processor.py:830} INFO - Processing file /home/airflow/.local/lib/python3.12/site-packages/airflow/example_dags/tutorial_dag.py for tasks to queue
[2025-10-17T03:17:24.738+0000] {logging_mixin.py:188} INFO - [2025-10-17T03:17:24.738+0000] {dagbag.py:545} INFO - Filling up the DagBag from /home/airflow/.local/lib/python3.12/site-packages/airflow/example_dags/tutorial_dag.py
[2025-10-17T03:17:24.743+0000] {processor.py:840} INFO - DAG(s) 'tutorial_dag' retrieved from /home/airflow/.local/lib/python3.12/site-packages/airflow/example_dags/tutorial_dag.py
[2025-10-17T03:17:24.762+0000] {logging_mixin.py:188} INFO - [2025-10-17T03:17:24.762+0000] {dag.py:3096} INFO - Sync 1 DAGs
[2025-10-17T03:17:24.773+0000] {logging_mixin.py:188} INFO - [2025-10-17T03:17:24.772+0000] {dag.py:3954} INFO - Setting next_dagrun for tutorial_dag to None, run_after=None
[2025-10-17T03:17:24.791+0000] {processor.py:183} INFO - Processing /home/airflow/.local/lib/python3.12/site-packages/airflow/example_dags/tutorial_dag.py took 0.062 seconds
[2025-10-17T03:17:54.893+0000] {processor.py:161} INFO - Started process (PID=2701) to work on /home/airflow/.local/lib/python3.12/site-packages/airflow/example_dags/tutorial_dag.py
[2025-10-17T03:17:54.894+0000] {processor.py:830} INFO - Processing file /home/airflow/.local/lib/python3.12/site-packages/airflow/example_dags/tutorial_dag.py for tasks to queue
[2025-10-17T03:17:54.896+0000] {logging_mixin.py:188} INFO - [2025-10-17T03:17:54.895+0000] {dagbag.py:545} INFO - Filling up the DagBag from /home/airflow/.local/lib/python3.12/site-packages/airflow/example_dags/tutorial_dag.py
[2025-10-17T03:17:54.901+0000] {processor.py:840} INFO - DAG(s) 'tutorial_dag' retrieved from /home/airflow/.local/lib/python3.12/site-packages/airflow/example_dags/tutorial_dag.py
[2025-10-17T03:17:54.919+0000] {logging_mixin.py:188} INFO - [2025-10-17T03:17:54.918+0000] {dag.py:3096} INFO - Sync 1 DAGs
[2025-10-17T03:17:54.930+0000] {logging_mixin.py:188} INFO - [2025-10-17T03:17:54.930+0000] {dag.py:3954} INFO - Setting next_dagrun for tutorial_dag to None, run_after=None
[2025-10-17T03:17:54.949+0000] {processor.py:183} INFO - Processing /home/airflow/.local/lib/python3.12/site-packages/airflow/example_dags/tutorial_dag.py took 0.062 seconds
[2025-10-17T03:18:25.706+0000] {processor.py:161} INFO - Started process (PID=2760) to work on /home/airflow/.local/lib/python3.12/site-packages/airflow/example_dags/tutorial_dag.py
[2025-10-17T03:18:25.707+0000] {processor.py:830} INFO - Processing file /home/airflow/.local/lib/python3.12/site-packages/airflow/example_dags/tutorial_dag.py for tasks to queue
[2025-10-17T03:18:25.709+0000] {logging_mixin.py:188} INFO - [2025-10-17T03:18:25.709+0000] {dagbag.py:545} INFO - Filling up the DagBag from /home/airflow/.local/lib/python3.12/site-packages/airflow/example_dags/tutorial_dag.py
[2025-10-17T03:18:25.714+0000] {processor.py:840} INFO - DAG(s) 'tutorial_dag' retrieved from /home/airflow/.local/lib/python3.12/site-packages/airflow/example_dags/tutorial_dag.py
[2025-10-17T03:18:25.732+0000] {logging_mixin.py:188} INFO - [2025-10-17T03:18:25.732+0000] {dag.py:3096} INFO - Sync 1 DAGs
[2025-10-17T03:18:25.744+0000] {logging_mixin.py:188} INFO - [2025-10-17T03:18:25.744+0000] {dag.py:3954} INFO - Setting next_dagrun for tutorial_dag to None, run_after=None
[2025-10-17T03:18:25.766+0000] {processor.py:183} INFO - Processing /home/airflow/.local/lib/python3.12/site-packages/airflow/example_dags/tutorial_dag.py took 0.065 seconds
[2025-10-17T03:18:55.897+0000] {processor.py:161} INFO - Started process (PID=2819) to work on /home/airflow/.local/lib/python3.12/site-packages/airflow/example_dags/tutorial_dag.py
[2025-10-17T03:18:55.898+0000] {processor.py:830} INFO - Processing file /home/airflow/.local/lib/python3.12/site-packages/airflow/example_dags/tutorial_dag.py for tasks to queue
[2025-10-17T03:18:55.900+0000] {logging_mixin.py:188} INFO - [2025-10-17T03:18:55.900+0000] {dagbag.py:545} INFO - Filling up the DagBag from /home/airflow/.local/lib/python3.12/site-packages/airflow/example_dags/tutorial_dag.py
[2025-10-17T03:18:55.907+0000] {processor.py:840} INFO - DAG(s) 'tutorial_dag' retrieved from /home/airflow/.local/lib/python3.12/site-packages/airflow/example_dags/tutorial_dag.py
[2025-10-17T03:18:55.925+0000] {logging_mixin.py:188} INFO - [2025-10-17T03:18:55.924+0000] {dag.py:3096} INFO - Sync 1 DAGs
[2025-10-17T03:18:55.937+0000] {logging_mixin.py:188} INFO - [2025-10-17T03:18:55.936+0000] {dag.py:3954} INFO - Setting next_dagrun for tutorial_dag to None, run_after=None
[2025-10-17T03:18:55.956+0000] {processor.py:183} INFO - Processing /home/airflow/.local/lib/python3.12/site-packages/airflow/example_dags/tutorial_dag.py took 0.064 seconds
[2025-10-17T03:19:26.097+0000] {processor.py:161} INFO - Started process (PID=2878) to work on /home/airflow/.local/lib/python3.12/site-packages/airflow/example_dags/tutorial_dag.py
[2025-10-17T03:19:26.098+0000] {processor.py:830} INFO - Processing file /home/airflow/.local/lib/python3.12/site-packages/airflow/example_dags/tutorial_dag.py for tasks to queue
[2025-10-17T03:19:26.100+0000] {logging_mixin.py:188} INFO - [2025-10-17T03:19:26.100+0000] {dagbag.py:545} INFO - Filling up the DagBag from /home/airflow/.local/lib/python3.12/site-packages/airflow/example_dags/tutorial_dag.py
[2025-10-17T03:19:26.105+0000] {processor.py:840} INFO - DAG(s) 'tutorial_dag' retrieved from /home/airflow/.local/lib/python3.12/site-packages/airflow/example_dags/tutorial_dag.py
[2025-10-17T03:19:26.122+0000] {logging_mixin.py:188} INFO - [2025-10-17T03:19:26.122+0000] {dag.py:3096} INFO - Sync 1 DAGs
[2025-10-17T03:19:26.134+0000] {logging_mixin.py:188} INFO - [2025-10-17T03:19:26.134+0000] {dag.py:3954} INFO - Setting next_dagrun for tutorial_dag to None, run_after=None
[2025-10-17T03:19:26.155+0000] {processor.py:183} INFO - Processing /home/airflow/.local/lib/python3.12/site-packages/airflow/example_dags/tutorial_dag.py took 0.063 seconds
[2025-10-17T03:19:56.324+0000] {processor.py:161} INFO - Started process (PID=2937) to work on /home/airflow/.local/lib/python3.12/site-packages/airflow/example_dags/tutorial_dag.py
[2025-10-17T03:19:56.324+0000] {processor.py:830} INFO - Processing file /home/airflow/.local/lib/python3.12/site-packages/airflow/example_dags/tutorial_dag.py for tasks to queue
[2025-10-17T03:19:56.327+0000] {logging_mixin.py:188} INFO - [2025-10-17T03:19:56.326+0000] {dagbag.py:545} INFO - Filling up the DagBag from /home/airflow/.local/lib/python3.12/site-packages/airflow/example_dags/tutorial_dag.py
[2025-10-17T03:19:56.332+0000] {processor.py:840} INFO - DAG(s) 'tutorial_dag' retrieved from /home/airflow/.local/lib/python3.12/site-packages/airflow/example_dags/tutorial_dag.py
[2025-10-17T03:19:56.353+0000] {logging_mixin.py:188} INFO - [2025-10-17T03:19:56.353+0000] {dag.py:3096} INFO - Sync 1 DAGs
[2025-10-17T03:19:56.365+0000] {logging_mixin.py:188} INFO - [2025-10-17T03:19:56.364+0000] {dag.py:3954} INFO - Setting next_dagrun for tutorial_dag to None, run_after=None
[2025-10-17T03:19:56.385+0000] {processor.py:183} INFO - Processing /home/airflow/.local/lib/python3.12/site-packages/airflow/example_dags/tutorial_dag.py took 0.069 seconds
[2025-10-17T03:20:26.653+0000] {processor.py:161} INFO - Started process (PID=2996) to work on /home/airflow/.local/lib/python3.12/site-packages/airflow/example_dags/tutorial_dag.py
[2025-10-17T03:20:26.654+0000] {processor.py:830} INFO - Processing file /home/airflow/.local/lib/python3.12/site-packages/airflow/example_dags/tutorial_dag.py for tasks to queue
[2025-10-17T03:20:26.655+0000] {logging_mixin.py:188} INFO - [2025-10-17T03:20:26.655+0000] {dagbag.py:545} INFO - Filling up the DagBag from /home/airflow/.local/lib/python3.12/site-packages/airflow/example_dags/tutorial_dag.py
[2025-10-17T03:20:26.661+0000] {processor.py:840} INFO - DAG(s) 'tutorial_dag' retrieved from /home/airflow/.local/lib/python3.12/site-packages/airflow/example_dags/tutorial_dag.py
[2025-10-17T03:20:26.684+0000] {logging_mixin.py:188} INFO - [2025-10-17T03:20:26.683+0000] {dag.py:3096} INFO - Sync 1 DAGs
[2025-10-17T03:20:26.699+0000] {logging_mixin.py:188} INFO - [2025-10-17T03:20:26.698+0000] {dag.py:3954} INFO - Setting next_dagrun for tutorial_dag to None, run_after=None
[2025-10-17T03:20:26.722+0000] {processor.py:183} INFO - Processing /home/airflow/.local/lib/python3.12/site-packages/airflow/example_dags/tutorial_dag.py took 0.075 seconds
[2025-10-17T03:20:56.884+0000] {processor.py:161} INFO - Started process (PID=3053) to work on /home/airflow/.local/lib/python3.12/site-packages/airflow/example_dags/tutorial_dag.py
[2025-10-17T03:20:56.885+0000] {processor.py:830} INFO - Processing file /home/airflow/.local/lib/python3.12/site-packages/airflow/example_dags/tutorial_dag.py for tasks to queue
[2025-10-17T03:20:56.887+0000] {logging_mixin.py:188} INFO - [2025-10-17T03:20:56.886+0000] {dagbag.py:545} INFO - Filling up the DagBag from /home/airflow/.local/lib/python3.12/site-packages/airflow/example_dags/tutorial_dag.py
[2025-10-17T03:20:56.891+0000] {processor.py:840} INFO - DAG(s) 'tutorial_dag' retrieved from /home/airflow/.local/lib/python3.12/site-packages/airflow/example_dags/tutorial_dag.py
[2025-10-17T03:20:56.910+0000] {logging_mixin.py:188} INFO - [2025-10-17T03:20:56.910+0000] {dag.py:3096} INFO - Sync 1 DAGs
[2025-10-17T03:20:56.921+0000] {logging_mixin.py:188} INFO - [2025-10-17T03:20:56.921+0000] {dag.py:3954} INFO - Setting next_dagrun for tutorial_dag to None, run_after=None
[2025-10-17T03:20:56.940+0000] {processor.py:183} INFO - Processing /home/airflow/.local/lib/python3.12/site-packages/airflow/example_dags/tutorial_dag.py took 0.061 seconds
[2025-10-17T03:21:27.034+0000] {processor.py:161} INFO - Started process (PID=3112) to work on /home/airflow/.local/lib/python3.12/site-packages/airflow/example_dags/tutorial_dag.py
[2025-10-17T03:21:27.035+0000] {processor.py:830} INFO - Processing file /home/airflow/.local/lib/python3.12/site-packages/airflow/example_dags/tutorial_dag.py for tasks to queue
[2025-10-17T03:21:27.037+0000] {logging_mixin.py:188} INFO - [2025-10-17T03:21:27.036+0000] {dagbag.py:545} INFO - Filling up the DagBag from /home/airflow/.local/lib/python3.12/site-packages/airflow/example_dags/tutorial_dag.py
[2025-10-17T03:21:27.042+0000] {processor.py:840} INFO - DAG(s) 'tutorial_dag' retrieved from /home/airflow/.local/lib/python3.12/site-packages/airflow/example_dags/tutorial_dag.py
[2025-10-17T03:21:27.060+0000] {logging_mixin.py:188} INFO - [2025-10-17T03:21:27.060+0000] {dag.py:3096} INFO - Sync 1 DAGs
[2025-10-17T03:21:27.071+0000] {logging_mixin.py:188} INFO - [2025-10-17T03:21:27.070+0000] {dag.py:3954} INFO - Setting next_dagrun for tutorial_dag to None, run_after=None
[2025-10-17T03:21:27.091+0000] {processor.py:183} INFO - Processing /home/airflow/.local/lib/python3.12/site-packages/airflow/example_dags/tutorial_dag.py took 0.063 seconds
[2025-10-17T03:21:57.186+0000] {processor.py:161} INFO - Started process (PID=3170) to work on /home/airflow/.local/lib/python3.12/site-packages/airflow/example_dags/tutorial_dag.py
[2025-10-17T03:21:57.187+0000] {processor.py:830} INFO - Processing file /home/airflow/.local/lib/python3.12/site-packages/airflow/example_dags/tutorial_dag.py for tasks to queue
[2025-10-17T03:21:57.189+0000] {logging_mixin.py:188} INFO - [2025-10-17T03:21:57.189+0000] {dagbag.py:545} INFO - Filling up the DagBag from /home/airflow/.local/lib/python3.12/site-packages/airflow/example_dags/tutorial_dag.py
[2025-10-17T03:21:57.194+0000] {processor.py:840} INFO - DAG(s) 'tutorial_dag' retrieved from /home/airflow/.local/lib/python3.12/site-packages/airflow/example_dags/tutorial_dag.py
[2025-10-17T03:21:57.214+0000] {logging_mixin.py:188} INFO - [2025-10-17T03:21:57.214+0000] {dag.py:3096} INFO - Sync 1 DAGs
[2025-10-17T03:21:57.227+0000] {logging_mixin.py:188} INFO - [2025-10-17T03:21:57.226+0000] {dag.py:3954} INFO - Setting next_dagrun for tutorial_dag to None, run_after=None
[2025-10-17T03:21:57.245+0000] {processor.py:183} INFO - Processing /home/airflow/.local/lib/python3.12/site-packages/airflow/example_dags/tutorial_dag.py took 0.063 seconds
[2025-10-17T03:22:27.582+0000] {processor.py:161} INFO - Started process (PID=3226) to work on /home/airflow/.local/lib/python3.12/site-packages/airflow/example_dags/tutorial_dag.py
[2025-10-17T03:22:27.584+0000] {processor.py:830} INFO - Processing file /home/airflow/.local/lib/python3.12/site-packages/airflow/example_dags/tutorial_dag.py for tasks to queue
[2025-10-17T03:22:27.587+0000] {logging_mixin.py:188} INFO - [2025-10-17T03:22:27.586+0000] {dagbag.py:545} INFO - Filling up the DagBag from /home/airflow/.local/lib/python3.12/site-packages/airflow/example_dags/tutorial_dag.py
[2025-10-17T03:22:27.592+0000] {processor.py:840} INFO - DAG(s) 'tutorial_dag' retrieved from /home/airflow/.local/lib/python3.12/site-packages/airflow/example_dags/tutorial_dag.py
[2025-10-17T03:22:27.617+0000] {logging_mixin.py:188} INFO - [2025-10-17T03:22:27.616+0000] {dag.py:3096} INFO - Sync 1 DAGs
[2025-10-17T03:22:27.648+0000] {logging_mixin.py:188} INFO - [2025-10-17T03:22:27.648+0000] {dag.py:3954} INFO - Setting next_dagrun for tutorial_dag to None, run_after=None
[2025-10-17T03:22:27.670+0000] {processor.py:183} INFO - Processing /home/airflow/.local/lib/python3.12/site-packages/airflow/example_dags/tutorial_dag.py took 0.094 seconds
[2025-10-17T03:22:57.938+0000] {processor.py:161} INFO - Started process (PID=3285) to work on /home/airflow/.local/lib/python3.12/site-packages/airflow/example_dags/tutorial_dag.py
[2025-10-17T03:22:57.958+0000] {processor.py:830} INFO - Processing file /home/airflow/.local/lib/python3.12/site-packages/airflow/example_dags/tutorial_dag.py for tasks to queue
[2025-10-17T03:22:57.960+0000] {logging_mixin.py:188} INFO - [2025-10-17T03:22:57.960+0000] {dagbag.py:545} INFO - Filling up the DagBag from /home/airflow/.local/lib/python3.12/site-packages/airflow/example_dags/tutorial_dag.py
[2025-10-17T03:22:57.966+0000] {processor.py:840} INFO - DAG(s) 'tutorial_dag' retrieved from /home/airflow/.local/lib/python3.12/site-packages/airflow/example_dags/tutorial_dag.py
[2025-10-17T03:22:57.987+0000] {logging_mixin.py:188} INFO - [2025-10-17T03:22:57.987+0000] {dag.py:3096} INFO - Sync 1 DAGs
[2025-10-17T03:22:58.000+0000] {logging_mixin.py:188} INFO - [2025-10-17T03:22:58.000+0000] {dag.py:3954} INFO - Setting next_dagrun for tutorial_dag to None, run_after=None
[2025-10-17T03:22:58.020+0000] {processor.py:183} INFO - Processing /home/airflow/.local/lib/python3.12/site-packages/airflow/example_dags/tutorial_dag.py took 0.088 seconds
[2025-10-17T03:23:28.265+0000] {processor.py:161} INFO - Started process (PID=3344) to work on /home/airflow/.local/lib/python3.12/site-packages/airflow/example_dags/tutorial_dag.py
[2025-10-17T03:23:28.266+0000] {processor.py:830} INFO - Processing file /home/airflow/.local/lib/python3.12/site-packages/airflow/example_dags/tutorial_dag.py for tasks to queue
[2025-10-17T03:23:28.268+0000] {logging_mixin.py:188} INFO - [2025-10-17T03:23:28.268+0000] {dagbag.py:545} INFO - Filling up the DagBag from /home/airflow/.local/lib/python3.12/site-packages/airflow/example_dags/tutorial_dag.py
[2025-10-17T03:23:28.273+0000] {processor.py:840} INFO - DAG(s) 'tutorial_dag' retrieved from /home/airflow/.local/lib/python3.12/site-packages/airflow/example_dags/tutorial_dag.py
[2025-10-17T03:23:28.295+0000] {logging_mixin.py:188} INFO - [2025-10-17T03:23:28.295+0000] {dag.py:3096} INFO - Sync 1 DAGs
[2025-10-17T03:23:28.310+0000] {logging_mixin.py:188} INFO - [2025-10-17T03:23:28.310+0000] {dag.py:3954} INFO - Setting next_dagrun for tutorial_dag to None, run_after=None
[2025-10-17T03:23:28.332+0000] {processor.py:183} INFO - Processing /home/airflow/.local/lib/python3.12/site-packages/airflow/example_dags/tutorial_dag.py took 0.072 seconds
[2025-10-17T03:23:58.637+0000] {processor.py:161} INFO - Started process (PID=3403) to work on /home/airflow/.local/lib/python3.12/site-packages/airflow/example_dags/tutorial_dag.py
[2025-10-17T03:23:58.638+0000] {processor.py:830} INFO - Processing file /home/airflow/.local/lib/python3.12/site-packages/airflow/example_dags/tutorial_dag.py for tasks to queue
[2025-10-17T03:23:58.640+0000] {logging_mixin.py:188} INFO - [2025-10-17T03:23:58.639+0000] {dagbag.py:545} INFO - Filling up the DagBag from /home/airflow/.local/lib/python3.12/site-packages/airflow/example_dags/tutorial_dag.py
[2025-10-17T03:23:58.645+0000] {processor.py:840} INFO - DAG(s) 'tutorial_dag' retrieved from /home/airflow/.local/lib/python3.12/site-packages/airflow/example_dags/tutorial_dag.py
[2025-10-17T03:23:58.664+0000] {logging_mixin.py:188} INFO - [2025-10-17T03:23:58.663+0000] {dag.py:3096} INFO - Sync 1 DAGs
[2025-10-17T03:23:58.675+0000] {logging_mixin.py:188} INFO - [2025-10-17T03:23:58.675+0000] {dag.py:3954} INFO - Setting next_dagrun for tutorial_dag to None, run_after=None
[2025-10-17T03:23:58.712+0000] {processor.py:183} INFO - Processing /home/airflow/.local/lib/python3.12/site-packages/airflow/example_dags/tutorial_dag.py took 0.081 seconds
[2025-10-17T03:24:29.275+0000] {processor.py:161} INFO - Started process (PID=3462) to work on /home/airflow/.local/lib/python3.12/site-packages/airflow/example_dags/tutorial_dag.py
[2025-10-17T03:24:29.276+0000] {processor.py:830} INFO - Processing file /home/airflow/.local/lib/python3.12/site-packages/airflow/example_dags/tutorial_dag.py for tasks to queue
[2025-10-17T03:24:29.279+0000] {logging_mixin.py:188} INFO - [2025-10-17T03:24:29.279+0000] {dagbag.py:545} INFO - Filling up the DagBag from /home/airflow/.local/lib/python3.12/site-packages/airflow/example_dags/tutorial_dag.py
[2025-10-17T03:24:29.285+0000] {processor.py:840} INFO - DAG(s) 'tutorial_dag' retrieved from /home/airflow/.local/lib/python3.12/site-packages/airflow/example_dags/tutorial_dag.py
[2025-10-17T03:24:29.312+0000] {logging_mixin.py:188} INFO - [2025-10-17T03:24:29.312+0000] {dag.py:3096} INFO - Sync 1 DAGs
[2025-10-17T03:24:29.333+0000] {logging_mixin.py:188} INFO - [2025-10-17T03:24:29.332+0000] {dag.py:3954} INFO - Setting next_dagrun for tutorial_dag to None, run_after=None
[2025-10-17T03:24:29.374+0000] {processor.py:183} INFO - Processing /home/airflow/.local/lib/python3.12/site-packages/airflow/example_dags/tutorial_dag.py took 0.106 seconds
[2025-10-17T03:24:59.554+0000] {processor.py:161} INFO - Started process (PID=3521) to work on /home/airflow/.local/lib/python3.12/site-packages/airflow/example_dags/tutorial_dag.py
[2025-10-17T03:24:59.556+0000] {processor.py:830} INFO - Processing file /home/airflow/.local/lib/python3.12/site-packages/airflow/example_dags/tutorial_dag.py for tasks to queue
[2025-10-17T03:24:59.559+0000] {logging_mixin.py:188} INFO - [2025-10-17T03:24:59.559+0000] {dagbag.py:545} INFO - Filling up the DagBag from /home/airflow/.local/lib/python3.12/site-packages/airflow/example_dags/tutorial_dag.py
[2025-10-17T03:24:59.566+0000] {processor.py:840} INFO - DAG(s) 'tutorial_dag' retrieved from /home/airflow/.local/lib/python3.12/site-packages/airflow/example_dags/tutorial_dag.py
[2025-10-17T03:24:59.595+0000] {logging_mixin.py:188} INFO - [2025-10-17T03:24:59.594+0000] {dag.py:3096} INFO - Sync 1 DAGs
[2025-10-17T03:24:59.613+0000] {logging_mixin.py:188} INFO - [2025-10-17T03:24:59.613+0000] {dag.py:3954} INFO - Setting next_dagrun for tutorial_dag to None, run_after=None
[2025-10-17T03:24:59.647+0000] {processor.py:183} INFO - Processing /home/airflow/.local/lib/python3.12/site-packages/airflow/example_dags/tutorial_dag.py took 0.102 seconds
[2025-10-17T03:25:29.855+0000] {processor.py:161} INFO - Started process (PID=3580) to work on /home/airflow/.local/lib/python3.12/site-packages/airflow/example_dags/tutorial_dag.py
[2025-10-17T03:25:29.856+0000] {processor.py:830} INFO - Processing file /home/airflow/.local/lib/python3.12/site-packages/airflow/example_dags/tutorial_dag.py for tasks to queue
[2025-10-17T03:25:29.858+0000] {logging_mixin.py:188} INFO - [2025-10-17T03:25:29.858+0000] {dagbag.py:545} INFO - Filling up the DagBag from /home/airflow/.local/lib/python3.12/site-packages/airflow/example_dags/tutorial_dag.py
[2025-10-17T03:25:29.864+0000] {processor.py:840} INFO - DAG(s) 'tutorial_dag' retrieved from /home/airflow/.local/lib/python3.12/site-packages/airflow/example_dags/tutorial_dag.py
[2025-10-17T03:25:29.883+0000] {logging_mixin.py:188} INFO - [2025-10-17T03:25:29.883+0000] {dag.py:3096} INFO - Sync 1 DAGs
[2025-10-17T03:25:29.895+0000] {logging_mixin.py:188} INFO - [2025-10-17T03:25:29.895+0000] {dag.py:3954} INFO - Setting next_dagrun for tutorial_dag to None, run_after=None
[2025-10-17T03:25:29.915+0000] {processor.py:183} INFO - Processing /home/airflow/.local/lib/python3.12/site-packages/airflow/example_dags/tutorial_dag.py took 0.066 seconds
[2025-10-17T03:26:00.527+0000] {processor.py:161} INFO - Started process (PID=3639) to work on /home/airflow/.local/lib/python3.12/site-packages/airflow/example_dags/tutorial_dag.py
[2025-10-17T03:26:00.529+0000] {processor.py:830} INFO - Processing file /home/airflow/.local/lib/python3.12/site-packages/airflow/example_dags/tutorial_dag.py for tasks to queue
[2025-10-17T03:26:00.531+0000] {logging_mixin.py:188} INFO - [2025-10-17T03:26:00.531+0000] {dagbag.py:545} INFO - Filling up the DagBag from /home/airflow/.local/lib/python3.12/site-packages/airflow/example_dags/tutorial_dag.py
[2025-10-17T03:26:00.537+0000] {processor.py:840} INFO - DAG(s) 'tutorial_dag' retrieved from /home/airflow/.local/lib/python3.12/site-packages/airflow/example_dags/tutorial_dag.py
[2025-10-17T03:26:00.558+0000] {logging_mixin.py:188} INFO - [2025-10-17T03:26:00.558+0000] {dag.py:3096} INFO - Sync 1 DAGs
[2025-10-17T03:26:00.570+0000] {logging_mixin.py:188} INFO - [2025-10-17T03:26:00.570+0000] {dag.py:3954} INFO - Setting next_dagrun for tutorial_dag to None, run_after=None
[2025-10-17T03:26:00.595+0000] {processor.py:183} INFO - Processing /home/airflow/.local/lib/python3.12/site-packages/airflow/example_dags/tutorial_dag.py took 0.074 seconds
[2025-10-17T03:26:30.755+0000] {processor.py:161} INFO - Started process (PID=3698) to work on /home/airflow/.local/lib/python3.12/site-packages/airflow/example_dags/tutorial_dag.py
[2025-10-17T03:26:30.757+0000] {processor.py:830} INFO - Processing file /home/airflow/.local/lib/python3.12/site-packages/airflow/example_dags/tutorial_dag.py for tasks to queue
[2025-10-17T03:26:30.759+0000] {logging_mixin.py:188} INFO - [2025-10-17T03:26:30.759+0000] {dagbag.py:545} INFO - Filling up the DagBag from /home/airflow/.local/lib/python3.12/site-packages/airflow/example_dags/tutorial_dag.py
[2025-10-17T03:26:30.765+0000] {processor.py:840} INFO - DAG(s) 'tutorial_dag' retrieved from /home/airflow/.local/lib/python3.12/site-packages/airflow/example_dags/tutorial_dag.py
[2025-10-17T03:26:30.793+0000] {logging_mixin.py:188} INFO - [2025-10-17T03:26:30.793+0000] {dag.py:3096} INFO - Sync 1 DAGs
[2025-10-17T03:26:30.808+0000] {logging_mixin.py:188} INFO - [2025-10-17T03:26:30.807+0000] {dag.py:3954} INFO - Setting next_dagrun for tutorial_dag to None, run_after=None
[2025-10-17T03:26:30.831+0000] {processor.py:183} INFO - Processing /home/airflow/.local/lib/python3.12/site-packages/airflow/example_dags/tutorial_dag.py took 0.083 seconds
[2025-10-17T03:27:00.953+0000] {processor.py:161} INFO - Started process (PID=3757) to work on /home/airflow/.local/lib/python3.12/site-packages/airflow/example_dags/tutorial_dag.py
[2025-10-17T03:27:00.954+0000] {processor.py:830} INFO - Processing file /home/airflow/.local/lib/python3.12/site-packages/airflow/example_dags/tutorial_dag.py for tasks to queue
[2025-10-17T03:27:00.956+0000] {logging_mixin.py:188} INFO - [2025-10-17T03:27:00.956+0000] {dagbag.py:545} INFO - Filling up the DagBag from /home/airflow/.local/lib/python3.12/site-packages/airflow/example_dags/tutorial_dag.py
[2025-10-17T03:27:00.963+0000] {processor.py:840} INFO - DAG(s) 'tutorial_dag' retrieved from /home/airflow/.local/lib/python3.12/site-packages/airflow/example_dags/tutorial_dag.py
[2025-10-17T03:27:00.985+0000] {logging_mixin.py:188} INFO - [2025-10-17T03:27:00.985+0000] {dag.py:3096} INFO - Sync 1 DAGs
[2025-10-17T03:27:00.998+0000] {logging_mixin.py:188} INFO - [2025-10-17T03:27:00.997+0000] {dag.py:3954} INFO - Setting next_dagrun for tutorial_dag to None, run_after=None
[2025-10-17T03:27:01.039+0000] {processor.py:183} INFO - Processing /home/airflow/.local/lib/python3.12/site-packages/airflow/example_dags/tutorial_dag.py took 0.092 seconds
[2025-10-17T03:27:31.579+0000] {processor.py:161} INFO - Started process (PID=3816) to work on /home/airflow/.local/lib/python3.12/site-packages/airflow/example_dags/tutorial_dag.py
[2025-10-17T03:27:31.580+0000] {processor.py:830} INFO - Processing file /home/airflow/.local/lib/python3.12/site-packages/airflow/example_dags/tutorial_dag.py for tasks to queue
[2025-10-17T03:27:31.582+0000] {logging_mixin.py:188} INFO - [2025-10-17T03:27:31.582+0000] {dagbag.py:545} INFO - Filling up the DagBag from /home/airflow/.local/lib/python3.12/site-packages/airflow/example_dags/tutorial_dag.py
[2025-10-17T03:27:31.588+0000] {processor.py:840} INFO - DAG(s) 'tutorial_dag' retrieved from /home/airflow/.local/lib/python3.12/site-packages/airflow/example_dags/tutorial_dag.py
[2025-10-17T03:27:31.607+0000] {logging_mixin.py:188} INFO - [2025-10-17T03:27:31.607+0000] {dag.py:3096} INFO - Sync 1 DAGs
[2025-10-17T03:27:31.619+0000] {logging_mixin.py:188} INFO - [2025-10-17T03:27:31.619+0000] {dag.py:3954} INFO - Setting next_dagrun for tutorial_dag to None, run_after=None
[2025-10-17T03:27:31.640+0000] {processor.py:183} INFO - Processing /home/airflow/.local/lib/python3.12/site-packages/airflow/example_dags/tutorial_dag.py took 0.067 seconds
[2025-10-17T03:28:01.799+0000] {processor.py:161} INFO - Started process (PID=3875) to work on /home/airflow/.local/lib/python3.12/site-packages/airflow/example_dags/tutorial_dag.py
[2025-10-17T03:28:01.800+0000] {processor.py:830} INFO - Processing file /home/airflow/.local/lib/python3.12/site-packages/airflow/example_dags/tutorial_dag.py for tasks to queue
[2025-10-17T03:28:01.802+0000] {logging_mixin.py:188} INFO - [2025-10-17T03:28:01.802+0000] {dagbag.py:545} INFO - Filling up the DagBag from /home/airflow/.local/lib/python3.12/site-packages/airflow/example_dags/tutorial_dag.py
[2025-10-17T03:28:01.809+0000] {processor.py:840} INFO - DAG(s) 'tutorial_dag' retrieved from /home/airflow/.local/lib/python3.12/site-packages/airflow/example_dags/tutorial_dag.py
[2025-10-17T03:28:01.840+0000] {logging_mixin.py:188} INFO - [2025-10-17T03:28:01.839+0000] {dag.py:3096} INFO - Sync 1 DAGs
[2025-10-17T03:28:01.852+0000] {logging_mixin.py:188} INFO - [2025-10-17T03:28:01.852+0000] {dag.py:3954} INFO - Setting next_dagrun for tutorial_dag to None, run_after=None
[2025-10-17T03:28:01.871+0000] {processor.py:183} INFO - Processing /home/airflow/.local/lib/python3.12/site-packages/airflow/example_dags/tutorial_dag.py took 0.079 seconds
[2025-10-17T03:28:32.051+0000] {processor.py:161} INFO - Started process (PID=3934) to work on /home/airflow/.local/lib/python3.12/site-packages/airflow/example_dags/tutorial_dag.py
[2025-10-17T03:28:32.052+0000] {processor.py:830} INFO - Processing file /home/airflow/.local/lib/python3.12/site-packages/airflow/example_dags/tutorial_dag.py for tasks to queue
[2025-10-17T03:28:32.054+0000] {logging_mixin.py:188} INFO - [2025-10-17T03:28:32.054+0000] {dagbag.py:545} INFO - Filling up the DagBag from /home/airflow/.local/lib/python3.12/site-packages/airflow/example_dags/tutorial_dag.py
[2025-10-17T03:28:32.060+0000] {processor.py:840} INFO - DAG(s) 'tutorial_dag' retrieved from /home/airflow/.local/lib/python3.12/site-packages/airflow/example_dags/tutorial_dag.py
[2025-10-17T03:28:32.081+0000] {logging_mixin.py:188} INFO - [2025-10-17T03:28:32.081+0000] {dag.py:3096} INFO - Sync 1 DAGs
[2025-10-17T03:28:32.094+0000] {logging_mixin.py:188} INFO - [2025-10-17T03:28:32.093+0000] {dag.py:3954} INFO - Setting next_dagrun for tutorial_dag to None, run_after=None
[2025-10-17T03:28:32.114+0000] {processor.py:183} INFO - Processing /home/airflow/.local/lib/python3.12/site-packages/airflow/example_dags/tutorial_dag.py took 0.069 seconds
[2025-10-17T03:29:02.397+0000] {processor.py:161} INFO - Started process (PID=3993) to work on /home/airflow/.local/lib/python3.12/site-packages/airflow/example_dags/tutorial_dag.py
[2025-10-17T03:29:02.398+0000] {processor.py:830} INFO - Processing file /home/airflow/.local/lib/python3.12/site-packages/airflow/example_dags/tutorial_dag.py for tasks to queue
[2025-10-17T03:29:02.400+0000] {logging_mixin.py:188} INFO - [2025-10-17T03:29:02.400+0000] {dagbag.py:545} INFO - Filling up the DagBag from /home/airflow/.local/lib/python3.12/site-packages/airflow/example_dags/tutorial_dag.py
[2025-10-17T03:29:02.405+0000] {processor.py:840} INFO - DAG(s) 'tutorial_dag' retrieved from /home/airflow/.local/lib/python3.12/site-packages/airflow/example_dags/tutorial_dag.py
[2025-10-17T03:29:02.429+0000] {logging_mixin.py:188} INFO - [2025-10-17T03:29:02.428+0000] {dag.py:3096} INFO - Sync 1 DAGs
[2025-10-17T03:29:02.444+0000] {logging_mixin.py:188} INFO - [2025-10-17T03:29:02.444+0000] {dag.py:3954} INFO - Setting next_dagrun for tutorial_dag to None, run_after=None
[2025-10-17T03:29:02.465+0000] {processor.py:183} INFO - Processing /home/airflow/.local/lib/python3.12/site-packages/airflow/example_dags/tutorial_dag.py took 0.074 seconds
[2025-10-17T03:29:33.050+0000] {processor.py:161} INFO - Started process (PID=4052) to work on /home/airflow/.local/lib/python3.12/site-packages/airflow/example_dags/tutorial_dag.py
[2025-10-17T03:29:33.051+0000] {processor.py:830} INFO - Processing file /home/airflow/.local/lib/python3.12/site-packages/airflow/example_dags/tutorial_dag.py for tasks to queue
[2025-10-17T03:29:33.054+0000] {logging_mixin.py:188} INFO - [2025-10-17T03:29:33.053+0000] {dagbag.py:545} INFO - Filling up the DagBag from /home/airflow/.local/lib/python3.12/site-packages/airflow/example_dags/tutorial_dag.py
[2025-10-17T03:29:33.061+0000] {processor.py:840} INFO - DAG(s) 'tutorial_dag' retrieved from /home/airflow/.local/lib/python3.12/site-packages/airflow/example_dags/tutorial_dag.py
[2025-10-17T03:29:33.100+0000] {logging_mixin.py:188} INFO - [2025-10-17T03:29:33.100+0000] {dag.py:3096} INFO - Sync 1 DAGs
[2025-10-17T03:29:33.114+0000] {logging_mixin.py:188} INFO - [2025-10-17T03:29:33.114+0000] {dag.py:3954} INFO - Setting next_dagrun for tutorial_dag to None, run_after=None
[2025-10-17T03:29:33.153+0000] {processor.py:183} INFO - Processing /home/airflow/.local/lib/python3.12/site-packages/airflow/example_dags/tutorial_dag.py took 0.110 seconds
[2025-10-17T03:30:03.281+0000] {processor.py:161} INFO - Started process (PID=4111) to work on /home/airflow/.local/lib/python3.12/site-packages/airflow/example_dags/tutorial_dag.py
[2025-10-17T03:30:03.282+0000] {processor.py:830} INFO - Processing file /home/airflow/.local/lib/python3.12/site-packages/airflow/example_dags/tutorial_dag.py for tasks to queue
[2025-10-17T03:30:03.285+0000] {logging_mixin.py:188} INFO - [2025-10-17T03:30:03.284+0000] {dagbag.py:545} INFO - Filling up the DagBag from /home/airflow/.local/lib/python3.12/site-packages/airflow/example_dags/tutorial_dag.py
[2025-10-17T03:30:03.291+0000] {processor.py:840} INFO - DAG(s) 'tutorial_dag' retrieved from /home/airflow/.local/lib/python3.12/site-packages/airflow/example_dags/tutorial_dag.py
[2025-10-17T03:30:03.315+0000] {logging_mixin.py:188} INFO - [2025-10-17T03:30:03.314+0000] {dag.py:3096} INFO - Sync 1 DAGs
[2025-10-17T03:30:03.328+0000] {logging_mixin.py:188} INFO - [2025-10-17T03:30:03.327+0000] {dag.py:3954} INFO - Setting next_dagrun for tutorial_dag to None, run_after=None
[2025-10-17T03:30:03.351+0000] {processor.py:183} INFO - Processing /home/airflow/.local/lib/python3.12/site-packages/airflow/example_dags/tutorial_dag.py took 0.075 seconds
[2025-10-17T03:30:33.409+0000] {processor.py:161} INFO - Started process (PID=4169) to work on /home/airflow/.local/lib/python3.12/site-packages/airflow/example_dags/tutorial_dag.py
[2025-10-17T03:30:33.410+0000] {processor.py:830} INFO - Processing file /home/airflow/.local/lib/python3.12/site-packages/airflow/example_dags/tutorial_dag.py for tasks to queue
[2025-10-17T03:30:33.412+0000] {logging_mixin.py:188} INFO - [2025-10-17T03:30:33.412+0000] {dagbag.py:545} INFO - Filling up the DagBag from /home/airflow/.local/lib/python3.12/site-packages/airflow/example_dags/tutorial_dag.py
[2025-10-17T03:30:33.418+0000] {processor.py:840} INFO - DAG(s) 'tutorial_dag' retrieved from /home/airflow/.local/lib/python3.12/site-packages/airflow/example_dags/tutorial_dag.py
[2025-10-17T03:30:33.435+0000] {logging_mixin.py:188} INFO - [2025-10-17T03:30:33.435+0000] {dag.py:3096} INFO - Sync 1 DAGs
[2025-10-17T03:30:33.447+0000] {logging_mixin.py:188} INFO - [2025-10-17T03:30:33.446+0000] {dag.py:3954} INFO - Setting next_dagrun for tutorial_dag to None, run_after=None
[2025-10-17T03:30:33.464+0000] {processor.py:183} INFO - Processing /home/airflow/.local/lib/python3.12/site-packages/airflow/example_dags/tutorial_dag.py took 0.060 seconds
[2025-10-17T03:31:03.525+0000] {processor.py:161} INFO - Started process (PID=4228) to work on /home/airflow/.local/lib/python3.12/site-packages/airflow/example_dags/tutorial_dag.py
[2025-10-17T03:31:03.526+0000] {processor.py:830} INFO - Processing file /home/airflow/.local/lib/python3.12/site-packages/airflow/example_dags/tutorial_dag.py for tasks to queue
[2025-10-17T03:31:03.528+0000] {logging_mixin.py:188} INFO - [2025-10-17T03:31:03.528+0000] {dagbag.py:545} INFO - Filling up the DagBag from /home/airflow/.local/lib/python3.12/site-packages/airflow/example_dags/tutorial_dag.py
[2025-10-17T03:31:03.533+0000] {processor.py:840} INFO - DAG(s) 'tutorial_dag' retrieved from /home/airflow/.local/lib/python3.12/site-packages/airflow/example_dags/tutorial_dag.py
[2025-10-17T03:31:03.550+0000] {logging_mixin.py:188} INFO - [2025-10-17T03:31:03.550+0000] {dag.py:3096} INFO - Sync 1 DAGs
[2025-10-17T03:31:03.561+0000] {logging_mixin.py:188} INFO - [2025-10-17T03:31:03.561+0000] {dag.py:3954} INFO - Setting next_dagrun for tutorial_dag to None, run_after=None
[2025-10-17T03:31:03.580+0000] {processor.py:183} INFO - Processing /home/airflow/.local/lib/python3.12/site-packages/airflow/example_dags/tutorial_dag.py took 0.060 seconds
[2025-10-17T03:31:34.201+0000] {processor.py:161} INFO - Started process (PID=4288) to work on /home/airflow/.local/lib/python3.12/site-packages/airflow/example_dags/tutorial_dag.py
[2025-10-17T03:31:34.202+0000] {processor.py:830} INFO - Processing file /home/airflow/.local/lib/python3.12/site-packages/airflow/example_dags/tutorial_dag.py for tasks to queue
[2025-10-17T03:31:34.204+0000] {logging_mixin.py:188} INFO - [2025-10-17T03:31:34.203+0000] {dagbag.py:545} INFO - Filling up the DagBag from /home/airflow/.local/lib/python3.12/site-packages/airflow/example_dags/tutorial_dag.py
[2025-10-17T03:31:34.208+0000] {processor.py:840} INFO - DAG(s) 'tutorial_dag' retrieved from /home/airflow/.local/lib/python3.12/site-packages/airflow/example_dags/tutorial_dag.py
[2025-10-17T03:31:34.227+0000] {logging_mixin.py:188} INFO - [2025-10-17T03:31:34.226+0000] {dag.py:3096} INFO - Sync 1 DAGs
[2025-10-17T03:31:34.238+0000] {logging_mixin.py:188} INFO - [2025-10-17T03:31:34.238+0000] {dag.py:3954} INFO - Setting next_dagrun for tutorial_dag to None, run_after=None
[2025-10-17T03:31:34.255+0000] {processor.py:183} INFO - Processing /home/airflow/.local/lib/python3.12/site-packages/airflow/example_dags/tutorial_dag.py took 0.060 seconds
[2025-10-17T03:32:04.686+0000] {processor.py:161} INFO - Started process (PID=4346) to work on /home/airflow/.local/lib/python3.12/site-packages/airflow/example_dags/tutorial_dag.py
[2025-10-17T03:32:04.687+0000] {processor.py:830} INFO - Processing file /home/airflow/.local/lib/python3.12/site-packages/airflow/example_dags/tutorial_dag.py for tasks to queue
[2025-10-17T03:32:04.689+0000] {logging_mixin.py:188} INFO - [2025-10-17T03:32:04.689+0000] {dagbag.py:545} INFO - Filling up the DagBag from /home/airflow/.local/lib/python3.12/site-packages/airflow/example_dags/tutorial_dag.py
[2025-10-17T03:32:04.694+0000] {processor.py:840} INFO - DAG(s) 'tutorial_dag' retrieved from /home/airflow/.local/lib/python3.12/site-packages/airflow/example_dags/tutorial_dag.py
[2025-10-17T03:32:04.712+0000] {logging_mixin.py:188} INFO - [2025-10-17T03:32:04.712+0000] {dag.py:3096} INFO - Sync 1 DAGs
[2025-10-17T03:32:04.723+0000] {logging_mixin.py:188} INFO - [2025-10-17T03:32:04.723+0000] {dag.py:3954} INFO - Setting next_dagrun for tutorial_dag to None, run_after=None
[2025-10-17T03:32:04.744+0000] {processor.py:183} INFO - Processing /home/airflow/.local/lib/python3.12/site-packages/airflow/example_dags/tutorial_dag.py took 0.064 seconds
[2025-10-17T03:32:34.976+0000] {processor.py:161} INFO - Started process (PID=4405) to work on /home/airflow/.local/lib/python3.12/site-packages/airflow/example_dags/tutorial_dag.py
[2025-10-17T03:32:34.978+0000] {processor.py:830} INFO - Processing file /home/airflow/.local/lib/python3.12/site-packages/airflow/example_dags/tutorial_dag.py for tasks to queue
[2025-10-17T03:32:34.980+0000] {logging_mixin.py:188} INFO - [2025-10-17T03:32:34.979+0000] {dagbag.py:545} INFO - Filling up the DagBag from /home/airflow/.local/lib/python3.12/site-packages/airflow/example_dags/tutorial_dag.py
[2025-10-17T03:32:34.984+0000] {processor.py:840} INFO - DAG(s) 'tutorial_dag' retrieved from /home/airflow/.local/lib/python3.12/site-packages/airflow/example_dags/tutorial_dag.py
[2025-10-17T03:32:35.003+0000] {logging_mixin.py:188} INFO - [2025-10-17T03:32:35.003+0000] {dag.py:3096} INFO - Sync 1 DAGs
[2025-10-17T03:32:35.014+0000] {logging_mixin.py:188} INFO - [2025-10-17T03:32:35.014+0000] {dag.py:3954} INFO - Setting next_dagrun for tutorial_dag to None, run_after=None
[2025-10-17T03:32:35.033+0000] {processor.py:183} INFO - Processing /home/airflow/.local/lib/python3.12/site-packages/airflow/example_dags/tutorial_dag.py took 0.062 seconds
[2025-10-17T03:33:05.491+0000] {processor.py:161} INFO - Started process (PID=4464) to work on /home/airflow/.local/lib/python3.12/site-packages/airflow/example_dags/tutorial_dag.py
[2025-10-17T03:33:05.492+0000] {processor.py:830} INFO - Processing file /home/airflow/.local/lib/python3.12/site-packages/airflow/example_dags/tutorial_dag.py for tasks to queue
[2025-10-17T03:33:05.494+0000] {logging_mixin.py:188} INFO - [2025-10-17T03:33:05.493+0000] {dagbag.py:545} INFO - Filling up the DagBag from /home/airflow/.local/lib/python3.12/site-packages/airflow/example_dags/tutorial_dag.py
[2025-10-17T03:33:05.498+0000] {processor.py:840} INFO - DAG(s) 'tutorial_dag' retrieved from /home/airflow/.local/lib/python3.12/site-packages/airflow/example_dags/tutorial_dag.py
[2025-10-17T03:33:05.517+0000] {logging_mixin.py:188} INFO - [2025-10-17T03:33:05.516+0000] {dag.py:3096} INFO - Sync 1 DAGs
[2025-10-17T03:33:05.527+0000] {logging_mixin.py:188} INFO - [2025-10-17T03:33:05.527+0000] {dag.py:3954} INFO - Setting next_dagrun for tutorial_dag to None, run_after=None
[2025-10-17T03:33:05.543+0000] {processor.py:183} INFO - Processing /home/airflow/.local/lib/python3.12/site-packages/airflow/example_dags/tutorial_dag.py took 0.058 seconds
[2025-10-17T03:33:35.664+0000] {processor.py:161} INFO - Started process (PID=4517) to work on /home/airflow/.local/lib/python3.12/site-packages/airflow/example_dags/tutorial_dag.py
[2025-10-17T03:33:35.666+0000] {processor.py:830} INFO - Processing file /home/airflow/.local/lib/python3.12/site-packages/airflow/example_dags/tutorial_dag.py for tasks to queue
[2025-10-17T03:33:35.668+0000] {logging_mixin.py:188} INFO - [2025-10-17T03:33:35.668+0000] {dagbag.py:545} INFO - Filling up the DagBag from /home/airflow/.local/lib/python3.12/site-packages/airflow/example_dags/tutorial_dag.py
[2025-10-17T03:33:35.674+0000] {processor.py:840} INFO - DAG(s) 'tutorial_dag' retrieved from /home/airflow/.local/lib/python3.12/site-packages/airflow/example_dags/tutorial_dag.py
[2025-10-17T03:33:35.692+0000] {logging_mixin.py:188} INFO - [2025-10-17T03:33:35.692+0000] {dag.py:3096} INFO - Sync 1 DAGs
[2025-10-17T03:33:35.703+0000] {logging_mixin.py:188} INFO - [2025-10-17T03:33:35.703+0000] {dag.py:3954} INFO - Setting next_dagrun for tutorial_dag to None, run_after=None
[2025-10-17T03:33:35.719+0000] {processor.py:183} INFO - Processing /home/airflow/.local/lib/python3.12/site-packages/airflow/example_dags/tutorial_dag.py took 0.061 seconds
[2025-10-17T03:34:05.949+0000] {processor.py:161} INFO - Started process (PID=4563) to work on /home/airflow/.local/lib/python3.12/site-packages/airflow/example_dags/tutorial_dag.py
[2025-10-17T03:34:05.951+0000] {processor.py:830} INFO - Processing file /home/airflow/.local/lib/python3.12/site-packages/airflow/example_dags/tutorial_dag.py for tasks to queue
[2025-10-17T03:34:05.953+0000] {logging_mixin.py:188} INFO - [2025-10-17T03:34:05.953+0000] {dagbag.py:545} INFO - Filling up the DagBag from /home/airflow/.local/lib/python3.12/site-packages/airflow/example_dags/tutorial_dag.py
[2025-10-17T03:34:05.959+0000] {processor.py:840} INFO - DAG(s) 'tutorial_dag' retrieved from /home/airflow/.local/lib/python3.12/site-packages/airflow/example_dags/tutorial_dag.py
[2025-10-17T03:34:05.979+0000] {logging_mixin.py:188} INFO - [2025-10-17T03:34:05.979+0000] {dag.py:3096} INFO - Sync 1 DAGs
[2025-10-17T03:34:05.992+0000] {logging_mixin.py:188} INFO - [2025-10-17T03:34:05.991+0000] {dag.py:3954} INFO - Setting next_dagrun for tutorial_dag to None, run_after=None
[2025-10-17T03:34:06.014+0000] {processor.py:183} INFO - Processing /home/airflow/.local/lib/python3.12/site-packages/airflow/example_dags/tutorial_dag.py took 0.070 seconds
[2025-10-17T03:34:36.110+0000] {processor.py:161} INFO - Started process (PID=4622) to work on /home/airflow/.local/lib/python3.12/site-packages/airflow/example_dags/tutorial_dag.py
[2025-10-17T03:34:36.111+0000] {processor.py:830} INFO - Processing file /home/airflow/.local/lib/python3.12/site-packages/airflow/example_dags/tutorial_dag.py for tasks to queue
[2025-10-17T03:34:36.113+0000] {logging_mixin.py:188} INFO - [2025-10-17T03:34:36.113+0000] {dagbag.py:545} INFO - Filling up the DagBag from /home/airflow/.local/lib/python3.12/site-packages/airflow/example_dags/tutorial_dag.py
[2025-10-17T03:34:36.118+0000] {processor.py:840} INFO - DAG(s) 'tutorial_dag' retrieved from /home/airflow/.local/lib/python3.12/site-packages/airflow/example_dags/tutorial_dag.py
[2025-10-17T03:34:36.138+0000] {logging_mixin.py:188} INFO - [2025-10-17T03:34:36.138+0000] {dag.py:3096} INFO - Sync 1 DAGs
[2025-10-17T03:34:36.149+0000] {logging_mixin.py:188} INFO - [2025-10-17T03:34:36.149+0000] {dag.py:3954} INFO - Setting next_dagrun for tutorial_dag to None, run_after=None
[2025-10-17T03:34:36.167+0000] {processor.py:183} INFO - Processing /home/airflow/.local/lib/python3.12/site-packages/airflow/example_dags/tutorial_dag.py took 0.061 seconds
[2025-10-17T03:35:06.482+0000] {processor.py:161} INFO - Started process (PID=4681) to work on /home/airflow/.local/lib/python3.12/site-packages/airflow/example_dags/tutorial_dag.py
[2025-10-17T03:35:06.484+0000] {processor.py:830} INFO - Processing file /home/airflow/.local/lib/python3.12/site-packages/airflow/example_dags/tutorial_dag.py for tasks to queue
[2025-10-17T03:35:06.486+0000] {logging_mixin.py:188} INFO - [2025-10-17T03:35:06.486+0000] {dagbag.py:545} INFO - Filling up the DagBag from /home/airflow/.local/lib/python3.12/site-packages/airflow/example_dags/tutorial_dag.py
[2025-10-17T03:35:06.492+0000] {processor.py:840} INFO - DAG(s) 'tutorial_dag' retrieved from /home/airflow/.local/lib/python3.12/site-packages/airflow/example_dags/tutorial_dag.py
[2025-10-17T03:35:06.514+0000] {logging_mixin.py:188} INFO - [2025-10-17T03:35:06.514+0000] {dag.py:3096} INFO - Sync 1 DAGs
[2025-10-17T03:35:06.526+0000] {logging_mixin.py:188} INFO - [2025-10-17T03:35:06.526+0000] {dag.py:3954} INFO - Setting next_dagrun for tutorial_dag to None, run_after=None
[2025-10-17T03:35:06.545+0000] {processor.py:183} INFO - Processing /home/airflow/.local/lib/python3.12/site-packages/airflow/example_dags/tutorial_dag.py took 0.069 seconds
[2025-10-17T03:35:36.982+0000] {processor.py:161} INFO - Started process (PID=4740) to work on /home/airflow/.local/lib/python3.12/site-packages/airflow/example_dags/tutorial_dag.py
[2025-10-17T03:35:36.983+0000] {processor.py:830} INFO - Processing file /home/airflow/.local/lib/python3.12/site-packages/airflow/example_dags/tutorial_dag.py for tasks to queue
[2025-10-17T03:35:36.985+0000] {logging_mixin.py:188} INFO - [2025-10-17T03:35:36.984+0000] {dagbag.py:545} INFO - Filling up the DagBag from /home/airflow/.local/lib/python3.12/site-packages/airflow/example_dags/tutorial_dag.py
[2025-10-17T03:35:36.990+0000] {processor.py:840} INFO - DAG(s) 'tutorial_dag' retrieved from /home/airflow/.local/lib/python3.12/site-packages/airflow/example_dags/tutorial_dag.py
[2025-10-17T03:35:37.007+0000] {logging_mixin.py:188} INFO - [2025-10-17T03:35:37.007+0000] {dag.py:3096} INFO - Sync 1 DAGs
[2025-10-17T03:35:37.018+0000] {logging_mixin.py:188} INFO - [2025-10-17T03:35:37.018+0000] {dag.py:3954} INFO - Setting next_dagrun for tutorial_dag to None, run_after=None
[2025-10-17T03:35:37.040+0000] {processor.py:183} INFO - Processing /home/airflow/.local/lib/python3.12/site-packages/airflow/example_dags/tutorial_dag.py took 0.064 seconds
[2025-10-17T03:36:07.301+0000] {processor.py:161} INFO - Started process (PID=4799) to work on /home/airflow/.local/lib/python3.12/site-packages/airflow/example_dags/tutorial_dag.py
[2025-10-17T03:36:07.302+0000] {processor.py:830} INFO - Processing file /home/airflow/.local/lib/python3.12/site-packages/airflow/example_dags/tutorial_dag.py for tasks to queue
[2025-10-17T03:36:07.304+0000] {logging_mixin.py:188} INFO - [2025-10-17T03:36:07.303+0000] {dagbag.py:545} INFO - Filling up the DagBag from /home/airflow/.local/lib/python3.12/site-packages/airflow/example_dags/tutorial_dag.py
[2025-10-17T03:36:07.308+0000] {processor.py:840} INFO - DAG(s) 'tutorial_dag' retrieved from /home/airflow/.local/lib/python3.12/site-packages/airflow/example_dags/tutorial_dag.py
[2025-10-17T03:36:07.326+0000] {logging_mixin.py:188} INFO - [2025-10-17T03:36:07.326+0000] {dag.py:3096} INFO - Sync 1 DAGs
[2025-10-17T03:36:07.337+0000] {logging_mixin.py:188} INFO - [2025-10-17T03:36:07.337+0000] {dag.py:3954} INFO - Setting next_dagrun for tutorial_dag to None, run_after=None
[2025-10-17T03:36:07.356+0000] {processor.py:183} INFO - Processing /home/airflow/.local/lib/python3.12/site-packages/airflow/example_dags/tutorial_dag.py took 0.060 seconds
[2025-10-17T03:36:37.666+0000] {processor.py:161} INFO - Started process (PID=4858) to work on /home/airflow/.local/lib/python3.12/site-packages/airflow/example_dags/tutorial_dag.py
[2025-10-17T03:36:37.667+0000] {processor.py:830} INFO - Processing file /home/airflow/.local/lib/python3.12/site-packages/airflow/example_dags/tutorial_dag.py for tasks to queue
[2025-10-17T03:36:37.669+0000] {logging_mixin.py:188} INFO - [2025-10-17T03:36:37.669+0000] {dagbag.py:545} INFO - Filling up the DagBag from /home/airflow/.local/lib/python3.12/site-packages/airflow/example_dags/tutorial_dag.py
[2025-10-17T03:36:37.674+0000] {processor.py:840} INFO - DAG(s) 'tutorial_dag' retrieved from /home/airflow/.local/lib/python3.12/site-packages/airflow/example_dags/tutorial_dag.py
[2025-10-17T03:36:37.691+0000] {logging_mixin.py:188} INFO - [2025-10-17T03:36:37.691+0000] {dag.py:3096} INFO - Sync 1 DAGs
[2025-10-17T03:36:37.703+0000] {logging_mixin.py:188} INFO - [2025-10-17T03:36:37.702+0000] {dag.py:3954} INFO - Setting next_dagrun for tutorial_dag to None, run_after=None
[2025-10-17T03:36:37.720+0000] {processor.py:183} INFO - Processing /home/airflow/.local/lib/python3.12/site-packages/airflow/example_dags/tutorial_dag.py took 0.058 seconds
[2025-10-17T03:37:08.098+0000] {processor.py:161} INFO - Started process (PID=4917) to work on /home/airflow/.local/lib/python3.12/site-packages/airflow/example_dags/tutorial_dag.py
[2025-10-17T03:37:08.100+0000] {processor.py:830} INFO - Processing file /home/airflow/.local/lib/python3.12/site-packages/airflow/example_dags/tutorial_dag.py for tasks to queue
[2025-10-17T03:37:08.102+0000] {logging_mixin.py:188} INFO - [2025-10-17T03:37:08.102+0000] {dagbag.py:545} INFO - Filling up the DagBag from /home/airflow/.local/lib/python3.12/site-packages/airflow/example_dags/tutorial_dag.py
[2025-10-17T03:37:08.108+0000] {processor.py:840} INFO - DAG(s) 'tutorial_dag' retrieved from /home/airflow/.local/lib/python3.12/site-packages/airflow/example_dags/tutorial_dag.py
[2025-10-17T03:37:08.128+0000] {logging_mixin.py:188} INFO - [2025-10-17T03:37:08.128+0000] {dag.py:3096} INFO - Sync 1 DAGs
[2025-10-17T03:37:08.145+0000] {logging_mixin.py:188} INFO - [2025-10-17T03:37:08.144+0000] {dag.py:3954} INFO - Setting next_dagrun for tutorial_dag to None, run_after=None
[2025-10-17T03:37:08.163+0000] {processor.py:183} INFO - Processing /home/airflow/.local/lib/python3.12/site-packages/airflow/example_dags/tutorial_dag.py took 0.071 seconds
[2025-10-17T03:37:38.387+0000] {processor.py:161} INFO - Started process (PID=4976) to work on /home/airflow/.local/lib/python3.12/site-packages/airflow/example_dags/tutorial_dag.py
[2025-10-17T03:37:38.388+0000] {processor.py:830} INFO - Processing file /home/airflow/.local/lib/python3.12/site-packages/airflow/example_dags/tutorial_dag.py for tasks to queue
[2025-10-17T03:37:38.390+0000] {logging_mixin.py:188} INFO - [2025-10-17T03:37:38.390+0000] {dagbag.py:545} INFO - Filling up the DagBag from /home/airflow/.local/lib/python3.12/site-packages/airflow/example_dags/tutorial_dag.py
[2025-10-17T03:37:38.399+0000] {processor.py:840} INFO - DAG(s) 'tutorial_dag' retrieved from /home/airflow/.local/lib/python3.12/site-packages/airflow/example_dags/tutorial_dag.py
[2025-10-17T03:37:38.422+0000] {logging_mixin.py:188} INFO - [2025-10-17T03:37:38.422+0000] {dag.py:3096} INFO - Sync 1 DAGs
[2025-10-17T03:37:38.434+0000] {logging_mixin.py:188} INFO - [2025-10-17T03:37:38.433+0000] {dag.py:3954} INFO - Setting next_dagrun for tutorial_dag to None, run_after=None
[2025-10-17T03:37:38.455+0000] {processor.py:183} INFO - Processing /home/airflow/.local/lib/python3.12/site-packages/airflow/example_dags/tutorial_dag.py took 0.074 seconds
[2025-10-17T03:38:08.679+0000] {processor.py:161} INFO - Started process (PID=5035) to work on /home/airflow/.local/lib/python3.12/site-packages/airflow/example_dags/tutorial_dag.py
[2025-10-17T03:38:08.681+0000] {processor.py:830} INFO - Processing file /home/airflow/.local/lib/python3.12/site-packages/airflow/example_dags/tutorial_dag.py for tasks to queue
[2025-10-17T03:38:08.683+0000] {logging_mixin.py:188} INFO - [2025-10-17T03:38:08.683+0000] {dagbag.py:545} INFO - Filling up the DagBag from /home/airflow/.local/lib/python3.12/site-packages/airflow/example_dags/tutorial_dag.py
[2025-10-17T03:38:08.690+0000] {processor.py:840} INFO - DAG(s) 'tutorial_dag' retrieved from /home/airflow/.local/lib/python3.12/site-packages/airflow/example_dags/tutorial_dag.py
[2025-10-17T03:38:08.715+0000] {logging_mixin.py:188} INFO - [2025-10-17T03:38:08.715+0000] {dag.py:3096} INFO - Sync 1 DAGs
[2025-10-17T03:38:08.728+0000] {logging_mixin.py:188} INFO - [2025-10-17T03:38:08.728+0000] {dag.py:3954} INFO - Setting next_dagrun for tutorial_dag to None, run_after=None
[2025-10-17T03:38:08.753+0000] {processor.py:183} INFO - Processing /home/airflow/.local/lib/python3.12/site-packages/airflow/example_dags/tutorial_dag.py took 0.082 seconds
[2025-10-17T03:38:39.329+0000] {processor.py:161} INFO - Started process (PID=5094) to work on /home/airflow/.local/lib/python3.12/site-packages/airflow/example_dags/tutorial_dag.py
[2025-10-17T03:38:39.330+0000] {processor.py:830} INFO - Processing file /home/airflow/.local/lib/python3.12/site-packages/airflow/example_dags/tutorial_dag.py for tasks to queue
[2025-10-17T03:38:39.332+0000] {logging_mixin.py:188} INFO - [2025-10-17T03:38:39.331+0000] {dagbag.py:545} INFO - Filling up the DagBag from /home/airflow/.local/lib/python3.12/site-packages/airflow/example_dags/tutorial_dag.py
[2025-10-17T03:38:39.338+0000] {processor.py:840} INFO - DAG(s) 'tutorial_dag' retrieved from /home/airflow/.local/lib/python3.12/site-packages/airflow/example_dags/tutorial_dag.py
[2025-10-17T03:38:39.375+0000] {logging_mixin.py:188} INFO - [2025-10-17T03:38:39.375+0000] {dag.py:3096} INFO - Sync 1 DAGs
[2025-10-17T03:38:39.388+0000] {logging_mixin.py:188} INFO - [2025-10-17T03:38:39.388+0000] {dag.py:3954} INFO - Setting next_dagrun for tutorial_dag to None, run_after=None
[2025-10-17T03:38:39.407+0000] {processor.py:183} INFO - Processing /home/airflow/.local/lib/python3.12/site-packages/airflow/example_dags/tutorial_dag.py took 0.084 seconds
[2025-10-17T03:39:10.031+0000] {processor.py:161} INFO - Started process (PID=5153) to work on /home/airflow/.local/lib/python3.12/site-packages/airflow/example_dags/tutorial_dag.py
[2025-10-17T03:39:10.034+0000] {processor.py:830} INFO - Processing file /home/airflow/.local/lib/python3.12/site-packages/airflow/example_dags/tutorial_dag.py for tasks to queue
[2025-10-17T03:39:10.048+0000] {logging_mixin.py:188} INFO - [2025-10-17T03:39:10.047+0000] {dagbag.py:545} INFO - Filling up the DagBag from /home/airflow/.local/lib/python3.12/site-packages/airflow/example_dags/tutorial_dag.py
[2025-10-17T03:39:10.081+0000] {processor.py:840} INFO - DAG(s) 'tutorial_dag' retrieved from /home/airflow/.local/lib/python3.12/site-packages/airflow/example_dags/tutorial_dag.py
[2025-10-17T03:39:10.138+0000] {logging_mixin.py:188} INFO - [2025-10-17T03:39:10.138+0000] {dag.py:3096} INFO - Sync 1 DAGs
[2025-10-17T03:39:10.158+0000] {logging_mixin.py:188} INFO - [2025-10-17T03:39:10.157+0000] {dag.py:3954} INFO - Setting next_dagrun for tutorial_dag to None, run_after=None
[2025-10-17T03:39:10.186+0000] {processor.py:183} INFO - Processing /home/airflow/.local/lib/python3.12/site-packages/airflow/example_dags/tutorial_dag.py took 0.168 seconds
[2025-10-17T03:39:40.226+0000] {processor.py:161} INFO - Started process (PID=5210) to work on /home/airflow/.local/lib/python3.12/site-packages/airflow/example_dags/tutorial_dag.py
[2025-10-17T03:39:40.227+0000] {processor.py:830} INFO - Processing file /home/airflow/.local/lib/python3.12/site-packages/airflow/example_dags/tutorial_dag.py for tasks to queue
[2025-10-17T03:39:40.230+0000] {logging_mixin.py:188} INFO - [2025-10-17T03:39:40.229+0000] {dagbag.py:545} INFO - Filling up the DagBag from /home/airflow/.local/lib/python3.12/site-packages/airflow/example_dags/tutorial_dag.py
[2025-10-17T03:39:40.237+0000] {processor.py:840} INFO - DAG(s) 'tutorial_dag' retrieved from /home/airflow/.local/lib/python3.12/site-packages/airflow/example_dags/tutorial_dag.py
[2025-10-17T03:39:40.262+0000] {logging_mixin.py:188} INFO - [2025-10-17T03:39:40.262+0000] {dag.py:3096} INFO - Sync 1 DAGs
[2025-10-17T03:39:40.280+0000] {logging_mixin.py:188} INFO - [2025-10-17T03:39:40.279+0000] {dag.py:3954} INFO - Setting next_dagrun for tutorial_dag to None, run_after=None
[2025-10-17T03:39:40.310+0000] {processor.py:183} INFO - Processing /home/airflow/.local/lib/python3.12/site-packages/airflow/example_dags/tutorial_dag.py took 0.089 seconds
[2025-10-17T03:40:10.496+0000] {processor.py:161} INFO - Started process (PID=5268) to work on /home/airflow/.local/lib/python3.12/site-packages/airflow/example_dags/tutorial_dag.py
[2025-10-17T03:40:10.500+0000] {processor.py:830} INFO - Processing file /home/airflow/.local/lib/python3.12/site-packages/airflow/example_dags/tutorial_dag.py for tasks to queue
[2025-10-17T03:40:10.502+0000] {logging_mixin.py:188} INFO - [2025-10-17T03:40:10.502+0000] {dagbag.py:545} INFO - Filling up the DagBag from /home/airflow/.local/lib/python3.12/site-packages/airflow/example_dags/tutorial_dag.py
[2025-10-17T03:40:10.508+0000] {processor.py:840} INFO - DAG(s) 'tutorial_dag' retrieved from /home/airflow/.local/lib/python3.12/site-packages/airflow/example_dags/tutorial_dag.py
[2025-10-17T03:40:10.532+0000] {logging_mixin.py:188} INFO - [2025-10-17T03:40:10.532+0000] {dag.py:3096} INFO - Sync 1 DAGs
[2025-10-17T03:40:10.549+0000] {logging_mixin.py:188} INFO - [2025-10-17T03:40:10.548+0000] {dag.py:3954} INFO - Setting next_dagrun for tutorial_dag to None, run_after=None
[2025-10-17T03:40:10.576+0000] {processor.py:183} INFO - Processing /home/airflow/.local/lib/python3.12/site-packages/airflow/example_dags/tutorial_dag.py took 0.087 seconds
[2025-10-17T03:40:40.792+0000] {processor.py:161} INFO - Started process (PID=5328) to work on /home/airflow/.local/lib/python3.12/site-packages/airflow/example_dags/tutorial_dag.py
[2025-10-17T03:40:40.793+0000] {processor.py:830} INFO - Processing file /home/airflow/.local/lib/python3.12/site-packages/airflow/example_dags/tutorial_dag.py for tasks to queue
[2025-10-17T03:40:40.796+0000] {logging_mixin.py:188} INFO - [2025-10-17T03:40:40.795+0000] {dagbag.py:545} INFO - Filling up the DagBag from /home/airflow/.local/lib/python3.12/site-packages/airflow/example_dags/tutorial_dag.py
[2025-10-17T03:40:40.802+0000] {processor.py:840} INFO - DAG(s) 'tutorial_dag' retrieved from /home/airflow/.local/lib/python3.12/site-packages/airflow/example_dags/tutorial_dag.py
[2025-10-17T03:40:40.829+0000] {logging_mixin.py:188} INFO - [2025-10-17T03:40:40.829+0000] {dag.py:3096} INFO - Sync 1 DAGs
[2025-10-17T03:40:40.850+0000] {logging_mixin.py:188} INFO - [2025-10-17T03:40:40.849+0000] {dag.py:3954} INFO - Setting next_dagrun for tutorial_dag to None, run_after=None
[2025-10-17T03:40:40.877+0000] {processor.py:183} INFO - Processing /home/airflow/.local/lib/python3.12/site-packages/airflow/example_dags/tutorial_dag.py took 0.091 seconds
[2025-10-17T03:41:11.127+0000] {processor.py:161} INFO - Started process (PID=5387) to work on /home/airflow/.local/lib/python3.12/site-packages/airflow/example_dags/tutorial_dag.py
[2025-10-17T03:41:11.128+0000] {processor.py:830} INFO - Processing file /home/airflow/.local/lib/python3.12/site-packages/airflow/example_dags/tutorial_dag.py for tasks to queue
[2025-10-17T03:41:11.130+0000] {logging_mixin.py:188} INFO - [2025-10-17T03:41:11.130+0000] {dagbag.py:545} INFO - Filling up the DagBag from /home/airflow/.local/lib/python3.12/site-packages/airflow/example_dags/tutorial_dag.py
[2025-10-17T03:41:11.136+0000] {processor.py:840} INFO - DAG(s) 'tutorial_dag' retrieved from /home/airflow/.local/lib/python3.12/site-packages/airflow/example_dags/tutorial_dag.py
[2025-10-17T03:41:11.157+0000] {logging_mixin.py:188} INFO - [2025-10-17T03:41:11.156+0000] {dag.py:3096} INFO - Sync 1 DAGs
[2025-10-17T03:41:11.168+0000] {logging_mixin.py:188} INFO - [2025-10-17T03:41:11.168+0000] {dag.py:3954} INFO - Setting next_dagrun for tutorial_dag to None, run_after=None
[2025-10-17T03:41:11.190+0000] {processor.py:183} INFO - Processing /home/airflow/.local/lib/python3.12/site-packages/airflow/example_dags/tutorial_dag.py took 0.068 seconds
[2025-10-17T03:41:42.137+0000] {processor.py:161} INFO - Started process (PID=5446) to work on /home/airflow/.local/lib/python3.12/site-packages/airflow/example_dags/tutorial_dag.py
[2025-10-17T03:41:42.138+0000] {processor.py:830} INFO - Processing file /home/airflow/.local/lib/python3.12/site-packages/airflow/example_dags/tutorial_dag.py for tasks to queue
[2025-10-17T03:41:42.140+0000] {logging_mixin.py:188} INFO - [2025-10-17T03:41:42.140+0000] {dagbag.py:545} INFO - Filling up the DagBag from /home/airflow/.local/lib/python3.12/site-packages/airflow/example_dags/tutorial_dag.py
[2025-10-17T03:41:42.146+0000] {processor.py:840} INFO - DAG(s) 'tutorial_dag' retrieved from /home/airflow/.local/lib/python3.12/site-packages/airflow/example_dags/tutorial_dag.py
[2025-10-17T03:41:42.165+0000] {logging_mixin.py:188} INFO - [2025-10-17T03:41:42.164+0000] {dag.py:3096} INFO - Sync 1 DAGs
[2025-10-17T03:41:42.177+0000] {logging_mixin.py:188} INFO - [2025-10-17T03:41:42.176+0000] {dag.py:3954} INFO - Setting next_dagrun for tutorial_dag to None, run_after=None
[2025-10-17T03:41:42.196+0000] {processor.py:183} INFO - Processing /home/airflow/.local/lib/python3.12/site-packages/airflow/example_dags/tutorial_dag.py took 0.065 seconds
[2025-10-17T03:42:12.345+0000] {processor.py:161} INFO - Started process (PID=5505) to work on /home/airflow/.local/lib/python3.12/site-packages/airflow/example_dags/tutorial_dag.py
[2025-10-17T03:42:12.346+0000] {processor.py:830} INFO - Processing file /home/airflow/.local/lib/python3.12/site-packages/airflow/example_dags/tutorial_dag.py for tasks to queue
[2025-10-17T03:42:12.348+0000] {logging_mixin.py:188} INFO - [2025-10-17T03:42:12.348+0000] {dagbag.py:545} INFO - Filling up the DagBag from /home/airflow/.local/lib/python3.12/site-packages/airflow/example_dags/tutorial_dag.py
[2025-10-17T03:42:12.354+0000] {processor.py:840} INFO - DAG(s) 'tutorial_dag' retrieved from /home/airflow/.local/lib/python3.12/site-packages/airflow/example_dags/tutorial_dag.py
[2025-10-17T03:42:12.374+0000] {logging_mixin.py:188} INFO - [2025-10-17T03:42:12.374+0000] {dag.py:3096} INFO - Sync 1 DAGs
[2025-10-17T03:42:12.387+0000] {logging_mixin.py:188} INFO - [2025-10-17T03:42:12.387+0000] {dag.py:3954} INFO - Setting next_dagrun for tutorial_dag to None, run_after=None
[2025-10-17T03:42:12.425+0000] {processor.py:183} INFO - Processing /home/airflow/.local/lib/python3.12/site-packages/airflow/example_dags/tutorial_dag.py took 0.085 seconds
[2025-10-17T03:42:43.057+0000] {processor.py:161} INFO - Started process (PID=5564) to work on /home/airflow/.local/lib/python3.12/site-packages/airflow/example_dags/tutorial_dag.py
[2025-10-17T03:42:43.058+0000] {processor.py:830} INFO - Processing file /home/airflow/.local/lib/python3.12/site-packages/airflow/example_dags/tutorial_dag.py for tasks to queue
[2025-10-17T03:42:43.059+0000] {logging_mixin.py:188} INFO - [2025-10-17T03:42:43.059+0000] {dagbag.py:545} INFO - Filling up the DagBag from /home/airflow/.local/lib/python3.12/site-packages/airflow/example_dags/tutorial_dag.py
[2025-10-17T03:42:43.065+0000] {processor.py:840} INFO - DAG(s) 'tutorial_dag' retrieved from /home/airflow/.local/lib/python3.12/site-packages/airflow/example_dags/tutorial_dag.py
[2025-10-17T03:42:43.083+0000] {logging_mixin.py:188} INFO - [2025-10-17T03:42:43.083+0000] {dag.py:3096} INFO - Sync 1 DAGs
[2025-10-17T03:42:43.094+0000] {logging_mixin.py:188} INFO - [2025-10-17T03:42:43.094+0000] {dag.py:3954} INFO - Setting next_dagrun for tutorial_dag to None, run_after=None
[2025-10-17T03:42:43.118+0000] {processor.py:183} INFO - Processing /home/airflow/.local/lib/python3.12/site-packages/airflow/example_dags/tutorial_dag.py took 0.067 seconds
[2025-10-17T03:43:13.366+0000] {processor.py:161} INFO - Started process (PID=5623) to work on /home/airflow/.local/lib/python3.12/site-packages/airflow/example_dags/tutorial_dag.py
[2025-10-17T03:43:13.367+0000] {processor.py:830} INFO - Processing file /home/airflow/.local/lib/python3.12/site-packages/airflow/example_dags/tutorial_dag.py for tasks to queue
[2025-10-17T03:43:13.369+0000] {logging_mixin.py:188} INFO - [2025-10-17T03:43:13.368+0000] {dagbag.py:545} INFO - Filling up the DagBag from /home/airflow/.local/lib/python3.12/site-packages/airflow/example_dags/tutorial_dag.py
[2025-10-17T03:43:13.374+0000] {processor.py:840} INFO - DAG(s) 'tutorial_dag' retrieved from /home/airflow/.local/lib/python3.12/site-packages/airflow/example_dags/tutorial_dag.py
[2025-10-17T03:43:13.393+0000] {logging_mixin.py:188} INFO - [2025-10-17T03:43:13.393+0000] {dag.py:3096} INFO - Sync 1 DAGs
[2025-10-17T03:43:13.405+0000] {logging_mixin.py:188} INFO - [2025-10-17T03:43:13.404+0000] {dag.py:3954} INFO - Setting next_dagrun for tutorial_dag to None, run_after=None
[2025-10-17T03:43:13.424+0000] {processor.py:183} INFO - Processing /home/airflow/.local/lib/python3.12/site-packages/airflow/example_dags/tutorial_dag.py took 0.063 seconds
[2025-10-17T03:43:43.656+0000] {processor.py:161} INFO - Started process (PID=5682) to work on /home/airflow/.local/lib/python3.12/site-packages/airflow/example_dags/tutorial_dag.py
[2025-10-17T03:43:43.657+0000] {processor.py:830} INFO - Processing file /home/airflow/.local/lib/python3.12/site-packages/airflow/example_dags/tutorial_dag.py for tasks to queue
[2025-10-17T03:43:43.660+0000] {logging_mixin.py:188} INFO - [2025-10-17T03:43:43.660+0000] {dagbag.py:545} INFO - Filling up the DagBag from /home/airflow/.local/lib/python3.12/site-packages/airflow/example_dags/tutorial_dag.py
[2025-10-17T03:43:43.666+0000] {processor.py:840} INFO - DAG(s) 'tutorial_dag' retrieved from /home/airflow/.local/lib/python3.12/site-packages/airflow/example_dags/tutorial_dag.py
[2025-10-17T03:43:43.686+0000] {logging_mixin.py:188} INFO - [2025-10-17T03:43:43.686+0000] {dag.py:3096} INFO - Sync 1 DAGs
[2025-10-17T03:43:43.700+0000] {logging_mixin.py:188} INFO - [2025-10-17T03:43:43.700+0000] {dag.py:3954} INFO - Setting next_dagrun for tutorial_dag to None, run_after=None
[2025-10-17T03:43:43.721+0000] {processor.py:183} INFO - Processing /home/airflow/.local/lib/python3.12/site-packages/airflow/example_dags/tutorial_dag.py took 0.070 seconds
[2025-10-17T03:44:14.411+0000] {processor.py:161} INFO - Started process (PID=5741) to work on /home/airflow/.local/lib/python3.12/site-packages/airflow/example_dags/tutorial_dag.py
[2025-10-17T03:44:14.412+0000] {processor.py:830} INFO - Processing file /home/airflow/.local/lib/python3.12/site-packages/airflow/example_dags/tutorial_dag.py for tasks to queue
[2025-10-17T03:44:14.414+0000] {logging_mixin.py:188} INFO - [2025-10-17T03:44:14.413+0000] {dagbag.py:545} INFO - Filling up the DagBag from /home/airflow/.local/lib/python3.12/site-packages/airflow/example_dags/tutorial_dag.py
[2025-10-17T03:44:14.419+0000] {processor.py:840} INFO - DAG(s) 'tutorial_dag' retrieved from /home/airflow/.local/lib/python3.12/site-packages/airflow/example_dags/tutorial_dag.py
[2025-10-17T03:44:14.436+0000] {logging_mixin.py:188} INFO - [2025-10-17T03:44:14.436+0000] {dag.py:3096} INFO - Sync 1 DAGs
[2025-10-17T03:44:14.448+0000] {logging_mixin.py:188} INFO - [2025-10-17T03:44:14.448+0000] {dag.py:3954} INFO - Setting next_dagrun for tutorial_dag to None, run_after=None
[2025-10-17T03:44:14.467+0000] {processor.py:183} INFO - Processing /home/airflow/.local/lib/python3.12/site-packages/airflow/example_dags/tutorial_dag.py took 0.061 seconds
[2025-10-17T03:44:44.684+0000] {processor.py:161} INFO - Started process (PID=5801) to work on /home/airflow/.local/lib/python3.12/site-packages/airflow/example_dags/tutorial_dag.py
[2025-10-17T03:44:44.685+0000] {processor.py:830} INFO - Processing file /home/airflow/.local/lib/python3.12/site-packages/airflow/example_dags/tutorial_dag.py for tasks to queue
[2025-10-17T03:44:44.705+0000] {logging_mixin.py:188} INFO - [2025-10-17T03:44:44.705+0000] {dagbag.py:545} INFO - Filling up the DagBag from /home/airflow/.local/lib/python3.12/site-packages/airflow/example_dags/tutorial_dag.py
[2025-10-17T03:44:44.713+0000] {processor.py:840} INFO - DAG(s) 'tutorial_dag' retrieved from /home/airflow/.local/lib/python3.12/site-packages/airflow/example_dags/tutorial_dag.py
[2025-10-17T03:44:44.732+0000] {logging_mixin.py:188} INFO - [2025-10-17T03:44:44.731+0000] {dag.py:3096} INFO - Sync 1 DAGs
[2025-10-17T03:44:44.743+0000] {logging_mixin.py:188} INFO - [2025-10-17T03:44:44.743+0000] {dag.py:3954} INFO - Setting next_dagrun for tutorial_dag to None, run_after=None
[2025-10-17T03:44:44.761+0000] {processor.py:183} INFO - Processing /home/airflow/.local/lib/python3.12/site-packages/airflow/example_dags/tutorial_dag.py took 0.082 seconds
[2025-10-17T03:45:15.554+0000] {processor.py:161} INFO - Started process (PID=5860) to work on /home/airflow/.local/lib/python3.12/site-packages/airflow/example_dags/tutorial_dag.py
[2025-10-17T03:45:15.555+0000] {processor.py:830} INFO - Processing file /home/airflow/.local/lib/python3.12/site-packages/airflow/example_dags/tutorial_dag.py for tasks to queue
[2025-10-17T03:45:15.556+0000] {logging_mixin.py:188} INFO - [2025-10-17T03:45:15.556+0000] {dagbag.py:545} INFO - Filling up the DagBag from /home/airflow/.local/lib/python3.12/site-packages/airflow/example_dags/tutorial_dag.py
[2025-10-17T03:45:15.561+0000] {processor.py:840} INFO - DAG(s) 'tutorial_dag' retrieved from /home/airflow/.local/lib/python3.12/site-packages/airflow/example_dags/tutorial_dag.py
[2025-10-17T03:45:15.597+0000] {logging_mixin.py:188} INFO - [2025-10-17T03:45:15.597+0000] {dag.py:3096} INFO - Sync 1 DAGs
[2025-10-17T03:45:15.609+0000] {logging_mixin.py:188} INFO - [2025-10-17T03:45:15.609+0000] {dag.py:3954} INFO - Setting next_dagrun for tutorial_dag to None, run_after=None
[2025-10-17T03:45:15.630+0000] {processor.py:183} INFO - Processing /home/airflow/.local/lib/python3.12/site-packages/airflow/example_dags/tutorial_dag.py took 0.082 seconds
[2025-10-17T03:45:45.770+0000] {processor.py:161} INFO - Started process (PID=5919) to work on /home/airflow/.local/lib/python3.12/site-packages/airflow/example_dags/tutorial_dag.py
[2025-10-17T03:45:45.771+0000] {processor.py:830} INFO - Processing file /home/airflow/.local/lib/python3.12/site-packages/airflow/example_dags/tutorial_dag.py for tasks to queue
[2025-10-17T03:45:45.773+0000] {logging_mixin.py:188} INFO - [2025-10-17T03:45:45.773+0000] {dagbag.py:545} INFO - Filling up the DagBag from /home/airflow/.local/lib/python3.12/site-packages/airflow/example_dags/tutorial_dag.py
[2025-10-17T03:45:45.778+0000] {processor.py:840} INFO - DAG(s) 'tutorial_dag' retrieved from /home/airflow/.local/lib/python3.12/site-packages/airflow/example_dags/tutorial_dag.py
[2025-10-17T03:45:45.795+0000] {logging_mixin.py:188} INFO - [2025-10-17T03:45:45.795+0000] {dag.py:3096} INFO - Sync 1 DAGs
[2025-10-17T03:45:45.806+0000] {logging_mixin.py:188} INFO - [2025-10-17T03:45:45.805+0000] {dag.py:3954} INFO - Setting next_dagrun for tutorial_dag to None, run_after=None
[2025-10-17T03:45:45.844+0000] {processor.py:183} INFO - Processing /home/airflow/.local/lib/python3.12/site-packages/airflow/example_dags/tutorial_dag.py took 0.079 seconds
[2025-10-17T03:46:16.050+0000] {processor.py:161} INFO - Started process (PID=5978) to work on /home/airflow/.local/lib/python3.12/site-packages/airflow/example_dags/tutorial_dag.py
[2025-10-17T03:46:16.051+0000] {processor.py:830} INFO - Processing file /home/airflow/.local/lib/python3.12/site-packages/airflow/example_dags/tutorial_dag.py for tasks to queue
[2025-10-17T03:46:16.053+0000] {logging_mixin.py:188} INFO - [2025-10-17T03:46:16.053+0000] {dagbag.py:545} INFO - Filling up the DagBag from /home/airflow/.local/lib/python3.12/site-packages/airflow/example_dags/tutorial_dag.py
[2025-10-17T03:46:16.058+0000] {processor.py:840} INFO - DAG(s) 'tutorial_dag' retrieved from /home/airflow/.local/lib/python3.12/site-packages/airflow/example_dags/tutorial_dag.py
[2025-10-17T03:46:16.077+0000] {logging_mixin.py:188} INFO - [2025-10-17T03:46:16.077+0000] {dag.py:3096} INFO - Sync 1 DAGs
[2025-10-17T03:46:16.087+0000] {logging_mixin.py:188} INFO - [2025-10-17T03:46:16.087+0000] {dag.py:3954} INFO - Setting next_dagrun for tutorial_dag to None, run_after=None
[2025-10-17T03:46:16.107+0000] {processor.py:183} INFO - Processing /home/airflow/.local/lib/python3.12/site-packages/airflow/example_dags/tutorial_dag.py took 0.064 seconds
[2025-10-17T03:46:46.772+0000] {processor.py:161} INFO - Started process (PID=6037) to work on /home/airflow/.local/lib/python3.12/site-packages/airflow/example_dags/tutorial_dag.py
[2025-10-17T03:46:46.773+0000] {processor.py:830} INFO - Processing file /home/airflow/.local/lib/python3.12/site-packages/airflow/example_dags/tutorial_dag.py for tasks to queue
[2025-10-17T03:46:46.775+0000] {logging_mixin.py:188} INFO - [2025-10-17T03:46:46.775+0000] {dagbag.py:545} INFO - Filling up the DagBag from /home/airflow/.local/lib/python3.12/site-packages/airflow/example_dags/tutorial_dag.py
[2025-10-17T03:46:46.780+0000] {processor.py:840} INFO - DAG(s) 'tutorial_dag' retrieved from /home/airflow/.local/lib/python3.12/site-packages/airflow/example_dags/tutorial_dag.py
[2025-10-17T03:46:46.797+0000] {logging_mixin.py:188} INFO - [2025-10-17T03:46:46.796+0000] {dag.py:3096} INFO - Sync 1 DAGs
[2025-10-17T03:46:46.808+0000] {logging_mixin.py:188} INFO - [2025-10-17T03:46:46.808+0000] {dag.py:3954} INFO - Setting next_dagrun for tutorial_dag to None, run_after=None
[2025-10-17T03:46:46.845+0000] {processor.py:183} INFO - Processing /home/airflow/.local/lib/python3.12/site-packages/airflow/example_dags/tutorial_dag.py took 0.078 seconds
[2025-10-17T03:47:16.976+0000] {processor.py:161} INFO - Started process (PID=6096) to work on /home/airflow/.local/lib/python3.12/site-packages/airflow/example_dags/tutorial_dag.py
[2025-10-17T03:47:16.977+0000] {processor.py:830} INFO - Processing file /home/airflow/.local/lib/python3.12/site-packages/airflow/example_dags/tutorial_dag.py for tasks to queue
[2025-10-17T03:47:16.978+0000] {logging_mixin.py:188} INFO - [2025-10-17T03:47:16.978+0000] {dagbag.py:545} INFO - Filling up the DagBag from /home/airflow/.local/lib/python3.12/site-packages/airflow/example_dags/tutorial_dag.py
[2025-10-17T03:47:16.984+0000] {processor.py:840} INFO - DAG(s) 'tutorial_dag' retrieved from /home/airflow/.local/lib/python3.12/site-packages/airflow/example_dags/tutorial_dag.py
[2025-10-17T03:47:17.021+0000] {logging_mixin.py:188} INFO - [2025-10-17T03:47:17.021+0000] {dag.py:3096} INFO - Sync 1 DAGs
[2025-10-17T03:47:17.033+0000] {logging_mixin.py:188} INFO - [2025-10-17T03:47:17.033+0000] {dag.py:3954} INFO - Setting next_dagrun for tutorial_dag to None, run_after=None
[2025-10-17T03:47:17.053+0000] {processor.py:183} INFO - Processing /home/airflow/.local/lib/python3.12/site-packages/airflow/example_dags/tutorial_dag.py took 0.082 seconds
[2025-10-17T03:47:47.149+0000] {processor.py:161} INFO - Started process (PID=6156) to work on /home/airflow/.local/lib/python3.12/site-packages/airflow/example_dags/tutorial_dag.py
[2025-10-17T03:47:47.151+0000] {processor.py:830} INFO - Processing file /home/airflow/.local/lib/python3.12/site-packages/airflow/example_dags/tutorial_dag.py for tasks to queue
[2025-10-17T03:47:47.154+0000] {logging_mixin.py:188} INFO - [2025-10-17T03:47:47.154+0000] {dagbag.py:545} INFO - Filling up the DagBag from /home/airflow/.local/lib/python3.12/site-packages/airflow/example_dags/tutorial_dag.py
[2025-10-17T03:47:47.161+0000] {processor.py:840} INFO - DAG(s) 'tutorial_dag' retrieved from /home/airflow/.local/lib/python3.12/site-packages/airflow/example_dags/tutorial_dag.py
[2025-10-17T03:47:47.184+0000] {logging_mixin.py:188} INFO - [2025-10-17T03:47:47.184+0000] {dag.py:3096} INFO - Sync 1 DAGs
[2025-10-17T03:47:47.198+0000] {logging_mixin.py:188} INFO - [2025-10-17T03:47:47.197+0000] {dag.py:3954} INFO - Setting next_dagrun for tutorial_dag to None, run_after=None
[2025-10-17T03:47:47.221+0000] {processor.py:183} INFO - Processing /home/airflow/.local/lib/python3.12/site-packages/airflow/example_dags/tutorial_dag.py took 0.077 seconds
[2025-10-17T03:48:17.622+0000] {processor.py:161} INFO - Started process (PID=6215) to work on /home/airflow/.local/lib/python3.12/site-packages/airflow/example_dags/tutorial_dag.py
[2025-10-17T03:48:17.632+0000] {processor.py:830} INFO - Processing file /home/airflow/.local/lib/python3.12/site-packages/airflow/example_dags/tutorial_dag.py for tasks to queue
[2025-10-17T03:48:17.635+0000] {logging_mixin.py:188} INFO - [2025-10-17T03:48:17.635+0000] {dagbag.py:545} INFO - Filling up the DagBag from /home/airflow/.local/lib/python3.12/site-packages/airflow/example_dags/tutorial_dag.py
[2025-10-17T03:48:17.641+0000] {processor.py:840} INFO - DAG(s) 'tutorial_dag' retrieved from /home/airflow/.local/lib/python3.12/site-packages/airflow/example_dags/tutorial_dag.py
[2025-10-17T03:48:17.661+0000] {logging_mixin.py:188} INFO - [2025-10-17T03:48:17.661+0000] {dag.py:3096} INFO - Sync 1 DAGs
[2025-10-17T03:48:17.672+0000] {logging_mixin.py:188} INFO - [2025-10-17T03:48:17.672+0000] {dag.py:3954} INFO - Setting next_dagrun for tutorial_dag to None, run_after=None
[2025-10-17T03:48:17.692+0000] {processor.py:183} INFO - Processing /home/airflow/.local/lib/python3.12/site-packages/airflow/example_dags/tutorial_dag.py took 0.075 seconds
[2025-10-17T03:48:48.239+0000] {processor.py:161} INFO - Started process (PID=6274) to work on /home/airflow/.local/lib/python3.12/site-packages/airflow/example_dags/tutorial_dag.py
[2025-10-17T03:48:48.240+0000] {processor.py:830} INFO - Processing file /home/airflow/.local/lib/python3.12/site-packages/airflow/example_dags/tutorial_dag.py for tasks to queue
[2025-10-17T03:48:48.242+0000] {logging_mixin.py:188} INFO - [2025-10-17T03:48:48.242+0000] {dagbag.py:545} INFO - Filling up the DagBag from /home/airflow/.local/lib/python3.12/site-packages/airflow/example_dags/tutorial_dag.py
[2025-10-17T03:48:48.247+0000] {processor.py:840} INFO - DAG(s) 'tutorial_dag' retrieved from /home/airflow/.local/lib/python3.12/site-packages/airflow/example_dags/tutorial_dag.py
[2025-10-17T03:48:48.265+0000] {logging_mixin.py:188} INFO - [2025-10-17T03:48:48.265+0000] {dag.py:3096} INFO - Sync 1 DAGs
[2025-10-17T03:48:48.276+0000] {logging_mixin.py:188} INFO - [2025-10-17T03:48:48.275+0000] {dag.py:3954} INFO - Setting next_dagrun for tutorial_dag to None, run_after=None
[2025-10-17T03:48:48.294+0000] {processor.py:183} INFO - Processing /home/airflow/.local/lib/python3.12/site-packages/airflow/example_dags/tutorial_dag.py took 0.059 seconds
[2025-10-17T03:49:18.775+0000] {processor.py:161} INFO - Started process (PID=6333) to work on /home/airflow/.local/lib/python3.12/site-packages/airflow/example_dags/tutorial_dag.py
[2025-10-17T03:49:18.775+0000] {processor.py:830} INFO - Processing file /home/airflow/.local/lib/python3.12/site-packages/airflow/example_dags/tutorial_dag.py for tasks to queue
[2025-10-17T03:49:18.777+0000] {logging_mixin.py:188} INFO - [2025-10-17T03:49:18.777+0000] {dagbag.py:545} INFO - Filling up the DagBag from /home/airflow/.local/lib/python3.12/site-packages/airflow/example_dags/tutorial_dag.py
[2025-10-17T03:49:18.782+0000] {processor.py:840} INFO - DAG(s) 'tutorial_dag' retrieved from /home/airflow/.local/lib/python3.12/site-packages/airflow/example_dags/tutorial_dag.py
[2025-10-17T03:49:18.801+0000] {logging_mixin.py:188} INFO - [2025-10-17T03:49:18.800+0000] {dag.py:3096} INFO - Sync 1 DAGs
[2025-10-17T03:49:18.811+0000] {logging_mixin.py:188} INFO - [2025-10-17T03:49:18.811+0000] {dag.py:3954} INFO - Setting next_dagrun for tutorial_dag to None, run_after=None
[2025-10-17T03:49:18.842+0000] {processor.py:183} INFO - Processing /home/airflow/.local/lib/python3.12/site-packages/airflow/example_dags/tutorial_dag.py took 0.072 seconds
[2025-10-17T03:49:48.935+0000] {processor.py:161} INFO - Started process (PID=6392) to work on /home/airflow/.local/lib/python3.12/site-packages/airflow/example_dags/tutorial_dag.py
[2025-10-17T03:49:48.936+0000] {processor.py:830} INFO - Processing file /home/airflow/.local/lib/python3.12/site-packages/airflow/example_dags/tutorial_dag.py for tasks to queue
[2025-10-17T03:49:48.938+0000] {logging_mixin.py:188} INFO - [2025-10-17T03:49:48.938+0000] {dagbag.py:545} INFO - Filling up the DagBag from /home/airflow/.local/lib/python3.12/site-packages/airflow/example_dags/tutorial_dag.py
[2025-10-17T03:49:48.945+0000] {processor.py:840} INFO - DAG(s) 'tutorial_dag' retrieved from /home/airflow/.local/lib/python3.12/site-packages/airflow/example_dags/tutorial_dag.py
[2025-10-17T03:49:48.965+0000] {logging_mixin.py:188} INFO - [2025-10-17T03:49:48.964+0000] {dag.py:3096} INFO - Sync 1 DAGs
[2025-10-17T03:49:48.976+0000] {logging_mixin.py:188} INFO - [2025-10-17T03:49:48.976+0000] {dag.py:3954} INFO - Setting next_dagrun for tutorial_dag to None, run_after=None
[2025-10-17T03:49:49.013+0000] {processor.py:183} INFO - Processing /home/airflow/.local/lib/python3.12/site-packages/airflow/example_dags/tutorial_dag.py took 0.084 seconds
[2025-10-17T03:50:19.167+0000] {processor.py:161} INFO - Started process (PID=6451) to work on /home/airflow/.local/lib/python3.12/site-packages/airflow/example_dags/tutorial_dag.py
[2025-10-17T03:50:19.168+0000] {processor.py:830} INFO - Processing file /home/airflow/.local/lib/python3.12/site-packages/airflow/example_dags/tutorial_dag.py for tasks to queue
[2025-10-17T03:50:19.170+0000] {logging_mixin.py:188} INFO - [2025-10-17T03:50:19.170+0000] {dagbag.py:545} INFO - Filling up the DagBag from /home/airflow/.local/lib/python3.12/site-packages/airflow/example_dags/tutorial_dag.py
[2025-10-17T03:50:19.175+0000] {processor.py:840} INFO - DAG(s) 'tutorial_dag' retrieved from /home/airflow/.local/lib/python3.12/site-packages/airflow/example_dags/tutorial_dag.py
[2025-10-17T03:50:19.194+0000] {logging_mixin.py:188} INFO - [2025-10-17T03:50:19.193+0000] {dag.py:3096} INFO - Sync 1 DAGs
[2025-10-17T03:50:19.205+0000] {logging_mixin.py:188} INFO - [2025-10-17T03:50:19.205+0000] {dag.py:3954} INFO - Setting next_dagrun for tutorial_dag to None, run_after=None
[2025-10-17T03:50:19.227+0000] {processor.py:183} INFO - Processing /home/airflow/.local/lib/python3.12/site-packages/airflow/example_dags/tutorial_dag.py took 0.065 seconds
[2025-10-17T03:50:49.392+0000] {processor.py:161} INFO - Started process (PID=6510) to work on /home/airflow/.local/lib/python3.12/site-packages/airflow/example_dags/tutorial_dag.py
[2025-10-17T03:50:49.393+0000] {processor.py:830} INFO - Processing file /home/airflow/.local/lib/python3.12/site-packages/airflow/example_dags/tutorial_dag.py for tasks to queue
[2025-10-17T03:50:49.395+0000] {logging_mixin.py:188} INFO - [2025-10-17T03:50:49.394+0000] {dagbag.py:545} INFO - Filling up the DagBag from /home/airflow/.local/lib/python3.12/site-packages/airflow/example_dags/tutorial_dag.py
[2025-10-17T03:50:49.400+0000] {processor.py:840} INFO - DAG(s) 'tutorial_dag' retrieved from /home/airflow/.local/lib/python3.12/site-packages/airflow/example_dags/tutorial_dag.py
[2025-10-17T03:50:49.418+0000] {logging_mixin.py:188} INFO - [2025-10-17T03:50:49.418+0000] {dag.py:3096} INFO - Sync 1 DAGs
[2025-10-17T03:50:49.430+0000] {logging_mixin.py:188} INFO - [2025-10-17T03:50:49.430+0000] {dag.py:3954} INFO - Setting next_dagrun for tutorial_dag to None, run_after=None
[2025-10-17T03:50:49.457+0000] {processor.py:183} INFO - Processing /home/airflow/.local/lib/python3.12/site-packages/airflow/example_dags/tutorial_dag.py took 0.072 seconds
[2025-10-17T03:51:20.175+0000] {processor.py:161} INFO - Started process (PID=6575) to work on /home/airflow/.local/lib/python3.12/site-packages/airflow/example_dags/tutorial_dag.py
[2025-10-17T03:51:20.177+0000] {processor.py:830} INFO - Processing file /home/airflow/.local/lib/python3.12/site-packages/airflow/example_dags/tutorial_dag.py for tasks to queue
[2025-10-17T03:51:20.178+0000] {logging_mixin.py:188} INFO - [2025-10-17T03:51:20.178+0000] {dagbag.py:545} INFO - Filling up the DagBag from /home/airflow/.local/lib/python3.12/site-packages/airflow/example_dags/tutorial_dag.py
[2025-10-17T03:51:20.184+0000] {processor.py:840} INFO - DAG(s) 'tutorial_dag' retrieved from /home/airflow/.local/lib/python3.12/site-packages/airflow/example_dags/tutorial_dag.py
[2025-10-17T03:51:20.202+0000] {logging_mixin.py:188} INFO - [2025-10-17T03:51:20.202+0000] {dag.py:3096} INFO - Sync 1 DAGs
[2025-10-17T03:51:20.213+0000] {logging_mixin.py:188} INFO - [2025-10-17T03:51:20.212+0000] {dag.py:3954} INFO - Setting next_dagrun for tutorial_dag to None, run_after=None
[2025-10-17T03:51:20.232+0000] {processor.py:183} INFO - Processing /home/airflow/.local/lib/python3.12/site-packages/airflow/example_dags/tutorial_dag.py took 0.061 seconds
[2025-10-17T03:51:50.602+0000] {processor.py:161} INFO - Started process (PID=6634) to work on /home/airflow/.local/lib/python3.12/site-packages/airflow/example_dags/tutorial_dag.py
[2025-10-17T03:51:50.603+0000] {processor.py:830} INFO - Processing file /home/airflow/.local/lib/python3.12/site-packages/airflow/example_dags/tutorial_dag.py for tasks to queue
[2025-10-17T03:51:50.605+0000] {logging_mixin.py:188} INFO - [2025-10-17T03:51:50.605+0000] {dagbag.py:545} INFO - Filling up the DagBag from /home/airflow/.local/lib/python3.12/site-packages/airflow/example_dags/tutorial_dag.py
[2025-10-17T03:51:50.609+0000] {processor.py:840} INFO - DAG(s) 'tutorial_dag' retrieved from /home/airflow/.local/lib/python3.12/site-packages/airflow/example_dags/tutorial_dag.py
[2025-10-17T03:51:50.627+0000] {logging_mixin.py:188} INFO - [2025-10-17T03:51:50.627+0000] {dag.py:3096} INFO - Sync 1 DAGs
[2025-10-17T03:51:50.638+0000] {logging_mixin.py:188} INFO - [2025-10-17T03:51:50.637+0000] {dag.py:3954} INFO - Setting next_dagrun for tutorial_dag to None, run_after=None
[2025-10-17T03:51:50.656+0000] {processor.py:183} INFO - Processing /home/airflow/.local/lib/python3.12/site-packages/airflow/example_dags/tutorial_dag.py took 0.059 seconds
[2025-10-17T03:52:21.255+0000] {processor.py:161} INFO - Started process (PID=6693) to work on /home/airflow/.local/lib/python3.12/site-packages/airflow/example_dags/tutorial_dag.py
[2025-10-17T03:52:21.256+0000] {processor.py:830} INFO - Processing file /home/airflow/.local/lib/python3.12/site-packages/airflow/example_dags/tutorial_dag.py for tasks to queue
[2025-10-17T03:52:21.259+0000] {logging_mixin.py:188} INFO - [2025-10-17T03:52:21.259+0000] {dagbag.py:545} INFO - Filling up the DagBag from /home/airflow/.local/lib/python3.12/site-packages/airflow/example_dags/tutorial_dag.py
[2025-10-17T03:52:21.272+0000] {processor.py:840} INFO - DAG(s) 'tutorial_dag' retrieved from /home/airflow/.local/lib/python3.12/site-packages/airflow/example_dags/tutorial_dag.py
[2025-10-17T03:52:21.317+0000] {logging_mixin.py:188} INFO - [2025-10-17T03:52:21.316+0000] {dag.py:3096} INFO - Sync 1 DAGs
[2025-10-17T03:52:21.593+0000] {logging_mixin.py:188} INFO - [2025-10-17T03:52:21.592+0000] {dag.py:3954} INFO - Setting next_dagrun for tutorial_dag to None, run_after=None
[2025-10-17T03:52:21.633+0000] {processor.py:183} INFO - Processing /home/airflow/.local/lib/python3.12/site-packages/airflow/example_dags/tutorial_dag.py took 0.390 seconds
[2025-10-17T03:52:52.115+0000] {processor.py:161} INFO - Started process (PID=6752) to work on /home/airflow/.local/lib/python3.12/site-packages/airflow/example_dags/tutorial_dag.py
[2025-10-17T03:52:52.117+0000] {processor.py:830} INFO - Processing file /home/airflow/.local/lib/python3.12/site-packages/airflow/example_dags/tutorial_dag.py for tasks to queue
[2025-10-17T03:52:52.119+0000] {logging_mixin.py:188} INFO - [2025-10-17T03:52:52.119+0000] {dagbag.py:545} INFO - Filling up the DagBag from /home/airflow/.local/lib/python3.12/site-packages/airflow/example_dags/tutorial_dag.py
[2025-10-17T03:52:52.125+0000] {processor.py:840} INFO - DAG(s) 'tutorial_dag' retrieved from /home/airflow/.local/lib/python3.12/site-packages/airflow/example_dags/tutorial_dag.py
[2025-10-17T03:52:52.145+0000] {logging_mixin.py:188} INFO - [2025-10-17T03:52:52.145+0000] {dag.py:3096} INFO - Sync 1 DAGs
[2025-10-17T03:52:52.313+0000] {logging_mixin.py:188} INFO - [2025-10-17T03:52:52.313+0000] {dag.py:3954} INFO - Setting next_dagrun for tutorial_dag to None, run_after=None
[2025-10-17T03:52:52.343+0000] {processor.py:183} INFO - Processing /home/airflow/.local/lib/python3.12/site-packages/airflow/example_dags/tutorial_dag.py took 0.234 seconds
[2025-10-17T03:53:22.998+0000] {processor.py:161} INFO - Started process (PID=6811) to work on /home/airflow/.local/lib/python3.12/site-packages/airflow/example_dags/tutorial_dag.py
[2025-10-17T03:53:22.999+0000] {processor.py:830} INFO - Processing file /home/airflow/.local/lib/python3.12/site-packages/airflow/example_dags/tutorial_dag.py for tasks to queue
[2025-10-17T03:53:23.002+0000] {logging_mixin.py:188} INFO - [2025-10-17T03:53:23.001+0000] {dagbag.py:545} INFO - Filling up the DagBag from /home/airflow/.local/lib/python3.12/site-packages/airflow/example_dags/tutorial_dag.py
[2025-10-17T03:53:23.009+0000] {processor.py:840} INFO - DAG(s) 'tutorial_dag' retrieved from /home/airflow/.local/lib/python3.12/site-packages/airflow/example_dags/tutorial_dag.py
[2025-10-17T03:53:23.039+0000] {logging_mixin.py:188} INFO - [2025-10-17T03:53:23.039+0000] {dag.py:3096} INFO - Sync 1 DAGs
[2025-10-17T03:53:23.053+0000] {logging_mixin.py:188} INFO - [2025-10-17T03:53:23.053+0000] {dag.py:3954} INFO - Setting next_dagrun for tutorial_dag to None, run_after=None
[2025-10-17T03:53:23.078+0000] {processor.py:183} INFO - Processing /home/airflow/.local/lib/python3.12/site-packages/airflow/example_dags/tutorial_dag.py took 0.084 seconds
[2025-10-17T03:53:53.184+0000] {processor.py:161} INFO - Started process (PID=6870) to work on /home/airflow/.local/lib/python3.12/site-packages/airflow/example_dags/tutorial_dag.py
[2025-10-17T03:53:53.185+0000] {processor.py:830} INFO - Processing file /home/airflow/.local/lib/python3.12/site-packages/airflow/example_dags/tutorial_dag.py for tasks to queue
[2025-10-17T03:53:53.187+0000] {logging_mixin.py:188} INFO - [2025-10-17T03:53:53.187+0000] {dagbag.py:545} INFO - Filling up the DagBag from /home/airflow/.local/lib/python3.12/site-packages/airflow/example_dags/tutorial_dag.py
[2025-10-17T03:53:53.192+0000] {processor.py:840} INFO - DAG(s) 'tutorial_dag' retrieved from /home/airflow/.local/lib/python3.12/site-packages/airflow/example_dags/tutorial_dag.py
[2025-10-17T03:53:53.212+0000] {logging_mixin.py:188} INFO - [2025-10-17T03:53:53.211+0000] {dag.py:3096} INFO - Sync 1 DAGs
[2025-10-17T03:53:53.223+0000] {logging_mixin.py:188} INFO - [2025-10-17T03:53:53.222+0000] {dag.py:3954} INFO - Setting next_dagrun for tutorial_dag to None, run_after=None
[2025-10-17T03:53:53.243+0000] {processor.py:183} INFO - Processing /home/airflow/.local/lib/python3.12/site-packages/airflow/example_dags/tutorial_dag.py took 0.065 seconds
[2025-10-17T03:54:23.445+0000] {processor.py:161} INFO - Started process (PID=6929) to work on /home/airflow/.local/lib/python3.12/site-packages/airflow/example_dags/tutorial_dag.py
[2025-10-17T03:54:23.446+0000] {processor.py:830} INFO - Processing file /home/airflow/.local/lib/python3.12/site-packages/airflow/example_dags/tutorial_dag.py for tasks to queue
[2025-10-17T03:54:23.469+0000] {logging_mixin.py:188} INFO - [2025-10-17T03:54:23.468+0000] {dagbag.py:545} INFO - Filling up the DagBag from /home/airflow/.local/lib/python3.12/site-packages/airflow/example_dags/tutorial_dag.py
[2025-10-17T03:54:23.475+0000] {processor.py:840} INFO - DAG(s) 'tutorial_dag' retrieved from /home/airflow/.local/lib/python3.12/site-packages/airflow/example_dags/tutorial_dag.py
[2025-10-17T03:54:23.493+0000] {logging_mixin.py:188} INFO - [2025-10-17T03:54:23.493+0000] {dag.py:3096} INFO - Sync 1 DAGs
[2025-10-17T03:54:23.504+0000] {logging_mixin.py:188} INFO - [2025-10-17T03:54:23.504+0000] {dag.py:3954} INFO - Setting next_dagrun for tutorial_dag to None, run_after=None
[2025-10-17T03:54:23.521+0000] {processor.py:183} INFO - Processing /home/airflow/.local/lib/python3.12/site-packages/airflow/example_dags/tutorial_dag.py took 0.081 seconds
[2025-10-17T03:54:53.663+0000] {processor.py:161} INFO - Started process (PID=6988) to work on /home/airflow/.local/lib/python3.12/site-packages/airflow/example_dags/tutorial_dag.py
[2025-10-17T03:54:53.664+0000] {processor.py:830} INFO - Processing file /home/airflow/.local/lib/python3.12/site-packages/airflow/example_dags/tutorial_dag.py for tasks to queue
[2025-10-17T03:54:53.665+0000] {logging_mixin.py:188} INFO - [2025-10-17T03:54:53.665+0000] {dagbag.py:545} INFO - Filling up the DagBag from /home/airflow/.local/lib/python3.12/site-packages/airflow/example_dags/tutorial_dag.py
[2025-10-17T03:54:53.672+0000] {processor.py:840} INFO - DAG(s) 'tutorial_dag' retrieved from /home/airflow/.local/lib/python3.12/site-packages/airflow/example_dags/tutorial_dag.py
[2025-10-17T03:54:53.696+0000] {logging_mixin.py:188} INFO - [2025-10-17T03:54:53.696+0000] {dag.py:3096} INFO - Sync 1 DAGs
[2025-10-17T03:54:53.707+0000] {logging_mixin.py:188} INFO - [2025-10-17T03:54:53.707+0000] {dag.py:3954} INFO - Setting next_dagrun for tutorial_dag to None, run_after=None
[2025-10-17T03:54:53.744+0000] {processor.py:183} INFO - Processing /home/airflow/.local/lib/python3.12/site-packages/airflow/example_dags/tutorial_dag.py took 0.086 seconds
[2025-10-17T03:55:23.863+0000] {processor.py:161} INFO - Started process (PID=7047) to work on /home/airflow/.local/lib/python3.12/site-packages/airflow/example_dags/tutorial_dag.py
[2025-10-17T03:55:23.872+0000] {processor.py:830} INFO - Processing file /home/airflow/.local/lib/python3.12/site-packages/airflow/example_dags/tutorial_dag.py for tasks to queue
[2025-10-17T03:55:23.876+0000] {logging_mixin.py:188} INFO - [2025-10-17T03:55:23.875+0000] {dagbag.py:545} INFO - Filling up the DagBag from /home/airflow/.local/lib/python3.12/site-packages/airflow/example_dags/tutorial_dag.py
[2025-10-17T03:55:23.886+0000] {processor.py:840} INFO - DAG(s) 'tutorial_dag' retrieved from /home/airflow/.local/lib/python3.12/site-packages/airflow/example_dags/tutorial_dag.py
[2025-10-17T03:55:23.919+0000] {logging_mixin.py:188} INFO - [2025-10-17T03:55:23.918+0000] {dag.py:3096} INFO - Sync 1 DAGs
[2025-10-17T03:55:23.932+0000] {logging_mixin.py:188} INFO - [2025-10-17T03:55:23.932+0000] {dag.py:3954} INFO - Setting next_dagrun for tutorial_dag to None, run_after=None
[2025-10-17T03:55:23.954+0000] {processor.py:183} INFO - Processing /home/airflow/.local/lib/python3.12/site-packages/airflow/example_dags/tutorial_dag.py took 0.100 seconds
[2025-10-17T03:55:54.510+0000] {processor.py:161} INFO - Started process (PID=7106) to work on /home/airflow/.local/lib/python3.12/site-packages/airflow/example_dags/tutorial_dag.py
[2025-10-17T03:55:54.511+0000] {processor.py:830} INFO - Processing file /home/airflow/.local/lib/python3.12/site-packages/airflow/example_dags/tutorial_dag.py for tasks to queue
[2025-10-17T03:55:54.514+0000] {logging_mixin.py:188} INFO - [2025-10-17T03:55:54.514+0000] {dagbag.py:545} INFO - Filling up the DagBag from /home/airflow/.local/lib/python3.12/site-packages/airflow/example_dags/tutorial_dag.py
[2025-10-17T03:55:54.522+0000] {processor.py:840} INFO - DAG(s) 'tutorial_dag' retrieved from /home/airflow/.local/lib/python3.12/site-packages/airflow/example_dags/tutorial_dag.py
[2025-10-17T03:55:54.557+0000] {logging_mixin.py:188} INFO - [2025-10-17T03:55:54.556+0000] {dag.py:3096} INFO - Sync 1 DAGs
[2025-10-17T03:55:54.580+0000] {logging_mixin.py:188} INFO - [2025-10-17T03:55:54.579+0000] {dag.py:3954} INFO - Setting next_dagrun for tutorial_dag to None, run_after=None
[2025-10-17T03:55:54.612+0000] {processor.py:183} INFO - Processing /home/airflow/.local/lib/python3.12/site-packages/airflow/example_dags/tutorial_dag.py took 0.111 seconds
[2025-10-17T03:56:24.731+0000] {processor.py:161} INFO - Started process (PID=7165) to work on /home/airflow/.local/lib/python3.12/site-packages/airflow/example_dags/tutorial_dag.py
[2025-10-17T03:56:24.733+0000] {processor.py:830} INFO - Processing file /home/airflow/.local/lib/python3.12/site-packages/airflow/example_dags/tutorial_dag.py for tasks to queue
[2025-10-17T03:56:24.736+0000] {logging_mixin.py:188} INFO - [2025-10-17T03:56:24.736+0000] {dagbag.py:545} INFO - Filling up the DagBag from /home/airflow/.local/lib/python3.12/site-packages/airflow/example_dags/tutorial_dag.py
[2025-10-17T03:56:24.743+0000] {processor.py:840} INFO - DAG(s) 'tutorial_dag' retrieved from /home/airflow/.local/lib/python3.12/site-packages/airflow/example_dags/tutorial_dag.py
[2025-10-17T03:56:24.763+0000] {logging_mixin.py:188} INFO - [2025-10-17T03:56:24.763+0000] {dag.py:3096} INFO - Sync 1 DAGs
[2025-10-17T03:56:24.775+0000] {logging_mixin.py:188} INFO - [2025-10-17T03:56:24.775+0000] {dag.py:3954} INFO - Setting next_dagrun for tutorial_dag to None, run_after=None
[2025-10-17T03:56:24.794+0000] {processor.py:183} INFO - Processing /home/airflow/.local/lib/python3.12/site-packages/airflow/example_dags/tutorial_dag.py took 0.074 seconds
[2025-10-17T03:56:54.936+0000] {processor.py:161} INFO - Started process (PID=7224) to work on /home/airflow/.local/lib/python3.12/site-packages/airflow/example_dags/tutorial_dag.py
[2025-10-17T03:56:54.937+0000] {processor.py:830} INFO - Processing file /home/airflow/.local/lib/python3.12/site-packages/airflow/example_dags/tutorial_dag.py for tasks to queue
[2025-10-17T03:56:54.939+0000] {logging_mixin.py:188} INFO - [2025-10-17T03:56:54.939+0000] {dagbag.py:545} INFO - Filling up the DagBag from /home/airflow/.local/lib/python3.12/site-packages/airflow/example_dags/tutorial_dag.py
[2025-10-17T03:56:54.945+0000] {processor.py:840} INFO - DAG(s) 'tutorial_dag' retrieved from /home/airflow/.local/lib/python3.12/site-packages/airflow/example_dags/tutorial_dag.py
[2025-10-17T03:56:54.964+0000] {logging_mixin.py:188} INFO - [2025-10-17T03:56:54.964+0000] {dag.py:3096} INFO - Sync 1 DAGs
[2025-10-17T03:56:54.977+0000] {logging_mixin.py:188} INFO - [2025-10-17T03:56:54.977+0000] {dag.py:3954} INFO - Setting next_dagrun for tutorial_dag to None, run_after=None
[2025-10-17T03:56:54.997+0000] {processor.py:183} INFO - Processing /home/airflow/.local/lib/python3.12/site-packages/airflow/example_dags/tutorial_dag.py took 0.066 seconds
[2025-10-17T03:57:25.884+0000] {processor.py:161} INFO - Started process (PID=7283) to work on /home/airflow/.local/lib/python3.12/site-packages/airflow/example_dags/tutorial_dag.py
[2025-10-17T03:57:25.886+0000] {processor.py:830} INFO - Processing file /home/airflow/.local/lib/python3.12/site-packages/airflow/example_dags/tutorial_dag.py for tasks to queue
[2025-10-17T03:57:25.889+0000] {logging_mixin.py:188} INFO - [2025-10-17T03:57:25.888+0000] {dagbag.py:545} INFO - Filling up the DagBag from /home/airflow/.local/lib/python3.12/site-packages/airflow/example_dags/tutorial_dag.py
[2025-10-17T03:57:25.896+0000] {processor.py:840} INFO - DAG(s) 'tutorial_dag' retrieved from /home/airflow/.local/lib/python3.12/site-packages/airflow/example_dags/tutorial_dag.py
[2025-10-17T03:57:25.925+0000] {logging_mixin.py:188} INFO - [2025-10-17T03:57:25.925+0000] {dag.py:3096} INFO - Sync 1 DAGs
[2025-10-17T03:57:25.941+0000] {logging_mixin.py:188} INFO - [2025-10-17T03:57:25.941+0000] {dag.py:3954} INFO - Setting next_dagrun for tutorial_dag to None, run_after=None
[2025-10-17T03:57:25.971+0000] {processor.py:183} INFO - Processing /home/airflow/.local/lib/python3.12/site-packages/airflow/example_dags/tutorial_dag.py took 0.093 seconds
[2025-10-17T03:57:56.179+0000] {processor.py:161} INFO - Started process (PID=7342) to work on /home/airflow/.local/lib/python3.12/site-packages/airflow/example_dags/tutorial_dag.py
[2025-10-17T03:57:56.181+0000] {processor.py:830} INFO - Processing file /home/airflow/.local/lib/python3.12/site-packages/airflow/example_dags/tutorial_dag.py for tasks to queue
[2025-10-17T03:57:56.182+0000] {logging_mixin.py:188} INFO - [2025-10-17T03:57:56.182+0000] {dagbag.py:545} INFO - Filling up the DagBag from /home/airflow/.local/lib/python3.12/site-packages/airflow/example_dags/tutorial_dag.py
[2025-10-17T03:57:56.187+0000] {processor.py:840} INFO - DAG(s) 'tutorial_dag' retrieved from /home/airflow/.local/lib/python3.12/site-packages/airflow/example_dags/tutorial_dag.py
[2025-10-17T03:57:56.206+0000] {logging_mixin.py:188} INFO - [2025-10-17T03:57:56.205+0000] {dag.py:3096} INFO - Sync 1 DAGs
[2025-10-17T03:57:56.216+0000] {logging_mixin.py:188} INFO - [2025-10-17T03:57:56.216+0000] {dag.py:3954} INFO - Setting next_dagrun for tutorial_dag to None, run_after=None
[2025-10-17T03:57:56.236+0000] {processor.py:183} INFO - Processing /home/airflow/.local/lib/python3.12/site-packages/airflow/example_dags/tutorial_dag.py took 0.062 seconds
[2025-10-17T03:58:27.121+0000] {processor.py:161} INFO - Started process (PID=7401) to work on /home/airflow/.local/lib/python3.12/site-packages/airflow/example_dags/tutorial_dag.py
[2025-10-17T03:58:27.122+0000] {processor.py:830} INFO - Processing file /home/airflow/.local/lib/python3.12/site-packages/airflow/example_dags/tutorial_dag.py for tasks to queue
[2025-10-17T03:58:27.125+0000] {logging_mixin.py:188} INFO - [2025-10-17T03:58:27.124+0000] {dagbag.py:545} INFO - Filling up the DagBag from /home/airflow/.local/lib/python3.12/site-packages/airflow/example_dags/tutorial_dag.py
[2025-10-17T03:58:27.132+0000] {processor.py:840} INFO - DAG(s) 'tutorial_dag' retrieved from /home/airflow/.local/lib/python3.12/site-packages/airflow/example_dags/tutorial_dag.py
[2025-10-17T03:58:27.154+0000] {logging_mixin.py:188} INFO - [2025-10-17T03:58:27.154+0000] {dag.py:3096} INFO - Sync 1 DAGs
[2025-10-17T03:58:27.166+0000] {logging_mixin.py:188} INFO - [2025-10-17T03:58:27.166+0000] {dag.py:3954} INFO - Setting next_dagrun for tutorial_dag to None, run_after=None
[2025-10-17T03:58:27.187+0000] {processor.py:183} INFO - Processing /home/airflow/.local/lib/python3.12/site-packages/airflow/example_dags/tutorial_dag.py took 0.072 seconds
[2025-10-17T03:58:57.488+0000] {processor.py:161} INFO - Started process (PID=7460) to work on /home/airflow/.local/lib/python3.12/site-packages/airflow/example_dags/tutorial_dag.py
[2025-10-17T03:58:57.489+0000] {processor.py:830} INFO - Processing file /home/airflow/.local/lib/python3.12/site-packages/airflow/example_dags/tutorial_dag.py for tasks to queue
[2025-10-17T03:58:57.492+0000] {logging_mixin.py:188} INFO - [2025-10-17T03:58:57.491+0000] {dagbag.py:545} INFO - Filling up the DagBag from /home/airflow/.local/lib/python3.12/site-packages/airflow/example_dags/tutorial_dag.py
[2025-10-17T03:58:57.498+0000] {processor.py:840} INFO - DAG(s) 'tutorial_dag' retrieved from /home/airflow/.local/lib/python3.12/site-packages/airflow/example_dags/tutorial_dag.py
[2025-10-17T03:58:57.512+0000] {logging_mixin.py:188} INFO - [2025-10-17T03:58:57.512+0000] {dag.py:3096} INFO - Sync 1 DAGs
[2025-10-17T03:58:57.526+0000] {logging_mixin.py:188} INFO - [2025-10-17T03:58:57.526+0000] {dag.py:3954} INFO - Setting next_dagrun for tutorial_dag to None, run_after=None
[2025-10-17T03:58:57.549+0000] {processor.py:183} INFO - Processing /home/airflow/.local/lib/python3.12/site-packages/airflow/example_dags/tutorial_dag.py took 0.067 seconds
[2025-10-17T03:59:28.299+0000] {processor.py:161} INFO - Started process (PID=7519) to work on /home/airflow/.local/lib/python3.12/site-packages/airflow/example_dags/tutorial_dag.py
[2025-10-17T03:59:28.301+0000] {processor.py:830} INFO - Processing file /home/airflow/.local/lib/python3.12/site-packages/airflow/example_dags/tutorial_dag.py for tasks to queue
[2025-10-17T03:59:28.305+0000] {logging_mixin.py:188} INFO - [2025-10-17T03:59:28.304+0000] {dagbag.py:545} INFO - Filling up the DagBag from /home/airflow/.local/lib/python3.12/site-packages/airflow/example_dags/tutorial_dag.py
[2025-10-17T03:59:28.314+0000] {processor.py:840} INFO - DAG(s) 'tutorial_dag' retrieved from /home/airflow/.local/lib/python3.12/site-packages/airflow/example_dags/tutorial_dag.py
[2025-10-17T03:59:28.459+0000] {logging_mixin.py:188} INFO - [2025-10-17T03:59:28.458+0000] {dag.py:3096} INFO - Sync 1 DAGs
[2025-10-17T03:59:28.472+0000] {logging_mixin.py:188} INFO - [2025-10-17T03:59:28.471+0000] {dag.py:3954} INFO - Setting next_dagrun for tutorial_dag to None, run_after=None
[2025-10-17T03:59:28.508+0000] {processor.py:183} INFO - Processing /home/airflow/.local/lib/python3.12/site-packages/airflow/example_dags/tutorial_dag.py took 0.219 seconds
[2025-10-17T03:59:58.600+0000] {processor.py:161} INFO - Started process (PID=7579) to work on /home/airflow/.local/lib/python3.12/site-packages/airflow/example_dags/tutorial_dag.py
[2025-10-17T03:59:58.601+0000] {processor.py:830} INFO - Processing file /home/airflow/.local/lib/python3.12/site-packages/airflow/example_dags/tutorial_dag.py for tasks to queue
[2025-10-17T03:59:58.604+0000] {logging_mixin.py:188} INFO - [2025-10-17T03:59:58.604+0000] {dagbag.py:545} INFO - Filling up the DagBag from /home/airflow/.local/lib/python3.12/site-packages/airflow/example_dags/tutorial_dag.py
[2025-10-17T03:59:58.610+0000] {processor.py:840} INFO - DAG(s) 'tutorial_dag' retrieved from /home/airflow/.local/lib/python3.12/site-packages/airflow/example_dags/tutorial_dag.py
[2025-10-17T03:59:58.635+0000] {logging_mixin.py:188} INFO - [2025-10-17T03:59:58.634+0000] {dag.py:3096} INFO - Sync 1 DAGs
[2025-10-17T03:59:58.649+0000] {logging_mixin.py:188} INFO - [2025-10-17T03:59:58.649+0000] {dag.py:3954} INFO - Setting next_dagrun for tutorial_dag to None, run_after=None
[2025-10-17T03:59:58.670+0000] {processor.py:183} INFO - Processing /home/airflow/.local/lib/python3.12/site-packages/airflow/example_dags/tutorial_dag.py took 0.078 seconds
[2025-10-17T04:00:28.853+0000] {processor.py:161} INFO - Started process (PID=7638) to work on /home/airflow/.local/lib/python3.12/site-packages/airflow/example_dags/tutorial_dag.py
[2025-10-17T04:00:28.854+0000] {processor.py:830} INFO - Processing file /home/airflow/.local/lib/python3.12/site-packages/airflow/example_dags/tutorial_dag.py for tasks to queue
[2025-10-17T04:00:28.857+0000] {logging_mixin.py:188} INFO - [2025-10-17T04:00:28.857+0000] {dagbag.py:545} INFO - Filling up the DagBag from /home/airflow/.local/lib/python3.12/site-packages/airflow/example_dags/tutorial_dag.py
[2025-10-17T04:00:28.864+0000] {processor.py:840} INFO - DAG(s) 'tutorial_dag' retrieved from /home/airflow/.local/lib/python3.12/site-packages/airflow/example_dags/tutorial_dag.py
[2025-10-17T04:00:28.888+0000] {logging_mixin.py:188} INFO - [2025-10-17T04:00:28.888+0000] {dag.py:3096} INFO - Sync 1 DAGs
[2025-10-17T04:00:28.902+0000] {logging_mixin.py:188} INFO - [2025-10-17T04:00:28.902+0000] {dag.py:3954} INFO - Setting next_dagrun for tutorial_dag to None, run_after=None
[2025-10-17T04:00:28.932+0000] {processor.py:183} INFO - Processing /home/airflow/.local/lib/python3.12/site-packages/airflow/example_dags/tutorial_dag.py took 0.085 seconds
[2025-10-17T04:00:59.089+0000] {processor.py:161} INFO - Started process (PID=7698) to work on /home/airflow/.local/lib/python3.12/site-packages/airflow/example_dags/tutorial_dag.py
[2025-10-17T04:00:59.090+0000] {processor.py:830} INFO - Processing file /home/airflow/.local/lib/python3.12/site-packages/airflow/example_dags/tutorial_dag.py for tasks to queue
[2025-10-17T04:00:59.093+0000] {logging_mixin.py:188} INFO - [2025-10-17T04:00:59.092+0000] {dagbag.py:545} INFO - Filling up the DagBag from /home/airflow/.local/lib/python3.12/site-packages/airflow/example_dags/tutorial_dag.py
[2025-10-17T04:00:59.098+0000] {processor.py:840} INFO - DAG(s) 'tutorial_dag' retrieved from /home/airflow/.local/lib/python3.12/site-packages/airflow/example_dags/tutorial_dag.py
[2025-10-17T04:00:59.117+0000] {logging_mixin.py:188} INFO - [2025-10-17T04:00:59.117+0000] {dag.py:3096} INFO - Sync 1 DAGs
[2025-10-17T04:00:59.128+0000] {logging_mixin.py:188} INFO - [2025-10-17T04:00:59.128+0000] {dag.py:3954} INFO - Setting next_dagrun for tutorial_dag to None, run_after=None
[2025-10-17T04:00:59.147+0000] {processor.py:183} INFO - Processing /home/airflow/.local/lib/python3.12/site-packages/airflow/example_dags/tutorial_dag.py took 0.063 seconds
